2026-04-09 16:58:38.877 [INF]  | === ProDesX-HRM Backend Starting (Migrations Rev 5: Explicit Columns) ===
2026-04-09 16:58:39.212 [INF]  | === ProDesX-HRM Backend Starting (Migrations Rev 4: Clean GOs) ===
2026-04-09 16:58:39.399 [INF]  | [DB] Connected to: 103.235.104.197 | proxPayroll
2026-04-09 16:58:39.489 [INF]  | [DB] Database exists. Running migrations.sql...
2026-04-09 16:58:40.632 [WRN]  | [DB] Batch skipped in migrations.sql: Invalid column name 'EmployeeId'.
2026-04-09 16:58:40.653 [WRN]  | [DB] Batch skipped in migrations.sql: Invalid column name 'EmployeeId'.
2026-04-09 16:58:41.484 [WRN]  | [DB] Batch skipped in migrations.sql: 'CREATE/ALTER PROCEDURE' must be the first statement in a query batch.
2026-04-09 16:58:43.932 [INF]  | [DB] Finished running migrations.sql. 151 batches applied, 3 skipped.
2026-04-09 16:58:45.053 [WRN]  | [DB] Procedure apply skipped: Invalid column name 'EmployeeId'.
2026-04-09 16:58:45.190 [WRN]  | [DB] Procedure apply skipped: Invalid column name 'EmployeeId'.
2026-04-09 16:58:47.846 [INF]  | [DB] Procedures refreshed (CREATE OR ALTER). 132 applied, 2 skipped.
2026-04-09 16:58:47.846 [INF]  | [DB] Migrations complete.
2026-04-09 16:58:48.281 [INF]  | === Backend running at http://localhost:5217 ===
2026-04-09 16:58:48.304 [INF] Microsoft.AspNetCore.DataProtection.KeyManagement.XmlKeyManager | User profile is available. Using 'C:\Users\vasanth\AppData\Local\ASP.NET\DataProtection-Keys' as key repository and Windows DPAPI to encrypt keys at rest.
2026-04-09 16:58:48.316 [INF] backend.Services.ShiftScheduleBackgroundService | Shift Schedule Background Service is starting.
2026-04-09 16:58:48.413 [ERR] Microsoft.Extensions.Hosting.Internal.Host | Hosting failed to start
System.IO.IOException: Failed to bind to address http://127.0.0.1:5217: address already in use.
 ---> Microsoft.AspNetCore.Connections.AddressInUseException: Only one usage of each socket address (protocol/network address/port) is normally permitted.
 ---> System.Net.Sockets.SocketException (10048): Only one usage of each socket address (protocol/network address/port) is normally permitted.
   at System.Net.Sockets.Socket.UpdateStatusAfterSocketErrorAndThrowException(SocketError error, Boolean disconnectOnFailure, String callerName)
   at System.Net.Sockets.Socket.DoBind(EndPoint endPointSnapshot, SocketAddress socketAddress)
   at System.Net.Sockets.Socket.Bind(EndPoint localEP)
   at Microsoft.AspNetCore.Server.Kestrel.Transport.Sockets.SocketTransportOptions.CreateDefaultBoundListenSocket(EndPoint endpoint)
   at Microsoft.AspNetCore.Server.Kestrel.Transport.Sockets.SocketConnectionListener.Bind()
   --- End of inner exception stack trace ---
   at Microsoft.AspNetCore.Server.Kestrel.Transport.Sockets.SocketConnectionListener.Bind()
   at Microsoft.AspNetCore.Server.Kestrel.Transport.Sockets.SocketTransportFactory.BindAsync(EndPoint endpoint, CancellationToken cancellationToken)
   at Microsoft.AspNetCore.Server.Kestrel.Core.Internal.Infrastructure.TransportManager.BindAsync(EndPoint endPoint, ConnectionDelegate connectionDelegate, EndpointConfig endpointConfig, CancellationToken cancellationToken)
   at Microsoft.AspNetCore.Server.Kestrel.Core.KestrelServerImpl.<>c__DisplayClass28_0`1.<<StartAsync>g__OnBind|0>d.MoveNext()
--- End of stack trace from previous location ---
   at Microsoft.AspNetCore.Server.Kestrel.Core.Internal.AddressBinder.BindEndpointAsync(ListenOptions endpoint, AddressBindContext context, CancellationToken cancellationToken)
   --- End of inner exception stack trace ---
   at Microsoft.AspNetCore.Server.Kestrel.Core.Internal.AddressBinder.BindEndpointAsync(ListenOptions endpoint, AddressBindContext context, CancellationToken cancellationToken)
   at Microsoft.AspNetCore.Server.Kestrel.Core.LocalhostListenOptions.BindAsync(AddressBindContext context, CancellationToken cancellationToken)
   at Microsoft.AspNetCore.Server.Kestrel.Core.Internal.AddressBinder.AddressesStrategy.BindAsync(AddressBindContext context, CancellationToken cancellationToken)
   at Microsoft.AspNetCore.Server.Kestrel.Core.KestrelServerImpl.BindAsync(CancellationToken cancellationToken)
   at Microsoft.AspNetCore.Server.Kestrel.Core.KestrelServerImpl.StartAsync[TContext](IHttpApplication`1 application, CancellationToken cancellationToken)
   at Microsoft.AspNetCore.Hosting.GenericWebHostService.StartAsync(CancellationToken cancellationToken)
   at Microsoft.Extensions.Hosting.Internal.Host.<StartAsync>b__14_1(IHostedService service, CancellationToken token)
   at Microsoft.Extensions.Hosting.Internal.Host.ForeachService[T](IEnumerable`1 services, CancellationToken token, Boolean concurrent, Boolean abortOnFirstException, List`1 exceptions, Func`3 operation)
2026-04-09 16:58:48.434 [ERR] Microsoft.Extensions.Hosting.Internal.Host | BackgroundService failed
System.Threading.Tasks.TaskCanceledException: A task was canceled.
   at backend.Services.ShiftScheduleBackgroundService.ExecuteAsync(CancellationToken stoppingToken) in C:\Repos_Work\Prodesx_HRM_Mobile_Application\backend\Services\ShiftScheduleBackgroundService.cs:line 32
   at Microsoft.Extensions.Hosting.Internal.Host.TryExecuteBackgroundServiceAsync(BackgroundService backgroundService)
2026-04-09 16:58:48.434 [FTL]  | Backend terminated unexpectedly
System.IO.IOException: Failed to bind to address http://127.0.0.1:5217: address already in use.
 ---> Microsoft.AspNetCore.Connections.AddressInUseException: Only one usage of each socket address (protocol/network address/port) is normally permitted.
 ---> System.Net.Sockets.SocketException (10048): Only one usage of each socket address (protocol/network address/port) is normally permitted.
   at System.Net.Sockets.Socket.UpdateStatusAfterSocketErrorAndThrowException(SocketError error, Boolean disconnectOnFailure, String callerName)
   at System.Net.Sockets.Socket.DoBind(EndPoint endPointSnapshot, SocketAddress socketAddress)
   at System.Net.Sockets.Socket.Bind(EndPoint localEP)
   at Microsoft.AspNetCore.Server.Kestrel.Transport.Sockets.SocketTransportOptions.CreateDefaultBoundListenSocket(EndPoint endpoint)
   at Microsoft.AspNetCore.Server.Kestrel.Transport.Sockets.SocketConnectionListener.Bind()
   --- End of inner exception stack trace ---
   at Microsoft.AspNetCore.Server.Kestrel.Transport.Sockets.SocketConnectionListener.Bind()
   at Microsoft.AspNetCore.Server.Kestrel.Transport.Sockets.SocketTransportFactory.BindAsync(EndPoint endpoint, CancellationToken cancellationToken)
   at Microsoft.AspNetCore.Server.Kestrel.Core.Internal.Infrastructure.TransportManager.BindAsync(EndPoint endPoint, ConnectionDelegate connectionDelegate, EndpointConfig endpointConfig, CancellationToken cancellationToken)
   at Microsoft.AspNetCore.Server.Kestrel.Core.KestrelServerImpl.<>c__DisplayClass28_0`1.<<StartAsync>g__OnBind|0>d.MoveNext()
--- End of stack trace from previous location ---
   at Microsoft.AspNetCore.Server.Kestrel.Core.Internal.AddressBinder.BindEndpointAsync(ListenOptions endpoint, AddressBindContext context, CancellationToken cancellationToken)
   --- End of inner exception stack trace ---
   at Microsoft.AspNetCore.Server.Kestrel.Core.Internal.AddressBinder.BindEndpointAsync(ListenOptions endpoint, AddressBindContext context, CancellationToken cancellationToken)
   at Microsoft.AspNetCore.Server.Kestrel.Core.LocalhostListenOptions.BindAsync(AddressBindContext context, CancellationToken cancellationToken)
   at Microsoft.AspNetCore.Server.Kestrel.Core.Internal.AddressBinder.AddressesStrategy.BindAsync(AddressBindContext context, CancellationToken cancellationToken)
   at Microsoft.AspNetCore.Server.Kestrel.Core.KestrelServerImpl.BindAsync(CancellationToken cancellationToken)
   at Microsoft.AspNetCore.Server.Kestrel.Core.KestrelServerImpl.StartAsync[TContext](IHttpApplication`1 application, CancellationToken cancellationToken)
   at Microsoft.AspNetCore.Hosting.GenericWebHostService.StartAsync(CancellationToken cancellationToken)
   at Microsoft.Extensions.Hosting.Internal.Host.<StartAsync>b__14_1(IHostedService service, CancellationToken token)
   at Microsoft.Extensions.Hosting.Internal.Host.ForeachService[T](IEnumerable`1 services, CancellationToken token, Boolean concurrent, Boolean abortOnFirstException, List`1 exceptions, Func`3 operation)
   at Microsoft.Extensions.Hosting.Internal.Host.StartAsync(CancellationToken cancellationToken)
   at Microsoft.Extensions.Hosting.HostingAbstractionsHostExtensions.RunAsync(IHost host, CancellationToken token)
   at Microsoft.Extensions.Hosting.HostingAbstractionsHostExtensions.RunAsync(IHost host, CancellationToken token)
   at Microsoft.Extensions.Hosting.HostingAbstractionsHostExtensions.Run(IHost host)
   at Program.<Main>$(String[] args) in C:\Repos_Work\Prodesx_HRM_Mobile_Application\backend\Program.cs:line 171
2026-04-09 16:58:48.440 [FTL] Microsoft.Extensions.Hosting.Internal.Host | The HostOptions.BackgroundServiceExceptionBehavior is configured to StopHost. A BackgroundService has thrown an unhandled exception, and the IHost instance is stopping. To avoid this behavior, configure this to Ignore; however the BackgroundService will not be restarted.
System.Threading.Tasks.TaskCanceledException: A task was canceled.
   at backend.Services.ShiftScheduleBackgroundService.ExecuteAsync(CancellationToken stoppingToken) in C:\Repos_Work\Prodesx_HRM_Mobile_Application\backend\Services\ShiftScheduleBackgroundService.cs:line 32
   at Microsoft.Extensions.Hosting.Internal.Host.TryExecuteBackgroundServiceAsync(BackgroundService backgroundService)
2026-04-09 17:23:22.426 [INF]  | === ProDesX-HRM Backend Starting (Migrations Rev 5: Explicit Columns) ===
2026-04-09 17:23:22.650 [INF]  | === ProDesX-HRM Backend Starting (Migrations Rev 4: Clean GOs) ===
2026-04-09 17:23:22.895 [INF]  | [DB] Connected to: 103.235.104.197 | proxPayroll
2026-04-09 17:23:23.112 [INF]  | [DB] Database exists. Running migrations.sql...
2026-04-09 17:23:24.282 [WRN]  | [DB] Batch skipped in migrations.sql: Invalid column name 'EmployeeId'.
2026-04-09 17:23:24.301 [WRN]  | [DB] Batch skipped in migrations.sql: Invalid column name 'EmployeeId'.
2026-04-09 17:23:25.285 [WRN]  | [DB] Batch skipped in migrations.sql: 'CREATE/ALTER PROCEDURE' must be the first statement in a query batch.
2026-04-09 17:23:26.202 [INF]  | [DB] Finished running migrations.sql. 151 batches applied, 3 skipped.
2026-04-09 17:23:26.529 [WRN]  | [DB] Procedure apply skipped: Invalid column name 'EmployeeId'.
2026-04-09 17:23:26.540 [WRN]  | [DB] Procedure apply skipped: Invalid column name 'EmployeeId'.
2026-04-09 17:23:27.857 [INF]  | [DB] Procedures refreshed (CREATE OR ALTER). 132 applied, 2 skipped.
2026-04-09 17:23:27.857 [INF]  | [DB] Migrations complete.
2026-04-09 17:23:28.173 [INF]  | === Backend running at http://localhost:5217 ===
2026-04-09 17:23:28.189 [INF] Microsoft.AspNetCore.DataProtection.KeyManagement.XmlKeyManager | User profile is available. Using 'C:\Users\vasanth\AppData\Local\ASP.NET\DataProtection-Keys' as key repository and Windows DPAPI to encrypt keys at rest.
2026-04-09 17:23:28.197 [INF] backend.Services.ShiftScheduleBackgroundService | Shift Schedule Background Service is starting.
2026-04-09 17:23:28.278 [INF] Microsoft.Hosting.Lifetime | Now listening on: http://localhost:5217
2026-04-09 17:23:28.279 [INF] Microsoft.Hosting.Lifetime | Application started. Press Ctrl+C to shut down.
2026-04-09 17:23:28.279 [INF] Microsoft.Hosting.Lifetime | Hosting environment: Development
2026-04-09 17:23:28.279 [INF] Microsoft.Hosting.Lifetime | Content root path: C:\Repos_Work\Prodesx_HRM_Mobile_Application\backend
2026-04-09 17:23:38.201 [INF] backend.Services.ShiftScheduleBackgroundService | Shift Schedule Background Service is running...
2026-04-09 17:23:39.940 [INF] backend.Services.ShiftScheduleBackgroundService | Shift Schedule Background Service completed. Inserted 0 new schedules for the rolling 30-day window.
2026-04-09 17:30:10.657 [INF] Microsoft.AspNetCore.Hosting.Diagnostics | Request starting HTTP/1.1 OPTIONS http://localhost:5217/hubs/salarysettings/negotiate?negotiateVersion=1 - null null
2026-04-09 17:30:10.722 [INF] Microsoft.AspNetCore.Cors.Infrastructure.CorsService | CORS policy execution successful.
2026-04-09 17:30:10.732 [INF] Microsoft.AspNetCore.Hosting.Diagnostics | Request finished HTTP/1.1 OPTIONS http://localhost:5217/hubs/salarysettings/negotiate?negotiateVersion=1 - 204 null null 78.5037ms
2026-04-09 17:30:10.737 [INF] Microsoft.AspNetCore.Hosting.Diagnostics | Request starting HTTP/1.1 POST http://localhost:5217/hubs/salarysettings/negotiate?negotiateVersion=1 - text/plain;charset=UTF-8 0
2026-04-09 17:30:10.743 [INF] Microsoft.AspNetCore.Cors.Infrastructure.CorsService | CORS policy execution successful.
2026-04-09 17:30:10.769 [WRN] Microsoft.AspNetCore.HttpsPolicy.HttpsRedirectionMiddleware | Failed to determine the https port for redirect.
2026-04-09 17:30:10.891 [INF] Microsoft.AspNetCore.Routing.EndpointMiddleware | Executing endpoint '/hubs/salarysettings/negotiate'
2026-04-09 17:30:10.899 [INF] Microsoft.AspNetCore.Routing.EndpointMiddleware | Executed endpoint '/hubs/salarysettings/negotiate'
2026-04-09 17:30:10.902 [INF] Serilog.AspNetCore.RequestLoggingMiddleware | HTTP POST /hubs/salarysettings/negotiate → 200 (11.0ms)
2026-04-09 17:30:10.904 [INF] Microsoft.AspNetCore.Hosting.Diagnostics | Request finished HTTP/1.1 POST http://localhost:5217/hubs/salarysettings/negotiate?negotiateVersion=1 - 200 316 application/json 167.9029ms
2026-04-09 17:30:10.938 [INF] Microsoft.AspNetCore.Hosting.Diagnostics | Request starting HTTP/1.1 GET http://localhost:5217/hubs/salarysettings?id=p2sjOrUv-_i30gFMYw4yuw&access_token=eyJhbGciOiJIUzI1NiIsInR5cCI6IkpXVCJ9.eyJuYW1laWQiOiIxOCIsInVuaXF1ZV9uYW1lIjoidmFzYW50aGFrdW1hciIsImVtYWlsIjoidmFzYW50aDIwMDR2a0BnbWFpbC5jb20iLCJyb2xlIjoiU3VwZXJBZG1pbiIsIk9yZ2FuaXphdGlvbklkIjoiMiIsIk9yZ2FuaXphdGlvbkxvZ28iOiIvdXBsb2Fkcy9vcmctbG9nb3Mvb3JnLWxvZ28tNTg3M2M0NzVkOTFkNGJiZDkwNDZkZWVjNjY3ZDEzNmMuanBnIiwibmJmIjoxNzc1NzM0NTc3LCJleHAiOjE3NzU4MjA5NzcsImlhdCI6MTc3NTczNDU3NywiaXNzIjoiUHJvRGVzWC1CYWNrZW5kIiwiYXVkIjoiUHJvRGVzWC1Gcm9udGVuZCJ9.MULDU_F7LEVM-BWG_7Qa_uVGYmnIkr3f3XqW2U01OZE - null null
2026-04-09 17:30:10.941 [INF] Microsoft.AspNetCore.Cors.Infrastructure.CorsService | CORS policy execution successful.
2026-04-09 17:30:10.945 [INF] Microsoft.AspNetCore.Routing.EndpointMiddleware | Executing endpoint '/hubs/salarysettings'
2026-04-09 17:30:11.846 [INF] Microsoft.AspNetCore.Routing.EndpointMiddleware | Executed endpoint '/hubs/salarysettings'
2026-04-09 17:30:11.847 [INF] Serilog.AspNetCore.RequestLoggingMiddleware | HTTP GET /hubs/salarysettings → 101 (902.1ms)
2026-04-09 17:30:11.850 [INF] Microsoft.AspNetCore.Hosting.Diagnostics | Request finished HTTP/1.1 GET http://localhost:5217/hubs/salarysettings?id=p2sjOrUv-_i30gFMYw4yuw&access_token=eyJhbGciOiJIUzI1NiIsInR5cCI6IkpXVCJ9.eyJuYW1laWQiOiIxOCIsInVuaXF1ZV9uYW1lIjoidmFzYW50aGFrdW1hciIsImVtYWlsIjoidmFzYW50aDIwMDR2a0BnbWFpbC5jb20iLCJyb2xlIjoiU3VwZXJBZG1pbiIsIk9yZ2FuaXphdGlvbklkIjoiMiIsIk9yZ2FuaXphdGlvbkxvZ28iOiIvdXBsb2Fkcy9vcmctbG9nb3Mvb3JnLWxvZ28tNTg3M2M0NzVkOTFkNGJiZDkwNDZkZWVjNjY3ZDEzNmMuanBnIiwibmJmIjoxNzc1NzM0NTc3LCJleHAiOjE3NzU4MjA5NzcsImlhdCI6MTc3NTczNDU3NywiaXNzIjoiUHJvRGVzWC1CYWNrZW5kIiwiYXVkIjoiUHJvRGVzWC1Gcm9udGVuZCJ9.MULDU_F7LEVM-BWG_7Qa_uVGYmnIkr3f3XqW2U01OZE - 101 null null 912.5797ms
2026-04-09 17:30:36.837 [INF] Microsoft.AspNetCore.Hosting.Diagnostics | Request starting HTTP/1.1 OPTIONS http://localhost:5217/api/auth/login - null null
2026-04-09 17:30:36.838 [INF] Microsoft.AspNetCore.Cors.Infrastructure.CorsService | CORS policy execution successful.
2026-04-09 17:30:36.838 [INF] Microsoft.AspNetCore.Hosting.Diagnostics | Request finished HTTP/1.1 OPTIONS http://localhost:5217/api/auth/login - 204 null null 0.615ms
2026-04-09 17:30:36.839 [INF] Microsoft.AspNetCore.Hosting.Diagnostics | Request starting HTTP/1.1 POST http://localhost:5217/api/auth/login - application/json 62
2026-04-09 17:30:36.844 [INF] Microsoft.AspNetCore.Cors.Infrastructure.CorsService | CORS policy execution successful.
2026-04-09 17:30:36.849 [INF] Microsoft.AspNetCore.Routing.EndpointMiddleware | Executing endpoint 'backend.Controllers.AuthController.Login (backend)'
2026-04-09 17:30:36.874 [INF] Microsoft.AspNetCore.Mvc.Infrastructure.ControllerActionInvoker | Route matched with {action = "Login", controller = "Auth"}. Executing controller action with signature System.Threading.Tasks.Task`1[Microsoft.AspNetCore.Mvc.IActionResult] Login(backend.Models.LoginRequest) on controller backend.Controllers.AuthController (backend).
2026-04-09 17:30:36.926 [INF] backend.Controllers.AuthController | [Auth] Login attempt | Email=vasanth2004vk@gmail.com
2026-04-09 17:30:37.592 [INF] backend.Controllers.AuthController | [Auth] User login session recorded | UserId=18 | TokenExpiry="2026-04-10T12:00:37.5399294Z"
2026-04-09 17:30:37.593 [INF] backend.Controllers.AuthController | [Auth] Login SUCCESS | Email=vasanth2004vk@gmail.com | EffectiveRole=SuperAdmin | OrgId=2
2026-04-09 17:30:37.601 [INF] Microsoft.AspNetCore.Mvc.Infrastructure.ObjectResultExecutor | Executing OkObjectResult, writing value of type '<>f__AnonymousType23`2[[System.String, System.Private.CoreLib, Version=10.0.0.0, Culture=neutral, PublicKeyToken=7cec85d7bea7798e],[<>f__AnonymousType24`6[[System.Int32, System.Private.CoreLib, Version=10.0.0.0, Culture=neutral, PublicKeyToken=7cec85d7bea7798e],[System.String, System.Private.CoreLib, Version=10.0.0.0, Culture=neutral, PublicKeyToken=7cec85d7bea7798e],[System.String, System.Private.CoreLib, Version=10.0.0.0, Culture=neutral, PublicKeyToken=7cec85d7bea7798e],[System.String, System.Private.CoreLib, Version=10.0.0.0, Culture=neutral, PublicKeyToken=7cec85d7bea7798e],[System.Nullable`1[[System.Int32, System.Private.CoreLib, Version=10.0.0.0, Culture=neutral, PublicKeyToken=7cec85d7bea7798e]], System.Private.CoreLib, Version=10.0.0.0, Culture=neutral, PublicKeyToken=7cec85d7bea7798e],[System.String, System.Private.CoreLib, Version=10.0.0.0, Culture=neutral, PublicKeyToken=7cec85d7bea7798e]], backend, Version=1.0.0.0, Culture=neutral, PublicKeyToken=null]]'.
2026-04-09 17:30:37.630 [INF] Microsoft.AspNetCore.Mvc.Infrastructure.ControllerActionInvoker | Executed action backend.Controllers.AuthController.Login (backend) in 749.9108ms
2026-04-09 17:30:37.630 [INF] Microsoft.AspNetCore.Routing.EndpointMiddleware | Executed endpoint 'backend.Controllers.AuthController.Login (backend)'
2026-04-09 17:30:37.630 [INF] Serilog.AspNetCore.RequestLoggingMiddleware | HTTP POST /api/auth/login → 200 (781.0ms)
2026-04-09 17:30:37.630 [INF] Microsoft.AspNetCore.Hosting.Diagnostics | Request finished HTTP/1.1 POST http://localhost:5217/api/auth/login - 200 null application/json; charset=utf-8 791.5546ms
2026-04-09 17:30:37.647 [INF] Microsoft.AspNetCore.Hosting.Diagnostics | Request starting HTTP/1.1 OPTIONS http://localhost:5217/api/users/organizations - null null
2026-04-09 17:30:37.647 [INF] Microsoft.AspNetCore.Cors.Infrastructure.CorsService | CORS policy execution successful.
2026-04-09 17:30:37.647 [INF] Microsoft.AspNetCore.Hosting.Diagnostics | Request finished HTTP/1.1 OPTIONS http://localhost:5217/api/users/organizations - 204 null null 0.4034ms
2026-04-09 17:30:37.649 [INF] Microsoft.AspNetCore.Hosting.Diagnostics | Request starting HTTP/1.1 GET http://localhost:5217/api/users/organizations - null null
2026-04-09 17:30:37.650 [INF] Microsoft.AspNetCore.Cors.Infrastructure.CorsService | CORS policy execution successful.
2026-04-09 17:30:37.655 [INF] Microsoft.AspNetCore.Routing.EndpointMiddleware | Executing endpoint 'backend.Controllers.UsersController.GetOrganizations (backend)'
2026-04-09 17:30:37.664 [INF] Microsoft.AspNetCore.Mvc.Infrastructure.ControllerActionInvoker | Route matched with {action = "GetOrganizations", controller = "Users"}. Executing controller action with signature System.Threading.Tasks.Task`1[Microsoft.AspNetCore.Mvc.IActionResult] GetOrganizations() on controller backend.Controllers.UsersController (backend).
2026-04-09 17:30:37.666 [INF] backend.Controllers.UsersController | [Users] GET organizations | Role=SuperAdmin | UserId=18
2026-04-09 17:30:37.690 [INF] Microsoft.AspNetCore.Mvc.Infrastructure.ObjectResultExecutor | Executing OkObjectResult, writing value of type 'System.Collections.Generic.List`1[[backend.Models.Organization, backend, Version=1.0.0.0, Culture=neutral, PublicKeyToken=null]]'.
2026-04-09 17:30:37.709 [INF] Microsoft.AspNetCore.Mvc.Infrastructure.ControllerActionInvoker | Executed action backend.Controllers.UsersController.GetOrganizations (backend) in 45.5542ms
2026-04-09 17:30:37.710 [INF] Microsoft.AspNetCore.Routing.EndpointMiddleware | Executed endpoint 'backend.Controllers.UsersController.GetOrganizations (backend)'
2026-04-09 17:30:37.710 [INF] Serilog.AspNetCore.RequestLoggingMiddleware | HTTP GET /api/users/organizations → 200 (54.8ms)
2026-04-09 17:30:37.710 [INF] Microsoft.AspNetCore.Hosting.Diagnostics | Request finished HTTP/1.1 GET http://localhost:5217/api/users/organizations - 200 null application/json; charset=utf-8 61.0636ms
2026-04-09 17:30:38.086 [INF] Microsoft.AspNetCore.Hosting.Diagnostics | Request starting HTTP/1.1 GET http://localhost:5217/uploads/org-logos/org-logo-5873c475d91d4bbd9046deec667d136c.jpg - null null
2026-04-09 17:30:38.087 [INF] Microsoft.AspNetCore.Cors.Infrastructure.CorsService | CORS policy execution successful.
2026-04-09 17:30:38.096 [INF] Microsoft.AspNetCore.StaticFiles.StaticFileMiddleware | The file /uploads/org-logos/org-logo-5873c475d91d4bbd9046deec667d136c.jpg was not modified
2026-04-09 17:30:38.096 [INF] Microsoft.AspNetCore.Hosting.Diagnostics | Request finished HTTP/1.1 GET http://localhost:5217/uploads/org-logos/org-logo-5873c475d91d4bbd9046deec667d136c.jpg - 304 null image/jpeg 9.9518ms
2026-04-09 17:30:38.114 [INF] Microsoft.AspNetCore.Hosting.Diagnostics | Request starting HTTP/1.1 OPTIONS http://localhost:5217/api/organizations - null null
2026-04-09 17:30:38.114 [INF] Microsoft.AspNetCore.Cors.Infrastructure.CorsService | CORS policy execution successful.
2026-04-09 17:30:38.114 [INF] Microsoft.AspNetCore.Hosting.Diagnostics | Request finished HTTP/1.1 OPTIONS http://localhost:5217/api/organizations - 204 null null 0.2699ms
2026-04-09 17:30:38.115 [INF] Microsoft.AspNetCore.Hosting.Diagnostics | Request starting HTTP/1.1 GET http://localhost:5217/api/organizations - application/json null
2026-04-09 17:30:38.115 [INF] Microsoft.AspNetCore.Cors.Infrastructure.CorsService | CORS policy execution successful.
2026-04-09 17:30:38.117 [INF] Microsoft.AspNetCore.Routing.EndpointMiddleware | Executing endpoint 'backend.Controllers.OrganizationsController.GetOrganizations (backend)'
2026-04-09 17:30:38.124 [INF] Microsoft.AspNetCore.Mvc.Infrastructure.ControllerActionInvoker | Route matched with {action = "GetOrganizations", controller = "Organizations"}. Executing controller action with signature System.Threading.Tasks.Task`1[Microsoft.AspNetCore.Mvc.IActionResult] GetOrganizations() on controller backend.Controllers.OrganizationsController (backend).
2026-04-09 17:30:38.127 [INF] backend.Controllers.OrganizationsController | [Orgs] GET all requested | Role=SuperAdmin | UserId=18
2026-04-09 17:30:38.139 [INF] Microsoft.AspNetCore.Mvc.Infrastructure.ObjectResultExecutor | Executing OkObjectResult, writing value of type 'System.Collections.Generic.List`1[[backend.Models.Organization, backend, Version=1.0.0.0, Culture=neutral, PublicKeyToken=null]]'.
2026-04-09 17:30:38.139 [INF] Microsoft.AspNetCore.Mvc.Infrastructure.ControllerActionInvoker | Executed action backend.Controllers.OrganizationsController.GetOrganizations (backend) in 14.6749ms
2026-04-09 17:30:38.139 [INF] Microsoft.AspNetCore.Routing.EndpointMiddleware | Executed endpoint 'backend.Controllers.OrganizationsController.GetOrganizations (backend)'
2026-04-09 17:30:38.139 [INF] Serilog.AspNetCore.RequestLoggingMiddleware | HTTP GET /api/organizations → 200 (21.9ms)
2026-04-09 17:30:38.139 [INF] Microsoft.AspNetCore.Hosting.Diagnostics | Request finished HTTP/1.1 GET http://localhost:5217/api/organizations - 200 null application/json; charset=utf-8 23.9676ms
2026-04-09 17:30:38.155 [INF] Microsoft.AspNetCore.Hosting.Diagnostics | Request starting HTTP/1.1 OPTIONS http://localhost:5217/api/leads - null null
2026-04-09 17:30:38.155 [INF] Microsoft.AspNetCore.Cors.Infrastructure.CorsService | CORS policy execution successful.
2026-04-09 17:30:38.155 [INF] Microsoft.AspNetCore.Hosting.Diagnostics | Request finished HTTP/1.1 OPTIONS http://localhost:5217/api/leads - 204 null null 0.3901ms
2026-04-09 17:30:38.157 [INF] Microsoft.AspNetCore.Hosting.Diagnostics | Request starting HTTP/1.1 GET http://localhost:5217/api/leads - application/json null
2026-04-09 17:30:38.157 [INF] Microsoft.AspNetCore.Cors.Infrastructure.CorsService | CORS policy execution successful.
2026-04-09 17:30:38.159 [INF] Microsoft.AspNetCore.Routing.EndpointMiddleware | Executing endpoint 'backend.Controllers.LeadsController.GetLeads (backend)'
2026-04-09 17:30:38.166 [INF] Microsoft.AspNetCore.Mvc.Infrastructure.ControllerActionInvoker | Route matched with {action = "GetLeads", controller = "Leads"}. Executing controller action with signature System.Threading.Tasks.Task`1[System.Collections.Generic.IEnumerable`1[backend.Models.Lead]] GetLeads() on controller backend.Controllers.LeadsController (backend).
2026-04-09 17:30:38.199 [INF] Microsoft.AspNetCore.Mvc.Infrastructure.ObjectResultExecutor | Executing ObjectResult, writing value of type 'System.Collections.Generic.List`1[[backend.Models.Lead, backend, Version=1.0.0.0, Culture=neutral, PublicKeyToken=null]]'.
2026-04-09 17:30:38.208 [INF] Microsoft.AspNetCore.Mvc.Infrastructure.ControllerActionInvoker | Executed action backend.Controllers.LeadsController.GetLeads (backend) in 41.8219ms
2026-04-09 17:30:38.208 [INF] Microsoft.AspNetCore.Routing.EndpointMiddleware | Executed endpoint 'backend.Controllers.LeadsController.GetLeads (backend)'
2026-04-09 17:30:38.208 [INF] Serilog.AspNetCore.RequestLoggingMiddleware | HTTP GET /api/leads → 200 (48.9ms)
2026-04-09 17:30:38.208 [INF] Microsoft.AspNetCore.Hosting.Diagnostics | Request finished HTTP/1.1 GET http://localhost:5217/api/leads - 200 null application/json; charset=utf-8 51.5471ms
2026-04-09 17:30:38.232 [INF] Microsoft.AspNetCore.Hosting.Diagnostics | Request starting HTTP/1.1 OPTIONS http://localhost:5217/api/employees?organizationId=2 - null null
2026-04-09 17:30:38.232 [INF] Microsoft.AspNetCore.Cors.Infrastructure.CorsService | CORS policy execution successful.
2026-04-09 17:30:38.232 [INF] Microsoft.AspNetCore.Hosting.Diagnostics | Request finished HTTP/1.1 OPTIONS http://localhost:5217/api/employees?organizationId=2 - 204 null null 0.3153ms
2026-04-09 17:30:38.233 [INF] Microsoft.AspNetCore.Hosting.Diagnostics | Request starting HTTP/1.1 GET http://localhost:5217/api/employees?organizationId=2 - application/json null
2026-04-09 17:30:38.233 [INF] Microsoft.AspNetCore.Cors.Infrastructure.CorsService | CORS policy execution successful.
2026-04-09 17:30:38.234 [INF] Microsoft.AspNetCore.Routing.EndpointMiddleware | Executing endpoint 'backend.Controllers.EmployeesController.GetEmployees (backend)'
2026-04-09 17:30:38.241 [INF] Microsoft.AspNetCore.Mvc.Infrastructure.ControllerActionInvoker | Route matched with {action = "GetEmployees", controller = "Employees"}. Executing controller action with signature System.Threading.Tasks.Task`1[Microsoft.AspNetCore.Mvc.IActionResult] GetEmployees(System.Nullable`1[System.Int32]) on controller backend.Controllers.EmployeesController (backend).
2026-04-09 17:30:38.245 [INF] backend.Controllers.EmployeesController | [Employees] GET all | TargetOrgId=2 | UserOrgId=2
2026-04-09 17:30:38.298 [INF] Microsoft.AspNetCore.Mvc.Infrastructure.ObjectResultExecutor | Executing OkObjectResult, writing value of type 'System.Collections.Generic.List`1[[backend.Models.Employee, backend, Version=1.0.0.0, Culture=neutral, PublicKeyToken=null]]'.
2026-04-09 17:30:38.316 [INF] Microsoft.AspNetCore.Mvc.Infrastructure.ControllerActionInvoker | Executed action backend.Controllers.EmployeesController.GetEmployees (backend) in 75.1532ms
2026-04-09 17:30:38.316 [INF] Microsoft.AspNetCore.Routing.EndpointMiddleware | Executed endpoint 'backend.Controllers.EmployeesController.GetEmployees (backend)'
2026-04-09 17:30:38.316 [INF] Serilog.AspNetCore.RequestLoggingMiddleware | HTTP GET /api/employees → 200 (82.4ms)
2026-04-09 17:30:38.316 [INF] Microsoft.AspNetCore.Hosting.Diagnostics | Request finished HTTP/1.1 GET http://localhost:5217/api/employees?organizationId=2 - 200 null application/json; charset=utf-8 82.9655ms
2026-04-09 17:30:38.322 [INF] Microsoft.AspNetCore.Hosting.Diagnostics | Request starting HTTP/1.1 OPTIONS http://localhost:5217/api/ShiftAssignments/roster?start=2026-04-09&end=2026-04-16&orgId=2 - null null
2026-04-09 17:30:38.322 [INF] Microsoft.AspNetCore.Cors.Infrastructure.CorsService | CORS policy execution successful.
2026-04-09 17:30:38.323 [INF] Microsoft.AspNetCore.Hosting.Diagnostics | Request finished HTTP/1.1 OPTIONS http://localhost:5217/api/ShiftAssignments/roster?start=2026-04-09&end=2026-04-16&orgId=2 - 204 null null 0.3352ms
2026-04-09 17:30:38.324 [INF] Microsoft.AspNetCore.Hosting.Diagnostics | Request starting HTTP/1.1 GET http://localhost:5217/api/ShiftAssignments/roster?start=2026-04-09&end=2026-04-16&orgId=2 - application/json null
2026-04-09 17:30:38.325 [INF] Microsoft.AspNetCore.Cors.Infrastructure.CorsService | CORS policy execution successful.
2026-04-09 17:30:38.326 [INF] Microsoft.AspNetCore.Routing.EndpointMiddleware | Executing endpoint 'backend.Controllers.ShiftAssignmentsController.GetMonthlyRosterFixed (backend)'
2026-04-09 17:30:38.332 [INF] Microsoft.AspNetCore.Hosting.Diagnostics | Request starting HTTP/1.1 GET http://localhost:5217/uploads/employee-photos/emp-31.jpg - null null
2026-04-09 17:30:38.332 [INF] Microsoft.AspNetCore.Cors.Infrastructure.CorsService | CORS policy execution successful.
2026-04-09 17:30:38.333 [INF] Microsoft.AspNetCore.StaticFiles.StaticFileMiddleware | The file /uploads/employee-photos/emp-31.jpg was not modified
2026-04-09 17:30:38.333 [INF] Microsoft.AspNetCore.Hosting.Diagnostics | Request finished HTTP/1.1 GET http://localhost:5217/uploads/employee-photos/emp-31.jpg - 304 null image/jpeg 0.8135ms
2026-04-09 17:30:38.334 [INF] Microsoft.AspNetCore.Mvc.Infrastructure.ControllerActionInvoker | Route matched with {action = "GetMonthlyRosterFixed", controller = "ShiftAssignments"}. Executing controller action with signature System.Threading.Tasks.Task`1[Microsoft.AspNetCore.Mvc.IActionResult] GetMonthlyRosterFixed(System.String, System.String, System.Nullable`1[System.Int32]) on controller backend.Controllers.ShiftAssignmentsController (backend).
2026-04-09 17:30:38.380 [INF] Microsoft.AspNetCore.Mvc.Infrastructure.ObjectResultExecutor | Executing OkObjectResult, writing value of type 'System.Collections.Generic.List`1[[backend.Models.EmployeeSchedule, backend, Version=1.0.0.0, Culture=neutral, PublicKeyToken=null]]'.
2026-04-09 17:30:38.385 [INF] Microsoft.AspNetCore.Mvc.Infrastructure.ControllerActionInvoker | Executed action backend.Controllers.ShiftAssignmentsController.GetMonthlyRosterFixed (backend) in 50.3922ms
2026-04-09 17:30:38.385 [INF] Microsoft.AspNetCore.Routing.EndpointMiddleware | Executed endpoint 'backend.Controllers.ShiftAssignmentsController.GetMonthlyRosterFixed (backend)'
2026-04-09 17:30:38.385 [INF] Serilog.AspNetCore.RequestLoggingMiddleware | HTTP GET /api/ShiftAssignments/roster → 200 (59.4ms)
2026-04-09 17:30:38.385 [INF] Microsoft.AspNetCore.Hosting.Diagnostics | Request finished HTTP/1.1 GET http://localhost:5217/api/ShiftAssignments/roster?start=2026-04-09&end=2026-04-16&orgId=2 - 200 null application/json; charset=utf-8 61.0536ms
2026-04-09 17:30:38.390 [INF] Microsoft.AspNetCore.Hosting.Diagnostics | Request starting HTTP/1.1 OPTIONS http://localhost:5217/api/Attendance/status?employeeId=31&orgId=2 - null null
2026-04-09 17:30:38.390 [INF] Microsoft.AspNetCore.Cors.Infrastructure.CorsService | CORS policy execution successful.
2026-04-09 17:30:38.390 [INF] Microsoft.AspNetCore.Hosting.Diagnostics | Request finished HTTP/1.1 OPTIONS http://localhost:5217/api/Attendance/status?employeeId=31&orgId=2 - 204 null null 0.3333ms
2026-04-09 17:30:38.392 [INF] Microsoft.AspNetCore.Hosting.Diagnostics | Request starting HTTP/1.1 GET http://localhost:5217/api/Attendance/status?employeeId=31&orgId=2 - application/json null
2026-04-09 17:30:38.393 [INF] Microsoft.AspNetCore.Cors.Infrastructure.CorsService | CORS policy execution successful.
2026-04-09 17:30:38.394 [INF] Microsoft.AspNetCore.Routing.EndpointMiddleware | Executing endpoint 'backend.Controllers.AttendanceController.GetStatus (backend)'
2026-04-09 17:30:38.401 [INF] Microsoft.AspNetCore.Mvc.Infrastructure.ControllerActionInvoker | Route matched with {action = "GetStatus", controller = "Attendance"}. Executing controller action with signature System.Threading.Tasks.Task`1[Microsoft.AspNetCore.Mvc.IActionResult] GetStatus(Int32, Int32) on controller backend.Controllers.AttendanceController (backend).
2026-04-09 17:30:38.423 [ERR] backend.Controllers.AttendanceController | Error getting attendance status
Microsoft.Data.SqlClient.SqlException (0x80131904): Invalid column name 'FN'.
Invalid column name 'AN'.
   at System.Threading.Tasks.ContinuationResultTaskFromResultTask`2.InnerInvoke()
   at System.Threading.ExecutionContext.RunInternal(ExecutionContext executionContext, ContextCallback callback, Object state)
--- End of stack trace from previous location ---
   at System.Threading.ExecutionContext.RunInternal(ExecutionContext executionContext, ContextCallback callback, Object state)
   at System.Threading.Tasks.Task.ExecuteWithThreadLocal(Task& currentTaskSlot, Thread threadPoolThread)
--- End of stack trace from previous location ---
   at Dapper.SqlMapper.QueryRowAsync[T](IDbConnection cnn, Row row, Type effectiveType, CommandDefinition command) in /_/Dapper/SqlMapper.Async.cs:line 489
   at backend.Controllers.AttendanceController.GetStatus(Int32 employeeId, Int32 orgId) in C:\Repos_Work\Prodesx_HRM_Mobile_Application\backend\Controllers\AttendanceController.cs:line 235
ClientConnectionId:8650df7c-9ef5-485b-b074-830175ebcaa0
Error Number:207,State:1,Class:16
2026-04-09 17:30:38.453 [INF] Microsoft.AspNetCore.Mvc.Infrastructure.ObjectResultExecutor | Executing ObjectResult, writing value of type 'System.String'.
2026-04-09 17:30:38.454 [INF] Microsoft.AspNetCore.Mvc.Infrastructure.ControllerActionInvoker | Executed action backend.Controllers.AttendanceController.GetStatus (backend) in 52.8134ms
2026-04-09 17:30:38.454 [INF] Microsoft.AspNetCore.Routing.EndpointMiddleware | Executed endpoint 'backend.Controllers.AttendanceController.GetStatus (backend)'
2026-04-09 17:30:38.454 [ERR] Serilog.AspNetCore.RequestLoggingMiddleware | HTTP GET /api/Attendance/status → 500 (60.1ms)
2026-04-09 17:30:38.455 [INF] Microsoft.AspNetCore.Hosting.Diagnostics | Request finished HTTP/1.1 GET http://localhost:5217/api/Attendance/status?employeeId=31&orgId=2 - 500 null text/plain; charset=utf-8 63.4785ms
2026-04-09 17:30:42.122 [INF] Microsoft.AspNetCore.Hosting.Diagnostics | Request starting HTTP/1.1 OPTIONS http://localhost:5217/api/Organizations - null null
2026-04-09 17:30:42.122 [INF] Microsoft.AspNetCore.Cors.Infrastructure.CorsService | CORS policy execution successful.
2026-04-09 17:30:42.123 [INF] Microsoft.AspNetCore.Hosting.Diagnostics | Request finished HTTP/1.1 OPTIONS http://localhost:5217/api/Organizations - 204 null null 0.5227ms
2026-04-09 17:30:42.124 [INF] Microsoft.AspNetCore.Hosting.Diagnostics | Request starting HTTP/1.1 GET http://localhost:5217/api/Organizations - null null
2026-04-09 17:30:42.124 [INF] Microsoft.AspNetCore.Cors.Infrastructure.CorsService | CORS policy execution successful.
2026-04-09 17:30:42.124 [INF] Microsoft.AspNetCore.Routing.EndpointMiddleware | Executing endpoint 'backend.Controllers.OrganizationsController.GetOrganizations (backend)'
2026-04-09 17:30:42.124 [INF] Microsoft.AspNetCore.Mvc.Infrastructure.ControllerActionInvoker | Route matched with {action = "GetOrganizations", controller = "Organizations"}. Executing controller action with signature System.Threading.Tasks.Task`1[Microsoft.AspNetCore.Mvc.IActionResult] GetOrganizations() on controller backend.Controllers.OrganizationsController (backend).
2026-04-09 17:30:42.124 [INF] backend.Controllers.OrganizationsController | [Orgs] GET all requested | Role=SuperAdmin | UserId=18
2026-04-09 17:30:42.137 [INF] Microsoft.AspNetCore.Mvc.Infrastructure.ObjectResultExecutor | Executing OkObjectResult, writing value of type 'System.Collections.Generic.List`1[[backend.Models.Organization, backend, Version=1.0.0.0, Culture=neutral, PublicKeyToken=null]]'.
2026-04-09 17:30:42.137 [INF] Microsoft.AspNetCore.Mvc.Infrastructure.ControllerActionInvoker | Executed action backend.Controllers.OrganizationsController.GetOrganizations (backend) in 12.7144ms
2026-04-09 17:30:42.137 [INF] Microsoft.AspNetCore.Routing.EndpointMiddleware | Executed endpoint 'backend.Controllers.OrganizationsController.GetOrganizations (backend)'
2026-04-09 17:30:42.137 [INF] Serilog.AspNetCore.RequestLoggingMiddleware | HTTP GET /api/Organizations → 200 (13.0ms)
2026-04-09 17:30:42.137 [INF] Microsoft.AspNetCore.Hosting.Diagnostics | Request finished HTTP/1.1 GET http://localhost:5217/api/Organizations - 200 null application/json; charset=utf-8 13.5657ms
2026-04-09 17:30:42.152 [INF] Microsoft.AspNetCore.Hosting.Diagnostics | Request starting HTTP/1.1 OPTIONS http://localhost:5217/api/SalaryYear/GetSalaryYearsByOrgId?orgId=2 - null null
2026-04-09 17:30:42.152 [INF] Microsoft.AspNetCore.Cors.Infrastructure.CorsService | CORS policy execution successful.
2026-04-09 17:30:42.152 [INF] Microsoft.AspNetCore.Hosting.Diagnostics | Request finished HTTP/1.1 OPTIONS http://localhost:5217/api/SalaryYear/GetSalaryYearsByOrgId?orgId=2 - 204 null null 0.2748ms
2026-04-09 17:30:42.153 [INF] Microsoft.AspNetCore.Hosting.Diagnostics | Request starting HTTP/1.1 GET http://localhost:5217/api/SalaryYear/GetSalaryYearsByOrgId?orgId=2 - application/json null
2026-04-09 17:30:42.155 [INF] Microsoft.AspNetCore.Cors.Infrastructure.CorsService | CORS policy execution successful.
2026-04-09 17:30:42.155 [INF] Microsoft.AspNetCore.Routing.EndpointMiddleware | Executing endpoint 'backend.Controllers.SalaryYearController.GetSalaryYearsByOrgId (backend)'
2026-04-09 17:30:42.162 [INF] Microsoft.AspNetCore.Mvc.Infrastructure.ControllerActionInvoker | Route matched with {action = "GetSalaryYearsByOrgId", controller = "SalaryYear"}. Executing controller action with signature System.Threading.Tasks.Task`1[Microsoft.AspNetCore.Mvc.IActionResult] GetSalaryYearsByOrgId(System.String) on controller backend.Controllers.SalaryYearController (backend).
2026-04-09 17:30:42.187 [INF] Microsoft.AspNetCore.Mvc.Infrastructure.ObjectResultExecutor | Executing OkObjectResult, writing value of type 'System.Collections.Generic.List`1[[backend.Models.SalaryYear, backend, Version=1.0.0.0, Culture=neutral, PublicKeyToken=null]]'.
2026-04-09 17:30:42.190 [INF] Microsoft.AspNetCore.Mvc.Infrastructure.ControllerActionInvoker | Executed action backend.Controllers.SalaryYearController.GetSalaryYearsByOrgId (backend) in 27.7409ms
2026-04-09 17:30:42.190 [INF] Microsoft.AspNetCore.Routing.EndpointMiddleware | Executed endpoint 'backend.Controllers.SalaryYearController.GetSalaryYearsByOrgId (backend)'
2026-04-09 17:30:42.190 [INF] Serilog.AspNetCore.RequestLoggingMiddleware | HTTP GET /api/SalaryYear/GetSalaryYearsByOrgId → 200 (35.3ms)
2026-04-09 17:30:42.190 [INF] Microsoft.AspNetCore.Hosting.Diagnostics | Request finished HTTP/1.1 GET http://localhost:5217/api/SalaryYear/GetSalaryYearsByOrgId?orgId=2 - 200 null application/json; charset=utf-8 37.3706ms
2026-04-09 17:30:42.204 [INF] Microsoft.AspNetCore.Hosting.Diagnostics | Request starting HTTP/1.1 OPTIONS http://localhost:5217/api/staff-salary/org/4?salaryYearId=3 - null null
2026-04-09 17:30:42.204 [INF] Microsoft.AspNetCore.Cors.Infrastructure.CorsService | CORS policy execution successful.
2026-04-09 17:30:42.205 [INF] Microsoft.AspNetCore.Hosting.Diagnostics | Request finished HTTP/1.1 OPTIONS http://localhost:5217/api/staff-salary/org/4?salaryYearId=3 - 204 null null 0.2562ms
2026-04-09 17:30:42.205 [INF] Microsoft.AspNetCore.Hosting.Diagnostics | Request starting HTTP/1.1 GET http://localhost:5217/api/staff-salary/org/4?salaryYearId=3 - application/json null
2026-04-09 17:30:42.206 [INF] Microsoft.AspNetCore.Cors.Infrastructure.CorsService | CORS policy execution successful.
2026-04-09 17:30:42.207 [INF] Microsoft.AspNetCore.Routing.EndpointMiddleware | Executing endpoint 'backend.Controllers.StaffSalaryController.GetMonthlySalaries (backend)'
2026-04-09 17:30:42.214 [INF] Microsoft.AspNetCore.Mvc.Infrastructure.ControllerActionInvoker | Route matched with {action = "GetMonthlySalaries", controller = "StaffSalary"}. Executing controller action with signature System.Threading.Tasks.Task`1[Microsoft.AspNetCore.Mvc.IActionResult] GetMonthlySalaries(Byte, Int32) on controller backend.Controllers.StaffSalaryController (backend).
2026-04-09 17:30:42.255 [INF] Microsoft.AspNetCore.Mvc.Infrastructure.ObjectResultExecutor | Executing OkObjectResult, writing value of type 'System.Collections.Generic.List`1[[backend.Models.StaffSalary, backend, Version=1.0.0.0, Culture=neutral, PublicKeyToken=null]]'.
2026-04-09 17:30:42.271 [INF] Microsoft.AspNetCore.Mvc.Infrastructure.ControllerActionInvoker | Executed action backend.Controllers.StaffSalaryController.GetMonthlySalaries (backend) in 56.5716ms
2026-04-09 17:30:42.271 [INF] Microsoft.AspNetCore.Routing.EndpointMiddleware | Executed endpoint 'backend.Controllers.StaffSalaryController.GetMonthlySalaries (backend)'
2026-04-09 17:30:42.271 [INF] Serilog.AspNetCore.RequestLoggingMiddleware | HTTP GET /api/staff-salary/org/4 → 200 (63.9ms)
2026-04-09 17:30:42.271 [INF] Microsoft.AspNetCore.Hosting.Diagnostics | Request finished HTTP/1.1 GET http://localhost:5217/api/staff-salary/org/4?salaryYearId=3 - 200 null application/json; charset=utf-8 65.3908ms
2026-04-09 17:30:42.642 [INF] Microsoft.AspNetCore.Hosting.Diagnostics | Request starting HTTP/1.1 GET http://localhost:5217/api/uploads/employee-photos/emp-28.jpg - null null
2026-04-09 17:30:42.642 [INF] Microsoft.AspNetCore.Cors.Infrastructure.CorsService | CORS policy execution successful.
2026-04-09 17:30:42.642 [INF] Microsoft.AspNetCore.Hosting.Diagnostics | Request starting HTTP/1.1 GET http://localhost:5217/api/uploads/employee-photos/emp-22.png - null null
2026-04-09 17:30:42.642 [INF] Microsoft.AspNetCore.Cors.Infrastructure.CorsService | CORS policy execution successful.
2026-04-09 17:30:42.644 [INF] Serilog.AspNetCore.RequestLoggingMiddleware | HTTP GET /api/uploads/employee-photos/emp-22.png → 404 (0.1ms)
2026-04-09 17:30:42.644 [INF] Serilog.AspNetCore.RequestLoggingMiddleware | HTTP GET /api/uploads/employee-photos/emp-28.jpg → 404 (0.1ms)
2026-04-09 17:30:42.644 [INF] Microsoft.AspNetCore.Hosting.Diagnostics | Request finished HTTP/1.1 GET http://localhost:5217/api/uploads/employee-photos/emp-22.png - 404 0 null 1.8529ms
2026-04-09 17:30:42.644 [INF] Microsoft.AspNetCore.Hosting.Diagnostics | Request finished HTTP/1.1 GET http://localhost:5217/api/uploads/employee-photos/emp-28.jpg - 404 0 null 2.1823ms
2026-04-09 17:30:42.645 [INF] Microsoft.AspNetCore.Hosting.Diagnostics | Request reached the end of the middleware pipeline without being handled by application code. Request path: GET http://localhost:5217/api/uploads/employee-photos/emp-28.jpg, Response status code: 404
2026-04-09 17:30:42.646 [INF] Microsoft.AspNetCore.Hosting.Diagnostics | Request reached the end of the middleware pipeline without being handled by application code. Request path: GET http://localhost:5217/api/uploads/employee-photos/emp-22.png, Response status code: 404
2026-04-09 17:30:42.646 [INF] Microsoft.AspNetCore.Hosting.Diagnostics | Request starting HTTP/1.1 GET http://localhost:5217/api/uploads/employee-photos/emp-23.png - null null
2026-04-09 17:30:42.646 [INF] Microsoft.AspNetCore.Cors.Infrastructure.CorsService | CORS policy execution successful.
2026-04-09 17:30:42.646 [INF] Serilog.AspNetCore.RequestLoggingMiddleware | HTTP GET /api/uploads/employee-photos/emp-23.png → 404 (0.0ms)
2026-04-09 17:30:42.646 [INF] Microsoft.AspNetCore.Hosting.Diagnostics | Request finished HTTP/1.1 GET http://localhost:5217/api/uploads/employee-photos/emp-23.png - 404 0 null 0.4548ms
2026-04-09 17:30:42.646 [INF] Microsoft.AspNetCore.Hosting.Diagnostics | Request reached the end of the middleware pipeline without being handled by application code. Request path: GET http://localhost:5217/api/uploads/employee-photos/emp-23.png, Response status code: 404
2026-04-09 17:30:42.647 [INF] Microsoft.AspNetCore.Hosting.Diagnostics | Request starting HTTP/1.1 GET http://localhost:5217/api/uploads/employee-photos/emp-31.jpg - null null
2026-04-09 17:30:42.647 [INF] Microsoft.AspNetCore.Cors.Infrastructure.CorsService | CORS policy execution successful.
2026-04-09 17:30:42.647 [INF] Serilog.AspNetCore.RequestLoggingMiddleware | HTTP GET /api/uploads/employee-photos/emp-31.jpg → 404 (0.0ms)
2026-04-09 17:30:42.648 [INF] Microsoft.AspNetCore.Hosting.Diagnostics | Request finished HTTP/1.1 GET http://localhost:5217/api/uploads/employee-photos/emp-31.jpg - 404 0 null 0.6608ms
2026-04-09 17:30:42.648 [INF] Microsoft.AspNetCore.Hosting.Diagnostics | Request reached the end of the middleware pipeline without being handled by application code. Request path: GET http://localhost:5217/api/uploads/employee-photos/emp-31.jpg, Response status code: 404
2026-04-09 17:30:42.691 [INF] Microsoft.AspNetCore.Hosting.Diagnostics | Request starting HTTP/1.1 OPTIONS http://localhost:5217/hubs/staffsalary/negotiate?negotiateVersion=1 - null null
2026-04-09 17:30:42.691 [INF] Microsoft.AspNetCore.Cors.Infrastructure.CorsService | CORS policy execution successful.
2026-04-09 17:30:42.691 [INF] Microsoft.AspNetCore.Hosting.Diagnostics | Request finished HTTP/1.1 OPTIONS http://localhost:5217/hubs/staffsalary/negotiate?negotiateVersion=1 - 204 null null 0.4419ms
2026-04-09 17:30:42.692 [INF] Microsoft.AspNetCore.Hosting.Diagnostics | Request starting HTTP/1.1 POST http://localhost:5217/hubs/staffsalary/negotiate?negotiateVersion=1 - text/plain;charset=UTF-8 0
2026-04-09 17:30:42.692 [INF] Microsoft.AspNetCore.Cors.Infrastructure.CorsService | CORS policy execution successful.
2026-04-09 17:30:42.692 [INF] Microsoft.AspNetCore.Routing.EndpointMiddleware | Executing endpoint '/hubs/staffsalary/negotiate'
2026-04-09 17:30:42.693 [INF] Microsoft.AspNetCore.Routing.EndpointMiddleware | Executed endpoint '/hubs/staffsalary/negotiate'
2026-04-09 17:30:42.693 [INF] Serilog.AspNetCore.RequestLoggingMiddleware | HTTP POST /hubs/staffsalary/negotiate → 200 (0.3ms)
2026-04-09 17:30:42.693 [INF] Microsoft.AspNetCore.Hosting.Diagnostics | Request finished HTTP/1.1 POST http://localhost:5217/hubs/staffsalary/negotiate?negotiateVersion=1 - 200 316 application/json 0.7732ms
2026-04-09 17:30:42.710 [INF] Microsoft.AspNetCore.Hosting.Diagnostics | Request starting HTTP/1.1 GET http://localhost:5217/hubs/staffsalary?id=KaoXx3ZN-7fD-OpEUlC1Nw&access_token=eyJhbGciOiJIUzI1NiIsInR5cCI6IkpXVCJ9.eyJuYW1laWQiOiIxOCIsInVuaXF1ZV9uYW1lIjoidmFzYW50aGFrdW1hciIsImVtYWlsIjoidmFzYW50aDIwMDR2a0BnbWFpbC5jb20iLCJyb2xlIjoiU3VwZXJBZG1pbiIsIk9yZ2FuaXphdGlvbklkIjoiMiIsIk9yZ2FuaXphdGlvbkxvZ28iOiIvdXBsb2Fkcy9vcmctbG9nb3Mvb3JnLWxvZ28tNTg3M2M0NzVkOTFkNGJiZDkwNDZkZWVjNjY3ZDEzNmMuanBnIiwibmJmIjoxNzc1NzM2MDM3LCJleHAiOjE3NzU4MjI0MzcsImlhdCI6MTc3NTczNjAzNywiaXNzIjoiUHJvRGVzWC1CYWNrZW5kIiwiYXVkIjoiUHJvRGVzWC1Gcm9udGVuZCJ9.yvptRdzGzlFmnDjvMqi-9xetAsozB8x9XmIVWOSO1Uo - null null
2026-04-09 17:30:42.710 [INF] Microsoft.AspNetCore.Cors.Infrastructure.CorsService | CORS policy execution successful.
2026-04-09 17:30:42.710 [INF] Microsoft.AspNetCore.Routing.EndpointMiddleware | Executing endpoint '/hubs/staffsalary'
2026-04-09 17:30:58.622 [INF] Microsoft.AspNetCore.Routing.EndpointMiddleware | Executed endpoint '/hubs/staffsalary'
2026-04-09 17:30:58.622 [INF] Serilog.AspNetCore.RequestLoggingMiddleware | HTTP GET /hubs/staffsalary → 101 (15912.0ms)
2026-04-09 17:30:58.622 [INF] Microsoft.AspNetCore.Hosting.Diagnostics | Request finished HTTP/1.1 GET http://localhost:5217/hubs/staffsalary?id=KaoXx3ZN-7fD-OpEUlC1Nw&access_token=eyJhbGciOiJIUzI1NiIsInR5cCI6IkpXVCJ9.eyJuYW1laWQiOiIxOCIsInVuaXF1ZV9uYW1lIjoidmFzYW50aGFrdW1hciIsImVtYWlsIjoidmFzYW50aDIwMDR2a0BnbWFpbC5jb20iLCJyb2xlIjoiU3VwZXJBZG1pbiIsIk9yZ2FuaXphdGlvbklkIjoiMiIsIk9yZ2FuaXphdGlvbkxvZ28iOiIvdXBsb2Fkcy9vcmctbG9nb3Mvb3JnLWxvZ28tNTg3M2M0NzVkOTFkNGJiZDkwNDZkZWVjNjY3ZDEzNmMuanBnIiwibmJmIjoxNzc1NzM2MDM3LCJleHAiOjE3NzU4MjI0MzcsImlhdCI6MTc3NTczNjAzNywiaXNzIjoiUHJvRGVzWC1CYWNrZW5kIiwiYXVkIjoiUHJvRGVzWC1Gcm9udGVuZCJ9.yvptRdzGzlFmnDjvMqi-9xetAsozB8x9XmIVWOSO1Uo - 101 null null 15912.5928ms
2026-04-09 17:31:05.084 [INF] Microsoft.AspNetCore.Hosting.Diagnostics | Request starting HTTP/1.1 OPTIONS http://localhost:5217/api/users/organizations - null null
2026-04-09 17:31:05.084 [INF] Microsoft.AspNetCore.Cors.Infrastructure.CorsService | CORS policy execution successful.
2026-04-09 17:31:05.085 [INF] Microsoft.AspNetCore.Hosting.Diagnostics | Request finished HTTP/1.1 OPTIONS http://localhost:5217/api/users/organizations - 204 null null 0.5072ms
2026-04-09 17:31:05.087 [INF] Microsoft.AspNetCore.Hosting.Diagnostics | Request starting HTTP/1.1 GET http://localhost:5217/api/users/organizations - null null
2026-04-09 17:31:05.087 [INF] Microsoft.AspNetCore.Cors.Infrastructure.CorsService | CORS policy execution successful.
2026-04-09 17:31:05.087 [INF] Microsoft.AspNetCore.Routing.EndpointMiddleware | Executing endpoint 'backend.Controllers.UsersController.GetOrganizations (backend)'
2026-04-09 17:31:05.087 [INF] Microsoft.AspNetCore.Mvc.Infrastructure.ControllerActionInvoker | Route matched with {action = "GetOrganizations", controller = "Users"}. Executing controller action with signature System.Threading.Tasks.Task`1[Microsoft.AspNetCore.Mvc.IActionResult] GetOrganizations() on controller backend.Controllers.UsersController (backend).
2026-04-09 17:31:05.087 [INF] backend.Controllers.UsersController | [Users] GET organizations | Role=SuperAdmin | UserId=18
2026-04-09 17:31:05.104 [INF] Microsoft.AspNetCore.Mvc.Infrastructure.ObjectResultExecutor | Executing OkObjectResult, writing value of type 'System.Collections.Generic.List`1[[backend.Models.Organization, backend, Version=1.0.0.0, Culture=neutral, PublicKeyToken=null]]'.
2026-04-09 17:31:05.104 [INF] Microsoft.AspNetCore.Mvc.Infrastructure.ControllerActionInvoker | Executed action backend.Controllers.UsersController.GetOrganizations (backend) in 16.7124ms
2026-04-09 17:31:05.104 [INF] Microsoft.AspNetCore.Routing.EndpointMiddleware | Executed endpoint 'backend.Controllers.UsersController.GetOrganizations (backend)'
2026-04-09 17:31:05.104 [INF] Serilog.AspNetCore.RequestLoggingMiddleware | HTTP GET /api/users/organizations → 200 (17.1ms)
2026-04-09 17:31:05.104 [INF] Microsoft.AspNetCore.Hosting.Diagnostics | Request finished HTTP/1.1 GET http://localhost:5217/api/users/organizations - 200 null application/json; charset=utf-8 17.78ms
2026-04-09 17:31:06.070 [INF] Microsoft.AspNetCore.Hosting.Diagnostics | Request starting HTTP/1.1 OPTIONS http://localhost:5217/api/organizations - null null
2026-04-09 17:31:06.070 [INF] Microsoft.AspNetCore.Cors.Infrastructure.CorsService | CORS policy execution successful.
2026-04-09 17:31:06.070 [INF] Microsoft.AspNetCore.Hosting.Diagnostics | Request finished HTTP/1.1 OPTIONS http://localhost:5217/api/organizations - 204 null null 0.449ms
2026-04-09 17:31:06.072 [INF] Microsoft.AspNetCore.Hosting.Diagnostics | Request starting HTTP/1.1 GET http://localhost:5217/api/organizations - application/json null
2026-04-09 17:31:06.072 [INF] Microsoft.AspNetCore.Cors.Infrastructure.CorsService | CORS policy execution successful.
2026-04-09 17:31:06.073 [INF] Microsoft.AspNetCore.Routing.EndpointMiddleware | Executing endpoint 'backend.Controllers.OrganizationsController.GetOrganizations (backend)'
2026-04-09 17:31:06.073 [INF] Microsoft.AspNetCore.Mvc.Infrastructure.ControllerActionInvoker | Route matched with {action = "GetOrganizations", controller = "Organizations"}. Executing controller action with signature System.Threading.Tasks.Task`1[Microsoft.AspNetCore.Mvc.IActionResult] GetOrganizations() on controller backend.Controllers.OrganizationsController (backend).
2026-04-09 17:31:06.074 [INF] backend.Controllers.OrganizationsController | [Orgs] GET all requested | Role=SuperAdmin | UserId=18
2026-04-09 17:31:06.086 [INF] Microsoft.AspNetCore.Mvc.Infrastructure.ObjectResultExecutor | Executing OkObjectResult, writing value of type 'System.Collections.Generic.List`1[[backend.Models.Organization, backend, Version=1.0.0.0, Culture=neutral, PublicKeyToken=null]]'.
2026-04-09 17:31:06.086 [INF] Microsoft.AspNetCore.Mvc.Infrastructure.ControllerActionInvoker | Executed action backend.Controllers.OrganizationsController.GetOrganizations (backend) in 12.661ms
2026-04-09 17:31:06.086 [INF] Microsoft.AspNetCore.Routing.EndpointMiddleware | Executed endpoint 'backend.Controllers.OrganizationsController.GetOrganizations (backend)'
2026-04-09 17:31:06.086 [INF] Serilog.AspNetCore.RequestLoggingMiddleware | HTTP GET /api/organizations → 200 (13.2ms)
2026-04-09 17:31:06.086 [INF] Microsoft.AspNetCore.Hosting.Diagnostics | Request finished HTTP/1.1 GET http://localhost:5217/api/organizations - 200 null application/json; charset=utf-8 14.1961ms
2026-04-09 17:31:06.267 [INF] Microsoft.AspNetCore.Hosting.Diagnostics | Request starting HTTP/1.1 OPTIONS http://localhost:5217/api/leads - null null
2026-04-09 17:31:06.267 [INF] Microsoft.AspNetCore.Cors.Infrastructure.CorsService | CORS policy execution successful.
2026-04-09 17:31:06.268 [INF] Microsoft.AspNetCore.Hosting.Diagnostics | Request finished HTTP/1.1 OPTIONS http://localhost:5217/api/leads - 204 null null 0.2332ms
2026-04-09 17:31:06.269 [INF] Microsoft.AspNetCore.Hosting.Diagnostics | Request starting HTTP/1.1 GET http://localhost:5217/api/leads - application/json null
2026-04-09 17:31:06.269 [INF] Microsoft.AspNetCore.Cors.Infrastructure.CorsService | CORS policy execution successful.
2026-04-09 17:31:06.269 [INF] Microsoft.AspNetCore.Routing.EndpointMiddleware | Executing endpoint 'backend.Controllers.LeadsController.GetLeads (backend)'
2026-04-09 17:31:06.269 [INF] Microsoft.AspNetCore.Mvc.Infrastructure.ControllerActionInvoker | Route matched with {action = "GetLeads", controller = "Leads"}. Executing controller action with signature System.Threading.Tasks.Task`1[System.Collections.Generic.IEnumerable`1[backend.Models.Lead]] GetLeads() on controller backend.Controllers.LeadsController (backend).
2026-04-09 17:31:06.287 [INF] Microsoft.AspNetCore.Mvc.Infrastructure.ObjectResultExecutor | Executing ObjectResult, writing value of type 'System.Collections.Generic.List`1[[backend.Models.Lead, backend, Version=1.0.0.0, Culture=neutral, PublicKeyToken=null]]'.
2026-04-09 17:31:06.287 [INF] Microsoft.AspNetCore.Mvc.Infrastructure.ControllerActionInvoker | Executed action backend.Controllers.LeadsController.GetLeads (backend) in 17.9715ms
2026-04-09 17:31:06.287 [INF] Microsoft.AspNetCore.Routing.EndpointMiddleware | Executed endpoint 'backend.Controllers.LeadsController.GetLeads (backend)'
2026-04-09 17:31:06.287 [INF] Serilog.AspNetCore.RequestLoggingMiddleware | HTTP GET /api/leads → 200 (18.2ms)
2026-04-09 17:31:06.287 [INF] Microsoft.AspNetCore.Hosting.Diagnostics | Request finished HTTP/1.1 GET http://localhost:5217/api/leads - 200 null application/json; charset=utf-8 18.6158ms
2026-04-09 17:31:06.292 [INF] Microsoft.AspNetCore.Hosting.Diagnostics | Request starting HTTP/1.1 OPTIONS http://localhost:5217/api/employees?organizationId=2 - null null
2026-04-09 17:31:06.292 [INF] Microsoft.AspNetCore.Cors.Infrastructure.CorsService | CORS policy execution successful.
2026-04-09 17:31:06.292 [INF] Microsoft.AspNetCore.Hosting.Diagnostics | Request finished HTTP/1.1 OPTIONS http://localhost:5217/api/employees?organizationId=2 - 204 null null 0.223ms
2026-04-09 17:31:06.293 [INF] Microsoft.AspNetCore.Hosting.Diagnostics | Request starting HTTP/1.1 GET http://localhost:5217/api/employees?organizationId=2 - application/json null
2026-04-09 17:31:06.293 [INF] Microsoft.AspNetCore.Cors.Infrastructure.CorsService | CORS policy execution successful.
2026-04-09 17:31:06.294 [INF] Microsoft.AspNetCore.Routing.EndpointMiddleware | Executing endpoint 'backend.Controllers.EmployeesController.GetEmployees (backend)'
2026-04-09 17:31:06.294 [INF] Microsoft.AspNetCore.Mvc.Infrastructure.ControllerActionInvoker | Route matched with {action = "GetEmployees", controller = "Employees"}. Executing controller action with signature System.Threading.Tasks.Task`1[Microsoft.AspNetCore.Mvc.IActionResult] GetEmployees(System.Nullable`1[System.Int32]) on controller backend.Controllers.EmployeesController (backend).
2026-04-09 17:31:06.294 [INF] backend.Controllers.EmployeesController | [Employees] GET all | TargetOrgId=2 | UserOrgId=2
2026-04-09 17:31:06.306 [INF] Microsoft.AspNetCore.Mvc.Infrastructure.ObjectResultExecutor | Executing OkObjectResult, writing value of type 'System.Collections.Generic.List`1[[backend.Models.Employee, backend, Version=1.0.0.0, Culture=neutral, PublicKeyToken=null]]'.
2026-04-09 17:31:06.307 [INF] Microsoft.AspNetCore.Mvc.Infrastructure.ControllerActionInvoker | Executed action backend.Controllers.EmployeesController.GetEmployees (backend) in 12.5801ms
2026-04-09 17:31:06.307 [INF] Microsoft.AspNetCore.Routing.EndpointMiddleware | Executed endpoint 'backend.Controllers.EmployeesController.GetEmployees (backend)'
2026-04-09 17:31:06.307 [INF] Serilog.AspNetCore.RequestLoggingMiddleware | HTTP GET /api/employees → 200 (12.8ms)
2026-04-09 17:31:06.307 [INF] Microsoft.AspNetCore.Hosting.Diagnostics | Request finished HTTP/1.1 GET http://localhost:5217/api/employees?organizationId=2 - 200 null application/json; charset=utf-8 13.3397ms
2026-04-09 17:31:06.315 [INF] Microsoft.AspNetCore.Hosting.Diagnostics | Request starting HTTP/1.1 OPTIONS http://localhost:5217/api/ShiftAssignments/roster?start=2026-04-09&end=2026-04-16&orgId=2 - null null
2026-04-09 17:31:06.315 [INF] Microsoft.AspNetCore.Cors.Infrastructure.CorsService | CORS policy execution successful.
2026-04-09 17:31:06.315 [INF] Microsoft.AspNetCore.Hosting.Diagnostics | Request finished HTTP/1.1 OPTIONS http://localhost:5217/api/ShiftAssignments/roster?start=2026-04-09&end=2026-04-16&orgId=2 - 204 null null 0.2243ms
2026-04-09 17:31:06.316 [INF] Microsoft.AspNetCore.Hosting.Diagnostics | Request starting HTTP/1.1 GET http://localhost:5217/api/ShiftAssignments/roster?start=2026-04-09&end=2026-04-16&orgId=2 - application/json null
2026-04-09 17:31:06.316 [INF] Microsoft.AspNetCore.Cors.Infrastructure.CorsService | CORS policy execution successful.
2026-04-09 17:31:06.316 [INF] Microsoft.AspNetCore.Routing.EndpointMiddleware | Executing endpoint 'backend.Controllers.ShiftAssignmentsController.GetMonthlyRosterFixed (backend)'
2026-04-09 17:31:06.317 [INF] Microsoft.AspNetCore.Mvc.Infrastructure.ControllerActionInvoker | Route matched with {action = "GetMonthlyRosterFixed", controller = "ShiftAssignments"}. Executing controller action with signature System.Threading.Tasks.Task`1[Microsoft.AspNetCore.Mvc.IActionResult] GetMonthlyRosterFixed(System.String, System.String, System.Nullable`1[System.Int32]) on controller backend.Controllers.ShiftAssignmentsController (backend).
2026-04-09 17:31:06.332 [INF] Microsoft.AspNetCore.Mvc.Infrastructure.ObjectResultExecutor | Executing OkObjectResult, writing value of type 'System.Collections.Generic.List`1[[backend.Models.EmployeeSchedule, backend, Version=1.0.0.0, Culture=neutral, PublicKeyToken=null]]'.
2026-04-09 17:31:06.332 [INF] Microsoft.AspNetCore.Mvc.Infrastructure.ControllerActionInvoker | Executed action backend.Controllers.ShiftAssignmentsController.GetMonthlyRosterFixed (backend) in 15.5409ms
2026-04-09 17:31:06.332 [INF] Microsoft.AspNetCore.Routing.EndpointMiddleware | Executed endpoint 'backend.Controllers.ShiftAssignmentsController.GetMonthlyRosterFixed (backend)'
2026-04-09 17:31:06.332 [INF] Serilog.AspNetCore.RequestLoggingMiddleware | HTTP GET /api/ShiftAssignments/roster → 200 (15.7ms)
2026-04-09 17:31:06.332 [INF] Microsoft.AspNetCore.Hosting.Diagnostics | Request finished HTTP/1.1 GET http://localhost:5217/api/ShiftAssignments/roster?start=2026-04-09&end=2026-04-16&orgId=2 - 200 null application/json; charset=utf-8 16.2869ms
2026-04-09 17:31:06.337 [INF] Microsoft.AspNetCore.Hosting.Diagnostics | Request starting HTTP/1.1 OPTIONS http://localhost:5217/api/Attendance/status?employeeId=31&orgId=2 - null null
2026-04-09 17:31:06.337 [INF] Microsoft.AspNetCore.Cors.Infrastructure.CorsService | CORS policy execution successful.
2026-04-09 17:31:06.337 [INF] Microsoft.AspNetCore.Hosting.Diagnostics | Request finished HTTP/1.1 OPTIONS http://localhost:5217/api/Attendance/status?employeeId=31&orgId=2 - 204 null null 0.1603ms
2026-04-09 17:31:06.338 [INF] Microsoft.AspNetCore.Hosting.Diagnostics | Request starting HTTP/1.1 GET http://localhost:5217/api/Attendance/status?employeeId=31&orgId=2 - application/json null
2026-04-09 17:31:06.338 [INF] Microsoft.AspNetCore.Cors.Infrastructure.CorsService | CORS policy execution successful.
2026-04-09 17:31:06.338 [INF] Microsoft.AspNetCore.Routing.EndpointMiddleware | Executing endpoint 'backend.Controllers.AttendanceController.GetStatus (backend)'
2026-04-09 17:31:06.338 [INF] Microsoft.AspNetCore.Mvc.Infrastructure.ControllerActionInvoker | Route matched with {action = "GetStatus", controller = "Attendance"}. Executing controller action with signature System.Threading.Tasks.Task`1[Microsoft.AspNetCore.Mvc.IActionResult] GetStatus(Int32, Int32) on controller backend.Controllers.AttendanceController (backend).
2026-04-09 17:31:06.349 [ERR] backend.Controllers.AttendanceController | Error getting attendance status
Microsoft.Data.SqlClient.SqlException (0x80131904): Invalid column name 'FN'.
Invalid column name 'AN'.
   at System.Threading.Tasks.ContinuationResultTaskFromResultTask`2.InnerInvoke()
   at System.Threading.ExecutionContext.RunInternal(ExecutionContext executionContext, ContextCallback callback, Object state)
--- End of stack trace from previous location ---
   at System.Threading.ExecutionContext.RunInternal(ExecutionContext executionContext, ContextCallback callback, Object state)
   at System.Threading.Tasks.Task.ExecuteWithThreadLocal(Task& currentTaskSlot, Thread threadPoolThread)
--- End of stack trace from previous location ---
   at Dapper.SqlMapper.QueryRowAsync[T](IDbConnection cnn, Row row, Type effectiveType, CommandDefinition command) in /_/Dapper/SqlMapper.Async.cs:line 489
   at backend.Controllers.AttendanceController.GetStatus(Int32 employeeId, Int32 orgId) in C:\Repos_Work\Prodesx_HRM_Mobile_Application\backend\Controllers\AttendanceController.cs:line 235
ClientConnectionId:8650df7c-9ef5-485b-b074-830175ebcaa0
Error Number:207,State:1,Class:16
2026-04-09 17:31:06.350 [INF] Microsoft.AspNetCore.Mvc.Infrastructure.ObjectResultExecutor | Executing ObjectResult, writing value of type 'System.String'.
2026-04-09 17:31:06.351 [INF] Microsoft.AspNetCore.Mvc.Infrastructure.ControllerActionInvoker | Executed action backend.Controllers.AttendanceController.GetStatus (backend) in 12.3596ms
2026-04-09 17:31:06.351 [INF] Microsoft.AspNetCore.Routing.EndpointMiddleware | Executed endpoint 'backend.Controllers.AttendanceController.GetStatus (backend)'
2026-04-09 17:31:06.351 [ERR] Serilog.AspNetCore.RequestLoggingMiddleware | HTTP GET /api/Attendance/status → 500 (12.6ms)
2026-04-09 17:31:06.351 [INF] Microsoft.AspNetCore.Hosting.Diagnostics | Request finished HTTP/1.1 GET http://localhost:5217/api/Attendance/status?employeeId=31&orgId=2 - 500 null text/plain; charset=utf-8 13.2154ms
2026-04-09 17:31:08.158 [INF] Microsoft.AspNetCore.Hosting.Diagnostics | Request starting HTTP/1.1 GET http://localhost:5217/api/Modules?organizationId=1 - null null
2026-04-09 17:31:08.158 [INF] Microsoft.AspNetCore.Hosting.Diagnostics | Request starting HTTP/1.1 GET http://localhost:5217/api/organizations - null null
2026-04-09 17:31:08.158 [INF] Microsoft.AspNetCore.Hosting.Diagnostics | Request starting HTTP/1.1 GET http://localhost:5217/api/payroll-settings - null null
2026-04-09 17:31:08.159 [INF] Microsoft.AspNetCore.Routing.EndpointMiddleware | Executing endpoint 'backend.Controllers.OrganizationsController.GetOrganizations (backend)'
2026-04-09 17:31:08.159 [INF] Microsoft.AspNetCore.Routing.EndpointMiddleware | Executing endpoint 'backend.Controllers.ModulesController.Get (backend)'
2026-04-09 17:31:08.159 [INF] Microsoft.AspNetCore.Mvc.Infrastructure.ControllerActionInvoker | Route matched with {action = "GetOrganizations", controller = "Organizations"}. Executing controller action with signature System.Threading.Tasks.Task`1[Microsoft.AspNetCore.Mvc.IActionResult] GetOrganizations() on controller backend.Controllers.OrganizationsController (backend).
2026-04-09 17:31:08.159 [INF] backend.Controllers.OrganizationsController | [Orgs] GET all requested | Role=SuperAdmin | UserId=18
2026-04-09 17:31:08.160 [INF] Serilog.AspNetCore.RequestLoggingMiddleware | HTTP GET /api/payroll-settings → 404 (0.0ms)
2026-04-09 17:31:08.160 [INF] Microsoft.AspNetCore.Hosting.Diagnostics | Request finished HTTP/1.1 GET http://localhost:5217/api/payroll-settings - 404 0 null 1.7987ms
2026-04-09 17:31:08.160 [INF] Microsoft.AspNetCore.Hosting.Diagnostics | Request reached the end of the middleware pipeline without being handled by application code. Request path: GET http://localhost:5217/api/payroll-settings, Response status code: 404
2026-04-09 17:31:08.165 [INF] Microsoft.AspNetCore.Hosting.Diagnostics | Request starting HTTP/1.1 GET http://localhost:5217/api/payroll-settings - null null
2026-04-09 17:31:08.166 [INF] Serilog.AspNetCore.RequestLoggingMiddleware | HTTP GET /api/payroll-settings → 404 (0.0ms)
2026-04-09 17:31:08.166 [INF] Microsoft.AspNetCore.Hosting.Diagnostics | Request finished HTTP/1.1 GET http://localhost:5217/api/payroll-settings - 404 0 null 1.3172ms
2026-04-09 17:31:08.167 [INF] Microsoft.AspNetCore.Hosting.Diagnostics | Request reached the end of the middleware pipeline without being handled by application code. Request path: GET http://localhost:5217/api/payroll-settings, Response status code: 404
2026-04-09 17:31:08.168 [INF] Microsoft.AspNetCore.Mvc.Infrastructure.ControllerActionInvoker | Route matched with {action = "Get", controller = "Modules"}. Executing controller action with signature System.Threading.Tasks.Task`1[Microsoft.AspNetCore.Mvc.IActionResult] Get(System.Nullable`1[System.Int32]) on controller backend.Controllers.ModulesController (backend).
2026-04-09 17:31:08.172 [INF] Microsoft.AspNetCore.Mvc.Infrastructure.ObjectResultExecutor | Executing OkObjectResult, writing value of type 'System.Collections.Generic.List`1[[backend.Models.Organization, backend, Version=1.0.0.0, Culture=neutral, PublicKeyToken=null]]'.
2026-04-09 17:31:08.172 [INF] Microsoft.AspNetCore.Mvc.Infrastructure.ControllerActionInvoker | Executed action backend.Controllers.OrganizationsController.GetOrganizations (backend) in 13.0063ms
2026-04-09 17:31:08.172 [INF] Microsoft.AspNetCore.Routing.EndpointMiddleware | Executed endpoint 'backend.Controllers.OrganizationsController.GetOrganizations (backend)'
2026-04-09 17:31:08.172 [INF] Serilog.AspNetCore.RequestLoggingMiddleware | HTTP GET /api/organizations → 200 (13.3ms)
2026-04-09 17:31:08.172 [INF] Microsoft.AspNetCore.Hosting.Diagnostics | Request finished HTTP/1.1 GET http://localhost:5217/api/organizations - 200 null application/json; charset=utf-8 14.2145ms
2026-04-09 17:31:08.177 [INF] Microsoft.AspNetCore.Hosting.Diagnostics | Request starting HTTP/1.1 GET http://localhost:5217/api/organizations - null null
2026-04-09 17:31:08.178 [INF] Microsoft.AspNetCore.Routing.EndpointMiddleware | Executing endpoint 'backend.Controllers.OrganizationsController.GetOrganizations (backend)'
2026-04-09 17:31:08.178 [INF] Microsoft.AspNetCore.Mvc.Infrastructure.ControllerActionInvoker | Route matched with {action = "GetOrganizations", controller = "Organizations"}. Executing controller action with signature System.Threading.Tasks.Task`1[Microsoft.AspNetCore.Mvc.IActionResult] GetOrganizations() on controller backend.Controllers.OrganizationsController (backend).
2026-04-09 17:31:08.178 [INF] backend.Controllers.OrganizationsController | [Orgs] GET all requested | Role=SuperAdmin | UserId=18
2026-04-09 17:31:08.193 [INF] Microsoft.AspNetCore.Mvc.Infrastructure.ObjectResultExecutor | Executing OkObjectResult, writing value of type 'System.Collections.Generic.List`1[[backend.Models.Organization, backend, Version=1.0.0.0, Culture=neutral, PublicKeyToken=null]]'.
2026-04-09 17:31:08.194 [INF] Microsoft.AspNetCore.Mvc.Infrastructure.ControllerActionInvoker | Executed action backend.Controllers.OrganizationsController.GetOrganizations (backend) in 15.8752ms
2026-04-09 17:31:08.194 [INF] Microsoft.AspNetCore.Routing.EndpointMiddleware | Executed endpoint 'backend.Controllers.OrganizationsController.GetOrganizations (backend)'
2026-04-09 17:31:08.194 [INF] Serilog.AspNetCore.RequestLoggingMiddleware | HTTP GET /api/organizations → 200 (16.2ms)
2026-04-09 17:31:08.194 [INF] Microsoft.AspNetCore.Hosting.Diagnostics | Request finished HTTP/1.1 GET http://localhost:5217/api/organizations - 200 null application/json; charset=utf-8 16.706ms
2026-04-09 17:31:08.224 [INF] Microsoft.AspNetCore.Hosting.Diagnostics | Request starting HTTP/1.1 GET http://localhost:5217/api/SalaryYear/GetSalaryYearsByOrgId?orgId=1 - null null
2026-04-09 17:31:08.224 [INF] Microsoft.AspNetCore.Hosting.Diagnostics | Request starting HTTP/1.1 GET http://localhost:5217/api/payroll-settings - null null
2026-04-09 17:31:08.224 [INF] Microsoft.AspNetCore.Routing.EndpointMiddleware | Executing endpoint 'backend.Controllers.SalaryYearController.GetSalaryYearsByOrgId (backend)'
2026-04-09 17:31:08.224 [INF] Serilog.AspNetCore.RequestLoggingMiddleware | HTTP GET /api/payroll-settings → 404 (0.0ms)
2026-04-09 17:31:08.224 [INF] Microsoft.AspNetCore.Mvc.Infrastructure.ControllerActionInvoker | Route matched with {action = "GetSalaryYearsByOrgId", controller = "SalaryYear"}. Executing controller action with signature System.Threading.Tasks.Task`1[Microsoft.AspNetCore.Mvc.IActionResult] GetSalaryYearsByOrgId(System.String) on controller backend.Controllers.SalaryYearController (backend).
2026-04-09 17:31:08.224 [INF] Microsoft.AspNetCore.Hosting.Diagnostics | Request finished HTTP/1.1 GET http://localhost:5217/api/payroll-settings - 404 0 null 0.3856ms
2026-04-09 17:31:08.224 [INF] Microsoft.AspNetCore.Hosting.Diagnostics | Request reached the end of the middleware pipeline without being handled by application code. Request path: GET http://localhost:5217/api/payroll-settings, Response status code: 404
2026-04-09 17:31:08.240 [INF] Microsoft.AspNetCore.Mvc.Infrastructure.ObjectResultExecutor | Executing OkObjectResult, writing value of type 'System.Collections.Generic.List`1[[backend.Models.SalaryYear, backend, Version=1.0.0.0, Culture=neutral, PublicKeyToken=null]]'.
2026-04-09 17:31:08.240 [INF] Microsoft.AspNetCore.Mvc.Infrastructure.ControllerActionInvoker | Executed action backend.Controllers.SalaryYearController.GetSalaryYearsByOrgId (backend) in 15.5684ms
2026-04-09 17:31:08.240 [INF] Microsoft.AspNetCore.Routing.EndpointMiddleware | Executed endpoint 'backend.Controllers.SalaryYearController.GetSalaryYearsByOrgId (backend)'
2026-04-09 17:31:08.240 [INF] Serilog.AspNetCore.RequestLoggingMiddleware | HTTP GET /api/SalaryYear/GetSalaryYearsByOrgId → 200 (15.8ms)
2026-04-09 17:31:08.240 [INF] Microsoft.AspNetCore.Hosting.Diagnostics | Request finished HTTP/1.1 GET http://localhost:5217/api/SalaryYear/GetSalaryYearsByOrgId?orgId=1 - 200 null application/json; charset=utf-8 16.3653ms
2026-04-09 17:31:08.241 [INF] Microsoft.AspNetCore.Mvc.Infrastructure.ObjectResultExecutor | Executing OkObjectResult, writing value of type 'System.Collections.Generic.List`1[[backend.Models.ModuleInfo, backend, Version=1.0.0.0, Culture=neutral, PublicKeyToken=null]]'.
2026-04-09 17:31:08.243 [INF] Microsoft.AspNetCore.Mvc.Infrastructure.ControllerActionInvoker | Executed action backend.Controllers.ModulesController.Get (backend) in 75.6568ms
2026-04-09 17:31:08.244 [INF] Microsoft.AspNetCore.Routing.EndpointMiddleware | Executed endpoint 'backend.Controllers.ModulesController.Get (backend)'
2026-04-09 17:31:08.244 [INF] Serilog.AspNetCore.RequestLoggingMiddleware | HTTP GET /api/Modules → 200 (84.8ms)
2026-04-09 17:31:08.244 [INF] Microsoft.AspNetCore.Hosting.Diagnostics | Request finished HTTP/1.1 GET http://localhost:5217/api/Modules?organizationId=1 - 200 null application/json; charset=utf-8 85.9231ms
2026-04-09 17:31:08.248 [INF] Microsoft.AspNetCore.Hosting.Diagnostics | Request starting HTTP/1.1 GET http://localhost:5217/api/Modules?organizationId=1 - null null
2026-04-09 17:31:08.249 [INF] Microsoft.AspNetCore.Routing.EndpointMiddleware | Executing endpoint 'backend.Controllers.ModulesController.Get (backend)'
2026-04-09 17:31:08.249 [INF] Microsoft.AspNetCore.Mvc.Infrastructure.ControllerActionInvoker | Route matched with {action = "Get", controller = "Modules"}. Executing controller action with signature System.Threading.Tasks.Task`1[Microsoft.AspNetCore.Mvc.IActionResult] Get(System.Nullable`1[System.Int32]) on controller backend.Controllers.ModulesController (backend).
2026-04-09 17:31:08.265 [INF] Microsoft.AspNetCore.Mvc.Infrastructure.ObjectResultExecutor | Executing OkObjectResult, writing value of type 'System.Collections.Generic.List`1[[backend.Models.ModuleInfo, backend, Version=1.0.0.0, Culture=neutral, PublicKeyToken=null]]'.
2026-04-09 17:31:08.265 [INF] Microsoft.AspNetCore.Mvc.Infrastructure.ControllerActionInvoker | Executed action backend.Controllers.ModulesController.Get (backend) in 16.265ms
2026-04-09 17:31:08.265 [INF] Microsoft.AspNetCore.Routing.EndpointMiddleware | Executed endpoint 'backend.Controllers.ModulesController.Get (backend)'
2026-04-09 17:31:08.265 [INF] Serilog.AspNetCore.RequestLoggingMiddleware | HTTP GET /api/Modules → 200 (16.6ms)
2026-04-09 17:31:08.265 [INF] Microsoft.AspNetCore.Hosting.Diagnostics | Request finished HTTP/1.1 GET http://localhost:5217/api/Modules?organizationId=1 - 200 null application/json; charset=utf-8 17.258ms
2026-04-09 17:31:08.276 [INF] Microsoft.AspNetCore.Hosting.Diagnostics | Request starting HTTP/1.1 GET http://localhost:5217/api/organizations - null null
2026-04-09 17:31:08.276 [INF] Microsoft.AspNetCore.Routing.EndpointMiddleware | Executing endpoint 'backend.Controllers.OrganizationsController.GetOrganizations (backend)'
2026-04-09 17:31:08.277 [INF] Microsoft.AspNetCore.Mvc.Infrastructure.ControllerActionInvoker | Route matched with {action = "GetOrganizations", controller = "Organizations"}. Executing controller action with signature System.Threading.Tasks.Task`1[Microsoft.AspNetCore.Mvc.IActionResult] GetOrganizations() on controller backend.Controllers.OrganizationsController (backend).
2026-04-09 17:31:08.277 [INF] backend.Controllers.OrganizationsController | [Orgs] GET all requested | Role=SuperAdmin | UserId=18
2026-04-09 17:31:08.287 [INF] Microsoft.AspNetCore.Hosting.Diagnostics | Request starting HTTP/1.1 GET http://localhost:5217/api/staff-salary/org/4?salaryYearId=2 - null null
2026-04-09 17:31:08.287 [INF] Microsoft.AspNetCore.Routing.EndpointMiddleware | Executing endpoint 'backend.Controllers.StaffSalaryController.GetMonthlySalaries (backend)'
2026-04-09 17:31:08.288 [INF] Microsoft.AspNetCore.Mvc.Infrastructure.ControllerActionInvoker | Route matched with {action = "GetMonthlySalaries", controller = "StaffSalary"}. Executing controller action with signature System.Threading.Tasks.Task`1[Microsoft.AspNetCore.Mvc.IActionResult] GetMonthlySalaries(Byte, Int32) on controller backend.Controllers.StaffSalaryController (backend).
2026-04-09 17:31:08.306 [INF] Microsoft.AspNetCore.Mvc.Infrastructure.ObjectResultExecutor | Executing OkObjectResult, writing value of type 'System.Collections.Generic.List`1[[backend.Models.Organization, backend, Version=1.0.0.0, Culture=neutral, PublicKeyToken=null]]'.
2026-04-09 17:31:08.307 [INF] Microsoft.AspNetCore.Mvc.Infrastructure.ObjectResultExecutor | Executing OkObjectResult, writing value of type 'System.Collections.Generic.List`1[[backend.Models.StaffSalary, backend, Version=1.0.0.0, Culture=neutral, PublicKeyToken=null]]'.
2026-04-09 17:31:08.307 [INF] Microsoft.AspNetCore.Mvc.Infrastructure.ControllerActionInvoker | Executed action backend.Controllers.OrganizationsController.GetOrganizations (backend) in 29.7901ms
2026-04-09 17:31:08.307 [INF] Microsoft.AspNetCore.Routing.EndpointMiddleware | Executed endpoint 'backend.Controllers.OrganizationsController.GetOrganizations (backend)'
2026-04-09 17:31:08.307 [INF] Serilog.AspNetCore.RequestLoggingMiddleware | HTTP GET /api/organizations → 200 (30.4ms)
2026-04-09 17:31:08.307 [INF] Microsoft.AspNetCore.Mvc.Infrastructure.ControllerActionInvoker | Executed action backend.Controllers.StaffSalaryController.GetMonthlySalaries (backend) in 19.2184ms
2026-04-09 17:31:08.307 [INF] Microsoft.AspNetCore.Routing.EndpointMiddleware | Executed endpoint 'backend.Controllers.StaffSalaryController.GetMonthlySalaries (backend)'
2026-04-09 17:31:08.307 [INF] Microsoft.AspNetCore.Hosting.Diagnostics | Request finished HTTP/1.1 GET http://localhost:5217/api/organizations - 200 null application/json; charset=utf-8 30.9943ms
2026-04-09 17:31:08.307 [INF] Serilog.AspNetCore.RequestLoggingMiddleware | HTTP GET /api/staff-salary/org/4 → 200 (19.4ms)
2026-04-09 17:31:08.307 [INF] Microsoft.AspNetCore.Hosting.Diagnostics | Request finished HTTP/1.1 GET http://localhost:5217/api/staff-salary/org/4?salaryYearId=2 - 200 null application/json; charset=utf-8 19.9877ms
2026-04-09 17:31:08.314 [INF] Microsoft.AspNetCore.Hosting.Diagnostics | Request starting HTTP/1.1 GET http://localhost:5217/api/organizations - null null
2026-04-09 17:31:08.314 [INF] Microsoft.AspNetCore.Routing.EndpointMiddleware | Executing endpoint 'backend.Controllers.OrganizationsController.GetOrganizations (backend)'
2026-04-09 17:31:08.314 [INF] Microsoft.AspNetCore.Mvc.Infrastructure.ControllerActionInvoker | Route matched with {action = "GetOrganizations", controller = "Organizations"}. Executing controller action with signature System.Threading.Tasks.Task`1[Microsoft.AspNetCore.Mvc.IActionResult] GetOrganizations() on controller backend.Controllers.OrganizationsController (backend).
2026-04-09 17:31:08.314 [INF] backend.Controllers.OrganizationsController | [Orgs] GET all requested | Role=SuperAdmin | UserId=18
2026-04-09 17:31:08.330 [INF] Microsoft.AspNetCore.Mvc.Infrastructure.ObjectResultExecutor | Executing OkObjectResult, writing value of type 'System.Collections.Generic.List`1[[backend.Models.Organization, backend, Version=1.0.0.0, Culture=neutral, PublicKeyToken=null]]'.
2026-04-09 17:31:08.330 [INF] Microsoft.AspNetCore.Mvc.Infrastructure.ControllerActionInvoker | Executed action backend.Controllers.OrganizationsController.GetOrganizations (backend) in 15.7958ms
2026-04-09 17:31:08.330 [INF] Microsoft.AspNetCore.Routing.EndpointMiddleware | Executed endpoint 'backend.Controllers.OrganizationsController.GetOrganizations (backend)'
2026-04-09 17:31:08.330 [INF] Serilog.AspNetCore.RequestLoggingMiddleware | HTTP GET /api/organizations → 200 (16.0ms)
2026-04-09 17:31:08.330 [INF] Microsoft.AspNetCore.Hosting.Diagnostics | Request finished HTTP/1.1 GET http://localhost:5217/api/organizations - 200 null application/json; charset=utf-8 16.5289ms
2026-04-09 17:31:08.553 [INF] Microsoft.AspNetCore.Hosting.Diagnostics | Request starting HTTP/1.1 GET http://localhost:5217/api/Modules?organizationId=2 - null null
2026-04-09 17:31:08.554 [INF] Microsoft.AspNetCore.Routing.EndpointMiddleware | Executing endpoint 'backend.Controllers.ModulesController.Get (backend)'
2026-04-09 17:31:08.555 [INF] Microsoft.AspNetCore.Mvc.Infrastructure.ControllerActionInvoker | Route matched with {action = "Get", controller = "Modules"}. Executing controller action with signature System.Threading.Tasks.Task`1[Microsoft.AspNetCore.Mvc.IActionResult] Get(System.Nullable`1[System.Int32]) on controller backend.Controllers.ModulesController (backend).
2026-04-09 17:31:08.556 [INF] Microsoft.AspNetCore.Hosting.Diagnostics | Request starting HTTP/1.1 GET http://localhost:5217/api/Modules?organizationId=8 - null null
2026-04-09 17:31:08.557 [INF] Microsoft.AspNetCore.Hosting.Diagnostics | Request starting HTTP/1.1 GET http://localhost:5217/api/Modules?organizationId=1 - null null
2026-04-09 17:31:08.558 [INF] Microsoft.AspNetCore.Routing.EndpointMiddleware | Executing endpoint 'backend.Controllers.ModulesController.Get (backend)'
2026-04-09 17:31:08.558 [INF] Microsoft.AspNetCore.Routing.EndpointMiddleware | Executing endpoint 'backend.Controllers.ModulesController.Get (backend)'
2026-04-09 17:31:08.558 [INF] Microsoft.AspNetCore.Mvc.Infrastructure.ControllerActionInvoker | Route matched with {action = "Get", controller = "Modules"}. Executing controller action with signature System.Threading.Tasks.Task`1[Microsoft.AspNetCore.Mvc.IActionResult] Get(System.Nullable`1[System.Int32]) on controller backend.Controllers.ModulesController (backend).
2026-04-09 17:31:08.558 [INF] Microsoft.AspNetCore.Mvc.Infrastructure.ControllerActionInvoker | Route matched with {action = "Get", controller = "Modules"}. Executing controller action with signature System.Threading.Tasks.Task`1[Microsoft.AspNetCore.Mvc.IActionResult] Get(System.Nullable`1[System.Int32]) on controller backend.Controllers.ModulesController (backend).
2026-04-09 17:31:08.559 [INF] Microsoft.AspNetCore.Hosting.Diagnostics | Request starting HTTP/1.1 GET http://localhost:5217/api/Modules?organizationId=9 - null null
2026-04-09 17:31:08.559 [INF] Microsoft.AspNetCore.Hosting.Diagnostics | Request starting HTTP/1.1 GET http://localhost:5217/api/Modules?organizationId=12 - null null
2026-04-09 17:31:08.559 [INF] Microsoft.AspNetCore.Routing.EndpointMiddleware | Executing endpoint 'backend.Controllers.ModulesController.Get (backend)'
2026-04-09 17:31:08.559 [INF] Microsoft.AspNetCore.Mvc.Infrastructure.ControllerActionInvoker | Route matched with {action = "Get", controller = "Modules"}. Executing controller action with signature System.Threading.Tasks.Task`1[Microsoft.AspNetCore.Mvc.IActionResult] Get(System.Nullable`1[System.Int32]) on controller backend.Controllers.ModulesController (backend).
2026-04-09 17:31:08.559 [INF] Microsoft.AspNetCore.Hosting.Diagnostics | Request starting HTTP/1.1 GET http://localhost:5217/api/Modules?organizationId=3 - null null
2026-04-09 17:31:08.560 [INF] Microsoft.AspNetCore.Routing.EndpointMiddleware | Executing endpoint 'backend.Controllers.ModulesController.Get (backend)'
2026-04-09 17:31:08.560 [INF] Microsoft.AspNetCore.Mvc.Infrastructure.ControllerActionInvoker | Route matched with {action = "Get", controller = "Modules"}. Executing controller action with signature System.Threading.Tasks.Task`1[Microsoft.AspNetCore.Mvc.IActionResult] Get(System.Nullable`1[System.Int32]) on controller backend.Controllers.ModulesController (backend).
2026-04-09 17:31:08.560 [INF] Microsoft.AspNetCore.Routing.EndpointMiddleware | Executing endpoint 'backend.Controllers.ModulesController.Get (backend)'
2026-04-09 17:31:08.560 [INF] Microsoft.AspNetCore.Mvc.Infrastructure.ControllerActionInvoker | Route matched with {action = "Get", controller = "Modules"}. Executing controller action with signature System.Threading.Tasks.Task`1[Microsoft.AspNetCore.Mvc.IActionResult] Get(System.Nullable`1[System.Int32]) on controller backend.Controllers.ModulesController (backend).
2026-04-09 17:31:08.568 [INF] Microsoft.AspNetCore.Mvc.Infrastructure.ObjectResultExecutor | Executing OkObjectResult, writing value of type 'System.Collections.Generic.List`1[[backend.Models.ModuleInfo, backend, Version=1.0.0.0, Culture=neutral, PublicKeyToken=null]]'.
2026-04-09 17:31:08.568 [INF] Microsoft.AspNetCore.Mvc.Infrastructure.ControllerActionInvoker | Executed action backend.Controllers.ModulesController.Get (backend) in 13.3406ms
2026-04-09 17:31:08.568 [INF] Microsoft.AspNetCore.Routing.EndpointMiddleware | Executed endpoint 'backend.Controllers.ModulesController.Get (backend)'
2026-04-09 17:31:08.568 [INF] Serilog.AspNetCore.RequestLoggingMiddleware | HTTP GET /api/Modules → 200 (14.3ms)
2026-04-09 17:31:08.568 [INF] Microsoft.AspNetCore.Hosting.Diagnostics | Request finished HTTP/1.1 GET http://localhost:5217/api/Modules?organizationId=2 - 200 null application/json; charset=utf-8 15.2845ms
2026-04-09 17:31:08.573 [INF] Microsoft.AspNetCore.Mvc.Infrastructure.ObjectResultExecutor | Executing OkObjectResult, writing value of type 'System.Collections.Generic.List`1[[backend.Models.ModuleInfo, backend, Version=1.0.0.0, Culture=neutral, PublicKeyToken=null]]'.
2026-04-09 17:31:08.574 [INF] Microsoft.AspNetCore.Mvc.Infrastructure.ControllerActionInvoker | Executed action backend.Controllers.ModulesController.Get (backend) in 15.8334ms
2026-04-09 17:31:08.574 [INF] Microsoft.AspNetCore.Routing.EndpointMiddleware | Executed endpoint 'backend.Controllers.ModulesController.Get (backend)'
2026-04-09 17:31:08.574 [INF] Serilog.AspNetCore.RequestLoggingMiddleware | HTTP GET /api/Modules → 200 (16.4ms)
2026-04-09 17:31:08.574 [INF] Microsoft.AspNetCore.Hosting.Diagnostics | Request finished HTTP/1.1 GET http://localhost:5217/api/Modules?organizationId=1 - 200 null application/json; charset=utf-8 17.049ms
2026-04-09 17:31:08.575 [INF] Microsoft.AspNetCore.Hosting.Diagnostics | Request starting HTTP/1.1 GET http://localhost:5217/api/Modules?organizationId=2 - null null
2026-04-09 17:31:08.576 [INF] Microsoft.AspNetCore.Routing.EndpointMiddleware | Executing endpoint 'backend.Controllers.ModulesController.Get (backend)'
2026-04-09 17:31:08.577 [INF] Microsoft.AspNetCore.Mvc.Infrastructure.ControllerActionInvoker | Route matched with {action = "Get", controller = "Modules"}. Executing controller action with signature System.Threading.Tasks.Task`1[Microsoft.AspNetCore.Mvc.IActionResult] Get(System.Nullable`1[System.Int32]) on controller backend.Controllers.ModulesController (backend).
2026-04-09 17:31:08.580 [INF] Microsoft.AspNetCore.Mvc.Infrastructure.ObjectResultExecutor | Executing OkObjectResult, writing value of type 'System.Collections.Generic.List`1[[backend.Models.ModuleInfo, backend, Version=1.0.0.0, Culture=neutral, PublicKeyToken=null]]'.
2026-04-09 17:31:08.580 [INF] Microsoft.AspNetCore.Mvc.Infrastructure.ControllerActionInvoker | Executed action backend.Controllers.ModulesController.Get (backend) in 20.5532ms
2026-04-09 17:31:08.580 [INF] Microsoft.AspNetCore.Routing.EndpointMiddleware | Executed endpoint 'backend.Controllers.ModulesController.Get (backend)'
2026-04-09 17:31:08.580 [INF] Serilog.AspNetCore.RequestLoggingMiddleware | HTTP GET /api/Modules → 200 (20.8ms)
2026-04-09 17:31:08.580 [INF] Microsoft.AspNetCore.Hosting.Diagnostics | Request finished HTTP/1.1 GET http://localhost:5217/api/Modules?organizationId=9 - 200 null application/json; charset=utf-8 21.3196ms
2026-04-09 17:31:08.581 [INF] Microsoft.AspNetCore.Hosting.Diagnostics | Request starting HTTP/1.1 GET http://localhost:5217/api/Modules?organizationId=1 - null null
2026-04-09 17:31:08.582 [INF] Microsoft.AspNetCore.Routing.EndpointMiddleware | Executing endpoint 'backend.Controllers.ModulesController.Get (backend)'
2026-04-09 17:31:08.582 [INF] Microsoft.AspNetCore.Mvc.Infrastructure.ControllerActionInvoker | Route matched with {action = "Get", controller = "Modules"}. Executing controller action with signature System.Threading.Tasks.Task`1[Microsoft.AspNetCore.Mvc.IActionResult] Get(System.Nullable`1[System.Int32]) on controller backend.Controllers.ModulesController (backend).
2026-04-09 17:31:08.585 [INF] Microsoft.AspNetCore.Mvc.Infrastructure.ObjectResultExecutor | Executing OkObjectResult, writing value of type 'System.Collections.Generic.List`1[[backend.Models.ModuleInfo, backend, Version=1.0.0.0, Culture=neutral, PublicKeyToken=null]]'.
2026-04-09 17:31:08.585 [INF] Microsoft.AspNetCore.Mvc.Infrastructure.ControllerActionInvoker | Executed action backend.Controllers.ModulesController.Get (backend) in 25.2839ms
2026-04-09 17:31:08.585 [INF] Microsoft.AspNetCore.Routing.EndpointMiddleware | Executed endpoint 'backend.Controllers.ModulesController.Get (backend)'
2026-04-09 17:31:08.585 [INF] Serilog.AspNetCore.RequestLoggingMiddleware | HTTP GET /api/Modules → 200 (25.6ms)
2026-04-09 17:31:08.585 [INF] Microsoft.AspNetCore.Hosting.Diagnostics | Request finished HTTP/1.1 GET http://localhost:5217/api/Modules?organizationId=12 - 200 null application/json; charset=utf-8 26.4469ms
2026-04-09 17:31:08.586 [INF] Microsoft.AspNetCore.Hosting.Diagnostics | Request starting HTTP/1.1 GET http://localhost:5217/api/Modules?organizationId=9 - null null
2026-04-09 17:31:08.586 [INF] Microsoft.AspNetCore.Routing.EndpointMiddleware | Executing endpoint 'backend.Controllers.ModulesController.Get (backend)'
2026-04-09 17:31:08.586 [INF] Microsoft.AspNetCore.Mvc.Infrastructure.ControllerActionInvoker | Route matched with {action = "Get", controller = "Modules"}. Executing controller action with signature System.Threading.Tasks.Task`1[Microsoft.AspNetCore.Mvc.IActionResult] Get(System.Nullable`1[System.Int32]) on controller backend.Controllers.ModulesController (backend).
2026-04-09 17:31:08.590 [INF] Microsoft.AspNetCore.Hosting.Diagnostics | Request starting HTTP/1.1 GET http://localhost:5217/api/Modules?organizationId=12 - null null
2026-04-09 17:31:08.590 [INF] Microsoft.AspNetCore.Routing.EndpointMiddleware | Executing endpoint 'backend.Controllers.ModulesController.Get (backend)'
2026-04-09 17:31:08.590 [INF] Microsoft.AspNetCore.Mvc.Infrastructure.ControllerActionInvoker | Route matched with {action = "Get", controller = "Modules"}. Executing controller action with signature System.Threading.Tasks.Task`1[Microsoft.AspNetCore.Mvc.IActionResult] Get(System.Nullable`1[System.Int32]) on controller backend.Controllers.ModulesController (backend).
2026-04-09 17:31:08.592 [INF] Microsoft.AspNetCore.Mvc.Infrastructure.ObjectResultExecutor | Executing OkObjectResult, writing value of type 'System.Collections.Generic.List`1[[backend.Models.ModuleInfo, backend, Version=1.0.0.0, Culture=neutral, PublicKeyToken=null]]'.
2026-04-09 17:31:08.592 [INF] Microsoft.AspNetCore.Mvc.Infrastructure.ControllerActionInvoker | Executed action backend.Controllers.ModulesController.Get (backend) in 31.6454ms
2026-04-09 17:31:08.592 [INF] Microsoft.AspNetCore.Routing.EndpointMiddleware | Executed endpoint 'backend.Controllers.ModulesController.Get (backend)'
2026-04-09 17:31:08.592 [INF] Serilog.AspNetCore.RequestLoggingMiddleware | HTTP GET /api/Modules → 200 (32.2ms)
2026-04-09 17:31:08.592 [INF] Microsoft.AspNetCore.Hosting.Diagnostics | Request finished HTTP/1.1 GET http://localhost:5217/api/Modules?organizationId=3 - 200 null application/json; charset=utf-8 32.7033ms
2026-04-09 17:31:08.596 [INF] Microsoft.AspNetCore.Hosting.Diagnostics | Request starting HTTP/1.1 GET http://localhost:5217/api/Modules?organizationId=3 - null null
2026-04-09 17:31:08.597 [INF] Microsoft.AspNetCore.Mvc.Infrastructure.ObjectResultExecutor | Executing OkObjectResult, writing value of type 'System.Collections.Generic.List`1[[backend.Models.ModuleInfo, backend, Version=1.0.0.0, Culture=neutral, PublicKeyToken=null]]'.
2026-04-09 17:31:08.597 [INF] Microsoft.AspNetCore.Routing.EndpointMiddleware | Executing endpoint 'backend.Controllers.ModulesController.Get (backend)'
2026-04-09 17:31:08.597 [INF] Microsoft.AspNetCore.Mvc.Infrastructure.ControllerActionInvoker | Executed action backend.Controllers.ModulesController.Get (backend) in 20.2873ms
2026-04-09 17:31:08.597 [INF] Microsoft.AspNetCore.Routing.EndpointMiddleware | Executed endpoint 'backend.Controllers.ModulesController.Get (backend)'
2026-04-09 17:31:08.597 [INF] Microsoft.AspNetCore.Mvc.Infrastructure.ControllerActionInvoker | Route matched with {action = "Get", controller = "Modules"}. Executing controller action with signature System.Threading.Tasks.Task`1[Microsoft.AspNetCore.Mvc.IActionResult] Get(System.Nullable`1[System.Int32]) on controller backend.Controllers.ModulesController (backend).
2026-04-09 17:31:08.597 [INF] Serilog.AspNetCore.RequestLoggingMiddleware | HTTP GET /api/Modules → 200 (20.7ms)
2026-04-09 17:31:08.597 [INF] Microsoft.AspNetCore.Hosting.Diagnostics | Request finished HTTP/1.1 GET http://localhost:5217/api/Modules?organizationId=2 - 200 null application/json; charset=utf-8 22.2371ms
2026-04-09 17:31:08.603 [INF] Microsoft.AspNetCore.Mvc.Infrastructure.ObjectResultExecutor | Executing OkObjectResult, writing value of type 'System.Collections.Generic.List`1[[backend.Models.ModuleInfo, backend, Version=1.0.0.0, Culture=neutral, PublicKeyToken=null]]'.
2026-04-09 17:31:08.603 [INF] Microsoft.AspNetCore.Mvc.Infrastructure.ControllerActionInvoker | Executed action backend.Controllers.ModulesController.Get (backend) in 21.6111ms
2026-04-09 17:31:08.604 [INF] Microsoft.AspNetCore.Routing.EndpointMiddleware | Executed endpoint 'backend.Controllers.ModulesController.Get (backend)'
2026-04-09 17:31:08.604 [INF] Serilog.AspNetCore.RequestLoggingMiddleware | HTTP GET /api/Modules → 200 (21.9ms)
2026-04-09 17:31:08.604 [INF] Microsoft.AspNetCore.Hosting.Diagnostics | Request finished HTTP/1.1 GET http://localhost:5217/api/Modules?organizationId=1 - 200 null application/json; charset=utf-8 22.3124ms
2026-04-09 17:31:08.614 [INF] Microsoft.AspNetCore.Mvc.Infrastructure.ObjectResultExecutor | Executing OkObjectResult, writing value of type 'System.Collections.Generic.List`1[[backend.Models.ModuleInfo, backend, Version=1.0.0.0, Culture=neutral, PublicKeyToken=null]]'.
2026-04-09 17:31:08.614 [INF] Microsoft.AspNetCore.Mvc.Infrastructure.ObjectResultExecutor | Executing OkObjectResult, writing value of type 'System.Collections.Generic.List`1[[backend.Models.ModuleInfo, backend, Version=1.0.0.0, Culture=neutral, PublicKeyToken=null]]'.
2026-04-09 17:31:08.615 [INF] Microsoft.AspNetCore.Mvc.Infrastructure.ControllerActionInvoker | Executed action backend.Controllers.ModulesController.Get (backend) in 28.3821ms
2026-04-09 17:31:08.615 [INF] Microsoft.AspNetCore.Mvc.Infrastructure.ControllerActionInvoker | Executed action backend.Controllers.ModulesController.Get (backend) in 24.1614ms
2026-04-09 17:31:08.615 [INF] Microsoft.AspNetCore.Routing.EndpointMiddleware | Executed endpoint 'backend.Controllers.ModulesController.Get (backend)'
2026-04-09 17:31:08.615 [INF] Microsoft.AspNetCore.Routing.EndpointMiddleware | Executed endpoint 'backend.Controllers.ModulesController.Get (backend)'
2026-04-09 17:31:08.615 [INF] Serilog.AspNetCore.RequestLoggingMiddleware | HTTP GET /api/Modules → 200 (28.6ms)
2026-04-09 17:31:08.615 [INF] Microsoft.AspNetCore.Hosting.Diagnostics | Request finished HTTP/1.1 GET http://localhost:5217/api/Modules?organizationId=9 - 200 null application/json; charset=utf-8 28.9997ms
2026-04-09 17:31:08.615 [INF] Serilog.AspNetCore.RequestLoggingMiddleware | HTTP GET /api/Modules → 200 (24.4ms)
2026-04-09 17:31:08.615 [INF] Microsoft.AspNetCore.Hosting.Diagnostics | Request finished HTTP/1.1 GET http://localhost:5217/api/Modules?organizationId=12 - 200 null application/json; charset=utf-8 24.8677ms
2026-04-09 17:31:08.630 [INF] Microsoft.AspNetCore.Mvc.Infrastructure.ObjectResultExecutor | Executing OkObjectResult, writing value of type 'System.Collections.Generic.List`1[[backend.Models.ModuleInfo, backend, Version=1.0.0.0, Culture=neutral, PublicKeyToken=null]]'.
2026-04-09 17:31:08.630 [INF] Microsoft.AspNetCore.Mvc.Infrastructure.ControllerActionInvoker | Executed action backend.Controllers.ModulesController.Get (backend) in 72.2253ms
2026-04-09 17:31:08.630 [INF] Microsoft.AspNetCore.Routing.EndpointMiddleware | Executed endpoint 'backend.Controllers.ModulesController.Get (backend)'
2026-04-09 17:31:08.630 [INF] Serilog.AspNetCore.RequestLoggingMiddleware | HTTP GET /api/Modules → 200 (72.8ms)
2026-04-09 17:31:08.631 [INF] Microsoft.AspNetCore.Hosting.Diagnostics | Request finished HTTP/1.1 GET http://localhost:5217/api/Modules?organizationId=8 - 200 null application/json; charset=utf-8 74.1628ms
2026-04-09 17:31:08.636 [INF] Microsoft.AspNetCore.Hosting.Diagnostics | Request starting HTTP/1.1 GET http://localhost:5217/api/Modules?organizationId=8 - null null
2026-04-09 17:31:08.636 [INF] Microsoft.AspNetCore.Routing.EndpointMiddleware | Executing endpoint 'backend.Controllers.ModulesController.Get (backend)'
2026-04-09 17:31:08.636 [INF] Microsoft.AspNetCore.Mvc.Infrastructure.ControllerActionInvoker | Route matched with {action = "Get", controller = "Modules"}. Executing controller action with signature System.Threading.Tasks.Task`1[Microsoft.AspNetCore.Mvc.IActionResult] Get(System.Nullable`1[System.Int32]) on controller backend.Controllers.ModulesController (backend).
2026-04-09 17:31:08.650 [INF] Microsoft.AspNetCore.Mvc.Infrastructure.ObjectResultExecutor | Executing OkObjectResult, writing value of type 'System.Collections.Generic.List`1[[backend.Models.ModuleInfo, backend, Version=1.0.0.0, Culture=neutral, PublicKeyToken=null]]'.
2026-04-09 17:31:08.650 [INF] Microsoft.AspNetCore.Mvc.Infrastructure.ControllerActionInvoker | Executed action backend.Controllers.ModulesController.Get (backend) in 14.0742ms
2026-04-09 17:31:08.650 [INF] Microsoft.AspNetCore.Routing.EndpointMiddleware | Executed endpoint 'backend.Controllers.ModulesController.Get (backend)'
2026-04-09 17:31:08.650 [INF] Serilog.AspNetCore.RequestLoggingMiddleware | HTTP GET /api/Modules → 200 (14.3ms)
2026-04-09 17:31:08.650 [INF] Microsoft.AspNetCore.Hosting.Diagnostics | Request finished HTTP/1.1 GET http://localhost:5217/api/Modules?organizationId=8 - 200 null application/json; charset=utf-8 14.7642ms
2026-04-09 17:31:08.678 [INF] Microsoft.AspNetCore.Mvc.Infrastructure.ObjectResultExecutor | Executing OkObjectResult, writing value of type 'System.Collections.Generic.List`1[[backend.Models.ModuleInfo, backend, Version=1.0.0.0, Culture=neutral, PublicKeyToken=null]]'.
2026-04-09 17:31:08.678 [INF] Microsoft.AspNetCore.Mvc.Infrastructure.ControllerActionInvoker | Executed action backend.Controllers.ModulesController.Get (backend) in 80.9136ms
2026-04-09 17:31:08.678 [INF] Microsoft.AspNetCore.Routing.EndpointMiddleware | Executed endpoint 'backend.Controllers.ModulesController.Get (backend)'
2026-04-09 17:31:08.678 [INF] Serilog.AspNetCore.RequestLoggingMiddleware | HTTP GET /api/Modules → 200 (81.1ms)
2026-04-09 17:31:08.678 [INF] Microsoft.AspNetCore.Hosting.Diagnostics | Request finished HTTP/1.1 GET http://localhost:5217/api/Modules?organizationId=3 - 200 null application/json; charset=utf-8 81.5451ms
2026-04-09 17:31:08.679 [INF] Microsoft.AspNetCore.Hosting.Diagnostics | Request starting HTTP/1.1 GET http://localhost:5217/api/Modules?organizationId=2 - null null
2026-04-09 17:31:08.679 [INF] Microsoft.AspNetCore.Hosting.Diagnostics | Request starting HTTP/1.1 GET http://localhost:5217/api/Modules?organizationId=8 - null null
2026-04-09 17:31:08.679 [INF] Microsoft.AspNetCore.Routing.EndpointMiddleware | Executing endpoint 'backend.Controllers.ModulesController.Get (backend)'
2026-04-09 17:31:08.680 [INF] Microsoft.AspNetCore.Routing.EndpointMiddleware | Executing endpoint 'backend.Controllers.ModulesController.Get (backend)'
2026-04-09 17:31:08.680 [INF] Microsoft.AspNetCore.Mvc.Infrastructure.ControllerActionInvoker | Route matched with {action = "Get", controller = "Modules"}. Executing controller action with signature System.Threading.Tasks.Task`1[Microsoft.AspNetCore.Mvc.IActionResult] Get(System.Nullable`1[System.Int32]) on controller backend.Controllers.ModulesController (backend).
2026-04-09 17:31:08.680 [INF] Microsoft.AspNetCore.Mvc.Infrastructure.ControllerActionInvoker | Route matched with {action = "Get", controller = "Modules"}. Executing controller action with signature System.Threading.Tasks.Task`1[Microsoft.AspNetCore.Mvc.IActionResult] Get(System.Nullable`1[System.Int32]) on controller backend.Controllers.ModulesController (backend).
2026-04-09 17:31:08.680 [INF] Microsoft.AspNetCore.Hosting.Diagnostics | Request starting HTTP/1.1 GET http://localhost:5217/api/Modules?organizationId=1 - null null
2026-04-09 17:31:08.680 [INF] Microsoft.AspNetCore.Routing.EndpointMiddleware | Executing endpoint 'backend.Controllers.ModulesController.Get (backend)'
2026-04-09 17:31:08.680 [INF] Microsoft.AspNetCore.Mvc.Infrastructure.ControllerActionInvoker | Route matched with {action = "Get", controller = "Modules"}. Executing controller action with signature System.Threading.Tasks.Task`1[Microsoft.AspNetCore.Mvc.IActionResult] Get(System.Nullable`1[System.Int32]) on controller backend.Controllers.ModulesController (backend).
2026-04-09 17:31:08.680 [INF] Microsoft.AspNetCore.Hosting.Diagnostics | Request starting HTTP/1.1 GET http://localhost:5217/api/Modules?organizationId=12 - null null
2026-04-09 17:31:08.680 [INF] Microsoft.AspNetCore.Routing.EndpointMiddleware | Executing endpoint 'backend.Controllers.ModulesController.Get (backend)'
2026-04-09 17:31:08.680 [INF] Microsoft.AspNetCore.Mvc.Infrastructure.ControllerActionInvoker | Route matched with {action = "Get", controller = "Modules"}. Executing controller action with signature System.Threading.Tasks.Task`1[Microsoft.AspNetCore.Mvc.IActionResult] Get(System.Nullable`1[System.Int32]) on controller backend.Controllers.ModulesController (backend).
2026-04-09 17:31:08.681 [INF] Microsoft.AspNetCore.Hosting.Diagnostics | Request starting HTTP/1.1 GET http://localhost:5217/api/Modules?organizationId=9 - null null
2026-04-09 17:31:08.682 [INF] Microsoft.AspNetCore.Routing.EndpointMiddleware | Executing endpoint 'backend.Controllers.ModulesController.Get (backend)'
2026-04-09 17:31:08.682 [INF] Microsoft.AspNetCore.Mvc.Infrastructure.ControllerActionInvoker | Route matched with {action = "Get", controller = "Modules"}. Executing controller action with signature System.Threading.Tasks.Task`1[Microsoft.AspNetCore.Mvc.IActionResult] Get(System.Nullable`1[System.Int32]) on controller backend.Controllers.ModulesController (backend).
2026-04-09 17:31:08.684 [INF] Microsoft.AspNetCore.Hosting.Diagnostics | Request starting HTTP/1.1 GET http://localhost:5217/api/Modules?organizationId=3 - null null
2026-04-09 17:31:08.684 [INF] Microsoft.AspNetCore.Routing.EndpointMiddleware | Executing endpoint 'backend.Controllers.ModulesController.Get (backend)'
2026-04-09 17:31:08.684 [INF] Microsoft.AspNetCore.Mvc.Infrastructure.ControllerActionInvoker | Route matched with {action = "Get", controller = "Modules"}. Executing controller action with signature System.Threading.Tasks.Task`1[Microsoft.AspNetCore.Mvc.IActionResult] Get(System.Nullable`1[System.Int32]) on controller backend.Controllers.ModulesController (backend).
2026-04-09 17:31:08.694 [INF] Microsoft.AspNetCore.Mvc.Infrastructure.ObjectResultExecutor | Executing OkObjectResult, writing value of type 'System.Collections.Generic.List`1[[backend.Models.ModuleInfo, backend, Version=1.0.0.0, Culture=neutral, PublicKeyToken=null]]'.
2026-04-09 17:31:08.694 [INF] Microsoft.AspNetCore.Mvc.Infrastructure.ObjectResultExecutor | Executing OkObjectResult, writing value of type 'System.Collections.Generic.List`1[[backend.Models.ModuleInfo, backend, Version=1.0.0.0, Culture=neutral, PublicKeyToken=null]]'.
2026-04-09 17:31:08.694 [INF] Microsoft.AspNetCore.Mvc.Infrastructure.ObjectResultExecutor | Executing OkObjectResult, writing value of type 'System.Collections.Generic.List`1[[backend.Models.ModuleInfo, backend, Version=1.0.0.0, Culture=neutral, PublicKeyToken=null]]'.
2026-04-09 17:31:08.694 [INF] Microsoft.AspNetCore.Mvc.Infrastructure.ControllerActionInvoker | Executed action backend.Controllers.ModulesController.Get (backend) in 14.4482ms
2026-04-09 17:31:08.694 [INF] Microsoft.AspNetCore.Mvc.Infrastructure.ControllerActionInvoker | Executed action backend.Controllers.ModulesController.Get (backend) in 14.7736ms
2026-04-09 17:31:08.694 [INF] Microsoft.AspNetCore.Mvc.Infrastructure.ControllerActionInvoker | Executed action backend.Controllers.ModulesController.Get (backend) in 14.7606ms
2026-04-09 17:31:08.694 [INF] Microsoft.AspNetCore.Routing.EndpointMiddleware | Executed endpoint 'backend.Controllers.ModulesController.Get (backend)'
2026-04-09 17:31:08.694 [INF] Microsoft.AspNetCore.Routing.EndpointMiddleware | Executed endpoint 'backend.Controllers.ModulesController.Get (backend)'
2026-04-09 17:31:08.694 [INF] Serilog.AspNetCore.RequestLoggingMiddleware | HTTP GET /api/Modules → 200 (15.0ms)
2026-04-09 17:31:08.695 [INF] Microsoft.AspNetCore.Hosting.Diagnostics | Request finished HTTP/1.1 GET http://localhost:5217/api/Modules?organizationId=8 - 200 null application/json; charset=utf-8 15.2583ms
2026-04-09 17:31:08.694 [INF] Serilog.AspNetCore.RequestLoggingMiddleware | HTTP GET /api/Modules → 200 (15.0ms)
2026-04-09 17:31:08.694 [INF] Microsoft.AspNetCore.Routing.EndpointMiddleware | Executed endpoint 'backend.Controllers.ModulesController.Get (backend)'
2026-04-09 17:31:08.695 [INF] Microsoft.AspNetCore.Mvc.Infrastructure.ObjectResultExecutor | Executing OkObjectResult, writing value of type 'System.Collections.Generic.List`1[[backend.Models.ModuleInfo, backend, Version=1.0.0.0, Culture=neutral, PublicKeyToken=null]]'.
2026-04-09 17:31:08.695 [INF] Microsoft.AspNetCore.Mvc.Infrastructure.ControllerActionInvoker | Executed action backend.Controllers.ModulesController.Get (backend) in 14.5251ms
2026-04-09 17:31:08.695 [INF] Microsoft.AspNetCore.Routing.EndpointMiddleware | Executed endpoint 'backend.Controllers.ModulesController.Get (backend)'
2026-04-09 17:31:08.695 [INF] Serilog.AspNetCore.RequestLoggingMiddleware | HTTP GET /api/Modules → 200 (14.6ms)
2026-04-09 17:31:08.695 [INF] Microsoft.AspNetCore.Hosting.Diagnostics | Request finished HTTP/1.1 GET http://localhost:5217/api/Modules?organizationId=12 - 200 null application/json; charset=utf-8 14.7965ms
2026-04-09 17:31:08.695 [INF] Microsoft.AspNetCore.Hosting.Diagnostics | Request finished HTTP/1.1 GET http://localhost:5217/api/Modules?organizationId=2 - 200 null application/json; charset=utf-8 15.6879ms
2026-04-09 17:31:08.695 [INF] Serilog.AspNetCore.RequestLoggingMiddleware | HTTP GET /api/Modules → 200 (14.9ms)
2026-04-09 17:31:08.695 [INF] Microsoft.AspNetCore.Hosting.Diagnostics | Request finished HTTP/1.1 GET http://localhost:5217/api/Modules?organizationId=1 - 200 null application/json; charset=utf-8 15.3899ms
2026-04-09 17:31:08.705 [INF] Microsoft.AspNetCore.Mvc.Infrastructure.ObjectResultExecutor | Executing OkObjectResult, writing value of type 'System.Collections.Generic.List`1[[backend.Models.ModuleInfo, backend, Version=1.0.0.0, Culture=neutral, PublicKeyToken=null]]'.
2026-04-09 17:31:08.706 [INF] Microsoft.AspNetCore.Mvc.Infrastructure.ControllerActionInvoker | Executed action backend.Controllers.ModulesController.Get (backend) in 21.1364ms
2026-04-09 17:31:08.706 [INF] Microsoft.AspNetCore.Routing.EndpointMiddleware | Executed endpoint 'backend.Controllers.ModulesController.Get (backend)'
2026-04-09 17:31:08.706 [INF] Serilog.AspNetCore.RequestLoggingMiddleware | HTTP GET /api/Modules → 200 (21.4ms)
2026-04-09 17:31:08.706 [INF] Microsoft.AspNetCore.Hosting.Diagnostics | Request finished HTTP/1.1 GET http://localhost:5217/api/Modules?organizationId=3 - 200 null application/json; charset=utf-8 21.8063ms
2026-04-09 17:31:08.741 [INF] Microsoft.AspNetCore.Mvc.Infrastructure.ObjectResultExecutor | Executing OkObjectResult, writing value of type 'System.Collections.Generic.List`1[[backend.Models.ModuleInfo, backend, Version=1.0.0.0, Culture=neutral, PublicKeyToken=null]]'.
2026-04-09 17:31:08.742 [INF] Microsoft.AspNetCore.Mvc.Infrastructure.ControllerActionInvoker | Executed action backend.Controllers.ModulesController.Get (backend) in 59.7216ms
2026-04-09 17:31:08.742 [INF] Microsoft.AspNetCore.Routing.EndpointMiddleware | Executed endpoint 'backend.Controllers.ModulesController.Get (backend)'
2026-04-09 17:31:08.742 [INF] Serilog.AspNetCore.RequestLoggingMiddleware | HTTP GET /api/Modules → 200 (60.0ms)
2026-04-09 17:31:08.742 [INF] Microsoft.AspNetCore.Hosting.Diagnostics | Request finished HTTP/1.1 GET http://localhost:5217/api/Modules?organizationId=9 - 200 null application/json; charset=utf-8 60.3784ms
2026-04-09 17:31:08.793 [INF] Microsoft.AspNetCore.Hosting.Diagnostics | Request starting HTTP/1.1 GET http://localhost:5217/api/Modules?organizationId=2 - null null
2026-04-09 17:31:08.793 [INF] Microsoft.AspNetCore.Hosting.Diagnostics | Request starting HTTP/1.1 GET http://localhost:5217/api/Modules?organizationId=8 - null null
2026-04-09 17:31:08.793 [INF] Microsoft.AspNetCore.Routing.EndpointMiddleware | Executing endpoint 'backend.Controllers.ModulesController.Get (backend)'
2026-04-09 17:31:08.793 [INF] Microsoft.AspNetCore.Mvc.Infrastructure.ControllerActionInvoker | Route matched with {action = "Get", controller = "Modules"}. Executing controller action with signature System.Threading.Tasks.Task`1[Microsoft.AspNetCore.Mvc.IActionResult] Get(System.Nullable`1[System.Int32]) on controller backend.Controllers.ModulesController (backend).
2026-04-09 17:31:08.793 [INF] Microsoft.AspNetCore.Routing.EndpointMiddleware | Executing endpoint 'backend.Controllers.ModulesController.Get (backend)'
2026-04-09 17:31:08.793 [INF] Microsoft.AspNetCore.Mvc.Infrastructure.ControllerActionInvoker | Route matched with {action = "Get", controller = "Modules"}. Executing controller action with signature System.Threading.Tasks.Task`1[Microsoft.AspNetCore.Mvc.IActionResult] Get(System.Nullable`1[System.Int32]) on controller backend.Controllers.ModulesController (backend).
2026-04-09 17:31:08.793 [INF] Microsoft.AspNetCore.Hosting.Diagnostics | Request starting HTTP/1.1 GET http://localhost:5217/api/Modules?organizationId=1 - null null
2026-04-09 17:31:08.794 [INF] Microsoft.AspNetCore.Routing.EndpointMiddleware | Executing endpoint 'backend.Controllers.ModulesController.Get (backend)'
2026-04-09 17:31:08.794 [INF] Microsoft.AspNetCore.Mvc.Infrastructure.ControllerActionInvoker | Route matched with {action = "Get", controller = "Modules"}. Executing controller action with signature System.Threading.Tasks.Task`1[Microsoft.AspNetCore.Mvc.IActionResult] Get(System.Nullable`1[System.Int32]) on controller backend.Controllers.ModulesController (backend).
2026-04-09 17:31:08.794 [INF] Microsoft.AspNetCore.Hosting.Diagnostics | Request starting HTTP/1.1 GET http://localhost:5217/api/Modules?organizationId=12 - null null
2026-04-09 17:31:08.794 [INF] Microsoft.AspNetCore.Routing.EndpointMiddleware | Executing endpoint 'backend.Controllers.ModulesController.Get (backend)'
2026-04-09 17:31:08.794 [INF] Microsoft.AspNetCore.Mvc.Infrastructure.ControllerActionInvoker | Route matched with {action = "Get", controller = "Modules"}. Executing controller action with signature System.Threading.Tasks.Task`1[Microsoft.AspNetCore.Mvc.IActionResult] Get(System.Nullable`1[System.Int32]) on controller backend.Controllers.ModulesController (backend).
2026-04-09 17:31:08.794 [INF] Microsoft.AspNetCore.Hosting.Diagnostics | Request starting HTTP/1.1 GET http://localhost:5217/api/Modules?organizationId=9 - null null
2026-04-09 17:31:08.795 [INF] Microsoft.AspNetCore.Hosting.Diagnostics | Request starting HTTP/1.1 GET http://localhost:5217/api/Modules?organizationId=3 - null null
2026-04-09 17:31:08.795 [INF] Microsoft.AspNetCore.Routing.EndpointMiddleware | Executing endpoint 'backend.Controllers.ModulesController.Get (backend)'
2026-04-09 17:31:08.795 [INF] Microsoft.AspNetCore.Mvc.Infrastructure.ControllerActionInvoker | Route matched with {action = "Get", controller = "Modules"}. Executing controller action with signature System.Threading.Tasks.Task`1[Microsoft.AspNetCore.Mvc.IActionResult] Get(System.Nullable`1[System.Int32]) on controller backend.Controllers.ModulesController (backend).
2026-04-09 17:31:08.795 [INF] Microsoft.AspNetCore.Routing.EndpointMiddleware | Executing endpoint 'backend.Controllers.ModulesController.Get (backend)'
2026-04-09 17:31:08.796 [INF] Microsoft.AspNetCore.Mvc.Infrastructure.ControllerActionInvoker | Route matched with {action = "Get", controller = "Modules"}. Executing controller action with signature System.Threading.Tasks.Task`1[Microsoft.AspNetCore.Mvc.IActionResult] Get(System.Nullable`1[System.Int32]) on controller backend.Controllers.ModulesController (backend).
2026-04-09 17:31:08.805 [INF] Microsoft.AspNetCore.Mvc.Infrastructure.ObjectResultExecutor | Executing OkObjectResult, writing value of type 'System.Collections.Generic.List`1[[backend.Models.ModuleInfo, backend, Version=1.0.0.0, Culture=neutral, PublicKeyToken=null]]'.
2026-04-09 17:31:08.805 [INF] Microsoft.AspNetCore.Mvc.Infrastructure.ObjectResultExecutor | Executing OkObjectResult, writing value of type 'System.Collections.Generic.List`1[[backend.Models.ModuleInfo, backend, Version=1.0.0.0, Culture=neutral, PublicKeyToken=null]]'.
2026-04-09 17:31:08.805 [INF] Microsoft.AspNetCore.Mvc.Infrastructure.ObjectResultExecutor | Executing OkObjectResult, writing value of type 'System.Collections.Generic.List`1[[backend.Models.ModuleInfo, backend, Version=1.0.0.0, Culture=neutral, PublicKeyToken=null]]'.
2026-04-09 17:31:08.805 [INF] Microsoft.AspNetCore.Mvc.Infrastructure.ObjectResultExecutor | Executing OkObjectResult, writing value of type 'System.Collections.Generic.List`1[[backend.Models.ModuleInfo, backend, Version=1.0.0.0, Culture=neutral, PublicKeyToken=null]]'.
2026-04-09 17:31:08.806 [INF] Microsoft.AspNetCore.Mvc.Infrastructure.ControllerActionInvoker | Executed action backend.Controllers.ModulesController.Get (backend) in 11.3563ms
2026-04-09 17:31:08.806 [INF] Microsoft.AspNetCore.Mvc.Infrastructure.ControllerActionInvoker | Executed action backend.Controllers.ModulesController.Get (backend) in 11.846ms
2026-04-09 17:31:08.806 [INF] Microsoft.AspNetCore.Routing.EndpointMiddleware | Executed endpoint 'backend.Controllers.ModulesController.Get (backend)'
2026-04-09 17:31:08.806 [INF] Microsoft.AspNetCore.Mvc.Infrastructure.ControllerActionInvoker | Executed action backend.Controllers.ModulesController.Get (backend) in 12.3013ms
2026-04-09 17:31:08.806 [INF] Microsoft.AspNetCore.Routing.EndpointMiddleware | Executed endpoint 'backend.Controllers.ModulesController.Get (backend)'
2026-04-09 17:31:08.806 [INF] Serilog.AspNetCore.RequestLoggingMiddleware | HTTP GET /api/Modules → 200 (12.0ms)
2026-04-09 17:31:08.806 [INF] Serilog.AspNetCore.RequestLoggingMiddleware | HTTP GET /api/Modules → 200 (11.6ms)
2026-04-09 17:31:08.806 [INF] Microsoft.AspNetCore.Hosting.Diagnostics | Request finished HTTP/1.1 GET http://localhost:5217/api/Modules?organizationId=1 - 200 null application/json; charset=utf-8 12.3022ms
2026-04-09 17:31:08.806 [INF] Microsoft.AspNetCore.Hosting.Diagnostics | Request finished HTTP/1.1 GET http://localhost:5217/api/Modules?organizationId=12 - 200 null application/json; charset=utf-8 11.8494ms
2026-04-09 17:31:08.806 [INF] Microsoft.AspNetCore.Mvc.Infrastructure.ControllerActionInvoker | Executed action backend.Controllers.ModulesController.Get (backend) in 12.2895ms
2026-04-09 17:31:08.806 [INF] Microsoft.AspNetCore.Routing.EndpointMiddleware | Executed endpoint 'backend.Controllers.ModulesController.Get (backend)'
2026-04-09 17:31:08.806 [INF] Serilog.AspNetCore.RequestLoggingMiddleware | HTTP GET /api/Modules → 200 (12.7ms)
2026-04-09 17:31:08.806 [INF] Microsoft.AspNetCore.Hosting.Diagnostics | Request finished HTTP/1.1 GET http://localhost:5217/api/Modules?organizationId=2 - 200 null application/json; charset=utf-8 13.2012ms
2026-04-09 17:31:08.806 [INF] Microsoft.AspNetCore.Routing.EndpointMiddleware | Executed endpoint 'backend.Controllers.ModulesController.Get (backend)'
2026-04-09 17:31:08.806 [INF] Serilog.AspNetCore.RequestLoggingMiddleware | HTTP GET /api/Modules → 200 (12.8ms)
2026-04-09 17:31:08.806 [INF] Microsoft.AspNetCore.Hosting.Diagnostics | Request finished HTTP/1.1 GET http://localhost:5217/api/Modules?organizationId=8 - 200 null application/json; charset=utf-8 13.4522ms
2026-04-09 17:31:08.808 [INF] Microsoft.AspNetCore.Mvc.Infrastructure.ObjectResultExecutor | Executing OkObjectResult, writing value of type 'System.Collections.Generic.List`1[[backend.Models.ModuleInfo, backend, Version=1.0.0.0, Culture=neutral, PublicKeyToken=null]]'.
2026-04-09 17:31:08.809 [INF] Microsoft.AspNetCore.Mvc.Infrastructure.ControllerActionInvoker | Executed action backend.Controllers.ModulesController.Get (backend) in 12.5138ms
2026-04-09 17:31:08.809 [INF] Microsoft.AspNetCore.Routing.EndpointMiddleware | Executed endpoint 'backend.Controllers.ModulesController.Get (backend)'
2026-04-09 17:31:08.809 [INF] Serilog.AspNetCore.RequestLoggingMiddleware | HTTP GET /api/Modules → 200 (13.8ms)
2026-04-09 17:31:08.809 [INF] Microsoft.AspNetCore.Hosting.Diagnostics | Request finished HTTP/1.1 GET http://localhost:5217/api/Modules?organizationId=3 - 200 null application/json; charset=utf-8 14.7905ms
2026-04-09 17:31:08.821 [INF] Microsoft.AspNetCore.Hosting.Diagnostics | Request starting HTTP/1.1 GET http://localhost:5217/api/Modules?organizationId=12 - null null
2026-04-09 17:31:08.821 [INF] Microsoft.AspNetCore.Hosting.Diagnostics | Request starting HTTP/1.1 GET http://localhost:5217/api/Modules?organizationId=1 - null null
2026-04-09 17:31:08.822 [INF] Microsoft.AspNetCore.Routing.EndpointMiddleware | Executing endpoint 'backend.Controllers.ModulesController.Get (backend)'
2026-04-09 17:31:08.822 [INF] Microsoft.AspNetCore.Routing.EndpointMiddleware | Executing endpoint 'backend.Controllers.ModulesController.Get (backend)'
2026-04-09 17:31:08.822 [INF] Microsoft.AspNetCore.Mvc.Infrastructure.ControllerActionInvoker | Route matched with {action = "Get", controller = "Modules"}. Executing controller action with signature System.Threading.Tasks.Task`1[Microsoft.AspNetCore.Mvc.IActionResult] Get(System.Nullable`1[System.Int32]) on controller backend.Controllers.ModulesController (backend).
2026-04-09 17:31:08.822 [INF] Microsoft.AspNetCore.Mvc.Infrastructure.ControllerActionInvoker | Route matched with {action = "Get", controller = "Modules"}. Executing controller action with signature System.Threading.Tasks.Task`1[Microsoft.AspNetCore.Mvc.IActionResult] Get(System.Nullable`1[System.Int32]) on controller backend.Controllers.ModulesController (backend).
2026-04-09 17:31:08.822 [INF] Microsoft.AspNetCore.Hosting.Diagnostics | Request starting HTTP/1.1 GET http://localhost:5217/api/Modules?organizationId=2 - null null
2026-04-09 17:31:08.822 [INF] Microsoft.AspNetCore.Routing.EndpointMiddleware | Executing endpoint 'backend.Controllers.ModulesController.Get (backend)'
2026-04-09 17:31:08.822 [INF] Microsoft.AspNetCore.Mvc.Infrastructure.ControllerActionInvoker | Route matched with {action = "Get", controller = "Modules"}. Executing controller action with signature System.Threading.Tasks.Task`1[Microsoft.AspNetCore.Mvc.IActionResult] Get(System.Nullable`1[System.Int32]) on controller backend.Controllers.ModulesController (backend).
2026-04-09 17:31:08.823 [INF] Microsoft.AspNetCore.Hosting.Diagnostics | Request starting HTTP/1.1 GET http://localhost:5217/api/Modules?organizationId=8 - null null
2026-04-09 17:31:08.823 [INF] Microsoft.AspNetCore.Routing.EndpointMiddleware | Executing endpoint 'backend.Controllers.ModulesController.Get (backend)'
2026-04-09 17:31:08.823 [INF] Microsoft.AspNetCore.Mvc.Infrastructure.ControllerActionInvoker | Route matched with {action = "Get", controller = "Modules"}. Executing controller action with signature System.Threading.Tasks.Task`1[Microsoft.AspNetCore.Mvc.IActionResult] Get(System.Nullable`1[System.Int32]) on controller backend.Controllers.ModulesController (backend).
2026-04-09 17:31:08.823 [INF] Microsoft.AspNetCore.Hosting.Diagnostics | Request starting HTTP/1.1 GET http://localhost:5217/api/Modules?organizationId=3 - null null
2026-04-09 17:31:08.824 [INF] Microsoft.AspNetCore.Routing.EndpointMiddleware | Executing endpoint 'backend.Controllers.ModulesController.Get (backend)'
2026-04-09 17:31:08.824 [INF] Microsoft.AspNetCore.Mvc.Infrastructure.ControllerActionInvoker | Route matched with {action = "Get", controller = "Modules"}. Executing controller action with signature System.Threading.Tasks.Task`1[Microsoft.AspNetCore.Mvc.IActionResult] Get(System.Nullable`1[System.Int32]) on controller backend.Controllers.ModulesController (backend).
2026-04-09 17:31:08.835 [INF] Microsoft.AspNetCore.Mvc.Infrastructure.ObjectResultExecutor | Executing OkObjectResult, writing value of type 'System.Collections.Generic.List`1[[backend.Models.ModuleInfo, backend, Version=1.0.0.0, Culture=neutral, PublicKeyToken=null]]'.
2026-04-09 17:31:08.835 [INF] Microsoft.AspNetCore.Mvc.Infrastructure.ObjectResultExecutor | Executing OkObjectResult, writing value of type 'System.Collections.Generic.List`1[[backend.Models.ModuleInfo, backend, Version=1.0.0.0, Culture=neutral, PublicKeyToken=null]]'.
2026-04-09 17:31:08.835 [INF] Microsoft.AspNetCore.Mvc.Infrastructure.ControllerActionInvoker | Executed action backend.Controllers.ModulesController.Get (backend) in 12.1103ms
2026-04-09 17:31:08.835 [INF] Microsoft.AspNetCore.Routing.EndpointMiddleware | Executed endpoint 'backend.Controllers.ModulesController.Get (backend)'
2026-04-09 17:31:08.836 [INF] Serilog.AspNetCore.RequestLoggingMiddleware | HTTP GET /api/Modules → 200 (12.2ms)
2026-04-09 17:31:08.836 [INF] Microsoft.AspNetCore.Hosting.Diagnostics | Request finished HTTP/1.1 GET http://localhost:5217/api/Modules?organizationId=8 - 200 null application/json; charset=utf-8 12.4629ms
2026-04-09 17:31:08.836 [INF] Microsoft.AspNetCore.Mvc.Infrastructure.ControllerActionInvoker | Executed action backend.Controllers.ModulesController.Get (backend) in 13.6661ms
2026-04-09 17:31:08.836 [INF] Microsoft.AspNetCore.Routing.EndpointMiddleware | Executed endpoint 'backend.Controllers.ModulesController.Get (backend)'
2026-04-09 17:31:08.836 [INF] Serilog.AspNetCore.RequestLoggingMiddleware | HTTP GET /api/Modules → 200 (14.0ms)
2026-04-09 17:31:08.836 [INF] Microsoft.AspNetCore.Hosting.Diagnostics | Request finished HTTP/1.1 GET http://localhost:5217/api/Modules?organizationId=1 - 200 null application/json; charset=utf-8 14.3992ms
2026-04-09 17:31:08.836 [INF] Microsoft.AspNetCore.Mvc.Infrastructure.ObjectResultExecutor | Executing OkObjectResult, writing value of type 'System.Collections.Generic.List`1[[backend.Models.ModuleInfo, backend, Version=1.0.0.0, Culture=neutral, PublicKeyToken=null]]'.
2026-04-09 17:31:08.836 [INF] Microsoft.AspNetCore.Mvc.Infrastructure.ControllerActionInvoker | Executed action backend.Controllers.ModulesController.Get (backend) in 14.4651ms
2026-04-09 17:31:08.836 [INF] Microsoft.AspNetCore.Routing.EndpointMiddleware | Executed endpoint 'backend.Controllers.ModulesController.Get (backend)'
2026-04-09 17:31:08.836 [INF] Serilog.AspNetCore.RequestLoggingMiddleware | HTTP GET /api/Modules → 200 (14.7ms)
2026-04-09 17:31:08.836 [INF] Microsoft.AspNetCore.Hosting.Diagnostics | Request finished HTTP/1.1 GET http://localhost:5217/api/Modules?organizationId=12 - 200 null application/json; charset=utf-8 15.2698ms
2026-04-09 17:31:08.836 [INF] Microsoft.AspNetCore.Mvc.Infrastructure.ObjectResultExecutor | Executing OkObjectResult, writing value of type 'System.Collections.Generic.List`1[[backend.Models.ModuleInfo, backend, Version=1.0.0.0, Culture=neutral, PublicKeyToken=null]]'.
2026-04-09 17:31:08.837 [INF] Microsoft.AspNetCore.Mvc.Infrastructure.ControllerActionInvoker | Executed action backend.Controllers.ModulesController.Get (backend) in 14.3821ms
2026-04-09 17:31:08.837 [INF] Microsoft.AspNetCore.Routing.EndpointMiddleware | Executed endpoint 'backend.Controllers.ModulesController.Get (backend)'
2026-04-09 17:31:08.837 [INF] Serilog.AspNetCore.RequestLoggingMiddleware | HTTP GET /api/Modules → 200 (14.6ms)
2026-04-09 17:31:08.837 [INF] Microsoft.AspNetCore.Hosting.Diagnostics | Request finished HTTP/1.1 GET http://localhost:5217/api/Modules?organizationId=2 - 200 null application/json; charset=utf-8 14.7957ms
2026-04-09 17:31:08.838 [INF] Microsoft.AspNetCore.Mvc.Infrastructure.ObjectResultExecutor | Executing OkObjectResult, writing value of type 'System.Collections.Generic.List`1[[backend.Models.ModuleInfo, backend, Version=1.0.0.0, Culture=neutral, PublicKeyToken=null]]'.
2026-04-09 17:31:08.839 [INF] Microsoft.AspNetCore.Mvc.Infrastructure.ControllerActionInvoker | Executed action backend.Controllers.ModulesController.Get (backend) in 15.0229ms
2026-04-09 17:31:08.839 [INF] Microsoft.AspNetCore.Routing.EndpointMiddleware | Executed endpoint 'backend.Controllers.ModulesController.Get (backend)'
2026-04-09 17:31:08.839 [INF] Serilog.AspNetCore.RequestLoggingMiddleware | HTTP GET /api/Modules → 200 (15.2ms)
2026-04-09 17:31:08.839 [INF] Microsoft.AspNetCore.Hosting.Diagnostics | Request finished HTTP/1.1 GET http://localhost:5217/api/Modules?organizationId=3 - 200 null application/json; charset=utf-8 15.4045ms
2026-04-09 17:31:08.863 [INF] Microsoft.AspNetCore.Mvc.Infrastructure.ObjectResultExecutor | Executing OkObjectResult, writing value of type 'System.Collections.Generic.List`1[[backend.Models.ModuleInfo, backend, Version=1.0.0.0, Culture=neutral, PublicKeyToken=null]]'.
2026-04-09 17:31:08.863 [INF] Microsoft.AspNetCore.Mvc.Infrastructure.ControllerActionInvoker | Executed action backend.Controllers.ModulesController.Get (backend) in 67.8868ms
2026-04-09 17:31:08.863 [INF] Microsoft.AspNetCore.Routing.EndpointMiddleware | Executed endpoint 'backend.Controllers.ModulesController.Get (backend)'
2026-04-09 17:31:08.863 [INF] Serilog.AspNetCore.RequestLoggingMiddleware | HTTP GET /api/Modules → 200 (68.2ms)
2026-04-09 17:31:08.863 [INF] Microsoft.AspNetCore.Hosting.Diagnostics | Request finished HTTP/1.1 GET http://localhost:5217/api/Modules?organizationId=9 - 200 null application/json; charset=utf-8 69.0433ms
2026-04-09 17:31:08.868 [INF] Microsoft.AspNetCore.Hosting.Diagnostics | Request starting HTTP/1.1 GET http://localhost:5217/api/Modules?organizationId=9 - null null
2026-04-09 17:31:08.868 [INF] Microsoft.AspNetCore.Routing.EndpointMiddleware | Executing endpoint 'backend.Controllers.ModulesController.Get (backend)'
2026-04-09 17:31:08.868 [INF] Microsoft.AspNetCore.Mvc.Infrastructure.ControllerActionInvoker | Route matched with {action = "Get", controller = "Modules"}. Executing controller action with signature System.Threading.Tasks.Task`1[Microsoft.AspNetCore.Mvc.IActionResult] Get(System.Nullable`1[System.Int32]) on controller backend.Controllers.ModulesController (backend).
2026-04-09 17:31:08.890 [INF] Microsoft.AspNetCore.Mvc.Infrastructure.ObjectResultExecutor | Executing OkObjectResult, writing value of type 'System.Collections.Generic.List`1[[backend.Models.ModuleInfo, backend, Version=1.0.0.0, Culture=neutral, PublicKeyToken=null]]'.
2026-04-09 17:31:08.890 [INF] Microsoft.AspNetCore.Mvc.Infrastructure.ControllerActionInvoker | Executed action backend.Controllers.ModulesController.Get (backend) in 21.7211ms
2026-04-09 17:31:08.890 [INF] Microsoft.AspNetCore.Routing.EndpointMiddleware | Executed endpoint 'backend.Controllers.ModulesController.Get (backend)'
2026-04-09 17:31:08.890 [INF] Serilog.AspNetCore.RequestLoggingMiddleware | HTTP GET /api/Modules → 200 (21.9ms)
2026-04-09 17:31:08.890 [INF] Microsoft.AspNetCore.Hosting.Diagnostics | Request finished HTTP/1.1 GET http://localhost:5217/api/Modules?organizationId=9 - 200 null application/json; charset=utf-8 22.3753ms
2026-04-09 17:31:08.891 [INF] Microsoft.AspNetCore.Hosting.Diagnostics | Request starting HTTP/1.1 GET http://localhost:5217/api/Modules?organizationId=2 - null null
2026-04-09 17:31:08.891 [INF] Microsoft.AspNetCore.Hosting.Diagnostics | Request starting HTTP/1.1 GET http://localhost:5217/api/Modules?organizationId=8 - null null
2026-04-09 17:31:08.891 [INF] Microsoft.AspNetCore.Routing.EndpointMiddleware | Executing endpoint 'backend.Controllers.ModulesController.Get (backend)'
2026-04-09 17:31:08.891 [INF] Microsoft.AspNetCore.Routing.EndpointMiddleware | Executing endpoint 'backend.Controllers.ModulesController.Get (backend)'
2026-04-09 17:31:08.891 [INF] Microsoft.AspNetCore.Mvc.Infrastructure.ControllerActionInvoker | Route matched with {action = "Get", controller = "Modules"}. Executing controller action with signature System.Threading.Tasks.Task`1[Microsoft.AspNetCore.Mvc.IActionResult] Get(System.Nullable`1[System.Int32]) on controller backend.Controllers.ModulesController (backend).
2026-04-09 17:31:08.891 [INF] Microsoft.AspNetCore.Mvc.Infrastructure.ControllerActionInvoker | Route matched with {action = "Get", controller = "Modules"}. Executing controller action with signature System.Threading.Tasks.Task`1[Microsoft.AspNetCore.Mvc.IActionResult] Get(System.Nullable`1[System.Int32]) on controller backend.Controllers.ModulesController (backend).
2026-04-09 17:31:08.892 [INF] Microsoft.AspNetCore.Hosting.Diagnostics | Request starting HTTP/1.1 GET http://localhost:5217/api/Modules?organizationId=1 - null null
2026-04-09 17:31:08.892 [INF] Microsoft.AspNetCore.Hosting.Diagnostics | Request starting HTTP/1.1 GET http://localhost:5217/api/Modules?organizationId=12 - null null
2026-04-09 17:31:08.892 [INF] Microsoft.AspNetCore.Routing.EndpointMiddleware | Executing endpoint 'backend.Controllers.ModulesController.Get (backend)'
2026-04-09 17:31:08.892 [INF] Microsoft.AspNetCore.Routing.EndpointMiddleware | Executing endpoint 'backend.Controllers.ModulesController.Get (backend)'
2026-04-09 17:31:08.892 [INF] Microsoft.AspNetCore.Hosting.Diagnostics | Request starting HTTP/1.1 GET http://localhost:5217/api/Modules?organizationId=3 - null null
2026-04-09 17:31:08.892 [INF] Microsoft.AspNetCore.Mvc.Infrastructure.ControllerActionInvoker | Route matched with {action = "Get", controller = "Modules"}. Executing controller action with signature System.Threading.Tasks.Task`1[Microsoft.AspNetCore.Mvc.IActionResult] Get(System.Nullable`1[System.Int32]) on controller backend.Controllers.ModulesController (backend).
2026-04-09 17:31:08.892 [INF] Microsoft.AspNetCore.Mvc.Infrastructure.ControllerActionInvoker | Route matched with {action = "Get", controller = "Modules"}. Executing controller action with signature System.Threading.Tasks.Task`1[Microsoft.AspNetCore.Mvc.IActionResult] Get(System.Nullable`1[System.Int32]) on controller backend.Controllers.ModulesController (backend).
2026-04-09 17:31:08.892 [INF] Microsoft.AspNetCore.Routing.EndpointMiddleware | Executing endpoint 'backend.Controllers.ModulesController.Get (backend)'
2026-04-09 17:31:08.892 [INF] Microsoft.AspNetCore.Mvc.Infrastructure.ControllerActionInvoker | Route matched with {action = "Get", controller = "Modules"}. Executing controller action with signature System.Threading.Tasks.Task`1[Microsoft.AspNetCore.Mvc.IActionResult] Get(System.Nullable`1[System.Int32]) on controller backend.Controllers.ModulesController (backend).
2026-04-09 17:31:08.897 [INF] Microsoft.AspNetCore.Hosting.Diagnostics | Request starting HTTP/1.1 GET http://localhost:5217/api/Modules?organizationId=9 - null null
2026-04-09 17:31:08.897 [INF] Microsoft.AspNetCore.Routing.EndpointMiddleware | Executing endpoint 'backend.Controllers.ModulesController.Get (backend)'
2026-04-09 17:31:08.897 [INF] Microsoft.AspNetCore.Mvc.Infrastructure.ControllerActionInvoker | Route matched with {action = "Get", controller = "Modules"}. Executing controller action with signature System.Threading.Tasks.Task`1[Microsoft.AspNetCore.Mvc.IActionResult] Get(System.Nullable`1[System.Int32]) on controller backend.Controllers.ModulesController (backend).
2026-04-09 17:31:08.905 [INF] Microsoft.AspNetCore.Mvc.Infrastructure.ObjectResultExecutor | Executing OkObjectResult, writing value of type 'System.Collections.Generic.List`1[[backend.Models.ModuleInfo, backend, Version=1.0.0.0, Culture=neutral, PublicKeyToken=null]]'.
2026-04-09 17:31:08.905 [INF] Microsoft.AspNetCore.Mvc.Infrastructure.ObjectResultExecutor | Executing OkObjectResult, writing value of type 'System.Collections.Generic.List`1[[backend.Models.ModuleInfo, backend, Version=1.0.0.0, Culture=neutral, PublicKeyToken=null]]'.
2026-04-09 17:31:08.906 [INF] Microsoft.AspNetCore.Mvc.Infrastructure.ControllerActionInvoker | Executed action backend.Controllers.ModulesController.Get (backend) in 14.1662ms
2026-04-09 17:31:08.906 [INF] Microsoft.AspNetCore.Routing.EndpointMiddleware | Executed endpoint 'backend.Controllers.ModulesController.Get (backend)'
2026-04-09 17:31:08.906 [INF] Microsoft.AspNetCore.Mvc.Infrastructure.ControllerActionInvoker | Executed action backend.Controllers.ModulesController.Get (backend) in 14.1541ms
2026-04-09 17:31:08.906 [INF] Serilog.AspNetCore.RequestLoggingMiddleware | HTTP GET /api/Modules → 200 (14.4ms)
2026-04-09 17:31:08.906 [INF] Microsoft.AspNetCore.Routing.EndpointMiddleware | Executed endpoint 'backend.Controllers.ModulesController.Get (backend)'
2026-04-09 17:31:08.906 [INF] Microsoft.AspNetCore.Hosting.Diagnostics | Request finished HTTP/1.1 GET http://localhost:5217/api/Modules?organizationId=2 - 200 null application/json; charset=utf-8 14.7973ms
2026-04-09 17:31:08.906 [INF] Microsoft.AspNetCore.Mvc.Infrastructure.ObjectResultExecutor | Executing OkObjectResult, writing value of type 'System.Collections.Generic.List`1[[backend.Models.ModuleInfo, backend, Version=1.0.0.0, Culture=neutral, PublicKeyToken=null]]'.
2026-04-09 17:31:08.906 [INF] Serilog.AspNetCore.RequestLoggingMiddleware | HTTP GET /api/Modules → 200 (14.4ms)
2026-04-09 17:31:08.906 [INF] Microsoft.AspNetCore.Mvc.Infrastructure.ObjectResultExecutor | Executing OkObjectResult, writing value of type 'System.Collections.Generic.List`1[[backend.Models.ModuleInfo, backend, Version=1.0.0.0, Culture=neutral, PublicKeyToken=null]]'.
2026-04-09 17:31:08.906 [INF] Microsoft.AspNetCore.Mvc.Infrastructure.ObjectResultExecutor | Executing OkObjectResult, writing value of type 'System.Collections.Generic.List`1[[backend.Models.ModuleInfo, backend, Version=1.0.0.0, Culture=neutral, PublicKeyToken=null]]'.
2026-04-09 17:31:08.906 [INF] Microsoft.AspNetCore.Hosting.Diagnostics | Request finished HTTP/1.1 GET http://localhost:5217/api/Modules?organizationId=8 - 200 null application/json; charset=utf-8 14.7855ms
2026-04-09 17:31:08.906 [INF] Microsoft.AspNetCore.Mvc.Infrastructure.ControllerActionInvoker | Executed action backend.Controllers.ModulesController.Get (backend) in 13.552ms
2026-04-09 17:31:08.906 [INF] Microsoft.AspNetCore.Mvc.Infrastructure.ControllerActionInvoker | Executed action backend.Controllers.ModulesController.Get (backend) in 13.7277ms
2026-04-09 17:31:08.906 [INF] Microsoft.AspNetCore.Routing.EndpointMiddleware | Executed endpoint 'backend.Controllers.ModulesController.Get (backend)'
2026-04-09 17:31:08.906 [INF] Microsoft.AspNetCore.Routing.EndpointMiddleware | Executed endpoint 'backend.Controllers.ModulesController.Get (backend)'
2026-04-09 17:31:08.906 [INF] Serilog.AspNetCore.RequestLoggingMiddleware | HTTP GET /api/Modules → 200 (13.7ms)
2026-04-09 17:31:08.906 [INF] Serilog.AspNetCore.RequestLoggingMiddleware | HTTP GET /api/Modules → 200 (13.9ms)
2026-04-09 17:31:08.906 [INF] Microsoft.AspNetCore.Hosting.Diagnostics | Request finished HTTP/1.1 GET http://localhost:5217/api/Modules?organizationId=3 - 200 null application/json; charset=utf-8 13.8862ms
2026-04-09 17:31:08.906 [INF] Microsoft.AspNetCore.Hosting.Diagnostics | Request finished HTTP/1.1 GET http://localhost:5217/api/Modules?organizationId=1 - 200 null application/json; charset=utf-8 14.5841ms
2026-04-09 17:31:08.906 [INF] Microsoft.AspNetCore.Mvc.Infrastructure.ControllerActionInvoker | Executed action backend.Controllers.ModulesController.Get (backend) in 13.9596ms
2026-04-09 17:31:08.906 [INF] Microsoft.AspNetCore.Routing.EndpointMiddleware | Executed endpoint 'backend.Controllers.ModulesController.Get (backend)'
2026-04-09 17:31:08.906 [INF] Serilog.AspNetCore.RequestLoggingMiddleware | HTTP GET /api/Modules → 200 (14.2ms)
2026-04-09 17:31:08.906 [INF] Microsoft.AspNetCore.Hosting.Diagnostics | Request finished HTTP/1.1 GET http://localhost:5217/api/Modules?organizationId=12 - 200 null application/json; charset=utf-8 14.4614ms
2026-04-09 17:31:08.912 [INF] Microsoft.AspNetCore.Mvc.Infrastructure.ObjectResultExecutor | Executing OkObjectResult, writing value of type 'System.Collections.Generic.List`1[[backend.Models.ModuleInfo, backend, Version=1.0.0.0, Culture=neutral, PublicKeyToken=null]]'.
2026-04-09 17:31:08.912 [INF] Microsoft.AspNetCore.Mvc.Infrastructure.ControllerActionInvoker | Executed action backend.Controllers.ModulesController.Get (backend) in 14.934ms
2026-04-09 17:31:08.912 [INF] Microsoft.AspNetCore.Routing.EndpointMiddleware | Executed endpoint 'backend.Controllers.ModulesController.Get (backend)'
2026-04-09 17:31:08.912 [INF] Serilog.AspNetCore.RequestLoggingMiddleware | HTTP GET /api/Modules → 200 (15.1ms)
2026-04-09 17:31:08.912 [INF] Microsoft.AspNetCore.Hosting.Diagnostics | Request finished HTTP/1.1 GET http://localhost:5217/api/Modules?organizationId=9 - 200 null application/json; charset=utf-8 15.6628ms
2026-04-09 17:31:08.921 [INF] Microsoft.AspNetCore.Hosting.Diagnostics | Request starting HTTP/1.1 GET http://localhost:5217/api/Modules?organizationId=2 - null null
2026-04-09 17:31:08.921 [INF] Microsoft.AspNetCore.Hosting.Diagnostics | Request starting HTTP/1.1 GET http://localhost:5217/api/Modules?organizationId=8 - null null
2026-04-09 17:31:08.921 [INF] Microsoft.AspNetCore.Routing.EndpointMiddleware | Executing endpoint 'backend.Controllers.ModulesController.Get (backend)'
2026-04-09 17:31:08.922 [INF] Microsoft.AspNetCore.Mvc.Infrastructure.ControllerActionInvoker | Route matched with {action = "Get", controller = "Modules"}. Executing controller action with signature System.Threading.Tasks.Task`1[Microsoft.AspNetCore.Mvc.IActionResult] Get(System.Nullable`1[System.Int32]) on controller backend.Controllers.ModulesController (backend).
2026-04-09 17:31:08.922 [INF] Microsoft.AspNetCore.Routing.EndpointMiddleware | Executing endpoint 'backend.Controllers.ModulesController.Get (backend)'
2026-04-09 17:31:08.922 [INF] Microsoft.AspNetCore.Mvc.Infrastructure.ControllerActionInvoker | Route matched with {action = "Get", controller = "Modules"}. Executing controller action with signature System.Threading.Tasks.Task`1[Microsoft.AspNetCore.Mvc.IActionResult] Get(System.Nullable`1[System.Int32]) on controller backend.Controllers.ModulesController (backend).
2026-04-09 17:31:08.922 [INF] Microsoft.AspNetCore.Hosting.Diagnostics | Request starting HTTP/1.1 GET http://localhost:5217/api/Modules?organizationId=1 - null null
2026-04-09 17:31:08.922 [INF] Microsoft.AspNetCore.Routing.EndpointMiddleware | Executing endpoint 'backend.Controllers.ModulesController.Get (backend)'
2026-04-09 17:31:08.922 [INF] Microsoft.AspNetCore.Mvc.Infrastructure.ControllerActionInvoker | Route matched with {action = "Get", controller = "Modules"}. Executing controller action with signature System.Threading.Tasks.Task`1[Microsoft.AspNetCore.Mvc.IActionResult] Get(System.Nullable`1[System.Int32]) on controller backend.Controllers.ModulesController (backend).
2026-04-09 17:31:08.922 [INF] Microsoft.AspNetCore.Hosting.Diagnostics | Request starting HTTP/1.1 GET http://localhost:5217/api/Modules?organizationId=3 - null null
2026-04-09 17:31:08.923 [INF] Microsoft.AspNetCore.Routing.EndpointMiddleware | Executing endpoint 'backend.Controllers.ModulesController.Get (backend)'
2026-04-09 17:31:08.923 [INF] Microsoft.AspNetCore.Mvc.Infrastructure.ControllerActionInvoker | Route matched with {action = "Get", controller = "Modules"}. Executing controller action with signature System.Threading.Tasks.Task`1[Microsoft.AspNetCore.Mvc.IActionResult] Get(System.Nullable`1[System.Int32]) on controller backend.Controllers.ModulesController (backend).
2026-04-09 17:31:08.923 [INF] Microsoft.AspNetCore.Hosting.Diagnostics | Request starting HTTP/1.1 GET http://localhost:5217/api/Modules?organizationId=12 - null null
2026-04-09 17:31:08.923 [INF] Microsoft.AspNetCore.Hosting.Diagnostics | Request starting HTTP/1.1 GET http://localhost:5217/api/Modules?organizationId=9 - null null
2026-04-09 17:31:08.923 [INF] Microsoft.AspNetCore.Routing.EndpointMiddleware | Executing endpoint 'backend.Controllers.ModulesController.Get (backend)'
2026-04-09 17:31:08.923 [INF] Microsoft.AspNetCore.Mvc.Infrastructure.ControllerActionInvoker | Route matched with {action = "Get", controller = "Modules"}. Executing controller action with signature System.Threading.Tasks.Task`1[Microsoft.AspNetCore.Mvc.IActionResult] Get(System.Nullable`1[System.Int32]) on controller backend.Controllers.ModulesController (backend).
2026-04-09 17:31:08.923 [INF] Microsoft.AspNetCore.Routing.EndpointMiddleware | Executing endpoint 'backend.Controllers.ModulesController.Get (backend)'
2026-04-09 17:31:08.923 [INF] Microsoft.AspNetCore.Mvc.Infrastructure.ControllerActionInvoker | Route matched with {action = "Get", controller = "Modules"}. Executing controller action with signature System.Threading.Tasks.Task`1[Microsoft.AspNetCore.Mvc.IActionResult] Get(System.Nullable`1[System.Int32]) on controller backend.Controllers.ModulesController (backend).
2026-04-09 17:31:08.937 [INF] Microsoft.AspNetCore.Mvc.Infrastructure.ObjectResultExecutor | Executing OkObjectResult, writing value of type 'System.Collections.Generic.List`1[[backend.Models.ModuleInfo, backend, Version=1.0.0.0, Culture=neutral, PublicKeyToken=null]]'.
2026-04-09 17:31:08.937 [INF] Microsoft.AspNetCore.Mvc.Infrastructure.ObjectResultExecutor | Executing OkObjectResult, writing value of type 'System.Collections.Generic.List`1[[backend.Models.ModuleInfo, backend, Version=1.0.0.0, Culture=neutral, PublicKeyToken=null]]'.
2026-04-09 17:31:08.937 [INF] Microsoft.AspNetCore.Mvc.Infrastructure.ObjectResultExecutor | Executing OkObjectResult, writing value of type 'System.Collections.Generic.List`1[[backend.Models.ModuleInfo, backend, Version=1.0.0.0, Culture=neutral, PublicKeyToken=null]]'.
2026-04-09 17:31:08.937 [INF] Microsoft.AspNetCore.Mvc.Infrastructure.ObjectResultExecutor | Executing OkObjectResult, writing value of type 'System.Collections.Generic.List`1[[backend.Models.ModuleInfo, backend, Version=1.0.0.0, Culture=neutral, PublicKeyToken=null]]'.
2026-04-09 17:31:08.937 [INF] Microsoft.AspNetCore.Mvc.Infrastructure.ControllerActionInvoker | Executed action backend.Controllers.ModulesController.Get (backend) in 14.7547ms
2026-04-09 17:31:08.937 [INF] Microsoft.AspNetCore.Mvc.Infrastructure.ControllerActionInvoker | Executed action backend.Controllers.ModulesController.Get (backend) in 14.1854ms
2026-04-09 17:31:08.937 [INF] Microsoft.AspNetCore.Routing.EndpointMiddleware | Executed endpoint 'backend.Controllers.ModulesController.Get (backend)'
2026-04-09 17:31:08.937 [INF] Serilog.AspNetCore.RequestLoggingMiddleware | HTTP GET /api/Modules → 200 (14.9ms)
2026-04-09 17:31:08.937 [INF] Microsoft.AspNetCore.Mvc.Infrastructure.ControllerActionInvoker | Executed action backend.Controllers.ModulesController.Get (backend) in 15.2732ms
2026-04-09 17:31:08.937 [INF] Microsoft.AspNetCore.Hosting.Diagnostics | Request finished HTTP/1.1 GET http://localhost:5217/api/Modules?organizationId=1 - 200 null application/json; charset=utf-8 15.2181ms
2026-04-09 17:31:08.937 [INF] Microsoft.AspNetCore.Routing.EndpointMiddleware | Executed endpoint 'backend.Controllers.ModulesController.Get (backend)'
2026-04-09 17:31:08.937 [INF] Microsoft.AspNetCore.Mvc.Infrastructure.ControllerActionInvoker | Executed action backend.Controllers.ModulesController.Get (backend) in 15.21ms
2026-04-09 17:31:08.937 [INF] Serilog.AspNetCore.RequestLoggingMiddleware | HTTP GET /api/Modules → 200 (15.6ms)
2026-04-09 17:31:08.937 [INF] Microsoft.AspNetCore.Routing.EndpointMiddleware | Executed endpoint 'backend.Controllers.ModulesController.Get (backend)'
2026-04-09 17:31:08.937 [INF] Microsoft.AspNetCore.Routing.EndpointMiddleware | Executed endpoint 'backend.Controllers.ModulesController.Get (backend)'
2026-04-09 17:31:08.937 [INF] Serilog.AspNetCore.RequestLoggingMiddleware | HTTP GET /api/Modules → 200 (15.5ms)
2026-04-09 17:31:08.937 [INF] Microsoft.AspNetCore.Hosting.Diagnostics | Request finished HTTP/1.1 GET http://localhost:5217/api/Modules?organizationId=2 - 200 null application/json; charset=utf-8 16.0676ms
2026-04-09 17:31:08.937 [INF] Microsoft.AspNetCore.Hosting.Diagnostics | Request finished HTTP/1.1 GET http://localhost:5217/api/Modules?organizationId=8 - 200 null application/json; charset=utf-8 15.7058ms
2026-04-09 17:31:08.937 [INF] Serilog.AspNetCore.RequestLoggingMiddleware | HTTP GET /api/Modules → 200 (14.5ms)
2026-04-09 17:31:08.937 [INF] Microsoft.AspNetCore.Hosting.Diagnostics | Request finished HTTP/1.1 GET http://localhost:5217/api/Modules?organizationId=3 - 200 null application/json; charset=utf-8 14.8323ms
2026-04-09 17:31:08.951 [INF] Microsoft.AspNetCore.Mvc.Infrastructure.ObjectResultExecutor | Executing OkObjectResult, writing value of type 'System.Collections.Generic.List`1[[backend.Models.ModuleInfo, backend, Version=1.0.0.0, Culture=neutral, PublicKeyToken=null]]'.
2026-04-09 17:31:08.951 [INF] Microsoft.AspNetCore.Mvc.Infrastructure.ObjectResultExecutor | Executing OkObjectResult, writing value of type 'System.Collections.Generic.List`1[[backend.Models.ModuleInfo, backend, Version=1.0.0.0, Culture=neutral, PublicKeyToken=null]]'.
2026-04-09 17:31:08.951 [INF] Microsoft.AspNetCore.Mvc.Infrastructure.ControllerActionInvoker | Executed action backend.Controllers.ModulesController.Get (backend) in 27.972ms
2026-04-09 17:31:08.951 [INF] Microsoft.AspNetCore.Mvc.Infrastructure.ControllerActionInvoker | Executed action backend.Controllers.ModulesController.Get (backend) in 28.0865ms
2026-04-09 17:31:08.951 [INF] Microsoft.AspNetCore.Routing.EndpointMiddleware | Executed endpoint 'backend.Controllers.ModulesController.Get (backend)'
2026-04-09 17:31:08.951 [INF] Microsoft.AspNetCore.Routing.EndpointMiddleware | Executed endpoint 'backend.Controllers.ModulesController.Get (backend)'
2026-04-09 17:31:08.951 [INF] Serilog.AspNetCore.RequestLoggingMiddleware | HTTP GET /api/Modules → 200 (28.4ms)
2026-04-09 17:31:08.951 [INF] Serilog.AspNetCore.RequestLoggingMiddleware | HTTP GET /api/Modules → 200 (28.2ms)
2026-04-09 17:31:08.952 [INF] Microsoft.AspNetCore.Hosting.Diagnostics | Request finished HTTP/1.1 GET http://localhost:5217/api/Modules?organizationId=9 - 200 null application/json; charset=utf-8 28.5284ms
2026-04-09 17:31:08.952 [INF] Microsoft.AspNetCore.Hosting.Diagnostics | Request finished HTTP/1.1 GET http://localhost:5217/api/Modules?organizationId=12 - 200 null application/json; charset=utf-8 28.7506ms
2026-04-09 17:31:08.969 [INF] Microsoft.AspNetCore.Hosting.Diagnostics | Request starting HTTP/1.1 GET http://localhost:5217/api/Modules?organizationId=2 - null null
2026-04-09 17:31:08.969 [INF] Microsoft.AspNetCore.Routing.EndpointMiddleware | Executing endpoint 'backend.Controllers.ModulesController.Get (backend)'
2026-04-09 17:31:08.969 [INF] Microsoft.AspNetCore.Hosting.Diagnostics | Request starting HTTP/1.1 GET http://localhost:5217/api/Modules?organizationId=8 - null null
2026-04-09 17:31:08.969 [INF] Microsoft.AspNetCore.Mvc.Infrastructure.ControllerActionInvoker | Route matched with {action = "Get", controller = "Modules"}. Executing controller action with signature System.Threading.Tasks.Task`1[Microsoft.AspNetCore.Mvc.IActionResult] Get(System.Nullable`1[System.Int32]) on controller backend.Controllers.ModulesController (backend).
2026-04-09 17:31:08.969 [INF] Microsoft.AspNetCore.Routing.EndpointMiddleware | Executing endpoint 'backend.Controllers.ModulesController.Get (backend)'
2026-04-09 17:31:08.969 [INF] Microsoft.AspNetCore.Mvc.Infrastructure.ControllerActionInvoker | Route matched with {action = "Get", controller = "Modules"}. Executing controller action with signature System.Threading.Tasks.Task`1[Microsoft.AspNetCore.Mvc.IActionResult] Get(System.Nullable`1[System.Int32]) on controller backend.Controllers.ModulesController (backend).
2026-04-09 17:31:08.970 [INF] Microsoft.AspNetCore.Hosting.Diagnostics | Request starting HTTP/1.1 GET http://localhost:5217/api/Modules?organizationId=12 - null null
2026-04-09 17:31:08.970 [INF] Microsoft.AspNetCore.Hosting.Diagnostics | Request starting HTTP/1.1 GET http://localhost:5217/api/Modules?organizationId=1 - null null
2026-04-09 17:31:08.970 [INF] Microsoft.AspNetCore.Routing.EndpointMiddleware | Executing endpoint 'backend.Controllers.ModulesController.Get (backend)'
2026-04-09 17:31:08.970 [INF] Microsoft.AspNetCore.Routing.EndpointMiddleware | Executing endpoint 'backend.Controllers.ModulesController.Get (backend)'
2026-04-09 17:31:08.970 [INF] Microsoft.AspNetCore.Mvc.Infrastructure.ControllerActionInvoker | Route matched with {action = "Get", controller = "Modules"}. Executing controller action with signature System.Threading.Tasks.Task`1[Microsoft.AspNetCore.Mvc.IActionResult] Get(System.Nullable`1[System.Int32]) on controller backend.Controllers.ModulesController (backend).
2026-04-09 17:31:08.970 [INF] Microsoft.AspNetCore.Mvc.Infrastructure.ControllerActionInvoker | Route matched with {action = "Get", controller = "Modules"}. Executing controller action with signature System.Threading.Tasks.Task`1[Microsoft.AspNetCore.Mvc.IActionResult] Get(System.Nullable`1[System.Int32]) on controller backend.Controllers.ModulesController (backend).
2026-04-09 17:31:08.970 [INF] Microsoft.AspNetCore.Hosting.Diagnostics | Request starting HTTP/1.1 GET http://localhost:5217/api/Modules?organizationId=9 - null null
2026-04-09 17:31:08.971 [INF] Microsoft.AspNetCore.Routing.EndpointMiddleware | Executing endpoint 'backend.Controllers.ModulesController.Get (backend)'
2026-04-09 17:31:08.971 [INF] Microsoft.AspNetCore.Hosting.Diagnostics | Request starting HTTP/1.1 GET http://localhost:5217/api/Modules?organizationId=3 - null null
2026-04-09 17:31:08.971 [INF] Microsoft.AspNetCore.Mvc.Infrastructure.ControllerActionInvoker | Route matched with {action = "Get", controller = "Modules"}. Executing controller action with signature System.Threading.Tasks.Task`1[Microsoft.AspNetCore.Mvc.IActionResult] Get(System.Nullable`1[System.Int32]) on controller backend.Controllers.ModulesController (backend).
2026-04-09 17:31:08.971 [INF] Microsoft.AspNetCore.Routing.EndpointMiddleware | Executing endpoint 'backend.Controllers.ModulesController.Get (backend)'
2026-04-09 17:31:08.971 [INF] Microsoft.AspNetCore.Mvc.Infrastructure.ControllerActionInvoker | Route matched with {action = "Get", controller = "Modules"}. Executing controller action with signature System.Threading.Tasks.Task`1[Microsoft.AspNetCore.Mvc.IActionResult] Get(System.Nullable`1[System.Int32]) on controller backend.Controllers.ModulesController (backend).
2026-04-09 17:31:08.982 [INF] Microsoft.AspNetCore.Mvc.Infrastructure.ObjectResultExecutor | Executing OkObjectResult, writing value of type 'System.Collections.Generic.List`1[[backend.Models.ModuleInfo, backend, Version=1.0.0.0, Culture=neutral, PublicKeyToken=null]]'.
2026-04-09 17:31:08.982 [INF] Microsoft.AspNetCore.Mvc.Infrastructure.ObjectResultExecutor | Executing OkObjectResult, writing value of type 'System.Collections.Generic.List`1[[backend.Models.ModuleInfo, backend, Version=1.0.0.0, Culture=neutral, PublicKeyToken=null]]'.
2026-04-09 17:31:08.982 [INF] Microsoft.AspNetCore.Mvc.Infrastructure.ObjectResultExecutor | Executing OkObjectResult, writing value of type 'System.Collections.Generic.List`1[[backend.Models.ModuleInfo, backend, Version=1.0.0.0, Culture=neutral, PublicKeyToken=null]]'.
2026-04-09 17:31:08.982 [INF] Microsoft.AspNetCore.Mvc.Infrastructure.ControllerActionInvoker | Executed action backend.Controllers.ModulesController.Get (backend) in 13.0415ms
2026-04-09 17:31:08.982 [INF] Microsoft.AspNetCore.Mvc.Infrastructure.ControllerActionInvoker | Executed action backend.Controllers.ModulesController.Get (backend) in 12.8454ms
2026-04-09 17:31:08.982 [INF] Microsoft.AspNetCore.Routing.EndpointMiddleware | Executed endpoint 'backend.Controllers.ModulesController.Get (backend)'
2026-04-09 17:31:08.982 [INF] Microsoft.AspNetCore.Mvc.Infrastructure.ObjectResultExecutor | Executing OkObjectResult, writing value of type 'System.Collections.Generic.List`1[[backend.Models.ModuleInfo, backend, Version=1.0.0.0, Culture=neutral, PublicKeyToken=null]]'.
2026-04-09 17:31:08.982 [INF] Microsoft.AspNetCore.Mvc.Infrastructure.ControllerActionInvoker | Executed action backend.Controllers.ModulesController.Get (backend) in 12.2641ms
2026-04-09 17:31:08.982 [INF] Microsoft.AspNetCore.Routing.EndpointMiddleware | Executed endpoint 'backend.Controllers.ModulesController.Get (backend)'
2026-04-09 17:31:08.982 [INF] Microsoft.AspNetCore.Routing.EndpointMiddleware | Executed endpoint 'backend.Controllers.ModulesController.Get (backend)'
2026-04-09 17:31:08.983 [INF] Serilog.AspNetCore.RequestLoggingMiddleware | HTTP GET /api/Modules → 200 (13.1ms)
2026-04-09 17:31:08.983 [INF] Microsoft.AspNetCore.Hosting.Diagnostics | Request finished HTTP/1.1 GET http://localhost:5217/api/Modules?organizationId=8 - 200 null application/json; charset=utf-8 13.3452ms
2026-04-09 17:31:08.982 [INF] Serilog.AspNetCore.RequestLoggingMiddleware | HTTP GET /api/Modules → 200 (13.3ms)
2026-04-09 17:31:08.982 [INF] Microsoft.AspNetCore.Mvc.Infrastructure.ControllerActionInvoker | Executed action backend.Controllers.ModulesController.Get (backend) in 12.4005ms
2026-04-09 17:31:08.983 [INF] Microsoft.AspNetCore.Routing.EndpointMiddleware | Executed endpoint 'backend.Controllers.ModulesController.Get (backend)'
2026-04-09 17:31:08.983 [INF] Serilog.AspNetCore.RequestLoggingMiddleware | HTTP GET /api/Modules → 200 (12.8ms)
2026-04-09 17:31:08.983 [INF] Microsoft.AspNetCore.Hosting.Diagnostics | Request finished HTTP/1.1 GET http://localhost:5217/api/Modules?organizationId=1 - 200 null application/json; charset=utf-8 12.9761ms
2026-04-09 17:31:08.983 [INF] Serilog.AspNetCore.RequestLoggingMiddleware | HTTP GET /api/Modules → 200 (12.5ms)
2026-04-09 17:31:08.983 [INF] Microsoft.AspNetCore.Hosting.Diagnostics | Request finished HTTP/1.1 GET http://localhost:5217/api/Modules?organizationId=2 - 200 null application/json; charset=utf-8 14.0846ms
2026-04-09 17:31:08.983 [INF] Microsoft.AspNetCore.Hosting.Diagnostics | Request finished HTTP/1.1 GET http://localhost:5217/api/Modules?organizationId=12 - 200 null application/json; charset=utf-8 13.0696ms
2026-04-09 17:31:08.983 [INF] Microsoft.AspNetCore.Mvc.Infrastructure.ObjectResultExecutor | Executing OkObjectResult, writing value of type 'System.Collections.Generic.List`1[[backend.Models.ModuleInfo, backend, Version=1.0.0.0, Culture=neutral, PublicKeyToken=null]]'.
2026-04-09 17:31:08.983 [INF] Microsoft.AspNetCore.Mvc.Infrastructure.ControllerActionInvoker | Executed action backend.Controllers.ModulesController.Get (backend) in 12.8059ms
2026-04-09 17:31:08.983 [INF] Microsoft.AspNetCore.Routing.EndpointMiddleware | Executed endpoint 'backend.Controllers.ModulesController.Get (backend)'
2026-04-09 17:31:08.984 [INF] Serilog.AspNetCore.RequestLoggingMiddleware | HTTP GET /api/Modules → 200 (13.0ms)
2026-04-09 17:31:08.984 [INF] Microsoft.AspNetCore.Hosting.Diagnostics | Request finished HTTP/1.1 GET http://localhost:5217/api/Modules?organizationId=9 - 200 null application/json; charset=utf-8 13.2236ms
2026-04-09 17:31:08.984 [INF] Microsoft.AspNetCore.Mvc.Infrastructure.ObjectResultExecutor | Executing OkObjectResult, writing value of type 'System.Collections.Generic.List`1[[backend.Models.ModuleInfo, backend, Version=1.0.0.0, Culture=neutral, PublicKeyToken=null]]'.
2026-04-09 17:31:08.984 [INF] Microsoft.AspNetCore.Mvc.Infrastructure.ControllerActionInvoker | Executed action backend.Controllers.ModulesController.Get (backend) in 13.1476ms
2026-04-09 17:31:08.984 [INF] Microsoft.AspNetCore.Routing.EndpointMiddleware | Executed endpoint 'backend.Controllers.ModulesController.Get (backend)'
2026-04-09 17:31:08.984 [INF] Serilog.AspNetCore.RequestLoggingMiddleware | HTTP GET /api/Modules → 200 (13.3ms)
2026-04-09 17:31:08.984 [INF] Microsoft.AspNetCore.Hosting.Diagnostics | Request finished HTTP/1.1 GET http://localhost:5217/api/Modules?organizationId=3 - 200 null application/json; charset=utf-8 13.637ms
2026-04-09 17:31:08.997 [INF] Microsoft.AspNetCore.Hosting.Diagnostics | Request starting HTTP/1.1 GET http://localhost:5217/api/Modules?organizationId=2 - null null
2026-04-09 17:31:08.997 [INF] Microsoft.AspNetCore.Hosting.Diagnostics | Request starting HTTP/1.1 GET http://localhost:5217/api/Modules?organizationId=8 - null null
2026-04-09 17:31:08.997 [INF] Microsoft.AspNetCore.Routing.EndpointMiddleware | Executing endpoint 'backend.Controllers.ModulesController.Get (backend)'
2026-04-09 17:31:08.997 [INF] Microsoft.AspNetCore.Mvc.Infrastructure.ControllerActionInvoker | Route matched with {action = "Get", controller = "Modules"}. Executing controller action with signature System.Threading.Tasks.Task`1[Microsoft.AspNetCore.Mvc.IActionResult] Get(System.Nullable`1[System.Int32]) on controller backend.Controllers.ModulesController (backend).
2026-04-09 17:31:08.997 [INF] Microsoft.AspNetCore.Routing.EndpointMiddleware | Executing endpoint 'backend.Controllers.ModulesController.Get (backend)'
2026-04-09 17:31:08.997 [INF] Microsoft.AspNetCore.Mvc.Infrastructure.ControllerActionInvoker | Route matched with {action = "Get", controller = "Modules"}. Executing controller action with signature System.Threading.Tasks.Task`1[Microsoft.AspNetCore.Mvc.IActionResult] Get(System.Nullable`1[System.Int32]) on controller backend.Controllers.ModulesController (backend).
2026-04-09 17:31:08.998 [INF] Microsoft.AspNetCore.Hosting.Diagnostics | Request starting HTTP/1.1 GET http://localhost:5217/api/Modules?organizationId=12 - null null
2026-04-09 17:31:08.998 [INF] Microsoft.AspNetCore.Routing.EndpointMiddleware | Executing endpoint 'backend.Controllers.ModulesController.Get (backend)'
2026-04-09 17:31:08.998 [INF] Microsoft.AspNetCore.Mvc.Infrastructure.ControllerActionInvoker | Route matched with {action = "Get", controller = "Modules"}. Executing controller action with signature System.Threading.Tasks.Task`1[Microsoft.AspNetCore.Mvc.IActionResult] Get(System.Nullable`1[System.Int32]) on controller backend.Controllers.ModulesController (backend).
2026-04-09 17:31:08.998 [INF] Microsoft.AspNetCore.Hosting.Diagnostics | Request starting HTTP/1.1 GET http://localhost:5217/api/Modules?organizationId=1 - null null
2026-04-09 17:31:08.998 [INF] Microsoft.AspNetCore.Routing.EndpointMiddleware | Executing endpoint 'backend.Controllers.ModulesController.Get (backend)'
2026-04-09 17:31:08.998 [INF] Microsoft.AspNetCore.Mvc.Infrastructure.ControllerActionInvoker | Route matched with {action = "Get", controller = "Modules"}. Executing controller action with signature System.Threading.Tasks.Task`1[Microsoft.AspNetCore.Mvc.IActionResult] Get(System.Nullable`1[System.Int32]) on controller backend.Controllers.ModulesController (backend).
2026-04-09 17:31:08.998 [INF] Microsoft.AspNetCore.Hosting.Diagnostics | Request starting HTTP/1.1 GET http://localhost:5217/api/Modules?organizationId=9 - null null
2026-04-09 17:31:08.999 [INF] Microsoft.AspNetCore.Routing.EndpointMiddleware | Executing endpoint 'backend.Controllers.ModulesController.Get (backend)'
2026-04-09 17:31:08.999 [INF] Microsoft.AspNetCore.Mvc.Infrastructure.ControllerActionInvoker | Route matched with {action = "Get", controller = "Modules"}. Executing controller action with signature System.Threading.Tasks.Task`1[Microsoft.AspNetCore.Mvc.IActionResult] Get(System.Nullable`1[System.Int32]) on controller backend.Controllers.ModulesController (backend).
2026-04-09 17:31:08.999 [INF] Microsoft.AspNetCore.Hosting.Diagnostics | Request starting HTTP/1.1 GET http://localhost:5217/api/Modules?organizationId=3 - null null
2026-04-09 17:31:08.999 [INF] Microsoft.AspNetCore.Routing.EndpointMiddleware | Executing endpoint 'backend.Controllers.ModulesController.Get (backend)'
2026-04-09 17:31:08.999 [INF] Microsoft.AspNetCore.Mvc.Infrastructure.ControllerActionInvoker | Route matched with {action = "Get", controller = "Modules"}. Executing controller action with signature System.Threading.Tasks.Task`1[Microsoft.AspNetCore.Mvc.IActionResult] Get(System.Nullable`1[System.Int32]) on controller backend.Controllers.ModulesController (backend).
2026-04-09 17:31:09.011 [INF] Microsoft.AspNetCore.Mvc.Infrastructure.ObjectResultExecutor | Executing OkObjectResult, writing value of type 'System.Collections.Generic.List`1[[backend.Models.ModuleInfo, backend, Version=1.0.0.0, Culture=neutral, PublicKeyToken=null]]'.
2026-04-09 17:31:09.011 [INF] Microsoft.AspNetCore.Mvc.Infrastructure.ObjectResultExecutor | Executing OkObjectResult, writing value of type 'System.Collections.Generic.List`1[[backend.Models.ModuleInfo, backend, Version=1.0.0.0, Culture=neutral, PublicKeyToken=null]]'.
2026-04-09 17:31:09.011 [INF] Microsoft.AspNetCore.Mvc.Infrastructure.ControllerActionInvoker | Executed action backend.Controllers.ModulesController.Get (backend) in 13.8601ms
2026-04-09 17:31:09.011 [INF] Microsoft.AspNetCore.Mvc.Infrastructure.ObjectResultExecutor | Executing OkObjectResult, writing value of type 'System.Collections.Generic.List`1[[backend.Models.ModuleInfo, backend, Version=1.0.0.0, Culture=neutral, PublicKeyToken=null]]'.
2026-04-09 17:31:09.011 [INF] Microsoft.AspNetCore.Routing.EndpointMiddleware | Executed endpoint 'backend.Controllers.ModulesController.Get (backend)'
2026-04-09 17:31:09.011 [INF] Microsoft.AspNetCore.Mvc.Infrastructure.ControllerActionInvoker | Executed action backend.Controllers.ModulesController.Get (backend) in 13.9716ms
2026-04-09 17:31:09.011 [INF] Microsoft.AspNetCore.Mvc.Infrastructure.ControllerActionInvoker | Executed action backend.Controllers.ModulesController.Get (backend) in 13.5756ms
2026-04-09 17:31:09.012 [INF] Microsoft.AspNetCore.Routing.EndpointMiddleware | Executed endpoint 'backend.Controllers.ModulesController.Get (backend)'
2026-04-09 17:31:09.011 [INF] Serilog.AspNetCore.RequestLoggingMiddleware | HTTP GET /api/Modules → 200 (14.0ms)
2026-04-09 17:31:09.012 [INF] Microsoft.AspNetCore.Routing.EndpointMiddleware | Executed endpoint 'backend.Controllers.ModulesController.Get (backend)'
2026-04-09 17:31:09.012 [INF] Microsoft.AspNetCore.Hosting.Diagnostics | Request finished HTTP/1.1 GET http://localhost:5217/api/Modules?organizationId=8 - 200 null application/json; charset=utf-8 14.3871ms
2026-04-09 17:31:09.012 [INF] Microsoft.AspNetCore.Mvc.Infrastructure.ObjectResultExecutor | Executing OkObjectResult, writing value of type 'System.Collections.Generic.List`1[[backend.Models.ModuleInfo, backend, Version=1.0.0.0, Culture=neutral, PublicKeyToken=null]]'.
2026-04-09 17:31:09.012 [INF] Serilog.AspNetCore.RequestLoggingMiddleware | HTTP GET /api/Modules → 200 (13.8ms)
2026-04-09 17:31:09.012 [INF] Serilog.AspNetCore.RequestLoggingMiddleware | HTTP GET /api/Modules → 200 (14.3ms)
2026-04-09 17:31:09.012 [INF] Microsoft.AspNetCore.Mvc.Infrastructure.ControllerActionInvoker | Executed action backend.Controllers.ModulesController.Get (backend) in 12.9438ms
2026-04-09 17:31:09.012 [INF] Microsoft.AspNetCore.Hosting.Diagnostics | Request finished HTTP/1.1 GET http://localhost:5217/api/Modules?organizationId=2 - 200 null application/json; charset=utf-8 15.0673ms
2026-04-09 17:31:09.012 [INF] Microsoft.AspNetCore.Mvc.Infrastructure.ObjectResultExecutor | Executing OkObjectResult, writing value of type 'System.Collections.Generic.List`1[[backend.Models.ModuleInfo, backend, Version=1.0.0.0, Culture=neutral, PublicKeyToken=null]]'.
2026-04-09 17:31:09.012 [INF] Microsoft.AspNetCore.Hosting.Diagnostics | Request finished HTTP/1.1 GET http://localhost:5217/api/Modules?organizationId=12 - 200 null application/json; charset=utf-8 14.2986ms
2026-04-09 17:31:09.012 [INF] Microsoft.AspNetCore.Mvc.Infrastructure.ObjectResultExecutor | Executing OkObjectResult, writing value of type 'System.Collections.Generic.List`1[[backend.Models.ModuleInfo, backend, Version=1.0.0.0, Culture=neutral, PublicKeyToken=null]]'.
2026-04-09 17:31:09.012 [INF] Microsoft.AspNetCore.Routing.EndpointMiddleware | Executed endpoint 'backend.Controllers.ModulesController.Get (backend)'
2026-04-09 17:31:09.012 [INF] Serilog.AspNetCore.RequestLoggingMiddleware | HTTP GET /api/Modules → 200 (13.4ms)
2026-04-09 17:31:09.012 [INF] Microsoft.AspNetCore.Mvc.Infrastructure.ControllerActionInvoker | Executed action backend.Controllers.ModulesController.Get (backend) in 12.8671ms
2026-04-09 17:31:09.012 [INF] Microsoft.AspNetCore.Mvc.Infrastructure.ControllerActionInvoker | Executed action backend.Controllers.ModulesController.Get (backend) in 13.6659ms
2026-04-09 17:31:09.012 [INF] Microsoft.AspNetCore.Hosting.Diagnostics | Request finished HTTP/1.1 GET http://localhost:5217/api/Modules?organizationId=9 - 200 null application/json; charset=utf-8 13.7126ms
2026-04-09 17:31:09.012 [INF] Microsoft.AspNetCore.Routing.EndpointMiddleware | Executed endpoint 'backend.Controllers.ModulesController.Get (backend)'
2026-04-09 17:31:09.012 [INF] Microsoft.AspNetCore.Routing.EndpointMiddleware | Executed endpoint 'backend.Controllers.ModulesController.Get (backend)'
2026-04-09 17:31:09.012 [INF] Serilog.AspNetCore.RequestLoggingMiddleware | HTTP GET /api/Modules → 200 (14.0ms)
2026-04-09 17:31:09.012 [INF] Serilog.AspNetCore.RequestLoggingMiddleware | HTTP GET /api/Modules → 200 (13.1ms)
2026-04-09 17:31:09.012 [INF] Microsoft.AspNetCore.Hosting.Diagnostics | Request finished HTTP/1.1 GET http://localhost:5217/api/Modules?organizationId=3 - 200 null application/json; charset=utf-8 13.4627ms
2026-04-09 17:31:09.012 [INF] Microsoft.AspNetCore.Hosting.Diagnostics | Request finished HTTP/1.1 GET http://localhost:5217/api/Modules?organizationId=1 - 200 null application/json; charset=utf-8 14.2291ms
2026-04-09 17:31:09.046 [INF] Microsoft.AspNetCore.Hosting.Diagnostics | Request starting HTTP/1.1 GET http://localhost:5217/api/Modules?organizationId=2 - null null
2026-04-09 17:31:09.046 [INF] Microsoft.AspNetCore.Hosting.Diagnostics | Request starting HTTP/1.1 GET http://localhost:5217/api/Modules?organizationId=8 - null null
2026-04-09 17:31:09.046 [INF] Microsoft.AspNetCore.Routing.EndpointMiddleware | Executing endpoint 'backend.Controllers.ModulesController.Get (backend)'
2026-04-09 17:31:09.046 [INF] Microsoft.AspNetCore.Routing.EndpointMiddleware | Executing endpoint 'backend.Controllers.ModulesController.Get (backend)'
2026-04-09 17:31:09.046 [INF] Microsoft.AspNetCore.Mvc.Infrastructure.ControllerActionInvoker | Route matched with {action = "Get", controller = "Modules"}. Executing controller action with signature System.Threading.Tasks.Task`1[Microsoft.AspNetCore.Mvc.IActionResult] Get(System.Nullable`1[System.Int32]) on controller backend.Controllers.ModulesController (backend).
2026-04-09 17:31:09.046 [INF] Microsoft.AspNetCore.Mvc.Infrastructure.ControllerActionInvoker | Route matched with {action = "Get", controller = "Modules"}. Executing controller action with signature System.Threading.Tasks.Task`1[Microsoft.AspNetCore.Mvc.IActionResult] Get(System.Nullable`1[System.Int32]) on controller backend.Controllers.ModulesController (backend).
2026-04-09 17:31:09.047 [INF] Microsoft.AspNetCore.Hosting.Diagnostics | Request starting HTTP/1.1 GET http://localhost:5217/api/Modules?organizationId=1 - null null
2026-04-09 17:31:09.047 [INF] Microsoft.AspNetCore.Routing.EndpointMiddleware | Executing endpoint 'backend.Controllers.ModulesController.Get (backend)'
2026-04-09 17:31:09.047 [INF] Microsoft.AspNetCore.Mvc.Infrastructure.ControllerActionInvoker | Route matched with {action = "Get", controller = "Modules"}. Executing controller action with signature System.Threading.Tasks.Task`1[Microsoft.AspNetCore.Mvc.IActionResult] Get(System.Nullable`1[System.Int32]) on controller backend.Controllers.ModulesController (backend).
2026-04-09 17:31:09.047 [INF] Microsoft.AspNetCore.Hosting.Diagnostics | Request starting HTTP/1.1 GET http://localhost:5217/api/Modules?organizationId=12 - null null
2026-04-09 17:31:09.047 [INF] Microsoft.AspNetCore.Routing.EndpointMiddleware | Executing endpoint 'backend.Controllers.ModulesController.Get (backend)'
2026-04-09 17:31:09.047 [INF] Microsoft.AspNetCore.Mvc.Infrastructure.ControllerActionInvoker | Route matched with {action = "Get", controller = "Modules"}. Executing controller action with signature System.Threading.Tasks.Task`1[Microsoft.AspNetCore.Mvc.IActionResult] Get(System.Nullable`1[System.Int32]) on controller backend.Controllers.ModulesController (backend).
2026-04-09 17:31:09.047 [INF] Microsoft.AspNetCore.Hosting.Diagnostics | Request starting HTTP/1.1 GET http://localhost:5217/api/Modules?organizationId=9 - null null
2026-04-09 17:31:09.047 [INF] Microsoft.AspNetCore.Hosting.Diagnostics | Request starting HTTP/1.1 GET http://localhost:5217/api/Modules?organizationId=3 - null null
2026-04-09 17:31:09.048 [INF] Microsoft.AspNetCore.Routing.EndpointMiddleware | Executing endpoint 'backend.Controllers.ModulesController.Get (backend)'
2026-04-09 17:31:09.048 [INF] Microsoft.AspNetCore.Mvc.Infrastructure.ControllerActionInvoker | Route matched with {action = "Get", controller = "Modules"}. Executing controller action with signature System.Threading.Tasks.Task`1[Microsoft.AspNetCore.Mvc.IActionResult] Get(System.Nullable`1[System.Int32]) on controller backend.Controllers.ModulesController (backend).
2026-04-09 17:31:09.048 [INF] Microsoft.AspNetCore.Routing.EndpointMiddleware | Executing endpoint 'backend.Controllers.ModulesController.Get (backend)'
2026-04-09 17:31:09.048 [INF] Microsoft.AspNetCore.Mvc.Infrastructure.ControllerActionInvoker | Route matched with {action = "Get", controller = "Modules"}. Executing controller action with signature System.Threading.Tasks.Task`1[Microsoft.AspNetCore.Mvc.IActionResult] Get(System.Nullable`1[System.Int32]) on controller backend.Controllers.ModulesController (backend).
2026-04-09 17:31:09.058 [INF] Microsoft.AspNetCore.Mvc.Infrastructure.ObjectResultExecutor | Executing OkObjectResult, writing value of type 'System.Collections.Generic.List`1[[backend.Models.ModuleInfo, backend, Version=1.0.0.0, Culture=neutral, PublicKeyToken=null]]'.
2026-04-09 17:31:09.058 [INF] Microsoft.AspNetCore.Mvc.Infrastructure.ObjectResultExecutor | Executing OkObjectResult, writing value of type 'System.Collections.Generic.List`1[[backend.Models.ModuleInfo, backend, Version=1.0.0.0, Culture=neutral, PublicKeyToken=null]]'.
2026-04-09 17:31:09.058 [INF] Microsoft.AspNetCore.Mvc.Infrastructure.ControllerActionInvoker | Executed action backend.Controllers.ModulesController.Get (backend) in 11.0265ms
2026-04-09 17:31:09.058 [INF] Microsoft.AspNetCore.Mvc.Infrastructure.ControllerActionInvoker | Executed action backend.Controllers.ModulesController.Get (backend) in 11.3602ms
2026-04-09 17:31:09.058 [INF] Microsoft.AspNetCore.Routing.EndpointMiddleware | Executed endpoint 'backend.Controllers.ModulesController.Get (backend)'
2026-04-09 17:31:09.058 [INF] Microsoft.AspNetCore.Routing.EndpointMiddleware | Executed endpoint 'backend.Controllers.ModulesController.Get (backend)'
2026-04-09 17:31:09.058 [INF] Serilog.AspNetCore.RequestLoggingMiddleware | HTTP GET /api/Modules → 200 (11.7ms)
2026-04-09 17:31:09.058 [INF] Serilog.AspNetCore.RequestLoggingMiddleware | HTTP GET /api/Modules → 200 (11.2ms)
2026-04-09 17:31:09.058 [INF] Microsoft.AspNetCore.Hosting.Diagnostics | Request finished HTTP/1.1 GET http://localhost:5217/api/Modules?organizationId=2 - 200 null application/json; charset=utf-8 12.1328ms
2026-04-09 17:31:09.058 [INF] Microsoft.AspNetCore.Hosting.Diagnostics | Request finished HTTP/1.1 GET http://localhost:5217/api/Modules?organizationId=1 - 200 null application/json; charset=utf-8 11.4547ms
2026-04-09 17:31:09.061 [INF] Microsoft.AspNetCore.Mvc.Infrastructure.ObjectResultExecutor | Executing OkObjectResult, writing value of type 'System.Collections.Generic.List`1[[backend.Models.ModuleInfo, backend, Version=1.0.0.0, Culture=neutral, PublicKeyToken=null]]'.
2026-04-09 17:31:09.061 [INF] Microsoft.AspNetCore.Mvc.Infrastructure.ObjectResultExecutor | Executing OkObjectResult, writing value of type 'System.Collections.Generic.List`1[[backend.Models.ModuleInfo, backend, Version=1.0.0.0, Culture=neutral, PublicKeyToken=null]]'.
2026-04-09 17:31:09.061 [INF] Microsoft.AspNetCore.Mvc.Infrastructure.ObjectResultExecutor | Executing OkObjectResult, writing value of type 'System.Collections.Generic.List`1[[backend.Models.ModuleInfo, backend, Version=1.0.0.0, Culture=neutral, PublicKeyToken=null]]'.
2026-04-09 17:31:09.061 [INF] Microsoft.AspNetCore.Mvc.Infrastructure.ControllerActionInvoker | Executed action backend.Controllers.ModulesController.Get (backend) in 13.7313ms
2026-04-09 17:31:09.061 [INF] Microsoft.AspNetCore.Mvc.Infrastructure.ControllerActionInvoker | Executed action backend.Controllers.ModulesController.Get (backend) in 13.1085ms
2026-04-09 17:31:09.061 [INF] Microsoft.AspNetCore.Mvc.Infrastructure.ControllerActionInvoker | Executed action backend.Controllers.ModulesController.Get (backend) in 13.2136ms
2026-04-09 17:31:09.061 [INF] Microsoft.AspNetCore.Routing.EndpointMiddleware | Executed endpoint 'backend.Controllers.ModulesController.Get (backend)'
2026-04-09 17:31:09.061 [INF] Microsoft.AspNetCore.Mvc.Infrastructure.ObjectResultExecutor | Executing OkObjectResult, writing value of type 'System.Collections.Generic.List`1[[backend.Models.ModuleInfo, backend, Version=1.0.0.0, Culture=neutral, PublicKeyToken=null]]'.
2026-04-09 17:31:09.061 [INF] Serilog.AspNetCore.RequestLoggingMiddleware | HTTP GET /api/Modules → 200 (13.9ms)
2026-04-09 17:31:09.061 [INF] Microsoft.AspNetCore.Mvc.Infrastructure.ControllerActionInvoker | Executed action backend.Controllers.ModulesController.Get (backend) in 14.5049ms
2026-04-09 17:31:09.061 [INF] Microsoft.AspNetCore.Routing.EndpointMiddleware | Executed endpoint 'backend.Controllers.ModulesController.Get (backend)'
2026-04-09 17:31:09.061 [INF] Microsoft.AspNetCore.Hosting.Diagnostics | Request finished HTTP/1.1 GET http://localhost:5217/api/Modules?organizationId=12 - 200 null application/json; charset=utf-8 14.1225ms
2026-04-09 17:31:09.061 [INF] Microsoft.AspNetCore.Routing.EndpointMiddleware | Executed endpoint 'backend.Controllers.ModulesController.Get (backend)'
2026-04-09 17:31:09.061 [INF] Microsoft.AspNetCore.Routing.EndpointMiddleware | Executed endpoint 'backend.Controllers.ModulesController.Get (backend)'
2026-04-09 17:31:09.061 [INF] Serilog.AspNetCore.RequestLoggingMiddleware | HTTP GET /api/Modules → 200 (14.7ms)
2026-04-09 17:31:09.062 [INF] Microsoft.AspNetCore.Hosting.Diagnostics | Request finished HTTP/1.1 GET http://localhost:5217/api/Modules?organizationId=8 - 200 null application/json; charset=utf-8 15.6155ms
2026-04-09 17:31:09.062 [INF] Serilog.AspNetCore.RequestLoggingMiddleware | HTTP GET /api/Modules → 200 (14.1ms)
2026-04-09 17:31:09.062 [INF] Serilog.AspNetCore.RequestLoggingMiddleware | HTTP GET /api/Modules → 200 (14.0ms)
2026-04-09 17:31:09.062 [INF] Microsoft.AspNetCore.Hosting.Diagnostics | Request finished HTTP/1.1 GET http://localhost:5217/api/Modules?organizationId=9 - 200 null application/json; charset=utf-8 14.6118ms
2026-04-09 17:31:09.062 [INF] Microsoft.AspNetCore.Hosting.Diagnostics | Request finished HTTP/1.1 GET http://localhost:5217/api/Modules?organizationId=3 - 200 null application/json; charset=utf-8 14.3932ms
2026-04-09 17:31:29.275 [INF] Microsoft.AspNetCore.Hosting.Diagnostics | Request starting HTTP/1.1 OPTIONS http://localhost:5217/api/Organizations - null null
2026-04-09 17:31:29.275 [INF] Microsoft.AspNetCore.Cors.Infrastructure.CorsService | CORS policy execution successful.
2026-04-09 17:31:29.275 [INF] Microsoft.AspNetCore.Hosting.Diagnostics | Request finished HTTP/1.1 OPTIONS http://localhost:5217/api/Organizations - 204 null null 0.3209ms
2026-04-09 17:31:29.277 [INF] Microsoft.AspNetCore.Hosting.Diagnostics | Request starting HTTP/1.1 GET http://localhost:5217/api/Organizations - null null
2026-04-09 17:31:29.277 [INF] Microsoft.AspNetCore.Cors.Infrastructure.CorsService | CORS policy execution successful.
2026-04-09 17:31:29.277 [INF] Microsoft.AspNetCore.Routing.EndpointMiddleware | Executing endpoint 'backend.Controllers.OrganizationsController.GetOrganizations (backend)'
2026-04-09 17:31:29.278 [INF] Microsoft.AspNetCore.Mvc.Infrastructure.ControllerActionInvoker | Route matched with {action = "GetOrganizations", controller = "Organizations"}. Executing controller action with signature System.Threading.Tasks.Task`1[Microsoft.AspNetCore.Mvc.IActionResult] GetOrganizations() on controller backend.Controllers.OrganizationsController (backend).
2026-04-09 17:31:29.278 [INF] backend.Controllers.OrganizationsController | [Orgs] GET all requested | Role=SuperAdmin | UserId=18
2026-04-09 17:31:29.289 [INF] Microsoft.AspNetCore.Mvc.Infrastructure.ObjectResultExecutor | Executing OkObjectResult, writing value of type 'System.Collections.Generic.List`1[[backend.Models.Organization, backend, Version=1.0.0.0, Culture=neutral, PublicKeyToken=null]]'.
2026-04-09 17:31:29.290 [INF] Microsoft.AspNetCore.Mvc.Infrastructure.ControllerActionInvoker | Executed action backend.Controllers.OrganizationsController.GetOrganizations (backend) in 12.1011ms
2026-04-09 17:31:29.290 [INF] Microsoft.AspNetCore.Routing.EndpointMiddleware | Executed endpoint 'backend.Controllers.OrganizationsController.GetOrganizations (backend)'
2026-04-09 17:31:29.290 [INF] Serilog.AspNetCore.RequestLoggingMiddleware | HTTP GET /api/Organizations → 200 (12.3ms)
2026-04-09 17:31:29.290 [INF] Microsoft.AspNetCore.Hosting.Diagnostics | Request finished HTTP/1.1 GET http://localhost:5217/api/Organizations - 200 null application/json; charset=utf-8 13.2272ms
2026-04-09 17:31:29.305 [INF] Microsoft.AspNetCore.Hosting.Diagnostics | Request starting HTTP/1.1 OPTIONS http://localhost:5217/api/SalaryYear/GetSalaryYearsByOrgId?orgId=2 - null null
2026-04-09 17:31:29.305 [INF] Microsoft.AspNetCore.Cors.Infrastructure.CorsService | CORS policy execution successful.
2026-04-09 17:31:29.305 [INF] Microsoft.AspNetCore.Hosting.Diagnostics | Request finished HTTP/1.1 OPTIONS http://localhost:5217/api/SalaryYear/GetSalaryYearsByOrgId?orgId=2 - 204 null null 0.1574ms
2026-04-09 17:31:29.306 [INF] Microsoft.AspNetCore.Hosting.Diagnostics | Request starting HTTP/1.1 GET http://localhost:5217/api/SalaryYear/GetSalaryYearsByOrgId?orgId=2 - application/json null
2026-04-09 17:31:29.306 [INF] Microsoft.AspNetCore.Cors.Infrastructure.CorsService | CORS policy execution successful.
2026-04-09 17:31:29.307 [INF] Microsoft.AspNetCore.Routing.EndpointMiddleware | Executing endpoint 'backend.Controllers.SalaryYearController.GetSalaryYearsByOrgId (backend)'
2026-04-09 17:31:29.307 [INF] Microsoft.AspNetCore.Mvc.Infrastructure.ControllerActionInvoker | Route matched with {action = "GetSalaryYearsByOrgId", controller = "SalaryYear"}. Executing controller action with signature System.Threading.Tasks.Task`1[Microsoft.AspNetCore.Mvc.IActionResult] GetSalaryYearsByOrgId(System.String) on controller backend.Controllers.SalaryYearController (backend).
2026-04-09 17:31:29.324 [INF] Microsoft.AspNetCore.Mvc.Infrastructure.ObjectResultExecutor | Executing OkObjectResult, writing value of type 'System.Collections.Generic.List`1[[backend.Models.SalaryYear, backend, Version=1.0.0.0, Culture=neutral, PublicKeyToken=null]]'.
2026-04-09 17:31:29.325 [INF] Microsoft.AspNetCore.Mvc.Infrastructure.ControllerActionInvoker | Executed action backend.Controllers.SalaryYearController.GetSalaryYearsByOrgId (backend) in 17.7383ms
2026-04-09 17:31:29.325 [INF] Microsoft.AspNetCore.Routing.EndpointMiddleware | Executed endpoint 'backend.Controllers.SalaryYearController.GetSalaryYearsByOrgId (backend)'
2026-04-09 17:31:29.325 [INF] Serilog.AspNetCore.RequestLoggingMiddleware | HTTP GET /api/SalaryYear/GetSalaryYearsByOrgId → 200 (17.9ms)
2026-04-09 17:31:29.325 [INF] Microsoft.AspNetCore.Hosting.Diagnostics | Request finished HTTP/1.1 GET http://localhost:5217/api/SalaryYear/GetSalaryYearsByOrgId?orgId=2 - 200 null application/json; charset=utf-8 18.5069ms
2026-04-09 17:31:29.340 [INF] Microsoft.AspNetCore.Hosting.Diagnostics | Request starting HTTP/1.1 OPTIONS http://localhost:5217/api/staff-salary/org/4?salaryYearId=3 - null null
2026-04-09 17:31:29.340 [INF] Microsoft.AspNetCore.Cors.Infrastructure.CorsService | CORS policy execution successful.
2026-04-09 17:31:29.340 [INF] Microsoft.AspNetCore.Hosting.Diagnostics | Request finished HTTP/1.1 OPTIONS http://localhost:5217/api/staff-salary/org/4?salaryYearId=3 - 204 null null 0.1779ms
2026-04-09 17:31:29.341 [INF] Microsoft.AspNetCore.Hosting.Diagnostics | Request starting HTTP/1.1 GET http://localhost:5217/api/staff-salary/org/4?salaryYearId=3 - application/json null
2026-04-09 17:31:29.341 [INF] Microsoft.AspNetCore.Cors.Infrastructure.CorsService | CORS policy execution successful.
2026-04-09 17:31:29.342 [INF] Microsoft.AspNetCore.Routing.EndpointMiddleware | Executing endpoint 'backend.Controllers.StaffSalaryController.GetMonthlySalaries (backend)'
2026-04-09 17:31:29.342 [INF] Microsoft.AspNetCore.Mvc.Infrastructure.ControllerActionInvoker | Route matched with {action = "GetMonthlySalaries", controller = "StaffSalary"}. Executing controller action with signature System.Threading.Tasks.Task`1[Microsoft.AspNetCore.Mvc.IActionResult] GetMonthlySalaries(Byte, Int32) on controller backend.Controllers.StaffSalaryController (backend).
2026-04-09 17:31:29.374 [INF] Microsoft.AspNetCore.Mvc.Infrastructure.ObjectResultExecutor | Executing OkObjectResult, writing value of type 'System.Collections.Generic.List`1[[backend.Models.StaffSalary, backend, Version=1.0.0.0, Culture=neutral, PublicKeyToken=null]]'.
2026-04-09 17:31:29.374 [INF] Microsoft.AspNetCore.Mvc.Infrastructure.ControllerActionInvoker | Executed action backend.Controllers.StaffSalaryController.GetMonthlySalaries (backend) in 32.3639ms
2026-04-09 17:31:29.374 [INF] Microsoft.AspNetCore.Routing.EndpointMiddleware | Executed endpoint 'backend.Controllers.StaffSalaryController.GetMonthlySalaries (backend)'
2026-04-09 17:31:29.374 [INF] Serilog.AspNetCore.RequestLoggingMiddleware | HTTP GET /api/staff-salary/org/4 → 200 (32.5ms)
2026-04-09 17:31:29.374 [INF] Microsoft.AspNetCore.Hosting.Diagnostics | Request finished HTTP/1.1 GET http://localhost:5217/api/staff-salary/org/4?salaryYearId=3 - 200 null application/json; charset=utf-8 32.989ms
2026-04-09 17:31:29.754 [INF] Microsoft.AspNetCore.Hosting.Diagnostics | Request starting HTTP/1.1 GET http://localhost:5217/api/uploads/employee-photos/emp-28.jpg - null null
2026-04-09 17:31:29.754 [INF] Microsoft.AspNetCore.Cors.Infrastructure.CorsService | CORS policy execution successful.
2026-04-09 17:31:29.754 [INF] Microsoft.AspNetCore.Hosting.Diagnostics | Request starting HTTP/1.1 GET http://localhost:5217/api/uploads/employee-photos/emp-22.png - null null
2026-04-09 17:31:29.754 [INF] Serilog.AspNetCore.RequestLoggingMiddleware | HTTP GET /api/uploads/employee-photos/emp-28.jpg → 404 (0.0ms)
2026-04-09 17:31:29.754 [INF] Microsoft.AspNetCore.Cors.Infrastructure.CorsService | CORS policy execution successful.
2026-04-09 17:31:29.754 [INF] Microsoft.AspNetCore.Hosting.Diagnostics | Request finished HTTP/1.1 GET http://localhost:5217/api/uploads/employee-photos/emp-28.jpg - 404 0 null 0.6148ms
2026-04-09 17:31:29.755 [INF] Microsoft.AspNetCore.Hosting.Diagnostics | Request reached the end of the middleware pipeline without being handled by application code. Request path: GET http://localhost:5217/api/uploads/employee-photos/emp-28.jpg, Response status code: 404
2026-04-09 17:31:29.755 [INF] Serilog.AspNetCore.RequestLoggingMiddleware | HTTP GET /api/uploads/employee-photos/emp-22.png → 404 (0.0ms)
2026-04-09 17:31:29.755 [INF] Microsoft.AspNetCore.Hosting.Diagnostics | Request finished HTTP/1.1 GET http://localhost:5217/api/uploads/employee-photos/emp-22.png - 404 0 null 0.3922ms
2026-04-09 17:31:29.755 [INF] Microsoft.AspNetCore.Hosting.Diagnostics | Request reached the end of the middleware pipeline without being handled by application code. Request path: GET http://localhost:5217/api/uploads/employee-photos/emp-22.png, Response status code: 404
2026-04-09 17:31:29.757 [INF] Microsoft.AspNetCore.Hosting.Diagnostics | Request starting HTTP/1.1 GET http://localhost:5217/api/uploads/employee-photos/emp-23.png - null null
2026-04-09 17:31:29.757 [INF] Microsoft.AspNetCore.Cors.Infrastructure.CorsService | CORS policy execution successful.
2026-04-09 17:31:29.757 [INF] Serilog.AspNetCore.RequestLoggingMiddleware | HTTP GET /api/uploads/employee-photos/emp-23.png → 404 (0.0ms)
2026-04-09 17:31:29.757 [INF] Microsoft.AspNetCore.Hosting.Diagnostics | Request finished HTTP/1.1 GET http://localhost:5217/api/uploads/employee-photos/emp-23.png - 404 0 null 0.3612ms
2026-04-09 17:31:29.757 [INF] Microsoft.AspNetCore.Hosting.Diagnostics | Request reached the end of the middleware pipeline without being handled by application code. Request path: GET http://localhost:5217/api/uploads/employee-photos/emp-23.png, Response status code: 404
2026-04-09 17:31:29.757 [INF] Microsoft.AspNetCore.Hosting.Diagnostics | Request starting HTTP/1.1 GET http://localhost:5217/api/uploads/employee-photos/emp-31.jpg - null null
2026-04-09 17:31:29.757 [INF] Microsoft.AspNetCore.Cors.Infrastructure.CorsService | CORS policy execution successful.
2026-04-09 17:31:29.758 [INF] Serilog.AspNetCore.RequestLoggingMiddleware | HTTP GET /api/uploads/employee-photos/emp-31.jpg → 404 (0.0ms)
2026-04-09 17:31:29.758 [INF] Microsoft.AspNetCore.Hosting.Diagnostics | Request finished HTTP/1.1 GET http://localhost:5217/api/uploads/employee-photos/emp-31.jpg - 404 0 null 0.3171ms
2026-04-09 17:31:29.758 [INF] Microsoft.AspNetCore.Hosting.Diagnostics | Request reached the end of the middleware pipeline without being handled by application code. Request path: GET http://localhost:5217/api/uploads/employee-photos/emp-31.jpg, Response status code: 404
2026-04-09 17:31:29.804 [INF] Microsoft.AspNetCore.Hosting.Diagnostics | Request starting HTTP/1.1 OPTIONS http://localhost:5217/hubs/staffsalary/negotiate?negotiateVersion=1 - null null
2026-04-09 17:31:29.804 [INF] Microsoft.AspNetCore.Cors.Infrastructure.CorsService | CORS policy execution successful.
2026-04-09 17:31:29.804 [INF] Microsoft.AspNetCore.Hosting.Diagnostics | Request finished HTTP/1.1 OPTIONS http://localhost:5217/hubs/staffsalary/negotiate?negotiateVersion=1 - 204 null null 0.186ms
2026-04-09 17:31:29.805 [INF] Microsoft.AspNetCore.Hosting.Diagnostics | Request starting HTTP/1.1 POST http://localhost:5217/hubs/staffsalary/negotiate?negotiateVersion=1 - text/plain;charset=UTF-8 0
2026-04-09 17:31:29.805 [INF] Microsoft.AspNetCore.Cors.Infrastructure.CorsService | CORS policy execution successful.
2026-04-09 17:31:29.805 [INF] Microsoft.AspNetCore.Routing.EndpointMiddleware | Executing endpoint '/hubs/staffsalary/negotiate'
2026-04-09 17:31:29.806 [INF] Microsoft.AspNetCore.Routing.EndpointMiddleware | Executed endpoint '/hubs/staffsalary/negotiate'
2026-04-09 17:31:29.806 [INF] Serilog.AspNetCore.RequestLoggingMiddleware | HTTP POST /hubs/staffsalary/negotiate → 200 (0.3ms)
2026-04-09 17:31:29.806 [INF] Microsoft.AspNetCore.Hosting.Diagnostics | Request finished HTTP/1.1 POST http://localhost:5217/hubs/staffsalary/negotiate?negotiateVersion=1 - 200 316 application/json 0.6839ms
2026-04-09 17:31:29.843 [INF] Microsoft.AspNetCore.Hosting.Diagnostics | Request starting HTTP/1.1 GET http://localhost:5217/hubs/staffsalary?id=m43WYmSlbQkPBLP-u3GXAA&access_token=eyJhbGciOiJIUzI1NiIsInR5cCI6IkpXVCJ9.eyJuYW1laWQiOiIxOCIsInVuaXF1ZV9uYW1lIjoidmFzYW50aGFrdW1hciIsImVtYWlsIjoidmFzYW50aDIwMDR2a0BnbWFpbC5jb20iLCJyb2xlIjoiU3VwZXJBZG1pbiIsIk9yZ2FuaXphdGlvbklkIjoiMiIsIk9yZ2FuaXphdGlvbkxvZ28iOiIvdXBsb2Fkcy9vcmctbG9nb3Mvb3JnLWxvZ28tNTg3M2M0NzVkOTFkNGJiZDkwNDZkZWVjNjY3ZDEzNmMuanBnIiwibmJmIjoxNzc1NzM2MDM3LCJleHAiOjE3NzU4MjI0MzcsImlhdCI6MTc3NTczNjAzNywiaXNzIjoiUHJvRGVzWC1CYWNrZW5kIiwiYXVkIjoiUHJvRGVzWC1Gcm9udGVuZCJ9.yvptRdzGzlFmnDjvMqi-9xetAsozB8x9XmIVWOSO1Uo - null null
2026-04-09 17:31:29.843 [INF] Microsoft.AspNetCore.Cors.Infrastructure.CorsService | CORS policy execution successful.
2026-04-09 17:31:29.843 [INF] Microsoft.AspNetCore.Routing.EndpointMiddleware | Executing endpoint '/hubs/staffsalary'
2026-04-09 17:31:40.328 [INF] Microsoft.AspNetCore.Hosting.Diagnostics | Request starting HTTP/1.1 OPTIONS http://localhost:5217/api/SalaryYear/GetSalaryYearsByOrgId?orgId=1 - null null
2026-04-09 17:31:40.328 [INF] Microsoft.AspNetCore.Cors.Infrastructure.CorsService | CORS policy execution successful.
2026-04-09 17:31:40.328 [INF] Microsoft.AspNetCore.Hosting.Diagnostics | Request finished HTTP/1.1 OPTIONS http://localhost:5217/api/SalaryYear/GetSalaryYearsByOrgId?orgId=1 - 204 null null 0.2586ms
2026-04-09 17:31:40.329 [INF] Microsoft.AspNetCore.Hosting.Diagnostics | Request starting HTTP/1.1 GET http://localhost:5217/api/SalaryYear/GetSalaryYearsByOrgId?orgId=1 - application/json null
2026-04-09 17:31:40.329 [INF] Microsoft.AspNetCore.Cors.Infrastructure.CorsService | CORS policy execution successful.
2026-04-09 17:31:40.329 [INF] Microsoft.AspNetCore.Routing.EndpointMiddleware | Executing endpoint 'backend.Controllers.SalaryYearController.GetSalaryYearsByOrgId (backend)'
2026-04-09 17:31:40.329 [INF] Microsoft.AspNetCore.Mvc.Infrastructure.ControllerActionInvoker | Route matched with {action = "GetSalaryYearsByOrgId", controller = "SalaryYear"}. Executing controller action with signature System.Threading.Tasks.Task`1[Microsoft.AspNetCore.Mvc.IActionResult] GetSalaryYearsByOrgId(System.String) on controller backend.Controllers.SalaryYearController (backend).
2026-04-09 17:31:40.342 [INF] Microsoft.AspNetCore.Mvc.Infrastructure.ObjectResultExecutor | Executing OkObjectResult, writing value of type 'System.Collections.Generic.List`1[[backend.Models.SalaryYear, backend, Version=1.0.0.0, Culture=neutral, PublicKeyToken=null]]'.
2026-04-09 17:31:40.342 [INF] Microsoft.AspNetCore.Mvc.Infrastructure.ControllerActionInvoker | Executed action backend.Controllers.SalaryYearController.GetSalaryYearsByOrgId (backend) in 12.7672ms
2026-04-09 17:31:40.342 [INF] Microsoft.AspNetCore.Routing.EndpointMiddleware | Executed endpoint 'backend.Controllers.SalaryYearController.GetSalaryYearsByOrgId (backend)'
2026-04-09 17:31:40.342 [INF] Serilog.AspNetCore.RequestLoggingMiddleware | HTTP GET /api/SalaryYear/GetSalaryYearsByOrgId → 200 (13.0ms)
2026-04-09 17:31:40.342 [INF] Microsoft.AspNetCore.Hosting.Diagnostics | Request finished HTTP/1.1 GET http://localhost:5217/api/SalaryYear/GetSalaryYearsByOrgId?orgId=1 - 200 null application/json; charset=utf-8 13.2942ms
2026-04-09 17:31:40.454 [INF] Microsoft.AspNetCore.Hosting.Diagnostics | Request starting HTTP/1.1 OPTIONS http://localhost:5217/api/staff-salary/org/4?salaryYearId=2 - null null
2026-04-09 17:31:40.454 [INF] Microsoft.AspNetCore.Cors.Infrastructure.CorsService | CORS policy execution successful.
2026-04-09 17:31:40.454 [INF] Microsoft.AspNetCore.Hosting.Diagnostics | Request finished HTTP/1.1 OPTIONS http://localhost:5217/api/staff-salary/org/4?salaryYearId=2 - 204 null null 0.1967ms
2026-04-09 17:31:40.455 [INF] Microsoft.AspNetCore.Hosting.Diagnostics | Request starting HTTP/1.1 GET http://localhost:5217/api/staff-salary/org/4?salaryYearId=2 - application/json null
2026-04-09 17:31:40.455 [INF] Microsoft.AspNetCore.Cors.Infrastructure.CorsService | CORS policy execution successful.
2026-04-09 17:31:40.455 [INF] Microsoft.AspNetCore.Routing.EndpointMiddleware | Executing endpoint 'backend.Controllers.StaffSalaryController.GetMonthlySalaries (backend)'
2026-04-09 17:31:40.455 [INF] Microsoft.AspNetCore.Mvc.Infrastructure.ControllerActionInvoker | Route matched with {action = "GetMonthlySalaries", controller = "StaffSalary"}. Executing controller action with signature System.Threading.Tasks.Task`1[Microsoft.AspNetCore.Mvc.IActionResult] GetMonthlySalaries(Byte, Int32) on controller backend.Controllers.StaffSalaryController (backend).
2026-04-09 17:31:40.474 [INF] Microsoft.AspNetCore.Mvc.Infrastructure.ObjectResultExecutor | Executing OkObjectResult, writing value of type 'System.Collections.Generic.List`1[[backend.Models.StaffSalary, backend, Version=1.0.0.0, Culture=neutral, PublicKeyToken=null]]'.
2026-04-09 17:31:40.474 [INF] Microsoft.AspNetCore.Mvc.Infrastructure.ControllerActionInvoker | Executed action backend.Controllers.StaffSalaryController.GetMonthlySalaries (backend) in 18.4227ms
2026-04-09 17:31:40.474 [INF] Microsoft.AspNetCore.Routing.EndpointMiddleware | Executed endpoint 'backend.Controllers.StaffSalaryController.GetMonthlySalaries (backend)'
2026-04-09 17:31:40.474 [INF] Serilog.AspNetCore.RequestLoggingMiddleware | HTTP GET /api/staff-salary/org/4 → 200 (18.6ms)
2026-04-09 17:31:40.474 [INF] Microsoft.AspNetCore.Hosting.Diagnostics | Request finished HTTP/1.1 GET http://localhost:5217/api/staff-salary/org/4?salaryYearId=2 - 200 null application/json; charset=utf-8 18.9323ms
2026-04-09 17:31:43.259 [INF] Microsoft.AspNetCore.Hosting.Diagnostics | Request starting HTTP/1.1 OPTIONS http://localhost:5217/api/staff-salary/org/4?salaryYearId=8 - null null
2026-04-09 17:31:43.259 [INF] Microsoft.AspNetCore.Cors.Infrastructure.CorsService | CORS policy execution successful.
2026-04-09 17:31:43.259 [INF] Microsoft.AspNetCore.Hosting.Diagnostics | Request finished HTTP/1.1 OPTIONS http://localhost:5217/api/staff-salary/org/4?salaryYearId=8 - 204 null null 0.1755ms
2026-04-09 17:31:43.259 [INF] Microsoft.AspNetCore.Hosting.Diagnostics | Request starting HTTP/1.1 GET http://localhost:5217/api/staff-salary/org/4?salaryYearId=8 - application/json null
2026-04-09 17:31:43.260 [INF] Microsoft.AspNetCore.Cors.Infrastructure.CorsService | CORS policy execution successful.
2026-04-09 17:31:43.260 [INF] Microsoft.AspNetCore.Routing.EndpointMiddleware | Executing endpoint 'backend.Controllers.StaffSalaryController.GetMonthlySalaries (backend)'
2026-04-09 17:31:43.260 [INF] Microsoft.AspNetCore.Mvc.Infrastructure.ControllerActionInvoker | Route matched with {action = "GetMonthlySalaries", controller = "StaffSalary"}. Executing controller action with signature System.Threading.Tasks.Task`1[Microsoft.AspNetCore.Mvc.IActionResult] GetMonthlySalaries(Byte, Int32) on controller backend.Controllers.StaffSalaryController (backend).
2026-04-09 17:31:43.283 [INF] Microsoft.AspNetCore.Mvc.Infrastructure.ObjectResultExecutor | Executing OkObjectResult, writing value of type 'System.Collections.Generic.List`1[[backend.Models.StaffSalary, backend, Version=1.0.0.0, Culture=neutral, PublicKeyToken=null]]'.
2026-04-09 17:31:43.284 [INF] Microsoft.AspNetCore.Mvc.Infrastructure.ControllerActionInvoker | Executed action backend.Controllers.StaffSalaryController.GetMonthlySalaries (backend) in 23.8051ms
2026-04-09 17:31:43.284 [INF] Microsoft.AspNetCore.Routing.EndpointMiddleware | Executed endpoint 'backend.Controllers.StaffSalaryController.GetMonthlySalaries (backend)'
2026-04-09 17:31:43.284 [INF] Serilog.AspNetCore.RequestLoggingMiddleware | HTTP GET /api/staff-salary/org/4 → 200 (24.0ms)
2026-04-09 17:31:43.284 [INF] Microsoft.AspNetCore.Hosting.Diagnostics | Request finished HTTP/1.1 GET http://localhost:5217/api/staff-salary/org/4?salaryYearId=8 - 200 null application/json; charset=utf-8 24.3783ms
2026-04-09 17:31:45.334 [INF] Microsoft.AspNetCore.Hosting.Diagnostics | Request starting HTTP/1.1 GET http://localhost:5217/api/staff-salary/org/4?salaryYearId=2 - application/json null
2026-04-09 17:31:45.335 [INF] Microsoft.AspNetCore.Cors.Infrastructure.CorsService | CORS policy execution successful.
2026-04-09 17:31:45.335 [INF] Microsoft.AspNetCore.Routing.EndpointMiddleware | Executing endpoint 'backend.Controllers.StaffSalaryController.GetMonthlySalaries (backend)'
2026-04-09 17:31:45.335 [INF] Microsoft.AspNetCore.Mvc.Infrastructure.ControllerActionInvoker | Route matched with {action = "GetMonthlySalaries", controller = "StaffSalary"}. Executing controller action with signature System.Threading.Tasks.Task`1[Microsoft.AspNetCore.Mvc.IActionResult] GetMonthlySalaries(Byte, Int32) on controller backend.Controllers.StaffSalaryController (backend).
2026-04-09 17:31:45.353 [INF] Microsoft.AspNetCore.Mvc.Infrastructure.ObjectResultExecutor | Executing OkObjectResult, writing value of type 'System.Collections.Generic.List`1[[backend.Models.StaffSalary, backend, Version=1.0.0.0, Culture=neutral, PublicKeyToken=null]]'.
2026-04-09 17:31:45.353 [INF] Microsoft.AspNetCore.Mvc.Infrastructure.ControllerActionInvoker | Executed action backend.Controllers.StaffSalaryController.GetMonthlySalaries (backend) in 17.9865ms
2026-04-09 17:31:45.353 [INF] Microsoft.AspNetCore.Routing.EndpointMiddleware | Executed endpoint 'backend.Controllers.StaffSalaryController.GetMonthlySalaries (backend)'
2026-04-09 17:31:45.353 [INF] Serilog.AspNetCore.RequestLoggingMiddleware | HTTP GET /api/staff-salary/org/4 → 200 (18.1ms)
2026-04-09 17:31:45.353 [INF] Microsoft.AspNetCore.Hosting.Diagnostics | Request finished HTTP/1.1 GET http://localhost:5217/api/staff-salary/org/4?salaryYearId=2 - 200 null application/json; charset=utf-8 18.6586ms
2026-04-09 17:31:48.316 [INF] Microsoft.AspNetCore.Hosting.Diagnostics | Request starting HTTP/1.1 OPTIONS http://localhost:5217/api/staff-salary/preview?salaryYearId=2&month=4&year=2026 - null null
2026-04-09 17:31:48.316 [INF] Microsoft.AspNetCore.Cors.Infrastructure.CorsService | CORS policy execution successful.
2026-04-09 17:31:48.316 [INF] Microsoft.AspNetCore.Hosting.Diagnostics | Request finished HTTP/1.1 OPTIONS http://localhost:5217/api/staff-salary/preview?salaryYearId=2&month=4&year=2026 - 204 null null 0.1733ms
2026-04-09 17:31:48.317 [INF] Microsoft.AspNetCore.Hosting.Diagnostics | Request starting HTTP/1.1 GET http://localhost:5217/api/staff-salary/preview?salaryYearId=2&month=4&year=2026 - application/json null
2026-04-09 17:31:48.318 [INF] Microsoft.AspNetCore.Cors.Infrastructure.CorsService | CORS policy execution successful.
2026-04-09 17:31:48.318 [INF] Microsoft.AspNetCore.Routing.EndpointMiddleware | Executing endpoint 'backend.Controllers.StaffSalaryController.GetPayrollPreview (backend)'
2026-04-09 17:31:48.326 [INF] Microsoft.AspNetCore.Mvc.Infrastructure.ControllerActionInvoker | Route matched with {action = "GetPayrollPreview", controller = "StaffSalary"}. Executing controller action with signature System.Threading.Tasks.Task`1[Microsoft.AspNetCore.Mvc.IActionResult] GetPayrollPreview(Int32, Byte, Int32) on controller backend.Controllers.StaffSalaryController (backend).
2026-04-09 17:31:48.493 [INF] Microsoft.AspNetCore.Mvc.Infrastructure.ObjectResultExecutor | Executing OkObjectResult, writing value of type 'System.Collections.Generic.List`1[[backend.Models.PayrollPreviewModel, backend, Version=1.0.0.0, Culture=neutral, PublicKeyToken=null]]'.
2026-04-09 17:31:48.499 [INF] Microsoft.AspNetCore.Mvc.Infrastructure.ControllerActionInvoker | Executed action backend.Controllers.StaffSalaryController.GetPayrollPreview (backend) in 173.2114ms
2026-04-09 17:31:48.499 [INF] Microsoft.AspNetCore.Routing.EndpointMiddleware | Executed endpoint 'backend.Controllers.StaffSalaryController.GetPayrollPreview (backend)'
2026-04-09 17:31:48.499 [INF] Serilog.AspNetCore.RequestLoggingMiddleware | HTTP GET /api/staff-salary/preview → 200 (181.4ms)
2026-04-09 17:31:48.499 [INF] Microsoft.AspNetCore.Hosting.Diagnostics | Request finished HTTP/1.1 GET http://localhost:5217/api/staff-salary/preview?salaryYearId=2&month=4&year=2026 - 200 null application/json; charset=utf-8 181.9195ms
2026-04-09 17:32:21.075 [INF] Microsoft.AspNetCore.Hosting.Diagnostics | Request starting HTTP/1.1 OPTIONS http://localhost:5217/api/SalaryYear/GetSalaryYearsByOrgId?orgId=8 - null null
2026-04-09 17:32:21.076 [INF] Microsoft.AspNetCore.Cors.Infrastructure.CorsService | CORS policy execution successful.
2026-04-09 17:32:21.076 [INF] Microsoft.AspNetCore.Hosting.Diagnostics | Request finished HTTP/1.1 OPTIONS http://localhost:5217/api/SalaryYear/GetSalaryYearsByOrgId?orgId=8 - 204 null null 0.1713ms
2026-04-09 17:32:21.076 [INF] Microsoft.AspNetCore.Hosting.Diagnostics | Request starting HTTP/1.1 GET http://localhost:5217/api/SalaryYear/GetSalaryYearsByOrgId?orgId=8 - application/json null
2026-04-09 17:32:21.077 [INF] Microsoft.AspNetCore.Cors.Infrastructure.CorsService | CORS policy execution successful.
2026-04-09 17:32:21.077 [INF] Microsoft.AspNetCore.Routing.EndpointMiddleware | Executing endpoint 'backend.Controllers.SalaryYearController.GetSalaryYearsByOrgId (backend)'
2026-04-09 17:32:21.077 [INF] Microsoft.AspNetCore.Mvc.Infrastructure.ControllerActionInvoker | Route matched with {action = "GetSalaryYearsByOrgId", controller = "SalaryYear"}. Executing controller action with signature System.Threading.Tasks.Task`1[Microsoft.AspNetCore.Mvc.IActionResult] GetSalaryYearsByOrgId(System.String) on controller backend.Controllers.SalaryYearController (backend).
2026-04-09 17:32:23.231 [INF] Microsoft.AspNetCore.Mvc.Infrastructure.ObjectResultExecutor | Executing OkObjectResult, writing value of type 'System.Collections.Generic.List`1[[backend.Models.SalaryYear, backend, Version=1.0.0.0, Culture=neutral, PublicKeyToken=null]]'.
2026-04-09 17:32:23.231 [INF] Microsoft.AspNetCore.Mvc.Infrastructure.ControllerActionInvoker | Executed action backend.Controllers.SalaryYearController.GetSalaryYearsByOrgId (backend) in 2154.0996ms
2026-04-09 17:32:23.231 [INF] Microsoft.AspNetCore.Routing.EndpointMiddleware | Executed endpoint 'backend.Controllers.SalaryYearController.GetSalaryYearsByOrgId (backend)'
2026-04-09 17:32:23.231 [INF] Serilog.AspNetCore.RequestLoggingMiddleware | HTTP GET /api/SalaryYear/GetSalaryYearsByOrgId → 200 (2154.3ms)
2026-04-09 17:32:23.231 [INF] Microsoft.AspNetCore.Hosting.Diagnostics | Request finished HTTP/1.1 GET http://localhost:5217/api/SalaryYear/GetSalaryYearsByOrgId?orgId=8 - 200 null application/json; charset=utf-8 2154.6058ms
2026-04-09 17:32:41.990 [INF] Microsoft.AspNetCore.Hosting.Diagnostics | Request starting HTTP/1.1 OPTIONS http://localhost:5217/api/SalaryYear/GetSalaryYearsByOrgId?orgId=1 - null null
2026-04-09 17:32:41.990 [INF] Microsoft.AspNetCore.Cors.Infrastructure.CorsService | CORS policy execution successful.
2026-04-09 17:32:41.990 [INF] Microsoft.AspNetCore.Hosting.Diagnostics | Request finished HTTP/1.1 OPTIONS http://localhost:5217/api/SalaryYear/GetSalaryYearsByOrgId?orgId=1 - 204 null null 0.1321ms
2026-04-09 17:32:41.991 [INF] Microsoft.AspNetCore.Hosting.Diagnostics | Request starting HTTP/1.1 GET http://localhost:5217/api/SalaryYear/GetSalaryYearsByOrgId?orgId=1 - application/json null
2026-04-09 17:32:41.991 [INF] Microsoft.AspNetCore.Cors.Infrastructure.CorsService | CORS policy execution successful.
2026-04-09 17:32:41.992 [INF] Microsoft.AspNetCore.Routing.EndpointMiddleware | Executing endpoint 'backend.Controllers.SalaryYearController.GetSalaryYearsByOrgId (backend)'
2026-04-09 17:32:41.992 [INF] Microsoft.AspNetCore.Mvc.Infrastructure.ControllerActionInvoker | Route matched with {action = "GetSalaryYearsByOrgId", controller = "SalaryYear"}. Executing controller action with signature System.Threading.Tasks.Task`1[Microsoft.AspNetCore.Mvc.IActionResult] GetSalaryYearsByOrgId(System.String) on controller backend.Controllers.SalaryYearController (backend).
2026-04-09 17:32:50.221 [INF] Microsoft.AspNetCore.Mvc.Infrastructure.ObjectResultExecutor | Executing OkObjectResult, writing value of type 'System.Collections.Generic.List`1[[backend.Models.SalaryYear, backend, Version=1.0.0.0, Culture=neutral, PublicKeyToken=null]]'.
2026-04-09 17:32:50.221 [INF] Microsoft.AspNetCore.Mvc.Infrastructure.ControllerActionInvoker | Executed action backend.Controllers.SalaryYearController.GetSalaryYearsByOrgId (backend) in 8229.3167ms
2026-04-09 17:32:50.221 [INF] Microsoft.AspNetCore.Routing.EndpointMiddleware | Executed endpoint 'backend.Controllers.SalaryYearController.GetSalaryYearsByOrgId (backend)'
2026-04-09 17:32:50.221 [INF] Serilog.AspNetCore.RequestLoggingMiddleware | HTTP GET /api/SalaryYear/GetSalaryYearsByOrgId → 200 (8229.5ms)
2026-04-09 17:32:50.221 [INF] Microsoft.AspNetCore.Hosting.Diagnostics | Request finished HTTP/1.1 GET http://localhost:5217/api/SalaryYear/GetSalaryYearsByOrgId?orgId=1 - 200 null application/json; charset=utf-8 8229.863ms
2026-04-09 17:32:50.225 [INF] Microsoft.AspNetCore.Hosting.Diagnostics | Request starting HTTP/1.1 OPTIONS http://localhost:5217/api/staff-salary/org/4?salaryYearId=2 - null null
2026-04-09 17:32:50.225 [INF] Microsoft.AspNetCore.Cors.Infrastructure.CorsService | CORS policy execution successful.
2026-04-09 17:32:50.225 [INF] Microsoft.AspNetCore.Hosting.Diagnostics | Request finished HTTP/1.1 OPTIONS http://localhost:5217/api/staff-salary/org/4?salaryYearId=2 - 204 null null 0.1393ms
2026-04-09 17:32:50.226 [INF] Microsoft.AspNetCore.Hosting.Diagnostics | Request starting HTTP/1.1 GET http://localhost:5217/api/staff-salary/org/4?salaryYearId=2 - application/json null
2026-04-09 17:32:50.226 [INF] Microsoft.AspNetCore.Cors.Infrastructure.CorsService | CORS policy execution successful.
2026-04-09 17:32:50.227 [INF] Microsoft.AspNetCore.Routing.EndpointMiddleware | Executing endpoint 'backend.Controllers.StaffSalaryController.GetMonthlySalaries (backend)'
2026-04-09 17:32:50.227 [INF] Microsoft.AspNetCore.Mvc.Infrastructure.ControllerActionInvoker | Route matched with {action = "GetMonthlySalaries", controller = "StaffSalary"}. Executing controller action with signature System.Threading.Tasks.Task`1[Microsoft.AspNetCore.Mvc.IActionResult] GetMonthlySalaries(Byte, Int32) on controller backend.Controllers.StaffSalaryController (backend).
2026-04-09 17:32:50.509 [INF] Microsoft.AspNetCore.Mvc.Infrastructure.ObjectResultExecutor | Executing OkObjectResult, writing value of type 'System.Collections.Generic.List`1[[backend.Models.StaffSalary, backend, Version=1.0.0.0, Culture=neutral, PublicKeyToken=null]]'.
2026-04-09 17:32:50.509 [INF] Microsoft.AspNetCore.Mvc.Infrastructure.ControllerActionInvoker | Executed action backend.Controllers.StaffSalaryController.GetMonthlySalaries (backend) in 281.9996ms
2026-04-09 17:32:50.509 [INF] Microsoft.AspNetCore.Routing.EndpointMiddleware | Executed endpoint 'backend.Controllers.StaffSalaryController.GetMonthlySalaries (backend)'
2026-04-09 17:32:50.509 [INF] Serilog.AspNetCore.RequestLoggingMiddleware | HTTP GET /api/staff-salary/org/4 → 200 (282.2ms)
2026-04-09 17:32:50.509 [INF] Microsoft.AspNetCore.Hosting.Diagnostics | Request finished HTTP/1.1 GET http://localhost:5217/api/staff-salary/org/4?salaryYearId=2 - 200 null application/json; charset=utf-8 282.5252ms
2026-04-09 17:32:52.927 [INF] Microsoft.AspNetCore.Hosting.Diagnostics | Request starting HTTP/1.1 GET http://localhost:5217/api/staff-salary/org/4?salaryYearId=2 - application/json null
2026-04-09 17:32:52.928 [INF] Microsoft.AspNetCore.Cors.Infrastructure.CorsService | CORS policy execution successful.
2026-04-09 17:32:52.928 [INF] Microsoft.AspNetCore.Routing.EndpointMiddleware | Executing endpoint 'backend.Controllers.StaffSalaryController.GetMonthlySalaries (backend)'
2026-04-09 17:32:52.928 [INF] Microsoft.AspNetCore.Mvc.Infrastructure.ControllerActionInvoker | Route matched with {action = "GetMonthlySalaries", controller = "StaffSalary"}. Executing controller action with signature System.Threading.Tasks.Task`1[Microsoft.AspNetCore.Mvc.IActionResult] GetMonthlySalaries(Byte, Int32) on controller backend.Controllers.StaffSalaryController (backend).
2026-04-09 17:32:52.952 [INF] Microsoft.AspNetCore.Mvc.Infrastructure.ObjectResultExecutor | Executing OkObjectResult, writing value of type 'System.Collections.Generic.List`1[[backend.Models.StaffSalary, backend, Version=1.0.0.0, Culture=neutral, PublicKeyToken=null]]'.
2026-04-09 17:32:52.952 [INF] Microsoft.AspNetCore.Mvc.Infrastructure.ControllerActionInvoker | Executed action backend.Controllers.StaffSalaryController.GetMonthlySalaries (backend) in 24.4644ms
2026-04-09 17:32:52.952 [INF] Microsoft.AspNetCore.Routing.EndpointMiddleware | Executed endpoint 'backend.Controllers.StaffSalaryController.GetMonthlySalaries (backend)'
2026-04-09 17:32:52.952 [INF] Serilog.AspNetCore.RequestLoggingMiddleware | HTTP GET /api/staff-salary/org/4 → 200 (24.6ms)
2026-04-09 17:32:52.952 [INF] Microsoft.AspNetCore.Hosting.Diagnostics | Request finished HTTP/1.1 GET http://localhost:5217/api/staff-salary/org/4?salaryYearId=2 - 200 null application/json; charset=utf-8 25.0476ms
2026-04-09 17:32:54.822 [INF] Microsoft.AspNetCore.Hosting.Diagnostics | Request starting HTTP/1.1 OPTIONS http://localhost:5217/api/staff-salary/preview?salaryYearId=2&month=4&year=2026 - null null
2026-04-09 17:32:54.822 [INF] Microsoft.AspNetCore.Cors.Infrastructure.CorsService | CORS policy execution successful.
2026-04-09 17:32:54.822 [INF] Microsoft.AspNetCore.Hosting.Diagnostics | Request finished HTTP/1.1 OPTIONS http://localhost:5217/api/staff-salary/preview?salaryYearId=2&month=4&year=2026 - 204 null null 0.1527ms
2026-04-09 17:32:54.823 [INF] Microsoft.AspNetCore.Hosting.Diagnostics | Request starting HTTP/1.1 GET http://localhost:5217/api/staff-salary/preview?salaryYearId=2&month=4&year=2026 - application/json null
2026-04-09 17:32:54.823 [INF] Microsoft.AspNetCore.Cors.Infrastructure.CorsService | CORS policy execution successful.
2026-04-09 17:32:54.823 [INF] Microsoft.AspNetCore.Routing.EndpointMiddleware | Executing endpoint 'backend.Controllers.StaffSalaryController.GetPayrollPreview (backend)'
2026-04-09 17:32:54.823 [INF] Microsoft.AspNetCore.Mvc.Infrastructure.ControllerActionInvoker | Route matched with {action = "GetPayrollPreview", controller = "StaffSalary"}. Executing controller action with signature System.Threading.Tasks.Task`1[Microsoft.AspNetCore.Mvc.IActionResult] GetPayrollPreview(Int32, Byte, Int32) on controller backend.Controllers.StaffSalaryController (backend).
2026-04-09 17:32:54.841 [INF] Microsoft.AspNetCore.Mvc.Infrastructure.ObjectResultExecutor | Executing OkObjectResult, writing value of type 'System.Collections.Generic.List`1[[backend.Models.PayrollPreviewModel, backend, Version=1.0.0.0, Culture=neutral, PublicKeyToken=null]]'.
2026-04-09 17:32:54.841 [INF] Microsoft.AspNetCore.Mvc.Infrastructure.ControllerActionInvoker | Executed action backend.Controllers.StaffSalaryController.GetPayrollPreview (backend) in 17.2611ms
2026-04-09 17:32:54.841 [INF] Microsoft.AspNetCore.Routing.EndpointMiddleware | Executed endpoint 'backend.Controllers.StaffSalaryController.GetPayrollPreview (backend)'
2026-04-09 17:32:54.841 [INF] Serilog.AspNetCore.RequestLoggingMiddleware | HTTP GET /api/staff-salary/preview → 200 (17.4ms)
2026-04-09 17:32:54.841 [INF] Microsoft.AspNetCore.Hosting.Diagnostics | Request finished HTTP/1.1 GET http://localhost:5217/api/staff-salary/preview?salaryYearId=2&month=4&year=2026 - 200 null application/json; charset=utf-8 17.8306ms
2026-04-09 17:33:09.119 [INF] Microsoft.AspNetCore.Routing.EndpointMiddleware | Executed endpoint '/hubs/staffsalary'
2026-04-09 17:33:09.119 [INF] Serilog.AspNetCore.RequestLoggingMiddleware | HTTP GET /hubs/staffsalary → 101 (99278.4ms)
2026-04-09 17:33:09.119 [INF] Microsoft.AspNetCore.Hosting.Diagnostics | Request finished HTTP/1.1 GET http://localhost:5217/hubs/staffsalary?id=m43WYmSlbQkPBLP-u3GXAA&access_token=eyJhbGciOiJIUzI1NiIsInR5cCI6IkpXVCJ9.eyJuYW1laWQiOiIxOCIsInVuaXF1ZV9uYW1lIjoidmFzYW50aGFrdW1hciIsImVtYWlsIjoidmFzYW50aDIwMDR2a0BnbWFpbC5jb20iLCJyb2xlIjoiU3VwZXJBZG1pbiIsIk9yZ2FuaXphdGlvbklkIjoiMiIsIk9yZ2FuaXphdGlvbkxvZ28iOiIvdXBsb2Fkcy9vcmctbG9nb3Mvb3JnLWxvZ28tNTg3M2M0NzVkOTFkNGJiZDkwNDZkZWVjNjY3ZDEzNmMuanBnIiwibmJmIjoxNzc1NzM2MDM3LCJleHAiOjE3NzU4MjI0MzcsImlhdCI6MTc3NTczNjAzNywiaXNzIjoiUHJvRGVzWC1CYWNrZW5kIiwiYXVkIjoiUHJvRGVzWC1Gcm9udGVuZCJ9.yvptRdzGzlFmnDjvMqi-9xetAsozB8x9XmIVWOSO1Uo - 101 null null 99278.8305ms
2026-04-09 17:33:13.916 [INF] Microsoft.AspNetCore.Hosting.Diagnostics | Request starting HTTP/1.1 OPTIONS http://localhost:5217/api/users/organizations - null null
2026-04-09 17:33:13.916 [INF] Microsoft.AspNetCore.Cors.Infrastructure.CorsService | CORS policy execution successful.
2026-04-09 17:33:13.916 [INF] Microsoft.AspNetCore.Hosting.Diagnostics | Request finished HTTP/1.1 OPTIONS http://localhost:5217/api/users/organizations - 204 null null 0.2847ms
2026-04-09 17:33:13.917 [INF] Microsoft.AspNetCore.Hosting.Diagnostics | Request starting HTTP/1.1 GET http://localhost:5217/api/users/organizations - null null
2026-04-09 17:33:13.917 [INF] Microsoft.AspNetCore.Cors.Infrastructure.CorsService | CORS policy execution successful.
2026-04-09 17:33:13.918 [INF] Microsoft.AspNetCore.Routing.EndpointMiddleware | Executing endpoint 'backend.Controllers.UsersController.GetOrganizations (backend)'
2026-04-09 17:33:13.918 [INF] Microsoft.AspNetCore.Mvc.Infrastructure.ControllerActionInvoker | Route matched with {action = "GetOrganizations", controller = "Users"}. Executing controller action with signature System.Threading.Tasks.Task`1[Microsoft.AspNetCore.Mvc.IActionResult] GetOrganizations() on controller backend.Controllers.UsersController (backend).
2026-04-09 17:33:13.918 [INF] backend.Controllers.UsersController | [Users] GET organizations | Role=SuperAdmin | UserId=18
2026-04-09 17:33:13.936 [INF] Microsoft.AspNetCore.Mvc.Infrastructure.ObjectResultExecutor | Executing OkObjectResult, writing value of type 'System.Collections.Generic.List`1[[backend.Models.Organization, backend, Version=1.0.0.0, Culture=neutral, PublicKeyToken=null]]'.
2026-04-09 17:33:13.936 [INF] Microsoft.AspNetCore.Mvc.Infrastructure.ControllerActionInvoker | Executed action backend.Controllers.UsersController.GetOrganizations (backend) in 18.5979ms
2026-04-09 17:33:13.936 [INF] Microsoft.AspNetCore.Routing.EndpointMiddleware | Executed endpoint 'backend.Controllers.UsersController.GetOrganizations (backend)'
2026-04-09 17:33:13.936 [INF] Serilog.AspNetCore.RequestLoggingMiddleware | HTTP GET /api/users/organizations → 200 (18.7ms)
2026-04-09 17:33:13.936 [INF] Microsoft.AspNetCore.Hosting.Diagnostics | Request finished HTTP/1.1 GET http://localhost:5217/api/users/organizations - 200 null application/json; charset=utf-8 19.115ms
2026-04-09 17:33:14.417 [INF] Microsoft.AspNetCore.Hosting.Diagnostics | Request starting HTTP/1.1 OPTIONS http://localhost:5217/api/organizations - null null
2026-04-09 17:33:14.418 [INF] Microsoft.AspNetCore.Cors.Infrastructure.CorsService | CORS policy execution successful.
2026-04-09 17:33:14.418 [INF] Microsoft.AspNetCore.Hosting.Diagnostics | Request finished HTTP/1.1 OPTIONS http://localhost:5217/api/organizations - 204 null null 0.2798ms
2026-04-09 17:33:14.419 [INF] Microsoft.AspNetCore.Hosting.Diagnostics | Request starting HTTP/1.1 GET http://localhost:5217/api/organizations - application/json null
2026-04-09 17:33:14.420 [INF] Microsoft.AspNetCore.Cors.Infrastructure.CorsService | CORS policy execution successful.
2026-04-09 17:33:14.420 [INF] Microsoft.AspNetCore.Routing.EndpointMiddleware | Executing endpoint 'backend.Controllers.OrganizationsController.GetOrganizations (backend)'
2026-04-09 17:33:14.420 [INF] Microsoft.AspNetCore.Mvc.Infrastructure.ControllerActionInvoker | Route matched with {action = "GetOrganizations", controller = "Organizations"}. Executing controller action with signature System.Threading.Tasks.Task`1[Microsoft.AspNetCore.Mvc.IActionResult] GetOrganizations() on controller backend.Controllers.OrganizationsController (backend).
2026-04-09 17:33:14.420 [INF] backend.Controllers.OrganizationsController | [Orgs] GET all requested | Role=SuperAdmin | UserId=18
2026-04-09 17:33:14.434 [INF] Microsoft.AspNetCore.Mvc.Infrastructure.ObjectResultExecutor | Executing OkObjectResult, writing value of type 'System.Collections.Generic.List`1[[backend.Models.Organization, backend, Version=1.0.0.0, Culture=neutral, PublicKeyToken=null]]'.
2026-04-09 17:33:14.434 [INF] Microsoft.AspNetCore.Mvc.Infrastructure.ControllerActionInvoker | Executed action backend.Controllers.OrganizationsController.GetOrganizations (backend) in 13.9301ms
2026-04-09 17:33:14.434 [INF] Microsoft.AspNetCore.Routing.EndpointMiddleware | Executed endpoint 'backend.Controllers.OrganizationsController.GetOrganizations (backend)'
2026-04-09 17:33:14.434 [INF] Serilog.AspNetCore.RequestLoggingMiddleware | HTTP GET /api/organizations → 200 (14.1ms)
2026-04-09 17:33:14.434 [INF] Microsoft.AspNetCore.Hosting.Diagnostics | Request finished HTTP/1.1 GET http://localhost:5217/api/organizations - 200 null application/json; charset=utf-8 14.6188ms
2026-04-09 17:33:14.528 [INF] Microsoft.AspNetCore.Hosting.Diagnostics | Request starting HTTP/1.1 OPTIONS http://localhost:5217/api/leads - null null
2026-04-09 17:33:14.528 [INF] Microsoft.AspNetCore.Cors.Infrastructure.CorsService | CORS policy execution successful.
2026-04-09 17:33:14.528 [INF] Microsoft.AspNetCore.Hosting.Diagnostics | Request finished HTTP/1.1 OPTIONS http://localhost:5217/api/leads - 204 null null 0.1578ms
2026-04-09 17:33:14.530 [INF] Microsoft.AspNetCore.Hosting.Diagnostics | Request starting HTTP/1.1 GET http://localhost:5217/api/leads - application/json null
2026-04-09 17:33:14.530 [INF] Microsoft.AspNetCore.Cors.Infrastructure.CorsService | CORS policy execution successful.
2026-04-09 17:33:14.531 [INF] Microsoft.AspNetCore.Routing.EndpointMiddleware | Executing endpoint 'backend.Controllers.LeadsController.GetLeads (backend)'
2026-04-09 17:33:14.531 [INF] Microsoft.AspNetCore.Mvc.Infrastructure.ControllerActionInvoker | Route matched with {action = "GetLeads", controller = "Leads"}. Executing controller action with signature System.Threading.Tasks.Task`1[System.Collections.Generic.IEnumerable`1[backend.Models.Lead]] GetLeads() on controller backend.Controllers.LeadsController (backend).
2026-04-09 17:33:14.545 [INF] Microsoft.AspNetCore.Mvc.Infrastructure.ObjectResultExecutor | Executing ObjectResult, writing value of type 'System.Collections.Generic.List`1[[backend.Models.Lead, backend, Version=1.0.0.0, Culture=neutral, PublicKeyToken=null]]'.
2026-04-09 17:33:14.546 [INF] Microsoft.AspNetCore.Mvc.Infrastructure.ControllerActionInvoker | Executed action backend.Controllers.LeadsController.GetLeads (backend) in 14.8832ms
2026-04-09 17:33:14.546 [INF] Microsoft.AspNetCore.Routing.EndpointMiddleware | Executed endpoint 'backend.Controllers.LeadsController.GetLeads (backend)'
2026-04-09 17:33:14.546 [INF] Serilog.AspNetCore.RequestLoggingMiddleware | HTTP GET /api/leads → 200 (15.1ms)
2026-04-09 17:33:14.546 [INF] Microsoft.AspNetCore.Hosting.Diagnostics | Request finished HTTP/1.1 GET http://localhost:5217/api/leads - 200 null application/json; charset=utf-8 15.9855ms
2026-04-09 17:33:14.642 [INF] Microsoft.AspNetCore.Hosting.Diagnostics | Request starting HTTP/1.1 OPTIONS http://localhost:5217/api/employees?organizationId=2 - null null
2026-04-09 17:33:14.642 [INF] Microsoft.AspNetCore.Cors.Infrastructure.CorsService | CORS policy execution successful.
2026-04-09 17:33:14.643 [INF] Microsoft.AspNetCore.Hosting.Diagnostics | Request finished HTTP/1.1 OPTIONS http://localhost:5217/api/employees?organizationId=2 - 204 null null 0.127ms
2026-04-09 17:33:14.644 [INF] Microsoft.AspNetCore.Hosting.Diagnostics | Request starting HTTP/1.1 GET http://localhost:5217/api/employees?organizationId=2 - application/json null
2026-04-09 17:33:14.644 [INF] Microsoft.AspNetCore.Cors.Infrastructure.CorsService | CORS policy execution successful.
2026-04-09 17:33:14.644 [INF] Microsoft.AspNetCore.Routing.EndpointMiddleware | Executing endpoint 'backend.Controllers.EmployeesController.GetEmployees (backend)'
2026-04-09 17:33:14.644 [INF] Microsoft.AspNetCore.Mvc.Infrastructure.ControllerActionInvoker | Route matched with {action = "GetEmployees", controller = "Employees"}. Executing controller action with signature System.Threading.Tasks.Task`1[Microsoft.AspNetCore.Mvc.IActionResult] GetEmployees(System.Nullable`1[System.Int32]) on controller backend.Controllers.EmployeesController (backend).
2026-04-09 17:33:14.644 [INF] backend.Controllers.EmployeesController | [Employees] GET all | TargetOrgId=2 | UserOrgId=2
2026-04-09 17:33:14.661 [INF] Microsoft.AspNetCore.Mvc.Infrastructure.ObjectResultExecutor | Executing OkObjectResult, writing value of type 'System.Collections.Generic.List`1[[backend.Models.Employee, backend, Version=1.0.0.0, Culture=neutral, PublicKeyToken=null]]'.
2026-04-09 17:33:14.661 [INF] Microsoft.AspNetCore.Mvc.Infrastructure.ControllerActionInvoker | Executed action backend.Controllers.EmployeesController.GetEmployees (backend) in 16.9915ms
2026-04-09 17:33:14.661 [INF] Microsoft.AspNetCore.Routing.EndpointMiddleware | Executed endpoint 'backend.Controllers.EmployeesController.GetEmployees (backend)'
2026-04-09 17:33:14.661 [INF] Serilog.AspNetCore.RequestLoggingMiddleware | HTTP GET /api/employees → 200 (17.2ms)
2026-04-09 17:33:14.661 [INF] Microsoft.AspNetCore.Hosting.Diagnostics | Request finished HTTP/1.1 GET http://localhost:5217/api/employees?organizationId=2 - 200 null application/json; charset=utf-8 17.6752ms
2026-04-09 17:33:14.686 [INF] Microsoft.AspNetCore.Hosting.Diagnostics | Request starting HTTP/1.1 OPTIONS http://localhost:5217/api/ShiftAssignments/roster?start=2026-04-09&end=2026-04-16&orgId=2 - null null
2026-04-09 17:33:14.686 [INF] Microsoft.AspNetCore.Cors.Infrastructure.CorsService | CORS policy execution successful.
2026-04-09 17:33:14.686 [INF] Microsoft.AspNetCore.Hosting.Diagnostics | Request finished HTTP/1.1 OPTIONS http://localhost:5217/api/ShiftAssignments/roster?start=2026-04-09&end=2026-04-16&orgId=2 - 204 null null 0.1512ms
2026-04-09 17:33:14.688 [INF] Microsoft.AspNetCore.Hosting.Diagnostics | Request starting HTTP/1.1 GET http://localhost:5217/api/ShiftAssignments/roster?start=2026-04-09&end=2026-04-16&orgId=2 - application/json null
2026-04-09 17:33:14.688 [INF] Microsoft.AspNetCore.Cors.Infrastructure.CorsService | CORS policy execution successful.
2026-04-09 17:33:14.688 [INF] Microsoft.AspNetCore.Routing.EndpointMiddleware | Executing endpoint 'backend.Controllers.ShiftAssignmentsController.GetMonthlyRosterFixed (backend)'
2026-04-09 17:33:14.688 [INF] Microsoft.AspNetCore.Mvc.Infrastructure.ControllerActionInvoker | Route matched with {action = "GetMonthlyRosterFixed", controller = "ShiftAssignments"}. Executing controller action with signature System.Threading.Tasks.Task`1[Microsoft.AspNetCore.Mvc.IActionResult] GetMonthlyRosterFixed(System.String, System.String, System.Nullable`1[System.Int32]) on controller backend.Controllers.ShiftAssignmentsController (backend).
2026-04-09 17:33:14.707 [INF] Microsoft.AspNetCore.Mvc.Infrastructure.ObjectResultExecutor | Executing OkObjectResult, writing value of type 'System.Collections.Generic.List`1[[backend.Models.EmployeeSchedule, backend, Version=1.0.0.0, Culture=neutral, PublicKeyToken=null]]'.
2026-04-09 17:33:14.707 [INF] Microsoft.AspNetCore.Mvc.Infrastructure.ControllerActionInvoker | Executed action backend.Controllers.ShiftAssignmentsController.GetMonthlyRosterFixed (backend) in 18.8707ms
2026-04-09 17:33:14.707 [INF] Microsoft.AspNetCore.Routing.EndpointMiddleware | Executed endpoint 'backend.Controllers.ShiftAssignmentsController.GetMonthlyRosterFixed (backend)'
2026-04-09 17:33:14.707 [INF] Serilog.AspNetCore.RequestLoggingMiddleware | HTTP GET /api/ShiftAssignments/roster → 200 (19.0ms)
2026-04-09 17:33:14.707 [INF] Microsoft.AspNetCore.Hosting.Diagnostics | Request finished HTTP/1.1 GET http://localhost:5217/api/ShiftAssignments/roster?start=2026-04-09&end=2026-04-16&orgId=2 - 200 null application/json; charset=utf-8 19.4287ms
2026-04-09 17:33:14.722 [INF] Microsoft.AspNetCore.Hosting.Diagnostics | Request starting HTTP/1.1 OPTIONS http://localhost:5217/api/Attendance/status?employeeId=31&orgId=2 - null null
2026-04-09 17:33:14.722 [INF] Microsoft.AspNetCore.Cors.Infrastructure.CorsService | CORS policy execution successful.
2026-04-09 17:33:14.722 [INF] Microsoft.AspNetCore.Hosting.Diagnostics | Request finished HTTP/1.1 OPTIONS http://localhost:5217/api/Attendance/status?employeeId=31&orgId=2 - 204 null null 0.1449ms
2026-04-09 17:33:14.723 [INF] Microsoft.AspNetCore.Hosting.Diagnostics | Request starting HTTP/1.1 GET http://localhost:5217/api/Attendance/status?employeeId=31&orgId=2 - application/json null
2026-04-09 17:33:14.723 [INF] Microsoft.AspNetCore.Cors.Infrastructure.CorsService | CORS policy execution successful.
2026-04-09 17:33:14.723 [INF] Microsoft.AspNetCore.Routing.EndpointMiddleware | Executing endpoint 'backend.Controllers.AttendanceController.GetStatus (backend)'
2026-04-09 17:33:14.723 [INF] Microsoft.AspNetCore.Mvc.Infrastructure.ControllerActionInvoker | Route matched with {action = "GetStatus", controller = "Attendance"}. Executing controller action with signature System.Threading.Tasks.Task`1[Microsoft.AspNetCore.Mvc.IActionResult] GetStatus(Int32, Int32) on controller backend.Controllers.AttendanceController (backend).
2026-04-09 17:33:14.737 [ERR] backend.Controllers.AttendanceController | Error getting attendance status
Microsoft.Data.SqlClient.SqlException (0x80131904): Invalid column name 'FN'.
Invalid column name 'AN'.
   at System.Threading.Tasks.ContinuationResultTaskFromResultTask`2.InnerInvoke()
   at System.Threading.ExecutionContext.RunInternal(ExecutionContext executionContext, ContextCallback callback, Object state)
--- End of stack trace from previous location ---
   at System.Threading.ExecutionContext.RunInternal(ExecutionContext executionContext, ContextCallback callback, Object state)
   at System.Threading.Tasks.Task.ExecuteWithThreadLocal(Task& currentTaskSlot, Thread threadPoolThread)
--- End of stack trace from previous location ---
   at Dapper.SqlMapper.QueryRowAsync[T](IDbConnection cnn, Row row, Type effectiveType, CommandDefinition command) in /_/Dapper/SqlMapper.Async.cs:line 489
   at backend.Controllers.AttendanceController.GetStatus(Int32 employeeId, Int32 orgId) in C:\Repos_Work\Prodesx_HRM_Mobile_Application\backend\Controllers\AttendanceController.cs:line 235
ClientConnectionId:8650df7c-9ef5-485b-b074-830175ebcaa0
Error Number:207,State:1,Class:16
2026-04-09 17:33:14.738 [INF] Microsoft.AspNetCore.Mvc.Infrastructure.ObjectResultExecutor | Executing ObjectResult, writing value of type 'System.String'.
2026-04-09 17:33:14.738 [INF] Microsoft.AspNetCore.Mvc.Infrastructure.ControllerActionInvoker | Executed action backend.Controllers.AttendanceController.GetStatus (backend) in 14.2891ms
2026-04-09 17:33:14.738 [INF] Microsoft.AspNetCore.Routing.EndpointMiddleware | Executed endpoint 'backend.Controllers.AttendanceController.GetStatus (backend)'
2026-04-09 17:33:14.738 [ERR] Serilog.AspNetCore.RequestLoggingMiddleware | HTTP GET /api/Attendance/status → 500 (14.4ms)
2026-04-09 17:33:14.738 [INF] Microsoft.AspNetCore.Hosting.Diagnostics | Request finished HTTP/1.1 GET http://localhost:5217/api/Attendance/status?employeeId=31&orgId=2 - 500 null text/plain; charset=utf-8 14.9309ms
2026-04-09 17:33:18.807 [INF] Microsoft.AspNetCore.Hosting.Diagnostics | Request starting HTTP/1.1 OPTIONS http://localhost:5217/api/Organizations - null null
2026-04-09 17:33:18.807 [INF] Microsoft.AspNetCore.Cors.Infrastructure.CorsService | CORS policy execution successful.
2026-04-09 17:33:18.807 [INF] Microsoft.AspNetCore.Hosting.Diagnostics | Request finished HTTP/1.1 OPTIONS http://localhost:5217/api/Organizations - 204 null null 0.156ms
2026-04-09 17:33:18.808 [INF] Microsoft.AspNetCore.Hosting.Diagnostics | Request starting HTTP/1.1 GET http://localhost:5217/api/Organizations - null null
2026-04-09 17:33:18.808 [INF] Microsoft.AspNetCore.Cors.Infrastructure.CorsService | CORS policy execution successful.
2026-04-09 17:33:18.809 [INF] Microsoft.AspNetCore.Routing.EndpointMiddleware | Executing endpoint 'backend.Controllers.OrganizationsController.GetOrganizations (backend)'
2026-04-09 17:33:18.809 [INF] Microsoft.AspNetCore.Mvc.Infrastructure.ControllerActionInvoker | Route matched with {action = "GetOrganizations", controller = "Organizations"}. Executing controller action with signature System.Threading.Tasks.Task`1[Microsoft.AspNetCore.Mvc.IActionResult] GetOrganizations() on controller backend.Controllers.OrganizationsController (backend).
2026-04-09 17:33:18.809 [INF] backend.Controllers.OrganizationsController | [Orgs] GET all requested | Role=SuperAdmin | UserId=18
2026-04-09 17:33:18.836 [INF] Microsoft.AspNetCore.Mvc.Infrastructure.ObjectResultExecutor | Executing OkObjectResult, writing value of type 'System.Collections.Generic.List`1[[backend.Models.Organization, backend, Version=1.0.0.0, Culture=neutral, PublicKeyToken=null]]'.
2026-04-09 17:33:18.836 [INF] Microsoft.AspNetCore.Mvc.Infrastructure.ControllerActionInvoker | Executed action backend.Controllers.OrganizationsController.GetOrganizations (backend) in 27.3504ms
2026-04-09 17:33:18.836 [INF] Microsoft.AspNetCore.Routing.EndpointMiddleware | Executed endpoint 'backend.Controllers.OrganizationsController.GetOrganizations (backend)'
2026-04-09 17:33:18.836 [INF] Serilog.AspNetCore.RequestLoggingMiddleware | HTTP GET /api/Organizations → 200 (27.5ms)
2026-04-09 17:33:18.836 [INF] Microsoft.AspNetCore.Hosting.Diagnostics | Request finished HTTP/1.1 GET http://localhost:5217/api/Organizations - 200 null application/json; charset=utf-8 27.9964ms
2026-04-09 17:33:18.851 [INF] Microsoft.AspNetCore.Hosting.Diagnostics | Request starting HTTP/1.1 OPTIONS http://localhost:5217/api/SalaryYear/GetSalaryYearsByOrgId?orgId=2 - null null
2026-04-09 17:33:18.851 [INF] Microsoft.AspNetCore.Cors.Infrastructure.CorsService | CORS policy execution successful.
2026-04-09 17:33:18.851 [INF] Microsoft.AspNetCore.Hosting.Diagnostics | Request finished HTTP/1.1 OPTIONS http://localhost:5217/api/SalaryYear/GetSalaryYearsByOrgId?orgId=2 - 204 null null 0.1374ms
2026-04-09 17:33:18.852 [INF] Microsoft.AspNetCore.Hosting.Diagnostics | Request starting HTTP/1.1 GET http://localhost:5217/api/SalaryYear/GetSalaryYearsByOrgId?orgId=2 - application/json null
2026-04-09 17:33:18.852 [INF] Microsoft.AspNetCore.Cors.Infrastructure.CorsService | CORS policy execution successful.
2026-04-09 17:33:18.853 [INF] Microsoft.AspNetCore.Routing.EndpointMiddleware | Executing endpoint 'backend.Controllers.SalaryYearController.GetSalaryYearsByOrgId (backend)'
2026-04-09 17:33:18.853 [INF] Microsoft.AspNetCore.Mvc.Infrastructure.ControllerActionInvoker | Route matched with {action = "GetSalaryYearsByOrgId", controller = "SalaryYear"}. Executing controller action with signature System.Threading.Tasks.Task`1[Microsoft.AspNetCore.Mvc.IActionResult] GetSalaryYearsByOrgId(System.String) on controller backend.Controllers.SalaryYearController (backend).
2026-04-09 17:33:18.866 [INF] Microsoft.AspNetCore.Mvc.Infrastructure.ObjectResultExecutor | Executing OkObjectResult, writing value of type 'System.Collections.Generic.List`1[[backend.Models.SalaryYear, backend, Version=1.0.0.0, Culture=neutral, PublicKeyToken=null]]'.
2026-04-09 17:33:18.866 [INF] Microsoft.AspNetCore.Mvc.Infrastructure.ControllerActionInvoker | Executed action backend.Controllers.SalaryYearController.GetSalaryYearsByOrgId (backend) in 13.2376ms
2026-04-09 17:33:18.866 [INF] Microsoft.AspNetCore.Routing.EndpointMiddleware | Executed endpoint 'backend.Controllers.SalaryYearController.GetSalaryYearsByOrgId (backend)'
2026-04-09 17:33:18.866 [INF] Serilog.AspNetCore.RequestLoggingMiddleware | HTTP GET /api/SalaryYear/GetSalaryYearsByOrgId → 200 (13.4ms)
2026-04-09 17:33:18.866 [INF] Microsoft.AspNetCore.Hosting.Diagnostics | Request finished HTTP/1.1 GET http://localhost:5217/api/SalaryYear/GetSalaryYearsByOrgId?orgId=2 - 200 null application/json; charset=utf-8 13.909ms
2026-04-09 17:33:18.886 [INF] Microsoft.AspNetCore.Hosting.Diagnostics | Request starting HTTP/1.1 OPTIONS http://localhost:5217/api/staff-salary/org/4?salaryYearId=3 - null null
2026-04-09 17:33:18.887 [INF] Microsoft.AspNetCore.Cors.Infrastructure.CorsService | CORS policy execution successful.
2026-04-09 17:33:18.887 [INF] Microsoft.AspNetCore.Hosting.Diagnostics | Request finished HTTP/1.1 OPTIONS http://localhost:5217/api/staff-salary/org/4?salaryYearId=3 - 204 null null 0.1468ms
2026-04-09 17:33:18.888 [INF] Microsoft.AspNetCore.Hosting.Diagnostics | Request starting HTTP/1.1 GET http://localhost:5217/api/staff-salary/org/4?salaryYearId=3 - application/json null
2026-04-09 17:33:18.888 [INF] Microsoft.AspNetCore.Cors.Infrastructure.CorsService | CORS policy execution successful.
2026-04-09 17:33:18.888 [INF] Microsoft.AspNetCore.Routing.EndpointMiddleware | Executing endpoint 'backend.Controllers.StaffSalaryController.GetMonthlySalaries (backend)'
2026-04-09 17:33:18.888 [INF] Microsoft.AspNetCore.Mvc.Infrastructure.ControllerActionInvoker | Route matched with {action = "GetMonthlySalaries", controller = "StaffSalary"}. Executing controller action with signature System.Threading.Tasks.Task`1[Microsoft.AspNetCore.Mvc.IActionResult] GetMonthlySalaries(Byte, Int32) on controller backend.Controllers.StaffSalaryController (backend).
2026-04-09 17:33:18.912 [INF] Microsoft.AspNetCore.Mvc.Infrastructure.ObjectResultExecutor | Executing OkObjectResult, writing value of type 'System.Collections.Generic.List`1[[backend.Models.StaffSalary, backend, Version=1.0.0.0, Culture=neutral, PublicKeyToken=null]]'.
2026-04-09 17:33:18.912 [INF] Microsoft.AspNetCore.Mvc.Infrastructure.ControllerActionInvoker | Executed action backend.Controllers.StaffSalaryController.GetMonthlySalaries (backend) in 23.6964ms
2026-04-09 17:33:18.912 [INF] Microsoft.AspNetCore.Routing.EndpointMiddleware | Executed endpoint 'backend.Controllers.StaffSalaryController.GetMonthlySalaries (backend)'
2026-04-09 17:33:18.912 [INF] Serilog.AspNetCore.RequestLoggingMiddleware | HTTP GET /api/staff-salary/org/4 → 200 (23.9ms)
2026-04-09 17:33:18.912 [INF] Microsoft.AspNetCore.Hosting.Diagnostics | Request finished HTTP/1.1 GET http://localhost:5217/api/staff-salary/org/4?salaryYearId=3 - 200 null application/json; charset=utf-8 24.2572ms
2026-04-09 17:33:19.392 [INF] Microsoft.AspNetCore.Hosting.Diagnostics | Request starting HTTP/1.1 GET http://localhost:5217/api/uploads/employee-photos/emp-28.jpg - null null
2026-04-09 17:33:19.392 [INF] Microsoft.AspNetCore.Cors.Infrastructure.CorsService | CORS policy execution successful.
2026-04-09 17:33:19.392 [INF] Serilog.AspNetCore.RequestLoggingMiddleware | HTTP GET /api/uploads/employee-photos/emp-28.jpg → 404 (0.0ms)
2026-04-09 17:33:19.392 [INF] Microsoft.AspNetCore.Hosting.Diagnostics | Request finished HTTP/1.1 GET http://localhost:5217/api/uploads/employee-photos/emp-28.jpg - 404 0 null 0.6367ms
2026-04-09 17:33:19.392 [INF] Microsoft.AspNetCore.Hosting.Diagnostics | Request reached the end of the middleware pipeline without being handled by application code. Request path: GET http://localhost:5217/api/uploads/employee-photos/emp-28.jpg, Response status code: 404
2026-04-09 17:33:19.394 [INF] Microsoft.AspNetCore.Hosting.Diagnostics | Request starting HTTP/1.1 GET http://localhost:5217/api/uploads/employee-photos/emp-22.png - null null
2026-04-09 17:33:19.394 [INF] Microsoft.AspNetCore.Cors.Infrastructure.CorsService | CORS policy execution successful.
2026-04-09 17:33:19.394 [INF] Serilog.AspNetCore.RequestLoggingMiddleware | HTTP GET /api/uploads/employee-photos/emp-22.png → 404 (0.0ms)
2026-04-09 17:33:19.394 [INF] Microsoft.AspNetCore.Hosting.Diagnostics | Request finished HTTP/1.1 GET http://localhost:5217/api/uploads/employee-photos/emp-22.png - 404 0 null 0.4812ms
2026-04-09 17:33:19.394 [INF] Microsoft.AspNetCore.Hosting.Diagnostics | Request reached the end of the middleware pipeline without being handled by application code. Request path: GET http://localhost:5217/api/uploads/employee-photos/emp-22.png, Response status code: 404
2026-04-09 17:33:19.397 [INF] Microsoft.AspNetCore.Hosting.Diagnostics | Request starting HTTP/1.1 GET http://localhost:5217/api/uploads/employee-photos/emp-23.png - null null
2026-04-09 17:33:19.397 [INF] Microsoft.AspNetCore.Cors.Infrastructure.CorsService | CORS policy execution successful.
2026-04-09 17:33:19.398 [INF] Serilog.AspNetCore.RequestLoggingMiddleware | HTTP GET /api/uploads/employee-photos/emp-23.png → 404 (0.0ms)
2026-04-09 17:33:19.398 [INF] Microsoft.AspNetCore.Hosting.Diagnostics | Request finished HTTP/1.1 GET http://localhost:5217/api/uploads/employee-photos/emp-23.png - 404 0 null 0.7454ms
2026-04-09 17:33:19.398 [INF] Microsoft.AspNetCore.Hosting.Diagnostics | Request reached the end of the middleware pipeline without being handled by application code. Request path: GET http://localhost:5217/api/uploads/employee-photos/emp-23.png, Response status code: 404
2026-04-09 17:33:19.399 [INF] Microsoft.AspNetCore.Hosting.Diagnostics | Request starting HTTP/1.1 GET http://localhost:5217/api/uploads/employee-photos/emp-31.jpg - null null
2026-04-09 17:33:19.399 [INF] Microsoft.AspNetCore.Cors.Infrastructure.CorsService | CORS policy execution successful.
2026-04-09 17:33:19.400 [INF] Serilog.AspNetCore.RequestLoggingMiddleware | HTTP GET /api/uploads/employee-photos/emp-31.jpg → 404 (0.0ms)
2026-04-09 17:33:19.400 [INF] Microsoft.AspNetCore.Hosting.Diagnostics | Request finished HTTP/1.1 GET http://localhost:5217/api/uploads/employee-photos/emp-31.jpg - 404 0 null 0.4192ms
2026-04-09 17:33:19.400 [INF] Microsoft.AspNetCore.Hosting.Diagnostics | Request reached the end of the middleware pipeline without being handled by application code. Request path: GET http://localhost:5217/api/uploads/employee-photos/emp-31.jpg, Response status code: 404
2026-04-09 17:33:19.456 [INF] Microsoft.AspNetCore.Hosting.Diagnostics | Request starting HTTP/1.1 OPTIONS http://localhost:5217/hubs/staffsalary/negotiate?negotiateVersion=1 - null null
2026-04-09 17:33:19.457 [INF] Microsoft.AspNetCore.Cors.Infrastructure.CorsService | CORS policy execution successful.
2026-04-09 17:33:19.457 [INF] Microsoft.AspNetCore.Hosting.Diagnostics | Request finished HTTP/1.1 OPTIONS http://localhost:5217/hubs/staffsalary/negotiate?negotiateVersion=1 - 204 null null 0.1608ms
2026-04-09 17:33:19.457 [INF] Microsoft.AspNetCore.Hosting.Diagnostics | Request starting HTTP/1.1 POST http://localhost:5217/hubs/staffsalary/negotiate?negotiateVersion=1 - text/plain;charset=UTF-8 0
2026-04-09 17:33:19.458 [INF] Microsoft.AspNetCore.Cors.Infrastructure.CorsService | CORS policy execution successful.
2026-04-09 17:33:19.458 [INF] Microsoft.AspNetCore.Routing.EndpointMiddleware | Executing endpoint '/hubs/staffsalary/negotiate'
2026-04-09 17:33:19.458 [INF] Microsoft.AspNetCore.Routing.EndpointMiddleware | Executed endpoint '/hubs/staffsalary/negotiate'
2026-04-09 17:33:19.458 [INF] Serilog.AspNetCore.RequestLoggingMiddleware | HTTP POST /hubs/staffsalary/negotiate → 200 (0.2ms)
2026-04-09 17:33:19.458 [INF] Microsoft.AspNetCore.Hosting.Diagnostics | Request finished HTTP/1.1 POST http://localhost:5217/hubs/staffsalary/negotiate?negotiateVersion=1 - 200 316 application/json 0.7439ms
2026-04-09 17:33:19.510 [INF] Microsoft.AspNetCore.Hosting.Diagnostics | Request starting HTTP/1.1 GET http://localhost:5217/hubs/staffsalary?id=clOeDVW6H5_i_mkAHQGPWg&access_token=eyJhbGciOiJIUzI1NiIsInR5cCI6IkpXVCJ9.eyJuYW1laWQiOiIxOCIsInVuaXF1ZV9uYW1lIjoidmFzYW50aGFrdW1hciIsImVtYWlsIjoidmFzYW50aDIwMDR2a0BnbWFpbC5jb20iLCJyb2xlIjoiU3VwZXJBZG1pbiIsIk9yZ2FuaXphdGlvbklkIjoiMiIsIk9yZ2FuaXphdGlvbkxvZ28iOiIvdXBsb2Fkcy9vcmctbG9nb3Mvb3JnLWxvZ28tNTg3M2M0NzVkOTFkNGJiZDkwNDZkZWVjNjY3ZDEzNmMuanBnIiwibmJmIjoxNzc1NzM2MDM3LCJleHAiOjE3NzU4MjI0MzcsImlhdCI6MTc3NTczNjAzNywiaXNzIjoiUHJvRGVzWC1CYWNrZW5kIiwiYXVkIjoiUHJvRGVzWC1Gcm9udGVuZCJ9.yvptRdzGzlFmnDjvMqi-9xetAsozB8x9XmIVWOSO1Uo - null null
2026-04-09 17:33:19.510 [INF] Microsoft.AspNetCore.Cors.Infrastructure.CorsService | CORS policy execution successful.
2026-04-09 17:33:19.511 [INF] Microsoft.AspNetCore.Routing.EndpointMiddleware | Executing endpoint '/hubs/staffsalary'
2026-04-09 17:33:24.904 [INF] Microsoft.AspNetCore.Hosting.Diagnostics | Request starting HTTP/1.1 OPTIONS http://localhost:5217/api/SalaryYear/GetSalaryYearsByOrgId?orgId=1 - null null
2026-04-09 17:33:24.904 [INF] Microsoft.AspNetCore.Cors.Infrastructure.CorsService | CORS policy execution successful.
2026-04-09 17:33:24.904 [INF] Microsoft.AspNetCore.Hosting.Diagnostics | Request finished HTTP/1.1 OPTIONS http://localhost:5217/api/SalaryYear/GetSalaryYearsByOrgId?orgId=1 - 204 null null 0.2651ms
2026-04-09 17:33:24.905 [INF] Microsoft.AspNetCore.Hosting.Diagnostics | Request starting HTTP/1.1 GET http://localhost:5217/api/SalaryYear/GetSalaryYearsByOrgId?orgId=1 - application/json null
2026-04-09 17:33:24.905 [INF] Microsoft.AspNetCore.Cors.Infrastructure.CorsService | CORS policy execution successful.
2026-04-09 17:33:24.905 [INF] Microsoft.AspNetCore.Routing.EndpointMiddleware | Executing endpoint 'backend.Controllers.SalaryYearController.GetSalaryYearsByOrgId (backend)'
2026-04-09 17:33:24.905 [INF] Microsoft.AspNetCore.Mvc.Infrastructure.ControllerActionInvoker | Route matched with {action = "GetSalaryYearsByOrgId", controller = "SalaryYear"}. Executing controller action with signature System.Threading.Tasks.Task`1[Microsoft.AspNetCore.Mvc.IActionResult] GetSalaryYearsByOrgId(System.String) on controller backend.Controllers.SalaryYearController (backend).
2026-04-09 17:33:24.946 [INF] Microsoft.AspNetCore.Mvc.Infrastructure.ObjectResultExecutor | Executing OkObjectResult, writing value of type 'System.Collections.Generic.List`1[[backend.Models.SalaryYear, backend, Version=1.0.0.0, Culture=neutral, PublicKeyToken=null]]'.
2026-04-09 17:33:24.946 [INF] Microsoft.AspNetCore.Mvc.Infrastructure.ControllerActionInvoker | Executed action backend.Controllers.SalaryYearController.GetSalaryYearsByOrgId (backend) in 40.9242ms
2026-04-09 17:33:24.946 [INF] Microsoft.AspNetCore.Routing.EndpointMiddleware | Executed endpoint 'backend.Controllers.SalaryYearController.GetSalaryYearsByOrgId (backend)'
2026-04-09 17:33:24.946 [INF] Serilog.AspNetCore.RequestLoggingMiddleware | HTTP GET /api/SalaryYear/GetSalaryYearsByOrgId → 200 (41.1ms)
2026-04-09 17:33:24.946 [INF] Microsoft.AspNetCore.Hosting.Diagnostics | Request finished HTTP/1.1 GET http://localhost:5217/api/SalaryYear/GetSalaryYearsByOrgId?orgId=1 - 200 null application/json; charset=utf-8 41.4047ms
2026-04-09 17:33:25.016 [INF] Microsoft.AspNetCore.Hosting.Diagnostics | Request starting HTTP/1.1 OPTIONS http://localhost:5217/api/staff-salary/org/4?salaryYearId=2 - null null
2026-04-09 17:33:25.016 [INF] Microsoft.AspNetCore.Cors.Infrastructure.CorsService | CORS policy execution successful.
2026-04-09 17:33:25.016 [INF] Microsoft.AspNetCore.Hosting.Diagnostics | Request finished HTTP/1.1 OPTIONS http://localhost:5217/api/staff-salary/org/4?salaryYearId=2 - 204 null null 0.2296ms
2026-04-09 17:33:25.017 [INF] Microsoft.AspNetCore.Hosting.Diagnostics | Request starting HTTP/1.1 GET http://localhost:5217/api/staff-salary/org/4?salaryYearId=2 - application/json null
2026-04-09 17:33:25.017 [INF] Microsoft.AspNetCore.Cors.Infrastructure.CorsService | CORS policy execution successful.
2026-04-09 17:33:25.018 [INF] Microsoft.AspNetCore.Routing.EndpointMiddleware | Executing endpoint 'backend.Controllers.StaffSalaryController.GetMonthlySalaries (backend)'
2026-04-09 17:33:25.018 [INF] Microsoft.AspNetCore.Mvc.Infrastructure.ControllerActionInvoker | Route matched with {action = "GetMonthlySalaries", controller = "StaffSalary"}. Executing controller action with signature System.Threading.Tasks.Task`1[Microsoft.AspNetCore.Mvc.IActionResult] GetMonthlySalaries(Byte, Int32) on controller backend.Controllers.StaffSalaryController (backend).
2026-04-09 17:33:25.068 [INF] Microsoft.AspNetCore.Mvc.Infrastructure.ObjectResultExecutor | Executing OkObjectResult, writing value of type 'System.Collections.Generic.List`1[[backend.Models.StaffSalary, backend, Version=1.0.0.0, Culture=neutral, PublicKeyToken=null]]'.
2026-04-09 17:33:25.068 [INF] Microsoft.AspNetCore.Mvc.Infrastructure.ControllerActionInvoker | Executed action backend.Controllers.StaffSalaryController.GetMonthlySalaries (backend) in 50.7232ms
2026-04-09 17:33:25.069 [INF] Microsoft.AspNetCore.Routing.EndpointMiddleware | Executed endpoint 'backend.Controllers.StaffSalaryController.GetMonthlySalaries (backend)'
2026-04-09 17:33:25.069 [INF] Serilog.AspNetCore.RequestLoggingMiddleware | HTTP GET /api/staff-salary/org/4 → 200 (50.9ms)
2026-04-09 17:33:25.069 [INF] Microsoft.AspNetCore.Hosting.Diagnostics | Request finished HTTP/1.1 GET http://localhost:5217/api/staff-salary/org/4?salaryYearId=2 - 200 null application/json; charset=utf-8 51.2578ms
2026-04-09 17:33:26.935 [INF] Microsoft.AspNetCore.Hosting.Diagnostics | Request starting HTTP/1.1 OPTIONS http://localhost:5217/api/staff-salary/preview?salaryYearId=2&month=4&year=2026 - null null
2026-04-09 17:33:26.935 [INF] Microsoft.AspNetCore.Cors.Infrastructure.CorsService | CORS policy execution successful.
2026-04-09 17:33:26.935 [INF] Microsoft.AspNetCore.Hosting.Diagnostics | Request finished HTTP/1.1 OPTIONS http://localhost:5217/api/staff-salary/preview?salaryYearId=2&month=4&year=2026 - 204 null null 0.1372ms
2026-04-09 17:33:26.936 [INF] Microsoft.AspNetCore.Hosting.Diagnostics | Request starting HTTP/1.1 GET http://localhost:5217/api/staff-salary/preview?salaryYearId=2&month=4&year=2026 - application/json null
2026-04-09 17:33:26.936 [INF] Microsoft.AspNetCore.Cors.Infrastructure.CorsService | CORS policy execution successful.
2026-04-09 17:33:26.937 [INF] Microsoft.AspNetCore.Routing.EndpointMiddleware | Executing endpoint 'backend.Controllers.StaffSalaryController.GetPayrollPreview (backend)'
2026-04-09 17:33:26.937 [INF] Microsoft.AspNetCore.Mvc.Infrastructure.ControllerActionInvoker | Route matched with {action = "GetPayrollPreview", controller = "StaffSalary"}. Executing controller action with signature System.Threading.Tasks.Task`1[Microsoft.AspNetCore.Mvc.IActionResult] GetPayrollPreview(Int32, Byte, Int32) on controller backend.Controllers.StaffSalaryController (backend).
2026-04-09 17:33:26.954 [INF] Microsoft.AspNetCore.Mvc.Infrastructure.ObjectResultExecutor | Executing OkObjectResult, writing value of type 'System.Collections.Generic.List`1[[backend.Models.PayrollPreviewModel, backend, Version=1.0.0.0, Culture=neutral, PublicKeyToken=null]]'.
2026-04-09 17:33:26.954 [INF] Microsoft.AspNetCore.Mvc.Infrastructure.ControllerActionInvoker | Executed action backend.Controllers.StaffSalaryController.GetPayrollPreview (backend) in 17.3668ms
2026-04-09 17:33:26.954 [INF] Microsoft.AspNetCore.Routing.EndpointMiddleware | Executed endpoint 'backend.Controllers.StaffSalaryController.GetPayrollPreview (backend)'
2026-04-09 17:33:26.954 [INF] Serilog.AspNetCore.RequestLoggingMiddleware | HTTP GET /api/staff-salary/preview → 200 (17.5ms)
2026-04-09 17:33:26.954 [INF] Microsoft.AspNetCore.Hosting.Diagnostics | Request finished HTTP/1.1 GET http://localhost:5217/api/staff-salary/preview?salaryYearId=2&month=4&year=2026 - 200 null application/json; charset=utf-8 17.9062ms
2026-04-09 17:33:32.363 [INF] Microsoft.AspNetCore.Routing.EndpointMiddleware | Executed endpoint '/hubs/staffsalary'
2026-04-09 17:33:32.363 [INF] Serilog.AspNetCore.RequestLoggingMiddleware | HTTP GET /hubs/staffsalary → 101 (12852.7ms)
2026-04-09 17:33:32.363 [INF] Microsoft.AspNetCore.Hosting.Diagnostics | Request finished HTTP/1.1 GET http://localhost:5217/hubs/staffsalary?id=clOeDVW6H5_i_mkAHQGPWg&access_token=eyJhbGciOiJIUzI1NiIsInR5cCI6IkpXVCJ9.eyJuYW1laWQiOiIxOCIsInVuaXF1ZV9uYW1lIjoidmFzYW50aGFrdW1hciIsImVtYWlsIjoidmFzYW50aDIwMDR2a0BnbWFpbC5jb20iLCJyb2xlIjoiU3VwZXJBZG1pbiIsIk9yZ2FuaXphdGlvbklkIjoiMiIsIk9yZ2FuaXphdGlvbkxvZ28iOiIvdXBsb2Fkcy9vcmctbG9nb3Mvb3JnLWxvZ28tNTg3M2M0NzVkOTFkNGJiZDkwNDZkZWVjNjY3ZDEzNmMuanBnIiwibmJmIjoxNzc1NzM2MDM3LCJleHAiOjE3NzU4MjI0MzcsImlhdCI6MTc3NTczNjAzNywiaXNzIjoiUHJvRGVzWC1CYWNrZW5kIiwiYXVkIjoiUHJvRGVzWC1Gcm9udGVuZCJ9.yvptRdzGzlFmnDjvMqi-9xetAsozB8x9XmIVWOSO1Uo - 101 null null 12853.221ms
2026-04-09 17:33:36.158 [INF] Microsoft.AspNetCore.Hosting.Diagnostics | Request starting HTTP/1.1 OPTIONS http://localhost:5217/api/users/organizations - null null
2026-04-09 17:33:36.158 [INF] Microsoft.AspNetCore.Cors.Infrastructure.CorsService | CORS policy execution successful.
2026-04-09 17:33:36.158 [INF] Microsoft.AspNetCore.Hosting.Diagnostics | Request finished HTTP/1.1 OPTIONS http://localhost:5217/api/users/organizations - 204 null null 0.1909ms
2026-04-09 17:33:36.159 [INF] Microsoft.AspNetCore.Hosting.Diagnostics | Request starting HTTP/1.1 GET http://localhost:5217/api/users/organizations - null null
2026-04-09 17:33:36.159 [INF] Microsoft.AspNetCore.Cors.Infrastructure.CorsService | CORS policy execution successful.
2026-04-09 17:33:36.160 [INF] Microsoft.AspNetCore.Routing.EndpointMiddleware | Executing endpoint 'backend.Controllers.UsersController.GetOrganizations (backend)'
2026-04-09 17:33:36.160 [INF] Microsoft.AspNetCore.Mvc.Infrastructure.ControllerActionInvoker | Route matched with {action = "GetOrganizations", controller = "Users"}. Executing controller action with signature System.Threading.Tasks.Task`1[Microsoft.AspNetCore.Mvc.IActionResult] GetOrganizations() on controller backend.Controllers.UsersController (backend).
2026-04-09 17:33:36.160 [INF] backend.Controllers.UsersController | [Users] GET organizations | Role=SuperAdmin | UserId=18
2026-04-09 17:33:36.171 [INF] Microsoft.AspNetCore.Mvc.Infrastructure.ObjectResultExecutor | Executing OkObjectResult, writing value of type 'System.Collections.Generic.List`1[[backend.Models.Organization, backend, Version=1.0.0.0, Culture=neutral, PublicKeyToken=null]]'.
2026-04-09 17:33:36.171 [INF] Microsoft.AspNetCore.Mvc.Infrastructure.ControllerActionInvoker | Executed action backend.Controllers.UsersController.GetOrganizations (backend) in 11.2605ms
2026-04-09 17:33:36.171 [INF] Microsoft.AspNetCore.Routing.EndpointMiddleware | Executed endpoint 'backend.Controllers.UsersController.GetOrganizations (backend)'
2026-04-09 17:33:36.171 [INF] Serilog.AspNetCore.RequestLoggingMiddleware | HTTP GET /api/users/organizations → 200 (11.4ms)
2026-04-09 17:33:36.171 [INF] Microsoft.AspNetCore.Hosting.Diagnostics | Request finished HTTP/1.1 GET http://localhost:5217/api/users/organizations - 200 null application/json; charset=utf-8 11.942ms
2026-04-09 17:33:36.685 [INF] Microsoft.AspNetCore.Hosting.Diagnostics | Request starting HTTP/1.1 OPTIONS http://localhost:5217/api/organizations - null null
2026-04-09 17:33:36.685 [INF] Microsoft.AspNetCore.Cors.Infrastructure.CorsService | CORS policy execution successful.
2026-04-09 17:33:36.685 [INF] Microsoft.AspNetCore.Hosting.Diagnostics | Request finished HTTP/1.1 OPTIONS http://localhost:5217/api/organizations - 204 null null 0.1988ms
2026-04-09 17:33:36.686 [INF] Microsoft.AspNetCore.Hosting.Diagnostics | Request starting HTTP/1.1 GET http://localhost:5217/api/organizations - application/json null
2026-04-09 17:33:36.686 [INF] Microsoft.AspNetCore.Cors.Infrastructure.CorsService | CORS policy execution successful.
2026-04-09 17:33:36.687 [INF] Microsoft.AspNetCore.Routing.EndpointMiddleware | Executing endpoint 'backend.Controllers.OrganizationsController.GetOrganizations (backend)'
2026-04-09 17:33:36.687 [INF] Microsoft.AspNetCore.Mvc.Infrastructure.ControllerActionInvoker | Route matched with {action = "GetOrganizations", controller = "Organizations"}. Executing controller action with signature System.Threading.Tasks.Task`1[Microsoft.AspNetCore.Mvc.IActionResult] GetOrganizations() on controller backend.Controllers.OrganizationsController (backend).
2026-04-09 17:33:36.687 [INF] backend.Controllers.OrganizationsController | [Orgs] GET all requested | Role=SuperAdmin | UserId=18
2026-04-09 17:33:36.701 [INF] Microsoft.AspNetCore.Mvc.Infrastructure.ObjectResultExecutor | Executing OkObjectResult, writing value of type 'System.Collections.Generic.List`1[[backend.Models.Organization, backend, Version=1.0.0.0, Culture=neutral, PublicKeyToken=null]]'.
2026-04-09 17:33:36.701 [INF] Microsoft.AspNetCore.Mvc.Infrastructure.ControllerActionInvoker | Executed action backend.Controllers.OrganizationsController.GetOrganizations (backend) in 14.0806ms
2026-04-09 17:33:36.701 [INF] Microsoft.AspNetCore.Routing.EndpointMiddleware | Executed endpoint 'backend.Controllers.OrganizationsController.GetOrganizations (backend)'
2026-04-09 17:33:36.701 [INF] Serilog.AspNetCore.RequestLoggingMiddleware | HTTP GET /api/organizations → 200 (14.4ms)
2026-04-09 17:33:36.701 [INF] Microsoft.AspNetCore.Hosting.Diagnostics | Request finished HTTP/1.1 GET http://localhost:5217/api/organizations - 200 null application/json; charset=utf-8 15.2906ms
2026-04-09 17:33:36.796 [INF] Microsoft.AspNetCore.Hosting.Diagnostics | Request starting HTTP/1.1 OPTIONS http://localhost:5217/api/leads - null null
2026-04-09 17:33:36.796 [INF] Microsoft.AspNetCore.Cors.Infrastructure.CorsService | CORS policy execution successful.
2026-04-09 17:33:36.796 [INF] Microsoft.AspNetCore.Hosting.Diagnostics | Request finished HTTP/1.1 OPTIONS http://localhost:5217/api/leads - 204 null null 0.1497ms
2026-04-09 17:33:36.797 [INF] Microsoft.AspNetCore.Hosting.Diagnostics | Request starting HTTP/1.1 GET http://localhost:5217/api/leads - application/json null
2026-04-09 17:33:36.797 [INF] Microsoft.AspNetCore.Cors.Infrastructure.CorsService | CORS policy execution successful.
2026-04-09 17:33:36.797 [INF] Microsoft.AspNetCore.Routing.EndpointMiddleware | Executing endpoint 'backend.Controllers.LeadsController.GetLeads (backend)'
2026-04-09 17:33:36.797 [INF] Microsoft.AspNetCore.Mvc.Infrastructure.ControllerActionInvoker | Route matched with {action = "GetLeads", controller = "Leads"}. Executing controller action with signature System.Threading.Tasks.Task`1[System.Collections.Generic.IEnumerable`1[backend.Models.Lead]] GetLeads() on controller backend.Controllers.LeadsController (backend).
2026-04-09 17:33:36.816 [INF] Microsoft.AspNetCore.Mvc.Infrastructure.ObjectResultExecutor | Executing ObjectResult, writing value of type 'System.Collections.Generic.List`1[[backend.Models.Lead, backend, Version=1.0.0.0, Culture=neutral, PublicKeyToken=null]]'.
2026-04-09 17:33:36.817 [INF] Microsoft.AspNetCore.Mvc.Infrastructure.ControllerActionInvoker | Executed action backend.Controllers.LeadsController.GetLeads (backend) in 19.0806ms
2026-04-09 17:33:36.817 [INF] Microsoft.AspNetCore.Routing.EndpointMiddleware | Executed endpoint 'backend.Controllers.LeadsController.GetLeads (backend)'
2026-04-09 17:33:36.817 [INF] Serilog.AspNetCore.RequestLoggingMiddleware | HTTP GET /api/leads → 200 (19.2ms)
2026-04-09 17:33:36.817 [INF] Microsoft.AspNetCore.Hosting.Diagnostics | Request finished HTTP/1.1 GET http://localhost:5217/api/leads - 200 null application/json; charset=utf-8 19.5142ms
2026-04-09 17:33:36.896 [INF] Microsoft.AspNetCore.Hosting.Diagnostics | Request starting HTTP/1.1 OPTIONS http://localhost:5217/api/employees?organizationId=2 - null null
2026-04-09 17:33:36.896 [INF] Microsoft.AspNetCore.Cors.Infrastructure.CorsService | CORS policy execution successful.
2026-04-09 17:33:36.896 [INF] Microsoft.AspNetCore.Hosting.Diagnostics | Request finished HTTP/1.1 OPTIONS http://localhost:5217/api/employees?organizationId=2 - 204 null null 0.2067ms
2026-04-09 17:33:36.897 [INF] Microsoft.AspNetCore.Hosting.Diagnostics | Request starting HTTP/1.1 GET http://localhost:5217/api/employees?organizationId=2 - application/json null
2026-04-09 17:33:36.897 [INF] Microsoft.AspNetCore.Cors.Infrastructure.CorsService | CORS policy execution successful.
2026-04-09 17:33:36.897 [INF] Microsoft.AspNetCore.Routing.EndpointMiddleware | Executing endpoint 'backend.Controllers.EmployeesController.GetEmployees (backend)'
2026-04-09 17:33:36.897 [INF] Microsoft.AspNetCore.Mvc.Infrastructure.ControllerActionInvoker | Route matched with {action = "GetEmployees", controller = "Employees"}. Executing controller action with signature System.Threading.Tasks.Task`1[Microsoft.AspNetCore.Mvc.IActionResult] GetEmployees(System.Nullable`1[System.Int32]) on controller backend.Controllers.EmployeesController (backend).
2026-04-09 17:33:36.897 [INF] backend.Controllers.EmployeesController | [Employees] GET all | TargetOrgId=2 | UserOrgId=2
2026-04-09 17:33:36.919 [INF] Microsoft.AspNetCore.Mvc.Infrastructure.ObjectResultExecutor | Executing OkObjectResult, writing value of type 'System.Collections.Generic.List`1[[backend.Models.Employee, backend, Version=1.0.0.0, Culture=neutral, PublicKeyToken=null]]'.
2026-04-09 17:33:36.919 [INF] Microsoft.AspNetCore.Mvc.Infrastructure.ControllerActionInvoker | Executed action backend.Controllers.EmployeesController.GetEmployees (backend) in 21.9004ms
2026-04-09 17:33:36.919 [INF] Microsoft.AspNetCore.Routing.EndpointMiddleware | Executed endpoint 'backend.Controllers.EmployeesController.GetEmployees (backend)'
2026-04-09 17:33:36.919 [INF] Serilog.AspNetCore.RequestLoggingMiddleware | HTTP GET /api/employees → 200 (22.1ms)
2026-04-09 17:33:36.919 [INF] Microsoft.AspNetCore.Hosting.Diagnostics | Request finished HTTP/1.1 GET http://localhost:5217/api/employees?organizationId=2 - 200 null application/json; charset=utf-8 22.3569ms
2026-04-09 17:33:36.927 [INF] Microsoft.AspNetCore.Hosting.Diagnostics | Request starting HTTP/1.1 OPTIONS http://localhost:5217/api/ShiftAssignments/roster?start=2026-04-09&end=2026-04-16&orgId=2 - null null
2026-04-09 17:33:36.928 [INF] Microsoft.AspNetCore.Cors.Infrastructure.CorsService | CORS policy execution successful.
2026-04-09 17:33:36.928 [INF] Microsoft.AspNetCore.Hosting.Diagnostics | Request finished HTTP/1.1 OPTIONS http://localhost:5217/api/ShiftAssignments/roster?start=2026-04-09&end=2026-04-16&orgId=2 - 204 null null 0.1638ms
2026-04-09 17:33:36.929 [INF] Microsoft.AspNetCore.Hosting.Diagnostics | Request starting HTTP/1.1 GET http://localhost:5217/api/ShiftAssignments/roster?start=2026-04-09&end=2026-04-16&orgId=2 - application/json null
2026-04-09 17:33:36.929 [INF] Microsoft.AspNetCore.Cors.Infrastructure.CorsService | CORS policy execution successful.
2026-04-09 17:33:36.929 [INF] Microsoft.AspNetCore.Routing.EndpointMiddleware | Executing endpoint 'backend.Controllers.ShiftAssignmentsController.GetMonthlyRosterFixed (backend)'
2026-04-09 17:33:36.929 [INF] Microsoft.AspNetCore.Mvc.Infrastructure.ControllerActionInvoker | Route matched with {action = "GetMonthlyRosterFixed", controller = "ShiftAssignments"}. Executing controller action with signature System.Threading.Tasks.Task`1[Microsoft.AspNetCore.Mvc.IActionResult] GetMonthlyRosterFixed(System.String, System.String, System.Nullable`1[System.Int32]) on controller backend.Controllers.ShiftAssignmentsController (backend).
2026-04-09 17:33:36.955 [INF] Microsoft.AspNetCore.Mvc.Infrastructure.ObjectResultExecutor | Executing OkObjectResult, writing value of type 'System.Collections.Generic.List`1[[backend.Models.EmployeeSchedule, backend, Version=1.0.0.0, Culture=neutral, PublicKeyToken=null]]'.
2026-04-09 17:33:36.955 [INF] Microsoft.AspNetCore.Mvc.Infrastructure.ControllerActionInvoker | Executed action backend.Controllers.ShiftAssignmentsController.GetMonthlyRosterFixed (backend) in 26.1859ms
2026-04-09 17:33:36.955 [INF] Microsoft.AspNetCore.Routing.EndpointMiddleware | Executed endpoint 'backend.Controllers.ShiftAssignmentsController.GetMonthlyRosterFixed (backend)'
2026-04-09 17:33:36.955 [INF] Serilog.AspNetCore.RequestLoggingMiddleware | HTTP GET /api/ShiftAssignments/roster → 200 (26.5ms)
2026-04-09 17:33:36.955 [INF] Microsoft.AspNetCore.Hosting.Diagnostics | Request finished HTTP/1.1 GET http://localhost:5217/api/ShiftAssignments/roster?start=2026-04-09&end=2026-04-16&orgId=2 - 200 null application/json; charset=utf-8 26.7791ms
2026-04-09 17:33:36.968 [INF] Microsoft.AspNetCore.Hosting.Diagnostics | Request starting HTTP/1.1 OPTIONS http://localhost:5217/api/Attendance/status?employeeId=31&orgId=2 - null null
2026-04-09 17:33:36.968 [INF] Microsoft.AspNetCore.Cors.Infrastructure.CorsService | CORS policy execution successful.
2026-04-09 17:33:36.968 [INF] Microsoft.AspNetCore.Hosting.Diagnostics | Request finished HTTP/1.1 OPTIONS http://localhost:5217/api/Attendance/status?employeeId=31&orgId=2 - 204 null null 0.1599ms
2026-04-09 17:33:36.969 [INF] Microsoft.AspNetCore.Hosting.Diagnostics | Request starting HTTP/1.1 GET http://localhost:5217/api/Attendance/status?employeeId=31&orgId=2 - application/json null
2026-04-09 17:33:36.969 [INF] Microsoft.AspNetCore.Cors.Infrastructure.CorsService | CORS policy execution successful.
2026-04-09 17:33:36.969 [INF] Microsoft.AspNetCore.Routing.EndpointMiddleware | Executing endpoint 'backend.Controllers.AttendanceController.GetStatus (backend)'
2026-04-09 17:33:36.970 [INF] Microsoft.AspNetCore.Mvc.Infrastructure.ControllerActionInvoker | Route matched with {action = "GetStatus", controller = "Attendance"}. Executing controller action with signature System.Threading.Tasks.Task`1[Microsoft.AspNetCore.Mvc.IActionResult] GetStatus(Int32, Int32) on controller backend.Controllers.AttendanceController (backend).
2026-04-09 17:33:37.000 [ERR] backend.Controllers.AttendanceController | Error getting attendance status
Microsoft.Data.SqlClient.SqlException (0x80131904): Invalid column name 'FN'.
Invalid column name 'AN'.
   at System.Threading.Tasks.ContinuationResultTaskFromResultTask`2.InnerInvoke()
   at System.Threading.ExecutionContext.RunInternal(ExecutionContext executionContext, ContextCallback callback, Object state)
--- End of stack trace from previous location ---
   at System.Threading.ExecutionContext.RunInternal(ExecutionContext executionContext, ContextCallback callback, Object state)
   at System.Threading.Tasks.Task.ExecuteWithThreadLocal(Task& currentTaskSlot, Thread threadPoolThread)
--- End of stack trace from previous location ---
   at Dapper.SqlMapper.QueryRowAsync[T](IDbConnection cnn, Row row, Type effectiveType, CommandDefinition command) in /_/Dapper/SqlMapper.Async.cs:line 489
   at backend.Controllers.AttendanceController.GetStatus(Int32 employeeId, Int32 orgId) in C:\Repos_Work\Prodesx_HRM_Mobile_Application\backend\Controllers\AttendanceController.cs:line 235
ClientConnectionId:8650df7c-9ef5-485b-b074-830175ebcaa0
Error Number:207,State:1,Class:16
2026-04-09 17:33:37.001 [INF] Microsoft.AspNetCore.Mvc.Infrastructure.ObjectResultExecutor | Executing ObjectResult, writing value of type 'System.String'.
2026-04-09 17:33:37.001 [INF] Microsoft.AspNetCore.Mvc.Infrastructure.ControllerActionInvoker | Executed action backend.Controllers.AttendanceController.GetStatus (backend) in 31.0649ms
2026-04-09 17:33:37.001 [INF] Microsoft.AspNetCore.Routing.EndpointMiddleware | Executed endpoint 'backend.Controllers.AttendanceController.GetStatus (backend)'
2026-04-09 17:33:37.001 [ERR] Serilog.AspNetCore.RequestLoggingMiddleware | HTTP GET /api/Attendance/status → 500 (31.3ms)
2026-04-09 17:33:37.001 [INF] Microsoft.AspNetCore.Hosting.Diagnostics | Request finished HTTP/1.1 GET http://localhost:5217/api/Attendance/status?employeeId=31&orgId=2 - 500 null text/plain; charset=utf-8 31.62ms
2026-04-09 17:33:41.534 [INF] Microsoft.AspNetCore.Hosting.Diagnostics | Request starting HTTP/1.1 OPTIONS http://localhost:5217/api/Organizations - null null
2026-04-09 17:33:41.534 [INF] Microsoft.AspNetCore.Cors.Infrastructure.CorsService | CORS policy execution successful.
2026-04-09 17:33:41.534 [INF] Microsoft.AspNetCore.Hosting.Diagnostics | Request finished HTTP/1.1 OPTIONS http://localhost:5217/api/Organizations - 204 null null 0.1471ms
2026-04-09 17:33:41.535 [INF] Microsoft.AspNetCore.Hosting.Diagnostics | Request starting HTTP/1.1 GET http://localhost:5217/api/Organizations - null null
2026-04-09 17:33:41.535 [INF] Microsoft.AspNetCore.Cors.Infrastructure.CorsService | CORS policy execution successful.
2026-04-09 17:33:41.535 [INF] Microsoft.AspNetCore.Routing.EndpointMiddleware | Executing endpoint 'backend.Controllers.OrganizationsController.GetOrganizations (backend)'
2026-04-09 17:33:41.535 [INF] Microsoft.AspNetCore.Mvc.Infrastructure.ControllerActionInvoker | Route matched with {action = "GetOrganizations", controller = "Organizations"}. Executing controller action with signature System.Threading.Tasks.Task`1[Microsoft.AspNetCore.Mvc.IActionResult] GetOrganizations() on controller backend.Controllers.OrganizationsController (backend).
2026-04-09 17:33:41.536 [INF] backend.Controllers.OrganizationsController | [Orgs] GET all requested | Role=SuperAdmin | UserId=18
2026-04-09 17:33:41.555 [INF] Microsoft.AspNetCore.Mvc.Infrastructure.ObjectResultExecutor | Executing OkObjectResult, writing value of type 'System.Collections.Generic.List`1[[backend.Models.Organization, backend, Version=1.0.0.0, Culture=neutral, PublicKeyToken=null]]'.
2026-04-09 17:33:41.556 [INF] Microsoft.AspNetCore.Mvc.Infrastructure.ControllerActionInvoker | Executed action backend.Controllers.OrganizationsController.GetOrganizations (backend) in 20.0487ms
2026-04-09 17:33:41.556 [INF] Microsoft.AspNetCore.Routing.EndpointMiddleware | Executed endpoint 'backend.Controllers.OrganizationsController.GetOrganizations (backend)'
2026-04-09 17:33:41.556 [INF] Serilog.AspNetCore.RequestLoggingMiddleware | HTTP GET /api/Organizations → 200 (20.2ms)
2026-04-09 17:33:41.556 [INF] Microsoft.AspNetCore.Hosting.Diagnostics | Request finished HTTP/1.1 GET http://localhost:5217/api/Organizations - 200 null application/json; charset=utf-8 20.6105ms
2026-04-09 17:33:41.572 [INF] Microsoft.AspNetCore.Hosting.Diagnostics | Request starting HTTP/1.1 OPTIONS http://localhost:5217/api/SalaryYear/GetSalaryYearsByOrgId?orgId=2 - null null
2026-04-09 17:33:41.572 [INF] Microsoft.AspNetCore.Cors.Infrastructure.CorsService | CORS policy execution successful.
2026-04-09 17:33:41.572 [INF] Microsoft.AspNetCore.Hosting.Diagnostics | Request finished HTTP/1.1 OPTIONS http://localhost:5217/api/SalaryYear/GetSalaryYearsByOrgId?orgId=2 - 204 null null 0.1638ms
2026-04-09 17:33:41.573 [INF] Microsoft.AspNetCore.Hosting.Diagnostics | Request starting HTTP/1.1 GET http://localhost:5217/api/SalaryYear/GetSalaryYearsByOrgId?orgId=2 - application/json null
2026-04-09 17:33:41.573 [INF] Microsoft.AspNetCore.Cors.Infrastructure.CorsService | CORS policy execution successful.
2026-04-09 17:33:41.574 [INF] Microsoft.AspNetCore.Routing.EndpointMiddleware | Executing endpoint 'backend.Controllers.SalaryYearController.GetSalaryYearsByOrgId (backend)'
2026-04-09 17:33:41.574 [INF] Microsoft.AspNetCore.Mvc.Infrastructure.ControllerActionInvoker | Route matched with {action = "GetSalaryYearsByOrgId", controller = "SalaryYear"}. Executing controller action with signature System.Threading.Tasks.Task`1[Microsoft.AspNetCore.Mvc.IActionResult] GetSalaryYearsByOrgId(System.String) on controller backend.Controllers.SalaryYearController (backend).
2026-04-09 17:33:41.587 [INF] Microsoft.AspNetCore.Mvc.Infrastructure.ObjectResultExecutor | Executing OkObjectResult, writing value of type 'System.Collections.Generic.List`1[[backend.Models.SalaryYear, backend, Version=1.0.0.0, Culture=neutral, PublicKeyToken=null]]'.
2026-04-09 17:33:41.588 [INF] Microsoft.AspNetCore.Mvc.Infrastructure.ControllerActionInvoker | Executed action backend.Controllers.SalaryYearController.GetSalaryYearsByOrgId (backend) in 13.8111ms
2026-04-09 17:33:41.588 [INF] Microsoft.AspNetCore.Routing.EndpointMiddleware | Executed endpoint 'backend.Controllers.SalaryYearController.GetSalaryYearsByOrgId (backend)'
2026-04-09 17:33:41.588 [INF] Serilog.AspNetCore.RequestLoggingMiddleware | HTTP GET /api/SalaryYear/GetSalaryYearsByOrgId → 200 (14.0ms)
2026-04-09 17:33:41.588 [INF] Microsoft.AspNetCore.Hosting.Diagnostics | Request finished HTTP/1.1 GET http://localhost:5217/api/SalaryYear/GetSalaryYearsByOrgId?orgId=2 - 200 null application/json; charset=utf-8 14.6126ms
2026-04-09 17:33:41.608 [INF] Microsoft.AspNetCore.Hosting.Diagnostics | Request starting HTTP/1.1 OPTIONS http://localhost:5217/api/staff-salary/org/4?salaryYearId=3 - null null
2026-04-09 17:33:41.608 [INF] Microsoft.AspNetCore.Cors.Infrastructure.CorsService | CORS policy execution successful.
2026-04-09 17:33:41.608 [INF] Microsoft.AspNetCore.Hosting.Diagnostics | Request finished HTTP/1.1 OPTIONS http://localhost:5217/api/staff-salary/org/4?salaryYearId=3 - 204 null null 0.1709ms
2026-04-09 17:33:41.609 [INF] Microsoft.AspNetCore.Hosting.Diagnostics | Request starting HTTP/1.1 GET http://localhost:5217/api/staff-salary/org/4?salaryYearId=3 - application/json null
2026-04-09 17:33:41.609 [INF] Microsoft.AspNetCore.Cors.Infrastructure.CorsService | CORS policy execution successful.
2026-04-09 17:33:41.609 [INF] Microsoft.AspNetCore.Routing.EndpointMiddleware | Executing endpoint 'backend.Controllers.StaffSalaryController.GetMonthlySalaries (backend)'
2026-04-09 17:33:41.609 [INF] Microsoft.AspNetCore.Mvc.Infrastructure.ControllerActionInvoker | Route matched with {action = "GetMonthlySalaries", controller = "StaffSalary"}. Executing controller action with signature System.Threading.Tasks.Task`1[Microsoft.AspNetCore.Mvc.IActionResult] GetMonthlySalaries(Byte, Int32) on controller backend.Controllers.StaffSalaryController (backend).
2026-04-09 17:33:41.627 [INF] Microsoft.AspNetCore.Mvc.Infrastructure.ObjectResultExecutor | Executing OkObjectResult, writing value of type 'System.Collections.Generic.List`1[[backend.Models.StaffSalary, backend, Version=1.0.0.0, Culture=neutral, PublicKeyToken=null]]'.
2026-04-09 17:33:41.627 [INF] Microsoft.AspNetCore.Mvc.Infrastructure.ControllerActionInvoker | Executed action backend.Controllers.StaffSalaryController.GetMonthlySalaries (backend) in 18.0805ms
2026-04-09 17:33:41.627 [INF] Microsoft.AspNetCore.Routing.EndpointMiddleware | Executed endpoint 'backend.Controllers.StaffSalaryController.GetMonthlySalaries (backend)'
2026-04-09 17:33:41.627 [INF] Serilog.AspNetCore.RequestLoggingMiddleware | HTTP GET /api/staff-salary/org/4 → 200 (18.2ms)
2026-04-09 17:33:41.627 [INF] Microsoft.AspNetCore.Hosting.Diagnostics | Request finished HTTP/1.1 GET http://localhost:5217/api/staff-salary/org/4?salaryYearId=3 - 200 null application/json; charset=utf-8 18.4712ms
2026-04-09 17:33:42.011 [INF] Microsoft.AspNetCore.Hosting.Diagnostics | Request starting HTTP/1.1 GET http://localhost:5217/api/uploads/employee-photos/emp-28.jpg - null null
2026-04-09 17:33:42.011 [INF] Microsoft.AspNetCore.Cors.Infrastructure.CorsService | CORS policy execution successful.
2026-04-09 17:33:42.011 [INF] Serilog.AspNetCore.RequestLoggingMiddleware | HTTP GET /api/uploads/employee-photos/emp-28.jpg → 404 (0.0ms)
2026-04-09 17:33:42.011 [INF] Microsoft.AspNetCore.Hosting.Diagnostics | Request finished HTTP/1.1 GET http://localhost:5217/api/uploads/employee-photos/emp-28.jpg - 404 0 null 0.5816ms
2026-04-09 17:33:42.011 [INF] Microsoft.AspNetCore.Hosting.Diagnostics | Request reached the end of the middleware pipeline without being handled by application code. Request path: GET http://localhost:5217/api/uploads/employee-photos/emp-28.jpg, Response status code: 404
2026-04-09 17:33:42.012 [INF] Microsoft.AspNetCore.Hosting.Diagnostics | Request starting HTTP/1.1 GET http://localhost:5217/api/uploads/employee-photos/emp-22.png - null null
2026-04-09 17:33:42.012 [INF] Microsoft.AspNetCore.Cors.Infrastructure.CorsService | CORS policy execution successful.
2026-04-09 17:33:42.012 [INF] Serilog.AspNetCore.RequestLoggingMiddleware | HTTP GET /api/uploads/employee-photos/emp-22.png → 404 (0.0ms)
2026-04-09 17:33:42.012 [INF] Microsoft.AspNetCore.Hosting.Diagnostics | Request finished HTTP/1.1 GET http://localhost:5217/api/uploads/employee-photos/emp-22.png - 404 0 null 0.3064ms
2026-04-09 17:33:42.012 [INF] Microsoft.AspNetCore.Hosting.Diagnostics | Request reached the end of the middleware pipeline without being handled by application code. Request path: GET http://localhost:5217/api/uploads/employee-photos/emp-22.png, Response status code: 404
2026-04-09 17:33:42.014 [INF] Microsoft.AspNetCore.Hosting.Diagnostics | Request starting HTTP/1.1 GET http://localhost:5217/api/uploads/employee-photos/emp-23.png - null null
2026-04-09 17:33:42.014 [INF] Microsoft.AspNetCore.Cors.Infrastructure.CorsService | CORS policy execution successful.
2026-04-09 17:33:42.014 [INF] Serilog.AspNetCore.RequestLoggingMiddleware | HTTP GET /api/uploads/employee-photos/emp-23.png → 404 (0.0ms)
2026-04-09 17:33:42.014 [INF] Microsoft.AspNetCore.Hosting.Diagnostics | Request finished HTTP/1.1 GET http://localhost:5217/api/uploads/employee-photos/emp-23.png - 404 0 null 0.3798ms
2026-04-09 17:33:42.015 [INF] Microsoft.AspNetCore.Hosting.Diagnostics | Request reached the end of the middleware pipeline without being handled by application code. Request path: GET http://localhost:5217/api/uploads/employee-photos/emp-23.png, Response status code: 404
2026-04-09 17:33:42.015 [INF] Microsoft.AspNetCore.Hosting.Diagnostics | Request starting HTTP/1.1 GET http://localhost:5217/api/uploads/employee-photos/emp-31.jpg - null null
2026-04-09 17:33:42.015 [INF] Microsoft.AspNetCore.Cors.Infrastructure.CorsService | CORS policy execution successful.
2026-04-09 17:33:42.015 [INF] Serilog.AspNetCore.RequestLoggingMiddleware | HTTP GET /api/uploads/employee-photos/emp-31.jpg → 404 (0.0ms)
2026-04-09 17:33:42.015 [INF] Microsoft.AspNetCore.Hosting.Diagnostics | Request finished HTTP/1.1 GET http://localhost:5217/api/uploads/employee-photos/emp-31.jpg - 404 0 null 0.3839ms
2026-04-09 17:33:42.015 [INF] Microsoft.AspNetCore.Hosting.Diagnostics | Request reached the end of the middleware pipeline without being handled by application code. Request path: GET http://localhost:5217/api/uploads/employee-photos/emp-31.jpg, Response status code: 404
2026-04-09 17:33:42.072 [INF] Microsoft.AspNetCore.Hosting.Diagnostics | Request starting HTTP/1.1 OPTIONS http://localhost:5217/hubs/staffsalary/negotiate?negotiateVersion=1 - null null
2026-04-09 17:33:42.072 [INF] Microsoft.AspNetCore.Cors.Infrastructure.CorsService | CORS policy execution successful.
2026-04-09 17:33:42.072 [INF] Microsoft.AspNetCore.Hosting.Diagnostics | Request finished HTTP/1.1 OPTIONS http://localhost:5217/hubs/staffsalary/negotiate?negotiateVersion=1 - 204 null null 0.1792ms
2026-04-09 17:33:42.073 [INF] Microsoft.AspNetCore.Hosting.Diagnostics | Request starting HTTP/1.1 POST http://localhost:5217/hubs/staffsalary/negotiate?negotiateVersion=1 - text/plain;charset=UTF-8 0
2026-04-09 17:33:42.073 [INF] Microsoft.AspNetCore.Cors.Infrastructure.CorsService | CORS policy execution successful.
2026-04-09 17:33:42.073 [INF] Microsoft.AspNetCore.Routing.EndpointMiddleware | Executing endpoint '/hubs/staffsalary/negotiate'
2026-04-09 17:33:42.073 [INF] Microsoft.AspNetCore.Routing.EndpointMiddleware | Executed endpoint '/hubs/staffsalary/negotiate'
2026-04-09 17:33:42.073 [INF] Serilog.AspNetCore.RequestLoggingMiddleware | HTTP POST /hubs/staffsalary/negotiate → 200 (0.2ms)
2026-04-09 17:33:42.073 [INF] Microsoft.AspNetCore.Hosting.Diagnostics | Request finished HTTP/1.1 POST http://localhost:5217/hubs/staffsalary/negotiate?negotiateVersion=1 - 200 316 application/json 0.4933ms
2026-04-09 17:33:42.101 [INF] Microsoft.AspNetCore.Hosting.Diagnostics | Request starting HTTP/1.1 GET http://localhost:5217/hubs/staffsalary?id=8ReqDdR2unqILx-ctdTz9g&access_token=eyJhbGciOiJIUzI1NiIsInR5cCI6IkpXVCJ9.eyJuYW1laWQiOiIxOCIsInVuaXF1ZV9uYW1lIjoidmFzYW50aGFrdW1hciIsImVtYWlsIjoidmFzYW50aDIwMDR2a0BnbWFpbC5jb20iLCJyb2xlIjoiU3VwZXJBZG1pbiIsIk9yZ2FuaXphdGlvbklkIjoiMiIsIk9yZ2FuaXphdGlvbkxvZ28iOiIvdXBsb2Fkcy9vcmctbG9nb3Mvb3JnLWxvZ28tNTg3M2M0NzVkOTFkNGJiZDkwNDZkZWVjNjY3ZDEzNmMuanBnIiwibmJmIjoxNzc1NzM2MDM3LCJleHAiOjE3NzU4MjI0MzcsImlhdCI6MTc3NTczNjAzNywiaXNzIjoiUHJvRGVzWC1CYWNrZW5kIiwiYXVkIjoiUHJvRGVzWC1Gcm9udGVuZCJ9.yvptRdzGzlFmnDjvMqi-9xetAsozB8x9XmIVWOSO1Uo - null null
2026-04-09 17:33:42.101 [INF] Microsoft.AspNetCore.Cors.Infrastructure.CorsService | CORS policy execution successful.
2026-04-09 17:33:42.101 [INF] Microsoft.AspNetCore.Routing.EndpointMiddleware | Executing endpoint '/hubs/staffsalary'
2026-04-09 17:33:44.870 [INF] Microsoft.AspNetCore.Hosting.Diagnostics | Request starting HTTP/1.1 OPTIONS http://localhost:5217/api/SalaryYear/GetSalaryYearsByOrgId?orgId=1 - null null
2026-04-09 17:33:44.870 [INF] Microsoft.AspNetCore.Cors.Infrastructure.CorsService | CORS policy execution successful.
2026-04-09 17:33:44.870 [INF] Microsoft.AspNetCore.Hosting.Diagnostics | Request finished HTTP/1.1 OPTIONS http://localhost:5217/api/SalaryYear/GetSalaryYearsByOrgId?orgId=1 - 204 null null 0.2016ms
2026-04-09 17:33:44.872 [INF] Microsoft.AspNetCore.Hosting.Diagnostics | Request starting HTTP/1.1 GET http://localhost:5217/api/SalaryYear/GetSalaryYearsByOrgId?orgId=1 - application/json null
2026-04-09 17:33:44.872 [INF] Microsoft.AspNetCore.Cors.Infrastructure.CorsService | CORS policy execution successful.
2026-04-09 17:33:44.872 [INF] Microsoft.AspNetCore.Routing.EndpointMiddleware | Executing endpoint 'backend.Controllers.SalaryYearController.GetSalaryYearsByOrgId (backend)'
2026-04-09 17:33:44.872 [INF] Microsoft.AspNetCore.Mvc.Infrastructure.ControllerActionInvoker | Route matched with {action = "GetSalaryYearsByOrgId", controller = "SalaryYear"}. Executing controller action with signature System.Threading.Tasks.Task`1[Microsoft.AspNetCore.Mvc.IActionResult] GetSalaryYearsByOrgId(System.String) on controller backend.Controllers.SalaryYearController (backend).
2026-04-09 17:33:44.891 [INF] Microsoft.AspNetCore.Mvc.Infrastructure.ObjectResultExecutor | Executing OkObjectResult, writing value of type 'System.Collections.Generic.List`1[[backend.Models.SalaryYear, backend, Version=1.0.0.0, Culture=neutral, PublicKeyToken=null]]'.
2026-04-09 17:33:44.891 [INF] Microsoft.AspNetCore.Mvc.Infrastructure.ControllerActionInvoker | Executed action backend.Controllers.SalaryYearController.GetSalaryYearsByOrgId (backend) in 19.0019ms
2026-04-09 17:33:44.891 [INF] Microsoft.AspNetCore.Routing.EndpointMiddleware | Executed endpoint 'backend.Controllers.SalaryYearController.GetSalaryYearsByOrgId (backend)'
2026-04-09 17:33:44.891 [INF] Serilog.AspNetCore.RequestLoggingMiddleware | HTTP GET /api/SalaryYear/GetSalaryYearsByOrgId → 200 (19.1ms)
2026-04-09 17:33:44.891 [INF] Microsoft.AspNetCore.Hosting.Diagnostics | Request finished HTTP/1.1 GET http://localhost:5217/api/SalaryYear/GetSalaryYearsByOrgId?orgId=1 - 200 null application/json; charset=utf-8 19.4382ms
2026-04-09 17:33:45.005 [INF] Microsoft.AspNetCore.Hosting.Diagnostics | Request starting HTTP/1.1 OPTIONS http://localhost:5217/api/staff-salary/org/4?salaryYearId=2 - null null
2026-04-09 17:33:45.006 [INF] Microsoft.AspNetCore.Cors.Infrastructure.CorsService | CORS policy execution successful.
2026-04-09 17:33:45.006 [INF] Microsoft.AspNetCore.Hosting.Diagnostics | Request finished HTTP/1.1 OPTIONS http://localhost:5217/api/staff-salary/org/4?salaryYearId=2 - 204 null null 0.1754ms
2026-04-09 17:33:45.007 [INF] Microsoft.AspNetCore.Hosting.Diagnostics | Request starting HTTP/1.1 GET http://localhost:5217/api/staff-salary/org/4?salaryYearId=2 - application/json null
2026-04-09 17:33:45.007 [INF] Microsoft.AspNetCore.Cors.Infrastructure.CorsService | CORS policy execution successful.
2026-04-09 17:33:45.007 [INF] Microsoft.AspNetCore.Routing.EndpointMiddleware | Executing endpoint 'backend.Controllers.StaffSalaryController.GetMonthlySalaries (backend)'
2026-04-09 17:33:45.007 [INF] Microsoft.AspNetCore.Mvc.Infrastructure.ControllerActionInvoker | Route matched with {action = "GetMonthlySalaries", controller = "StaffSalary"}. Executing controller action with signature System.Threading.Tasks.Task`1[Microsoft.AspNetCore.Mvc.IActionResult] GetMonthlySalaries(Byte, Int32) on controller backend.Controllers.StaffSalaryController (backend).
2026-04-09 17:33:45.030 [INF] Microsoft.AspNetCore.Mvc.Infrastructure.ObjectResultExecutor | Executing OkObjectResult, writing value of type 'System.Collections.Generic.List`1[[backend.Models.StaffSalary, backend, Version=1.0.0.0, Culture=neutral, PublicKeyToken=null]]'.
2026-04-09 17:33:45.030 [INF] Microsoft.AspNetCore.Mvc.Infrastructure.ControllerActionInvoker | Executed action backend.Controllers.StaffSalaryController.GetMonthlySalaries (backend) in 23.1693ms
2026-04-09 17:33:45.030 [INF] Microsoft.AspNetCore.Routing.EndpointMiddleware | Executed endpoint 'backend.Controllers.StaffSalaryController.GetMonthlySalaries (backend)'
2026-04-09 17:33:45.030 [INF] Serilog.AspNetCore.RequestLoggingMiddleware | HTTP GET /api/staff-salary/org/4 → 200 (23.5ms)
2026-04-09 17:33:45.030 [INF] Microsoft.AspNetCore.Hosting.Diagnostics | Request finished HTTP/1.1 GET http://localhost:5217/api/staff-salary/org/4?salaryYearId=2 - 200 null application/json; charset=utf-8 23.7738ms
2026-04-09 17:34:00.583 [INF] Microsoft.AspNetCore.Hosting.Diagnostics | Request starting HTTP/1.1 OPTIONS http://localhost:5217/api/staff-salary/org/4?salaryYearId=2 - null null
2026-04-09 17:34:00.584 [INF] Microsoft.AspNetCore.Cors.Infrastructure.CorsService | CORS policy execution successful.
2026-04-09 17:34:00.584 [INF] Microsoft.AspNetCore.Hosting.Diagnostics | Request finished HTTP/1.1 OPTIONS http://localhost:5217/api/staff-salary/org/4?salaryYearId=2 - 204 null null 0.1694ms
2026-04-09 17:34:00.585 [INF] Microsoft.AspNetCore.Hosting.Diagnostics | Request starting HTTP/1.1 GET http://localhost:5217/api/staff-salary/org/4?salaryYearId=2 - application/json null
2026-04-09 17:34:00.585 [INF] Microsoft.AspNetCore.Cors.Infrastructure.CorsService | CORS policy execution successful.
2026-04-09 17:34:00.585 [INF] Microsoft.AspNetCore.Routing.EndpointMiddleware | Executing endpoint 'backend.Controllers.StaffSalaryController.GetMonthlySalaries (backend)'
2026-04-09 17:34:00.585 [INF] Microsoft.AspNetCore.Mvc.Infrastructure.ControllerActionInvoker | Route matched with {action = "GetMonthlySalaries", controller = "StaffSalary"}. Executing controller action with signature System.Threading.Tasks.Task`1[Microsoft.AspNetCore.Mvc.IActionResult] GetMonthlySalaries(Byte, Int32) on controller backend.Controllers.StaffSalaryController (backend).
2026-04-09 17:34:00.601 [INF] Microsoft.AspNetCore.Mvc.Infrastructure.ObjectResultExecutor | Executing OkObjectResult, writing value of type 'System.Collections.Generic.List`1[[backend.Models.StaffSalary, backend, Version=1.0.0.0, Culture=neutral, PublicKeyToken=null]]'.
2026-04-09 17:34:00.601 [INF] Microsoft.AspNetCore.Mvc.Infrastructure.ControllerActionInvoker | Executed action backend.Controllers.StaffSalaryController.GetMonthlySalaries (backend) in 16.2533ms
2026-04-09 17:34:00.601 [INF] Microsoft.AspNetCore.Routing.EndpointMiddleware | Executed endpoint 'backend.Controllers.StaffSalaryController.GetMonthlySalaries (backend)'
2026-04-09 17:34:00.601 [INF] Serilog.AspNetCore.RequestLoggingMiddleware | HTTP GET /api/staff-salary/org/4 → 200 (16.4ms)
2026-04-09 17:34:00.601 [INF] Microsoft.AspNetCore.Hosting.Diagnostics | Request finished HTTP/1.1 GET http://localhost:5217/api/staff-salary/org/4?salaryYearId=2 - 200 null application/json; charset=utf-8 16.7474ms
2026-04-09 17:34:02.790 [INF] Microsoft.AspNetCore.Hosting.Diagnostics | Request starting HTTP/1.1 GET http://localhost:5217/api/staff-salary/org/4?salaryYearId=2 - application/json null
2026-04-09 17:34:02.790 [INF] Microsoft.AspNetCore.Cors.Infrastructure.CorsService | CORS policy execution successful.
2026-04-09 17:34:02.791 [INF] Microsoft.AspNetCore.Routing.EndpointMiddleware | Executing endpoint 'backend.Controllers.StaffSalaryController.GetMonthlySalaries (backend)'
2026-04-09 17:34:02.791 [INF] Microsoft.AspNetCore.Mvc.Infrastructure.ControllerActionInvoker | Route matched with {action = "GetMonthlySalaries", controller = "StaffSalary"}. Executing controller action with signature System.Threading.Tasks.Task`1[Microsoft.AspNetCore.Mvc.IActionResult] GetMonthlySalaries(Byte, Int32) on controller backend.Controllers.StaffSalaryController (backend).
2026-04-09 17:34:02.812 [INF] Microsoft.AspNetCore.Mvc.Infrastructure.ObjectResultExecutor | Executing OkObjectResult, writing value of type 'System.Collections.Generic.List`1[[backend.Models.StaffSalary, backend, Version=1.0.0.0, Culture=neutral, PublicKeyToken=null]]'.
2026-04-09 17:34:02.812 [INF] Microsoft.AspNetCore.Mvc.Infrastructure.ControllerActionInvoker | Executed action backend.Controllers.StaffSalaryController.GetMonthlySalaries (backend) in 21.314ms
2026-04-09 17:34:02.812 [INF] Microsoft.AspNetCore.Routing.EndpointMiddleware | Executed endpoint 'backend.Controllers.StaffSalaryController.GetMonthlySalaries (backend)'
2026-04-09 17:34:02.812 [INF] Serilog.AspNetCore.RequestLoggingMiddleware | HTTP GET /api/staff-salary/org/4 → 200 (21.4ms)
2026-04-09 17:34:02.812 [INF] Microsoft.AspNetCore.Hosting.Diagnostics | Request finished HTTP/1.1 GET http://localhost:5217/api/staff-salary/org/4?salaryYearId=2 - 200 null application/json; charset=utf-8 21.77ms
2026-04-09 17:34:07.756 [INF] Microsoft.AspNetCore.Hosting.Diagnostics | Request starting HTTP/1.1 OPTIONS http://localhost:5217/api/staff-salary/preview?salaryYearId=2&month=4&year=2026 - null null
2026-04-09 17:34:07.756 [INF] Microsoft.AspNetCore.Cors.Infrastructure.CorsService | CORS policy execution successful.
2026-04-09 17:34:07.756 [INF] Microsoft.AspNetCore.Hosting.Diagnostics | Request finished HTTP/1.1 OPTIONS http://localhost:5217/api/staff-salary/preview?salaryYearId=2&month=4&year=2026 - 204 null null 0.1274ms
2026-04-09 17:34:07.757 [INF] Microsoft.AspNetCore.Hosting.Diagnostics | Request starting HTTP/1.1 GET http://localhost:5217/api/staff-salary/preview?salaryYearId=2&month=4&year=2026 - application/json null
2026-04-09 17:34:07.757 [INF] Microsoft.AspNetCore.Cors.Infrastructure.CorsService | CORS policy execution successful.
2026-04-09 17:34:07.757 [INF] Microsoft.AspNetCore.Routing.EndpointMiddleware | Executing endpoint 'backend.Controllers.StaffSalaryController.GetPayrollPreview (backend)'
2026-04-09 17:34:07.757 [INF] Microsoft.AspNetCore.Mvc.Infrastructure.ControllerActionInvoker | Route matched with {action = "GetPayrollPreview", controller = "StaffSalary"}. Executing controller action with signature System.Threading.Tasks.Task`1[Microsoft.AspNetCore.Mvc.IActionResult] GetPayrollPreview(Int32, Byte, Int32) on controller backend.Controllers.StaffSalaryController (backend).
2026-04-09 17:34:07.771 [INF] Microsoft.AspNetCore.Mvc.Infrastructure.ObjectResultExecutor | Executing OkObjectResult, writing value of type 'System.Collections.Generic.List`1[[backend.Models.PayrollPreviewModel, backend, Version=1.0.0.0, Culture=neutral, PublicKeyToken=null]]'.
2026-04-09 17:34:07.771 [INF] Microsoft.AspNetCore.Mvc.Infrastructure.ControllerActionInvoker | Executed action backend.Controllers.StaffSalaryController.GetPayrollPreview (backend) in 13.5862ms
2026-04-09 17:34:07.771 [INF] Microsoft.AspNetCore.Routing.EndpointMiddleware | Executed endpoint 'backend.Controllers.StaffSalaryController.GetPayrollPreview (backend)'
2026-04-09 17:34:07.771 [INF] Serilog.AspNetCore.RequestLoggingMiddleware | HTTP GET /api/staff-salary/preview → 200 (13.7ms)
2026-04-09 17:34:07.771 [INF] Microsoft.AspNetCore.Hosting.Diagnostics | Request finished HTTP/1.1 GET http://localhost:5217/api/staff-salary/preview?salaryYearId=2&month=4&year=2026 - 200 null application/json; charset=utf-8 13.9411ms
2026-04-09 17:34:30.073 [INF] Microsoft.AspNetCore.Hosting.Diagnostics | Request starting HTTP/1.1 OPTIONS http://localhost:5217/api/SalaryYear/GetSalaryYearsByOrgId?orgId=2 - null null
2026-04-09 17:34:30.073 [INF] Microsoft.AspNetCore.Cors.Infrastructure.CorsService | CORS policy execution successful.
2026-04-09 17:34:30.073 [INF] Microsoft.AspNetCore.Hosting.Diagnostics | Request finished HTTP/1.1 OPTIONS http://localhost:5217/api/SalaryYear/GetSalaryYearsByOrgId?orgId=2 - 204 null null 0.1381ms
2026-04-09 17:34:30.074 [INF] Microsoft.AspNetCore.Hosting.Diagnostics | Request starting HTTP/1.1 GET http://localhost:5217/api/SalaryYear/GetSalaryYearsByOrgId?orgId=2 - application/json null
2026-04-09 17:34:30.074 [INF] Microsoft.AspNetCore.Cors.Infrastructure.CorsService | CORS policy execution successful.
2026-04-09 17:34:30.074 [INF] Microsoft.AspNetCore.Routing.EndpointMiddleware | Executing endpoint 'backend.Controllers.SalaryYearController.GetSalaryYearsByOrgId (backend)'
2026-04-09 17:34:30.074 [INF] Microsoft.AspNetCore.Mvc.Infrastructure.ControllerActionInvoker | Route matched with {action = "GetSalaryYearsByOrgId", controller = "SalaryYear"}. Executing controller action with signature System.Threading.Tasks.Task`1[Microsoft.AspNetCore.Mvc.IActionResult] GetSalaryYearsByOrgId(System.String) on controller backend.Controllers.SalaryYearController (backend).
2026-04-09 17:34:30.097 [INF] Microsoft.AspNetCore.Mvc.Infrastructure.ObjectResultExecutor | Executing OkObjectResult, writing value of type 'System.Collections.Generic.List`1[[backend.Models.SalaryYear, backend, Version=1.0.0.0, Culture=neutral, PublicKeyToken=null]]'.
2026-04-09 17:34:30.097 [INF] Microsoft.AspNetCore.Mvc.Infrastructure.ControllerActionInvoker | Executed action backend.Controllers.SalaryYearController.GetSalaryYearsByOrgId (backend) in 22.69ms
2026-04-09 17:34:30.097 [INF] Microsoft.AspNetCore.Routing.EndpointMiddleware | Executed endpoint 'backend.Controllers.SalaryYearController.GetSalaryYearsByOrgId (backend)'
2026-04-09 17:34:30.097 [INF] Serilog.AspNetCore.RequestLoggingMiddleware | HTTP GET /api/SalaryYear/GetSalaryYearsByOrgId → 200 (22.8ms)
2026-04-09 17:34:30.097 [INF] Microsoft.AspNetCore.Hosting.Diagnostics | Request finished HTTP/1.1 GET http://localhost:5217/api/SalaryYear/GetSalaryYearsByOrgId?orgId=2 - 200 null application/json; charset=utf-8 23.081ms
2026-04-09 17:34:30.183 [INF] Microsoft.AspNetCore.Hosting.Diagnostics | Request starting HTTP/1.1 OPTIONS http://localhost:5217/api/staff-salary/org/4?salaryYearId=3 - null null
2026-04-09 17:34:30.183 [INF] Microsoft.AspNetCore.Cors.Infrastructure.CorsService | CORS policy execution successful.
2026-04-09 17:34:30.183 [INF] Microsoft.AspNetCore.Hosting.Diagnostics | Request finished HTTP/1.1 OPTIONS http://localhost:5217/api/staff-salary/org/4?salaryYearId=3 - 204 null null 0.1357ms
2026-04-09 17:34:30.184 [INF] Microsoft.AspNetCore.Hosting.Diagnostics | Request starting HTTP/1.1 GET http://localhost:5217/api/staff-salary/org/4?salaryYearId=3 - application/json null
2026-04-09 17:34:30.184 [INF] Microsoft.AspNetCore.Cors.Infrastructure.CorsService | CORS policy execution successful.
2026-04-09 17:34:30.184 [INF] Microsoft.AspNetCore.Routing.EndpointMiddleware | Executing endpoint 'backend.Controllers.StaffSalaryController.GetMonthlySalaries (backend)'
2026-04-09 17:34:30.184 [INF] Microsoft.AspNetCore.Mvc.Infrastructure.ControllerActionInvoker | Route matched with {action = "GetMonthlySalaries", controller = "StaffSalary"}. Executing controller action with signature System.Threading.Tasks.Task`1[Microsoft.AspNetCore.Mvc.IActionResult] GetMonthlySalaries(Byte, Int32) on controller backend.Controllers.StaffSalaryController (backend).
2026-04-09 17:34:30.218 [INF] Microsoft.AspNetCore.Mvc.Infrastructure.ObjectResultExecutor | Executing OkObjectResult, writing value of type 'System.Collections.Generic.List`1[[backend.Models.StaffSalary, backend, Version=1.0.0.0, Culture=neutral, PublicKeyToken=null]]'.
2026-04-09 17:34:30.218 [INF] Microsoft.AspNetCore.Mvc.Infrastructure.ControllerActionInvoker | Executed action backend.Controllers.StaffSalaryController.GetMonthlySalaries (backend) in 34.1717ms
2026-04-09 17:34:30.218 [INF] Microsoft.AspNetCore.Routing.EndpointMiddleware | Executed endpoint 'backend.Controllers.StaffSalaryController.GetMonthlySalaries (backend)'
2026-04-09 17:34:30.218 [INF] Serilog.AspNetCore.RequestLoggingMiddleware | HTTP GET /api/staff-salary/org/4 → 200 (34.3ms)
2026-04-09 17:34:30.219 [INF] Microsoft.AspNetCore.Hosting.Diagnostics | Request finished HTTP/1.1 GET http://localhost:5217/api/staff-salary/org/4?salaryYearId=3 - 200 null application/json; charset=utf-8 34.5829ms
2026-04-09 17:36:29.855 [INF] Microsoft.AspNetCore.Routing.EndpointMiddleware | Executed endpoint '/hubs/staffsalary'
2026-04-09 17:36:29.856 [INF] Serilog.AspNetCore.RequestLoggingMiddleware | HTTP GET /hubs/staffsalary → 101 (167758.8ms)
2026-04-09 17:36:29.856 [INF] Microsoft.AspNetCore.Hosting.Diagnostics | Request finished HTTP/1.1 GET http://localhost:5217/hubs/staffsalary?id=8ReqDdR2unqILx-ctdTz9g&access_token=eyJhbGciOiJIUzI1NiIsInR5cCI6IkpXVCJ9.eyJuYW1laWQiOiIxOCIsInVuaXF1ZV9uYW1lIjoidmFzYW50aGFrdW1hciIsImVtYWlsIjoidmFzYW50aDIwMDR2a0BnbWFpbC5jb20iLCJyb2xlIjoiU3VwZXJBZG1pbiIsIk9yZ2FuaXphdGlvbklkIjoiMiIsIk9yZ2FuaXphdGlvbkxvZ28iOiIvdXBsb2Fkcy9vcmctbG9nb3Mvb3JnLWxvZ28tNTg3M2M0NzVkOTFkNGJiZDkwNDZkZWVjNjY3ZDEzNmMuanBnIiwibmJmIjoxNzc1NzM2MDM3LCJleHAiOjE3NzU4MjI0MzcsImlhdCI6MTc3NTczNjAzNywiaXNzIjoiUHJvRGVzWC1CYWNrZW5kIiwiYXVkIjoiUHJvRGVzWC1Gcm9udGVuZCJ9.yvptRdzGzlFmnDjvMqi-9xetAsozB8x9XmIVWOSO1Uo - 101 null null 167759.1352ms
2026-04-09 17:36:29.916 [INF] Microsoft.AspNetCore.Hosting.Diagnostics | Request starting HTTP/1.1 OPTIONS http://localhost:5217/hubs/staffsalary/negotiate?negotiateVersion=1 - null null
2026-04-09 17:36:29.916 [INF] Microsoft.AspNetCore.Cors.Infrastructure.CorsService | CORS policy execution successful.
2026-04-09 17:36:29.916 [INF] Microsoft.AspNetCore.Hosting.Diagnostics | Request finished HTTP/1.1 OPTIONS http://localhost:5217/hubs/staffsalary/negotiate?negotiateVersion=1 - 204 null null 0.2442ms
2026-04-09 17:36:29.917 [INF] Microsoft.AspNetCore.Hosting.Diagnostics | Request starting HTTP/1.1 POST http://localhost:5217/hubs/staffsalary/negotiate?negotiateVersion=1 - text/plain;charset=UTF-8 0
2026-04-09 17:36:29.918 [INF] Microsoft.AspNetCore.Cors.Infrastructure.CorsService | CORS policy execution successful.
2026-04-09 17:36:29.918 [INF] Microsoft.AspNetCore.Routing.EndpointMiddleware | Executing endpoint '/hubs/staffsalary/negotiate'
2026-04-09 17:36:29.918 [INF] Microsoft.AspNetCore.Routing.EndpointMiddleware | Executed endpoint '/hubs/staffsalary/negotiate'
2026-04-09 17:36:29.918 [INF] Serilog.AspNetCore.RequestLoggingMiddleware | HTTP POST /hubs/staffsalary/negotiate → 200 (0.2ms)
2026-04-09 17:36:29.918 [INF] Microsoft.AspNetCore.Hosting.Diagnostics | Request finished HTTP/1.1 POST http://localhost:5217/hubs/staffsalary/negotiate?negotiateVersion=1 - 200 316 application/json 0.4932ms
2026-04-09 17:36:29.930 [INF] Microsoft.AspNetCore.Hosting.Diagnostics | Request starting HTTP/1.1 GET http://localhost:5217/hubs/staffsalary?id=djd7NBjUBjvug4y81dfmVg&access_token=eyJhbGciOiJIUzI1NiIsInR5cCI6IkpXVCJ9.eyJuYW1laWQiOiIxOCIsInVuaXF1ZV9uYW1lIjoidmFzYW50aGFrdW1hciIsImVtYWlsIjoidmFzYW50aDIwMDR2a0BnbWFpbC5jb20iLCJyb2xlIjoiU3VwZXJBZG1pbiIsIk9yZ2FuaXphdGlvbklkIjoiMiIsIk9yZ2FuaXphdGlvbkxvZ28iOiIvdXBsb2Fkcy9vcmctbG9nb3Mvb3JnLWxvZ28tNTg3M2M0NzVkOTFkNGJiZDkwNDZkZWVjNjY3ZDEzNmMuanBnIiwibmJmIjoxNzc1NzM2MDM3LCJleHAiOjE3NzU4MjI0MzcsImlhdCI6MTc3NTczNjAzNywiaXNzIjoiUHJvRGVzWC1CYWNrZW5kIiwiYXVkIjoiUHJvRGVzWC1Gcm9udGVuZCJ9.yvptRdzGzlFmnDjvMqi-9xetAsozB8x9XmIVWOSO1Uo - null null
2026-04-09 17:36:29.930 [INF] Microsoft.AspNetCore.Cors.Infrastructure.CorsService | CORS policy execution successful.
2026-04-09 17:36:29.930 [INF] Microsoft.AspNetCore.Routing.EndpointMiddleware | Executing endpoint '/hubs/staffsalary'
2026-04-09 17:39:05.863 [INF] Microsoft.AspNetCore.Routing.EndpointMiddleware | Executed endpoint '/hubs/staffsalary'
2026-04-09 17:39:05.863 [INF] Serilog.AspNetCore.RequestLoggingMiddleware | HTTP GET /hubs/staffsalary → 101 (155936.7ms)
2026-04-09 17:39:05.863 [INF] Microsoft.AspNetCore.Hosting.Diagnostics | Request finished HTTP/1.1 GET http://localhost:5217/hubs/staffsalary?id=djd7NBjUBjvug4y81dfmVg&access_token=eyJhbGciOiJIUzI1NiIsInR5cCI6IkpXVCJ9.eyJuYW1laWQiOiIxOCIsInVuaXF1ZV9uYW1lIjoidmFzYW50aGFrdW1hciIsImVtYWlsIjoidmFzYW50aDIwMDR2a0BnbWFpbC5jb20iLCJyb2xlIjoiU3VwZXJBZG1pbiIsIk9yZ2FuaXphdGlvbklkIjoiMiIsIk9yZ2FuaXphdGlvbkxvZ28iOiIvdXBsb2Fkcy9vcmctbG9nb3Mvb3JnLWxvZ28tNTg3M2M0NzVkOTFkNGJiZDkwNDZkZWVjNjY3ZDEzNmMuanBnIiwibmJmIjoxNzc1NzM2MDM3LCJleHAiOjE3NzU4MjI0MzcsImlhdCI6MTc3NTczNjAzNywiaXNzIjoiUHJvRGVzWC1CYWNrZW5kIiwiYXVkIjoiUHJvRGVzWC1Gcm9udGVuZCJ9.yvptRdzGzlFmnDjvMqi-9xetAsozB8x9XmIVWOSO1Uo - 101 null null 155936.9829ms
2026-04-09 17:39:05.867 [INF] Microsoft.AspNetCore.Hosting.Diagnostics | Request starting HTTP/1.1 OPTIONS http://localhost:5217/hubs/staffsalary/negotiate?negotiateVersion=1 - null null
2026-04-09 17:39:05.867 [INF] Microsoft.AspNetCore.Cors.Infrastructure.CorsService | CORS policy execution successful.
2026-04-09 17:39:05.867 [INF] Microsoft.AspNetCore.Hosting.Diagnostics | Request finished HTTP/1.1 OPTIONS http://localhost:5217/hubs/staffsalary/negotiate?negotiateVersion=1 - 204 null null 0.1315ms
2026-04-09 17:39:05.868 [INF] Microsoft.AspNetCore.Hosting.Diagnostics | Request starting HTTP/1.1 POST http://localhost:5217/hubs/staffsalary/negotiate?negotiateVersion=1 - text/plain;charset=UTF-8 0
2026-04-09 17:39:05.868 [INF] Microsoft.AspNetCore.Cors.Infrastructure.CorsService | CORS policy execution successful.
2026-04-09 17:39:05.868 [INF] Microsoft.AspNetCore.Routing.EndpointMiddleware | Executing endpoint '/hubs/staffsalary/negotiate'
2026-04-09 17:39:05.869 [INF] Microsoft.AspNetCore.Routing.EndpointMiddleware | Executed endpoint '/hubs/staffsalary/negotiate'
2026-04-09 17:39:05.869 [INF] Serilog.AspNetCore.RequestLoggingMiddleware | HTTP POST /hubs/staffsalary/negotiate → 200 (0.2ms)
2026-04-09 17:39:05.869 [INF] Microsoft.AspNetCore.Hosting.Diagnostics | Request finished HTTP/1.1 POST http://localhost:5217/hubs/staffsalary/negotiate?negotiateVersion=1 - 200 316 application/json 0.3825ms
2026-04-09 17:39:05.873 [INF] Microsoft.AspNetCore.Hosting.Diagnostics | Request starting HTTP/1.1 GET http://localhost:5217/hubs/staffsalary?id=RphUiIj9bRaVFn4JVDEp5g&access_token=eyJhbGciOiJIUzI1NiIsInR5cCI6IkpXVCJ9.eyJuYW1laWQiOiIxOCIsInVuaXF1ZV9uYW1lIjoidmFzYW50aGFrdW1hciIsImVtYWlsIjoidmFzYW50aDIwMDR2a0BnbWFpbC5jb20iLCJyb2xlIjoiU3VwZXJBZG1pbiIsIk9yZ2FuaXphdGlvbklkIjoiMiIsIk9yZ2FuaXphdGlvbkxvZ28iOiIvdXBsb2Fkcy9vcmctbG9nb3Mvb3JnLWxvZ28tNTg3M2M0NzVkOTFkNGJiZDkwNDZkZWVjNjY3ZDEzNmMuanBnIiwibmJmIjoxNzc1NzM2MDM3LCJleHAiOjE3NzU4MjI0MzcsImlhdCI6MTc3NTczNjAzNywiaXNzIjoiUHJvRGVzWC1CYWNrZW5kIiwiYXVkIjoiUHJvRGVzWC1Gcm9udGVuZCJ9.yvptRdzGzlFmnDjvMqi-9xetAsozB8x9XmIVWOSO1Uo - null null
2026-04-09 17:39:05.873 [INF] Microsoft.AspNetCore.Cors.Infrastructure.CorsService | CORS policy execution successful.
2026-04-09 17:39:05.873 [INF] Microsoft.AspNetCore.Routing.EndpointMiddleware | Executing endpoint '/hubs/staffsalary'
2026-04-09 17:41:11.862 [INF] Microsoft.AspNetCore.Routing.EndpointMiddleware | Executed endpoint '/hubs/staffsalary'
2026-04-09 17:41:11.862 [INF] Serilog.AspNetCore.RequestLoggingMiddleware | HTTP GET /hubs/staffsalary → 101 (125992.3ms)
2026-04-09 17:41:11.862 [INF] Microsoft.AspNetCore.Hosting.Diagnostics | Request finished HTTP/1.1 GET http://localhost:5217/hubs/staffsalary?id=RphUiIj9bRaVFn4JVDEp5g&access_token=eyJhbGciOiJIUzI1NiIsInR5cCI6IkpXVCJ9.eyJuYW1laWQiOiIxOCIsInVuaXF1ZV9uYW1lIjoidmFzYW50aGFrdW1hciIsImVtYWlsIjoidmFzYW50aDIwMDR2a0BnbWFpbC5jb20iLCJyb2xlIjoiU3VwZXJBZG1pbiIsIk9yZ2FuaXphdGlvbklkIjoiMiIsIk9yZ2FuaXphdGlvbkxvZ28iOiIvdXBsb2Fkcy9vcmctbG9nb3Mvb3JnLWxvZ28tNTg3M2M0NzVkOTFkNGJiZDkwNDZkZWVjNjY3ZDEzNmMuanBnIiwibmJmIjoxNzc1NzM2MDM3LCJleHAiOjE3NzU4MjI0MzcsImlhdCI6MTc3NTczNjAzNywiaXNzIjoiUHJvRGVzWC1CYWNrZW5kIiwiYXVkIjoiUHJvRGVzWC1Gcm9udGVuZCJ9.yvptRdzGzlFmnDjvMqi-9xetAsozB8x9XmIVWOSO1Uo - 101 null null 125992.5753ms
2026-04-09 17:41:11.866 [INF] Microsoft.AspNetCore.Hosting.Diagnostics | Request starting HTTP/1.1 OPTIONS http://localhost:5217/hubs/staffsalary/negotiate?negotiateVersion=1 - null null
2026-04-09 17:41:11.866 [INF] Microsoft.AspNetCore.Cors.Infrastructure.CorsService | CORS policy execution successful.
2026-04-09 17:41:11.866 [INF] Microsoft.AspNetCore.Hosting.Diagnostics | Request finished HTTP/1.1 OPTIONS http://localhost:5217/hubs/staffsalary/negotiate?negotiateVersion=1 - 204 null null 0.1239ms
2026-04-09 17:41:11.867 [INF] Microsoft.AspNetCore.Hosting.Diagnostics | Request starting HTTP/1.1 POST http://localhost:5217/hubs/staffsalary/negotiate?negotiateVersion=1 - text/plain;charset=UTF-8 0
2026-04-09 17:41:11.867 [INF] Microsoft.AspNetCore.Cors.Infrastructure.CorsService | CORS policy execution successful.
2026-04-09 17:41:11.867 [INF] Microsoft.AspNetCore.Routing.EndpointMiddleware | Executing endpoint '/hubs/staffsalary/negotiate'
2026-04-09 17:41:11.867 [INF] Microsoft.AspNetCore.Routing.EndpointMiddleware | Executed endpoint '/hubs/staffsalary/negotiate'
2026-04-09 17:41:11.867 [INF] Serilog.AspNetCore.RequestLoggingMiddleware | HTTP POST /hubs/staffsalary/negotiate → 200 (0.1ms)
2026-04-09 17:41:11.867 [INF] Microsoft.AspNetCore.Hosting.Diagnostics | Request finished HTTP/1.1 POST http://localhost:5217/hubs/staffsalary/negotiate?negotiateVersion=1 - 200 316 application/json 0.3311ms
2026-04-09 17:41:11.871 [INF] Microsoft.AspNetCore.Hosting.Diagnostics | Request starting HTTP/1.1 GET http://localhost:5217/hubs/staffsalary?id=37C-loVx-Nst6WQCvOO-ZQ&access_token=eyJhbGciOiJIUzI1NiIsInR5cCI6IkpXVCJ9.eyJuYW1laWQiOiIxOCIsInVuaXF1ZV9uYW1lIjoidmFzYW50aGFrdW1hciIsImVtYWlsIjoidmFzYW50aDIwMDR2a0BnbWFpbC5jb20iLCJyb2xlIjoiU3VwZXJBZG1pbiIsIk9yZ2FuaXphdGlvbklkIjoiMiIsIk9yZ2FuaXphdGlvbkxvZ28iOiIvdXBsb2Fkcy9vcmctbG9nb3Mvb3JnLWxvZ28tNTg3M2M0NzVkOTFkNGJiZDkwNDZkZWVjNjY3ZDEzNmMuanBnIiwibmJmIjoxNzc1NzM2MDM3LCJleHAiOjE3NzU4MjI0MzcsImlhdCI6MTc3NTczNjAzNywiaXNzIjoiUHJvRGVzWC1CYWNrZW5kIiwiYXVkIjoiUHJvRGVzWC1Gcm9udGVuZCJ9.yvptRdzGzlFmnDjvMqi-9xetAsozB8x9XmIVWOSO1Uo - null null
2026-04-09 17:41:11.871 [INF] Microsoft.AspNetCore.Cors.Infrastructure.CorsService | CORS policy execution successful.
2026-04-09 17:41:11.872 [INF] Microsoft.AspNetCore.Routing.EndpointMiddleware | Executing endpoint '/hubs/staffsalary'
2026-04-09 17:42:55.789 [INF] Microsoft.Hosting.Lifetime | Application is shutting down...
2026-04-09 17:42:55.789 [INF] Microsoft.AspNetCore.Server.Kestrel.Connections | Connection id "0HNKM5U6FKNUU", Request id "0HNKM5U6FKNUU:00000001": the application aborted the connection.
2026-04-09 17:42:55.809 [INF] Microsoft.AspNetCore.Routing.EndpointMiddleware | Executed endpoint '/hubs/staffsalary'
2026-04-09 17:42:55.809 [INF] Serilog.AspNetCore.RequestLoggingMiddleware | HTTP GET /hubs/staffsalary → 101 (103940.1ms)
2026-04-09 17:42:55.809 [INF] Microsoft.AspNetCore.Hosting.Diagnostics | Request finished HTTP/1.1 GET http://localhost:5217/hubs/staffsalary?id=37C-loVx-Nst6WQCvOO-ZQ&access_token=eyJhbGciOiJIUzI1NiIsInR5cCI6IkpXVCJ9.eyJuYW1laWQiOiIxOCIsInVuaXF1ZV9uYW1lIjoidmFzYW50aGFrdW1hciIsImVtYWlsIjoidmFzYW50aDIwMDR2a0BnbWFpbC5jb20iLCJyb2xlIjoiU3VwZXJBZG1pbiIsIk9yZ2FuaXphdGlvbklkIjoiMiIsIk9yZ2FuaXphdGlvbkxvZ28iOiIvdXBsb2Fkcy9vcmctbG9nb3Mvb3JnLWxvZ28tNTg3M2M0NzVkOTFkNGJiZDkwNDZkZWVjNjY3ZDEzNmMuanBnIiwibmJmIjoxNzc1NzM2MDM3LCJleHAiOjE3NzU4MjI0MzcsImlhdCI6MTc3NTczNjAzNywiaXNzIjoiUHJvRGVzWC1CYWNrZW5kIiwiYXVkIjoiUHJvRGVzWC1Gcm9udGVuZCJ9.yvptRdzGzlFmnDjvMqi-9xetAsozB8x9XmIVWOSO1Uo - 101 null null 103940.5063ms
