2026-04-02 10:48:11.370 [INF]  | === ProDesX-HRM Backend Starting (Migrations Rev 5: Explicit Columns) ===
2026-04-02 10:48:11.921 [INF]  | === ProDesX-HRM Backend Starting (Migrations Rev 4: Clean GOs) ===
2026-04-02 10:48:13.373 [INF]  | [DB] Connected to: 103.235.104.197 | proxPayroll
2026-04-02 10:48:13.559 [INF]  | [DB] Database exists. Running migrations.sql...
2026-04-02 10:48:14.803 [WRN]  | [DB] Batch skipped in migrations.sql: Invalid column name 'EmployeeId'.
2026-04-02 10:48:14.863 [WRN]  | [DB] Batch skipped in migrations.sql: Invalid column name 'EmployeeId'.
2026-04-02 10:48:17.141 [WRN]  | [DB] Batch skipped in migrations.sql: 'CREATE/ALTER PROCEDURE' must be the first statement in a query batch.
2026-04-02 10:48:18.116 [INF]  | [DB] Finished running migrations.sql. 121 batches applied, 3 skipped.
2026-04-02 10:48:18.473 [WRN]  | [DB] Procedure apply skipped: Invalid column name 'EmployeeId'.
2026-04-02 10:48:18.486 [WRN]  | [DB] Procedure apply skipped: Invalid column name 'EmployeeId'.
2026-04-02 10:48:20.011 [INF]  | [DB] Procedures refreshed (CREATE OR ALTER). 102 applied, 2 skipped.
2026-04-02 10:48:20.011 [INF]  | [DB] Migrations complete.
2026-04-02 10:48:20.250 [INF]  | === Backend running at http://localhost:5217 ===
2026-04-02 10:48:20.272 [INF] Microsoft.AspNetCore.DataProtection.KeyManagement.XmlKeyManager | User profile is available. Using 'C:\Users\vasanth\AppData\Local\ASP.NET\DataProtection-Keys' as key repository and Windows DPAPI to encrypt keys at rest.
2026-04-02 10:48:20.283 [INF] backend.Services.ShiftScheduleBackgroundService | Shift Schedule Background Service is starting.
2026-04-02 10:48:20.392 [INF] Microsoft.Hosting.Lifetime | Now listening on: http://localhost:5217
2026-04-02 10:48:20.392 [INF] Microsoft.Hosting.Lifetime | Application started. Press Ctrl+C to shut down.
2026-04-02 10:48:20.393 [INF] Microsoft.Hosting.Lifetime | Hosting environment: Development
2026-04-02 10:48:20.393 [INF] Microsoft.Hosting.Lifetime | Content root path: C:\Repos_Work\Prodesx_HRM_Mobile_Application\backend
2026-04-02 10:48:30.297 [INF] backend.Services.ShiftScheduleBackgroundService | Shift Schedule Background Service is running...
2026-04-02 10:48:34.370 [INF] backend.Services.ShiftScheduleBackgroundService | Shift Schedule Background Service completed. Inserted 4 new schedules for the rolling 30-day window.
2026-04-02 13:36:14.996 [INF] Microsoft.AspNetCore.Hosting.Diagnostics | Request starting HTTP/1.1 OPTIONS http://localhost:5217/api/auth/login - null null
2026-04-02 13:36:15.241 [INF] Microsoft.AspNetCore.Cors.Infrastructure.CorsService | CORS policy execution successful.
2026-04-02 13:36:15.264 [INF] Microsoft.AspNetCore.Hosting.Diagnostics | Request finished HTTP/1.1 OPTIONS http://localhost:5217/api/auth/login - 204 null null 290.7792ms
2026-04-02 13:36:15.272 [INF] Microsoft.AspNetCore.Hosting.Diagnostics | Request starting HTTP/1.1 POST http://localhost:5217/api/auth/login - application/json 62
2026-04-02 13:36:15.284 [INF] Microsoft.AspNetCore.Cors.Infrastructure.CorsService | CORS policy execution successful.
2026-04-02 13:36:15.356 [WRN] Microsoft.AspNetCore.HttpsPolicy.HttpsRedirectionMiddleware | Failed to determine the https port for redirect.
2026-04-02 13:36:15.470 [INF] Microsoft.AspNetCore.Routing.EndpointMiddleware | Executing endpoint 'backend.Controllers.AuthController.Login (backend)'
2026-04-02 13:36:15.575 [INF] Microsoft.AspNetCore.Mvc.Infrastructure.ControllerActionInvoker | Route matched with {action = "Login", controller = "Auth"}. Executing controller action with signature System.Threading.Tasks.Task`1[Microsoft.AspNetCore.Mvc.IActionResult] Login(backend.Models.LoginRequest) on controller backend.Controllers.AuthController (backend).
2026-04-02 13:36:15.699 [INF] backend.Controllers.AuthController | [Auth] Login attempt | Email=vasanth2004vk@gmail.com
2026-04-02 13:36:16.462 [INF] backend.Controllers.AuthController | [Auth] User login session recorded | UserId=18 | TokenExpiry="2026-04-03T08:06:16.3948243Z"
2026-04-02 13:36:16.463 [INF] backend.Controllers.AuthController | [Auth] Login SUCCESS | Email=vasanth2004vk@gmail.com | EffectiveRole=SuperAdmin | OrgId=2
2026-04-02 13:36:16.473 [INF] Microsoft.AspNetCore.Mvc.Infrastructure.ObjectResultExecutor | Executing OkObjectResult, writing value of type '<>f__AnonymousType16`2[[System.String, System.Private.CoreLib, Version=10.0.0.0, Culture=neutral, PublicKeyToken=7cec85d7bea7798e],[<>f__AnonymousType17`6[[System.Int32, System.Private.CoreLib, Version=10.0.0.0, Culture=neutral, PublicKeyToken=7cec85d7bea7798e],[System.String, System.Private.CoreLib, Version=10.0.0.0, Culture=neutral, PublicKeyToken=7cec85d7bea7798e],[System.String, System.Private.CoreLib, Version=10.0.0.0, Culture=neutral, PublicKeyToken=7cec85d7bea7798e],[System.String, System.Private.CoreLib, Version=10.0.0.0, Culture=neutral, PublicKeyToken=7cec85d7bea7798e],[System.Nullable`1[[System.Int32, System.Private.CoreLib, Version=10.0.0.0, Culture=neutral, PublicKeyToken=7cec85d7bea7798e]], System.Private.CoreLib, Version=10.0.0.0, Culture=neutral, PublicKeyToken=7cec85d7bea7798e],[System.String, System.Private.CoreLib, Version=10.0.0.0, Culture=neutral, PublicKeyToken=7cec85d7bea7798e]], backend, Version=1.0.0.0, Culture=neutral, PublicKeyToken=null]]'.
2026-04-02 13:36:16.506 [INF] Microsoft.AspNetCore.Mvc.Infrastructure.ControllerActionInvoker | Executed action backend.Controllers.AuthController.Login (backend) in 925.3831ms
2026-04-02 13:36:16.507 [INF] Microsoft.AspNetCore.Routing.EndpointMiddleware | Executed endpoint 'backend.Controllers.AuthController.Login (backend)'
2026-04-02 13:36:16.510 [INF] Serilog.AspNetCore.RequestLoggingMiddleware | HTTP POST /api/auth/login → 200 (1043.9ms)
2026-04-02 13:36:16.516 [INF] Microsoft.AspNetCore.Hosting.Diagnostics | Request finished HTTP/1.1 POST http://localhost:5217/api/auth/login - 200 null application/json; charset=utf-8 1245.1315ms
2026-04-02 13:36:16.531 [INF] Microsoft.AspNetCore.Hosting.Diagnostics | Request starting HTTP/1.1 OPTIONS http://localhost:5217/api/users/organizations - null null
2026-04-02 13:36:16.532 [INF] Microsoft.AspNetCore.Cors.Infrastructure.CorsService | CORS policy execution successful.
2026-04-02 13:36:16.532 [INF] Microsoft.AspNetCore.Hosting.Diagnostics | Request finished HTTP/1.1 OPTIONS http://localhost:5217/api/users/organizations - 204 null null 1.0709ms
2026-04-02 13:36:16.534 [INF] Microsoft.AspNetCore.Hosting.Diagnostics | Request starting HTTP/1.1 GET http://localhost:5217/api/users/organizations - null null
2026-04-02 13:36:16.536 [INF] Microsoft.AspNetCore.Cors.Infrastructure.CorsService | CORS policy execution successful.
2026-04-02 13:36:16.609 [INF] Microsoft.AspNetCore.Routing.EndpointMiddleware | Executing endpoint 'backend.Controllers.UsersController.GetOrganizations (backend)'
2026-04-02 13:36:16.621 [INF] Microsoft.AspNetCore.Mvc.Infrastructure.ControllerActionInvoker | Route matched with {action = "GetOrganizations", controller = "Users"}. Executing controller action with signature System.Threading.Tasks.Task`1[Microsoft.AspNetCore.Mvc.IActionResult] GetOrganizations() on controller backend.Controllers.UsersController (backend).
2026-04-02 13:36:16.628 [INF] backend.Controllers.UsersController | [Users] GET organizations | Role=SuperAdmin | UserId=18
2026-04-02 13:36:16.657 [INF] Microsoft.AspNetCore.Mvc.Infrastructure.ObjectResultExecutor | Executing OkObjectResult, writing value of type 'System.Collections.Generic.List`1[[backend.Models.Organization, backend, Version=1.0.0.0, Culture=neutral, PublicKeyToken=null]]'.
2026-04-02 13:36:16.682 [INF] Microsoft.AspNetCore.Mvc.Infrastructure.ControllerActionInvoker | Executed action backend.Controllers.UsersController.GetOrganizations (backend) in 60.6591ms
2026-04-02 13:36:16.682 [INF] Microsoft.AspNetCore.Routing.EndpointMiddleware | Executed endpoint 'backend.Controllers.UsersController.GetOrganizations (backend)'
2026-04-02 13:36:16.682 [INF] Serilog.AspNetCore.RequestLoggingMiddleware | HTTP GET /api/users/organizations → 200 (73.2ms)
2026-04-02 13:36:16.683 [INF] Microsoft.AspNetCore.Hosting.Diagnostics | Request finished HTTP/1.1 GET http://localhost:5217/api/users/organizations - 200 null application/json; charset=utf-8 148.4824ms
2026-04-02 13:36:17.020 [INF] Microsoft.AspNetCore.Hosting.Diagnostics | Request starting HTTP/1.1 GET http://localhost:5217/uploads/org-logos/org-logo-5873c475d91d4bbd9046deec667d136c.jpg - null null
2026-04-02 13:36:17.022 [INF] Microsoft.AspNetCore.Cors.Infrastructure.CorsService | CORS policy execution successful.
2026-04-02 13:36:17.041 [INF] Microsoft.AspNetCore.StaticFiles.StaticFileMiddleware | The file /uploads/org-logos/org-logo-5873c475d91d4bbd9046deec667d136c.jpg was not modified
2026-04-02 13:36:17.041 [INF] Microsoft.AspNetCore.Hosting.Diagnostics | Request finished HTTP/1.1 GET http://localhost:5217/uploads/org-logos/org-logo-5873c475d91d4bbd9046deec667d136c.jpg - 304 null image/jpeg 21.3865ms
2026-04-02 13:36:17.050 [INF] Microsoft.AspNetCore.Hosting.Diagnostics | Request starting HTTP/1.1 OPTIONS http://localhost:5217/api/organizations - null null
2026-04-02 13:36:17.050 [INF] Microsoft.AspNetCore.Cors.Infrastructure.CorsService | CORS policy execution successful.
2026-04-02 13:36:17.050 [INF] Microsoft.AspNetCore.Hosting.Diagnostics | Request finished HTTP/1.1 OPTIONS http://localhost:5217/api/organizations - 204 null null 0.297ms
2026-04-02 13:36:17.051 [INF] Microsoft.AspNetCore.Hosting.Diagnostics | Request starting HTTP/1.1 GET http://localhost:5217/api/organizations - application/json null
2026-04-02 13:36:17.052 [INF] Microsoft.AspNetCore.Cors.Infrastructure.CorsService | CORS policy execution successful.
2026-04-02 13:36:17.059 [INF] Microsoft.AspNetCore.Routing.EndpointMiddleware | Executing endpoint 'backend.Controllers.OrganizationsController.GetOrganizations (backend)'
2026-04-02 13:36:17.068 [INF] Microsoft.AspNetCore.Mvc.Infrastructure.ControllerActionInvoker | Route matched with {action = "GetOrganizations", controller = "Organizations"}. Executing controller action with signature System.Threading.Tasks.Task`1[Microsoft.AspNetCore.Mvc.IActionResult] GetOrganizations() on controller backend.Controllers.OrganizationsController (backend).
2026-04-02 13:36:17.071 [INF] backend.Controllers.OrganizationsController | [Orgs] GET all requested | Role=SuperAdmin | UserId=18
2026-04-02 13:36:17.084 [INF] Microsoft.AspNetCore.Mvc.Infrastructure.ObjectResultExecutor | Executing OkObjectResult, writing value of type 'System.Collections.Generic.List`1[[backend.Models.Organization, backend, Version=1.0.0.0, Culture=neutral, PublicKeyToken=null]]'.
2026-04-02 13:36:17.084 [INF] Microsoft.AspNetCore.Mvc.Infrastructure.ControllerActionInvoker | Executed action backend.Controllers.OrganizationsController.GetOrganizations (backend) in 16.0961ms
2026-04-02 13:36:17.084 [INF] Microsoft.AspNetCore.Routing.EndpointMiddleware | Executed endpoint 'backend.Controllers.OrganizationsController.GetOrganizations (backend)'
2026-04-02 13:36:17.084 [INF] Serilog.AspNetCore.RequestLoggingMiddleware | HTTP GET /api/organizations → 200 (25.0ms)
2026-04-02 13:36:17.084 [INF] Microsoft.AspNetCore.Hosting.Diagnostics | Request finished HTTP/1.1 GET http://localhost:5217/api/organizations - 200 null application/json; charset=utf-8 32.8075ms
2026-04-02 13:36:17.115 [INF] Microsoft.AspNetCore.Hosting.Diagnostics | Request starting HTTP/1.1 OPTIONS http://localhost:5217/api/leads - null null
2026-04-02 13:36:17.115 [INF] Microsoft.AspNetCore.Cors.Infrastructure.CorsService | CORS policy execution successful.
2026-04-02 13:36:17.115 [INF] Microsoft.AspNetCore.Hosting.Diagnostics | Request finished HTTP/1.1 OPTIONS http://localhost:5217/api/leads - 204 null null 0.4641ms
2026-04-02 13:36:17.117 [INF] Microsoft.AspNetCore.Hosting.Diagnostics | Request starting HTTP/1.1 GET http://localhost:5217/api/leads - application/json null
2026-04-02 13:36:17.118 [INF] Microsoft.AspNetCore.Cors.Infrastructure.CorsService | CORS policy execution successful.
2026-04-02 13:36:17.122 [INF] Microsoft.AspNetCore.Routing.EndpointMiddleware | Executing endpoint 'backend.Controllers.LeadsController.GetLeads (backend)'
2026-04-02 13:36:17.130 [INF] Microsoft.AspNetCore.Mvc.Infrastructure.ControllerActionInvoker | Route matched with {action = "GetLeads", controller = "Leads"}. Executing controller action with signature System.Threading.Tasks.Task`1[System.Collections.Generic.IEnumerable`1[backend.Models.Lead]] GetLeads() on controller backend.Controllers.LeadsController (backend).
2026-04-02 13:36:17.149 [INF] Microsoft.AspNetCore.Mvc.Infrastructure.ObjectResultExecutor | Executing ObjectResult, writing value of type 'System.Collections.Generic.List`1[[backend.Models.Lead, backend, Version=1.0.0.0, Culture=neutral, PublicKeyToken=null]]'.
2026-04-02 13:36:17.172 [INF] Microsoft.AspNetCore.Mvc.Infrastructure.ControllerActionInvoker | Executed action backend.Controllers.LeadsController.GetLeads (backend) in 41.5489ms
2026-04-02 13:36:17.172 [INF] Microsoft.AspNetCore.Routing.EndpointMiddleware | Executed endpoint 'backend.Controllers.LeadsController.GetLeads (backend)'
2026-04-02 13:36:17.172 [INF] Serilog.AspNetCore.RequestLoggingMiddleware | HTTP GET /api/leads → 200 (50.4ms)
2026-04-02 13:36:17.173 [INF] Microsoft.AspNetCore.Hosting.Diagnostics | Request finished HTTP/1.1 GET http://localhost:5217/api/leads - 200 null application/json; charset=utf-8 55.2124ms
2026-04-02 13:36:17.273 [INF] Microsoft.AspNetCore.Hosting.Diagnostics | Request starting HTTP/1.1 OPTIONS http://localhost:5217/api/employees?organizationId=2 - null null
2026-04-02 13:36:17.273 [INF] Microsoft.AspNetCore.Cors.Infrastructure.CorsService | CORS policy execution successful.
2026-04-02 13:36:17.273 [INF] Microsoft.AspNetCore.Hosting.Diagnostics | Request finished HTTP/1.1 OPTIONS http://localhost:5217/api/employees?organizationId=2 - 204 null null 0.3075ms
2026-04-02 13:36:17.275 [INF] Microsoft.AspNetCore.Hosting.Diagnostics | Request starting HTTP/1.1 GET http://localhost:5217/api/employees?organizationId=2 - application/json null
2026-04-02 13:36:17.275 [INF] Microsoft.AspNetCore.Cors.Infrastructure.CorsService | CORS policy execution successful.
2026-04-02 13:36:17.282 [INF] Microsoft.AspNetCore.Routing.EndpointMiddleware | Executing endpoint 'backend.Controllers.EmployeesController.GetEmployees (backend)'
2026-04-02 13:36:17.297 [INF] Microsoft.AspNetCore.Mvc.Infrastructure.ControllerActionInvoker | Route matched with {action = "GetEmployees", controller = "Employees"}. Executing controller action with signature System.Threading.Tasks.Task`1[Microsoft.AspNetCore.Mvc.IActionResult] GetEmployees(System.Nullable`1[System.Int32]) on controller backend.Controllers.EmployeesController (backend).
2026-04-02 13:36:17.312 [INF] backend.Controllers.EmployeesController | [Employees] GET all | TargetOrgId=2 | UserOrgId=2
2026-04-02 13:36:17.363 [INF] Microsoft.AspNetCore.Mvc.Infrastructure.ObjectResultExecutor | Executing OkObjectResult, writing value of type 'System.Collections.Generic.List`1[[backend.Models.Employee, backend, Version=1.0.0.0, Culture=neutral, PublicKeyToken=null]]'.
2026-04-02 13:36:17.386 [INF] Microsoft.AspNetCore.Mvc.Infrastructure.ControllerActionInvoker | Executed action backend.Controllers.EmployeesController.GetEmployees (backend) in 88.8651ms
2026-04-02 13:36:17.387 [INF] Microsoft.AspNetCore.Routing.EndpointMiddleware | Executed endpoint 'backend.Controllers.EmployeesController.GetEmployees (backend)'
2026-04-02 13:36:17.387 [INF] Serilog.AspNetCore.RequestLoggingMiddleware | HTTP GET /api/employees → 200 (105.1ms)
2026-04-02 13:36:17.387 [INF] Microsoft.AspNetCore.Hosting.Diagnostics | Request finished HTTP/1.1 GET http://localhost:5217/api/employees?organizationId=2 - 200 null application/json; charset=utf-8 112.2649ms
2026-04-02 13:36:17.398 [INF] Microsoft.AspNetCore.Hosting.Diagnostics | Request starting HTTP/1.1 OPTIONS http://localhost:5217/api/ShiftAssignments/roster?start=2026-04-02&end=2026-04-09&orgId=2 - null null
2026-04-02 13:36:17.398 [INF] Microsoft.AspNetCore.Cors.Infrastructure.CorsService | CORS policy execution successful.
2026-04-02 13:36:17.398 [INF] Microsoft.AspNetCore.Hosting.Diagnostics | Request finished HTTP/1.1 OPTIONS http://localhost:5217/api/ShiftAssignments/roster?start=2026-04-02&end=2026-04-09&orgId=2 - 204 null null 0.3681ms
2026-04-02 13:36:17.400 [INF] Microsoft.AspNetCore.Hosting.Diagnostics | Request starting HTTP/1.1 GET http://localhost:5217/api/ShiftAssignments/roster?start=2026-04-02&end=2026-04-09&orgId=2 - application/json null
2026-04-02 13:36:17.401 [INF] Microsoft.AspNetCore.Cors.Infrastructure.CorsService | CORS policy execution successful.
2026-04-02 13:36:17.402 [INF] Microsoft.AspNetCore.Routing.EndpointMiddleware | Executing endpoint 'backend.Controllers.ShiftAssignmentsController.GetMonthlyRosterFixed (backend)'
2026-04-02 13:36:17.409 [INF] Microsoft.AspNetCore.Hosting.Diagnostics | Request starting HTTP/1.1 GET http://localhost:5217/uploads/employee-photos/emp-31.jpg - null null
2026-04-02 13:36:17.409 [INF] Microsoft.AspNetCore.Cors.Infrastructure.CorsService | CORS policy execution successful.
2026-04-02 13:36:17.410 [INF] Microsoft.AspNetCore.StaticFiles.StaticFileMiddleware | The file /uploads/employee-photos/emp-31.jpg was not modified
2026-04-02 13:36:17.410 [INF] Microsoft.AspNetCore.Hosting.Diagnostics | Request finished HTTP/1.1 GET http://localhost:5217/uploads/employee-photos/emp-31.jpg - 304 null image/jpeg 1.5792ms
2026-04-02 13:36:17.411 [INF] Microsoft.AspNetCore.Mvc.Infrastructure.ControllerActionInvoker | Route matched with {action = "GetMonthlyRosterFixed", controller = "ShiftAssignments"}. Executing controller action with signature System.Threading.Tasks.Task`1[Microsoft.AspNetCore.Mvc.IActionResult] GetMonthlyRosterFixed(System.String, System.String, System.Nullable`1[System.Int32]) on controller backend.Controllers.ShiftAssignmentsController (backend).
2026-04-02 13:36:17.441 [INF] Microsoft.AspNetCore.Mvc.Infrastructure.ObjectResultExecutor | Executing OkObjectResult, writing value of type 'System.Collections.Generic.List`1[[backend.Models.EmployeeSchedule, backend, Version=1.0.0.0, Culture=neutral, PublicKeyToken=null]]'.
2026-04-02 13:36:17.450 [INF] Microsoft.AspNetCore.Mvc.Infrastructure.ControllerActionInvoker | Executed action backend.Controllers.ShiftAssignmentsController.GetMonthlyRosterFixed (backend) in 38.8339ms
2026-04-02 13:36:17.450 [INF] Microsoft.AspNetCore.Routing.EndpointMiddleware | Executed endpoint 'backend.Controllers.ShiftAssignmentsController.GetMonthlyRosterFixed (backend)'
2026-04-02 13:36:17.450 [INF] Serilog.AspNetCore.RequestLoggingMiddleware | HTTP GET /api/ShiftAssignments/roster → 200 (48.2ms)
2026-04-02 13:36:17.450 [INF] Microsoft.AspNetCore.Hosting.Diagnostics | Request finished HTTP/1.1 GET http://localhost:5217/api/ShiftAssignments/roster?start=2026-04-02&end=2026-04-09&orgId=2 - 200 null application/json; charset=utf-8 49.9831ms
2026-04-02 13:36:17.456 [INF] Microsoft.AspNetCore.Hosting.Diagnostics | Request starting HTTP/1.1 OPTIONS http://localhost:5217/api/Attendance/status?employeeId=31&orgId=2 - null null
2026-04-02 13:36:17.456 [INF] Microsoft.AspNetCore.Cors.Infrastructure.CorsService | CORS policy execution successful.
2026-04-02 13:36:17.456 [INF] Microsoft.AspNetCore.Hosting.Diagnostics | Request finished HTTP/1.1 OPTIONS http://localhost:5217/api/Attendance/status?employeeId=31&orgId=2 - 204 null null 0.3368ms
2026-04-02 13:36:17.457 [INF] Microsoft.AspNetCore.Hosting.Diagnostics | Request starting HTTP/1.1 GET http://localhost:5217/api/Attendance/status?employeeId=31&orgId=2 - application/json null
2026-04-02 13:36:17.459 [INF] Microsoft.AspNetCore.Cors.Infrastructure.CorsService | CORS policy execution successful.
2026-04-02 13:36:17.459 [INF] Microsoft.AspNetCore.Routing.EndpointMiddleware | Executing endpoint 'backend.Controllers.AttendanceController.GetStatus (backend)'
2026-04-02 13:36:17.468 [INF] Microsoft.AspNetCore.Mvc.Infrastructure.ControllerActionInvoker | Route matched with {action = "GetStatus", controller = "Attendance"}. Executing controller action with signature System.Threading.Tasks.Task`1[Microsoft.AspNetCore.Mvc.IActionResult] GetStatus(Int32, Int32) on controller backend.Controllers.AttendanceController (backend).
2026-04-02 13:36:17.492 [ERR] backend.Controllers.AttendanceController | Error getting attendance status
Microsoft.Data.SqlClient.SqlException (0x80131904): Invalid column name 'FN'.
Invalid column name 'AN'.
   at System.Threading.Tasks.ContinuationResultTaskFromResultTask`2.InnerInvoke()
   at System.Threading.ExecutionContext.RunInternal(ExecutionContext executionContext, ContextCallback callback, Object state)
--- End of stack trace from previous location ---
   at System.Threading.ExecutionContext.RunInternal(ExecutionContext executionContext, ContextCallback callback, Object state)
   at System.Threading.Tasks.Task.ExecuteWithThreadLocal(Task& currentTaskSlot, Thread threadPoolThread)
--- End of stack trace from previous location ---
   at Dapper.SqlMapper.QueryRowAsync[T](IDbConnection cnn, Row row, Type effectiveType, CommandDefinition command) in /_/Dapper/SqlMapper.Async.cs:line 489
   at backend.Controllers.AttendanceController.GetStatus(Int32 employeeId, Int32 orgId) in C:\Repos_Work\Prodesx_HRM_Mobile_Application\backend\Controllers\AttendanceController.cs:line 235
ClientConnectionId:5759b811-d77e-4201-8062-366372b24fcf
Error Number:207,State:1,Class:16
2026-04-02 13:36:17.558 [INF] Microsoft.AspNetCore.Mvc.Infrastructure.ObjectResultExecutor | Executing ObjectResult, writing value of type 'System.String'.
2026-04-02 13:36:17.559 [INF] Microsoft.AspNetCore.Mvc.Infrastructure.ControllerActionInvoker | Executed action backend.Controllers.AttendanceController.GetStatus (backend) in 90.8414ms
2026-04-02 13:36:17.559 [INF] Microsoft.AspNetCore.Routing.EndpointMiddleware | Executed endpoint 'backend.Controllers.AttendanceController.GetStatus (backend)'
2026-04-02 13:36:17.559 [ERR] Serilog.AspNetCore.RequestLoggingMiddleware | HTTP GET /api/Attendance/status → 500 (99.7ms)
2026-04-02 13:36:17.562 [INF] Microsoft.AspNetCore.Hosting.Diagnostics | Request finished HTTP/1.1 GET http://localhost:5217/api/Attendance/status?employeeId=31&orgId=2 - 500 null text/plain; charset=utf-8 104.3914ms
2026-04-02 13:36:26.988 [INF] Microsoft.AspNetCore.Hosting.Diagnostics | Request starting HTTP/1.1 OPTIONS http://localhost:5217/api/EmpOT/GetOTByOrgId?orgId=2 - null null
2026-04-02 13:36:26.988 [INF] Microsoft.AspNetCore.Hosting.Diagnostics | Request starting HTTP/1.1 OPTIONS http://localhost:5217/api/employees?orgId=2 - null null
2026-04-02 13:36:26.988 [INF] Microsoft.AspNetCore.Cors.Infrastructure.CorsService | CORS policy execution successful.
2026-04-02 13:36:26.988 [INF] Microsoft.AspNetCore.Cors.Infrastructure.CorsService | CORS policy execution successful.
2026-04-02 13:36:26.988 [INF] Microsoft.AspNetCore.Hosting.Diagnostics | Request finished HTTP/1.1 OPTIONS http://localhost:5217/api/EmpOT/GetOTByOrgId?orgId=2 - 204 null null 0.5617ms
2026-04-02 13:36:26.988 [INF] Microsoft.AspNetCore.Hosting.Diagnostics | Request finished HTTP/1.1 OPTIONS http://localhost:5217/api/employees?orgId=2 - 204 null null 0.4705ms
2026-04-02 13:36:26.992 [INF] Microsoft.AspNetCore.Hosting.Diagnostics | Request starting HTTP/1.1 GET http://localhost:5217/api/employees?orgId=2 - application/json null
2026-04-02 13:36:26.992 [INF] Microsoft.AspNetCore.Cors.Infrastructure.CorsService | CORS policy execution successful.
2026-04-02 13:36:26.993 [INF] Microsoft.AspNetCore.Hosting.Diagnostics | Request starting HTTP/1.1 GET http://localhost:5217/api/EmpOT/GetOTByOrgId?orgId=2 - application/json null
2026-04-02 13:36:26.993 [INF] Microsoft.AspNetCore.Routing.EndpointMiddleware | Executing endpoint 'backend.Controllers.EmployeesController.GetEmployees (backend)'
2026-04-02 13:36:26.993 [INF] Microsoft.AspNetCore.Mvc.Infrastructure.ControllerActionInvoker | Route matched with {action = "GetEmployees", controller = "Employees"}. Executing controller action with signature System.Threading.Tasks.Task`1[Microsoft.AspNetCore.Mvc.IActionResult] GetEmployees(System.Nullable`1[System.Int32]) on controller backend.Controllers.EmployeesController (backend).
2026-04-02 13:36:26.994 [INF] Microsoft.AspNetCore.Cors.Infrastructure.CorsService | CORS policy execution successful.
2026-04-02 13:36:26.994 [INF] Microsoft.AspNetCore.Routing.EndpointMiddleware | Executing endpoint 'backend.Controllers.EmpOTController.GetOTByOrgId (backend)'
2026-04-02 13:36:26.994 [INF] backend.Controllers.EmployeesController | [Employees] GET all | TargetOrgId=2 | UserOrgId=2
2026-04-02 13:36:27.008 [INF] Microsoft.AspNetCore.Mvc.Infrastructure.ControllerActionInvoker | Route matched with {action = "GetOTByOrgId", controller = "EmpOT"}. Executing controller action with signature System.Threading.Tasks.Task`1[Microsoft.AspNetCore.Mvc.IActionResult] GetOTByOrgId(Int32) on controller backend.Controllers.EmpOTController (backend).
2026-04-02 13:36:27.010 [INF] Microsoft.AspNetCore.Hosting.Diagnostics | Request starting HTTP/1.1 GET http://localhost:5217/uploads/org-logos/org-logo-f3e5c29a5727487a9d6c2a5527e8919d.png - null null
2026-04-02 13:36:27.011 [INF] Microsoft.AspNetCore.Cors.Infrastructure.CorsService | CORS policy execution successful.
2026-04-02 13:36:27.012 [INF] Microsoft.AspNetCore.Mvc.Infrastructure.ObjectResultExecutor | Executing OkObjectResult, writing value of type 'System.Collections.Generic.List`1[[backend.Models.Employee, backend, Version=1.0.0.0, Culture=neutral, PublicKeyToken=null]]'.
2026-04-02 13:36:27.012 [INF] Microsoft.AspNetCore.Mvc.Infrastructure.ControllerActionInvoker | Executed action backend.Controllers.EmployeesController.GetEmployees (backend) in 18.9716ms
2026-04-02 13:36:27.012 [INF] Microsoft.AspNetCore.Routing.EndpointMiddleware | Executed endpoint 'backend.Controllers.EmployeesController.GetEmployees (backend)'
2026-04-02 13:36:27.012 [INF] Serilog.AspNetCore.RequestLoggingMiddleware | HTTP GET /api/employees → 200 (19.3ms)
2026-04-02 13:36:27.012 [INF] Microsoft.AspNetCore.Hosting.Diagnostics | Request finished HTTP/1.1 GET http://localhost:5217/api/employees?orgId=2 - 200 null application/json; charset=utf-8 20.1702ms
2026-04-02 13:36:27.017 [INF] Microsoft.AspNetCore.Hosting.Diagnostics | Request starting HTTP/1.1 GET http://localhost:5217/uploads/org-logos/org-logo-6fcb4a5d7f2e442f800ddd9bde90c680.jpg - null null
2026-04-02 13:36:27.017 [INF] Microsoft.AspNetCore.Cors.Infrastructure.CorsService | CORS policy execution successful.
2026-04-02 13:36:27.018 [INF] Microsoft.AspNetCore.StaticFiles.StaticFileMiddleware | The file /uploads/org-logos/org-logo-f3e5c29a5727487a9d6c2a5527e8919d.png was not modified
2026-04-02 13:36:27.018 [INF] Microsoft.AspNetCore.Hosting.Diagnostics | Request finished HTTP/1.1 GET http://localhost:5217/uploads/org-logos/org-logo-f3e5c29a5727487a9d6c2a5527e8919d.png - 304 null image/png 8.5658ms
2026-04-02 13:36:27.019 [INF] Microsoft.AspNetCore.StaticFiles.StaticFileMiddleware | The file /uploads/org-logos/org-logo-6fcb4a5d7f2e442f800ddd9bde90c680.jpg was not modified
2026-04-02 13:36:27.019 [INF] Microsoft.AspNetCore.Hosting.Diagnostics | Request finished HTTP/1.1 GET http://localhost:5217/uploads/org-logos/org-logo-6fcb4a5d7f2e442f800ddd9bde90c680.jpg - 304 null image/jpeg 2.8115ms
2026-04-02 13:36:27.087 [INF] Microsoft.AspNetCore.Mvc.Infrastructure.ObjectResultExecutor | Executing OkObjectResult, writing value of type 'System.Collections.Generic.List`1[[backend.Models.EmpOT, backend, Version=1.0.0.0, Culture=neutral, PublicKeyToken=null]]'.
2026-04-02 13:36:27.104 [INF] Microsoft.AspNetCore.Mvc.Infrastructure.ControllerActionInvoker | Executed action backend.Controllers.EmpOTController.GetOTByOrgId (backend) in 95.6879ms
2026-04-02 13:36:27.104 [INF] Microsoft.AspNetCore.Routing.EndpointMiddleware | Executed endpoint 'backend.Controllers.EmpOTController.GetOTByOrgId (backend)'
2026-04-02 13:36:27.104 [INF] Serilog.AspNetCore.RequestLoggingMiddleware | HTTP GET /api/EmpOT/GetOTByOrgId → 200 (109.5ms)
2026-04-02 13:36:27.104 [INF] Microsoft.AspNetCore.Hosting.Diagnostics | Request finished HTTP/1.1 GET http://localhost:5217/api/EmpOT/GetOTByOrgId?orgId=2 - 200 null application/json; charset=utf-8 111.2064ms
2026-04-02 13:36:27.314 [INF] Microsoft.AspNetCore.Hosting.Diagnostics | Request starting HTTP/1.1 GET http://localhost:5217/uploads/employee-photos/emp-22.png - null null
2026-04-02 13:36:27.315 [INF] Microsoft.AspNetCore.Cors.Infrastructure.CorsService | CORS policy execution successful.
2026-04-02 13:36:27.315 [INF] Microsoft.AspNetCore.StaticFiles.StaticFileMiddleware | The file /uploads/employee-photos/emp-22.png was not modified
2026-04-02 13:36:27.315 [INF] Microsoft.AspNetCore.Hosting.Diagnostics | Request finished HTTP/1.1 GET http://localhost:5217/uploads/employee-photos/emp-22.png - 304 null image/png 0.9507ms
2026-04-02 13:36:27.332 [INF] Microsoft.AspNetCore.Hosting.Diagnostics | Request starting HTTP/1.1 OPTIONS http://localhost:5217/hubs/empot/negotiate?negotiateVersion=1 - null null
2026-04-02 13:36:27.333 [INF] Microsoft.AspNetCore.Cors.Infrastructure.CorsService | CORS policy execution successful.
2026-04-02 13:36:27.333 [INF] Microsoft.AspNetCore.Hosting.Diagnostics | Request finished HTTP/1.1 OPTIONS http://localhost:5217/hubs/empot/negotiate?negotiateVersion=1 - 204 null null 1.2177ms
2026-04-02 13:36:27.335 [INF] Microsoft.AspNetCore.Hosting.Diagnostics | Request starting HTTP/1.1 POST http://localhost:5217/hubs/empot/negotiate?negotiateVersion=1 - text/plain;charset=UTF-8 0
2026-04-02 13:36:27.337 [INF] Microsoft.AspNetCore.Cors.Infrastructure.CorsService | CORS policy execution successful.
2026-04-02 13:36:27.337 [INF] Microsoft.AspNetCore.Routing.EndpointMiddleware | Executing endpoint '/hubs/empot/negotiate'
2026-04-02 13:36:27.349 [INF] Microsoft.AspNetCore.Routing.EndpointMiddleware | Executed endpoint '/hubs/empot/negotiate'
2026-04-02 13:36:27.349 [INF] Serilog.AspNetCore.RequestLoggingMiddleware | HTTP POST /hubs/empot/negotiate → 200 (12.1ms)
2026-04-02 13:36:27.349 [INF] Microsoft.AspNetCore.Hosting.Diagnostics | Request finished HTTP/1.1 POST http://localhost:5217/hubs/empot/negotiate?negotiateVersion=1 - 200 316 application/json 14.4651ms
2026-04-02 13:36:27.361 [INF] Microsoft.AspNetCore.Hosting.Diagnostics | Request starting HTTP/1.1 GET http://localhost:5217/hubs/empot?id=W0VAZguXxO93v4J0dpz8gA&access_token=eyJhbGciOiJIUzI1NiIsInR5cCI6IkpXVCJ9.eyJuYW1laWQiOiIxOCIsInVuaXF1ZV9uYW1lIjoidmFzYW50aGFrdW1hciIsImVtYWlsIjoidmFzYW50aDIwMDR2a0BnbWFpbC5jb20iLCJyb2xlIjoiU3VwZXJBZG1pbiIsIk9yZ2FuaXphdGlvbklkIjoiMiIsIk9yZ2FuaXphdGlvbkxvZ28iOiIvdXBsb2Fkcy9vcmctbG9nb3Mvb3JnLWxvZ28tNTg3M2M0NzVkOTFkNGJiZDkwNDZkZWVjNjY3ZDEzNmMuanBnIiwibmJmIjoxNzc1MTE3MTc2LCJleHAiOjE3NzUyMDM1NzYsImlhdCI6MTc3NTExNzE3NiwiaXNzIjoiUHJvRGVzWC1CYWNrZW5kIiwiYXVkIjoiUHJvRGVzWC1Gcm9udGVuZCJ9.OIKTD_nZcQw0COuI_kw4X9yRK-VvjkGfATxO7r8juv4 - null null
2026-04-02 13:36:27.361 [INF] Microsoft.AspNetCore.Cors.Infrastructure.CorsService | CORS policy execution successful.
2026-04-02 13:36:27.362 [INF] Microsoft.AspNetCore.Routing.EndpointMiddleware | Executing endpoint '/hubs/empot'
2026-04-02 13:36:34.997 [INF] Microsoft.AspNetCore.Hosting.Diagnostics | Request starting HTTP/1.1 GET http://localhost:5217/uploads/employee-photos/emp-28.jpg - null null
2026-04-02 13:36:34.997 [INF] Microsoft.AspNetCore.Hosting.Diagnostics | Request starting HTTP/1.1 GET http://localhost:5217/uploads/employee-photos/emp-23.png - null null
2026-04-02 13:36:34.998 [INF] Microsoft.AspNetCore.Cors.Infrastructure.CorsService | CORS policy execution successful.
2026-04-02 13:36:34.998 [INF] Microsoft.AspNetCore.Cors.Infrastructure.CorsService | CORS policy execution successful.
2026-04-02 13:36:35.000 [INF] Serilog.AspNetCore.RequestLoggingMiddleware | HTTP GET /uploads/employee-photos/emp-28.jpg → 404 (0.1ms)
2026-04-02 13:36:35.001 [INF] Microsoft.AspNetCore.Hosting.Diagnostics | Request finished HTTP/1.1 GET http://localhost:5217/uploads/employee-photos/emp-28.jpg - 404 0 null 3.6235ms
2026-04-02 13:36:35.002 [INF] Microsoft.AspNetCore.Hosting.Diagnostics | Request reached the end of the middleware pipeline without being handled by application code. Request path: GET http://localhost:5217/uploads/employee-photos/emp-28.jpg, Response status code: 404
2026-04-02 13:36:35.013 [INF] Microsoft.AspNetCore.StaticFiles.StaticFileMiddleware | Sending file. Request path: '/uploads/employee-photos/emp-23.png'. Physical path: 'C:\Repos_Work\Prodesx_HRM_Mobile_Application\backend\wwwroot\uploads\employee-photos\emp-23.png'
2026-04-02 13:36:35.013 [INF] Microsoft.AspNetCore.Hosting.Diagnostics | Request finished HTTP/1.1 GET http://localhost:5217/uploads/employee-photos/emp-23.png - 200 9572 image/png 16.0184ms
2026-04-02 13:40:32.699 [INF] Microsoft.AspNetCore.Hosting.Diagnostics | Request starting HTTP/1.1 OPTIONS http://localhost:5217/api/auth/login - null null
2026-04-02 13:40:32.701 [INF] Microsoft.AspNetCore.Cors.Infrastructure.CorsService | CORS policy execution successful.
2026-04-02 13:40:32.702 [INF] Microsoft.AspNetCore.Hosting.Diagnostics | Request finished HTTP/1.1 OPTIONS http://localhost:5217/api/auth/login - 204 null null 2.5561ms
2026-04-02 13:40:32.703 [INF] Microsoft.AspNetCore.Hosting.Diagnostics | Request starting HTTP/1.1 POST http://localhost:5217/api/auth/login - application/json 62
2026-04-02 13:40:32.703 [INF] Microsoft.AspNetCore.Cors.Infrastructure.CorsService | CORS policy execution successful.
2026-04-02 13:40:32.705 [INF] Microsoft.AspNetCore.Routing.EndpointMiddleware | Executing endpoint 'backend.Controllers.AuthController.Login (backend)'
2026-04-02 13:40:32.707 [INF] Microsoft.AspNetCore.Mvc.Infrastructure.ControllerActionInvoker | Route matched with {action = "Login", controller = "Auth"}. Executing controller action with signature System.Threading.Tasks.Task`1[Microsoft.AspNetCore.Mvc.IActionResult] Login(backend.Models.LoginRequest) on controller backend.Controllers.AuthController (backend).
2026-04-02 13:40:32.716 [INF] backend.Controllers.AuthController | [Auth] Login attempt | Email=vasanth2004vk@gmail.com
2026-04-02 13:40:33.079 [INF] backend.Controllers.AuthController | [Auth] User login session recorded | UserId=18 | TokenExpiry="2026-04-03T08:10:33.0546324Z"
2026-04-02 13:40:33.080 [INF] backend.Controllers.AuthController | [Auth] Login SUCCESS | Email=vasanth2004vk@gmail.com | EffectiveRole=SuperAdmin | OrgId=2
2026-04-02 13:40:33.081 [INF] Microsoft.AspNetCore.Mvc.Infrastructure.ObjectResultExecutor | Executing OkObjectResult, writing value of type '<>f__AnonymousType16`2[[System.String, System.Private.CoreLib, Version=10.0.0.0, Culture=neutral, PublicKeyToken=7cec85d7bea7798e],[<>f__AnonymousType17`6[[System.Int32, System.Private.CoreLib, Version=10.0.0.0, Culture=neutral, PublicKeyToken=7cec85d7bea7798e],[System.String, System.Private.CoreLib, Version=10.0.0.0, Culture=neutral, PublicKeyToken=7cec85d7bea7798e],[System.String, System.Private.CoreLib, Version=10.0.0.0, Culture=neutral, PublicKeyToken=7cec85d7bea7798e],[System.String, System.Private.CoreLib, Version=10.0.0.0, Culture=neutral, PublicKeyToken=7cec85d7bea7798e],[System.Nullable`1[[System.Int32, System.Private.CoreLib, Version=10.0.0.0, Culture=neutral, PublicKeyToken=7cec85d7bea7798e]], System.Private.CoreLib, Version=10.0.0.0, Culture=neutral, PublicKeyToken=7cec85d7bea7798e],[System.String, System.Private.CoreLib, Version=10.0.0.0, Culture=neutral, PublicKeyToken=7cec85d7bea7798e]], backend, Version=1.0.0.0, Culture=neutral, PublicKeyToken=null]]'.
2026-04-02 13:40:33.081 [INF] Microsoft.AspNetCore.Mvc.Infrastructure.ControllerActionInvoker | Executed action backend.Controllers.AuthController.Login (backend) in 374.3594ms
2026-04-02 13:40:33.081 [INF] Microsoft.AspNetCore.Routing.EndpointMiddleware | Executed endpoint 'backend.Controllers.AuthController.Login (backend)'
2026-04-02 13:40:33.081 [INF] Serilog.AspNetCore.RequestLoggingMiddleware | HTTP POST /api/auth/login → 200 (376.3ms)
2026-04-02 13:40:33.081 [INF] Microsoft.AspNetCore.Hosting.Diagnostics | Request finished HTTP/1.1 POST http://localhost:5217/api/auth/login - 200 null application/json; charset=utf-8 378.5647ms
2026-04-02 13:40:33.105 [INF] Microsoft.AspNetCore.Hosting.Diagnostics | Request starting HTTP/1.1 OPTIONS http://localhost:5217/api/users/organizations - null null
2026-04-02 13:40:33.105 [INF] Microsoft.AspNetCore.Cors.Infrastructure.CorsService | CORS policy execution successful.
2026-04-02 13:40:33.105 [INF] Microsoft.AspNetCore.Hosting.Diagnostics | Request finished HTTP/1.1 OPTIONS http://localhost:5217/api/users/organizations - 204 null null 0.3422ms
2026-04-02 13:40:33.106 [INF] Microsoft.AspNetCore.Hosting.Diagnostics | Request starting HTTP/1.1 GET http://localhost:5217/api/users/organizations - null null
2026-04-02 13:40:33.107 [INF] Microsoft.AspNetCore.Cors.Infrastructure.CorsService | CORS policy execution successful.
2026-04-02 13:40:33.109 [INF] Microsoft.AspNetCore.Routing.EndpointMiddleware | Executing endpoint 'backend.Controllers.UsersController.GetOrganizations (backend)'
2026-04-02 13:40:33.109 [INF] Microsoft.AspNetCore.Mvc.Infrastructure.ControllerActionInvoker | Route matched with {action = "GetOrganizations", controller = "Users"}. Executing controller action with signature System.Threading.Tasks.Task`1[Microsoft.AspNetCore.Mvc.IActionResult] GetOrganizations() on controller backend.Controllers.UsersController (backend).
2026-04-02 13:40:33.110 [INF] backend.Controllers.UsersController | [Users] GET organizations | Role=SuperAdmin | UserId=18
2026-04-02 13:40:33.121 [INF] Microsoft.AspNetCore.Mvc.Infrastructure.ObjectResultExecutor | Executing OkObjectResult, writing value of type 'System.Collections.Generic.List`1[[backend.Models.Organization, backend, Version=1.0.0.0, Culture=neutral, PublicKeyToken=null]]'.
2026-04-02 13:40:33.122 [INF] Microsoft.AspNetCore.Mvc.Infrastructure.ControllerActionInvoker | Executed action backend.Controllers.UsersController.GetOrganizations (backend) in 12.1887ms
2026-04-02 13:40:33.122 [INF] Microsoft.AspNetCore.Routing.EndpointMiddleware | Executed endpoint 'backend.Controllers.UsersController.GetOrganizations (backend)'
2026-04-02 13:40:33.122 [INF] Serilog.AspNetCore.RequestLoggingMiddleware | HTTP GET /api/users/organizations → 200 (12.6ms)
2026-04-02 13:40:33.122 [INF] Microsoft.AspNetCore.Hosting.Diagnostics | Request finished HTTP/1.1 GET http://localhost:5217/api/users/organizations - 200 null application/json; charset=utf-8 15.53ms
2026-04-02 13:40:33.810 [INF] Microsoft.AspNetCore.Hosting.Diagnostics | Request starting HTTP/1.1 OPTIONS http://localhost:5217/api/organizations - null null
2026-04-02 13:40:33.810 [INF] Microsoft.AspNetCore.Cors.Infrastructure.CorsService | CORS policy execution successful.
2026-04-02 13:40:33.810 [INF] Microsoft.AspNetCore.Hosting.Diagnostics | Request finished HTTP/1.1 OPTIONS http://localhost:5217/api/organizations - 204 null null 0.5395ms
2026-04-02 13:40:33.813 [INF] Microsoft.AspNetCore.Hosting.Diagnostics | Request starting HTTP/1.1 GET http://localhost:5217/api/organizations - application/json null
2026-04-02 13:40:33.813 [INF] Microsoft.AspNetCore.Cors.Infrastructure.CorsService | CORS policy execution successful.
2026-04-02 13:40:33.814 [INF] Microsoft.AspNetCore.Routing.EndpointMiddleware | Executing endpoint 'backend.Controllers.OrganizationsController.GetOrganizations (backend)'
2026-04-02 13:40:33.814 [INF] Microsoft.AspNetCore.Mvc.Infrastructure.ControllerActionInvoker | Route matched with {action = "GetOrganizations", controller = "Organizations"}. Executing controller action with signature System.Threading.Tasks.Task`1[Microsoft.AspNetCore.Mvc.IActionResult] GetOrganizations() on controller backend.Controllers.OrganizationsController (backend).
2026-04-02 13:40:33.814 [INF] backend.Controllers.OrganizationsController | [Orgs] GET all requested | Role=SuperAdmin | UserId=18
2026-04-02 13:40:33.828 [INF] Microsoft.AspNetCore.Mvc.Infrastructure.ObjectResultExecutor | Executing OkObjectResult, writing value of type 'System.Collections.Generic.List`1[[backend.Models.Organization, backend, Version=1.0.0.0, Culture=neutral, PublicKeyToken=null]]'.
2026-04-02 13:40:33.828 [INF] Microsoft.AspNetCore.Mvc.Infrastructure.ControllerActionInvoker | Executed action backend.Controllers.OrganizationsController.GetOrganizations (backend) in 14.1771ms
2026-04-02 13:40:33.828 [INF] Microsoft.AspNetCore.Routing.EndpointMiddleware | Executed endpoint 'backend.Controllers.OrganizationsController.GetOrganizations (backend)'
2026-04-02 13:40:33.828 [INF] Serilog.AspNetCore.RequestLoggingMiddleware | HTTP GET /api/organizations → 200 (14.7ms)
2026-04-02 13:40:33.828 [INF] Microsoft.AspNetCore.Hosting.Diagnostics | Request finished HTTP/1.1 GET http://localhost:5217/api/organizations - 200 null application/json; charset=utf-8 15.3903ms
2026-04-02 13:40:33.880 [INF] Microsoft.AspNetCore.Hosting.Diagnostics | Request starting HTTP/1.1 OPTIONS http://localhost:5217/api/leads - null null
2026-04-02 13:40:33.880 [INF] Microsoft.AspNetCore.Cors.Infrastructure.CorsService | CORS policy execution successful.
2026-04-02 13:40:33.880 [INF] Microsoft.AspNetCore.Hosting.Diagnostics | Request finished HTTP/1.1 OPTIONS http://localhost:5217/api/leads - 204 null null 0.258ms
2026-04-02 13:40:33.881 [INF] Microsoft.AspNetCore.Hosting.Diagnostics | Request starting HTTP/1.1 GET http://localhost:5217/api/leads - application/json null
2026-04-02 13:40:33.882 [INF] Microsoft.AspNetCore.Cors.Infrastructure.CorsService | CORS policy execution successful.
2026-04-02 13:40:33.882 [INF] Microsoft.AspNetCore.Routing.EndpointMiddleware | Executing endpoint 'backend.Controllers.LeadsController.GetLeads (backend)'
2026-04-02 13:40:33.882 [INF] Microsoft.AspNetCore.Mvc.Infrastructure.ControllerActionInvoker | Route matched with {action = "GetLeads", controller = "Leads"}. Executing controller action with signature System.Threading.Tasks.Task`1[System.Collections.Generic.IEnumerable`1[backend.Models.Lead]] GetLeads() on controller backend.Controllers.LeadsController (backend).
2026-04-02 13:40:33.899 [INF] Microsoft.AspNetCore.Mvc.Infrastructure.ObjectResultExecutor | Executing ObjectResult, writing value of type 'System.Collections.Generic.List`1[[backend.Models.Lead, backend, Version=1.0.0.0, Culture=neutral, PublicKeyToken=null]]'.
2026-04-02 13:40:33.900 [INF] Microsoft.AspNetCore.Mvc.Infrastructure.ControllerActionInvoker | Executed action backend.Controllers.LeadsController.GetLeads (backend) in 17.3463ms
2026-04-02 13:40:33.900 [INF] Microsoft.AspNetCore.Routing.EndpointMiddleware | Executed endpoint 'backend.Controllers.LeadsController.GetLeads (backend)'
2026-04-02 13:40:33.900 [INF] Serilog.AspNetCore.RequestLoggingMiddleware | HTTP GET /api/leads → 200 (17.7ms)
2026-04-02 13:40:33.900 [INF] Microsoft.AspNetCore.Hosting.Diagnostics | Request finished HTTP/1.1 GET http://localhost:5217/api/leads - 200 null application/json; charset=utf-8 18.4964ms
2026-04-02 13:40:33.921 [INF] Microsoft.AspNetCore.Hosting.Diagnostics | Request starting HTTP/1.1 OPTIONS http://localhost:5217/api/employees?organizationId=2 - null null
2026-04-02 13:40:33.921 [INF] Microsoft.AspNetCore.Cors.Infrastructure.CorsService | CORS policy execution successful.
2026-04-02 13:40:33.921 [INF] Microsoft.AspNetCore.Hosting.Diagnostics | Request finished HTTP/1.1 OPTIONS http://localhost:5217/api/employees?organizationId=2 - 204 null null 0.3708ms
2026-04-02 13:40:33.923 [INF] Microsoft.AspNetCore.Hosting.Diagnostics | Request starting HTTP/1.1 GET http://localhost:5217/api/employees?organizationId=2 - application/json null
2026-04-02 13:40:33.923 [INF] Microsoft.AspNetCore.Cors.Infrastructure.CorsService | CORS policy execution successful.
2026-04-02 13:40:33.923 [INF] Microsoft.AspNetCore.Routing.EndpointMiddleware | Executing endpoint 'backend.Controllers.EmployeesController.GetEmployees (backend)'
2026-04-02 13:40:33.923 [INF] Microsoft.AspNetCore.Mvc.Infrastructure.ControllerActionInvoker | Route matched with {action = "GetEmployees", controller = "Employees"}. Executing controller action with signature System.Threading.Tasks.Task`1[Microsoft.AspNetCore.Mvc.IActionResult] GetEmployees(System.Nullable`1[System.Int32]) on controller backend.Controllers.EmployeesController (backend).
2026-04-02 13:40:33.925 [INF] backend.Controllers.EmployeesController | [Employees] GET all | TargetOrgId=2 | UserOrgId=2
2026-04-02 13:40:33.944 [INF] Microsoft.AspNetCore.Mvc.Infrastructure.ObjectResultExecutor | Executing OkObjectResult, writing value of type 'System.Collections.Generic.List`1[[backend.Models.Employee, backend, Version=1.0.0.0, Culture=neutral, PublicKeyToken=null]]'.
2026-04-02 13:40:33.944 [INF] Microsoft.AspNetCore.Mvc.Infrastructure.ControllerActionInvoker | Executed action backend.Controllers.EmployeesController.GetEmployees (backend) in 20.5755ms
2026-04-02 13:40:33.944 [INF] Microsoft.AspNetCore.Routing.EndpointMiddleware | Executed endpoint 'backend.Controllers.EmployeesController.GetEmployees (backend)'
2026-04-02 13:40:33.944 [INF] Serilog.AspNetCore.RequestLoggingMiddleware | HTTP GET /api/employees → 200 (20.9ms)
2026-04-02 13:40:33.944 [INF] Microsoft.AspNetCore.Hosting.Diagnostics | Request finished HTTP/1.1 GET http://localhost:5217/api/employees?organizationId=2 - 200 null application/json; charset=utf-8 21.6035ms
2026-04-02 13:40:34.005 [INF] Microsoft.AspNetCore.Hosting.Diagnostics | Request starting HTTP/1.1 OPTIONS http://localhost:5217/api/ShiftAssignments/roster?start=2026-04-02&end=2026-04-09&orgId=2 - null null
2026-04-02 13:40:34.005 [INF] Microsoft.AspNetCore.Cors.Infrastructure.CorsService | CORS policy execution successful.
2026-04-02 13:40:34.005 [INF] Microsoft.AspNetCore.Hosting.Diagnostics | Request finished HTTP/1.1 OPTIONS http://localhost:5217/api/ShiftAssignments/roster?start=2026-04-02&end=2026-04-09&orgId=2 - 204 null null 0.2288ms
2026-04-02 13:40:34.006 [INF] Microsoft.AspNetCore.Hosting.Diagnostics | Request starting HTTP/1.1 GET http://localhost:5217/api/ShiftAssignments/roster?start=2026-04-02&end=2026-04-09&orgId=2 - application/json null
2026-04-02 13:40:34.006 [INF] Microsoft.AspNetCore.Cors.Infrastructure.CorsService | CORS policy execution successful.
2026-04-02 13:40:34.007 [INF] Microsoft.AspNetCore.Routing.EndpointMiddleware | Executing endpoint 'backend.Controllers.ShiftAssignmentsController.GetMonthlyRosterFixed (backend)'
2026-04-02 13:40:34.007 [INF] Microsoft.AspNetCore.Mvc.Infrastructure.ControllerActionInvoker | Route matched with {action = "GetMonthlyRosterFixed", controller = "ShiftAssignments"}. Executing controller action with signature System.Threading.Tasks.Task`1[Microsoft.AspNetCore.Mvc.IActionResult] GetMonthlyRosterFixed(System.String, System.String, System.Nullable`1[System.Int32]) on controller backend.Controllers.ShiftAssignmentsController (backend).
2026-04-02 13:40:34.019 [INF] Microsoft.AspNetCore.Mvc.Infrastructure.ObjectResultExecutor | Executing OkObjectResult, writing value of type 'System.Collections.Generic.List`1[[backend.Models.EmployeeSchedule, backend, Version=1.0.0.0, Culture=neutral, PublicKeyToken=null]]'.
2026-04-02 13:40:34.021 [INF] Microsoft.AspNetCore.Mvc.Infrastructure.ControllerActionInvoker | Executed action backend.Controllers.ShiftAssignmentsController.GetMonthlyRosterFixed (backend) in 14.4271ms
2026-04-02 13:40:34.021 [INF] Microsoft.AspNetCore.Routing.EndpointMiddleware | Executed endpoint 'backend.Controllers.ShiftAssignmentsController.GetMonthlyRosterFixed (backend)'
2026-04-02 13:40:34.021 [INF] Serilog.AspNetCore.RequestLoggingMiddleware | HTTP GET /api/ShiftAssignments/roster → 200 (14.7ms)
2026-04-02 13:40:34.021 [INF] Microsoft.AspNetCore.Hosting.Diagnostics | Request finished HTTP/1.1 GET http://localhost:5217/api/ShiftAssignments/roster?start=2026-04-02&end=2026-04-09&orgId=2 - 200 null application/json; charset=utf-8 15.3521ms
2026-04-02 13:40:34.041 [INF] Microsoft.AspNetCore.Hosting.Diagnostics | Request starting HTTP/1.1 OPTIONS http://localhost:5217/api/Attendance/status?employeeId=31&orgId=2 - null null
2026-04-02 13:40:34.041 [INF] Microsoft.AspNetCore.Cors.Infrastructure.CorsService | CORS policy execution successful.
2026-04-02 13:40:34.041 [INF] Microsoft.AspNetCore.Hosting.Diagnostics | Request finished HTTP/1.1 OPTIONS http://localhost:5217/api/Attendance/status?employeeId=31&orgId=2 - 204 null null 0.1876ms
2026-04-02 13:40:34.042 [INF] Microsoft.AspNetCore.Hosting.Diagnostics | Request starting HTTP/1.1 GET http://localhost:5217/api/Attendance/status?employeeId=31&orgId=2 - application/json null
2026-04-02 13:40:34.042 [INF] Microsoft.AspNetCore.Cors.Infrastructure.CorsService | CORS policy execution successful.
2026-04-02 13:40:34.043 [INF] Microsoft.AspNetCore.Routing.EndpointMiddleware | Executing endpoint 'backend.Controllers.AttendanceController.GetStatus (backend)'
2026-04-02 13:40:34.043 [INF] Microsoft.AspNetCore.Mvc.Infrastructure.ControllerActionInvoker | Route matched with {action = "GetStatus", controller = "Attendance"}. Executing controller action with signature System.Threading.Tasks.Task`1[Microsoft.AspNetCore.Mvc.IActionResult] GetStatus(Int32, Int32) on controller backend.Controllers.AttendanceController (backend).
2026-04-02 13:40:34.061 [ERR] backend.Controllers.AttendanceController | Error getting attendance status
Microsoft.Data.SqlClient.SqlException (0x80131904): Invalid column name 'FN'.
Invalid column name 'AN'.
   at System.Threading.Tasks.ContinuationResultTaskFromResultTask`2.InnerInvoke()
   at System.Threading.ExecutionContext.RunInternal(ExecutionContext executionContext, ContextCallback callback, Object state)
--- End of stack trace from previous location ---
   at System.Threading.ExecutionContext.RunInternal(ExecutionContext executionContext, ContextCallback callback, Object state)
   at System.Threading.Tasks.Task.ExecuteWithThreadLocal(Task& currentTaskSlot, Thread threadPoolThread)
--- End of stack trace from previous location ---
   at Dapper.SqlMapper.QueryRowAsync[T](IDbConnection cnn, Row row, Type effectiveType, CommandDefinition command) in /_/Dapper/SqlMapper.Async.cs:line 489
   at backend.Controllers.AttendanceController.GetStatus(Int32 employeeId, Int32 orgId) in C:\Repos_Work\Prodesx_HRM_Mobile_Application\backend\Controllers\AttendanceController.cs:line 235
ClientConnectionId:5759b811-d77e-4201-8062-366372b24fcf
Error Number:207,State:1,Class:16
2026-04-02 13:40:34.071 [INF] Microsoft.AspNetCore.Mvc.Infrastructure.ObjectResultExecutor | Executing ObjectResult, writing value of type 'System.String'.
2026-04-02 13:40:34.072 [INF] Microsoft.AspNetCore.Mvc.Infrastructure.ControllerActionInvoker | Executed action backend.Controllers.AttendanceController.GetStatus (backend) in 28.7408ms
2026-04-02 13:40:34.072 [INF] Microsoft.AspNetCore.Routing.EndpointMiddleware | Executed endpoint 'backend.Controllers.AttendanceController.GetStatus (backend)'
2026-04-02 13:40:34.072 [ERR] Serilog.AspNetCore.RequestLoggingMiddleware | HTTP GET /api/Attendance/status → 500 (29.0ms)
2026-04-02 13:40:34.072 [INF] Microsoft.AspNetCore.Hosting.Diagnostics | Request finished HTTP/1.1 GET http://localhost:5217/api/Attendance/status?employeeId=31&orgId=2 - 500 null text/plain; charset=utf-8 30.0486ms
2026-04-02 13:40:45.819 [INF] Microsoft.AspNetCore.Hosting.Diagnostics | Request starting HTTP/1.1 OPTIONS http://localhost:5217/api/users/organizations - null null
2026-04-02 13:40:45.819 [INF] Microsoft.AspNetCore.Cors.Infrastructure.CorsService | CORS policy execution successful.
2026-04-02 13:40:45.820 [INF] Microsoft.AspNetCore.Hosting.Diagnostics | Request finished HTTP/1.1 OPTIONS http://localhost:5217/api/users/organizations - 204 null null 0.2341ms
2026-04-02 13:40:45.821 [INF] Microsoft.AspNetCore.Hosting.Diagnostics | Request starting HTTP/1.1 GET http://localhost:5217/api/users/organizations - null null
2026-04-02 13:40:45.821 [INF] Microsoft.AspNetCore.Cors.Infrastructure.CorsService | CORS policy execution successful.
2026-04-02 13:40:45.822 [INF] Microsoft.AspNetCore.Routing.EndpointMiddleware | Executing endpoint 'backend.Controllers.UsersController.GetOrganizations (backend)'
2026-04-02 13:40:45.822 [INF] Microsoft.AspNetCore.Mvc.Infrastructure.ControllerActionInvoker | Route matched with {action = "GetOrganizations", controller = "Users"}. Executing controller action with signature System.Threading.Tasks.Task`1[Microsoft.AspNetCore.Mvc.IActionResult] GetOrganizations() on controller backend.Controllers.UsersController (backend).
2026-04-02 13:40:45.823 [INF] backend.Controllers.UsersController | [Users] GET organizations | Role=SuperAdmin | UserId=18
2026-04-02 13:40:45.836 [INF] Microsoft.AspNetCore.Mvc.Infrastructure.ObjectResultExecutor | Executing OkObjectResult, writing value of type 'System.Collections.Generic.List`1[[backend.Models.Organization, backend, Version=1.0.0.0, Culture=neutral, PublicKeyToken=null]]'.
2026-04-02 13:40:45.837 [INF] Microsoft.AspNetCore.Mvc.Infrastructure.ControllerActionInvoker | Executed action backend.Controllers.UsersController.GetOrganizations (backend) in 14.7209ms
2026-04-02 13:40:45.837 [INF] Microsoft.AspNetCore.Routing.EndpointMiddleware | Executed endpoint 'backend.Controllers.UsersController.GetOrganizations (backend)'
2026-04-02 13:40:45.837 [INF] Serilog.AspNetCore.RequestLoggingMiddleware | HTTP GET /api/users/organizations → 200 (15.5ms)
2026-04-02 13:40:45.837 [INF] Microsoft.AspNetCore.Hosting.Diagnostics | Request finished HTTP/1.1 GET http://localhost:5217/api/users/organizations - 200 null application/json; charset=utf-8 16.808ms
2026-04-02 13:40:45.881 [INF] Microsoft.AspNetCore.Hosting.Diagnostics | Request starting HTTP/1.1 OPTIONS http://localhost:5217/api/employees?organizationId=2 - null null
2026-04-02 13:40:45.881 [INF] Microsoft.AspNetCore.Cors.Infrastructure.CorsService | CORS policy execution successful.
2026-04-02 13:40:45.881 [INF] Microsoft.AspNetCore.Hosting.Diagnostics | Request finished HTTP/1.1 OPTIONS http://localhost:5217/api/employees?organizationId=2 - 204 null null 0.2011ms
2026-04-02 13:40:45.883 [INF] Microsoft.AspNetCore.Hosting.Diagnostics | Request starting HTTP/1.1 GET http://localhost:5217/api/employees?organizationId=2 - application/json null
2026-04-02 13:40:45.883 [INF] Microsoft.AspNetCore.Cors.Infrastructure.CorsService | CORS policy execution successful.
2026-04-02 13:40:45.883 [INF] Microsoft.AspNetCore.Routing.EndpointMiddleware | Executing endpoint 'backend.Controllers.EmployeesController.GetEmployees (backend)'
2026-04-02 13:40:45.883 [INF] Microsoft.AspNetCore.Mvc.Infrastructure.ControllerActionInvoker | Route matched with {action = "GetEmployees", controller = "Employees"}. Executing controller action with signature System.Threading.Tasks.Task`1[Microsoft.AspNetCore.Mvc.IActionResult] GetEmployees(System.Nullable`1[System.Int32]) on controller backend.Controllers.EmployeesController (backend).
2026-04-02 13:40:45.884 [INF] backend.Controllers.EmployeesController | [Employees] GET all | TargetOrgId=2 | UserOrgId=2
2026-04-02 13:40:45.913 [INF] Microsoft.AspNetCore.Mvc.Infrastructure.ObjectResultExecutor | Executing OkObjectResult, writing value of type 'System.Collections.Generic.List`1[[backend.Models.Employee, backend, Version=1.0.0.0, Culture=neutral, PublicKeyToken=null]]'.
2026-04-02 13:40:45.914 [INF] Microsoft.AspNetCore.Mvc.Infrastructure.ControllerActionInvoker | Executed action backend.Controllers.EmployeesController.GetEmployees (backend) in 30.6082ms
2026-04-02 13:40:45.914 [INF] Microsoft.AspNetCore.Routing.EndpointMiddleware | Executed endpoint 'backend.Controllers.EmployeesController.GetEmployees (backend)'
2026-04-02 13:40:45.914 [INF] Serilog.AspNetCore.RequestLoggingMiddleware | HTTP GET /api/employees → 200 (30.9ms)
2026-04-02 13:40:45.914 [INF] Microsoft.AspNetCore.Hosting.Diagnostics | Request finished HTTP/1.1 GET http://localhost:5217/api/employees?organizationId=2 - 200 null application/json; charset=utf-8 31.5279ms
2026-04-02 13:40:54.439 [INF] Microsoft.AspNetCore.Hosting.Diagnostics | Request starting HTTP/1.1 OPTIONS http://localhost:5217/api/users/organizations - null null
2026-04-02 13:40:54.439 [INF] Microsoft.AspNetCore.Cors.Infrastructure.CorsService | CORS policy execution successful.
2026-04-02 13:40:54.439 [INF] Microsoft.AspNetCore.Hosting.Diagnostics | Request finished HTTP/1.1 OPTIONS http://localhost:5217/api/users/organizations - 204 null null 0.4006ms
2026-04-02 13:40:54.440 [INF] Microsoft.AspNetCore.Hosting.Diagnostics | Request starting HTTP/1.1 GET http://localhost:5217/api/users/organizations - null null
2026-04-02 13:40:54.440 [INF] Microsoft.AspNetCore.Cors.Infrastructure.CorsService | CORS policy execution successful.
2026-04-02 13:40:54.440 [INF] Microsoft.AspNetCore.Routing.EndpointMiddleware | Executing endpoint 'backend.Controllers.UsersController.GetOrganizations (backend)'
2026-04-02 13:40:54.440 [INF] Microsoft.AspNetCore.Mvc.Infrastructure.ControllerActionInvoker | Route matched with {action = "GetOrganizations", controller = "Users"}. Executing controller action with signature System.Threading.Tasks.Task`1[Microsoft.AspNetCore.Mvc.IActionResult] GetOrganizations() on controller backend.Controllers.UsersController (backend).
2026-04-02 13:40:54.441 [INF] backend.Controllers.UsersController | [Users] GET organizations | Role=SuperAdmin | UserId=18
2026-04-02 13:40:54.457 [INF] Microsoft.AspNetCore.Mvc.Infrastructure.ObjectResultExecutor | Executing OkObjectResult, writing value of type 'System.Collections.Generic.List`1[[backend.Models.Organization, backend, Version=1.0.0.0, Culture=neutral, PublicKeyToken=null]]'.
2026-04-02 13:40:54.458 [INF] Microsoft.AspNetCore.Mvc.Infrastructure.ControllerActionInvoker | Executed action backend.Controllers.UsersController.GetOrganizations (backend) in 17.0086ms
2026-04-02 13:40:54.458 [INF] Microsoft.AspNetCore.Routing.EndpointMiddleware | Executed endpoint 'backend.Controllers.UsersController.GetOrganizations (backend)'
2026-04-02 13:40:54.458 [INF] Serilog.AspNetCore.RequestLoggingMiddleware | HTTP GET /api/users/organizations → 200 (17.3ms)
2026-04-02 13:40:54.458 [INF] Microsoft.AspNetCore.Hosting.Diagnostics | Request finished HTTP/1.1 GET http://localhost:5217/api/users/organizations - 200 null application/json; charset=utf-8 17.7903ms
2026-04-02 13:40:54.565 [INF] Microsoft.AspNetCore.Hosting.Diagnostics | Request starting HTTP/1.1 GET http://localhost:5217/api/FaceAttendance/logs?organizationId=2 - null null
2026-04-02 13:40:54.566 [INF] Microsoft.AspNetCore.Cors.Infrastructure.CorsService | CORS policy execution successful.
2026-04-02 13:40:54.566 [INF] Microsoft.AspNetCore.Routing.EndpointMiddleware | Executing endpoint 'backend.Controllers.FaceAttendanceController.GetAttendanceLogs (backend)'
2026-04-02 13:40:54.591 [INF] Microsoft.AspNetCore.Mvc.Infrastructure.ControllerActionInvoker | Route matched with {action = "GetAttendanceLogs", controller = "FaceAttendance"}. Executing controller action with signature System.Threading.Tasks.Task`1[Microsoft.AspNetCore.Mvc.IActionResult] GetAttendanceLogs(Int32) on controller backend.Controllers.FaceAttendanceController (backend).
2026-04-02 13:40:54.613 [INF] Microsoft.AspNetCore.Mvc.Infrastructure.ObjectResultExecutor | Executing OkObjectResult, writing value of type 'System.Collections.Generic.List`1[[System.Object, System.Private.CoreLib, Version=10.0.0.0, Culture=neutral, PublicKeyToken=7cec85d7bea7798e]]'.
2026-04-02 13:40:54.642 [INF] Microsoft.AspNetCore.Mvc.Infrastructure.ControllerActionInvoker | Executed action backend.Controllers.FaceAttendanceController.GetAttendanceLogs (backend) in 51.2369ms
2026-04-02 13:40:54.642 [INF] Microsoft.AspNetCore.Routing.EndpointMiddleware | Executed endpoint 'backend.Controllers.FaceAttendanceController.GetAttendanceLogs (backend)'
2026-04-02 13:40:54.642 [INF] Serilog.AspNetCore.RequestLoggingMiddleware | HTTP GET /api/FaceAttendance/logs → 200 (76.0ms)
2026-04-02 13:40:54.642 [INF] Microsoft.AspNetCore.Hosting.Diagnostics | Request finished HTTP/1.1 GET http://localhost:5217/api/FaceAttendance/logs?organizationId=2 - 200 null application/json; charset=utf-8 76.9819ms
2026-04-02 13:41:13.317 [INF] Microsoft.AspNetCore.Hosting.Diagnostics | Request starting HTTP/1.1 OPTIONS http://localhost:5217/api/users/organizations - null null
2026-04-02 13:41:13.317 [INF] Microsoft.AspNetCore.Cors.Infrastructure.CorsService | CORS policy execution successful.
2026-04-02 13:41:13.318 [INF] Microsoft.AspNetCore.Hosting.Diagnostics | Request finished HTTP/1.1 OPTIONS http://localhost:5217/api/users/organizations - 204 null null 0.1984ms
2026-04-02 13:41:13.319 [INF] Microsoft.AspNetCore.Hosting.Diagnostics | Request starting HTTP/1.1 GET http://localhost:5217/api/users/organizations - null null
2026-04-02 13:41:13.319 [INF] Microsoft.AspNetCore.Cors.Infrastructure.CorsService | CORS policy execution successful.
2026-04-02 13:41:13.320 [INF] Microsoft.AspNetCore.Routing.EndpointMiddleware | Executing endpoint 'backend.Controllers.UsersController.GetOrganizations (backend)'
2026-04-02 13:41:13.320 [INF] Microsoft.AspNetCore.Mvc.Infrastructure.ControllerActionInvoker | Route matched with {action = "GetOrganizations", controller = "Users"}. Executing controller action with signature System.Threading.Tasks.Task`1[Microsoft.AspNetCore.Mvc.IActionResult] GetOrganizations() on controller backend.Controllers.UsersController (backend).
2026-04-02 13:41:13.320 [INF] backend.Controllers.UsersController | [Users] GET organizations | Role=SuperAdmin | UserId=18
2026-04-02 13:41:13.331 [INF] Microsoft.AspNetCore.Mvc.Infrastructure.ObjectResultExecutor | Executing OkObjectResult, writing value of type 'System.Collections.Generic.List`1[[backend.Models.Organization, backend, Version=1.0.0.0, Culture=neutral, PublicKeyToken=null]]'.
2026-04-02 13:41:13.331 [INF] Microsoft.AspNetCore.Mvc.Infrastructure.ControllerActionInvoker | Executed action backend.Controllers.UsersController.GetOrganizations (backend) in 11.5046ms
2026-04-02 13:41:13.331 [INF] Microsoft.AspNetCore.Routing.EndpointMiddleware | Executed endpoint 'backend.Controllers.UsersController.GetOrganizations (backend)'
2026-04-02 13:41:13.331 [INF] Serilog.AspNetCore.RequestLoggingMiddleware | HTTP GET /api/users/organizations → 200 (11.7ms)
2026-04-02 13:41:13.331 [INF] Microsoft.AspNetCore.Hosting.Diagnostics | Request finished HTTP/1.1 GET http://localhost:5217/api/users/organizations - 200 null application/json; charset=utf-8 12.47ms
2026-04-02 13:41:13.352 [INF] Microsoft.AspNetCore.Hosting.Diagnostics | Request starting HTTP/1.1 OPTIONS http://localhost:5217/api/designations?organizationId=2 - null null
2026-04-02 13:41:13.352 [INF] Microsoft.AspNetCore.Cors.Infrastructure.CorsService | CORS policy execution successful.
2026-04-02 13:41:13.352 [INF] Microsoft.AspNetCore.Hosting.Diagnostics | Request finished HTTP/1.1 OPTIONS http://localhost:5217/api/designations?organizationId=2 - 204 null null 0.1826ms
2026-04-02 13:41:13.353 [INF] Microsoft.AspNetCore.Hosting.Diagnostics | Request starting HTTP/1.1 GET http://localhost:5217/api/designations?organizationId=2 - application/json null
2026-04-02 13:41:13.353 [INF] Microsoft.AspNetCore.Cors.Infrastructure.CorsService | CORS policy execution successful.
2026-04-02 13:41:13.354 [INF] Microsoft.AspNetCore.Routing.EndpointMiddleware | Executing endpoint 'backend.Controllers.DesignationController.GetDesignations (backend)'
2026-04-02 13:41:13.363 [INF] Microsoft.AspNetCore.Mvc.Infrastructure.ControllerActionInvoker | Route matched with {action = "GetDesignations", controller = "Designation"}. Executing controller action with signature System.Threading.Tasks.Task`1[Microsoft.AspNetCore.Mvc.IActionResult] GetDesignations(System.Nullable`1[System.Int32]) on controller backend.Controllers.DesignationController (backend).
2026-04-02 13:41:13.400 [INF] backend.Controllers.DesignationController | Fetched 7 designations for OrgId 2
2026-04-02 13:41:13.400 [INF] Microsoft.AspNetCore.Mvc.Infrastructure.ObjectResultExecutor | Executing OkObjectResult, writing value of type 'System.Collections.Generic.List`1[[backend.Models.Designation, backend, Version=1.0.0.0, Culture=neutral, PublicKeyToken=null]]'.
2026-04-02 13:41:13.405 [INF] Microsoft.AspNetCore.Mvc.Infrastructure.ControllerActionInvoker | Executed action backend.Controllers.DesignationController.GetDesignations (backend) in 41.869ms
2026-04-02 13:41:13.405 [INF] Microsoft.AspNetCore.Routing.EndpointMiddleware | Executed endpoint 'backend.Controllers.DesignationController.GetDesignations (backend)'
2026-04-02 13:41:13.405 [INF] Serilog.AspNetCore.RequestLoggingMiddleware | HTTP GET /api/designations → 200 (51.7ms)
2026-04-02 13:41:13.406 [INF] Microsoft.AspNetCore.Hosting.Diagnostics | Request finished HTTP/1.1 GET http://localhost:5217/api/designations?organizationId=2 - 200 null application/json; charset=utf-8 52.4979ms
2026-04-02 13:41:54.174 [INF] Microsoft.AspNetCore.Hosting.Diagnostics | Request starting HTTP/1.1 OPTIONS http://localhost:5217/api/designations - null null
2026-04-02 13:41:54.175 [INF] Microsoft.AspNetCore.Cors.Infrastructure.CorsService | CORS policy execution successful.
2026-04-02 13:41:54.175 [INF] Microsoft.AspNetCore.Hosting.Diagnostics | Request finished HTTP/1.1 OPTIONS http://localhost:5217/api/designations - 204 null null 0.2305ms
2026-04-02 13:41:54.175 [INF] Microsoft.AspNetCore.Hosting.Diagnostics | Request starting HTTP/1.1 POST http://localhost:5217/api/designations - application/json 106
2026-04-02 13:41:54.176 [INF] Microsoft.AspNetCore.Cors.Infrastructure.CorsService | CORS policy execution successful.
2026-04-02 13:41:54.176 [INF] Microsoft.AspNetCore.Routing.EndpointMiddleware | Executing endpoint 'backend.Controllers.DesignationController.CreateDesignation (backend)'
2026-04-02 13:41:54.188 [INF] Microsoft.AspNetCore.Mvc.Infrastructure.ControllerActionInvoker | Route matched with {action = "CreateDesignation", controller = "Designation"}. Executing controller action with signature System.Threading.Tasks.Task`1[Microsoft.AspNetCore.Mvc.IActionResult] CreateDesignation(backend.Models.CreateDesignationRequest) on controller backend.Controllers.DesignationController (backend).
2026-04-02 13:41:54.227 [INF] Microsoft.AspNetCore.Mvc.Infrastructure.ObjectResultExecutor | Executing OkObjectResult, writing value of type '<>f__AnonymousType3`1[[System.String, System.Private.CoreLib, Version=10.0.0.0, Culture=neutral, PublicKeyToken=7cec85d7bea7798e]]'.
2026-04-02 13:41:54.229 [INF] Microsoft.AspNetCore.Mvc.Infrastructure.ControllerActionInvoker | Executed action backend.Controllers.DesignationController.CreateDesignation (backend) in 41.4473ms
2026-04-02 13:41:54.229 [INF] Microsoft.AspNetCore.Routing.EndpointMiddleware | Executed endpoint 'backend.Controllers.DesignationController.CreateDesignation (backend)'
2026-04-02 13:41:54.229 [INF] Serilog.AspNetCore.RequestLoggingMiddleware | HTTP POST /api/designations → 200 (53.4ms)
2026-04-02 13:41:54.230 [INF] Microsoft.AspNetCore.Hosting.Diagnostics | Request finished HTTP/1.1 POST http://localhost:5217/api/designations - 200 null application/json; charset=utf-8 54.0672ms
2026-04-02 13:41:54.253 [INF] Microsoft.AspNetCore.Hosting.Diagnostics | Request starting HTTP/1.1 OPTIONS http://localhost:5217/api/designations?organizationId=2 - null null
2026-04-02 13:41:54.253 [INF] Microsoft.AspNetCore.Cors.Infrastructure.CorsService | CORS policy execution successful.
2026-04-02 13:41:54.254 [INF] Microsoft.AspNetCore.Hosting.Diagnostics | Request finished HTTP/1.1 OPTIONS http://localhost:5217/api/designations?organizationId=2 - 204 null null 0.3202ms
2026-04-02 13:41:54.255 [INF] Microsoft.AspNetCore.Hosting.Diagnostics | Request starting HTTP/1.1 GET http://localhost:5217/api/designations?organizationId=2 - application/json null
2026-04-02 13:41:54.255 [INF] Microsoft.AspNetCore.Cors.Infrastructure.CorsService | CORS policy execution successful.
2026-04-02 13:41:54.255 [INF] Microsoft.AspNetCore.Routing.EndpointMiddleware | Executing endpoint 'backend.Controllers.DesignationController.GetDesignations (backend)'
2026-04-02 13:41:54.255 [INF] Microsoft.AspNetCore.Mvc.Infrastructure.ControllerActionInvoker | Route matched with {action = "GetDesignations", controller = "Designation"}. Executing controller action with signature System.Threading.Tasks.Task`1[Microsoft.AspNetCore.Mvc.IActionResult] GetDesignations(System.Nullable`1[System.Int32]) on controller backend.Controllers.DesignationController (backend).
2026-04-02 13:41:54.285 [INF] backend.Controllers.DesignationController | Fetched 8 designations for OrgId 2
2026-04-02 13:41:54.285 [INF] Microsoft.AspNetCore.Mvc.Infrastructure.ObjectResultExecutor | Executing OkObjectResult, writing value of type 'System.Collections.Generic.List`1[[backend.Models.Designation, backend, Version=1.0.0.0, Culture=neutral, PublicKeyToken=null]]'.
2026-04-02 13:41:54.285 [INF] Microsoft.AspNetCore.Mvc.Infrastructure.ControllerActionInvoker | Executed action backend.Controllers.DesignationController.GetDesignations (backend) in 29.9194ms
2026-04-02 13:41:54.285 [INF] Microsoft.AspNetCore.Routing.EndpointMiddleware | Executed endpoint 'backend.Controllers.DesignationController.GetDesignations (backend)'
2026-04-02 13:41:54.285 [INF] Serilog.AspNetCore.RequestLoggingMiddleware | HTTP GET /api/designations → 200 (30.1ms)
2026-04-02 13:41:54.285 [INF] Microsoft.AspNetCore.Hosting.Diagnostics | Request finished HTTP/1.1 GET http://localhost:5217/api/designations?organizationId=2 - 200 null application/json; charset=utf-8 30.5951ms
2026-04-02 13:42:07.001 [INF] Microsoft.AspNetCore.Hosting.Diagnostics | Request starting HTTP/1.1 OPTIONS http://localhost:5217/api/users/organizations - null null
2026-04-02 13:42:07.001 [INF] Microsoft.AspNetCore.Cors.Infrastructure.CorsService | CORS policy execution successful.
2026-04-02 13:42:07.001 [INF] Microsoft.AspNetCore.Hosting.Diagnostics | Request finished HTTP/1.1 OPTIONS http://localhost:5217/api/users/organizations - 204 null null 0.2929ms
2026-04-02 13:42:07.003 [INF] Microsoft.AspNetCore.Hosting.Diagnostics | Request starting HTTP/1.1 GET http://localhost:5217/api/users/organizations - null null
2026-04-02 13:42:07.003 [INF] Microsoft.AspNetCore.Cors.Infrastructure.CorsService | CORS policy execution successful.
2026-04-02 13:42:07.003 [INF] Microsoft.AspNetCore.Routing.EndpointMiddleware | Executing endpoint 'backend.Controllers.UsersController.GetOrganizations (backend)'
2026-04-02 13:42:07.003 [INF] Microsoft.AspNetCore.Mvc.Infrastructure.ControllerActionInvoker | Route matched with {action = "GetOrganizations", controller = "Users"}. Executing controller action with signature System.Threading.Tasks.Task`1[Microsoft.AspNetCore.Mvc.IActionResult] GetOrganizations() on controller backend.Controllers.UsersController (backend).
2026-04-02 13:42:07.003 [INF] backend.Controllers.UsersController | [Users] GET organizations | Role=SuperAdmin | UserId=18
2026-04-02 13:42:07.017 [INF] Microsoft.AspNetCore.Mvc.Infrastructure.ObjectResultExecutor | Executing OkObjectResult, writing value of type 'System.Collections.Generic.List`1[[backend.Models.Organization, backend, Version=1.0.0.0, Culture=neutral, PublicKeyToken=null]]'.
2026-04-02 13:42:07.017 [INF] Microsoft.AspNetCore.Mvc.Infrastructure.ControllerActionInvoker | Executed action backend.Controllers.UsersController.GetOrganizations (backend) in 13.9876ms
2026-04-02 13:42:07.017 [INF] Microsoft.AspNetCore.Routing.EndpointMiddleware | Executed endpoint 'backend.Controllers.UsersController.GetOrganizations (backend)'
2026-04-02 13:42:07.017 [INF] Serilog.AspNetCore.RequestLoggingMiddleware | HTTP GET /api/users/organizations → 200 (14.2ms)
2026-04-02 13:42:07.017 [INF] Microsoft.AspNetCore.Hosting.Diagnostics | Request finished HTTP/1.1 GET http://localhost:5217/api/users/organizations - 200 null application/json; charset=utf-8 14.6407ms
2026-04-02 13:42:07.039 [INF] Microsoft.AspNetCore.Hosting.Diagnostics | Request starting HTTP/1.1 OPTIONS http://localhost:5217/api/employees?organizationId=2 - null null
2026-04-02 13:42:07.040 [INF] Microsoft.AspNetCore.Cors.Infrastructure.CorsService | CORS policy execution successful.
2026-04-02 13:42:07.040 [INF] Microsoft.AspNetCore.Hosting.Diagnostics | Request finished HTTP/1.1 OPTIONS http://localhost:5217/api/employees?organizationId=2 - 204 null null 0.174ms
2026-04-02 13:42:07.041 [INF] Microsoft.AspNetCore.Hosting.Diagnostics | Request starting HTTP/1.1 GET http://localhost:5217/api/employees?organizationId=2 - application/json null
2026-04-02 13:42:07.041 [INF] Microsoft.AspNetCore.Cors.Infrastructure.CorsService | CORS policy execution successful.
2026-04-02 13:42:07.041 [INF] Microsoft.AspNetCore.Routing.EndpointMiddleware | Executing endpoint 'backend.Controllers.EmployeesController.GetEmployees (backend)'
2026-04-02 13:42:07.041 [INF] Microsoft.AspNetCore.Mvc.Infrastructure.ControllerActionInvoker | Route matched with {action = "GetEmployees", controller = "Employees"}. Executing controller action with signature System.Threading.Tasks.Task`1[Microsoft.AspNetCore.Mvc.IActionResult] GetEmployees(System.Nullable`1[System.Int32]) on controller backend.Controllers.EmployeesController (backend).
2026-04-02 13:42:07.042 [INF] backend.Controllers.EmployeesController | [Employees] GET all | TargetOrgId=2 | UserOrgId=2
2026-04-02 13:42:07.056 [INF] Microsoft.AspNetCore.Mvc.Infrastructure.ObjectResultExecutor | Executing OkObjectResult, writing value of type 'System.Collections.Generic.List`1[[backend.Models.Employee, backend, Version=1.0.0.0, Culture=neutral, PublicKeyToken=null]]'.
2026-04-02 13:42:07.056 [INF] Microsoft.AspNetCore.Mvc.Infrastructure.ControllerActionInvoker | Executed action backend.Controllers.EmployeesController.GetEmployees (backend) in 14.9198ms
2026-04-02 13:42:07.056 [INF] Microsoft.AspNetCore.Routing.EndpointMiddleware | Executed endpoint 'backend.Controllers.EmployeesController.GetEmployees (backend)'
2026-04-02 13:42:07.056 [INF] Serilog.AspNetCore.RequestLoggingMiddleware | HTTP GET /api/employees → 200 (15.2ms)
2026-04-02 13:42:07.056 [INF] Microsoft.AspNetCore.Hosting.Diagnostics | Request finished HTTP/1.1 GET http://localhost:5217/api/employees?organizationId=2 - 200 null application/json; charset=utf-8 15.7994ms
2026-04-02 13:42:08.487 [INF] Microsoft.AspNetCore.Hosting.Diagnostics | Request starting HTTP/1.1 GET http://localhost:5217/api/users/organizations - null null
2026-04-02 13:42:08.487 [INF] Microsoft.AspNetCore.Cors.Infrastructure.CorsService | CORS policy execution successful.
2026-04-02 13:42:08.488 [INF] Microsoft.AspNetCore.Routing.EndpointMiddleware | Executing endpoint 'backend.Controllers.UsersController.GetOrganizations (backend)'
2026-04-02 13:42:08.488 [INF] Microsoft.AspNetCore.Mvc.Infrastructure.ControllerActionInvoker | Route matched with {action = "GetOrganizations", controller = "Users"}. Executing controller action with signature System.Threading.Tasks.Task`1[Microsoft.AspNetCore.Mvc.IActionResult] GetOrganizations() on controller backend.Controllers.UsersController (backend).
2026-04-02 13:42:08.488 [INF] backend.Controllers.UsersController | [Users] GET organizations | Role=SuperAdmin | UserId=18
2026-04-02 13:42:08.499 [INF] Microsoft.AspNetCore.Mvc.Infrastructure.ObjectResultExecutor | Executing OkObjectResult, writing value of type 'System.Collections.Generic.List`1[[backend.Models.Organization, backend, Version=1.0.0.0, Culture=neutral, PublicKeyToken=null]]'.
2026-04-02 13:42:08.499 [INF] Microsoft.AspNetCore.Mvc.Infrastructure.ControllerActionInvoker | Executed action backend.Controllers.UsersController.GetOrganizations (backend) in 11.6649ms
2026-04-02 13:42:08.499 [INF] Microsoft.AspNetCore.Routing.EndpointMiddleware | Executed endpoint 'backend.Controllers.UsersController.GetOrganizations (backend)'
2026-04-02 13:42:08.499 [INF] Serilog.AspNetCore.RequestLoggingMiddleware | HTTP GET /api/users/organizations → 200 (12.0ms)
2026-04-02 13:42:08.500 [INF] Microsoft.AspNetCore.Hosting.Diagnostics | Request finished HTTP/1.1 GET http://localhost:5217/api/users/organizations - 200 null application/json; charset=utf-8 13.0182ms
2026-04-02 13:42:08.607 [INF] Microsoft.AspNetCore.Hosting.Diagnostics | Request starting HTTP/1.1 GET http://localhost:5217/api/FaceAttendance/logs?organizationId=2 - null null
2026-04-02 13:42:08.608 [INF] Microsoft.AspNetCore.Cors.Infrastructure.CorsService | CORS policy execution successful.
2026-04-02 13:42:08.609 [INF] Microsoft.AspNetCore.Routing.EndpointMiddleware | Executing endpoint 'backend.Controllers.FaceAttendanceController.GetAttendanceLogs (backend)'
2026-04-02 13:42:08.609 [INF] Microsoft.AspNetCore.Mvc.Infrastructure.ControllerActionInvoker | Route matched with {action = "GetAttendanceLogs", controller = "FaceAttendance"}. Executing controller action with signature System.Threading.Tasks.Task`1[Microsoft.AspNetCore.Mvc.IActionResult] GetAttendanceLogs(Int32) on controller backend.Controllers.FaceAttendanceController (backend).
2026-04-02 13:42:08.621 [INF] Microsoft.AspNetCore.Mvc.Infrastructure.ObjectResultExecutor | Executing OkObjectResult, writing value of type 'System.Collections.Generic.List`1[[System.Object, System.Private.CoreLib, Version=10.0.0.0, Culture=neutral, PublicKeyToken=7cec85d7bea7798e]]'.
2026-04-02 13:42:08.621 [INF] Microsoft.AspNetCore.Mvc.Infrastructure.ControllerActionInvoker | Executed action backend.Controllers.FaceAttendanceController.GetAttendanceLogs (backend) in 11.2684ms
2026-04-02 13:42:08.621 [INF] Microsoft.AspNetCore.Routing.EndpointMiddleware | Executed endpoint 'backend.Controllers.FaceAttendanceController.GetAttendanceLogs (backend)'
2026-04-02 13:42:08.621 [INF] Serilog.AspNetCore.RequestLoggingMiddleware | HTTP GET /api/FaceAttendance/logs → 200 (11.6ms)
2026-04-02 13:42:08.621 [INF] Microsoft.AspNetCore.Hosting.Diagnostics | Request finished HTTP/1.1 GET http://localhost:5217/api/FaceAttendance/logs?organizationId=2 - 200 null application/json; charset=utf-8 13.9233ms
2026-04-02 13:42:16.465 [INF] Microsoft.AspNetCore.Hosting.Diagnostics | Request starting HTTP/1.1 OPTIONS http://localhost:5217/api/users/organizations - null null
2026-04-02 13:42:16.465 [INF] Microsoft.AspNetCore.Cors.Infrastructure.CorsService | CORS policy execution successful.
2026-04-02 13:42:16.465 [INF] Microsoft.AspNetCore.Hosting.Diagnostics | Request finished HTTP/1.1 OPTIONS http://localhost:5217/api/users/organizations - 204 null null 0.2044ms
2026-04-02 13:42:16.467 [INF] Microsoft.AspNetCore.Hosting.Diagnostics | Request starting HTTP/1.1 GET http://localhost:5217/api/users/organizations - null null
2026-04-02 13:42:16.467 [INF] Microsoft.AspNetCore.Cors.Infrastructure.CorsService | CORS policy execution successful.
2026-04-02 13:42:16.468 [INF] Microsoft.AspNetCore.Routing.EndpointMiddleware | Executing endpoint 'backend.Controllers.UsersController.GetOrganizations (backend)'
2026-04-02 13:42:16.468 [INF] Microsoft.AspNetCore.Mvc.Infrastructure.ControllerActionInvoker | Route matched with {action = "GetOrganizations", controller = "Users"}. Executing controller action with signature System.Threading.Tasks.Task`1[Microsoft.AspNetCore.Mvc.IActionResult] GetOrganizations() on controller backend.Controllers.UsersController (backend).
2026-04-02 13:42:16.468 [INF] backend.Controllers.UsersController | [Users] GET organizations | Role=SuperAdmin | UserId=18
2026-04-02 13:42:16.480 [INF] Microsoft.AspNetCore.Mvc.Infrastructure.ObjectResultExecutor | Executing OkObjectResult, writing value of type 'System.Collections.Generic.List`1[[backend.Models.Organization, backend, Version=1.0.0.0, Culture=neutral, PublicKeyToken=null]]'.
2026-04-02 13:42:16.480 [INF] Microsoft.AspNetCore.Mvc.Infrastructure.ControllerActionInvoker | Executed action backend.Controllers.UsersController.GetOrganizations (backend) in 12.48ms
2026-04-02 13:42:16.480 [INF] Microsoft.AspNetCore.Routing.EndpointMiddleware | Executed endpoint 'backend.Controllers.UsersController.GetOrganizations (backend)'
2026-04-02 13:42:16.480 [INF] Serilog.AspNetCore.RequestLoggingMiddleware | HTTP GET /api/users/organizations → 200 (12.7ms)
2026-04-02 13:42:16.480 [INF] Microsoft.AspNetCore.Hosting.Diagnostics | Request finished HTTP/1.1 GET http://localhost:5217/api/users/organizations - 200 null application/json; charset=utf-8 13.4094ms
2026-04-02 13:42:16.506 [INF] Microsoft.AspNetCore.Hosting.Diagnostics | Request starting HTTP/1.1 OPTIONS http://localhost:5217/api/departments?organizationId=2 - null null
2026-04-02 13:42:16.506 [INF] Microsoft.AspNetCore.Cors.Infrastructure.CorsService | CORS policy execution successful.
2026-04-02 13:42:16.506 [INF] Microsoft.AspNetCore.Hosting.Diagnostics | Request finished HTTP/1.1 OPTIONS http://localhost:5217/api/departments?organizationId=2 - 204 null null 0.1265ms
2026-04-02 13:42:16.507 [INF] Microsoft.AspNetCore.Hosting.Diagnostics | Request starting HTTP/1.1 GET http://localhost:5217/api/departments?organizationId=2 - null null
2026-04-02 13:42:16.508 [INF] Microsoft.AspNetCore.Cors.Infrastructure.CorsService | CORS policy execution successful.
2026-04-02 13:42:16.508 [INF] Microsoft.AspNetCore.Routing.EndpointMiddleware | Executing endpoint 'backend.Controllers.DepartmentController.GetDepartments (backend)'
2026-04-02 13:42:16.516 [INF] Microsoft.AspNetCore.Mvc.Infrastructure.ControllerActionInvoker | Route matched with {action = "GetDepartments", controller = "Department"}. Executing controller action with signature System.Threading.Tasks.Task`1[Microsoft.AspNetCore.Mvc.IActionResult] GetDepartments(System.Nullable`1[System.Int32]) on controller backend.Controllers.DepartmentController (backend).
2026-04-02 13:42:16.539 [INF] Microsoft.AspNetCore.Mvc.Infrastructure.ObjectResultExecutor | Executing OkObjectResult, writing value of type 'System.Collections.Generic.List`1[[backend.Models.Department, backend, Version=1.0.0.0, Culture=neutral, PublicKeyToken=null]]'.
2026-04-02 13:42:16.542 [INF] Microsoft.AspNetCore.Mvc.Infrastructure.ControllerActionInvoker | Executed action backend.Controllers.DepartmentController.GetDepartments (backend) in 25.6667ms
2026-04-02 13:42:16.542 [INF] Microsoft.AspNetCore.Routing.EndpointMiddleware | Executed endpoint 'backend.Controllers.DepartmentController.GetDepartments (backend)'
2026-04-02 13:42:16.542 [INF] Serilog.AspNetCore.RequestLoggingMiddleware | HTTP GET /api/departments → 200 (34.0ms)
2026-04-02 13:42:16.542 [INF] Microsoft.AspNetCore.Hosting.Diagnostics | Request finished HTTP/1.1 GET http://localhost:5217/api/departments?organizationId=2 - 200 null application/json; charset=utf-8 34.5579ms
2026-04-02 13:42:23.814 [INF] Microsoft.AspNetCore.Hosting.Diagnostics | Request starting HTTP/1.1 OPTIONS http://localhost:5217/api/EmpOT/GetOTByOrgId?orgId=2 - null null
2026-04-02 13:42:23.814 [INF] Microsoft.AspNetCore.Cors.Infrastructure.CorsService | CORS policy execution successful.
2026-04-02 13:42:23.814 [INF] Microsoft.AspNetCore.Hosting.Diagnostics | Request finished HTTP/1.1 OPTIONS http://localhost:5217/api/EmpOT/GetOTByOrgId?orgId=2 - 204 null null 0.1661ms
2026-04-02 13:42:23.817 [INF] Microsoft.AspNetCore.Hosting.Diagnostics | Request starting HTTP/1.1 OPTIONS http://localhost:5217/api/employees?orgId=2 - null null
2026-04-02 13:42:23.817 [INF] Microsoft.AspNetCore.Cors.Infrastructure.CorsService | CORS policy execution successful.
2026-04-02 13:42:23.817 [INF] Microsoft.AspNetCore.Hosting.Diagnostics | Request finished HTTP/1.1 OPTIONS http://localhost:5217/api/employees?orgId=2 - 204 null null 0.1459ms
2026-04-02 13:42:23.818 [INF] Microsoft.AspNetCore.Hosting.Diagnostics | Request starting HTTP/1.1 GET http://localhost:5217/api/EmpOT/GetOTByOrgId?orgId=2 - application/json null
2026-04-02 13:42:23.818 [INF] Microsoft.AspNetCore.Cors.Infrastructure.CorsService | CORS policy execution successful.
2026-04-02 13:42:23.818 [INF] Microsoft.AspNetCore.Routing.EndpointMiddleware | Executing endpoint 'backend.Controllers.EmpOTController.GetOTByOrgId (backend)'
2026-04-02 13:42:23.819 [INF] Microsoft.AspNetCore.Mvc.Infrastructure.ControllerActionInvoker | Route matched with {action = "GetOTByOrgId", controller = "EmpOT"}. Executing controller action with signature System.Threading.Tasks.Task`1[Microsoft.AspNetCore.Mvc.IActionResult] GetOTByOrgId(Int32) on controller backend.Controllers.EmpOTController (backend).
2026-04-02 13:42:23.819 [INF] Microsoft.AspNetCore.Hosting.Diagnostics | Request starting HTTP/1.1 GET http://localhost:5217/api/employees?orgId=2 - application/json null
2026-04-02 13:42:23.819 [INF] Microsoft.AspNetCore.Cors.Infrastructure.CorsService | CORS policy execution successful.
2026-04-02 13:42:23.819 [INF] Microsoft.AspNetCore.Routing.EndpointMiddleware | Executing endpoint 'backend.Controllers.EmployeesController.GetEmployees (backend)'
2026-04-02 13:42:23.819 [INF] Microsoft.AspNetCore.Mvc.Infrastructure.ControllerActionInvoker | Route matched with {action = "GetEmployees", controller = "Employees"}. Executing controller action with signature System.Threading.Tasks.Task`1[Microsoft.AspNetCore.Mvc.IActionResult] GetEmployees(System.Nullable`1[System.Int32]) on controller backend.Controllers.EmployeesController (backend).
2026-04-02 13:42:23.819 [INF] backend.Controllers.EmployeesController | [Employees] GET all | TargetOrgId=2 | UserOrgId=2
2026-04-02 13:42:23.850 [INF] Microsoft.AspNetCore.Mvc.Infrastructure.ObjectResultExecutor | Executing OkObjectResult, writing value of type 'System.Collections.Generic.List`1[[backend.Models.EmpOT, backend, Version=1.0.0.0, Culture=neutral, PublicKeyToken=null]]'.
2026-04-02 13:42:23.850 [INF] Microsoft.AspNetCore.Mvc.Infrastructure.ControllerActionInvoker | Executed action backend.Controllers.EmpOTController.GetOTByOrgId (backend) in 31.264ms
2026-04-02 13:42:23.850 [INF] Microsoft.AspNetCore.Routing.EndpointMiddleware | Executed endpoint 'backend.Controllers.EmpOTController.GetOTByOrgId (backend)'
2026-04-02 13:42:23.850 [INF] Microsoft.AspNetCore.Mvc.Infrastructure.ObjectResultExecutor | Executing OkObjectResult, writing value of type 'System.Collections.Generic.List`1[[backend.Models.Employee, backend, Version=1.0.0.0, Culture=neutral, PublicKeyToken=null]]'.
2026-04-02 13:42:23.850 [INF] Serilog.AspNetCore.RequestLoggingMiddleware | HTTP GET /api/EmpOT/GetOTByOrgId → 200 (31.6ms)
2026-04-02 13:42:23.850 [INF] Microsoft.AspNetCore.Hosting.Diagnostics | Request finished HTTP/1.1 GET http://localhost:5217/api/EmpOT/GetOTByOrgId?orgId=2 - 200 null application/json; charset=utf-8 32.2257ms
2026-04-02 13:42:23.850 [INF] Microsoft.AspNetCore.Mvc.Infrastructure.ControllerActionInvoker | Executed action backend.Controllers.EmployeesController.GetEmployees (backend) in 31.1387ms
2026-04-02 13:42:23.850 [INF] Microsoft.AspNetCore.Routing.EndpointMiddleware | Executed endpoint 'backend.Controllers.EmployeesController.GetEmployees (backend)'
2026-04-02 13:42:23.850 [INF] Serilog.AspNetCore.RequestLoggingMiddleware | HTTP GET /api/employees → 200 (31.3ms)
2026-04-02 13:42:23.850 [INF] Microsoft.AspNetCore.Hosting.Diagnostics | Request finished HTTP/1.1 GET http://localhost:5217/api/employees?orgId=2 - 200 null application/json; charset=utf-8 31.6883ms
2026-04-02 13:43:17.239 [INF] Microsoft.AspNetCore.Hosting.Diagnostics | Request starting HTTP/1.1 OPTIONS http://localhost:5217/api/AttendanceMaster?date=2026-04-02&orgId=2 - null null
2026-04-02 13:43:17.239 [INF] Microsoft.AspNetCore.Cors.Infrastructure.CorsService | CORS policy execution successful.
2026-04-02 13:43:17.239 [INF] Microsoft.AspNetCore.Hosting.Diagnostics | Request finished HTTP/1.1 OPTIONS http://localhost:5217/api/AttendanceMaster?date=2026-04-02&orgId=2 - 204 null null 0.3102ms
2026-04-02 13:43:17.239 [INF] Microsoft.AspNetCore.Hosting.Diagnostics | Request starting HTTP/1.1 OPTIONS http://localhost:5217/api/LeaveType?orgId=2 - null null
2026-04-02 13:43:17.239 [INF] Microsoft.AspNetCore.Cors.Infrastructure.CorsService | CORS policy execution successful.
2026-04-02 13:43:17.240 [INF] Microsoft.AspNetCore.Hosting.Diagnostics | Request finished HTTP/1.1 OPTIONS http://localhost:5217/api/LeaveType?orgId=2 - 204 null null 0.0568ms
2026-04-02 13:43:17.241 [INF] Microsoft.AspNetCore.Hosting.Diagnostics | Request starting HTTP/1.1 GET http://localhost:5217/api/LeaveType?orgId=2 - application/json null
2026-04-02 13:43:17.241 [INF] Microsoft.AspNetCore.Hosting.Diagnostics | Request starting HTTP/1.1 GET http://localhost:5217/api/AttendanceMaster?date=2026-04-02&orgId=2 - application/json null
2026-04-02 13:43:17.241 [INF] Microsoft.AspNetCore.Cors.Infrastructure.CorsService | CORS policy execution successful.
2026-04-02 13:43:17.241 [INF] Microsoft.AspNetCore.Cors.Infrastructure.CorsService | CORS policy execution successful.
2026-04-02 13:43:17.242 [INF] Microsoft.AspNetCore.Routing.EndpointMiddleware | Executing endpoint 'backend.Controllers.AttendanceMasterController.GetAttendance (backend)'
2026-04-02 13:43:17.244 [INF] Microsoft.AspNetCore.Routing.EndpointMiddleware | Executing endpoint 'backend.Controllers.LeaveTypeController.GetLeaveTypes (backend)'
2026-04-02 13:43:17.251 [INF] Microsoft.AspNetCore.Mvc.Infrastructure.ControllerActionInvoker | Route matched with {action = "GetAttendance", controller = "AttendanceMaster"}. Executing controller action with signature System.Threading.Tasks.Task`1[Microsoft.AspNetCore.Mvc.IActionResult] GetAttendance(System.String, System.Nullable`1[System.Int32]) on controller backend.Controllers.AttendanceMasterController (backend).
2026-04-02 13:43:17.252 [INF] Microsoft.AspNetCore.Mvc.Infrastructure.ControllerActionInvoker | Route matched with {action = "GetLeaveTypes", controller = "LeaveType"}. Executing controller action with signature System.Threading.Tasks.Task`1[Microsoft.AspNetCore.Mvc.IActionResult] GetLeaveTypes(System.Nullable`1[System.Int32]) on controller backend.Controllers.LeaveTypeController (backend).
2026-04-02 13:43:17.263 [INF] Microsoft.AspNetCore.Hosting.Diagnostics | Request starting HTTP/1.1 OPTIONS http://localhost:5217/hubs/attendance/negotiate?negotiateVersion=1 - null null
2026-04-02 13:43:17.263 [INF] Microsoft.AspNetCore.Cors.Infrastructure.CorsService | CORS policy execution successful.
2026-04-02 13:43:17.263 [INF] Microsoft.AspNetCore.Hosting.Diagnostics | Request finished HTTP/1.1 OPTIONS http://localhost:5217/hubs/attendance/negotiate?negotiateVersion=1 - 204 null null 0.4418ms
2026-04-02 13:43:17.264 [INF] Microsoft.AspNetCore.Hosting.Diagnostics | Request starting HTTP/1.1 POST http://localhost:5217/hubs/attendance/negotiate?negotiateVersion=1 - text/plain;charset=UTF-8 0
2026-04-02 13:43:17.264 [INF] Microsoft.AspNetCore.Cors.Infrastructure.CorsService | CORS policy execution successful.
2026-04-02 13:43:17.264 [INF] Microsoft.AspNetCore.Routing.EndpointMiddleware | Executing endpoint '/hubs/attendance/negotiate'
2026-04-02 13:43:17.268 [INF] Microsoft.AspNetCore.Routing.EndpointMiddleware | Executed endpoint '/hubs/attendance/negotiate'
2026-04-02 13:43:17.269 [INF] Serilog.AspNetCore.RequestLoggingMiddleware | HTTP POST /hubs/attendance/negotiate → 200 (4.0ms)
2026-04-02 13:43:17.269 [INF] Microsoft.AspNetCore.Hosting.Diagnostics | Request finished HTTP/1.1 POST http://localhost:5217/hubs/attendance/negotiate?negotiateVersion=1 - 200 316 application/json 4.3913ms
2026-04-02 13:43:17.278 [INF] Microsoft.AspNetCore.Mvc.Infrastructure.ObjectResultExecutor | Executing OkObjectResult, writing value of type 'System.Collections.Generic.List`1[[backend.Models.EmpAttendanceRecord, backend, Version=1.0.0.0, Culture=neutral, PublicKeyToken=null]]'.
2026-04-02 13:43:17.278 [INF] Microsoft.AspNetCore.Mvc.Infrastructure.ObjectResultExecutor | Executing OkObjectResult, writing value of type 'System.Collections.Generic.List`1[[backend.Models.LeaveType, backend, Version=1.0.0.0, Culture=neutral, PublicKeyToken=null]]'.
2026-04-02 13:43:17.281 [INF] Microsoft.AspNetCore.Mvc.Infrastructure.ControllerActionInvoker | Executed action backend.Controllers.AttendanceMasterController.GetAttendance (backend) in 29.9538ms
2026-04-02 13:43:17.281 [INF] Microsoft.AspNetCore.Routing.EndpointMiddleware | Executed endpoint 'backend.Controllers.AttendanceMasterController.GetAttendance (backend)'
2026-04-02 13:43:17.281 [INF] Serilog.AspNetCore.RequestLoggingMiddleware | HTTP GET /api/AttendanceMaster → 200 (39.1ms)
2026-04-02 13:43:17.281 [INF] Microsoft.AspNetCore.Hosting.Diagnostics | Request finished HTTP/1.1 GET http://localhost:5217/api/AttendanceMaster?date=2026-04-02&orgId=2 - 200 null application/json; charset=utf-8 39.7612ms
2026-04-02 13:43:17.285 [INF] Microsoft.AspNetCore.Mvc.Infrastructure.ControllerActionInvoker | Executed action backend.Controllers.LeaveTypeController.GetLeaveTypes (backend) in 33.0262ms
2026-04-02 13:43:17.285 [INF] Microsoft.AspNetCore.Routing.EndpointMiddleware | Executed endpoint 'backend.Controllers.LeaveTypeController.GetLeaveTypes (backend)'
2026-04-02 13:43:17.285 [INF] Serilog.AspNetCore.RequestLoggingMiddleware | HTTP GET /api/LeaveType → 200 (41.3ms)
2026-04-02 13:43:17.285 [INF] Microsoft.AspNetCore.Hosting.Diagnostics | Request finished HTTP/1.1 GET http://localhost:5217/api/LeaveType?orgId=2 - 200 null application/json; charset=utf-8 43.8576ms
2026-04-02 13:43:17.372 [INF] Microsoft.AspNetCore.Hosting.Diagnostics | Request starting HTTP/1.1 GET http://localhost:5217/hubs/attendance?id=z45XWoxUlIIT0JCs9Y_bqA&access_token=eyJhbGciOiJIUzI1NiIsInR5cCI6IkpXVCJ9.eyJuYW1laWQiOiIxOCIsInVuaXF1ZV9uYW1lIjoidmFzYW50aGFrdW1hciIsImVtYWlsIjoidmFzYW50aDIwMDR2a0BnbWFpbC5jb20iLCJyb2xlIjoiU3VwZXJBZG1pbiIsIk9yZ2FuaXphdGlvbklkIjoiMiIsIk9yZ2FuaXphdGlvbkxvZ28iOiIvdXBsb2Fkcy9vcmctbG9nb3Mvb3JnLWxvZ28tNTg3M2M0NzVkOTFkNGJiZDkwNDZkZWVjNjY3ZDEzNmMuanBnIiwibmJmIjoxNzc1MTE3NDMzLCJleHAiOjE3NzUyMDM4MzMsImlhdCI6MTc3NTExNzQzMywiaXNzIjoiUHJvRGVzWC1CYWNrZW5kIiwiYXVkIjoiUHJvRGVzWC1Gcm9udGVuZCJ9.OutWjV10ZWkKhVcxGSxgj6VtM4O-j2JDOzm-bEx4Avs - null null
2026-04-02 13:43:17.373 [INF] Microsoft.AspNetCore.Cors.Infrastructure.CorsService | CORS policy execution successful.
2026-04-02 13:43:17.374 [INF] Microsoft.AspNetCore.Routing.EndpointMiddleware | Executing endpoint '/hubs/attendance'
2026-04-02 13:43:42.741 [INF] Microsoft.AspNetCore.Hosting.Diagnostics | Request starting HTTP/1.1 OPTIONS http://localhost:5217/api/users/organizations - null null
2026-04-02 13:43:42.741 [INF] Microsoft.AspNetCore.Cors.Infrastructure.CorsService | CORS policy execution successful.
2026-04-02 13:43:42.741 [INF] Microsoft.AspNetCore.Hosting.Diagnostics | Request finished HTTP/1.1 OPTIONS http://localhost:5217/api/users/organizations - 204 null null 0.3392ms
2026-04-02 13:43:42.742 [INF] Microsoft.AspNetCore.Hosting.Diagnostics | Request starting HTTP/1.1 GET http://localhost:5217/api/users/organizations - null null
2026-04-02 13:43:42.742 [INF] Microsoft.AspNetCore.Cors.Infrastructure.CorsService | CORS policy execution successful.
2026-04-02 13:43:42.743 [INF] Microsoft.AspNetCore.Routing.EndpointMiddleware | Executing endpoint 'backend.Controllers.UsersController.GetOrganizations (backend)'
2026-04-02 13:43:42.743 [INF] Microsoft.AspNetCore.Mvc.Infrastructure.ControllerActionInvoker | Route matched with {action = "GetOrganizations", controller = "Users"}. Executing controller action with signature System.Threading.Tasks.Task`1[Microsoft.AspNetCore.Mvc.IActionResult] GetOrganizations() on controller backend.Controllers.UsersController (backend).
2026-04-02 13:43:42.743 [INF] backend.Controllers.UsersController | [Users] GET organizations | Role=SuperAdmin | UserId=18
2026-04-02 13:43:42.754 [INF] Microsoft.AspNetCore.Mvc.Infrastructure.ObjectResultExecutor | Executing OkObjectResult, writing value of type 'System.Collections.Generic.List`1[[backend.Models.Organization, backend, Version=1.0.0.0, Culture=neutral, PublicKeyToken=null]]'.
2026-04-02 13:43:42.754 [INF] Microsoft.AspNetCore.Mvc.Infrastructure.ControllerActionInvoker | Executed action backend.Controllers.UsersController.GetOrganizations (backend) in 11.3116ms
2026-04-02 13:43:42.754 [INF] Microsoft.AspNetCore.Routing.EndpointMiddleware | Executed endpoint 'backend.Controllers.UsersController.GetOrganizations (backend)'
2026-04-02 13:43:42.754 [INF] Serilog.AspNetCore.RequestLoggingMiddleware | HTTP GET /api/users/organizations → 200 (11.5ms)
2026-04-02 13:43:42.754 [INF] Microsoft.AspNetCore.Hosting.Diagnostics | Request finished HTTP/1.1 GET http://localhost:5217/api/users/organizations - 200 null application/json; charset=utf-8 12.0562ms
2026-04-02 13:43:42.771 [INF] Microsoft.AspNetCore.Hosting.Diagnostics | Request starting HTTP/1.1 OPTIONS http://localhost:5217/api/departments?organizationId=2 - null null
2026-04-02 13:43:42.771 [INF] Microsoft.AspNetCore.Cors.Infrastructure.CorsService | CORS policy execution successful.
2026-04-02 13:43:42.771 [INF] Microsoft.AspNetCore.Hosting.Diagnostics | Request finished HTTP/1.1 OPTIONS http://localhost:5217/api/departments?organizationId=2 - 204 null null 0.134ms
2026-04-02 13:43:42.772 [INF] Microsoft.AspNetCore.Hosting.Diagnostics | Request starting HTTP/1.1 GET http://localhost:5217/api/departments?organizationId=2 - null null
2026-04-02 13:43:42.772 [INF] Microsoft.AspNetCore.Cors.Infrastructure.CorsService | CORS policy execution successful.
2026-04-02 13:43:42.773 [INF] Microsoft.AspNetCore.Routing.EndpointMiddleware | Executing endpoint 'backend.Controllers.DepartmentController.GetDepartments (backend)'
2026-04-02 13:43:42.773 [INF] Microsoft.AspNetCore.Mvc.Infrastructure.ControllerActionInvoker | Route matched with {action = "GetDepartments", controller = "Department"}. Executing controller action with signature System.Threading.Tasks.Task`1[Microsoft.AspNetCore.Mvc.IActionResult] GetDepartments(System.Nullable`1[System.Int32]) on controller backend.Controllers.DepartmentController (backend).
2026-04-02 13:43:42.784 [INF] Microsoft.AspNetCore.Mvc.Infrastructure.ObjectResultExecutor | Executing OkObjectResult, writing value of type 'System.Collections.Generic.List`1[[backend.Models.Department, backend, Version=1.0.0.0, Culture=neutral, PublicKeyToken=null]]'.
2026-04-02 13:43:42.784 [INF] Microsoft.AspNetCore.Mvc.Infrastructure.ControllerActionInvoker | Executed action backend.Controllers.DepartmentController.GetDepartments (backend) in 11.2649ms
2026-04-02 13:43:42.784 [INF] Microsoft.AspNetCore.Routing.EndpointMiddleware | Executed endpoint 'backend.Controllers.DepartmentController.GetDepartments (backend)'
2026-04-02 13:43:42.784 [INF] Serilog.AspNetCore.RequestLoggingMiddleware | HTTP GET /api/departments → 200 (11.4ms)
2026-04-02 13:43:42.784 [INF] Microsoft.AspNetCore.Hosting.Diagnostics | Request finished HTTP/1.1 GET http://localhost:5217/api/departments?organizationId=2 - 200 null application/json; charset=utf-8 11.9849ms
2026-04-02 13:45:34.082 [INF] Microsoft.AspNetCore.Routing.EndpointMiddleware | Executed endpoint '/hubs/attendance'
2026-04-02 13:45:34.083 [INF] Serilog.AspNetCore.RequestLoggingMiddleware | HTTP GET /hubs/attendance → 101 (136708.9ms)
2026-04-02 13:45:34.083 [INF] Microsoft.AspNetCore.Hosting.Diagnostics | Request finished HTTP/1.1 GET http://localhost:5217/hubs/attendance?id=z45XWoxUlIIT0JCs9Y_bqA&access_token=eyJhbGciOiJIUzI1NiIsInR5cCI6IkpXVCJ9.eyJuYW1laWQiOiIxOCIsInVuaXF1ZV9uYW1lIjoidmFzYW50aGFrdW1hciIsImVtYWlsIjoidmFzYW50aDIwMDR2a0BnbWFpbC5jb20iLCJyb2xlIjoiU3VwZXJBZG1pbiIsIk9yZ2FuaXphdGlvbklkIjoiMiIsIk9yZ2FuaXphdGlvbkxvZ28iOiIvdXBsb2Fkcy9vcmctbG9nb3Mvb3JnLWxvZ28tNTg3M2M0NzVkOTFkNGJiZDkwNDZkZWVjNjY3ZDEzNmMuanBnIiwibmJmIjoxNzc1MTE3NDMzLCJleHAiOjE3NzUyMDM4MzMsImlhdCI6MTc3NTExNzQzMywiaXNzIjoiUHJvRGVzWC1CYWNrZW5kIiwiYXVkIjoiUHJvRGVzWC1Gcm9udGVuZCJ9.OutWjV10ZWkKhVcxGSxgj6VtM4O-j2JDOzm-bEx4Avs - 101 null null 136710.6849ms
2026-04-02 13:45:34.189 [INF] Microsoft.AspNetCore.Hosting.Diagnostics | Request starting HTTP/1.1 OPTIONS http://localhost:5217/hubs/attendance/negotiate?negotiateVersion=1 - null null
2026-04-02 13:45:34.190 [INF] Microsoft.AspNetCore.Cors.Infrastructure.CorsService | CORS policy execution successful.
2026-04-02 13:45:34.190 [INF] Microsoft.AspNetCore.Hosting.Diagnostics | Request finished HTTP/1.1 OPTIONS http://localhost:5217/hubs/attendance/negotiate?negotiateVersion=1 - 204 null null 0.646ms
2026-04-02 13:45:34.191 [INF] Microsoft.AspNetCore.Hosting.Diagnostics | Request starting HTTP/1.1 POST http://localhost:5217/hubs/attendance/negotiate?negotiateVersion=1 - text/plain;charset=UTF-8 0
2026-04-02 13:45:34.191 [INF] Microsoft.AspNetCore.Cors.Infrastructure.CorsService | CORS policy execution successful.
2026-04-02 13:45:34.195 [INF] Microsoft.AspNetCore.Routing.EndpointMiddleware | Executing endpoint '/hubs/attendance/negotiate'
2026-04-02 13:45:34.196 [INF] Microsoft.AspNetCore.Routing.EndpointMiddleware | Executed endpoint '/hubs/attendance/negotiate'
2026-04-02 13:45:34.196 [INF] Serilog.AspNetCore.RequestLoggingMiddleware | HTTP POST /hubs/attendance/negotiate → 200 (1.2ms)
2026-04-02 13:45:34.196 [INF] Microsoft.AspNetCore.Hosting.Diagnostics | Request finished HTTP/1.1 POST http://localhost:5217/hubs/attendance/negotiate?negotiateVersion=1 - 200 316 application/json 4.979ms
2026-04-02 13:45:34.210 [INF] Microsoft.AspNetCore.Hosting.Diagnostics | Request starting HTTP/1.1 GET http://localhost:5217/hubs/attendance?id=QCPrCk0sTznseW_Ahf9LkQ&access_token=eyJhbGciOiJIUzI1NiIsInR5cCI6IkpXVCJ9.eyJuYW1laWQiOiIxOCIsInVuaXF1ZV9uYW1lIjoidmFzYW50aGFrdW1hciIsImVtYWlsIjoidmFzYW50aDIwMDR2a0BnbWFpbC5jb20iLCJyb2xlIjoiU3VwZXJBZG1pbiIsIk9yZ2FuaXphdGlvbklkIjoiMiIsIk9yZ2FuaXphdGlvbkxvZ28iOiIvdXBsb2Fkcy9vcmctbG9nb3Mvb3JnLWxvZ28tNTg3M2M0NzVkOTFkNGJiZDkwNDZkZWVjNjY3ZDEzNmMuanBnIiwibmJmIjoxNzc1MTE3NDMzLCJleHAiOjE3NzUyMDM4MzMsImlhdCI6MTc3NTExNzQzMywiaXNzIjoiUHJvRGVzWC1CYWNrZW5kIiwiYXVkIjoiUHJvRGVzWC1Gcm9udGVuZCJ9.OutWjV10ZWkKhVcxGSxgj6VtM4O-j2JDOzm-bEx4Avs - null null
2026-04-02 13:45:34.211 [INF] Microsoft.AspNetCore.Cors.Infrastructure.CorsService | CORS policy execution successful.
2026-04-02 13:45:34.211 [INF] Microsoft.AspNetCore.Routing.EndpointMiddleware | Executing endpoint '/hubs/attendance'
2026-04-02 13:46:10.054 [INF] Microsoft.AspNetCore.Routing.EndpointMiddleware | Executed endpoint '/hubs/empot'
2026-04-02 13:46:10.054 [INF] Serilog.AspNetCore.RequestLoggingMiddleware | HTTP GET /hubs/empot → 101 (582692.2ms)
2026-04-02 13:46:10.054 [INF] Microsoft.AspNetCore.Hosting.Diagnostics | Request finished HTTP/1.1 GET http://localhost:5217/hubs/empot?id=W0VAZguXxO93v4J0dpz8gA&access_token=eyJhbGciOiJIUzI1NiIsInR5cCI6IkpXVCJ9.eyJuYW1laWQiOiIxOCIsInVuaXF1ZV9uYW1lIjoidmFzYW50aGFrdW1hciIsImVtYWlsIjoidmFzYW50aDIwMDR2a0BnbWFpbC5jb20iLCJyb2xlIjoiU3VwZXJBZG1pbiIsIk9yZ2FuaXphdGlvbklkIjoiMiIsIk9yZ2FuaXphdGlvbkxvZ28iOiIvdXBsb2Fkcy9vcmctbG9nb3Mvb3JnLWxvZ28tNTg3M2M0NzVkOTFkNGJiZDkwNDZkZWVjNjY3ZDEzNmMuanBnIiwibmJmIjoxNzc1MTE3MTc2LCJleHAiOjE3NzUyMDM1NzYsImlhdCI6MTc3NTExNzE3NiwiaXNzIjoiUHJvRGVzWC1CYWNrZW5kIiwiYXVkIjoiUHJvRGVzWC1Gcm9udGVuZCJ9.OIKTD_nZcQw0COuI_kw4X9yRK-VvjkGfATxO7r8juv4 - 101 null null 582693.3156ms
2026-04-02 13:46:10.171 [INF] Microsoft.AspNetCore.Hosting.Diagnostics | Request starting HTTP/1.1 OPTIONS http://localhost:5217/hubs/empot/negotiate?negotiateVersion=1 - null null
2026-04-02 13:46:10.172 [INF] Microsoft.AspNetCore.Cors.Infrastructure.CorsService | CORS policy execution successful.
2026-04-02 13:46:10.172 [INF] Microsoft.AspNetCore.Hosting.Diagnostics | Request finished HTTP/1.1 OPTIONS http://localhost:5217/hubs/empot/negotiate?negotiateVersion=1 - 204 null null 0.2379ms
2026-04-02 13:46:10.173 [INF] Microsoft.AspNetCore.Hosting.Diagnostics | Request starting HTTP/1.1 POST http://localhost:5217/hubs/empot/negotiate?negotiateVersion=1 - text/plain;charset=UTF-8 0
2026-04-02 13:46:10.173 [INF] Microsoft.AspNetCore.Cors.Infrastructure.CorsService | CORS policy execution successful.
2026-04-02 13:46:10.174 [INF] Microsoft.AspNetCore.Routing.EndpointMiddleware | Executing endpoint '/hubs/empot/negotiate'
2026-04-02 13:46:10.174 [INF] Microsoft.AspNetCore.Routing.EndpointMiddleware | Executed endpoint '/hubs/empot/negotiate'
2026-04-02 13:46:10.174 [INF] Serilog.AspNetCore.RequestLoggingMiddleware | HTTP POST /hubs/empot/negotiate → 200 (0.4ms)
2026-04-02 13:46:10.174 [INF] Microsoft.AspNetCore.Hosting.Diagnostics | Request finished HTTP/1.1 POST http://localhost:5217/hubs/empot/negotiate?negotiateVersion=1 - 200 316 application/json 1.6044ms
2026-04-02 13:46:10.182 [INF] Microsoft.AspNetCore.Hosting.Diagnostics | Request starting HTTP/1.1 GET http://localhost:5217/hubs/empot?id=twN4bHDNBn1UZUJrRe4Vmg&access_token=eyJhbGciOiJIUzI1NiIsInR5cCI6IkpXVCJ9.eyJuYW1laWQiOiIxOCIsInVuaXF1ZV9uYW1lIjoidmFzYW50aGFrdW1hciIsImVtYWlsIjoidmFzYW50aDIwMDR2a0BnbWFpbC5jb20iLCJyb2xlIjoiU3VwZXJBZG1pbiIsIk9yZ2FuaXphdGlvbklkIjoiMiIsIk9yZ2FuaXphdGlvbkxvZ28iOiIvdXBsb2Fkcy9vcmctbG9nb3Mvb3JnLWxvZ28tNTg3M2M0NzVkOTFkNGJiZDkwNDZkZWVjNjY3ZDEzNmMuanBnIiwibmJmIjoxNzc1MTE3NDMzLCJleHAiOjE3NzUyMDM4MzMsImlhdCI6MTc3NTExNzQzMywiaXNzIjoiUHJvRGVzWC1CYWNrZW5kIiwiYXVkIjoiUHJvRGVzWC1Gcm9udGVuZCJ9.OutWjV10ZWkKhVcxGSxgj6VtM4O-j2JDOzm-bEx4Avs - null null
2026-04-02 13:46:10.182 [INF] Microsoft.AspNetCore.Cors.Infrastructure.CorsService | CORS policy execution successful.
2026-04-02 13:46:10.182 [INF] Microsoft.AspNetCore.Routing.EndpointMiddleware | Executing endpoint '/hubs/empot'
2026-04-02 13:48:10.046 [INF] Microsoft.AspNetCore.Routing.EndpointMiddleware | Executed endpoint '/hubs/attendance'
2026-04-02 13:48:10.046 [INF] Serilog.AspNetCore.RequestLoggingMiddleware | HTTP GET /hubs/attendance → 101 (155834.8ms)
2026-04-02 13:48:10.046 [INF] Microsoft.AspNetCore.Hosting.Diagnostics | Request finished HTTP/1.1 GET http://localhost:5217/hubs/attendance?id=QCPrCk0sTznseW_Ahf9LkQ&access_token=eyJhbGciOiJIUzI1NiIsInR5cCI6IkpXVCJ9.eyJuYW1laWQiOiIxOCIsInVuaXF1ZV9uYW1lIjoidmFzYW50aGFrdW1hciIsImVtYWlsIjoidmFzYW50aDIwMDR2a0BnbWFpbC5jb20iLCJyb2xlIjoiU3VwZXJBZG1pbiIsIk9yZ2FuaXphdGlvbklkIjoiMiIsIk9yZ2FuaXphdGlvbkxvZ28iOiIvdXBsb2Fkcy9vcmctbG9nb3Mvb3JnLWxvZ28tNTg3M2M0NzVkOTFkNGJiZDkwNDZkZWVjNjY3ZDEzNmMuanBnIiwibmJmIjoxNzc1MTE3NDMzLCJleHAiOjE3NzUyMDM4MzMsImlhdCI6MTc3NTExNzQzMywiaXNzIjoiUHJvRGVzWC1CYWNrZW5kIiwiYXVkIjoiUHJvRGVzWC1Gcm9udGVuZCJ9.OutWjV10ZWkKhVcxGSxgj6VtM4O-j2JDOzm-bEx4Avs - 101 null null 155835.9028ms
2026-04-02 13:48:10.053 [INF] Microsoft.AspNetCore.Hosting.Diagnostics | Request starting HTTP/1.1 OPTIONS http://localhost:5217/hubs/attendance/negotiate?negotiateVersion=1 - null null
2026-04-02 13:48:10.053 [INF] Microsoft.AspNetCore.Cors.Infrastructure.CorsService | CORS policy execution successful.
2026-04-02 13:48:10.053 [INF] Microsoft.AspNetCore.Hosting.Diagnostics | Request finished HTTP/1.1 OPTIONS http://localhost:5217/hubs/attendance/negotiate?negotiateVersion=1 - 204 null null 0.1587ms
2026-04-02 13:48:10.054 [INF] Microsoft.AspNetCore.Hosting.Diagnostics | Request starting HTTP/1.1 POST http://localhost:5217/hubs/attendance/negotiate?negotiateVersion=1 - text/plain;charset=UTF-8 0
2026-04-02 13:48:10.054 [INF] Microsoft.AspNetCore.Cors.Infrastructure.CorsService | CORS policy execution successful.
2026-04-02 13:48:10.054 [INF] Microsoft.AspNetCore.Routing.EndpointMiddleware | Executing endpoint '/hubs/attendance/negotiate'
2026-04-02 13:48:10.055 [INF] Microsoft.AspNetCore.Routing.EndpointMiddleware | Executed endpoint '/hubs/attendance/negotiate'
2026-04-02 13:48:10.055 [INF] Serilog.AspNetCore.RequestLoggingMiddleware | HTTP POST /hubs/attendance/negotiate → 200 (0.3ms)
2026-04-02 13:48:10.055 [INF] Microsoft.AspNetCore.Hosting.Diagnostics | Request finished HTTP/1.1 POST http://localhost:5217/hubs/attendance/negotiate?negotiateVersion=1 - 200 316 application/json 0.6836ms
2026-04-02 13:48:10.060 [INF] Microsoft.AspNetCore.Hosting.Diagnostics | Request starting HTTP/1.1 GET http://localhost:5217/hubs/attendance?id=bO4haO7NQvzlLOeyk2I8vQ&access_token=eyJhbGciOiJIUzI1NiIsInR5cCI6IkpXVCJ9.eyJuYW1laWQiOiIxOCIsInVuaXF1ZV9uYW1lIjoidmFzYW50aGFrdW1hciIsImVtYWlsIjoidmFzYW50aDIwMDR2a0BnbWFpbC5jb20iLCJyb2xlIjoiU3VwZXJBZG1pbiIsIk9yZ2FuaXphdGlvbklkIjoiMiIsIk9yZ2FuaXphdGlvbkxvZ28iOiIvdXBsb2Fkcy9vcmctbG9nb3Mvb3JnLWxvZ28tNTg3M2M0NzVkOTFkNGJiZDkwNDZkZWVjNjY3ZDEzNmMuanBnIiwibmJmIjoxNzc1MTE3NDMzLCJleHAiOjE3NzUyMDM4MzMsImlhdCI6MTc3NTExNzQzMywiaXNzIjoiUHJvRGVzWC1CYWNrZW5kIiwiYXVkIjoiUHJvRGVzWC1Gcm9udGVuZCJ9.OutWjV10ZWkKhVcxGSxgj6VtM4O-j2JDOzm-bEx4Avs - null null
2026-04-02 13:48:10.061 [INF] Microsoft.AspNetCore.Cors.Infrastructure.CorsService | CORS policy execution successful.
2026-04-02 13:48:10.061 [INF] Microsoft.AspNetCore.Routing.EndpointMiddleware | Executing endpoint '/hubs/attendance'
2026-04-02 13:48:16.059 [INF] Microsoft.AspNetCore.Routing.EndpointMiddleware | Executed endpoint '/hubs/empot'
2026-04-02 13:48:16.059 [INF] Serilog.AspNetCore.RequestLoggingMiddleware | HTTP GET /hubs/empot → 101 (125877.3ms)
2026-04-02 13:48:16.059 [INF] Microsoft.AspNetCore.Hosting.Diagnostics | Request finished HTTP/1.1 GET http://localhost:5217/hubs/empot?id=twN4bHDNBn1UZUJrRe4Vmg&access_token=eyJhbGciOiJIUzI1NiIsInR5cCI6IkpXVCJ9.eyJuYW1laWQiOiIxOCIsInVuaXF1ZV9uYW1lIjoidmFzYW50aGFrdW1hciIsImVtYWlsIjoidmFzYW50aDIwMDR2a0BnbWFpbC5jb20iLCJyb2xlIjoiU3VwZXJBZG1pbiIsIk9yZ2FuaXphdGlvbklkIjoiMiIsIk9yZ2FuaXphdGlvbkxvZ28iOiIvdXBsb2Fkcy9vcmctbG9nb3Mvb3JnLWxvZ28tNTg3M2M0NzVkOTFkNGJiZDkwNDZkZWVjNjY3ZDEzNmMuanBnIiwibmJmIjoxNzc1MTE3NDMzLCJleHAiOjE3NzUyMDM4MzMsImlhdCI6MTc3NTExNzQzMywiaXNzIjoiUHJvRGVzWC1CYWNrZW5kIiwiYXVkIjoiUHJvRGVzWC1Gcm9udGVuZCJ9.OutWjV10ZWkKhVcxGSxgj6VtM4O-j2JDOzm-bEx4Avs - 101 null null 125877.8476ms
2026-04-02 13:48:16.065 [INF] Microsoft.AspNetCore.Hosting.Diagnostics | Request starting HTTP/1.1 OPTIONS http://localhost:5217/hubs/empot/negotiate?negotiateVersion=1 - null null
2026-04-02 13:48:16.065 [INF] Microsoft.AspNetCore.Cors.Infrastructure.CorsService | CORS policy execution successful.
2026-04-02 13:48:16.065 [INF] Microsoft.AspNetCore.Hosting.Diagnostics | Request finished HTTP/1.1 OPTIONS http://localhost:5217/hubs/empot/negotiate?negotiateVersion=1 - 204 null null 0.2714ms
2026-04-02 13:48:16.067 [INF] Microsoft.AspNetCore.Hosting.Diagnostics | Request starting HTTP/1.1 POST http://localhost:5217/hubs/empot/negotiate?negotiateVersion=1 - text/plain;charset=UTF-8 0
2026-04-02 13:48:16.067 [INF] Microsoft.AspNetCore.Cors.Infrastructure.CorsService | CORS policy execution successful.
2026-04-02 13:48:16.067 [INF] Microsoft.AspNetCore.Routing.EndpointMiddleware | Executing endpoint '/hubs/empot/negotiate'
2026-04-02 13:48:16.068 [INF] Microsoft.AspNetCore.Routing.EndpointMiddleware | Executed endpoint '/hubs/empot/negotiate'
2026-04-02 13:48:16.068 [INF] Serilog.AspNetCore.RequestLoggingMiddleware | HTTP POST /hubs/empot/negotiate → 200 (0.4ms)
2026-04-02 13:48:16.068 [INF] Microsoft.AspNetCore.Hosting.Diagnostics | Request finished HTTP/1.1 POST http://localhost:5217/hubs/empot/negotiate?negotiateVersion=1 - 200 316 application/json 1.0652ms
2026-04-02 13:48:16.076 [INF] Microsoft.AspNetCore.Hosting.Diagnostics | Request starting HTTP/1.1 GET http://localhost:5217/hubs/empot?id=_EbpnedRruc4xRbADsgmgQ&access_token=eyJhbGciOiJIUzI1NiIsInR5cCI6IkpXVCJ9.eyJuYW1laWQiOiIxOCIsInVuaXF1ZV9uYW1lIjoidmFzYW50aGFrdW1hciIsImVtYWlsIjoidmFzYW50aDIwMDR2a0BnbWFpbC5jb20iLCJyb2xlIjoiU3VwZXJBZG1pbiIsIk9yZ2FuaXphdGlvbklkIjoiMiIsIk9yZ2FuaXphdGlvbkxvZ28iOiIvdXBsb2Fkcy9vcmctbG9nb3Mvb3JnLWxvZ28tNTg3M2M0NzVkOTFkNGJiZDkwNDZkZWVjNjY3ZDEzNmMuanBnIiwibmJmIjoxNzc1MTE3NDMzLCJleHAiOjE3NzUyMDM4MzMsImlhdCI6MTc3NTExNzQzMywiaXNzIjoiUHJvRGVzWC1CYWNrZW5kIiwiYXVkIjoiUHJvRGVzWC1Gcm9udGVuZCJ9.OutWjV10ZWkKhVcxGSxgj6VtM4O-j2JDOzm-bEx4Avs - null null
2026-04-02 13:48:16.076 [INF] Microsoft.AspNetCore.Cors.Infrastructure.CorsService | CORS policy execution successful.
2026-04-02 13:48:16.076 [INF] Microsoft.AspNetCore.Routing.EndpointMiddleware | Executing endpoint '/hubs/empot'
2026-04-02 13:48:53.670 [INF] Microsoft.AspNetCore.Hosting.Diagnostics | Request starting HTTP/1.1 OPTIONS http://localhost:5217/api/EmpOT/GetOTByOrgId?orgId=2 - null null
2026-04-02 13:48:53.671 [INF] Microsoft.AspNetCore.Cors.Infrastructure.CorsService | CORS policy execution successful.
2026-04-02 13:48:53.672 [INF] Microsoft.AspNetCore.Hosting.Diagnostics | Request finished HTTP/1.1 OPTIONS http://localhost:5217/api/EmpOT/GetOTByOrgId?orgId=2 - 204 null null 1.1331ms
2026-04-02 13:48:53.674 [INF] Microsoft.AspNetCore.Hosting.Diagnostics | Request starting HTTP/1.1 OPTIONS http://localhost:5217/api/employees?orgId=2 - null null
2026-04-02 13:48:53.674 [INF] Microsoft.AspNetCore.Cors.Infrastructure.CorsService | CORS policy execution successful.
2026-04-02 13:48:53.674 [INF] Microsoft.AspNetCore.Hosting.Diagnostics | Request finished HTTP/1.1 OPTIONS http://localhost:5217/api/employees?orgId=2 - 204 null null 0.1991ms
2026-04-02 13:48:53.675 [INF] Microsoft.AspNetCore.Hosting.Diagnostics | Request starting HTTP/1.1 GET http://localhost:5217/api/EmpOT/GetOTByOrgId?orgId=2 - application/json null
2026-04-02 13:48:53.675 [INF] Microsoft.AspNetCore.Cors.Infrastructure.CorsService | CORS policy execution successful.
2026-04-02 13:48:53.677 [INF] Microsoft.AspNetCore.Hosting.Diagnostics | Request starting HTTP/1.1 GET http://localhost:5217/api/employees?orgId=2 - application/json null
2026-04-02 13:48:53.677 [INF] Microsoft.AspNetCore.Cors.Infrastructure.CorsService | CORS policy execution successful.
2026-04-02 13:48:53.677 [INF] Microsoft.AspNetCore.Routing.EndpointMiddleware | Executing endpoint 'backend.Controllers.EmpOTController.GetOTByOrgId (backend)'
2026-04-02 13:48:53.677 [INF] Microsoft.AspNetCore.Routing.EndpointMiddleware | Executing endpoint 'backend.Controllers.EmployeesController.GetEmployees (backend)'
2026-04-02 13:48:53.681 [INF] Microsoft.AspNetCore.Mvc.Infrastructure.ControllerActionInvoker | Route matched with {action = "GetOTByOrgId", controller = "EmpOT"}. Executing controller action with signature System.Threading.Tasks.Task`1[Microsoft.AspNetCore.Mvc.IActionResult] GetOTByOrgId(Int32) on controller backend.Controllers.EmpOTController (backend).
2026-04-02 13:48:53.681 [INF] Microsoft.AspNetCore.Mvc.Infrastructure.ControllerActionInvoker | Route matched with {action = "GetEmployees", controller = "Employees"}. Executing controller action with signature System.Threading.Tasks.Task`1[Microsoft.AspNetCore.Mvc.IActionResult] GetEmployees(System.Nullable`1[System.Int32]) on controller backend.Controllers.EmployeesController (backend).
2026-04-02 13:48:53.687 [INF] backend.Controllers.EmployeesController | [Employees] GET all | TargetOrgId=2 | UserOrgId=2
2026-04-02 13:48:53.748 [INF] Microsoft.AspNetCore.Mvc.Infrastructure.ObjectResultExecutor | Executing OkObjectResult, writing value of type 'System.Collections.Generic.List`1[[backend.Models.EmpOT, backend, Version=1.0.0.0, Culture=neutral, PublicKeyToken=null]]'.
2026-04-02 13:48:53.750 [INF] Microsoft.AspNetCore.Mvc.Infrastructure.ControllerActionInvoker | Executed action backend.Controllers.EmpOTController.GetOTByOrgId (backend) in 68.2331ms
2026-04-02 13:48:53.750 [INF] Microsoft.AspNetCore.Routing.EndpointMiddleware | Executed endpoint 'backend.Controllers.EmpOTController.GetOTByOrgId (backend)'
2026-04-02 13:48:53.750 [INF] Serilog.AspNetCore.RequestLoggingMiddleware | HTTP GET /api/EmpOT/GetOTByOrgId → 200 (72.7ms)
2026-04-02 13:48:53.750 [INF] Microsoft.AspNetCore.Hosting.Diagnostics | Request finished HTTP/1.1 GET http://localhost:5217/api/EmpOT/GetOTByOrgId?orgId=2 - 200 null application/json; charset=utf-8 75.0338ms
2026-04-02 13:48:53.830 [INF] Microsoft.AspNetCore.Mvc.Infrastructure.ObjectResultExecutor | Executing OkObjectResult, writing value of type 'System.Collections.Generic.List`1[[backend.Models.Employee, backend, Version=1.0.0.0, Culture=neutral, PublicKeyToken=null]]'.
2026-04-02 13:48:53.832 [INF] Microsoft.AspNetCore.Mvc.Infrastructure.ControllerActionInvoker | Executed action backend.Controllers.EmployeesController.GetEmployees (backend) in 151.4337ms
2026-04-02 13:48:53.832 [INF] Microsoft.AspNetCore.Routing.EndpointMiddleware | Executed endpoint 'backend.Controllers.EmployeesController.GetEmployees (backend)'
2026-04-02 13:48:53.832 [INF] Serilog.AspNetCore.RequestLoggingMiddleware | HTTP GET /api/employees → 200 (155.4ms)
2026-04-02 13:48:53.832 [INF] Microsoft.AspNetCore.Hosting.Diagnostics | Request finished HTTP/1.1 GET http://localhost:5217/api/employees?orgId=2 - 200 null application/json; charset=utf-8 155.9349ms
2026-04-02 13:49:30.028 [INF] Microsoft.AspNetCore.Hosting.Diagnostics | Request starting HTTP/1.1 OPTIONS http://localhost:5217/api/users/organizations - null null
2026-04-02 13:49:30.029 [INF] Microsoft.AspNetCore.Cors.Infrastructure.CorsService | CORS policy execution successful.
2026-04-02 13:49:30.029 [INF] Microsoft.AspNetCore.Hosting.Diagnostics | Request finished HTTP/1.1 OPTIONS http://localhost:5217/api/users/organizations - 204 null null 0.2702ms
2026-04-02 13:49:30.031 [INF] Microsoft.AspNetCore.Hosting.Diagnostics | Request starting HTTP/1.1 GET http://localhost:5217/api/users/organizations - null null
2026-04-02 13:49:30.031 [INF] Microsoft.AspNetCore.Cors.Infrastructure.CorsService | CORS policy execution successful.
2026-04-02 13:49:30.032 [INF] Microsoft.AspNetCore.Routing.EndpointMiddleware | Executing endpoint 'backend.Controllers.UsersController.GetOrganizations (backend)'
2026-04-02 13:49:30.032 [INF] Microsoft.AspNetCore.Mvc.Infrastructure.ControllerActionInvoker | Route matched with {action = "GetOrganizations", controller = "Users"}. Executing controller action with signature System.Threading.Tasks.Task`1[Microsoft.AspNetCore.Mvc.IActionResult] GetOrganizations() on controller backend.Controllers.UsersController (backend).
2026-04-02 13:49:30.032 [INF] backend.Controllers.UsersController | [Users] GET organizations | Role=SuperAdmin | UserId=18
2026-04-02 13:49:30.160 [INF] Microsoft.AspNetCore.Mvc.Infrastructure.ObjectResultExecutor | Executing OkObjectResult, writing value of type 'System.Collections.Generic.List`1[[backend.Models.Organization, backend, Version=1.0.0.0, Culture=neutral, PublicKeyToken=null]]'.
2026-04-02 13:49:30.161 [INF] Microsoft.AspNetCore.Mvc.Infrastructure.ControllerActionInvoker | Executed action backend.Controllers.UsersController.GetOrganizations (backend) in 128.9438ms
2026-04-02 13:49:30.161 [INF] Microsoft.AspNetCore.Routing.EndpointMiddleware | Executed endpoint 'backend.Controllers.UsersController.GetOrganizations (backend)'
2026-04-02 13:49:30.161 [INF] Serilog.AspNetCore.RequestLoggingMiddleware | HTTP GET /api/users/organizations → 200 (129.3ms)
2026-04-02 13:49:30.161 [INF] Microsoft.AspNetCore.Hosting.Diagnostics | Request finished HTTP/1.1 GET http://localhost:5217/api/users/organizations - 200 null application/json; charset=utf-8 129.9801ms
2026-04-02 13:49:30.179 [INF] Microsoft.AspNetCore.Hosting.Diagnostics | Request starting HTTP/1.1 OPTIONS http://localhost:5217/api/designations?organizationId=2 - null null
2026-04-02 13:49:30.179 [INF] Microsoft.AspNetCore.Cors.Infrastructure.CorsService | CORS policy execution successful.
2026-04-02 13:49:30.179 [INF] Microsoft.AspNetCore.Hosting.Diagnostics | Request finished HTTP/1.1 OPTIONS http://localhost:5217/api/designations?organizationId=2 - 204 null null 0.1703ms
2026-04-02 13:49:30.181 [INF] Microsoft.AspNetCore.Hosting.Diagnostics | Request starting HTTP/1.1 GET http://localhost:5217/api/designations?organizationId=2 - application/json null
2026-04-02 13:49:30.181 [INF] Microsoft.AspNetCore.Cors.Infrastructure.CorsService | CORS policy execution successful.
2026-04-02 13:49:30.182 [INF] Microsoft.AspNetCore.Routing.EndpointMiddleware | Executing endpoint 'backend.Controllers.DesignationController.GetDesignations (backend)'
2026-04-02 13:49:30.183 [INF] Microsoft.AspNetCore.Mvc.Infrastructure.ControllerActionInvoker | Route matched with {action = "GetDesignations", controller = "Designation"}. Executing controller action with signature System.Threading.Tasks.Task`1[Microsoft.AspNetCore.Mvc.IActionResult] GetDesignations(System.Nullable`1[System.Int32]) on controller backend.Controllers.DesignationController (backend).
2026-04-02 13:49:30.212 [INF] backend.Controllers.DesignationController | Fetched 8 designations for OrgId 2
2026-04-02 13:49:30.212 [INF] Microsoft.AspNetCore.Mvc.Infrastructure.ObjectResultExecutor | Executing OkObjectResult, writing value of type 'System.Collections.Generic.List`1[[backend.Models.Designation, backend, Version=1.0.0.0, Culture=neutral, PublicKeyToken=null]]'.
2026-04-02 13:49:30.212 [INF] Microsoft.AspNetCore.Mvc.Infrastructure.ControllerActionInvoker | Executed action backend.Controllers.DesignationController.GetDesignations (backend) in 29.5022ms
2026-04-02 13:49:30.212 [INF] Microsoft.AspNetCore.Routing.EndpointMiddleware | Executed endpoint 'backend.Controllers.DesignationController.GetDesignations (backend)'
2026-04-02 13:49:30.212 [INF] Serilog.AspNetCore.RequestLoggingMiddleware | HTTP GET /api/designations → 200 (30.7ms)
2026-04-02 13:49:30.213 [INF] Microsoft.AspNetCore.Hosting.Diagnostics | Request finished HTTP/1.1 GET http://localhost:5217/api/designations?organizationId=2 - 200 null application/json; charset=utf-8 31.2885ms
2026-04-02 13:49:38.669 [INF] Microsoft.AspNetCore.Hosting.Diagnostics | Request starting HTTP/1.1 OPTIONS http://localhost:5217/api/AttendanceMaster?date=2026-04-02&orgId=2 - null null
2026-04-02 13:49:38.669 [INF] Microsoft.AspNetCore.Cors.Infrastructure.CorsService | CORS policy execution successful.
2026-04-02 13:49:38.669 [INF] Microsoft.AspNetCore.Hosting.Diagnostics | Request finished HTTP/1.1 OPTIONS http://localhost:5217/api/AttendanceMaster?date=2026-04-02&orgId=2 - 204 null null 0.1987ms
2026-04-02 13:49:38.670 [INF] Microsoft.AspNetCore.Hosting.Diagnostics | Request starting HTTP/1.1 OPTIONS http://localhost:5217/api/LeaveType?orgId=2 - null null
2026-04-02 13:49:38.670 [INF] Microsoft.AspNetCore.Cors.Infrastructure.CorsService | CORS policy execution successful.
2026-04-02 13:49:38.670 [INF] Microsoft.AspNetCore.Hosting.Diagnostics | Request finished HTTP/1.1 OPTIONS http://localhost:5217/api/LeaveType?orgId=2 - 204 null null 0.2446ms
2026-04-02 13:49:38.674 [INF] Microsoft.AspNetCore.Hosting.Diagnostics | Request starting HTTP/1.1 GET http://localhost:5217/api/AttendanceMaster?date=2026-04-02&orgId=2 - application/json null
2026-04-02 13:49:38.674 [INF] Microsoft.AspNetCore.Hosting.Diagnostics | Request starting HTTP/1.1 GET http://localhost:5217/api/LeaveType?orgId=2 - application/json null
2026-04-02 13:49:38.674 [INF] Microsoft.AspNetCore.Cors.Infrastructure.CorsService | CORS policy execution successful.
2026-04-02 13:49:38.674 [INF] Microsoft.AspNetCore.Cors.Infrastructure.CorsService | CORS policy execution successful.
2026-04-02 13:49:38.674 [INF] Microsoft.AspNetCore.Routing.EndpointMiddleware | Executing endpoint 'backend.Controllers.AttendanceMasterController.GetAttendance (backend)'
2026-04-02 13:49:38.674 [INF] Microsoft.AspNetCore.Routing.EndpointMiddleware | Executing endpoint 'backend.Controllers.LeaveTypeController.GetLeaveTypes (backend)'
2026-04-02 13:49:38.675 [INF] Microsoft.AspNetCore.Mvc.Infrastructure.ControllerActionInvoker | Route matched with {action = "GetAttendance", controller = "AttendanceMaster"}. Executing controller action with signature System.Threading.Tasks.Task`1[Microsoft.AspNetCore.Mvc.IActionResult] GetAttendance(System.String, System.Nullable`1[System.Int32]) on controller backend.Controllers.AttendanceMasterController (backend).
2026-04-02 13:49:38.675 [INF] Microsoft.AspNetCore.Mvc.Infrastructure.ControllerActionInvoker | Route matched with {action = "GetLeaveTypes", controller = "LeaveType"}. Executing controller action with signature System.Threading.Tasks.Task`1[Microsoft.AspNetCore.Mvc.IActionResult] GetLeaveTypes(System.Nullable`1[System.Int32]) on controller backend.Controllers.LeaveTypeController (backend).
2026-04-02 13:49:38.693 [INF] Microsoft.AspNetCore.Mvc.Infrastructure.ObjectResultExecutor | Executing OkObjectResult, writing value of type 'System.Collections.Generic.List`1[[backend.Models.LeaveType, backend, Version=1.0.0.0, Culture=neutral, PublicKeyToken=null]]'.
2026-04-02 13:49:38.694 [INF] Microsoft.AspNetCore.Mvc.Infrastructure.ControllerActionInvoker | Executed action backend.Controllers.LeaveTypeController.GetLeaveTypes (backend) in 19.6676ms
2026-04-02 13:49:38.694 [INF] Microsoft.AspNetCore.Routing.EndpointMiddleware | Executed endpoint 'backend.Controllers.LeaveTypeController.GetLeaveTypes (backend)'
2026-04-02 13:49:38.694 [INF] Serilog.AspNetCore.RequestLoggingMiddleware | HTTP GET /api/LeaveType → 200 (19.8ms)
2026-04-02 13:49:38.694 [INF] Microsoft.AspNetCore.Hosting.Diagnostics | Request finished HTTP/1.1 GET http://localhost:5217/api/LeaveType?orgId=2 - 200 null application/json; charset=utf-8 20.3405ms
2026-04-02 13:49:38.705 [INF] Microsoft.AspNetCore.Mvc.Infrastructure.ObjectResultExecutor | Executing OkObjectResult, writing value of type 'System.Collections.Generic.List`1[[backend.Models.EmpAttendanceRecord, backend, Version=1.0.0.0, Culture=neutral, PublicKeyToken=null]]'.
2026-04-02 13:49:38.705 [INF] Microsoft.AspNetCore.Mvc.Infrastructure.ControllerActionInvoker | Executed action backend.Controllers.AttendanceMasterController.GetAttendance (backend) in 30.4862ms
2026-04-02 13:49:38.705 [INF] Microsoft.AspNetCore.Routing.EndpointMiddleware | Executed endpoint 'backend.Controllers.AttendanceMasterController.GetAttendance (backend)'
2026-04-02 13:49:38.705 [INF] Serilog.AspNetCore.RequestLoggingMiddleware | HTTP GET /api/AttendanceMaster → 200 (30.7ms)
2026-04-02 13:49:38.705 [INF] Microsoft.AspNetCore.Hosting.Diagnostics | Request finished HTTP/1.1 GET http://localhost:5217/api/AttendanceMaster?date=2026-04-02&orgId=2 - 200 null application/json; charset=utf-8 31.2822ms
2026-04-02 13:51:16.067 [INF] Microsoft.AspNetCore.Routing.EndpointMiddleware | Executed endpoint '/hubs/attendance'
2026-04-02 13:51:16.067 [INF] Serilog.AspNetCore.RequestLoggingMiddleware | HTTP GET /hubs/attendance → 101 (186006.2ms)
2026-04-02 13:51:16.067 [INF] Microsoft.AspNetCore.Hosting.Diagnostics | Request finished HTTP/1.1 GET http://localhost:5217/hubs/attendance?id=bO4haO7NQvzlLOeyk2I8vQ&access_token=eyJhbGciOiJIUzI1NiIsInR5cCI6IkpXVCJ9.eyJuYW1laWQiOiIxOCIsInVuaXF1ZV9uYW1lIjoidmFzYW50aGFrdW1hciIsImVtYWlsIjoidmFzYW50aDIwMDR2a0BnbWFpbC5jb20iLCJyb2xlIjoiU3VwZXJBZG1pbiIsIk9yZ2FuaXphdGlvbklkIjoiMiIsIk9yZ2FuaXphdGlvbkxvZ28iOiIvdXBsb2Fkcy9vcmctbG9nb3Mvb3JnLWxvZ28tNTg3M2M0NzVkOTFkNGJiZDkwNDZkZWVjNjY3ZDEzNmMuanBnIiwibmJmIjoxNzc1MTE3NDMzLCJleHAiOjE3NzUyMDM4MzMsImlhdCI6MTc3NTExNzQzMywiaXNzIjoiUHJvRGVzWC1CYWNrZW5kIiwiYXVkIjoiUHJvRGVzWC1Gcm9udGVuZCJ9.OutWjV10ZWkKhVcxGSxgj6VtM4O-j2JDOzm-bEx4Avs - 101 null null 186006.6588ms
2026-04-02 13:51:16.151 [INF] Microsoft.AspNetCore.Hosting.Diagnostics | Request starting HTTP/1.1 OPTIONS http://localhost:5217/hubs/attendance/negotiate?negotiateVersion=1 - null null
2026-04-02 13:51:16.157 [INF] Microsoft.AspNetCore.Cors.Infrastructure.CorsService | CORS policy execution successful.
2026-04-02 13:51:16.157 [INF] Microsoft.AspNetCore.Hosting.Diagnostics | Request finished HTTP/1.1 OPTIONS http://localhost:5217/hubs/attendance/negotiate?negotiateVersion=1 - 204 null null 6.0894ms
2026-04-02 13:51:16.161 [INF] Microsoft.AspNetCore.Hosting.Diagnostics | Request starting HTTP/1.1 POST http://localhost:5217/hubs/attendance/negotiate?negotiateVersion=1 - text/plain;charset=UTF-8 0
2026-04-02 13:51:16.172 [INF] Microsoft.AspNetCore.Cors.Infrastructure.CorsService | CORS policy execution successful.
2026-04-02 13:51:16.174 [INF] Microsoft.AspNetCore.Routing.EndpointMiddleware | Executing endpoint '/hubs/attendance/negotiate'
2026-04-02 13:51:16.180 [INF] Microsoft.AspNetCore.Routing.EndpointMiddleware | Executed endpoint '/hubs/attendance/negotiate'
2026-04-02 13:51:16.180 [INF] Serilog.AspNetCore.RequestLoggingMiddleware | HTTP POST /hubs/attendance/negotiate → 200 (6.1ms)
2026-04-02 13:51:16.180 [INF] Microsoft.AspNetCore.Hosting.Diagnostics | Request finished HTTP/1.1 POST http://localhost:5217/hubs/attendance/negotiate?negotiateVersion=1 - 200 316 application/json 19.1099ms
2026-04-02 13:51:16.225 [INF] Microsoft.AspNetCore.Hosting.Diagnostics | Request starting HTTP/1.1 GET http://localhost:5217/hubs/attendance?id=D9dFYT3nmzX_WfGERMQq7A&access_token=eyJhbGciOiJIUzI1NiIsInR5cCI6IkpXVCJ9.eyJuYW1laWQiOiIxOCIsInVuaXF1ZV9uYW1lIjoidmFzYW50aGFrdW1hciIsImVtYWlsIjoidmFzYW50aDIwMDR2a0BnbWFpbC5jb20iLCJyb2xlIjoiU3VwZXJBZG1pbiIsIk9yZ2FuaXphdGlvbklkIjoiMiIsIk9yZ2FuaXphdGlvbkxvZ28iOiIvdXBsb2Fkcy9vcmctbG9nb3Mvb3JnLWxvZ28tNTg3M2M0NzVkOTFkNGJiZDkwNDZkZWVjNjY3ZDEzNmMuanBnIiwibmJmIjoxNzc1MTE3NDMzLCJleHAiOjE3NzUyMDM4MzMsImlhdCI6MTc3NTExNzQzMywiaXNzIjoiUHJvRGVzWC1CYWNrZW5kIiwiYXVkIjoiUHJvRGVzWC1Gcm9udGVuZCJ9.OutWjV10ZWkKhVcxGSxgj6VtM4O-j2JDOzm-bEx4Avs - null null
2026-04-02 13:51:16.226 [INF] Microsoft.AspNetCore.Cors.Infrastructure.CorsService | CORS policy execution successful.
2026-04-02 13:51:16.229 [INF] Microsoft.AspNetCore.Routing.EndpointMiddleware | Executing endpoint '/hubs/attendance'
2026-04-02 13:51:22.047 [INF] Microsoft.AspNetCore.Routing.EndpointMiddleware | Executed endpoint '/hubs/empot'
2026-04-02 13:51:22.047 [INF] Serilog.AspNetCore.RequestLoggingMiddleware | HTTP GET /hubs/empot → 101 (185971.5ms)
2026-04-02 13:51:22.048 [INF] Microsoft.AspNetCore.Hosting.Diagnostics | Request finished HTTP/1.1 GET http://localhost:5217/hubs/empot?id=_EbpnedRruc4xRbADsgmgQ&access_token=eyJhbGciOiJIUzI1NiIsInR5cCI6IkpXVCJ9.eyJuYW1laWQiOiIxOCIsInVuaXF1ZV9uYW1lIjoidmFzYW50aGFrdW1hciIsImVtYWlsIjoidmFzYW50aDIwMDR2a0BnbWFpbC5jb20iLCJyb2xlIjoiU3VwZXJBZG1pbiIsIk9yZ2FuaXphdGlvbklkIjoiMiIsIk9yZ2FuaXphdGlvbkxvZ28iOiIvdXBsb2Fkcy9vcmctbG9nb3Mvb3JnLWxvZ28tNTg3M2M0NzVkOTFkNGJiZDkwNDZkZWVjNjY3ZDEzNmMuanBnIiwibmJmIjoxNzc1MTE3NDMzLCJleHAiOjE3NzUyMDM4MzMsImlhdCI6MTc3NTExNzQzMywiaXNzIjoiUHJvRGVzWC1CYWNrZW5kIiwiYXVkIjoiUHJvRGVzWC1Gcm9udGVuZCJ9.OutWjV10ZWkKhVcxGSxgj6VtM4O-j2JDOzm-bEx4Avs - 101 null null 185971.9914ms
2026-04-02 13:51:22.053 [INF] Microsoft.AspNetCore.Hosting.Diagnostics | Request starting HTTP/1.1 OPTIONS http://localhost:5217/hubs/empot/negotiate?negotiateVersion=1 - null null
2026-04-02 13:51:22.053 [INF] Microsoft.AspNetCore.Cors.Infrastructure.CorsService | CORS policy execution successful.
2026-04-02 13:51:22.053 [INF] Microsoft.AspNetCore.Hosting.Diagnostics | Request finished HTTP/1.1 OPTIONS http://localhost:5217/hubs/empot/negotiate?negotiateVersion=1 - 204 null null 0.2175ms
2026-04-02 13:51:22.054 [INF] Microsoft.AspNetCore.Hosting.Diagnostics | Request starting HTTP/1.1 POST http://localhost:5217/hubs/empot/negotiate?negotiateVersion=1 - text/plain;charset=UTF-8 0
2026-04-02 13:51:22.054 [INF] Microsoft.AspNetCore.Cors.Infrastructure.CorsService | CORS policy execution successful.
2026-04-02 13:51:22.055 [INF] Microsoft.AspNetCore.Routing.EndpointMiddleware | Executing endpoint '/hubs/empot/negotiate'
2026-04-02 13:51:22.055 [INF] Microsoft.AspNetCore.Routing.EndpointMiddleware | Executed endpoint '/hubs/empot/negotiate'
2026-04-02 13:51:22.055 [INF] Serilog.AspNetCore.RequestLoggingMiddleware | HTTP POST /hubs/empot/negotiate → 200 (0.2ms)
2026-04-02 13:51:22.055 [INF] Microsoft.AspNetCore.Hosting.Diagnostics | Request finished HTTP/1.1 POST http://localhost:5217/hubs/empot/negotiate?negotiateVersion=1 - 200 316 application/json 0.8095ms
2026-04-02 13:51:22.061 [INF] Microsoft.AspNetCore.Hosting.Diagnostics | Request starting HTTP/1.1 GET http://localhost:5217/hubs/empot?id=bHehmXeUgAZgLGj7FbBcOw&access_token=eyJhbGciOiJIUzI1NiIsInR5cCI6IkpXVCJ9.eyJuYW1laWQiOiIxOCIsInVuaXF1ZV9uYW1lIjoidmFzYW50aGFrdW1hciIsImVtYWlsIjoidmFzYW50aDIwMDR2a0BnbWFpbC5jb20iLCJyb2xlIjoiU3VwZXJBZG1pbiIsIk9yZ2FuaXphdGlvbklkIjoiMiIsIk9yZ2FuaXphdGlvbkxvZ28iOiIvdXBsb2Fkcy9vcmctbG9nb3Mvb3JnLWxvZ28tNTg3M2M0NzVkOTFkNGJiZDkwNDZkZWVjNjY3ZDEzNmMuanBnIiwibmJmIjoxNzc1MTE3NDMzLCJleHAiOjE3NzUyMDM4MzMsImlhdCI6MTc3NTExNzQzMywiaXNzIjoiUHJvRGVzWC1CYWNrZW5kIiwiYXVkIjoiUHJvRGVzWC1Gcm9udGVuZCJ9.OutWjV10ZWkKhVcxGSxgj6VtM4O-j2JDOzm-bEx4Avs - null null
2026-04-02 13:51:22.061 [INF] Microsoft.AspNetCore.Cors.Infrastructure.CorsService | CORS policy execution successful.
2026-04-02 13:51:22.062 [INF] Microsoft.AspNetCore.Routing.EndpointMiddleware | Executing endpoint '/hubs/empot'
2026-04-02 13:53:22.076 [INF] Microsoft.AspNetCore.Routing.EndpointMiddleware | Executed endpoint '/hubs/attendance'
2026-04-02 13:53:22.076 [INF] Serilog.AspNetCore.RequestLoggingMiddleware | HTTP GET /hubs/attendance → 101 (125847.3ms)
2026-04-02 13:53:22.077 [INF] Microsoft.AspNetCore.Hosting.Diagnostics | Request finished HTTP/1.1 GET http://localhost:5217/hubs/attendance?id=D9dFYT3nmzX_WfGERMQq7A&access_token=eyJhbGciOiJIUzI1NiIsInR5cCI6IkpXVCJ9.eyJuYW1laWQiOiIxOCIsInVuaXF1ZV9uYW1lIjoidmFzYW50aGFrdW1hciIsImVtYWlsIjoidmFzYW50aDIwMDR2a0BnbWFpbC5jb20iLCJyb2xlIjoiU3VwZXJBZG1pbiIsIk9yZ2FuaXphdGlvbklkIjoiMiIsIk9yZ2FuaXphdGlvbkxvZ28iOiIvdXBsb2Fkcy9vcmctbG9nb3Mvb3JnLWxvZ28tNTg3M2M0NzVkOTFkNGJiZDkwNDZkZWVjNjY3ZDEzNmMuanBnIiwibmJmIjoxNzc1MTE3NDMzLCJleHAiOjE3NzUyMDM4MzMsImlhdCI6MTc3NTExNzQzMywiaXNzIjoiUHJvRGVzWC1CYWNrZW5kIiwiYXVkIjoiUHJvRGVzWC1Gcm9udGVuZCJ9.OutWjV10ZWkKhVcxGSxgj6VtM4O-j2JDOzm-bEx4Avs - 101 null null 125851.2518ms
2026-04-02 13:53:22.083 [INF] Microsoft.AspNetCore.Hosting.Diagnostics | Request starting HTTP/1.1 OPTIONS http://localhost:5217/hubs/attendance/negotiate?negotiateVersion=1 - null null
2026-04-02 13:53:22.083 [INF] Microsoft.AspNetCore.Cors.Infrastructure.CorsService | CORS policy execution successful.
2026-04-02 13:53:22.084 [INF] Microsoft.AspNetCore.Hosting.Diagnostics | Request finished HTTP/1.1 OPTIONS http://localhost:5217/hubs/attendance/negotiate?negotiateVersion=1 - 204 null null 0.4728ms
2026-04-02 13:53:22.085 [INF] Microsoft.AspNetCore.Hosting.Diagnostics | Request starting HTTP/1.1 POST http://localhost:5217/hubs/attendance/negotiate?negotiateVersion=1 - text/plain;charset=UTF-8 0
2026-04-02 13:53:22.085 [INF] Microsoft.AspNetCore.Cors.Infrastructure.CorsService | CORS policy execution successful.
2026-04-02 13:53:22.086 [INF] Microsoft.AspNetCore.Routing.EndpointMiddleware | Executing endpoint '/hubs/attendance/negotiate'
2026-04-02 13:53:22.087 [INF] Microsoft.AspNetCore.Routing.EndpointMiddleware | Executed endpoint '/hubs/attendance/negotiate'
2026-04-02 13:53:22.087 [INF] Serilog.AspNetCore.RequestLoggingMiddleware | HTTP POST /hubs/attendance/negotiate → 200 (0.6ms)
2026-04-02 13:53:22.087 [INF] Microsoft.AspNetCore.Hosting.Diagnostics | Request finished HTTP/1.1 POST http://localhost:5217/hubs/attendance/negotiate?negotiateVersion=1 - 200 316 application/json 2.1061ms
2026-04-02 13:53:22.097 [INF] Microsoft.AspNetCore.Hosting.Diagnostics | Request starting HTTP/1.1 GET http://localhost:5217/hubs/attendance?id=ZkkOI-GdcyAo4N7_vTHcrQ&access_token=eyJhbGciOiJIUzI1NiIsInR5cCI6IkpXVCJ9.eyJuYW1laWQiOiIxOCIsInVuaXF1ZV9uYW1lIjoidmFzYW50aGFrdW1hciIsImVtYWlsIjoidmFzYW50aDIwMDR2a0BnbWFpbC5jb20iLCJyb2xlIjoiU3VwZXJBZG1pbiIsIk9yZ2FuaXphdGlvbklkIjoiMiIsIk9yZ2FuaXphdGlvbkxvZ28iOiIvdXBsb2Fkcy9vcmctbG9nb3Mvb3JnLWxvZ28tNTg3M2M0NzVkOTFkNGJiZDkwNDZkZWVjNjY3ZDEzNmMuanBnIiwibmJmIjoxNzc1MTE3NDMzLCJleHAiOjE3NzUyMDM4MzMsImlhdCI6MTc3NTExNzQzMywiaXNzIjoiUHJvRGVzWC1CYWNrZW5kIiwiYXVkIjoiUHJvRGVzWC1Gcm9udGVuZCJ9.OutWjV10ZWkKhVcxGSxgj6VtM4O-j2JDOzm-bEx4Avs - null null
2026-04-02 13:53:22.097 [INF] Microsoft.AspNetCore.Cors.Infrastructure.CorsService | CORS policy execution successful.
2026-04-02 13:53:22.098 [INF] Microsoft.AspNetCore.Routing.EndpointMiddleware | Executing endpoint '/hubs/attendance'
2026-04-02 13:53:27.055 [INF] Microsoft.AspNetCore.Routing.EndpointMiddleware | Executed endpoint '/hubs/empot'
2026-04-02 13:53:27.055 [INF] Serilog.AspNetCore.RequestLoggingMiddleware | HTTP GET /hubs/empot → 101 (124993.1ms)
2026-04-02 13:53:27.055 [INF] Microsoft.AspNetCore.Hosting.Diagnostics | Request finished HTTP/1.1 GET http://localhost:5217/hubs/empot?id=bHehmXeUgAZgLGj7FbBcOw&access_token=eyJhbGciOiJIUzI1NiIsInR5cCI6IkpXVCJ9.eyJuYW1laWQiOiIxOCIsInVuaXF1ZV9uYW1lIjoidmFzYW50aGFrdW1hciIsImVtYWlsIjoidmFzYW50aDIwMDR2a0BnbWFpbC5jb20iLCJyb2xlIjoiU3VwZXJBZG1pbiIsIk9yZ2FuaXphdGlvbklkIjoiMiIsIk9yZ2FuaXphdGlvbkxvZ28iOiIvdXBsb2Fkcy9vcmctbG9nb3Mvb3JnLWxvZ28tNTg3M2M0NzVkOTFkNGJiZDkwNDZkZWVjNjY3ZDEzNmMuanBnIiwibmJmIjoxNzc1MTE3NDMzLCJleHAiOjE3NzUyMDM4MzMsImlhdCI6MTc3NTExNzQzMywiaXNzIjoiUHJvRGVzWC1CYWNrZW5kIiwiYXVkIjoiUHJvRGVzWC1Gcm9udGVuZCJ9.OutWjV10ZWkKhVcxGSxgj6VtM4O-j2JDOzm-bEx4Avs - 101 null null 124993.5681ms
2026-04-02 13:53:27.063 [INF] Microsoft.AspNetCore.Hosting.Diagnostics | Request starting HTTP/1.1 OPTIONS http://localhost:5217/hubs/empot/negotiate?negotiateVersion=1 - null null
2026-04-02 13:53:27.063 [INF] Microsoft.AspNetCore.Cors.Infrastructure.CorsService | CORS policy execution successful.
2026-04-02 13:53:27.063 [INF] Microsoft.AspNetCore.Hosting.Diagnostics | Request finished HTTP/1.1 OPTIONS http://localhost:5217/hubs/empot/negotiate?negotiateVersion=1 - 204 null null 0.2069ms
2026-04-02 13:53:27.064 [INF] Microsoft.AspNetCore.Hosting.Diagnostics | Request starting HTTP/1.1 POST http://localhost:5217/hubs/empot/negotiate?negotiateVersion=1 - text/plain;charset=UTF-8 0
2026-04-02 13:53:27.064 [INF] Microsoft.AspNetCore.Cors.Infrastructure.CorsService | CORS policy execution successful.
2026-04-02 13:53:27.064 [INF] Microsoft.AspNetCore.Routing.EndpointMiddleware | Executing endpoint '/hubs/empot/negotiate'
2026-04-02 13:53:27.064 [INF] Microsoft.AspNetCore.Routing.EndpointMiddleware | Executed endpoint '/hubs/empot/negotiate'
2026-04-02 13:53:27.065 [INF] Serilog.AspNetCore.RequestLoggingMiddleware | HTTP POST /hubs/empot/negotiate → 200 (0.3ms)
2026-04-02 13:53:27.065 [INF] Microsoft.AspNetCore.Hosting.Diagnostics | Request finished HTTP/1.1 POST http://localhost:5217/hubs/empot/negotiate?negotiateVersion=1 - 200 316 application/json 0.6387ms
2026-04-02 13:53:27.072 [INF] Microsoft.AspNetCore.Hosting.Diagnostics | Request starting HTTP/1.1 GET http://localhost:5217/hubs/empot?id=vujCH_pCLY9UbrdjqsUxCg&access_token=eyJhbGciOiJIUzI1NiIsInR5cCI6IkpXVCJ9.eyJuYW1laWQiOiIxOCIsInVuaXF1ZV9uYW1lIjoidmFzYW50aGFrdW1hciIsImVtYWlsIjoidmFzYW50aDIwMDR2a0BnbWFpbC5jb20iLCJyb2xlIjoiU3VwZXJBZG1pbiIsIk9yZ2FuaXphdGlvbklkIjoiMiIsIk9yZ2FuaXphdGlvbkxvZ28iOiIvdXBsb2Fkcy9vcmctbG9nb3Mvb3JnLWxvZ28tNTg3M2M0NzVkOTFkNGJiZDkwNDZkZWVjNjY3ZDEzNmMuanBnIiwibmJmIjoxNzc1MTE3NDMzLCJleHAiOjE3NzUyMDM4MzMsImlhdCI6MTc3NTExNzQzMywiaXNzIjoiUHJvRGVzWC1CYWNrZW5kIiwiYXVkIjoiUHJvRGVzWC1Gcm9udGVuZCJ9.OutWjV10ZWkKhVcxGSxgj6VtM4O-j2JDOzm-bEx4Avs - null null
2026-04-02 13:53:27.072 [INF] Microsoft.AspNetCore.Cors.Infrastructure.CorsService | CORS policy execution successful.
2026-04-02 13:53:27.073 [INF] Microsoft.AspNetCore.Routing.EndpointMiddleware | Executing endpoint '/hubs/empot'
2026-04-02 13:53:33.834 [INF] Microsoft.AspNetCore.Hosting.Diagnostics | Request starting HTTP/1.1 OPTIONS http://localhost:5217/api/users/organizations - null null
2026-04-02 13:53:33.834 [INF] Microsoft.AspNetCore.Cors.Infrastructure.CorsService | CORS policy execution successful.
2026-04-02 13:53:33.835 [INF] Microsoft.AspNetCore.Hosting.Diagnostics | Request finished HTTP/1.1 OPTIONS http://localhost:5217/api/users/organizations - 204 null null 0.5536ms
2026-04-02 13:53:33.837 [INF] Microsoft.AspNetCore.Hosting.Diagnostics | Request starting HTTP/1.1 GET http://localhost:5217/api/users/organizations - null null
2026-04-02 13:53:33.837 [INF] Microsoft.AspNetCore.Cors.Infrastructure.CorsService | CORS policy execution successful.
2026-04-02 13:53:33.838 [INF] Microsoft.AspNetCore.Routing.EndpointMiddleware | Executing endpoint 'backend.Controllers.UsersController.GetOrganizations (backend)'
2026-04-02 13:53:33.842 [INF] Microsoft.AspNetCore.Mvc.Infrastructure.ControllerActionInvoker | Route matched with {action = "GetOrganizations", controller = "Users"}. Executing controller action with signature System.Threading.Tasks.Task`1[Microsoft.AspNetCore.Mvc.IActionResult] GetOrganizations() on controller backend.Controllers.UsersController (backend).
2026-04-02 13:53:33.843 [INF] backend.Controllers.UsersController | [Users] GET organizations | Role=SuperAdmin | UserId=18
2026-04-02 13:53:33.864 [INF] Microsoft.AspNetCore.Mvc.Infrastructure.ObjectResultExecutor | Executing OkObjectResult, writing value of type 'System.Collections.Generic.List`1[[backend.Models.Organization, backend, Version=1.0.0.0, Culture=neutral, PublicKeyToken=null]]'.
2026-04-02 13:53:33.865 [INF] Microsoft.AspNetCore.Mvc.Infrastructure.ControllerActionInvoker | Executed action backend.Controllers.UsersController.GetOrganizations (backend) in 22.8605ms
2026-04-02 13:53:33.865 [INF] Microsoft.AspNetCore.Routing.EndpointMiddleware | Executed endpoint 'backend.Controllers.UsersController.GetOrganizations (backend)'
2026-04-02 13:53:33.865 [INF] Serilog.AspNetCore.RequestLoggingMiddleware | HTTP GET /api/users/organizations → 200 (27.0ms)
2026-04-02 13:53:33.865 [INF] Microsoft.AspNetCore.Hosting.Diagnostics | Request finished HTTP/1.1 GET http://localhost:5217/api/users/organizations - 200 null application/json; charset=utf-8 28.2977ms
2026-04-02 13:53:36.510 [INF] Microsoft.AspNetCore.Hosting.Diagnostics | Request starting HTTP/1.1 OPTIONS http://localhost:5217/api/organizations - null null
2026-04-02 13:53:36.510 [INF] Microsoft.AspNetCore.Cors.Infrastructure.CorsService | CORS policy execution successful.
2026-04-02 13:53:36.510 [INF] Microsoft.AspNetCore.Hosting.Diagnostics | Request finished HTTP/1.1 OPTIONS http://localhost:5217/api/organizations - 204 null null 0.2315ms
2026-04-02 13:53:36.511 [INF] Microsoft.AspNetCore.Hosting.Diagnostics | Request starting HTTP/1.1 GET http://localhost:5217/api/organizations - application/json null
2026-04-02 13:53:36.512 [INF] Microsoft.AspNetCore.Cors.Infrastructure.CorsService | CORS policy execution successful.
2026-04-02 13:53:36.512 [INF] Microsoft.AspNetCore.Routing.EndpointMiddleware | Executing endpoint 'backend.Controllers.OrganizationsController.GetOrganizations (backend)'
2026-04-02 13:53:36.512 [INF] Microsoft.AspNetCore.Mvc.Infrastructure.ControllerActionInvoker | Route matched with {action = "GetOrganizations", controller = "Organizations"}. Executing controller action with signature System.Threading.Tasks.Task`1[Microsoft.AspNetCore.Mvc.IActionResult] GetOrganizations() on controller backend.Controllers.OrganizationsController (backend).
2026-04-02 13:53:36.513 [INF] backend.Controllers.OrganizationsController | [Orgs] GET all requested | Role=SuperAdmin | UserId=18
2026-04-02 13:53:36.528 [INF] Microsoft.AspNetCore.Mvc.Infrastructure.ObjectResultExecutor | Executing OkObjectResult, writing value of type 'System.Collections.Generic.List`1[[backend.Models.Organization, backend, Version=1.0.0.0, Culture=neutral, PublicKeyToken=null]]'.
2026-04-02 13:53:36.529 [INF] Microsoft.AspNetCore.Mvc.Infrastructure.ControllerActionInvoker | Executed action backend.Controllers.OrganizationsController.GetOrganizations (backend) in 16.0724ms
2026-04-02 13:53:36.529 [INF] Microsoft.AspNetCore.Routing.EndpointMiddleware | Executed endpoint 'backend.Controllers.OrganizationsController.GetOrganizations (backend)'
2026-04-02 13:53:36.529 [INF] Serilog.AspNetCore.RequestLoggingMiddleware | HTTP GET /api/organizations → 200 (16.7ms)
2026-04-02 13:53:36.529 [INF] Microsoft.AspNetCore.Hosting.Diagnostics | Request finished HTTP/1.1 GET http://localhost:5217/api/organizations - 200 null application/json; charset=utf-8 17.2005ms
2026-04-02 13:53:37.328 [INF] Microsoft.AspNetCore.Hosting.Diagnostics | Request starting HTTP/1.1 OPTIONS http://localhost:5217/api/leads - null null
2026-04-02 13:53:37.328 [INF] Microsoft.AspNetCore.Cors.Infrastructure.CorsService | CORS policy execution successful.
2026-04-02 13:53:37.328 [INF] Microsoft.AspNetCore.Hosting.Diagnostics | Request finished HTTP/1.1 OPTIONS http://localhost:5217/api/leads - 204 null null 0.3354ms
2026-04-02 13:53:37.330 [INF] Microsoft.AspNetCore.Hosting.Diagnostics | Request starting HTTP/1.1 GET http://localhost:5217/api/leads - application/json null
2026-04-02 13:53:37.330 [INF] Microsoft.AspNetCore.Cors.Infrastructure.CorsService | CORS policy execution successful.
2026-04-02 13:53:37.330 [INF] Microsoft.AspNetCore.Routing.EndpointMiddleware | Executing endpoint 'backend.Controllers.LeadsController.GetLeads (backend)'
2026-04-02 13:53:37.331 [INF] Microsoft.AspNetCore.Mvc.Infrastructure.ControllerActionInvoker | Route matched with {action = "GetLeads", controller = "Leads"}. Executing controller action with signature System.Threading.Tasks.Task`1[System.Collections.Generic.IEnumerable`1[backend.Models.Lead]] GetLeads() on controller backend.Controllers.LeadsController (backend).
2026-04-02 13:53:37.347 [INF] Microsoft.AspNetCore.Mvc.Infrastructure.ObjectResultExecutor | Executing ObjectResult, writing value of type 'System.Collections.Generic.List`1[[backend.Models.Lead, backend, Version=1.0.0.0, Culture=neutral, PublicKeyToken=null]]'.
2026-04-02 13:53:37.348 [INF] Microsoft.AspNetCore.Mvc.Infrastructure.ControllerActionInvoker | Executed action backend.Controllers.LeadsController.GetLeads (backend) in 17.0643ms
2026-04-02 13:53:37.348 [INF] Microsoft.AspNetCore.Routing.EndpointMiddleware | Executed endpoint 'backend.Controllers.LeadsController.GetLeads (backend)'
2026-04-02 13:53:37.348 [INF] Serilog.AspNetCore.RequestLoggingMiddleware | HTTP GET /api/leads → 200 (18.2ms)
2026-04-02 13:53:37.348 [INF] Microsoft.AspNetCore.Hosting.Diagnostics | Request finished HTTP/1.1 GET http://localhost:5217/api/leads - 200 null application/json; charset=utf-8 18.6093ms
2026-04-02 13:53:37.481 [INF] Microsoft.AspNetCore.Hosting.Diagnostics | Request starting HTTP/1.1 OPTIONS http://localhost:5217/api/employees?organizationId=2 - null null
2026-04-02 13:53:37.481 [INF] Microsoft.AspNetCore.Cors.Infrastructure.CorsService | CORS policy execution successful.
2026-04-02 13:53:37.481 [INF] Microsoft.AspNetCore.Hosting.Diagnostics | Request finished HTTP/1.1 OPTIONS http://localhost:5217/api/employees?organizationId=2 - 204 null null 0.3202ms
2026-04-02 13:53:37.483 [INF] Microsoft.AspNetCore.Hosting.Diagnostics | Request starting HTTP/1.1 GET http://localhost:5217/api/employees?organizationId=2 - application/json null
2026-04-02 13:53:37.483 [INF] Microsoft.AspNetCore.Cors.Infrastructure.CorsService | CORS policy execution successful.
2026-04-02 13:53:37.484 [INF] Microsoft.AspNetCore.Routing.EndpointMiddleware | Executing endpoint 'backend.Controllers.EmployeesController.GetEmployees (backend)'
2026-04-02 13:53:37.484 [INF] Microsoft.AspNetCore.Mvc.Infrastructure.ControllerActionInvoker | Route matched with {action = "GetEmployees", controller = "Employees"}. Executing controller action with signature System.Threading.Tasks.Task`1[Microsoft.AspNetCore.Mvc.IActionResult] GetEmployees(System.Nullable`1[System.Int32]) on controller backend.Controllers.EmployeesController (backend).
2026-04-02 13:53:37.490 [INF] backend.Controllers.EmployeesController | [Employees] GET all | TargetOrgId=2 | UserOrgId=2
2026-04-02 13:53:37.514 [INF] Microsoft.AspNetCore.Mvc.Infrastructure.ObjectResultExecutor | Executing OkObjectResult, writing value of type 'System.Collections.Generic.List`1[[backend.Models.Employee, backend, Version=1.0.0.0, Culture=neutral, PublicKeyToken=null]]'.
2026-04-02 13:53:37.516 [INF] Microsoft.AspNetCore.Mvc.Infrastructure.ControllerActionInvoker | Executed action backend.Controllers.EmployeesController.GetEmployees (backend) in 32.1271ms
2026-04-02 13:53:37.516 [INF] Microsoft.AspNetCore.Routing.EndpointMiddleware | Executed endpoint 'backend.Controllers.EmployeesController.GetEmployees (backend)'
2026-04-02 13:53:37.516 [INF] Serilog.AspNetCore.RequestLoggingMiddleware | HTTP GET /api/employees → 200 (32.8ms)
2026-04-02 13:53:37.517 [INF] Microsoft.AspNetCore.Hosting.Diagnostics | Request finished HTTP/1.1 GET http://localhost:5217/api/employees?organizationId=2 - 200 null application/json; charset=utf-8 33.4578ms
2026-04-02 13:53:37.562 [INF] Microsoft.AspNetCore.Hosting.Diagnostics | Request starting HTTP/1.1 OPTIONS http://localhost:5217/api/ShiftAssignments/roster?start=2026-04-02&end=2026-04-09&orgId=2 - null null
2026-04-02 13:53:37.563 [INF] Microsoft.AspNetCore.Cors.Infrastructure.CorsService | CORS policy execution successful.
2026-04-02 13:53:37.563 [INF] Microsoft.AspNetCore.Hosting.Diagnostics | Request finished HTTP/1.1 OPTIONS http://localhost:5217/api/ShiftAssignments/roster?start=2026-04-02&end=2026-04-09&orgId=2 - 204 null null 0.9409ms
2026-04-02 13:53:37.565 [INF] Microsoft.AspNetCore.Hosting.Diagnostics | Request starting HTTP/1.1 GET http://localhost:5217/api/ShiftAssignments/roster?start=2026-04-02&end=2026-04-09&orgId=2 - application/json null
2026-04-02 13:53:37.565 [INF] Microsoft.AspNetCore.Cors.Infrastructure.CorsService | CORS policy execution successful.
2026-04-02 13:53:37.565 [INF] Microsoft.AspNetCore.Routing.EndpointMiddleware | Executing endpoint 'backend.Controllers.ShiftAssignmentsController.GetMonthlyRosterFixed (backend)'
2026-04-02 13:53:37.565 [INF] Microsoft.AspNetCore.Mvc.Infrastructure.ControllerActionInvoker | Route matched with {action = "GetMonthlyRosterFixed", controller = "ShiftAssignments"}. Executing controller action with signature System.Threading.Tasks.Task`1[Microsoft.AspNetCore.Mvc.IActionResult] GetMonthlyRosterFixed(System.String, System.String, System.Nullable`1[System.Int32]) on controller backend.Controllers.ShiftAssignmentsController (backend).
2026-04-02 13:53:37.608 [INF] Microsoft.AspNetCore.Mvc.Infrastructure.ObjectResultExecutor | Executing OkObjectResult, writing value of type 'System.Collections.Generic.List`1[[backend.Models.EmployeeSchedule, backend, Version=1.0.0.0, Culture=neutral, PublicKeyToken=null]]'.
2026-04-02 13:53:37.609 [INF] Microsoft.AspNetCore.Mvc.Infrastructure.ControllerActionInvoker | Executed action backend.Controllers.ShiftAssignmentsController.GetMonthlyRosterFixed (backend) in 43.4534ms
2026-04-02 13:53:37.609 [INF] Microsoft.AspNetCore.Routing.EndpointMiddleware | Executed endpoint 'backend.Controllers.ShiftAssignmentsController.GetMonthlyRosterFixed (backend)'
2026-04-02 13:53:37.609 [INF] Serilog.AspNetCore.RequestLoggingMiddleware | HTTP GET /api/ShiftAssignments/roster → 200 (43.8ms)
2026-04-02 13:53:37.609 [INF] Microsoft.AspNetCore.Hosting.Diagnostics | Request finished HTTP/1.1 GET http://localhost:5217/api/ShiftAssignments/roster?start=2026-04-02&end=2026-04-09&orgId=2 - 200 null application/json; charset=utf-8 44.4831ms
2026-04-02 13:53:37.635 [INF] Microsoft.AspNetCore.Hosting.Diagnostics | Request starting HTTP/1.1 OPTIONS http://localhost:5217/api/Attendance/status?employeeId=31&orgId=2 - null null
2026-04-02 13:53:37.636 [INF] Microsoft.AspNetCore.Cors.Infrastructure.CorsService | CORS policy execution successful.
2026-04-02 13:53:37.636 [INF] Microsoft.AspNetCore.Hosting.Diagnostics | Request finished HTTP/1.1 OPTIONS http://localhost:5217/api/Attendance/status?employeeId=31&orgId=2 - 204 null null 0.2022ms
2026-04-02 13:53:37.638 [INF] Microsoft.AspNetCore.Hosting.Diagnostics | Request starting HTTP/1.1 GET http://localhost:5217/api/Attendance/status?employeeId=31&orgId=2 - application/json null
2026-04-02 13:53:37.638 [INF] Microsoft.AspNetCore.Cors.Infrastructure.CorsService | CORS policy execution successful.
2026-04-02 13:53:37.638 [INF] Microsoft.AspNetCore.Routing.EndpointMiddleware | Executing endpoint 'backend.Controllers.AttendanceController.GetStatus (backend)'
2026-04-02 13:53:37.639 [INF] Microsoft.AspNetCore.Mvc.Infrastructure.ControllerActionInvoker | Route matched with {action = "GetStatus", controller = "Attendance"}. Executing controller action with signature System.Threading.Tasks.Task`1[Microsoft.AspNetCore.Mvc.IActionResult] GetStatus(Int32, Int32) on controller backend.Controllers.AttendanceController (backend).
2026-04-02 13:53:37.666 [ERR] backend.Controllers.AttendanceController | Error getting attendance status
Microsoft.Data.SqlClient.SqlException (0x80131904): Invalid column name 'FN'.
Invalid column name 'AN'.
   at System.Threading.Tasks.ContinuationResultTaskFromResultTask`2.InnerInvoke()
   at System.Threading.ExecutionContext.RunInternal(ExecutionContext executionContext, ContextCallback callback, Object state)
--- End of stack trace from previous location ---
   at System.Threading.ExecutionContext.RunInternal(ExecutionContext executionContext, ContextCallback callback, Object state)
   at System.Threading.Tasks.Task.ExecuteWithThreadLocal(Task& currentTaskSlot, Thread threadPoolThread)
--- End of stack trace from previous location ---
   at Dapper.SqlMapper.QueryRowAsync[T](IDbConnection cnn, Row row, Type effectiveType, CommandDefinition command) in /_/Dapper/SqlMapper.Async.cs:line 489
   at backend.Controllers.AttendanceController.GetStatus(Int32 employeeId, Int32 orgId) in C:\Repos_Work\Prodesx_HRM_Mobile_Application\backend\Controllers\AttendanceController.cs:line 235
ClientConnectionId:32dc4569-c552-4fea-96a7-e0cc54e16d3c
Error Number:207,State:1,Class:16
2026-04-02 13:53:37.693 [INF] Microsoft.AspNetCore.Mvc.Infrastructure.ObjectResultExecutor | Executing ObjectResult, writing value of type 'System.String'.
2026-04-02 13:53:37.695 [INF] Microsoft.AspNetCore.Mvc.Infrastructure.ControllerActionInvoker | Executed action backend.Controllers.AttendanceController.GetStatus (backend) in 55.9096ms
2026-04-02 13:53:37.695 [INF] Microsoft.AspNetCore.Routing.EndpointMiddleware | Executed endpoint 'backend.Controllers.AttendanceController.GetStatus (backend)'
2026-04-02 13:53:37.695 [ERR] Serilog.AspNetCore.RequestLoggingMiddleware | HTTP GET /api/Attendance/status → 500 (56.3ms)
2026-04-02 13:53:37.695 [INF] Microsoft.AspNetCore.Hosting.Diagnostics | Request finished HTTP/1.1 GET http://localhost:5217/api/Attendance/status?employeeId=31&orgId=2 - 500 null text/plain; charset=utf-8 57.8707ms
2026-04-02 13:53:44.410 [INF] Microsoft.AspNetCore.Hosting.Diagnostics | Request starting HTTP/1.1 OPTIONS http://localhost:5217/api/users/organizations - null null
2026-04-02 13:53:44.411 [INF] Microsoft.AspNetCore.Cors.Infrastructure.CorsService | CORS policy execution successful.
2026-04-02 13:53:44.411 [INF] Microsoft.AspNetCore.Hosting.Diagnostics | Request finished HTTP/1.1 OPTIONS http://localhost:5217/api/users/organizations - 204 null null 0.1806ms
2026-04-02 13:53:44.413 [INF] Microsoft.AspNetCore.Hosting.Diagnostics | Request starting HTTP/1.1 GET http://localhost:5217/api/users/organizations - null null
2026-04-02 13:53:44.413 [INF] Microsoft.AspNetCore.Cors.Infrastructure.CorsService | CORS policy execution successful.
2026-04-02 13:53:44.416 [INF] Microsoft.AspNetCore.Routing.EndpointMiddleware | Executing endpoint 'backend.Controllers.UsersController.GetOrganizations (backend)'
2026-04-02 13:53:44.416 [INF] Microsoft.AspNetCore.Mvc.Infrastructure.ControllerActionInvoker | Route matched with {action = "GetOrganizations", controller = "Users"}. Executing controller action with signature System.Threading.Tasks.Task`1[Microsoft.AspNetCore.Mvc.IActionResult] GetOrganizations() on controller backend.Controllers.UsersController (backend).
2026-04-02 13:53:44.416 [INF] backend.Controllers.UsersController | [Users] GET organizations | Role=SuperAdmin | UserId=18
2026-04-02 13:53:44.442 [INF] Microsoft.AspNetCore.Mvc.Infrastructure.ObjectResultExecutor | Executing OkObjectResult, writing value of type 'System.Collections.Generic.List`1[[backend.Models.Organization, backend, Version=1.0.0.0, Culture=neutral, PublicKeyToken=null]]'.
2026-04-02 13:53:44.442 [INF] Microsoft.AspNetCore.Mvc.Infrastructure.ControllerActionInvoker | Executed action backend.Controllers.UsersController.GetOrganizations (backend) in 26.4889ms
2026-04-02 13:53:44.442 [INF] Microsoft.AspNetCore.Routing.EndpointMiddleware | Executed endpoint 'backend.Controllers.UsersController.GetOrganizations (backend)'
2026-04-02 13:53:44.442 [INF] Serilog.AspNetCore.RequestLoggingMiddleware | HTTP GET /api/users/organizations → 200 (26.7ms)
2026-04-02 13:53:44.442 [INF] Microsoft.AspNetCore.Hosting.Diagnostics | Request finished HTTP/1.1 GET http://localhost:5217/api/users/organizations - 200 null application/json; charset=utf-8 30.0582ms
2026-04-02 13:53:44.483 [INF] Microsoft.AspNetCore.Hosting.Diagnostics | Request starting HTTP/1.1 OPTIONS http://localhost:5217/api/employees?organizationId=2 - null null
2026-04-02 13:53:44.483 [INF] Microsoft.AspNetCore.Cors.Infrastructure.CorsService | CORS policy execution successful.
2026-04-02 13:53:44.483 [INF] Microsoft.AspNetCore.Hosting.Diagnostics | Request finished HTTP/1.1 OPTIONS http://localhost:5217/api/employees?organizationId=2 - 204 null null 0.1647ms
2026-04-02 13:53:44.484 [INF] Microsoft.AspNetCore.Hosting.Diagnostics | Request starting HTTP/1.1 GET http://localhost:5217/api/employees?organizationId=2 - application/json null
2026-04-02 13:53:44.484 [INF] Microsoft.AspNetCore.Cors.Infrastructure.CorsService | CORS policy execution successful.
2026-04-02 13:53:44.484 [INF] Microsoft.AspNetCore.Routing.EndpointMiddleware | Executing endpoint 'backend.Controllers.EmployeesController.GetEmployees (backend)'
2026-04-02 13:53:44.484 [INF] Microsoft.AspNetCore.Mvc.Infrastructure.ControllerActionInvoker | Route matched with {action = "GetEmployees", controller = "Employees"}. Executing controller action with signature System.Threading.Tasks.Task`1[Microsoft.AspNetCore.Mvc.IActionResult] GetEmployees(System.Nullable`1[System.Int32]) on controller backend.Controllers.EmployeesController (backend).
2026-04-02 13:53:44.492 [INF] backend.Controllers.EmployeesController | [Employees] GET all | TargetOrgId=2 | UserOrgId=2
2026-04-02 13:53:44.509 [INF] Microsoft.AspNetCore.Mvc.Infrastructure.ObjectResultExecutor | Executing OkObjectResult, writing value of type 'System.Collections.Generic.List`1[[backend.Models.Employee, backend, Version=1.0.0.0, Culture=neutral, PublicKeyToken=null]]'.
2026-04-02 13:53:44.509 [INF] Microsoft.AspNetCore.Mvc.Infrastructure.ControllerActionInvoker | Executed action backend.Controllers.EmployeesController.GetEmployees (backend) in 24.9615ms
2026-04-02 13:53:44.509 [INF] Microsoft.AspNetCore.Routing.EndpointMiddleware | Executed endpoint 'backend.Controllers.EmployeesController.GetEmployees (backend)'
2026-04-02 13:53:44.510 [INF] Serilog.AspNetCore.RequestLoggingMiddleware | HTTP GET /api/employees → 200 (25.2ms)
2026-04-02 13:53:44.510 [INF] Microsoft.AspNetCore.Hosting.Diagnostics | Request finished HTTP/1.1 GET http://localhost:5217/api/employees?organizationId=2 - 200 null application/json; charset=utf-8 25.5829ms
2026-04-02 13:53:48.453 [INF] Microsoft.AspNetCore.Hosting.Diagnostics | Request starting HTTP/1.1 OPTIONS http://localhost:5217/api/EmpOT/GetOTByOrgId?orgId=2 - null null
2026-04-02 13:53:48.453 [INF] Microsoft.AspNetCore.Cors.Infrastructure.CorsService | CORS policy execution successful.
2026-04-02 13:53:48.453 [INF] Microsoft.AspNetCore.Hosting.Diagnostics | Request finished HTTP/1.1 OPTIONS http://localhost:5217/api/EmpOT/GetOTByOrgId?orgId=2 - 204 null null 0.3101ms
2026-04-02 13:53:48.455 [INF] Microsoft.AspNetCore.Hosting.Diagnostics | Request starting HTTP/1.1 OPTIONS http://localhost:5217/api/employees?orgId=2 - null null
2026-04-02 13:53:48.455 [INF] Microsoft.AspNetCore.Cors.Infrastructure.CorsService | CORS policy execution successful.
2026-04-02 13:53:48.455 [INF] Microsoft.AspNetCore.Hosting.Diagnostics | Request finished HTTP/1.1 OPTIONS http://localhost:5217/api/employees?orgId=2 - 204 null null 0.1732ms
2026-04-02 13:53:48.456 [INF] Microsoft.AspNetCore.Hosting.Diagnostics | Request starting HTTP/1.1 GET http://localhost:5217/api/EmpOT/GetOTByOrgId?orgId=2 - application/json null
2026-04-02 13:53:48.457 [INF] Microsoft.AspNetCore.Cors.Infrastructure.CorsService | CORS policy execution successful.
2026-04-02 13:53:48.458 [INF] Microsoft.AspNetCore.Routing.EndpointMiddleware | Executing endpoint 'backend.Controllers.EmpOTController.GetOTByOrgId (backend)'
2026-04-02 13:53:48.458 [INF] Microsoft.AspNetCore.Hosting.Diagnostics | Request starting HTTP/1.1 GET http://localhost:5217/api/employees?orgId=2 - application/json null
2026-04-02 13:53:48.458 [INF] Microsoft.AspNetCore.Cors.Infrastructure.CorsService | CORS policy execution successful.
2026-04-02 13:53:48.458 [INF] Microsoft.AspNetCore.Mvc.Infrastructure.ControllerActionInvoker | Route matched with {action = "GetOTByOrgId", controller = "EmpOT"}. Executing controller action with signature System.Threading.Tasks.Task`1[Microsoft.AspNetCore.Mvc.IActionResult] GetOTByOrgId(Int32) on controller backend.Controllers.EmpOTController (backend).
2026-04-02 13:53:48.458 [INF] Microsoft.AspNetCore.Routing.EndpointMiddleware | Executing endpoint 'backend.Controllers.EmployeesController.GetEmployees (backend)'
2026-04-02 13:53:48.458 [INF] Microsoft.AspNetCore.Mvc.Infrastructure.ControllerActionInvoker | Route matched with {action = "GetEmployees", controller = "Employees"}. Executing controller action with signature System.Threading.Tasks.Task`1[Microsoft.AspNetCore.Mvc.IActionResult] GetEmployees(System.Nullable`1[System.Int32]) on controller backend.Controllers.EmployeesController (backend).
2026-04-02 13:53:48.459 [INF] backend.Controllers.EmployeesController | [Employees] GET all | TargetOrgId=2 | UserOrgId=2
2026-04-02 13:53:48.596 [INF] Microsoft.AspNetCore.Mvc.Infrastructure.ObjectResultExecutor | Executing OkObjectResult, writing value of type 'System.Collections.Generic.List`1[[backend.Models.EmpOT, backend, Version=1.0.0.0, Culture=neutral, PublicKeyToken=null]]'.
2026-04-02 13:53:48.596 [INF] Microsoft.AspNetCore.Mvc.Infrastructure.ObjectResultExecutor | Executing OkObjectResult, writing value of type 'System.Collections.Generic.List`1[[backend.Models.Employee, backend, Version=1.0.0.0, Culture=neutral, PublicKeyToken=null]]'.
2026-04-02 13:53:48.596 [INF] Microsoft.AspNetCore.Mvc.Infrastructure.ControllerActionInvoker | Executed action backend.Controllers.EmpOTController.GetOTByOrgId (backend) in 137.9257ms
2026-04-02 13:53:48.596 [INF] Microsoft.AspNetCore.Routing.EndpointMiddleware | Executed endpoint 'backend.Controllers.EmpOTController.GetOTByOrgId (backend)'
2026-04-02 13:53:48.596 [INF] Serilog.AspNetCore.RequestLoggingMiddleware | HTTP GET /api/EmpOT/GetOTByOrgId → 200 (138.6ms)
2026-04-02 13:53:48.596 [INF] Microsoft.AspNetCore.Hosting.Diagnostics | Request finished HTTP/1.1 GET http://localhost:5217/api/EmpOT/GetOTByOrgId?orgId=2 - 200 null application/json; charset=utf-8 140.0031ms
2026-04-02 13:53:48.597 [INF] Microsoft.AspNetCore.Mvc.Infrastructure.ControllerActionInvoker | Executed action backend.Controllers.EmployeesController.GetEmployees (backend) in 137.8157ms
2026-04-02 13:53:48.597 [INF] Microsoft.AspNetCore.Routing.EndpointMiddleware | Executed endpoint 'backend.Controllers.EmployeesController.GetEmployees (backend)'
2026-04-02 13:53:48.597 [INF] Serilog.AspNetCore.RequestLoggingMiddleware | HTTP GET /api/employees → 200 (138.5ms)
2026-04-02 13:53:48.597 [INF] Microsoft.AspNetCore.Hosting.Diagnostics | Request finished HTTP/1.1 GET http://localhost:5217/api/employees?orgId=2 - 200 null application/json; charset=utf-8 138.7926ms
2026-04-02 13:53:48.982 [INF] Microsoft.AspNetCore.Hosting.Diagnostics | Request starting HTTP/1.1 OPTIONS http://localhost:5217/hubs/empot/negotiate?negotiateVersion=1 - null null
2026-04-02 13:53:48.982 [INF] Microsoft.AspNetCore.Cors.Infrastructure.CorsService | CORS policy execution successful.
2026-04-02 13:53:48.983 [INF] Microsoft.AspNetCore.Hosting.Diagnostics | Request finished HTTP/1.1 OPTIONS http://localhost:5217/hubs/empot/negotiate?negotiateVersion=1 - 204 null null 0.1368ms
2026-04-02 13:53:48.984 [INF] Microsoft.AspNetCore.Hosting.Diagnostics | Request starting HTTP/1.1 POST http://localhost:5217/hubs/empot/negotiate?negotiateVersion=1 - text/plain;charset=UTF-8 0
2026-04-02 13:53:48.984 [INF] Microsoft.AspNetCore.Cors.Infrastructure.CorsService | CORS policy execution successful.
2026-04-02 13:53:48.984 [INF] Microsoft.AspNetCore.Routing.EndpointMiddleware | Executing endpoint '/hubs/empot/negotiate'
2026-04-02 13:53:48.984 [INF] Microsoft.AspNetCore.Routing.EndpointMiddleware | Executed endpoint '/hubs/empot/negotiate'
2026-04-02 13:53:48.984 [INF] Serilog.AspNetCore.RequestLoggingMiddleware | HTTP POST /hubs/empot/negotiate → 200 (0.3ms)
2026-04-02 13:53:48.984 [INF] Microsoft.AspNetCore.Hosting.Diagnostics | Request finished HTTP/1.1 POST http://localhost:5217/hubs/empot/negotiate?negotiateVersion=1 - 200 316 application/json 0.6016ms
2026-04-02 13:53:49.001 [INF] Microsoft.AspNetCore.Hosting.Diagnostics | Request starting HTTP/1.1 GET http://localhost:5217/hubs/empot?id=JxC9CJYG63ikYIpv95WxwA&access_token=eyJhbGciOiJIUzI1NiIsInR5cCI6IkpXVCJ9.eyJuYW1laWQiOiIxOCIsInVuaXF1ZV9uYW1lIjoidmFzYW50aGFrdW1hciIsImVtYWlsIjoidmFzYW50aDIwMDR2a0BnbWFpbC5jb20iLCJyb2xlIjoiU3VwZXJBZG1pbiIsIk9yZ2FuaXphdGlvbklkIjoiMiIsIk9yZ2FuaXphdGlvbkxvZ28iOiIvdXBsb2Fkcy9vcmctbG9nb3Mvb3JnLWxvZ28tNTg3M2M0NzVkOTFkNGJiZDkwNDZkZWVjNjY3ZDEzNmMuanBnIiwibmJmIjoxNzc1MTE3NDMzLCJleHAiOjE3NzUyMDM4MzMsImlhdCI6MTc3NTExNzQzMywiaXNzIjoiUHJvRGVzWC1CYWNrZW5kIiwiYXVkIjoiUHJvRGVzWC1Gcm9udGVuZCJ9.OutWjV10ZWkKhVcxGSxgj6VtM4O-j2JDOzm-bEx4Avs - null null
2026-04-02 13:53:49.001 [INF] Microsoft.AspNetCore.Cors.Infrastructure.CorsService | CORS policy execution successful.
2026-04-02 13:53:49.001 [INF] Microsoft.AspNetCore.Routing.EndpointMiddleware | Executing endpoint '/hubs/empot'
2026-04-02 13:56:10.051 [INF] Microsoft.AspNetCore.Routing.EndpointMiddleware | Executed endpoint '/hubs/empot'
2026-04-02 13:56:10.051 [INF] Serilog.AspNetCore.RequestLoggingMiddleware | HTTP GET /hubs/empot → 101 (141050.3ms)
2026-04-02 13:56:10.052 [INF] Microsoft.AspNetCore.Hosting.Diagnostics | Request finished HTTP/1.1 GET http://localhost:5217/hubs/empot?id=JxC9CJYG63ikYIpv95WxwA&access_token=eyJhbGciOiJIUzI1NiIsInR5cCI6IkpXVCJ9.eyJuYW1laWQiOiIxOCIsInVuaXF1ZV9uYW1lIjoidmFzYW50aGFrdW1hciIsImVtYWlsIjoidmFzYW50aDIwMDR2a0BnbWFpbC5jb20iLCJyb2xlIjoiU3VwZXJBZG1pbiIsIk9yZ2FuaXphdGlvbklkIjoiMiIsIk9yZ2FuaXphdGlvbkxvZ28iOiIvdXBsb2Fkcy9vcmctbG9nb3Mvb3JnLWxvZ28tNTg3M2M0NzVkOTFkNGJiZDkwNDZkZWVjNjY3ZDEzNmMuanBnIiwibmJmIjoxNzc1MTE3NDMzLCJleHAiOjE3NzUyMDM4MzMsImlhdCI6MTc3NTExNzQzMywiaXNzIjoiUHJvRGVzWC1CYWNrZW5kIiwiYXVkIjoiUHJvRGVzWC1Gcm9udGVuZCJ9.OutWjV10ZWkKhVcxGSxgj6VtM4O-j2JDOzm-bEx4Avs - 101 null null 141050.7268ms
2026-04-02 13:56:10.119 [INF] Microsoft.AspNetCore.Hosting.Diagnostics | Request starting HTTP/1.1 OPTIONS http://localhost:5217/hubs/empot/negotiate?negotiateVersion=1 - null null
2026-04-02 13:56:10.120 [INF] Microsoft.AspNetCore.Cors.Infrastructure.CorsService | CORS policy execution successful.
2026-04-02 13:56:10.120 [INF] Microsoft.AspNetCore.Hosting.Diagnostics | Request finished HTTP/1.1 OPTIONS http://localhost:5217/hubs/empot/negotiate?negotiateVersion=1 - 204 null null 0.1749ms
2026-04-02 13:56:10.121 [INF] Microsoft.AspNetCore.Hosting.Diagnostics | Request starting HTTP/1.1 POST http://localhost:5217/hubs/empot/negotiate?negotiateVersion=1 - text/plain;charset=UTF-8 0
2026-04-02 13:56:10.121 [INF] Microsoft.AspNetCore.Cors.Infrastructure.CorsService | CORS policy execution successful.
2026-04-02 13:56:10.121 [INF] Microsoft.AspNetCore.Routing.EndpointMiddleware | Executing endpoint '/hubs/empot/negotiate'
2026-04-02 13:56:10.121 [INF] Microsoft.AspNetCore.Routing.EndpointMiddleware | Executed endpoint '/hubs/empot/negotiate'
2026-04-02 13:56:10.121 [INF] Serilog.AspNetCore.RequestLoggingMiddleware | HTTP POST /hubs/empot/negotiate → 200 (0.2ms)
2026-04-02 13:56:10.121 [INF] Microsoft.AspNetCore.Hosting.Diagnostics | Request finished HTTP/1.1 POST http://localhost:5217/hubs/empot/negotiate?negotiateVersion=1 - 200 316 application/json 0.4738ms
2026-04-02 13:56:10.130 [INF] Microsoft.AspNetCore.Hosting.Diagnostics | Request starting HTTP/1.1 GET http://localhost:5217/hubs/empot?id=5vgtoNpVyTQ5ARBiWXH0bw&access_token=eyJhbGciOiJIUzI1NiIsInR5cCI6IkpXVCJ9.eyJuYW1laWQiOiIxOCIsInVuaXF1ZV9uYW1lIjoidmFzYW50aGFrdW1hciIsImVtYWlsIjoidmFzYW50aDIwMDR2a0BnbWFpbC5jb20iLCJyb2xlIjoiU3VwZXJBZG1pbiIsIk9yZ2FuaXphdGlvbklkIjoiMiIsIk9yZ2FuaXphdGlvbkxvZ28iOiIvdXBsb2Fkcy9vcmctbG9nb3Mvb3JnLWxvZ28tNTg3M2M0NzVkOTFkNGJiZDkwNDZkZWVjNjY3ZDEzNmMuanBnIiwibmJmIjoxNzc1MTE3NDMzLCJleHAiOjE3NzUyMDM4MzMsImlhdCI6MTc3NTExNzQzMywiaXNzIjoiUHJvRGVzWC1CYWNrZW5kIiwiYXVkIjoiUHJvRGVzWC1Gcm9udGVuZCJ9.OutWjV10ZWkKhVcxGSxgj6VtM4O-j2JDOzm-bEx4Avs - null null
2026-04-02 13:56:10.130 [INF] Microsoft.AspNetCore.Cors.Infrastructure.CorsService | CORS policy execution successful.
2026-04-02 13:56:10.131 [INF] Microsoft.AspNetCore.Routing.EndpointMiddleware | Executing endpoint '/hubs/empot'
2026-04-02 13:57:12.060 [INF] Microsoft.AspNetCore.Routing.EndpointMiddleware | Executed endpoint '/hubs/empot'
2026-04-02 13:57:12.061 [INF] Serilog.AspNetCore.RequestLoggingMiddleware | HTTP GET /hubs/empot → 101 (61930.1ms)
2026-04-02 13:57:12.062 [INF] Microsoft.AspNetCore.Hosting.Diagnostics | Request finished HTTP/1.1 GET http://localhost:5217/hubs/empot?id=5vgtoNpVyTQ5ARBiWXH0bw&access_token=eyJhbGciOiJIUzI1NiIsInR5cCI6IkpXVCJ9.eyJuYW1laWQiOiIxOCIsInVuaXF1ZV9uYW1lIjoidmFzYW50aGFrdW1hciIsImVtYWlsIjoidmFzYW50aDIwMDR2a0BnbWFpbC5jb20iLCJyb2xlIjoiU3VwZXJBZG1pbiIsIk9yZ2FuaXphdGlvbklkIjoiMiIsIk9yZ2FuaXphdGlvbkxvZ28iOiIvdXBsb2Fkcy9vcmctbG9nb3Mvb3JnLWxvZ28tNTg3M2M0NzVkOTFkNGJiZDkwNDZkZWVjNjY3ZDEzNmMuanBnIiwibmJmIjoxNzc1MTE3NDMzLCJleHAiOjE3NzUyMDM4MzMsImlhdCI6MTc3NTExNzQzMywiaXNzIjoiUHJvRGVzWC1CYWNrZW5kIiwiYXVkIjoiUHJvRGVzWC1Gcm9udGVuZCJ9.OutWjV10ZWkKhVcxGSxgj6VtM4O-j2JDOzm-bEx4Avs - 101 null null 61931.3566ms
2026-04-02 14:22:10.504 [INF] Microsoft.AspNetCore.Hosting.Diagnostics | Request starting HTTP/1.1 OPTIONS http://localhost:5217/hubs/empot/negotiate?negotiateVersion=1 - null null
2026-04-02 14:22:10.508 [INF] Microsoft.AspNetCore.Cors.Infrastructure.CorsService | CORS policy execution successful.
2026-04-02 14:22:10.509 [INF] Microsoft.AspNetCore.Hosting.Diagnostics | Request finished HTTP/1.1 OPTIONS http://localhost:5217/hubs/empot/negotiate?negotiateVersion=1 - 204 null null 4.555ms
2026-04-02 14:22:10.512 [INF] Microsoft.AspNetCore.Hosting.Diagnostics | Request starting HTTP/1.1 POST http://localhost:5217/hubs/empot/negotiate?negotiateVersion=1 - text/plain;charset=UTF-8 0
2026-04-02 14:22:10.513 [INF] Microsoft.AspNetCore.Cors.Infrastructure.CorsService | CORS policy execution successful.
2026-04-02 14:22:10.520 [INF] Microsoft.AspNetCore.Routing.EndpointMiddleware | Executing endpoint '/hubs/empot/negotiate'
2026-04-02 14:22:10.527 [INF] Microsoft.AspNetCore.Routing.EndpointMiddleware | Executed endpoint '/hubs/empot/negotiate'
2026-04-02 14:22:10.528 [INF] Serilog.AspNetCore.RequestLoggingMiddleware | HTTP POST /hubs/empot/negotiate → 200 (7.4ms)
2026-04-02 14:22:10.528 [INF] Microsoft.AspNetCore.Hosting.Diagnostics | Request finished HTTP/1.1 POST http://localhost:5217/hubs/empot/negotiate?negotiateVersion=1 - 200 316 application/json 15.9124ms
2026-04-02 14:22:10.584 [INF] Microsoft.AspNetCore.Hosting.Diagnostics | Request starting HTTP/1.1 GET http://localhost:5217/hubs/empot?id=k6QEm2H7-fAwbalofn_iHA&access_token=eyJhbGciOiJIUzI1NiIsInR5cCI6IkpXVCJ9.eyJuYW1laWQiOiIxOCIsInVuaXF1ZV9uYW1lIjoidmFzYW50aGFrdW1hciIsImVtYWlsIjoidmFzYW50aDIwMDR2a0BnbWFpbC5jb20iLCJyb2xlIjoiU3VwZXJBZG1pbiIsIk9yZ2FuaXphdGlvbklkIjoiMiIsIk9yZ2FuaXphdGlvbkxvZ28iOiIvdXBsb2Fkcy9vcmctbG9nb3Mvb3JnLWxvZ28tNTg3M2M0NzVkOTFkNGJiZDkwNDZkZWVjNjY3ZDEzNmMuanBnIiwibmJmIjoxNzc1MTE3NDMzLCJleHAiOjE3NzUyMDM4MzMsImlhdCI6MTc3NTExNzQzMywiaXNzIjoiUHJvRGVzWC1CYWNrZW5kIiwiYXVkIjoiUHJvRGVzWC1Gcm9udGVuZCJ9.OutWjV10ZWkKhVcxGSxgj6VtM4O-j2JDOzm-bEx4Avs - null null
2026-04-02 14:22:10.585 [INF] Microsoft.AspNetCore.Cors.Infrastructure.CorsService | CORS policy execution successful.
2026-04-02 14:22:10.586 [INF] Microsoft.AspNetCore.Routing.EndpointMiddleware | Executing endpoint '/hubs/empot'
2026-04-02 14:22:13.099 [INF] Microsoft.AspNetCore.Routing.EndpointMiddleware | Executed endpoint '/hubs/attendance'
2026-04-02 14:22:13.099 [INF] Serilog.AspNetCore.RequestLoggingMiddleware | HTTP GET /hubs/attendance → 101 (1731001.3ms)
2026-04-02 14:22:13.100 [INF] Microsoft.AspNetCore.Routing.EndpointMiddleware | Executed endpoint '/hubs/empot'
2026-04-02 14:22:13.100 [INF] Serilog.AspNetCore.RequestLoggingMiddleware | HTTP GET /hubs/empot → 101 (1726027.3ms)
2026-04-02 14:22:13.100 [INF] Microsoft.AspNetCore.Routing.EndpointMiddleware | Executed endpoint '/hubs/empot'
2026-04-02 14:22:13.100 [INF] Serilog.AspNetCore.RequestLoggingMiddleware | HTTP GET /hubs/empot → 101 (2513.9ms)
2026-04-02 14:22:13.102 [INF] Microsoft.AspNetCore.Hosting.Diagnostics | Request finished HTTP/1.1 GET http://localhost:5217/hubs/empot?id=vujCH_pCLY9UbrdjqsUxCg&access_token=eyJhbGciOiJIUzI1NiIsInR5cCI6IkpXVCJ9.eyJuYW1laWQiOiIxOCIsInVuaXF1ZV9uYW1lIjoidmFzYW50aGFrdW1hciIsImVtYWlsIjoidmFzYW50aDIwMDR2a0BnbWFpbC5jb20iLCJyb2xlIjoiU3VwZXJBZG1pbiIsIk9yZ2FuaXphdGlvbklkIjoiMiIsIk9yZ2FuaXphdGlvbkxvZ28iOiIvdXBsb2Fkcy9vcmctbG9nb3Mvb3JnLWxvZ28tNTg3M2M0NzVkOTFkNGJiZDkwNDZkZWVjNjY3ZDEzNmMuanBnIiwibmJmIjoxNzc1MTE3NDMzLCJleHAiOjE3NzUyMDM4MzMsImlhdCI6MTc3NTExNzQzMywiaXNzIjoiUHJvRGVzWC1CYWNrZW5kIiwiYXVkIjoiUHJvRGVzWC1Gcm9udGVuZCJ9.OutWjV10ZWkKhVcxGSxgj6VtM4O-j2JDOzm-bEx4Avs - 101 null null 1726029.7305ms
2026-04-02 14:22:13.102 [INF] Microsoft.AspNetCore.Hosting.Diagnostics | Request finished HTTP/1.1 GET http://localhost:5217/hubs/attendance?id=ZkkOI-GdcyAo4N7_vTHcrQ&access_token=eyJhbGciOiJIUzI1NiIsInR5cCI6IkpXVCJ9.eyJuYW1laWQiOiIxOCIsInVuaXF1ZV9uYW1lIjoidmFzYW50aGFrdW1hciIsImVtYWlsIjoidmFzYW50aDIwMDR2a0BnbWFpbC5jb20iLCJyb2xlIjoiU3VwZXJBZG1pbiIsIk9yZ2FuaXphdGlvbklkIjoiMiIsIk9yZ2FuaXphdGlvbkxvZ28iOiIvdXBsb2Fkcy9vcmctbG9nb3Mvb3JnLWxvZ28tNTg3M2M0NzVkOTFkNGJiZDkwNDZkZWVjNjY3ZDEzNmMuanBnIiwibmJmIjoxNzc1MTE3NDMzLCJleHAiOjE3NzUyMDM4MzMsImlhdCI6MTc3NTExNzQzMywiaXNzIjoiUHJvRGVzWC1CYWNrZW5kIiwiYXVkIjoiUHJvRGVzWC1Gcm9udGVuZCJ9.OutWjV10ZWkKhVcxGSxgj6VtM4O-j2JDOzm-bEx4Avs - 101 null null 1731004.7059ms
2026-04-02 14:22:13.102 [INF] Microsoft.AspNetCore.Hosting.Diagnostics | Request finished HTTP/1.1 GET http://localhost:5217/hubs/empot?id=k6QEm2H7-fAwbalofn_iHA&access_token=eyJhbGciOiJIUzI1NiIsInR5cCI6IkpXVCJ9.eyJuYW1laWQiOiIxOCIsInVuaXF1ZV9uYW1lIjoidmFzYW50aGFrdW1hciIsImVtYWlsIjoidmFzYW50aDIwMDR2a0BnbWFpbC5jb20iLCJyb2xlIjoiU3VwZXJBZG1pbiIsIk9yZ2FuaXphdGlvbklkIjoiMiIsIk9yZ2FuaXphdGlvbkxvZ28iOiIvdXBsb2Fkcy9vcmctbG9nb3Mvb3JnLWxvZ28tNTg3M2M0NzVkOTFkNGJiZDkwNDZkZWVjNjY3ZDEzNmMuanBnIiwibmJmIjoxNzc1MTE3NDMzLCJleHAiOjE3NzUyMDM4MzMsImlhdCI6MTc3NTExNzQzMywiaXNzIjoiUHJvRGVzWC1CYWNrZW5kIiwiYXVkIjoiUHJvRGVzWC1Gcm9udGVuZCJ9.OutWjV10ZWkKhVcxGSxgj6VtM4O-j2JDOzm-bEx4Avs - 101 null null 2517.5149ms
2026-04-02 14:22:44.246 [INF] Microsoft.AspNetCore.Hosting.Diagnostics | Request starting HTTP/1.1 OPTIONS http://localhost:5217/api/auth/login - null null
2026-04-02 14:22:44.247 [INF] Microsoft.AspNetCore.Cors.Infrastructure.CorsService | CORS policy execution successful.
2026-04-02 14:22:44.248 [INF] Microsoft.AspNetCore.Hosting.Diagnostics | Request finished HTTP/1.1 OPTIONS http://localhost:5217/api/auth/login - 204 null null 1.5744ms
2026-04-02 14:22:44.249 [INF] Microsoft.AspNetCore.Hosting.Diagnostics | Request starting HTTP/1.1 POST http://localhost:5217/api/auth/login - application/json 62
2026-04-02 14:22:44.250 [INF] Microsoft.AspNetCore.Cors.Infrastructure.CorsService | CORS policy execution successful.
2026-04-02 14:22:44.250 [INF] Microsoft.AspNetCore.Routing.EndpointMiddleware | Executing endpoint 'backend.Controllers.AuthController.Login (backend)'
2026-04-02 14:22:44.254 [INF] Microsoft.AspNetCore.Mvc.Infrastructure.ControllerActionInvoker | Route matched with {action = "Login", controller = "Auth"}. Executing controller action with signature System.Threading.Tasks.Task`1[Microsoft.AspNetCore.Mvc.IActionResult] Login(backend.Models.LoginRequest) on controller backend.Controllers.AuthController (backend).
2026-04-02 14:22:44.277 [INF] backend.Controllers.AuthController | [Auth] Login attempt | Email=vasanth2004vk@gmail.com
2026-04-02 14:22:44.761 [INF] backend.Controllers.AuthController | [Auth] User login session recorded | UserId=18 | TokenExpiry="2026-04-03T08:52:44.7372515Z"
2026-04-02 14:22:44.761 [INF] backend.Controllers.AuthController | [Auth] Login SUCCESS | Email=vasanth2004vk@gmail.com | EffectiveRole=SuperAdmin | OrgId=2
2026-04-02 14:22:44.763 [INF] Microsoft.AspNetCore.Mvc.Infrastructure.ObjectResultExecutor | Executing OkObjectResult, writing value of type '<>f__AnonymousType16`2[[System.String, System.Private.CoreLib, Version=10.0.0.0, Culture=neutral, PublicKeyToken=7cec85d7bea7798e],[<>f__AnonymousType17`6[[System.Int32, System.Private.CoreLib, Version=10.0.0.0, Culture=neutral, PublicKeyToken=7cec85d7bea7798e],[System.String, System.Private.CoreLib, Version=10.0.0.0, Culture=neutral, PublicKeyToken=7cec85d7bea7798e],[System.String, System.Private.CoreLib, Version=10.0.0.0, Culture=neutral, PublicKeyToken=7cec85d7bea7798e],[System.String, System.Private.CoreLib, Version=10.0.0.0, Culture=neutral, PublicKeyToken=7cec85d7bea7798e],[System.Nullable`1[[System.Int32, System.Private.CoreLib, Version=10.0.0.0, Culture=neutral, PublicKeyToken=7cec85d7bea7798e]], System.Private.CoreLib, Version=10.0.0.0, Culture=neutral, PublicKeyToken=7cec85d7bea7798e],[System.String, System.Private.CoreLib, Version=10.0.0.0, Culture=neutral, PublicKeyToken=7cec85d7bea7798e]], backend, Version=1.0.0.0, Culture=neutral, PublicKeyToken=null]]'.
2026-04-02 14:22:44.764 [INF] Microsoft.AspNetCore.Mvc.Infrastructure.ControllerActionInvoker | Executed action backend.Controllers.AuthController.Login (backend) in 510.0096ms
2026-04-02 14:22:44.765 [INF] Microsoft.AspNetCore.Routing.EndpointMiddleware | Executed endpoint 'backend.Controllers.AuthController.Login (backend)'
2026-04-02 14:22:44.765 [INF] Serilog.AspNetCore.RequestLoggingMiddleware | HTTP POST /api/auth/login → 200 (514.5ms)
2026-04-02 14:22:44.765 [INF] Microsoft.AspNetCore.Hosting.Diagnostics | Request finished HTTP/1.1 POST http://localhost:5217/api/auth/login - 200 null application/json; charset=utf-8 515.8673ms
2026-04-02 14:22:44.784 [INF] Microsoft.AspNetCore.Hosting.Diagnostics | Request starting HTTP/1.1 OPTIONS http://localhost:5217/api/users/organizations - null null
2026-04-02 14:22:44.785 [INF] Microsoft.AspNetCore.Cors.Infrastructure.CorsService | CORS policy execution successful.
2026-04-02 14:22:44.785 [INF] Microsoft.AspNetCore.Hosting.Diagnostics | Request finished HTTP/1.1 OPTIONS http://localhost:5217/api/users/organizations - 204 null null 0.28ms
2026-04-02 14:22:44.786 [INF] Microsoft.AspNetCore.Hosting.Diagnostics | Request starting HTTP/1.1 GET http://localhost:5217/api/users/organizations - null null
2026-04-02 14:22:44.786 [INF] Microsoft.AspNetCore.Cors.Infrastructure.CorsService | CORS policy execution successful.
2026-04-02 14:22:44.787 [INF] Microsoft.AspNetCore.Routing.EndpointMiddleware | Executing endpoint 'backend.Controllers.UsersController.GetOrganizations (backend)'
2026-04-02 14:22:44.787 [INF] Microsoft.AspNetCore.Mvc.Infrastructure.ControllerActionInvoker | Route matched with {action = "GetOrganizations", controller = "Users"}. Executing controller action with signature System.Threading.Tasks.Task`1[Microsoft.AspNetCore.Mvc.IActionResult] GetOrganizations() on controller backend.Controllers.UsersController (backend).
2026-04-02 14:22:44.787 [INF] backend.Controllers.UsersController | [Users] GET organizations | Role=SuperAdmin | UserId=18
2026-04-02 14:22:44.868 [INF] Microsoft.AspNetCore.Mvc.Infrastructure.ObjectResultExecutor | Executing OkObjectResult, writing value of type 'System.Collections.Generic.List`1[[backend.Models.Organization, backend, Version=1.0.0.0, Culture=neutral, PublicKeyToken=null]]'.
2026-04-02 14:22:44.868 [INF] Microsoft.AspNetCore.Mvc.Infrastructure.ControllerActionInvoker | Executed action backend.Controllers.UsersController.GetOrganizations (backend) in 81.444ms
2026-04-02 14:22:44.869 [INF] Microsoft.AspNetCore.Routing.EndpointMiddleware | Executed endpoint 'backend.Controllers.UsersController.GetOrganizations (backend)'
2026-04-02 14:22:44.869 [INF] Serilog.AspNetCore.RequestLoggingMiddleware | HTTP GET /api/users/organizations → 200 (81.7ms)
2026-04-02 14:22:44.869 [INF] Microsoft.AspNetCore.Hosting.Diagnostics | Request finished HTTP/1.1 GET http://localhost:5217/api/users/organizations - 200 null application/json; charset=utf-8 82.8249ms
2026-04-02 14:22:45.275 [INF] Microsoft.AspNetCore.Hosting.Diagnostics | Request starting HTTP/1.1 GET http://localhost:5217/uploads/org-logos/org-logo-5873c475d91d4bbd9046deec667d136c.jpg - null null
2026-04-02 14:22:45.277 [INF] Microsoft.AspNetCore.Cors.Infrastructure.CorsService | CORS policy execution successful.
2026-04-02 14:22:45.287 [INF] Microsoft.AspNetCore.StaticFiles.StaticFileMiddleware | The file /uploads/org-logos/org-logo-5873c475d91d4bbd9046deec667d136c.jpg was not modified
2026-04-02 14:22:45.287 [INF] Microsoft.AspNetCore.Hosting.Diagnostics | Request finished HTTP/1.1 GET http://localhost:5217/uploads/org-logos/org-logo-5873c475d91d4bbd9046deec667d136c.jpg - 304 null image/jpeg 11.7753ms
2026-04-02 14:22:45.306 [INF] Microsoft.AspNetCore.Hosting.Diagnostics | Request starting HTTP/1.1 OPTIONS http://localhost:5217/api/organizations - null null
2026-04-02 14:22:45.306 [INF] Microsoft.AspNetCore.Cors.Infrastructure.CorsService | CORS policy execution successful.
2026-04-02 14:22:45.306 [INF] Microsoft.AspNetCore.Hosting.Diagnostics | Request finished HTTP/1.1 OPTIONS http://localhost:5217/api/organizations - 204 null null 0.2593ms
2026-04-02 14:22:45.307 [INF] Microsoft.AspNetCore.Hosting.Diagnostics | Request starting HTTP/1.1 GET http://localhost:5217/api/organizations - application/json null
2026-04-02 14:22:45.307 [INF] Microsoft.AspNetCore.Cors.Infrastructure.CorsService | CORS policy execution successful.
2026-04-02 14:22:45.307 [INF] Microsoft.AspNetCore.Routing.EndpointMiddleware | Executing endpoint 'backend.Controllers.OrganizationsController.GetOrganizations (backend)'
2026-04-02 14:22:45.307 [INF] Microsoft.AspNetCore.Mvc.Infrastructure.ControllerActionInvoker | Route matched with {action = "GetOrganizations", controller = "Organizations"}. Executing controller action with signature System.Threading.Tasks.Task`1[Microsoft.AspNetCore.Mvc.IActionResult] GetOrganizations() on controller backend.Controllers.OrganizationsController (backend).
2026-04-02 14:22:45.308 [INF] backend.Controllers.OrganizationsController | [Orgs] GET all requested | Role=SuperAdmin | UserId=18
2026-04-02 14:22:45.345 [INF] Microsoft.AspNetCore.Mvc.Infrastructure.ObjectResultExecutor | Executing OkObjectResult, writing value of type 'System.Collections.Generic.List`1[[backend.Models.Organization, backend, Version=1.0.0.0, Culture=neutral, PublicKeyToken=null]]'.
2026-04-02 14:22:45.345 [INF] Microsoft.AspNetCore.Mvc.Infrastructure.ControllerActionInvoker | Executed action backend.Controllers.OrganizationsController.GetOrganizations (backend) in 37.6325ms
2026-04-02 14:22:45.345 [INF] Microsoft.AspNetCore.Routing.EndpointMiddleware | Executed endpoint 'backend.Controllers.OrganizationsController.GetOrganizations (backend)'
2026-04-02 14:22:45.345 [INF] Serilog.AspNetCore.RequestLoggingMiddleware | HTTP GET /api/organizations → 200 (37.9ms)
2026-04-02 14:22:45.345 [INF] Microsoft.AspNetCore.Hosting.Diagnostics | Request finished HTTP/1.1 GET http://localhost:5217/api/organizations - 200 null application/json; charset=utf-8 38.1906ms
2026-04-02 14:22:45.444 [INF] Microsoft.AspNetCore.Hosting.Diagnostics | Request starting HTTP/1.1 OPTIONS http://localhost:5217/api/leads - null null
2026-04-02 14:22:45.444 [INF] Microsoft.AspNetCore.Cors.Infrastructure.CorsService | CORS policy execution successful.
2026-04-02 14:22:45.445 [INF] Microsoft.AspNetCore.Hosting.Diagnostics | Request finished HTTP/1.1 OPTIONS http://localhost:5217/api/leads - 204 null null 0.2067ms
2026-04-02 14:22:45.446 [INF] Microsoft.AspNetCore.Hosting.Diagnostics | Request starting HTTP/1.1 GET http://localhost:5217/api/leads - application/json null
2026-04-02 14:22:45.446 [INF] Microsoft.AspNetCore.Cors.Infrastructure.CorsService | CORS policy execution successful.
2026-04-02 14:22:45.447 [INF] Microsoft.AspNetCore.Routing.EndpointMiddleware | Executing endpoint 'backend.Controllers.LeadsController.GetLeads (backend)'
2026-04-02 14:22:45.447 [INF] Microsoft.AspNetCore.Mvc.Infrastructure.ControllerActionInvoker | Route matched with {action = "GetLeads", controller = "Leads"}. Executing controller action with signature System.Threading.Tasks.Task`1[System.Collections.Generic.IEnumerable`1[backend.Models.Lead]] GetLeads() on controller backend.Controllers.LeadsController (backend).
2026-04-02 14:22:45.495 [INF] Microsoft.AspNetCore.Mvc.Infrastructure.ObjectResultExecutor | Executing ObjectResult, writing value of type 'System.Collections.Generic.List`1[[backend.Models.Lead, backend, Version=1.0.0.0, Culture=neutral, PublicKeyToken=null]]'.
2026-04-02 14:22:45.496 [INF] Microsoft.AspNetCore.Mvc.Infrastructure.ControllerActionInvoker | Executed action backend.Controllers.LeadsController.GetLeads (backend) in 48.9798ms
2026-04-02 14:22:45.496 [INF] Microsoft.AspNetCore.Routing.EndpointMiddleware | Executed endpoint 'backend.Controllers.LeadsController.GetLeads (backend)'
2026-04-02 14:22:45.496 [INF] Serilog.AspNetCore.RequestLoggingMiddleware | HTTP GET /api/leads → 200 (49.3ms)
2026-04-02 14:22:45.496 [INF] Microsoft.AspNetCore.Hosting.Diagnostics | Request finished HTTP/1.1 GET http://localhost:5217/api/leads - 200 null application/json; charset=utf-8 49.7458ms
2026-04-02 14:22:45.511 [INF] Microsoft.AspNetCore.Hosting.Diagnostics | Request starting HTTP/1.1 OPTIONS http://localhost:5217/api/employees?organizationId=2 - null null
2026-04-02 14:22:45.511 [INF] Microsoft.AspNetCore.Cors.Infrastructure.CorsService | CORS policy execution successful.
2026-04-02 14:22:45.511 [INF] Microsoft.AspNetCore.Hosting.Diagnostics | Request finished HTTP/1.1 OPTIONS http://localhost:5217/api/employees?organizationId=2 - 204 null null 0.2388ms
2026-04-02 14:22:45.512 [INF] Microsoft.AspNetCore.Hosting.Diagnostics | Request starting HTTP/1.1 GET http://localhost:5217/api/employees?organizationId=2 - application/json null
2026-04-02 14:22:45.512 [INF] Microsoft.AspNetCore.Cors.Infrastructure.CorsService | CORS policy execution successful.
2026-04-02 14:22:45.513 [INF] Microsoft.AspNetCore.Routing.EndpointMiddleware | Executing endpoint 'backend.Controllers.EmployeesController.GetEmployees (backend)'
2026-04-02 14:22:45.513 [INF] Microsoft.AspNetCore.Mvc.Infrastructure.ControllerActionInvoker | Route matched with {action = "GetEmployees", controller = "Employees"}. Executing controller action with signature System.Threading.Tasks.Task`1[Microsoft.AspNetCore.Mvc.IActionResult] GetEmployees(System.Nullable`1[System.Int32]) on controller backend.Controllers.EmployeesController (backend).
2026-04-02 14:22:45.514 [INF] backend.Controllers.EmployeesController | [Employees] GET all | TargetOrgId=2 | UserOrgId=2
2026-04-02 14:22:45.537 [INF] Microsoft.AspNetCore.Mvc.Infrastructure.ObjectResultExecutor | Executing OkObjectResult, writing value of type 'System.Collections.Generic.List`1[[backend.Models.Employee, backend, Version=1.0.0.0, Culture=neutral, PublicKeyToken=null]]'.
2026-04-02 14:22:45.539 [INF] Microsoft.AspNetCore.Mvc.Infrastructure.ControllerActionInvoker | Executed action backend.Controllers.EmployeesController.GetEmployees (backend) in 25.8499ms
2026-04-02 14:22:45.539 [INF] Microsoft.AspNetCore.Routing.EndpointMiddleware | Executed endpoint 'backend.Controllers.EmployeesController.GetEmployees (backend)'
2026-04-02 14:22:45.539 [INF] Serilog.AspNetCore.RequestLoggingMiddleware | HTTP GET /api/employees → 200 (26.1ms)
2026-04-02 14:22:45.539 [INF] Microsoft.AspNetCore.Hosting.Diagnostics | Request finished HTTP/1.1 GET http://localhost:5217/api/employees?organizationId=2 - 200 null application/json; charset=utf-8 26.5506ms
2026-04-02 14:22:45.549 [INF] Microsoft.AspNetCore.Hosting.Diagnostics | Request starting HTTP/1.1 OPTIONS http://localhost:5217/api/ShiftAssignments/roster?start=2026-04-02&end=2026-04-09&orgId=2 - null null
2026-04-02 14:22:45.550 [INF] Microsoft.AspNetCore.Cors.Infrastructure.CorsService | CORS policy execution successful.
2026-04-02 14:22:45.550 [INF] Microsoft.AspNetCore.Hosting.Diagnostics | Request finished HTTP/1.1 OPTIONS http://localhost:5217/api/ShiftAssignments/roster?start=2026-04-02&end=2026-04-09&orgId=2 - 204 null null 0.2196ms
2026-04-02 14:22:45.551 [INF] Microsoft.AspNetCore.Hosting.Diagnostics | Request starting HTTP/1.1 GET http://localhost:5217/api/ShiftAssignments/roster?start=2026-04-02&end=2026-04-09&orgId=2 - application/json null
2026-04-02 14:22:45.551 [INF] Microsoft.AspNetCore.Cors.Infrastructure.CorsService | CORS policy execution successful.
2026-04-02 14:22:45.551 [INF] Microsoft.AspNetCore.Routing.EndpointMiddleware | Executing endpoint 'backend.Controllers.ShiftAssignmentsController.GetMonthlyRosterFixed (backend)'
2026-04-02 14:22:45.551 [INF] Microsoft.AspNetCore.Mvc.Infrastructure.ControllerActionInvoker | Route matched with {action = "GetMonthlyRosterFixed", controller = "ShiftAssignments"}. Executing controller action with signature System.Threading.Tasks.Task`1[Microsoft.AspNetCore.Mvc.IActionResult] GetMonthlyRosterFixed(System.String, System.String, System.Nullable`1[System.Int32]) on controller backend.Controllers.ShiftAssignmentsController (backend).
2026-04-02 14:22:45.564 [INF] Microsoft.AspNetCore.Hosting.Diagnostics | Request starting HTTP/1.1 GET http://localhost:5217/uploads/employee-photos/emp-31.jpg - null null
2026-04-02 14:22:45.564 [INF] Microsoft.AspNetCore.Cors.Infrastructure.CorsService | CORS policy execution successful.
2026-04-02 14:22:45.565 [INF] Microsoft.AspNetCore.StaticFiles.StaticFileMiddleware | The file /uploads/employee-photos/emp-31.jpg was not modified
2026-04-02 14:22:45.565 [INF] Microsoft.AspNetCore.Hosting.Diagnostics | Request finished HTTP/1.1 GET http://localhost:5217/uploads/employee-photos/emp-31.jpg - 304 null image/jpeg 0.9169ms
2026-04-02 14:22:45.624 [INF] Microsoft.AspNetCore.Mvc.Infrastructure.ObjectResultExecutor | Executing OkObjectResult, writing value of type 'System.Collections.Generic.List`1[[backend.Models.EmployeeSchedule, backend, Version=1.0.0.0, Culture=neutral, PublicKeyToken=null]]'.
2026-04-02 14:22:45.625 [INF] Microsoft.AspNetCore.Mvc.Infrastructure.ControllerActionInvoker | Executed action backend.Controllers.ShiftAssignmentsController.GetMonthlyRosterFixed (backend) in 73.1663ms
2026-04-02 14:22:45.625 [INF] Microsoft.AspNetCore.Routing.EndpointMiddleware | Executed endpoint 'backend.Controllers.ShiftAssignmentsController.GetMonthlyRosterFixed (backend)'
2026-04-02 14:22:45.625 [INF] Serilog.AspNetCore.RequestLoggingMiddleware | HTTP GET /api/ShiftAssignments/roster → 200 (73.4ms)
2026-04-02 14:22:45.625 [INF] Microsoft.AspNetCore.Hosting.Diagnostics | Request finished HTTP/1.1 GET http://localhost:5217/api/ShiftAssignments/roster?start=2026-04-02&end=2026-04-09&orgId=2 - 200 null application/json; charset=utf-8 73.7485ms
2026-04-02 14:22:45.631 [INF] Microsoft.AspNetCore.Hosting.Diagnostics | Request starting HTTP/1.1 OPTIONS http://localhost:5217/api/Attendance/status?employeeId=31&orgId=2 - null null
2026-04-02 14:22:45.631 [INF] Microsoft.AspNetCore.Cors.Infrastructure.CorsService | CORS policy execution successful.
2026-04-02 14:22:45.631 [INF] Microsoft.AspNetCore.Hosting.Diagnostics | Request finished HTTP/1.1 OPTIONS http://localhost:5217/api/Attendance/status?employeeId=31&orgId=2 - 204 null null 0.192ms
2026-04-02 14:22:45.633 [INF] Microsoft.AspNetCore.Hosting.Diagnostics | Request starting HTTP/1.1 GET http://localhost:5217/api/Attendance/status?employeeId=31&orgId=2 - application/json null
2026-04-02 14:22:45.633 [INF] Microsoft.AspNetCore.Cors.Infrastructure.CorsService | CORS policy execution successful.
2026-04-02 14:22:45.633 [INF] Microsoft.AspNetCore.Routing.EndpointMiddleware | Executing endpoint 'backend.Controllers.AttendanceController.GetStatus (backend)'
2026-04-02 14:22:45.633 [INF] Microsoft.AspNetCore.Mvc.Infrastructure.ControllerActionInvoker | Route matched with {action = "GetStatus", controller = "Attendance"}. Executing controller action with signature System.Threading.Tasks.Task`1[Microsoft.AspNetCore.Mvc.IActionResult] GetStatus(Int32, Int32) on controller backend.Controllers.AttendanceController (backend).
2026-04-02 14:22:45.649 [ERR] backend.Controllers.AttendanceController | Error getting attendance status
Microsoft.Data.SqlClient.SqlException (0x80131904): Invalid column name 'FN'.
Invalid column name 'AN'.
   at System.Threading.Tasks.ContinuationResultTaskFromResultTask`2.InnerInvoke()
   at System.Threading.ExecutionContext.RunInternal(ExecutionContext executionContext, ContextCallback callback, Object state)
--- End of stack trace from previous location ---
   at System.Threading.ExecutionContext.RunInternal(ExecutionContext executionContext, ContextCallback callback, Object state)
   at System.Threading.Tasks.Task.ExecuteWithThreadLocal(Task& currentTaskSlot, Thread threadPoolThread)
--- End of stack trace from previous location ---
   at Dapper.SqlMapper.QueryRowAsync[T](IDbConnection cnn, Row row, Type effectiveType, CommandDefinition command) in /_/Dapper/SqlMapper.Async.cs:line 489
   at backend.Controllers.AttendanceController.GetStatus(Int32 employeeId, Int32 orgId) in C:\Repos_Work\Prodesx_HRM_Mobile_Application\backend\Controllers\AttendanceController.cs:line 235
ClientConnectionId:01d95253-15ba-4e35-8e86-5b572f8c30e3
Error Number:207,State:1,Class:16
2026-04-02 14:22:45.672 [INF] Microsoft.AspNetCore.Mvc.Infrastructure.ObjectResultExecutor | Executing ObjectResult, writing value of type 'System.String'.
2026-04-02 14:22:45.672 [INF] Microsoft.AspNetCore.Mvc.Infrastructure.ControllerActionInvoker | Executed action backend.Controllers.AttendanceController.GetStatus (backend) in 38.8113ms
2026-04-02 14:22:45.672 [INF] Microsoft.AspNetCore.Routing.EndpointMiddleware | Executed endpoint 'backend.Controllers.AttendanceController.GetStatus (backend)'
2026-04-02 14:22:45.672 [ERR] Serilog.AspNetCore.RequestLoggingMiddleware | HTTP GET /api/Attendance/status → 500 (39.1ms)
2026-04-02 14:22:45.673 [INF] Microsoft.AspNetCore.Hosting.Diagnostics | Request finished HTTP/1.1 GET http://localhost:5217/api/Attendance/status?employeeId=31&orgId=2 - 500 null text/plain; charset=utf-8 39.7703ms
2026-04-02 14:22:56.532 [INF] Microsoft.AspNetCore.Hosting.Diagnostics | Request starting HTTP/1.1 OPTIONS http://localhost:5217/api/EmpOT/GetOTByOrgId?orgId=2 - null null
2026-04-02 14:22:56.533 [INF] Microsoft.AspNetCore.Cors.Infrastructure.CorsService | CORS policy execution successful.
2026-04-02 14:22:56.533 [INF] Microsoft.AspNetCore.Hosting.Diagnostics | Request finished HTTP/1.1 OPTIONS http://localhost:5217/api/EmpOT/GetOTByOrgId?orgId=2 - 204 null null 0.8781ms
2026-04-02 14:22:56.534 [INF] Microsoft.AspNetCore.Hosting.Diagnostics | Request starting HTTP/1.1 OPTIONS http://localhost:5217/api/employees?orgId=2 - null null
2026-04-02 14:22:56.534 [INF] Microsoft.AspNetCore.Cors.Infrastructure.CorsService | CORS policy execution successful.
2026-04-02 14:22:56.534 [INF] Microsoft.AspNetCore.Hosting.Diagnostics | Request finished HTTP/1.1 OPTIONS http://localhost:5217/api/employees?orgId=2 - 204 null null 0.1369ms
2026-04-02 14:22:56.535 [INF] Microsoft.AspNetCore.Hosting.Diagnostics | Request starting HTTP/1.1 GET http://localhost:5217/api/EmpOT/GetOTByOrgId?orgId=2 - application/json null
2026-04-02 14:22:56.535 [INF] Microsoft.AspNetCore.Cors.Infrastructure.CorsService | CORS policy execution successful.
2026-04-02 14:22:56.535 [INF] Microsoft.AspNetCore.Hosting.Diagnostics | Request starting HTTP/1.1 GET http://localhost:5217/api/employees?orgId=2 - application/json null
2026-04-02 14:22:56.535 [INF] Microsoft.AspNetCore.Cors.Infrastructure.CorsService | CORS policy execution successful.
2026-04-02 14:22:56.535 [INF] Microsoft.AspNetCore.Routing.EndpointMiddleware | Executing endpoint 'backend.Controllers.EmpOTController.GetOTByOrgId (backend)'
2026-04-02 14:22:56.535 [INF] Microsoft.AspNetCore.Routing.EndpointMiddleware | Executing endpoint 'backend.Controllers.EmployeesController.GetEmployees (backend)'
2026-04-02 14:22:56.536 [INF] Microsoft.AspNetCore.Mvc.Infrastructure.ControllerActionInvoker | Route matched with {action = "GetEmployees", controller = "Employees"}. Executing controller action with signature System.Threading.Tasks.Task`1[Microsoft.AspNetCore.Mvc.IActionResult] GetEmployees(System.Nullable`1[System.Int32]) on controller backend.Controllers.EmployeesController (backend).
2026-04-02 14:22:56.535 [INF] Microsoft.AspNetCore.Mvc.Infrastructure.ControllerActionInvoker | Route matched with {action = "GetOTByOrgId", controller = "EmpOT"}. Executing controller action with signature System.Threading.Tasks.Task`1[Microsoft.AspNetCore.Mvc.IActionResult] GetOTByOrgId(Int32) on controller backend.Controllers.EmpOTController (backend).
2026-04-02 14:22:56.536 [INF] backend.Controllers.EmployeesController | [Employees] GET all | TargetOrgId=2 | UserOrgId=2
2026-04-02 14:22:56.558 [INF] Microsoft.AspNetCore.Hosting.Diagnostics | Request starting HTTP/1.1 GET http://localhost:5217/uploads/org-logos/org-logo-f3e5c29a5727487a9d6c2a5527e8919d.png - null null
2026-04-02 14:22:56.558 [INF] Microsoft.AspNetCore.Cors.Infrastructure.CorsService | CORS policy execution successful.
2026-04-02 14:22:56.559 [INF] Microsoft.AspNetCore.StaticFiles.StaticFileMiddleware | The file /uploads/org-logos/org-logo-f3e5c29a5727487a9d6c2a5527e8919d.png was not modified
2026-04-02 14:22:56.559 [INF] Microsoft.AspNetCore.Hosting.Diagnostics | Request finished HTTP/1.1 GET http://localhost:5217/uploads/org-logos/org-logo-f3e5c29a5727487a9d6c2a5527e8919d.png - 304 null image/png 1.3959ms
2026-04-02 14:22:56.562 [INF] Microsoft.AspNetCore.Mvc.Infrastructure.ObjectResultExecutor | Executing OkObjectResult, writing value of type 'System.Collections.Generic.List`1[[backend.Models.Employee, backend, Version=1.0.0.0, Culture=neutral, PublicKeyToken=null]]'.
2026-04-02 14:22:56.562 [INF] Microsoft.AspNetCore.Mvc.Infrastructure.ControllerActionInvoker | Executed action backend.Controllers.EmployeesController.GetEmployees (backend) in 26.4521ms
2026-04-02 14:22:56.562 [INF] Microsoft.AspNetCore.Hosting.Diagnostics | Request starting HTTP/1.1 GET http://localhost:5217/uploads/org-logos/org-logo-6fcb4a5d7f2e442f800ddd9bde90c680.jpg - null null
2026-04-02 14:22:56.562 [INF] Microsoft.AspNetCore.Routing.EndpointMiddleware | Executed endpoint 'backend.Controllers.EmployeesController.GetEmployees (backend)'
2026-04-02 14:22:56.562 [INF] Serilog.AspNetCore.RequestLoggingMiddleware | HTTP GET /api/employees → 200 (27.0ms)
2026-04-02 14:22:56.562 [INF] Microsoft.AspNetCore.Hosting.Diagnostics | Request finished HTTP/1.1 GET http://localhost:5217/api/employees?orgId=2 - 200 null application/json; charset=utf-8 27.3552ms
2026-04-02 14:22:56.562 [INF] Microsoft.AspNetCore.Cors.Infrastructure.CorsService | CORS policy execution successful.
2026-04-02 14:22:56.563 [INF] Microsoft.AspNetCore.StaticFiles.StaticFileMiddleware | The file /uploads/org-logos/org-logo-6fcb4a5d7f2e442f800ddd9bde90c680.jpg was not modified
2026-04-02 14:22:56.563 [INF] Microsoft.AspNetCore.Hosting.Diagnostics | Request finished HTTP/1.1 GET http://localhost:5217/uploads/org-logos/org-logo-6fcb4a5d7f2e442f800ddd9bde90c680.jpg - 304 null image/jpeg 0.8024ms
2026-04-02 14:22:56.604 [INF] Microsoft.AspNetCore.Mvc.Infrastructure.ObjectResultExecutor | Executing OkObjectResult, writing value of type 'System.Collections.Generic.List`1[[backend.Models.EmpOT, backend, Version=1.0.0.0, Culture=neutral, PublicKeyToken=null]]'.
2026-04-02 14:22:56.605 [INF] Microsoft.AspNetCore.Mvc.Infrastructure.ControllerActionInvoker | Executed action backend.Controllers.EmpOTController.GetOTByOrgId (backend) in 69.2025ms
2026-04-02 14:22:56.605 [INF] Microsoft.AspNetCore.Routing.EndpointMiddleware | Executed endpoint 'backend.Controllers.EmpOTController.GetOTByOrgId (backend)'
2026-04-02 14:22:56.605 [INF] Serilog.AspNetCore.RequestLoggingMiddleware | HTTP GET /api/EmpOT/GetOTByOrgId → 200 (69.5ms)
2026-04-02 14:22:56.605 [INF] Microsoft.AspNetCore.Hosting.Diagnostics | Request finished HTTP/1.1 GET http://localhost:5217/api/EmpOT/GetOTByOrgId?orgId=2 - 200 null application/json; charset=utf-8 69.9773ms
2026-04-02 14:22:57.043 [INF] Microsoft.AspNetCore.Hosting.Diagnostics | Request starting HTTP/1.1 OPTIONS http://localhost:5217/hubs/empot/negotiate?negotiateVersion=1 - null null
2026-04-02 14:22:57.043 [INF] Microsoft.AspNetCore.Cors.Infrastructure.CorsService | CORS policy execution successful.
2026-04-02 14:22:57.043 [INF] Microsoft.AspNetCore.Hosting.Diagnostics | Request finished HTTP/1.1 OPTIONS http://localhost:5217/hubs/empot/negotiate?negotiateVersion=1 - 204 null null 0.1653ms
2026-04-02 14:22:57.044 [INF] Microsoft.AspNetCore.Hosting.Diagnostics | Request starting HTTP/1.1 POST http://localhost:5217/hubs/empot/negotiate?negotiateVersion=1 - text/plain;charset=UTF-8 0
2026-04-02 14:22:57.044 [INF] Microsoft.AspNetCore.Cors.Infrastructure.CorsService | CORS policy execution successful.
2026-04-02 14:22:57.045 [INF] Microsoft.AspNetCore.Routing.EndpointMiddleware | Executing endpoint '/hubs/empot/negotiate'
2026-04-02 14:22:57.045 [INF] Microsoft.AspNetCore.Routing.EndpointMiddleware | Executed endpoint '/hubs/empot/negotiate'
2026-04-02 14:22:57.045 [INF] Serilog.AspNetCore.RequestLoggingMiddleware | HTTP POST /hubs/empot/negotiate → 200 (0.3ms)
2026-04-02 14:22:57.045 [INF] Microsoft.AspNetCore.Hosting.Diagnostics | Request finished HTTP/1.1 POST http://localhost:5217/hubs/empot/negotiate?negotiateVersion=1 - 200 316 application/json 1.1894ms
2026-04-02 14:22:57.056 [INF] Microsoft.AspNetCore.Hosting.Diagnostics | Request starting HTTP/1.1 GET http://localhost:5217/hubs/empot?id=9aP_ftIVWvbXCDM7qMTONQ&access_token=eyJhbGciOiJIUzI1NiIsInR5cCI6IkpXVCJ9.eyJuYW1laWQiOiIxOCIsInVuaXF1ZV9uYW1lIjoidmFzYW50aGFrdW1hciIsImVtYWlsIjoidmFzYW50aDIwMDR2a0BnbWFpbC5jb20iLCJyb2xlIjoiU3VwZXJBZG1pbiIsIk9yZ2FuaXphdGlvbklkIjoiMiIsIk9yZ2FuaXphdGlvbkxvZ28iOiIvdXBsb2Fkcy9vcmctbG9nb3Mvb3JnLWxvZ28tNTg3M2M0NzVkOTFkNGJiZDkwNDZkZWVjNjY3ZDEzNmMuanBnIiwibmJmIjoxNzc1MTE5OTY0LCJleHAiOjE3NzUyMDYzNjQsImlhdCI6MTc3NTExOTk2NCwiaXNzIjoiUHJvRGVzWC1CYWNrZW5kIiwiYXVkIjoiUHJvRGVzWC1Gcm9udGVuZCJ9.ZKD2oXDGiuqj3cPTGColpAg5BEpy4afEuBWF1-78CJY - null null
2026-04-02 14:22:57.056 [INF] Microsoft.AspNetCore.Cors.Infrastructure.CorsService | CORS policy execution successful.
2026-04-02 14:22:57.057 [INF] Microsoft.AspNetCore.Routing.EndpointMiddleware | Executing endpoint '/hubs/empot'
2026-04-02 14:23:37.355 [INF] Microsoft.AspNetCore.Hosting.Diagnostics | Request starting HTTP/1.1 GET http://localhost:5217/uploads/employee-photos/emp-22.png - null null
2026-04-02 14:23:37.355 [INF] Microsoft.AspNetCore.Cors.Infrastructure.CorsService | CORS policy execution successful.
2026-04-02 14:23:37.359 [INF] Microsoft.AspNetCore.StaticFiles.StaticFileMiddleware | The file /uploads/employee-photos/emp-22.png was not modified
2026-04-02 14:23:37.359 [INF] Microsoft.AspNetCore.Hosting.Diagnostics | Request finished HTTP/1.1 GET http://localhost:5217/uploads/employee-photos/emp-22.png - 304 null image/png 4.2024ms
2026-04-02 14:25:17.057 [INF] Microsoft.AspNetCore.Routing.EndpointMiddleware | Executed endpoint '/hubs/empot'
2026-04-02 14:25:17.058 [INF] Serilog.AspNetCore.RequestLoggingMiddleware | HTTP GET /hubs/empot → 101 (140001.0ms)
2026-04-02 14:25:17.058 [INF] Microsoft.AspNetCore.Hosting.Diagnostics | Request finished HTTP/1.1 GET http://localhost:5217/hubs/empot?id=9aP_ftIVWvbXCDM7qMTONQ&access_token=eyJhbGciOiJIUzI1NiIsInR5cCI6IkpXVCJ9.eyJuYW1laWQiOiIxOCIsInVuaXF1ZV9uYW1lIjoidmFzYW50aGFrdW1hciIsImVtYWlsIjoidmFzYW50aDIwMDR2a0BnbWFpbC5jb20iLCJyb2xlIjoiU3VwZXJBZG1pbiIsIk9yZ2FuaXphdGlvbklkIjoiMiIsIk9yZ2FuaXphdGlvbkxvZ28iOiIvdXBsb2Fkcy9vcmctbG9nb3Mvb3JnLWxvZ28tNTg3M2M0NzVkOTFkNGJiZDkwNDZkZWVjNjY3ZDEzNmMuanBnIiwibmJmIjoxNzc1MTE5OTY0LCJleHAiOjE3NzUyMDYzNjQsImlhdCI6MTc3NTExOTk2NCwiaXNzIjoiUHJvRGVzWC1CYWNrZW5kIiwiYXVkIjoiUHJvRGVzWC1Gcm9udGVuZCJ9.ZKD2oXDGiuqj3cPTGColpAg5BEpy4afEuBWF1-78CJY - 101 null null 140001.6367ms
2026-04-02 14:25:17.127 [INF] Microsoft.AspNetCore.Hosting.Diagnostics | Request starting HTTP/1.1 OPTIONS http://localhost:5217/hubs/empot/negotiate?negotiateVersion=1 - null null
2026-04-02 14:25:17.127 [INF] Microsoft.AspNetCore.Cors.Infrastructure.CorsService | CORS policy execution successful.
2026-04-02 14:25:17.127 [INF] Microsoft.AspNetCore.Hosting.Diagnostics | Request finished HTTP/1.1 OPTIONS http://localhost:5217/hubs/empot/negotiate?negotiateVersion=1 - 204 null null 0.1419ms
2026-04-02 14:25:17.127 [INF] Microsoft.AspNetCore.Hosting.Diagnostics | Request starting HTTP/1.1 POST http://localhost:5217/hubs/empot/negotiate?negotiateVersion=1 - text/plain;charset=UTF-8 0
2026-04-02 14:25:17.128 [INF] Microsoft.AspNetCore.Cors.Infrastructure.CorsService | CORS policy execution successful.
2026-04-02 14:25:17.128 [INF] Microsoft.AspNetCore.Routing.EndpointMiddleware | Executing endpoint '/hubs/empot/negotiate'
2026-04-02 14:25:17.128 [INF] Microsoft.AspNetCore.Routing.EndpointMiddleware | Executed endpoint '/hubs/empot/negotiate'
2026-04-02 14:25:17.128 [INF] Serilog.AspNetCore.RequestLoggingMiddleware | HTTP POST /hubs/empot/negotiate → 200 (0.1ms)
2026-04-02 14:25:17.128 [INF] Microsoft.AspNetCore.Hosting.Diagnostics | Request finished HTTP/1.1 POST http://localhost:5217/hubs/empot/negotiate?negotiateVersion=1 - 200 316 application/json 0.3ms
2026-04-02 14:25:17.134 [INF] Microsoft.AspNetCore.Hosting.Diagnostics | Request starting HTTP/1.1 GET http://localhost:5217/hubs/empot?id=Fb-_04vbdDB9_JmWq5djrg&access_token=eyJhbGciOiJIUzI1NiIsInR5cCI6IkpXVCJ9.eyJuYW1laWQiOiIxOCIsInVuaXF1ZV9uYW1lIjoidmFzYW50aGFrdW1hciIsImVtYWlsIjoidmFzYW50aDIwMDR2a0BnbWFpbC5jb20iLCJyb2xlIjoiU3VwZXJBZG1pbiIsIk9yZ2FuaXphdGlvbklkIjoiMiIsIk9yZ2FuaXphdGlvbkxvZ28iOiIvdXBsb2Fkcy9vcmctbG9nb3Mvb3JnLWxvZ28tNTg3M2M0NzVkOTFkNGJiZDkwNDZkZWVjNjY3ZDEzNmMuanBnIiwibmJmIjoxNzc1MTE5OTY0LCJleHAiOjE3NzUyMDYzNjQsImlhdCI6MTc3NTExOTk2NCwiaXNzIjoiUHJvRGVzWC1CYWNrZW5kIiwiYXVkIjoiUHJvRGVzWC1Gcm9udGVuZCJ9.ZKD2oXDGiuqj3cPTGColpAg5BEpy4afEuBWF1-78CJY - null null
2026-04-02 14:25:17.134 [INF] Microsoft.AspNetCore.Cors.Infrastructure.CorsService | CORS policy execution successful.
2026-04-02 14:25:17.135 [INF] Microsoft.AspNetCore.Routing.EndpointMiddleware | Executing endpoint '/hubs/empot'
2026-04-02 14:27:20.613 [INF] Microsoft.AspNetCore.Server.Kestrel.Connections | Connection id "0HNKGHQR104I8", Request id "0HNKGHQR104I8:00000001": the application aborted the connection.
2026-04-02 14:27:20.617 [INF] Microsoft.AspNetCore.Routing.EndpointMiddleware | Executed endpoint '/hubs/empot'
2026-04-02 14:27:20.618 [INF] Serilog.AspNetCore.RequestLoggingMiddleware | HTTP GET /hubs/empot → 101 (123483.0ms)
2026-04-02 14:27:20.618 [INF] Microsoft.AspNetCore.Hosting.Diagnostics | Request finished HTTP/1.1 GET http://localhost:5217/hubs/empot?id=Fb-_04vbdDB9_JmWq5djrg&access_token=eyJhbGciOiJIUzI1NiIsInR5cCI6IkpXVCJ9.eyJuYW1laWQiOiIxOCIsInVuaXF1ZV9uYW1lIjoidmFzYW50aGFrdW1hciIsImVtYWlsIjoidmFzYW50aDIwMDR2a0BnbWFpbC5jb20iLCJyb2xlIjoiU3VwZXJBZG1pbiIsIk9yZ2FuaXphdGlvbklkIjoiMiIsIk9yZ2FuaXphdGlvbkxvZ28iOiIvdXBsb2Fkcy9vcmctbG9nb3Mvb3JnLWxvZ28tNTg3M2M0NzVkOTFkNGJiZDkwNDZkZWVjNjY3ZDEzNmMuanBnIiwibmJmIjoxNzc1MTE5OTY0LCJleHAiOjE3NzUyMDYzNjQsImlhdCI6MTc3NTExOTk2NCwiaXNzIjoiUHJvRGVzWC1CYWNrZW5kIiwiYXVkIjoiUHJvRGVzWC1Gcm9udGVuZCJ9.ZKD2oXDGiuqj3cPTGColpAg5BEpy4afEuBWF1-78CJY - 101 null null 123483.3655ms
2026-04-02 14:42:10.571 [INF] Microsoft.AspNetCore.Hosting.Diagnostics | Request starting HTTP/1.1 OPTIONS http://localhost:5217/hubs/empot/negotiate?negotiateVersion=1 - null null
2026-04-02 14:42:10.571 [INF] Microsoft.AspNetCore.Cors.Infrastructure.CorsService | CORS policy execution successful.
2026-04-02 14:42:10.571 [INF] Microsoft.AspNetCore.Hosting.Diagnostics | Request finished HTTP/1.1 OPTIONS http://localhost:5217/hubs/empot/negotiate?negotiateVersion=1 - 204 null null 0.3164ms
2026-04-02 14:42:10.574 [INF] Microsoft.AspNetCore.Hosting.Diagnostics | Request starting HTTP/1.1 POST http://localhost:5217/hubs/empot/negotiate?negotiateVersion=1 - text/plain;charset=UTF-8 0
2026-04-02 14:42:10.574 [INF] Microsoft.AspNetCore.Cors.Infrastructure.CorsService | CORS policy execution successful.
2026-04-02 14:42:10.575 [INF] Microsoft.AspNetCore.Routing.EndpointMiddleware | Executing endpoint '/hubs/empot/negotiate'
2026-04-02 14:42:10.576 [INF] Microsoft.AspNetCore.Routing.EndpointMiddleware | Executed endpoint '/hubs/empot/negotiate'
2026-04-02 14:42:10.576 [INF] Serilog.AspNetCore.RequestLoggingMiddleware | HTTP POST /hubs/empot/negotiate → 200 (1.6ms)
2026-04-02 14:42:10.576 [INF] Microsoft.AspNetCore.Hosting.Diagnostics | Request finished HTTP/1.1 POST http://localhost:5217/hubs/empot/negotiate?negotiateVersion=1 - 200 316 application/json 2.2046ms
2026-04-02 14:42:11.398 [INF] Microsoft.AspNetCore.Hosting.Diagnostics | Request starting HTTP/1.1 GET http://localhost:5217/hubs/empot?id=DrRBLsK6R739rx4GTc3PUw&access_token=eyJhbGciOiJIUzI1NiIsInR5cCI6IkpXVCJ9.eyJuYW1laWQiOiIxOCIsInVuaXF1ZV9uYW1lIjoidmFzYW50aGFrdW1hciIsImVtYWlsIjoidmFzYW50aDIwMDR2a0BnbWFpbC5jb20iLCJyb2xlIjoiU3VwZXJBZG1pbiIsIk9yZ2FuaXphdGlvbklkIjoiMiIsIk9yZ2FuaXphdGlvbkxvZ28iOiIvdXBsb2Fkcy9vcmctbG9nb3Mvb3JnLWxvZ28tNTg3M2M0NzVkOTFkNGJiZDkwNDZkZWVjNjY3ZDEzNmMuanBnIiwibmJmIjoxNzc1MTE5OTY0LCJleHAiOjE3NzUyMDYzNjQsImlhdCI6MTc3NTExOTk2NCwiaXNzIjoiUHJvRGVzWC1CYWNrZW5kIiwiYXVkIjoiUHJvRGVzWC1Gcm9udGVuZCJ9.ZKD2oXDGiuqj3cPTGColpAg5BEpy4afEuBWF1-78CJY - null null
2026-04-02 14:42:11.399 [INF] Microsoft.AspNetCore.Cors.Infrastructure.CorsService | CORS policy execution successful.
2026-04-02 14:42:11.400 [INF] Microsoft.AspNetCore.Routing.EndpointMiddleware | Executing endpoint '/hubs/empot'
2026-04-02 14:42:12.794 [INF] Microsoft.AspNetCore.Server.Kestrel.Connections | Connection id "0HNKGHQR104IA", Request id "0HNKGHQR104IA:00000001": the application aborted the connection.
2026-04-02 14:42:12.794 [INF] Microsoft.AspNetCore.Routing.EndpointMiddleware | Executed endpoint '/hubs/empot'
2026-04-02 14:42:12.794 [INF] Serilog.AspNetCore.RequestLoggingMiddleware | HTTP GET /hubs/empot → 101 (1394.5ms)
2026-04-02 14:42:12.794 [INF] Microsoft.AspNetCore.Hosting.Diagnostics | Request finished HTTP/1.1 GET http://localhost:5217/hubs/empot?id=DrRBLsK6R739rx4GTc3PUw&access_token=eyJhbGciOiJIUzI1NiIsInR5cCI6IkpXVCJ9.eyJuYW1laWQiOiIxOCIsInVuaXF1ZV9uYW1lIjoidmFzYW50aGFrdW1hciIsImVtYWlsIjoidmFzYW50aDIwMDR2a0BnbWFpbC5jb20iLCJyb2xlIjoiU3VwZXJBZG1pbiIsIk9yZ2FuaXphdGlvbklkIjoiMiIsIk9yZ2FuaXphdGlvbkxvZ28iOiIvdXBsb2Fkcy9vcmctbG9nb3Mvb3JnLWxvZ28tNTg3M2M0NzVkOTFkNGJiZDkwNDZkZWVjNjY3ZDEzNmMuanBnIiwibmJmIjoxNzc1MTE5OTY0LCJleHAiOjE3NzUyMDYzNjQsImlhdCI6MTc3NTExOTk2NCwiaXNzIjoiUHJvRGVzWC1CYWNrZW5kIiwiYXVkIjoiUHJvRGVzWC1Gcm9udGVuZCJ9.ZKD2oXDGiuqj3cPTGColpAg5BEpy4afEuBWF1-78CJY - 101 null null 1396.0688ms
2026-04-02 15:15:50.714 [INF] Microsoft.AspNetCore.Hosting.Diagnostics | Request starting HTTP/1.1 OPTIONS http://localhost:5217/hubs/empot/negotiate?negotiateVersion=1 - null null
2026-04-02 15:15:50.717 [INF] Microsoft.AspNetCore.Cors.Infrastructure.CorsService | CORS policy execution successful.
2026-04-02 15:15:50.718 [INF] Microsoft.AspNetCore.Hosting.Diagnostics | Request finished HTTP/1.1 OPTIONS http://localhost:5217/hubs/empot/negotiate?negotiateVersion=1 - 204 null null 4.1682ms
2026-04-02 15:15:50.720 [INF] Microsoft.AspNetCore.Hosting.Diagnostics | Request starting HTTP/1.1 POST http://localhost:5217/hubs/empot/negotiate?negotiateVersion=1 - text/plain;charset=UTF-8 0
2026-04-02 15:15:50.720 [INF] Microsoft.AspNetCore.Cors.Infrastructure.CorsService | CORS policy execution successful.
2026-04-02 15:15:50.727 [INF] Microsoft.AspNetCore.Routing.EndpointMiddleware | Executing endpoint '/hubs/empot/negotiate'
2026-04-02 15:15:50.731 [INF] Microsoft.AspNetCore.Routing.EndpointMiddleware | Executed endpoint '/hubs/empot/negotiate'
2026-04-02 15:15:50.731 [INF] Serilog.AspNetCore.RequestLoggingMiddleware | HTTP POST /hubs/empot/negotiate → 200 (3.8ms)
2026-04-02 15:15:50.731 [INF] Microsoft.AspNetCore.Hosting.Diagnostics | Request finished HTTP/1.1 POST http://localhost:5217/hubs/empot/negotiate?negotiateVersion=1 - 200 316 application/json 11.311ms
2026-04-02 15:15:51.028 [INF] Microsoft.AspNetCore.Hosting.Diagnostics | Request starting HTTP/1.1 GET http://localhost:5217/hubs/empot?id=nh6FQ3rP-iq6tqmvT3OS4g&access_token=eyJhbGciOiJIUzI1NiIsInR5cCI6IkpXVCJ9.eyJuYW1laWQiOiIxOCIsInVuaXF1ZV9uYW1lIjoidmFzYW50aGFrdW1hciIsImVtYWlsIjoidmFzYW50aDIwMDR2a0BnbWFpbC5jb20iLCJyb2xlIjoiU3VwZXJBZG1pbiIsIk9yZ2FuaXphdGlvbklkIjoiMiIsIk9yZ2FuaXphdGlvbkxvZ28iOiIvdXBsb2Fkcy9vcmctbG9nb3Mvb3JnLWxvZ28tNTg3M2M0NzVkOTFkNGJiZDkwNDZkZWVjNjY3ZDEzNmMuanBnIiwibmJmIjoxNzc1MTE5OTY0LCJleHAiOjE3NzUyMDYzNjQsImlhdCI6MTc3NTExOTk2NCwiaXNzIjoiUHJvRGVzWC1CYWNrZW5kIiwiYXVkIjoiUHJvRGVzWC1Gcm9udGVuZCJ9.ZKD2oXDGiuqj3cPTGColpAg5BEpy4afEuBWF1-78CJY - null null
2026-04-02 15:15:51.030 [INF] Microsoft.AspNetCore.Cors.Infrastructure.CorsService | CORS policy execution successful.
2026-04-02 15:15:51.037 [INF] Microsoft.AspNetCore.Routing.EndpointMiddleware | Executing endpoint '/hubs/empot'
2026-04-02 15:15:54.664 [INF] Microsoft.AspNetCore.Routing.EndpointMiddleware | Executed endpoint '/hubs/empot'
2026-04-02 15:15:54.664 [INF] Serilog.AspNetCore.RequestLoggingMiddleware | HTTP GET /hubs/empot → 101 (3627.5ms)
2026-04-02 15:15:54.664 [INF] Microsoft.AspNetCore.Hosting.Diagnostics | Request finished HTTP/1.1 GET http://localhost:5217/hubs/empot?id=nh6FQ3rP-iq6tqmvT3OS4g&access_token=eyJhbGciOiJIUzI1NiIsInR5cCI6IkpXVCJ9.eyJuYW1laWQiOiIxOCIsInVuaXF1ZV9uYW1lIjoidmFzYW50aGFrdW1hciIsImVtYWlsIjoidmFzYW50aDIwMDR2a0BnbWFpbC5jb20iLCJyb2xlIjoiU3VwZXJBZG1pbiIsIk9yZ2FuaXphdGlvbklkIjoiMiIsIk9yZ2FuaXphdGlvbkxvZ28iOiIvdXBsb2Fkcy9vcmctbG9nb3Mvb3JnLWxvZ28tNTg3M2M0NzVkOTFkNGJiZDkwNDZkZWVjNjY3ZDEzNmMuanBnIiwibmJmIjoxNzc1MTE5OTY0LCJleHAiOjE3NzUyMDYzNjQsImlhdCI6MTc3NTExOTk2NCwiaXNzIjoiUHJvRGVzWC1CYWNrZW5kIiwiYXVkIjoiUHJvRGVzWC1Gcm9udGVuZCJ9.ZKD2oXDGiuqj3cPTGColpAg5BEpy4afEuBWF1-78CJY - 101 null null 3636.8583ms
2026-04-02 15:16:22.817 [INF] Microsoft.AspNetCore.Hosting.Diagnostics | Request starting HTTP/1.1 OPTIONS http://localhost:5217/api/auth/login - null null
2026-04-02 15:16:22.818 [INF] Microsoft.AspNetCore.Cors.Infrastructure.CorsService | CORS policy execution successful.
2026-04-02 15:16:22.818 [INF] Microsoft.AspNetCore.Hosting.Diagnostics | Request finished HTTP/1.1 OPTIONS http://localhost:5217/api/auth/login - 204 null null 1.3411ms
2026-04-02 15:16:22.819 [INF] Microsoft.AspNetCore.Hosting.Diagnostics | Request starting HTTP/1.1 POST http://localhost:5217/api/auth/login - application/json 62
2026-04-02 15:16:22.820 [INF] Microsoft.AspNetCore.Cors.Infrastructure.CorsService | CORS policy execution successful.
2026-04-02 15:16:22.822 [INF] Microsoft.AspNetCore.Routing.EndpointMiddleware | Executing endpoint 'backend.Controllers.AuthController.Login (backend)'
2026-04-02 15:16:22.837 [INF] Microsoft.AspNetCore.Mvc.Infrastructure.ControllerActionInvoker | Route matched with {action = "Login", controller = "Auth"}. Executing controller action with signature System.Threading.Tasks.Task`1[Microsoft.AspNetCore.Mvc.IActionResult] Login(backend.Models.LoginRequest) on controller backend.Controllers.AuthController (backend).
2026-04-02 15:16:22.863 [INF] backend.Controllers.AuthController | [Auth] Login attempt | Email=vasanth2004vk@gmail.com
2026-04-02 15:16:23.484 [INF] backend.Controllers.AuthController | [Auth] User login session recorded | UserId=18 | TokenExpiry="2026-04-03T09:46:23.4019229Z"
2026-04-02 15:16:23.487 [INF] backend.Controllers.AuthController | [Auth] Login SUCCESS | Email=vasanth2004vk@gmail.com | EffectiveRole=SuperAdmin | OrgId=2
2026-04-02 15:16:23.490 [INF] Microsoft.AspNetCore.Mvc.Infrastructure.ObjectResultExecutor | Executing OkObjectResult, writing value of type '<>f__AnonymousType16`2[[System.String, System.Private.CoreLib, Version=10.0.0.0, Culture=neutral, PublicKeyToken=7cec85d7bea7798e],[<>f__AnonymousType17`6[[System.Int32, System.Private.CoreLib, Version=10.0.0.0, Culture=neutral, PublicKeyToken=7cec85d7bea7798e],[System.String, System.Private.CoreLib, Version=10.0.0.0, Culture=neutral, PublicKeyToken=7cec85d7bea7798e],[System.String, System.Private.CoreLib, Version=10.0.0.0, Culture=neutral, PublicKeyToken=7cec85d7bea7798e],[System.String, System.Private.CoreLib, Version=10.0.0.0, Culture=neutral, PublicKeyToken=7cec85d7bea7798e],[System.Nullable`1[[System.Int32, System.Private.CoreLib, Version=10.0.0.0, Culture=neutral, PublicKeyToken=7cec85d7bea7798e]], System.Private.CoreLib, Version=10.0.0.0, Culture=neutral, PublicKeyToken=7cec85d7bea7798e],[System.String, System.Private.CoreLib, Version=10.0.0.0, Culture=neutral, PublicKeyToken=7cec85d7bea7798e]], backend, Version=1.0.0.0, Culture=neutral, PublicKeyToken=null]]'.
2026-04-02 15:16:23.491 [INF] Microsoft.AspNetCore.Mvc.Infrastructure.ControllerActionInvoker | Executed action backend.Controllers.AuthController.Login (backend) in 653.4702ms
2026-04-02 15:16:23.491 [INF] Microsoft.AspNetCore.Routing.EndpointMiddleware | Executed endpoint 'backend.Controllers.AuthController.Login (backend)'
2026-04-02 15:16:23.491 [INF] Serilog.AspNetCore.RequestLoggingMiddleware | HTTP POST /api/auth/login → 200 (668.9ms)
2026-04-02 15:16:23.491 [INF] Microsoft.AspNetCore.Hosting.Diagnostics | Request finished HTTP/1.1 POST http://localhost:5217/api/auth/login - 200 null application/json; charset=utf-8 672.0943ms
2026-04-02 15:16:23.508 [INF] Microsoft.AspNetCore.Hosting.Diagnostics | Request starting HTTP/1.1 OPTIONS http://localhost:5217/api/users/organizations - null null
2026-04-02 15:16:23.509 [INF] Microsoft.AspNetCore.Cors.Infrastructure.CorsService | CORS policy execution successful.
2026-04-02 15:16:23.509 [INF] Microsoft.AspNetCore.Hosting.Diagnostics | Request finished HTTP/1.1 OPTIONS http://localhost:5217/api/users/organizations - 204 null null 0.3039ms
2026-04-02 15:16:23.510 [INF] Microsoft.AspNetCore.Hosting.Diagnostics | Request starting HTTP/1.1 GET http://localhost:5217/api/users/organizations - null null
2026-04-02 15:16:23.511 [INF] Microsoft.AspNetCore.Cors.Infrastructure.CorsService | CORS policy execution successful.
2026-04-02 15:16:23.513 [INF] Microsoft.AspNetCore.Routing.EndpointMiddleware | Executing endpoint 'backend.Controllers.UsersController.GetOrganizations (backend)'
2026-04-02 15:16:23.514 [INF] Microsoft.AspNetCore.Mvc.Infrastructure.ControllerActionInvoker | Route matched with {action = "GetOrganizations", controller = "Users"}. Executing controller action with signature System.Threading.Tasks.Task`1[Microsoft.AspNetCore.Mvc.IActionResult] GetOrganizations() on controller backend.Controllers.UsersController (backend).
2026-04-02 15:16:23.514 [INF] backend.Controllers.UsersController | [Users] GET organizations | Role=SuperAdmin | UserId=18
2026-04-02 15:16:23.590 [INF] Microsoft.AspNetCore.Mvc.Infrastructure.ObjectResultExecutor | Executing OkObjectResult, writing value of type 'System.Collections.Generic.List`1[[backend.Models.Organization, backend, Version=1.0.0.0, Culture=neutral, PublicKeyToken=null]]'.
2026-04-02 15:16:23.592 [INF] Microsoft.AspNetCore.Mvc.Infrastructure.ControllerActionInvoker | Executed action backend.Controllers.UsersController.GetOrganizations (backend) in 77.6393ms
2026-04-02 15:16:23.592 [INF] Microsoft.AspNetCore.Routing.EndpointMiddleware | Executed endpoint 'backend.Controllers.UsersController.GetOrganizations (backend)'
2026-04-02 15:16:23.592 [INF] Serilog.AspNetCore.RequestLoggingMiddleware | HTTP GET /api/users/organizations → 200 (78.8ms)
2026-04-02 15:16:23.592 [INF] Microsoft.AspNetCore.Hosting.Diagnostics | Request finished HTTP/1.1 GET http://localhost:5217/api/users/organizations - 200 null application/json; charset=utf-8 81.6968ms
2026-04-02 15:16:23.977 [INF] Microsoft.AspNetCore.Hosting.Diagnostics | Request starting HTTP/1.1 GET http://localhost:5217/uploads/org-logos/org-logo-5873c475d91d4bbd9046deec667d136c.jpg - null null
2026-04-02 15:16:23.979 [INF] Microsoft.AspNetCore.Cors.Infrastructure.CorsService | CORS policy execution successful.
2026-04-02 15:16:23.987 [INF] Microsoft.AspNetCore.StaticFiles.StaticFileMiddleware | The file /uploads/org-logos/org-logo-5873c475d91d4bbd9046deec667d136c.jpg was not modified
2026-04-02 15:16:23.987 [INF] Microsoft.AspNetCore.Hosting.Diagnostics | Request finished HTTP/1.1 GET http://localhost:5217/uploads/org-logos/org-logo-5873c475d91d4bbd9046deec667d136c.jpg - 304 null image/jpeg 10.1683ms
2026-04-02 15:16:24.018 [INF] Microsoft.AspNetCore.Hosting.Diagnostics | Request starting HTTP/1.1 OPTIONS http://localhost:5217/api/organizations - null null
2026-04-02 15:16:24.019 [INF] Microsoft.AspNetCore.Cors.Infrastructure.CorsService | CORS policy execution successful.
2026-04-02 15:16:24.019 [INF] Microsoft.AspNetCore.Hosting.Diagnostics | Request finished HTTP/1.1 OPTIONS http://localhost:5217/api/organizations - 204 null null 0.5453ms
2026-04-02 15:16:24.021 [INF] Microsoft.AspNetCore.Hosting.Diagnostics | Request starting HTTP/1.1 GET http://localhost:5217/api/organizations - application/json null
2026-04-02 15:16:24.021 [INF] Microsoft.AspNetCore.Cors.Infrastructure.CorsService | CORS policy execution successful.
2026-04-02 15:16:24.023 [INF] Microsoft.AspNetCore.Routing.EndpointMiddleware | Executing endpoint 'backend.Controllers.OrganizationsController.GetOrganizations (backend)'
2026-04-02 15:16:24.024 [INF] Microsoft.AspNetCore.Mvc.Infrastructure.ControllerActionInvoker | Route matched with {action = "GetOrganizations", controller = "Organizations"}. Executing controller action with signature System.Threading.Tasks.Task`1[Microsoft.AspNetCore.Mvc.IActionResult] GetOrganizations() on controller backend.Controllers.OrganizationsController (backend).
2026-04-02 15:16:24.025 [INF] backend.Controllers.OrganizationsController | [Orgs] GET all requested | Role=SuperAdmin | UserId=18
2026-04-02 15:16:24.039 [INF] Microsoft.AspNetCore.Mvc.Infrastructure.ObjectResultExecutor | Executing OkObjectResult, writing value of type 'System.Collections.Generic.List`1[[backend.Models.Organization, backend, Version=1.0.0.0, Culture=neutral, PublicKeyToken=null]]'.
2026-04-02 15:16:24.040 [INF] Microsoft.AspNetCore.Mvc.Infrastructure.ControllerActionInvoker | Executed action backend.Controllers.OrganizationsController.GetOrganizations (backend) in 15.5081ms
2026-04-02 15:16:24.040 [INF] Microsoft.AspNetCore.Routing.EndpointMiddleware | Executed endpoint 'backend.Controllers.OrganizationsController.GetOrganizations (backend)'
2026-04-02 15:16:24.040 [INF] Serilog.AspNetCore.RequestLoggingMiddleware | HTTP GET /api/organizations → 200 (17.1ms)
2026-04-02 15:16:24.040 [INF] Microsoft.AspNetCore.Hosting.Diagnostics | Request finished HTTP/1.1 GET http://localhost:5217/api/organizations - 200 null application/json; charset=utf-8 18.95ms
2026-04-02 15:16:24.086 [INF] Microsoft.AspNetCore.Hosting.Diagnostics | Request starting HTTP/1.1 OPTIONS http://localhost:5217/api/leads - null null
2026-04-02 15:16:24.087 [INF] Microsoft.AspNetCore.Cors.Infrastructure.CorsService | CORS policy execution successful.
2026-04-02 15:16:24.087 [INF] Microsoft.AspNetCore.Hosting.Diagnostics | Request finished HTTP/1.1 OPTIONS http://localhost:5217/api/leads - 204 null null 0.2035ms
2026-04-02 15:16:24.091 [INF] Microsoft.AspNetCore.Hosting.Diagnostics | Request starting HTTP/1.1 GET http://localhost:5217/api/leads - application/json null
2026-04-02 15:16:24.091 [INF] Microsoft.AspNetCore.Cors.Infrastructure.CorsService | CORS policy execution successful.
2026-04-02 15:16:24.093 [INF] Microsoft.AspNetCore.Routing.EndpointMiddleware | Executing endpoint 'backend.Controllers.LeadsController.GetLeads (backend)'
2026-04-02 15:16:24.095 [INF] Microsoft.AspNetCore.Mvc.Infrastructure.ControllerActionInvoker | Route matched with {action = "GetLeads", controller = "Leads"}. Executing controller action with signature System.Threading.Tasks.Task`1[System.Collections.Generic.IEnumerable`1[backend.Models.Lead]] GetLeads() on controller backend.Controllers.LeadsController (backend).
2026-04-02 15:16:24.137 [INF] Microsoft.AspNetCore.Mvc.Infrastructure.ObjectResultExecutor | Executing ObjectResult, writing value of type 'System.Collections.Generic.List`1[[backend.Models.Lead, backend, Version=1.0.0.0, Culture=neutral, PublicKeyToken=null]]'.
2026-04-02 15:16:24.138 [INF] Microsoft.AspNetCore.Mvc.Infrastructure.ControllerActionInvoker | Executed action backend.Controllers.LeadsController.GetLeads (backend) in 43.1927ms
2026-04-02 15:16:24.138 [INF] Microsoft.AspNetCore.Routing.EndpointMiddleware | Executed endpoint 'backend.Controllers.LeadsController.GetLeads (backend)'
2026-04-02 15:16:24.138 [INF] Serilog.AspNetCore.RequestLoggingMiddleware | HTTP GET /api/leads → 200 (44.8ms)
2026-04-02 15:16:24.138 [INF] Microsoft.AspNetCore.Hosting.Diagnostics | Request finished HTTP/1.1 GET http://localhost:5217/api/leads - 200 null application/json; charset=utf-8 47.1148ms
2026-04-02 15:16:24.274 [INF] Microsoft.AspNetCore.Hosting.Diagnostics | Request starting HTTP/1.1 OPTIONS http://localhost:5217/api/employees?organizationId=2 - null null
2026-04-02 15:16:24.275 [INF] Microsoft.AspNetCore.Cors.Infrastructure.CorsService | CORS policy execution successful.
2026-04-02 15:16:24.275 [INF] Microsoft.AspNetCore.Hosting.Diagnostics | Request finished HTTP/1.1 OPTIONS http://localhost:5217/api/employees?organizationId=2 - 204 null null 0.7448ms
2026-04-02 15:16:24.277 [INF] Microsoft.AspNetCore.Hosting.Diagnostics | Request starting HTTP/1.1 GET http://localhost:5217/api/employees?organizationId=2 - application/json null
2026-04-02 15:16:24.278 [INF] Microsoft.AspNetCore.Cors.Infrastructure.CorsService | CORS policy execution successful.
2026-04-02 15:16:24.278 [INF] Microsoft.AspNetCore.Routing.EndpointMiddleware | Executing endpoint 'backend.Controllers.EmployeesController.GetEmployees (backend)'
2026-04-02 15:16:24.279 [INF] Microsoft.AspNetCore.Mvc.Infrastructure.ControllerActionInvoker | Route matched with {action = "GetEmployees", controller = "Employees"}. Executing controller action with signature System.Threading.Tasks.Task`1[Microsoft.AspNetCore.Mvc.IActionResult] GetEmployees(System.Nullable`1[System.Int32]) on controller backend.Controllers.EmployeesController (backend).
2026-04-02 15:16:24.282 [INF] backend.Controllers.EmployeesController | [Employees] GET all | TargetOrgId=2 | UserOrgId=2
2026-04-02 15:16:24.316 [INF] Microsoft.AspNetCore.Mvc.Infrastructure.ObjectResultExecutor | Executing OkObjectResult, writing value of type 'System.Collections.Generic.List`1[[backend.Models.Employee, backend, Version=1.0.0.0, Culture=neutral, PublicKeyToken=null]]'.
2026-04-02 15:16:24.319 [INF] Microsoft.AspNetCore.Mvc.Infrastructure.ControllerActionInvoker | Executed action backend.Controllers.EmployeesController.GetEmployees (backend) in 40.1142ms
2026-04-02 15:16:24.319 [INF] Microsoft.AspNetCore.Routing.EndpointMiddleware | Executed endpoint 'backend.Controllers.EmployeesController.GetEmployees (backend)'
2026-04-02 15:16:24.319 [INF] Serilog.AspNetCore.RequestLoggingMiddleware | HTTP GET /api/employees → 200 (41.0ms)
2026-04-02 15:16:24.319 [INF] Microsoft.AspNetCore.Hosting.Diagnostics | Request finished HTTP/1.1 GET http://localhost:5217/api/employees?organizationId=2 - 200 null application/json; charset=utf-8 41.8948ms
2026-04-02 15:16:24.360 [INF] Microsoft.AspNetCore.Hosting.Diagnostics | Request starting HTTP/1.1 OPTIONS http://localhost:5217/api/ShiftAssignments/roster?start=2026-04-02&end=2026-04-09&orgId=2 - null null
2026-04-02 15:16:24.360 [INF] Microsoft.AspNetCore.Cors.Infrastructure.CorsService | CORS policy execution successful.
2026-04-02 15:16:24.360 [INF] Microsoft.AspNetCore.Hosting.Diagnostics | Request finished HTTP/1.1 OPTIONS http://localhost:5217/api/ShiftAssignments/roster?start=2026-04-02&end=2026-04-09&orgId=2 - 204 null null 0.6081ms
2026-04-02 15:16:24.362 [INF] Microsoft.AspNetCore.Hosting.Diagnostics | Request starting HTTP/1.1 GET http://localhost:5217/api/ShiftAssignments/roster?start=2026-04-02&end=2026-04-09&orgId=2 - application/json null
2026-04-02 15:16:24.362 [INF] Microsoft.AspNetCore.Cors.Infrastructure.CorsService | CORS policy execution successful.
2026-04-02 15:16:24.364 [INF] Microsoft.AspNetCore.Routing.EndpointMiddleware | Executing endpoint 'backend.Controllers.ShiftAssignmentsController.GetMonthlyRosterFixed (backend)'
2026-04-02 15:16:24.364 [INF] Microsoft.AspNetCore.Mvc.Infrastructure.ControllerActionInvoker | Route matched with {action = "GetMonthlyRosterFixed", controller = "ShiftAssignments"}. Executing controller action with signature System.Threading.Tasks.Task`1[Microsoft.AspNetCore.Mvc.IActionResult] GetMonthlyRosterFixed(System.String, System.String, System.Nullable`1[System.Int32]) on controller backend.Controllers.ShiftAssignmentsController (backend).
2026-04-02 15:16:24.377 [INF] Microsoft.AspNetCore.Hosting.Diagnostics | Request starting HTTP/1.1 GET http://localhost:5217/uploads/employee-photos/emp-31.jpg - null null
2026-04-02 15:16:24.377 [INF] Microsoft.AspNetCore.Cors.Infrastructure.CorsService | CORS policy execution successful.
2026-04-02 15:16:24.378 [INF] Microsoft.AspNetCore.StaticFiles.StaticFileMiddleware | The file /uploads/employee-photos/emp-31.jpg was not modified
2026-04-02 15:16:24.378 [INF] Microsoft.AspNetCore.Hosting.Diagnostics | Request finished HTTP/1.1 GET http://localhost:5217/uploads/employee-photos/emp-31.jpg - 304 null image/jpeg 0.9918ms
2026-04-02 15:16:24.388 [INF] Microsoft.AspNetCore.Mvc.Infrastructure.ObjectResultExecutor | Executing OkObjectResult, writing value of type 'System.Collections.Generic.List`1[[backend.Models.EmployeeSchedule, backend, Version=1.0.0.0, Culture=neutral, PublicKeyToken=null]]'.
2026-04-02 15:16:24.390 [INF] Microsoft.AspNetCore.Mvc.Infrastructure.ControllerActionInvoker | Executed action backend.Controllers.ShiftAssignmentsController.GetMonthlyRosterFixed (backend) in 25.5651ms
2026-04-02 15:16:24.390 [INF] Microsoft.AspNetCore.Routing.EndpointMiddleware | Executed endpoint 'backend.Controllers.ShiftAssignmentsController.GetMonthlyRosterFixed (backend)'
2026-04-02 15:16:24.390 [INF] Serilog.AspNetCore.RequestLoggingMiddleware | HTTP GET /api/ShiftAssignments/roster → 200 (25.8ms)
2026-04-02 15:16:24.390 [INF] Microsoft.AspNetCore.Hosting.Diagnostics | Request finished HTTP/1.1 GET http://localhost:5217/api/ShiftAssignments/roster?start=2026-04-02&end=2026-04-09&orgId=2 - 200 null application/json; charset=utf-8 27.4842ms
2026-04-02 15:16:24.402 [INF] Microsoft.AspNetCore.Hosting.Diagnostics | Request starting HTTP/1.1 OPTIONS http://localhost:5217/api/Attendance/status?employeeId=31&orgId=2 - null null
2026-04-02 15:16:24.402 [INF] Microsoft.AspNetCore.Cors.Infrastructure.CorsService | CORS policy execution successful.
2026-04-02 15:16:24.402 [INF] Microsoft.AspNetCore.Hosting.Diagnostics | Request finished HTTP/1.1 OPTIONS http://localhost:5217/api/Attendance/status?employeeId=31&orgId=2 - 204 null null 0.2192ms
2026-04-02 15:16:24.404 [INF] Microsoft.AspNetCore.Hosting.Diagnostics | Request starting HTTP/1.1 GET http://localhost:5217/api/Attendance/status?employeeId=31&orgId=2 - application/json null
2026-04-02 15:16:24.404 [INF] Microsoft.AspNetCore.Cors.Infrastructure.CorsService | CORS policy execution successful.
2026-04-02 15:16:24.404 [INF] Microsoft.AspNetCore.Routing.EndpointMiddleware | Executing endpoint 'backend.Controllers.AttendanceController.GetStatus (backend)'
2026-04-02 15:16:24.405 [INF] Microsoft.AspNetCore.Mvc.Infrastructure.ControllerActionInvoker | Route matched with {action = "GetStatus", controller = "Attendance"}. Executing controller action with signature System.Threading.Tasks.Task`1[Microsoft.AspNetCore.Mvc.IActionResult] GetStatus(Int32, Int32) on controller backend.Controllers.AttendanceController (backend).
2026-04-02 15:16:24.431 [ERR] backend.Controllers.AttendanceController | Error getting attendance status
Microsoft.Data.SqlClient.SqlException (0x80131904): Invalid column name 'FN'.
Invalid column name 'AN'.
   at System.Threading.Tasks.ContinuationResultTaskFromResultTask`2.InnerInvoke()
   at System.Threading.ExecutionContext.RunInternal(ExecutionContext executionContext, ContextCallback callback, Object state)
--- End of stack trace from previous location ---
   at System.Threading.ExecutionContext.RunInternal(ExecutionContext executionContext, ContextCallback callback, Object state)
   at System.Threading.Tasks.Task.ExecuteWithThreadLocal(Task& currentTaskSlot, Thread threadPoolThread)
--- End of stack trace from previous location ---
   at Dapper.SqlMapper.QueryRowAsync[T](IDbConnection cnn, Row row, Type effectiveType, CommandDefinition command) in /_/Dapper/SqlMapper.Async.cs:line 489
   at backend.Controllers.AttendanceController.GetStatus(Int32 employeeId, Int32 orgId) in C:\Repos_Work\Prodesx_HRM_Mobile_Application\backend\Controllers\AttendanceController.cs:line 235
ClientConnectionId:7a9ffcf9-d5b1-4080-8911-9f663887c2df
Error Number:207,State:1,Class:16
2026-04-02 15:16:24.461 [INF] Microsoft.AspNetCore.Mvc.Infrastructure.ObjectResultExecutor | Executing ObjectResult, writing value of type 'System.String'.
2026-04-02 15:16:24.463 [INF] Microsoft.AspNetCore.Mvc.Infrastructure.ControllerActionInvoker | Executed action backend.Controllers.AttendanceController.GetStatus (backend) in 57.9962ms
2026-04-02 15:16:24.463 [INF] Microsoft.AspNetCore.Routing.EndpointMiddleware | Executed endpoint 'backend.Controllers.AttendanceController.GetStatus (backend)'
2026-04-02 15:16:24.463 [ERR] Serilog.AspNetCore.RequestLoggingMiddleware | HTTP GET /api/Attendance/status → 500 (58.5ms)
2026-04-02 15:16:24.463 [INF] Microsoft.AspNetCore.Hosting.Diagnostics | Request finished HTTP/1.1 GET http://localhost:5217/api/Attendance/status?employeeId=31&orgId=2 - 500 null text/plain; charset=utf-8 59.0947ms
2026-04-02 15:16:30.816 [INF] Microsoft.AspNetCore.Hosting.Diagnostics | Request starting HTTP/1.1 OPTIONS http://localhost:5217/api/EmpOT/GetOTByOrgId?orgId=2 - null null
2026-04-02 15:16:30.816 [INF] Microsoft.AspNetCore.Cors.Infrastructure.CorsService | CORS policy execution successful.
2026-04-02 15:16:30.816 [INF] Microsoft.AspNetCore.Hosting.Diagnostics | Request finished HTTP/1.1 OPTIONS http://localhost:5217/api/EmpOT/GetOTByOrgId?orgId=2 - 204 null null 0.499ms
2026-04-02 15:16:30.817 [INF] Microsoft.AspNetCore.Hosting.Diagnostics | Request starting HTTP/1.1 OPTIONS http://localhost:5217/api/employees?orgId=2 - null null
2026-04-02 15:16:30.817 [INF] Microsoft.AspNetCore.Cors.Infrastructure.CorsService | CORS policy execution successful.
2026-04-02 15:16:30.817 [INF] Microsoft.AspNetCore.Hosting.Diagnostics | Request finished HTTP/1.1 OPTIONS http://localhost:5217/api/employees?orgId=2 - 204 null null 0.0754ms
2026-04-02 15:16:30.820 [INF] Microsoft.AspNetCore.Hosting.Diagnostics | Request starting HTTP/1.1 GET http://localhost:5217/api/employees?orgId=2 - application/json null
2026-04-02 15:16:30.820 [INF] Microsoft.AspNetCore.Cors.Infrastructure.CorsService | CORS policy execution successful.
2026-04-02 15:16:30.820 [INF] Microsoft.AspNetCore.Hosting.Diagnostics | Request starting HTTP/1.1 GET http://localhost:5217/api/EmpOT/GetOTByOrgId?orgId=2 - application/json null
2026-04-02 15:16:30.820 [INF] Microsoft.AspNetCore.Cors.Infrastructure.CorsService | CORS policy execution successful.
2026-04-02 15:16:30.820 [INF] Microsoft.AspNetCore.Routing.EndpointMiddleware | Executing endpoint 'backend.Controllers.EmpOTController.GetOTByOrgId (backend)'
2026-04-02 15:16:30.820 [INF] Microsoft.AspNetCore.Routing.EndpointMiddleware | Executing endpoint 'backend.Controllers.EmployeesController.GetEmployees (backend)'
2026-04-02 15:16:30.820 [INF] Microsoft.AspNetCore.Mvc.Infrastructure.ControllerActionInvoker | Route matched with {action = "GetEmployees", controller = "Employees"}. Executing controller action with signature System.Threading.Tasks.Task`1[Microsoft.AspNetCore.Mvc.IActionResult] GetEmployees(System.Nullable`1[System.Int32]) on controller backend.Controllers.EmployeesController (backend).
2026-04-02 15:16:30.820 [INF] Microsoft.AspNetCore.Mvc.Infrastructure.ControllerActionInvoker | Route matched with {action = "GetOTByOrgId", controller = "EmpOT"}. Executing controller action with signature System.Threading.Tasks.Task`1[Microsoft.AspNetCore.Mvc.IActionResult] GetOTByOrgId(Int32) on controller backend.Controllers.EmpOTController (backend).
2026-04-02 15:16:30.822 [INF] backend.Controllers.EmployeesController | [Employees] GET all | TargetOrgId=2 | UserOrgId=2
2026-04-02 15:16:30.845 [INF] Microsoft.AspNetCore.Hosting.Diagnostics | Request starting HTTP/1.1 GET http://localhost:5217/uploads/org-logos/org-logo-f3e5c29a5727487a9d6c2a5527e8919d.png - null null
2026-04-02 15:16:30.845 [INF] Microsoft.AspNetCore.Cors.Infrastructure.CorsService | CORS policy execution successful.
2026-04-02 15:16:30.845 [INF] Microsoft.AspNetCore.StaticFiles.StaticFileMiddleware | The file /uploads/org-logos/org-logo-f3e5c29a5727487a9d6c2a5527e8919d.png was not modified
2026-04-02 15:16:30.845 [INF] Microsoft.AspNetCore.Hosting.Diagnostics | Request finished HTTP/1.1 GET http://localhost:5217/uploads/org-logos/org-logo-f3e5c29a5727487a9d6c2a5527e8919d.png - 304 null image/png 0.8623ms
2026-04-02 15:16:30.848 [INF] Microsoft.AspNetCore.Hosting.Diagnostics | Request starting HTTP/1.1 GET http://localhost:5217/uploads/org-logos/org-logo-6fcb4a5d7f2e442f800ddd9bde90c680.jpg - null null
2026-04-02 15:16:30.848 [INF] Microsoft.AspNetCore.Cors.Infrastructure.CorsService | CORS policy execution successful.
2026-04-02 15:16:30.849 [INF] Microsoft.AspNetCore.StaticFiles.StaticFileMiddleware | The file /uploads/org-logos/org-logo-6fcb4a5d7f2e442f800ddd9bde90c680.jpg was not modified
2026-04-02 15:16:30.849 [INF] Microsoft.AspNetCore.Hosting.Diagnostics | Request finished HTTP/1.1 GET http://localhost:5217/uploads/org-logos/org-logo-6fcb4a5d7f2e442f800ddd9bde90c680.jpg - 304 null image/jpeg 0.8872ms
2026-04-02 15:16:31.473 [INF] Microsoft.AspNetCore.Mvc.Infrastructure.ObjectResultExecutor | Executing OkObjectResult, writing value of type 'System.Collections.Generic.List`1[[backend.Models.EmpOT, backend, Version=1.0.0.0, Culture=neutral, PublicKeyToken=null]]'.
2026-04-02 15:16:31.485 [INF] Microsoft.AspNetCore.Mvc.Infrastructure.ControllerActionInvoker | Executed action backend.Controllers.EmpOTController.GetOTByOrgId (backend) in 664.8562ms
2026-04-02 15:16:31.485 [INF] Microsoft.AspNetCore.Routing.EndpointMiddleware | Executed endpoint 'backend.Controllers.EmpOTController.GetOTByOrgId (backend)'
2026-04-02 15:16:31.485 [INF] Serilog.AspNetCore.RequestLoggingMiddleware | HTTP GET /api/EmpOT/GetOTByOrgId → 200 (665.3ms)
2026-04-02 15:16:31.485 [INF] Microsoft.AspNetCore.Hosting.Diagnostics | Request finished HTTP/1.1 GET http://localhost:5217/api/EmpOT/GetOTByOrgId?orgId=2 - 200 null application/json; charset=utf-8 665.5994ms
2026-04-02 15:16:50.244 [INF] Microsoft.AspNetCore.Mvc.Infrastructure.ObjectResultExecutor | Executing OkObjectResult, writing value of type 'System.Collections.Generic.List`1[[backend.Models.Employee, backend, Version=1.0.0.0, Culture=neutral, PublicKeyToken=null]]'.
2026-04-02 15:16:50.245 [INF] Microsoft.AspNetCore.Mvc.Infrastructure.ControllerActionInvoker | Executed action backend.Controllers.EmployeesController.GetEmployees (backend) in 19424.4334ms
2026-04-02 15:16:50.245 [INF] Microsoft.AspNetCore.Routing.EndpointMiddleware | Executed endpoint 'backend.Controllers.EmployeesController.GetEmployees (backend)'
2026-04-02 15:16:50.245 [INF] Serilog.AspNetCore.RequestLoggingMiddleware | HTTP GET /api/employees → 200 (19424.7ms)
2026-04-02 15:16:50.245 [INF] Microsoft.AspNetCore.Hosting.Diagnostics | Request finished HTTP/1.1 GET http://localhost:5217/api/employees?orgId=2 - 200 null application/json; charset=utf-8 19425.2845ms
2026-04-02 15:16:50.380 [INF] Microsoft.AspNetCore.Hosting.Diagnostics | Request starting HTTP/1.1 GET http://localhost:5217/uploads/employee-photos/emp-22.png - null null
2026-04-02 15:16:50.381 [INF] Microsoft.AspNetCore.Cors.Infrastructure.CorsService | CORS policy execution successful.
2026-04-02 15:16:50.381 [INF] Microsoft.AspNetCore.StaticFiles.StaticFileMiddleware | The file /uploads/employee-photos/emp-22.png was not modified
2026-04-02 15:16:50.381 [INF] Microsoft.AspNetCore.Hosting.Diagnostics | Request finished HTTP/1.1 GET http://localhost:5217/uploads/employee-photos/emp-22.png - 304 null image/png 0.6045ms
2026-04-02 15:16:50.398 [INF] Microsoft.AspNetCore.Hosting.Diagnostics | Request starting HTTP/1.1 OPTIONS http://localhost:5217/hubs/empot/negotiate?negotiateVersion=1 - null null
2026-04-02 15:16:50.398 [INF] Microsoft.AspNetCore.Cors.Infrastructure.CorsService | CORS policy execution successful.
2026-04-02 15:16:50.398 [INF] Microsoft.AspNetCore.Hosting.Diagnostics | Request finished HTTP/1.1 OPTIONS http://localhost:5217/hubs/empot/negotiate?negotiateVersion=1 - 204 null null 0.1708ms
2026-04-02 15:16:50.399 [INF] Microsoft.AspNetCore.Hosting.Diagnostics | Request starting HTTP/1.1 POST http://localhost:5217/hubs/empot/negotiate?negotiateVersion=1 - text/plain;charset=UTF-8 0
2026-04-02 15:16:50.399 [INF] Microsoft.AspNetCore.Cors.Infrastructure.CorsService | CORS policy execution successful.
2026-04-02 15:16:50.400 [INF] Microsoft.AspNetCore.Routing.EndpointMiddleware | Executing endpoint '/hubs/empot/negotiate'
2026-04-02 15:16:50.400 [INF] Microsoft.AspNetCore.Routing.EndpointMiddleware | Executed endpoint '/hubs/empot/negotiate'
2026-04-02 15:16:50.400 [INF] Serilog.AspNetCore.RequestLoggingMiddleware | HTTP POST /hubs/empot/negotiate → 200 (0.2ms)
2026-04-02 15:16:50.400 [INF] Microsoft.AspNetCore.Hosting.Diagnostics | Request finished HTTP/1.1 POST http://localhost:5217/hubs/empot/negotiate?negotiateVersion=1 - 200 316 application/json 1.1006ms
2026-04-02 15:16:50.417 [INF] Microsoft.AspNetCore.Hosting.Diagnostics | Request starting HTTP/1.1 GET http://localhost:5217/hubs/empot?id=xK-5ZLMJZpg40KBcG2isSg&access_token=eyJhbGciOiJIUzI1NiIsInR5cCI6IkpXVCJ9.eyJuYW1laWQiOiIxOCIsInVuaXF1ZV9uYW1lIjoidmFzYW50aGFrdW1hciIsImVtYWlsIjoidmFzYW50aDIwMDR2a0BnbWFpbC5jb20iLCJyb2xlIjoiU3VwZXJBZG1pbiIsIk9yZ2FuaXphdGlvbklkIjoiMiIsIk9yZ2FuaXphdGlvbkxvZ28iOiIvdXBsb2Fkcy9vcmctbG9nb3Mvb3JnLWxvZ28tNTg3M2M0NzVkOTFkNGJiZDkwNDZkZWVjNjY3ZDEzNmMuanBnIiwibmJmIjoxNzc1MTIzMTgzLCJleHAiOjE3NzUyMDk1ODMsImlhdCI6MTc3NTEyMzE4MywiaXNzIjoiUHJvRGVzWC1CYWNrZW5kIiwiYXVkIjoiUHJvRGVzWC1Gcm9udGVuZCJ9.irsiBHVWmU3lRQMO2uhCGbqPzRyZ_lDi4yZgReB6cTE - null null
2026-04-02 15:16:50.417 [INF] Microsoft.AspNetCore.Cors.Infrastructure.CorsService | CORS policy execution successful.
2026-04-02 15:16:50.417 [INF] Microsoft.AspNetCore.Routing.EndpointMiddleware | Executing endpoint '/hubs/empot'
2026-04-02 15:16:59.993 [INF] Microsoft.AspNetCore.Routing.EndpointMiddleware | Executed endpoint '/hubs/empot'
2026-04-02 15:16:59.993 [INF] Serilog.AspNetCore.RequestLoggingMiddleware | HTTP GET /hubs/empot → 101 (9575.6ms)
2026-04-02 15:16:59.993 [INF] Microsoft.AspNetCore.Hosting.Diagnostics | Request finished HTTP/1.1 GET http://localhost:5217/hubs/empot?id=xK-5ZLMJZpg40KBcG2isSg&access_token=eyJhbGciOiJIUzI1NiIsInR5cCI6IkpXVCJ9.eyJuYW1laWQiOiIxOCIsInVuaXF1ZV9uYW1lIjoidmFzYW50aGFrdW1hciIsImVtYWlsIjoidmFzYW50aDIwMDR2a0BnbWFpbC5jb20iLCJyb2xlIjoiU3VwZXJBZG1pbiIsIk9yZ2FuaXphdGlvbklkIjoiMiIsIk9yZ2FuaXphdGlvbkxvZ28iOiIvdXBsb2Fkcy9vcmctbG9nb3Mvb3JnLWxvZ28tNTg3M2M0NzVkOTFkNGJiZDkwNDZkZWVjNjY3ZDEzNmMuanBnIiwibmJmIjoxNzc1MTIzMTgzLCJleHAiOjE3NzUyMDk1ODMsImlhdCI6MTc3NTEyMzE4MywiaXNzIjoiUHJvRGVzWC1CYWNrZW5kIiwiYXVkIjoiUHJvRGVzWC1Gcm9udGVuZCJ9.irsiBHVWmU3lRQMO2uhCGbqPzRyZ_lDi4yZgReB6cTE - 101 null null 9576.0115ms
2026-04-02 15:17:03.743 [INF] Microsoft.AspNetCore.Hosting.Diagnostics | Request starting HTTP/1.1 OPTIONS http://localhost:5217/api/users/organizations - null null
2026-04-02 15:17:03.743 [INF] Microsoft.AspNetCore.Cors.Infrastructure.CorsService | CORS policy execution successful.
2026-04-02 15:17:03.743 [INF] Microsoft.AspNetCore.Hosting.Diagnostics | Request finished HTTP/1.1 OPTIONS http://localhost:5217/api/users/organizations - 204 null null 0.2346ms
2026-04-02 15:17:03.745 [INF] Microsoft.AspNetCore.Hosting.Diagnostics | Request starting HTTP/1.1 GET http://localhost:5217/api/users/organizations - null null
2026-04-02 15:17:03.745 [INF] Microsoft.AspNetCore.Cors.Infrastructure.CorsService | CORS policy execution successful.
2026-04-02 15:17:03.745 [INF] Microsoft.AspNetCore.Routing.EndpointMiddleware | Executing endpoint 'backend.Controllers.UsersController.GetOrganizations (backend)'
2026-04-02 15:17:03.745 [INF] Microsoft.AspNetCore.Mvc.Infrastructure.ControllerActionInvoker | Route matched with {action = "GetOrganizations", controller = "Users"}. Executing controller action with signature System.Threading.Tasks.Task`1[Microsoft.AspNetCore.Mvc.IActionResult] GetOrganizations() on controller backend.Controllers.UsersController (backend).
2026-04-02 15:17:03.745 [INF] backend.Controllers.UsersController | [Users] GET organizations | Role=SuperAdmin | UserId=18
2026-04-02 15:17:03.788 [INF] Microsoft.AspNetCore.Mvc.Infrastructure.ObjectResultExecutor | Executing OkObjectResult, writing value of type 'System.Collections.Generic.List`1[[backend.Models.Organization, backend, Version=1.0.0.0, Culture=neutral, PublicKeyToken=null]]'.
2026-04-02 15:17:03.789 [INF] Microsoft.AspNetCore.Mvc.Infrastructure.ControllerActionInvoker | Executed action backend.Controllers.UsersController.GetOrganizations (backend) in 43.4505ms
2026-04-02 15:17:03.789 [INF] Microsoft.AspNetCore.Routing.EndpointMiddleware | Executed endpoint 'backend.Controllers.UsersController.GetOrganizations (backend)'
2026-04-02 15:17:03.789 [INF] Serilog.AspNetCore.RequestLoggingMiddleware | HTTP GET /api/users/organizations → 200 (43.7ms)
2026-04-02 15:17:03.789 [INF] Microsoft.AspNetCore.Hosting.Diagnostics | Request finished HTTP/1.1 GET http://localhost:5217/api/users/organizations - 200 null application/json; charset=utf-8 44.0798ms
2026-04-02 15:17:04.364 [INF] Microsoft.AspNetCore.Hosting.Diagnostics | Request starting HTTP/1.1 OPTIONS http://localhost:5217/api/organizations - null null
2026-04-02 15:17:04.364 [INF] Microsoft.AspNetCore.Cors.Infrastructure.CorsService | CORS policy execution successful.
2026-04-02 15:17:04.364 [INF] Microsoft.AspNetCore.Hosting.Diagnostics | Request finished HTTP/1.1 OPTIONS http://localhost:5217/api/organizations - 204 null null 0.1543ms
2026-04-02 15:17:04.366 [INF] Microsoft.AspNetCore.Hosting.Diagnostics | Request starting HTTP/1.1 GET http://localhost:5217/api/organizations - application/json null
2026-04-02 15:17:04.366 [INF] Microsoft.AspNetCore.Cors.Infrastructure.CorsService | CORS policy execution successful.
2026-04-02 15:17:04.366 [INF] Microsoft.AspNetCore.Routing.EndpointMiddleware | Executing endpoint 'backend.Controllers.OrganizationsController.GetOrganizations (backend)'
2026-04-02 15:17:04.366 [INF] Microsoft.AspNetCore.Mvc.Infrastructure.ControllerActionInvoker | Route matched with {action = "GetOrganizations", controller = "Organizations"}. Executing controller action with signature System.Threading.Tasks.Task`1[Microsoft.AspNetCore.Mvc.IActionResult] GetOrganizations() on controller backend.Controllers.OrganizationsController (backend).
2026-04-02 15:17:04.366 [INF] backend.Controllers.OrganizationsController | [Orgs] GET all requested | Role=SuperAdmin | UserId=18
2026-04-02 15:17:04.380 [INF] Microsoft.AspNetCore.Mvc.Infrastructure.ObjectResultExecutor | Executing OkObjectResult, writing value of type 'System.Collections.Generic.List`1[[backend.Models.Organization, backend, Version=1.0.0.0, Culture=neutral, PublicKeyToken=null]]'.
2026-04-02 15:17:04.380 [INF] Microsoft.AspNetCore.Mvc.Infrastructure.ControllerActionInvoker | Executed action backend.Controllers.OrganizationsController.GetOrganizations (backend) in 13.5364ms
2026-04-02 15:17:04.380 [INF] Microsoft.AspNetCore.Routing.EndpointMiddleware | Executed endpoint 'backend.Controllers.OrganizationsController.GetOrganizations (backend)'
2026-04-02 15:17:04.380 [INF] Serilog.AspNetCore.RequestLoggingMiddleware | HTTP GET /api/organizations → 200 (13.7ms)
2026-04-02 15:17:04.380 [INF] Microsoft.AspNetCore.Hosting.Diagnostics | Request finished HTTP/1.1 GET http://localhost:5217/api/organizations - 200 null application/json; charset=utf-8 13.9785ms
2026-04-02 15:17:04.514 [INF] Microsoft.AspNetCore.Hosting.Diagnostics | Request starting HTTP/1.1 OPTIONS http://localhost:5217/api/leads - null null
2026-04-02 15:17:04.514 [INF] Microsoft.AspNetCore.Cors.Infrastructure.CorsService | CORS policy execution successful.
2026-04-02 15:17:04.514 [INF] Microsoft.AspNetCore.Hosting.Diagnostics | Request finished HTTP/1.1 OPTIONS http://localhost:5217/api/leads - 204 null null 0.2207ms
2026-04-02 15:17:04.517 [INF] Microsoft.AspNetCore.Hosting.Diagnostics | Request starting HTTP/1.1 GET http://localhost:5217/api/leads - application/json null
2026-04-02 15:17:04.517 [INF] Microsoft.AspNetCore.Cors.Infrastructure.CorsService | CORS policy execution successful.
2026-04-02 15:17:04.517 [INF] Microsoft.AspNetCore.Routing.EndpointMiddleware | Executing endpoint 'backend.Controllers.LeadsController.GetLeads (backend)'
2026-04-02 15:17:04.517 [INF] Microsoft.AspNetCore.Mvc.Infrastructure.ControllerActionInvoker | Route matched with {action = "GetLeads", controller = "Leads"}. Executing controller action with signature System.Threading.Tasks.Task`1[System.Collections.Generic.IEnumerable`1[backend.Models.Lead]] GetLeads() on controller backend.Controllers.LeadsController (backend).
2026-04-02 15:17:04.530 [INF] Microsoft.AspNetCore.Mvc.Infrastructure.ObjectResultExecutor | Executing ObjectResult, writing value of type 'System.Collections.Generic.List`1[[backend.Models.Lead, backend, Version=1.0.0.0, Culture=neutral, PublicKeyToken=null]]'.
2026-04-02 15:17:04.532 [INF] Microsoft.AspNetCore.Mvc.Infrastructure.ControllerActionInvoker | Executed action backend.Controllers.LeadsController.GetLeads (backend) in 15.1703ms
2026-04-02 15:17:04.532 [INF] Microsoft.AspNetCore.Routing.EndpointMiddleware | Executed endpoint 'backend.Controllers.LeadsController.GetLeads (backend)'
2026-04-02 15:17:04.532 [INF] Serilog.AspNetCore.RequestLoggingMiddleware | HTTP GET /api/leads → 200 (15.4ms)
2026-04-02 15:17:04.532 [INF] Microsoft.AspNetCore.Hosting.Diagnostics | Request finished HTTP/1.1 GET http://localhost:5217/api/leads - 200 null application/json; charset=utf-8 15.7798ms
2026-04-02 15:17:04.712 [INF] Microsoft.AspNetCore.Hosting.Diagnostics | Request starting HTTP/1.1 OPTIONS http://localhost:5217/api/employees?organizationId=2 - null null
2026-04-02 15:17:04.712 [INF] Microsoft.AspNetCore.Cors.Infrastructure.CorsService | CORS policy execution successful.
2026-04-02 15:17:04.712 [INF] Microsoft.AspNetCore.Hosting.Diagnostics | Request finished HTTP/1.1 OPTIONS http://localhost:5217/api/employees?organizationId=2 - 204 null null 0.1538ms
2026-04-02 15:17:04.713 [INF] Microsoft.AspNetCore.Hosting.Diagnostics | Request starting HTTP/1.1 GET http://localhost:5217/api/employees?organizationId=2 - application/json null
2026-04-02 15:17:04.713 [INF] Microsoft.AspNetCore.Cors.Infrastructure.CorsService | CORS policy execution successful.
2026-04-02 15:17:04.713 [INF] Microsoft.AspNetCore.Routing.EndpointMiddleware | Executing endpoint 'backend.Controllers.EmployeesController.GetEmployees (backend)'
2026-04-02 15:17:04.713 [INF] Microsoft.AspNetCore.Mvc.Infrastructure.ControllerActionInvoker | Route matched with {action = "GetEmployees", controller = "Employees"}. Executing controller action with signature System.Threading.Tasks.Task`1[Microsoft.AspNetCore.Mvc.IActionResult] GetEmployees(System.Nullable`1[System.Int32]) on controller backend.Controllers.EmployeesController (backend).
2026-04-02 15:17:04.713 [INF] backend.Controllers.EmployeesController | [Employees] GET all | TargetOrgId=2 | UserOrgId=2
2026-04-02 15:17:04.736 [INF] Microsoft.AspNetCore.Mvc.Infrastructure.ObjectResultExecutor | Executing OkObjectResult, writing value of type 'System.Collections.Generic.List`1[[backend.Models.Employee, backend, Version=1.0.0.0, Culture=neutral, PublicKeyToken=null]]'.
2026-04-02 15:17:04.736 [INF] Microsoft.AspNetCore.Mvc.Infrastructure.ControllerActionInvoker | Executed action backend.Controllers.EmployeesController.GetEmployees (backend) in 23.1955ms
2026-04-02 15:17:04.736 [INF] Microsoft.AspNetCore.Routing.EndpointMiddleware | Executed endpoint 'backend.Controllers.EmployeesController.GetEmployees (backend)'
2026-04-02 15:17:04.736 [INF] Serilog.AspNetCore.RequestLoggingMiddleware | HTTP GET /api/employees → 200 (23.3ms)
2026-04-02 15:17:04.736 [INF] Microsoft.AspNetCore.Hosting.Diagnostics | Request finished HTTP/1.1 GET http://localhost:5217/api/employees?organizationId=2 - 200 null application/json; charset=utf-8 23.6682ms
2026-04-02 15:17:04.787 [INF] Microsoft.AspNetCore.Hosting.Diagnostics | Request starting HTTP/1.1 OPTIONS http://localhost:5217/api/ShiftAssignments/roster?start=2026-04-02&end=2026-04-09&orgId=2 - null null
2026-04-02 15:17:04.787 [INF] Microsoft.AspNetCore.Cors.Infrastructure.CorsService | CORS policy execution successful.
2026-04-02 15:17:04.787 [INF] Microsoft.AspNetCore.Hosting.Diagnostics | Request finished HTTP/1.1 OPTIONS http://localhost:5217/api/ShiftAssignments/roster?start=2026-04-02&end=2026-04-09&orgId=2 - 204 null null 0.1953ms
2026-04-02 15:17:04.788 [INF] Microsoft.AspNetCore.Hosting.Diagnostics | Request starting HTTP/1.1 GET http://localhost:5217/api/ShiftAssignments/roster?start=2026-04-02&end=2026-04-09&orgId=2 - application/json null
2026-04-02 15:17:04.788 [INF] Microsoft.AspNetCore.Cors.Infrastructure.CorsService | CORS policy execution successful.
2026-04-02 15:17:04.789 [INF] Microsoft.AspNetCore.Routing.EndpointMiddleware | Executing endpoint 'backend.Controllers.ShiftAssignmentsController.GetMonthlyRosterFixed (backend)'
2026-04-02 15:17:04.789 [INF] Microsoft.AspNetCore.Mvc.Infrastructure.ControllerActionInvoker | Route matched with {action = "GetMonthlyRosterFixed", controller = "ShiftAssignments"}. Executing controller action with signature System.Threading.Tasks.Task`1[Microsoft.AspNetCore.Mvc.IActionResult] GetMonthlyRosterFixed(System.String, System.String, System.Nullable`1[System.Int32]) on controller backend.Controllers.ShiftAssignmentsController (backend).
2026-04-02 15:17:04.833 [INF] Microsoft.AspNetCore.Mvc.Infrastructure.ObjectResultExecutor | Executing OkObjectResult, writing value of type 'System.Collections.Generic.List`1[[backend.Models.EmployeeSchedule, backend, Version=1.0.0.0, Culture=neutral, PublicKeyToken=null]]'.
2026-04-02 15:17:04.834 [INF] Microsoft.AspNetCore.Mvc.Infrastructure.ControllerActionInvoker | Executed action backend.Controllers.ShiftAssignmentsController.GetMonthlyRosterFixed (backend) in 45.0586ms
2026-04-02 15:17:04.834 [INF] Microsoft.AspNetCore.Routing.EndpointMiddleware | Executed endpoint 'backend.Controllers.ShiftAssignmentsController.GetMonthlyRosterFixed (backend)'
2026-04-02 15:17:04.834 [INF] Serilog.AspNetCore.RequestLoggingMiddleware | HTTP GET /api/ShiftAssignments/roster → 200 (45.2ms)
2026-04-02 15:17:04.834 [INF] Microsoft.AspNetCore.Hosting.Diagnostics | Request finished HTTP/1.1 GET http://localhost:5217/api/ShiftAssignments/roster?start=2026-04-02&end=2026-04-09&orgId=2 - 200 null application/json; charset=utf-8 45.5082ms
2026-04-02 15:17:04.840 [INF] Microsoft.AspNetCore.Hosting.Diagnostics | Request starting HTTP/1.1 OPTIONS http://localhost:5217/api/Attendance/status?employeeId=31&orgId=2 - null null
2026-04-02 15:17:04.840 [INF] Microsoft.AspNetCore.Cors.Infrastructure.CorsService | CORS policy execution successful.
2026-04-02 15:17:04.840 [INF] Microsoft.AspNetCore.Hosting.Diagnostics | Request finished HTTP/1.1 OPTIONS http://localhost:5217/api/Attendance/status?employeeId=31&orgId=2 - 204 null null 0.1545ms
2026-04-02 15:17:04.841 [INF] Microsoft.AspNetCore.Hosting.Diagnostics | Request starting HTTP/1.1 GET http://localhost:5217/api/Attendance/status?employeeId=31&orgId=2 - application/json null
2026-04-02 15:17:04.841 [INF] Microsoft.AspNetCore.Cors.Infrastructure.CorsService | CORS policy execution successful.
2026-04-02 15:17:04.841 [INF] Microsoft.AspNetCore.Routing.EndpointMiddleware | Executing endpoint 'backend.Controllers.AttendanceController.GetStatus (backend)'
2026-04-02 15:17:04.841 [INF] Microsoft.AspNetCore.Mvc.Infrastructure.ControllerActionInvoker | Route matched with {action = "GetStatus", controller = "Attendance"}. Executing controller action with signature System.Threading.Tasks.Task`1[Microsoft.AspNetCore.Mvc.IActionResult] GetStatus(Int32, Int32) on controller backend.Controllers.AttendanceController (backend).
2026-04-02 15:17:04.858 [ERR] backend.Controllers.AttendanceController | Error getting attendance status
Microsoft.Data.SqlClient.SqlException (0x80131904): Invalid column name 'FN'.
Invalid column name 'AN'.
   at System.Threading.Tasks.ContinuationResultTaskFromResultTask`2.InnerInvoke()
   at System.Threading.ExecutionContext.RunInternal(ExecutionContext executionContext, ContextCallback callback, Object state)
--- End of stack trace from previous location ---
   at System.Threading.ExecutionContext.RunInternal(ExecutionContext executionContext, ContextCallback callback, Object state)
   at System.Threading.Tasks.Task.ExecuteWithThreadLocal(Task& currentTaskSlot, Thread threadPoolThread)
--- End of stack trace from previous location ---
   at Dapper.SqlMapper.QueryRowAsync[T](IDbConnection cnn, Row row, Type effectiveType, CommandDefinition command) in /_/Dapper/SqlMapper.Async.cs:line 489
   at backend.Controllers.AttendanceController.GetStatus(Int32 employeeId, Int32 orgId) in C:\Repos_Work\Prodesx_HRM_Mobile_Application\backend\Controllers\AttendanceController.cs:line 235
ClientConnectionId:bbdbc27e-a778-47f8-82c6-78fe2d79ea43
Error Number:207,State:1,Class:16
2026-04-02 15:17:04.859 [INF] Microsoft.AspNetCore.Mvc.Infrastructure.ObjectResultExecutor | Executing ObjectResult, writing value of type 'System.String'.
2026-04-02 15:17:04.859 [INF] Microsoft.AspNetCore.Mvc.Infrastructure.ControllerActionInvoker | Executed action backend.Controllers.AttendanceController.GetStatus (backend) in 17.8212ms
2026-04-02 15:17:04.859 [INF] Microsoft.AspNetCore.Routing.EndpointMiddleware | Executed endpoint 'backend.Controllers.AttendanceController.GetStatus (backend)'
2026-04-02 15:17:04.859 [ERR] Serilog.AspNetCore.RequestLoggingMiddleware | HTTP GET /api/Attendance/status → 500 (18.0ms)
2026-04-02 15:17:04.859 [INF] Microsoft.AspNetCore.Hosting.Diagnostics | Request finished HTTP/1.1 GET http://localhost:5217/api/Attendance/status?employeeId=31&orgId=2 - 500 null text/plain; charset=utf-8 18.2747ms
2026-04-02 15:17:09.926 [INF] Microsoft.AspNetCore.Hosting.Diagnostics | Request starting HTTP/1.1 OPTIONS http://localhost:5217/api/AttendanceMaster?date=2026-04-02&orgId=2 - null null
2026-04-02 15:17:09.926 [INF] Microsoft.AspNetCore.Cors.Infrastructure.CorsService | CORS policy execution successful.
2026-04-02 15:17:09.926 [INF] Microsoft.AspNetCore.Hosting.Diagnostics | Request finished HTTP/1.1 OPTIONS http://localhost:5217/api/AttendanceMaster?date=2026-04-02&orgId=2 - 204 null null 0.2004ms
2026-04-02 15:17:09.927 [INF] Microsoft.AspNetCore.Hosting.Diagnostics | Request starting HTTP/1.1 OPTIONS http://localhost:5217/api/LeaveType?orgId=2 - null null
2026-04-02 15:17:09.927 [INF] Microsoft.AspNetCore.Cors.Infrastructure.CorsService | CORS policy execution successful.
2026-04-02 15:17:09.927 [INF] Microsoft.AspNetCore.Hosting.Diagnostics | Request finished HTTP/1.1 OPTIONS http://localhost:5217/api/LeaveType?orgId=2 - 204 null null 0.0633ms
2026-04-02 15:17:09.929 [INF] Microsoft.AspNetCore.Hosting.Diagnostics | Request starting HTTP/1.1 GET http://localhost:5217/api/AttendanceMaster?date=2026-04-02&orgId=2 - application/json null
2026-04-02 15:17:09.930 [INF] Microsoft.AspNetCore.Hosting.Diagnostics | Request starting HTTP/1.1 GET http://localhost:5217/api/LeaveType?orgId=2 - application/json null
2026-04-02 15:17:09.930 [INF] Microsoft.AspNetCore.Cors.Infrastructure.CorsService | CORS policy execution successful.
2026-04-02 15:17:09.930 [INF] Microsoft.AspNetCore.Cors.Infrastructure.CorsService | CORS policy execution successful.
2026-04-02 15:17:09.930 [INF] Microsoft.AspNetCore.Routing.EndpointMiddleware | Executing endpoint 'backend.Controllers.AttendanceMasterController.GetAttendance (backend)'
2026-04-02 15:17:09.930 [INF] Microsoft.AspNetCore.Routing.EndpointMiddleware | Executing endpoint 'backend.Controllers.LeaveTypeController.GetLeaveTypes (backend)'
2026-04-02 15:17:09.931 [INF] Microsoft.AspNetCore.Mvc.Infrastructure.ControllerActionInvoker | Route matched with {action = "GetAttendance", controller = "AttendanceMaster"}. Executing controller action with signature System.Threading.Tasks.Task`1[Microsoft.AspNetCore.Mvc.IActionResult] GetAttendance(System.String, System.Nullable`1[System.Int32]) on controller backend.Controllers.AttendanceMasterController (backend).
2026-04-02 15:17:09.931 [INF] Microsoft.AspNetCore.Mvc.Infrastructure.ControllerActionInvoker | Route matched with {action = "GetLeaveTypes", controller = "LeaveType"}. Executing controller action with signature System.Threading.Tasks.Task`1[Microsoft.AspNetCore.Mvc.IActionResult] GetLeaveTypes(System.Nullable`1[System.Int32]) on controller backend.Controllers.LeaveTypeController (backend).
2026-04-02 15:17:09.945 [INF] Microsoft.AspNetCore.Hosting.Diagnostics | Request starting HTTP/1.1 OPTIONS http://localhost:5217/hubs/attendance/negotiate?negotiateVersion=1 - null null
2026-04-02 15:17:09.945 [INF] Microsoft.AspNetCore.Cors.Infrastructure.CorsService | CORS policy execution successful.
2026-04-02 15:17:09.946 [INF] Microsoft.AspNetCore.Hosting.Diagnostics | Request finished HTTP/1.1 OPTIONS http://localhost:5217/hubs/attendance/negotiate?negotiateVersion=1 - 204 null null 0.2189ms
2026-04-02 15:17:09.947 [INF] Microsoft.AspNetCore.Hosting.Diagnostics | Request starting HTTP/1.1 POST http://localhost:5217/hubs/attendance/negotiate?negotiateVersion=1 - text/plain;charset=UTF-8 0
2026-04-02 15:17:09.947 [INF] Microsoft.AspNetCore.Cors.Infrastructure.CorsService | CORS policy execution successful.
2026-04-02 15:17:09.947 [INF] Microsoft.AspNetCore.Routing.EndpointMiddleware | Executing endpoint '/hubs/attendance/negotiate'
2026-04-02 15:17:09.948 [INF] Microsoft.AspNetCore.Routing.EndpointMiddleware | Executed endpoint '/hubs/attendance/negotiate'
2026-04-02 15:17:09.948 [INF] Serilog.AspNetCore.RequestLoggingMiddleware | HTTP POST /hubs/attendance/negotiate → 200 (0.9ms)
2026-04-02 15:17:09.948 [INF] Microsoft.AspNetCore.Hosting.Diagnostics | Request finished HTTP/1.1 POST http://localhost:5217/hubs/attendance/negotiate?negotiateVersion=1 - 200 316 application/json 1.1445ms
2026-04-02 15:17:09.948 [INF] Microsoft.AspNetCore.Mvc.Infrastructure.ObjectResultExecutor | Executing OkObjectResult, writing value of type 'System.Collections.Generic.List`1[[backend.Models.EmpAttendanceRecord, backend, Version=1.0.0.0, Culture=neutral, PublicKeyToken=null]]'.
2026-04-02 15:17:09.948 [INF] Microsoft.AspNetCore.Mvc.Infrastructure.ObjectResultExecutor | Executing OkObjectResult, writing value of type 'System.Collections.Generic.List`1[[backend.Models.LeaveType, backend, Version=1.0.0.0, Culture=neutral, PublicKeyToken=null]]'.
2026-04-02 15:17:09.949 [INF] Microsoft.AspNetCore.Mvc.Infrastructure.ControllerActionInvoker | Executed action backend.Controllers.AttendanceMasterController.GetAttendance (backend) in 17.6809ms
2026-04-02 15:17:09.949 [INF] Microsoft.AspNetCore.Routing.EndpointMiddleware | Executed endpoint 'backend.Controllers.AttendanceMasterController.GetAttendance (backend)'
2026-04-02 15:17:09.949 [INF] Microsoft.AspNetCore.Mvc.Infrastructure.ControllerActionInvoker | Executed action backend.Controllers.LeaveTypeController.GetLeaveTypes (backend) in 17.214ms
2026-04-02 15:17:09.949 [INF] Microsoft.AspNetCore.Routing.EndpointMiddleware | Executed endpoint 'backend.Controllers.LeaveTypeController.GetLeaveTypes (backend)'
2026-04-02 15:17:09.949 [INF] Serilog.AspNetCore.RequestLoggingMiddleware | HTTP GET /api/AttendanceMaster → 200 (18.4ms)
2026-04-02 15:17:09.949 [INF] Serilog.AspNetCore.RequestLoggingMiddleware | HTTP GET /api/LeaveType → 200 (18.4ms)
2026-04-02 15:17:09.949 [INF] Microsoft.AspNetCore.Hosting.Diagnostics | Request finished HTTP/1.1 GET http://localhost:5217/api/AttendanceMaster?date=2026-04-02&orgId=2 - 200 null application/json; charset=utf-8 19.5271ms
2026-04-02 15:17:09.949 [INF] Microsoft.AspNetCore.Hosting.Diagnostics | Request finished HTTP/1.1 GET http://localhost:5217/api/LeaveType?orgId=2 - 200 null application/json; charset=utf-8 19.0231ms
2026-04-02 15:17:10.031 [INF] Microsoft.AspNetCore.Hosting.Diagnostics | Request starting HTTP/1.1 GET http://localhost:5217/hubs/attendance?id=ylv_XsBr2grFcLNZwYuKig&access_token=eyJhbGciOiJIUzI1NiIsInR5cCI6IkpXVCJ9.eyJuYW1laWQiOiIxOCIsInVuaXF1ZV9uYW1lIjoidmFzYW50aGFrdW1hciIsImVtYWlsIjoidmFzYW50aDIwMDR2a0BnbWFpbC5jb20iLCJyb2xlIjoiU3VwZXJBZG1pbiIsIk9yZ2FuaXphdGlvbklkIjoiMiIsIk9yZ2FuaXphdGlvbkxvZ28iOiIvdXBsb2Fkcy9vcmctbG9nb3Mvb3JnLWxvZ28tNTg3M2M0NzVkOTFkNGJiZDkwNDZkZWVjNjY3ZDEzNmMuanBnIiwibmJmIjoxNzc1MTIzMTgzLCJleHAiOjE3NzUyMDk1ODMsImlhdCI6MTc3NTEyMzE4MywiaXNzIjoiUHJvRGVzWC1CYWNrZW5kIiwiYXVkIjoiUHJvRGVzWC1Gcm9udGVuZCJ9.irsiBHVWmU3lRQMO2uhCGbqPzRyZ_lDi4yZgReB6cTE - null null
2026-04-02 15:17:10.031 [INF] Microsoft.AspNetCore.Cors.Infrastructure.CorsService | CORS policy execution successful.
2026-04-02 15:17:10.031 [INF] Microsoft.AspNetCore.Routing.EndpointMiddleware | Executing endpoint '/hubs/attendance'
2026-04-02 15:17:10.225 [INF] Microsoft.AspNetCore.Hosting.Diagnostics | Request starting HTTP/1.1 GET http://localhost:5217/uploads/employee-photos/emp-23.png - null null
2026-04-02 15:17:10.225 [INF] Microsoft.AspNetCore.Cors.Infrastructure.CorsService | CORS policy execution successful.
2026-04-02 15:17:10.227 [INF] Microsoft.AspNetCore.Hosting.Diagnostics | Request starting HTTP/1.1 GET http://localhost:5217/uploads/employee-photos/emp-28.jpg - null null
2026-04-02 15:17:10.227 [INF] Microsoft.AspNetCore.Cors.Infrastructure.CorsService | CORS policy execution successful.
2026-04-02 15:17:10.231 [INF] Serilog.AspNetCore.RequestLoggingMiddleware | HTTP GET /uploads/employee-photos/emp-28.jpg → 404 (0.1ms)
2026-04-02 15:17:10.231 [INF] Microsoft.AspNetCore.Hosting.Diagnostics | Request finished HTTP/1.1 GET http://localhost:5217/uploads/employee-photos/emp-28.jpg - 404 0 null 4.2963ms
2026-04-02 15:17:10.234 [INF] Microsoft.AspNetCore.Hosting.Diagnostics | Request reached the end of the middleware pipeline without being handled by application code. Request path: GET http://localhost:5217/uploads/employee-photos/emp-28.jpg, Response status code: 404
2026-04-02 15:17:10.244 [INF] Microsoft.AspNetCore.StaticFiles.StaticFileMiddleware | Sending file. Request path: '/uploads/employee-photos/emp-23.png'. Physical path: 'C:\Repos_Work\Prodesx_HRM_Mobile_Application\backend\wwwroot\uploads\employee-photos\emp-23.png'
2026-04-02 15:17:10.244 [INF] Microsoft.AspNetCore.Hosting.Diagnostics | Request finished HTTP/1.1 GET http://localhost:5217/uploads/employee-photos/emp-23.png - 200 9572 image/png 18.9899ms
2026-04-02 15:17:17.832 [INF] Microsoft.AspNetCore.Hosting.Diagnostics | Request starting HTTP/1.1 OPTIONS http://localhost:5217/api/EmpOT/GetOTByOrgId?orgId=2 - null null
2026-04-02 15:17:17.832 [INF] Microsoft.AspNetCore.Cors.Infrastructure.CorsService | CORS policy execution successful.
2026-04-02 15:17:17.832 [INF] Microsoft.AspNetCore.Hosting.Diagnostics | Request finished HTTP/1.1 OPTIONS http://localhost:5217/api/EmpOT/GetOTByOrgId?orgId=2 - 204 null null 0.2242ms
2026-04-02 15:17:17.833 [INF] Microsoft.AspNetCore.Hosting.Diagnostics | Request starting HTTP/1.1 OPTIONS http://localhost:5217/api/employees?orgId=2 - null null
2026-04-02 15:17:17.833 [INF] Microsoft.AspNetCore.Cors.Infrastructure.CorsService | CORS policy execution successful.
2026-04-02 15:17:17.833 [INF] Microsoft.AspNetCore.Hosting.Diagnostics | Request finished HTTP/1.1 OPTIONS http://localhost:5217/api/employees?orgId=2 - 204 null null 0.0833ms
2026-04-02 15:17:17.834 [INF] Microsoft.AspNetCore.Hosting.Diagnostics | Request starting HTTP/1.1 GET http://localhost:5217/api/EmpOT/GetOTByOrgId?orgId=2 - application/json null
2026-04-02 15:17:17.834 [INF] Microsoft.AspNetCore.Hosting.Diagnostics | Request starting HTTP/1.1 GET http://localhost:5217/api/employees?orgId=2 - application/json null
2026-04-02 15:17:17.834 [INF] Microsoft.AspNetCore.Cors.Infrastructure.CorsService | CORS policy execution successful.
2026-04-02 15:17:17.834 [INF] Microsoft.AspNetCore.Cors.Infrastructure.CorsService | CORS policy execution successful.
2026-04-02 15:17:17.835 [INF] Microsoft.AspNetCore.Routing.EndpointMiddleware | Executing endpoint 'backend.Controllers.EmployeesController.GetEmployees (backend)'
2026-04-02 15:17:17.835 [INF] Microsoft.AspNetCore.Mvc.Infrastructure.ControllerActionInvoker | Route matched with {action = "GetEmployees", controller = "Employees"}. Executing controller action with signature System.Threading.Tasks.Task`1[Microsoft.AspNetCore.Mvc.IActionResult] GetEmployees(System.Nullable`1[System.Int32]) on controller backend.Controllers.EmployeesController (backend).
2026-04-02 15:17:17.835 [INF] backend.Controllers.EmployeesController | [Employees] GET all | TargetOrgId=2 | UserOrgId=2
2026-04-02 15:17:17.835 [INF] Microsoft.AspNetCore.Routing.EndpointMiddleware | Executing endpoint 'backend.Controllers.EmpOTController.GetOTByOrgId (backend)'
2026-04-02 15:17:17.835 [INF] Microsoft.AspNetCore.Mvc.Infrastructure.ControllerActionInvoker | Route matched with {action = "GetOTByOrgId", controller = "EmpOT"}. Executing controller action with signature System.Threading.Tasks.Task`1[Microsoft.AspNetCore.Mvc.IActionResult] GetOTByOrgId(Int32) on controller backend.Controllers.EmpOTController (backend).
2026-04-02 15:17:17.965 [INF] Microsoft.AspNetCore.Mvc.Infrastructure.ObjectResultExecutor | Executing OkObjectResult, writing value of type 'System.Collections.Generic.List`1[[backend.Models.Employee, backend, Version=1.0.0.0, Culture=neutral, PublicKeyToken=null]]'.
2026-04-02 15:17:17.967 [INF] Microsoft.AspNetCore.Mvc.Infrastructure.ControllerActionInvoker | Executed action backend.Controllers.EmployeesController.GetEmployees (backend) in 132.1953ms
2026-04-02 15:17:17.967 [INF] Microsoft.AspNetCore.Routing.EndpointMiddleware | Executed endpoint 'backend.Controllers.EmployeesController.GetEmployees (backend)'
2026-04-02 15:17:17.967 [INF] Serilog.AspNetCore.RequestLoggingMiddleware | HTTP GET /api/employees → 200 (132.4ms)
2026-04-02 15:17:17.967 [INF] Microsoft.AspNetCore.Hosting.Diagnostics | Request finished HTTP/1.1 GET http://localhost:5217/api/employees?orgId=2 - 200 null application/json; charset=utf-8 132.7737ms
2026-04-02 15:17:17.968 [INF] Microsoft.AspNetCore.Mvc.Infrastructure.ObjectResultExecutor | Executing OkObjectResult, writing value of type 'System.Collections.Generic.List`1[[backend.Models.EmpOT, backend, Version=1.0.0.0, Culture=neutral, PublicKeyToken=null]]'.
2026-04-02 15:17:17.968 [INF] Microsoft.AspNetCore.Mvc.Infrastructure.ControllerActionInvoker | Executed action backend.Controllers.EmpOTController.GetOTByOrgId (backend) in 133.3429ms
2026-04-02 15:17:17.969 [INF] Microsoft.AspNetCore.Routing.EndpointMiddleware | Executed endpoint 'backend.Controllers.EmpOTController.GetOTByOrgId (backend)'
2026-04-02 15:17:17.969 [INF] Serilog.AspNetCore.RequestLoggingMiddleware | HTTP GET /api/EmpOT/GetOTByOrgId → 200 (134.0ms)
2026-04-02 15:17:17.969 [INF] Microsoft.AspNetCore.Hosting.Diagnostics | Request finished HTTP/1.1 GET http://localhost:5217/api/EmpOT/GetOTByOrgId?orgId=2 - 200 null application/json; charset=utf-8 135.0792ms
2026-04-02 15:17:18.142 [INF] Microsoft.AspNetCore.Hosting.Diagnostics | Request starting HTTP/1.1 OPTIONS http://localhost:5217/hubs/empot/negotiate?negotiateVersion=1 - null null
2026-04-02 15:17:18.142 [INF] Microsoft.AspNetCore.Cors.Infrastructure.CorsService | CORS policy execution successful.
2026-04-02 15:17:18.142 [INF] Microsoft.AspNetCore.Hosting.Diagnostics | Request finished HTTP/1.1 OPTIONS http://localhost:5217/hubs/empot/negotiate?negotiateVersion=1 - 204 null null 0.258ms
2026-04-02 15:17:18.143 [INF] Microsoft.AspNetCore.Hosting.Diagnostics | Request starting HTTP/1.1 POST http://localhost:5217/hubs/empot/negotiate?negotiateVersion=1 - text/plain;charset=UTF-8 0
2026-04-02 15:17:18.143 [INF] Microsoft.AspNetCore.Cors.Infrastructure.CorsService | CORS policy execution successful.
2026-04-02 15:17:18.143 [INF] Microsoft.AspNetCore.Routing.EndpointMiddleware | Executing endpoint '/hubs/empot/negotiate'
2026-04-02 15:17:18.144 [INF] Microsoft.AspNetCore.Routing.EndpointMiddleware | Executed endpoint '/hubs/empot/negotiate'
2026-04-02 15:17:18.144 [INF] Serilog.AspNetCore.RequestLoggingMiddleware | HTTP POST /hubs/empot/negotiate → 200 (0.1ms)
2026-04-02 15:17:18.144 [INF] Microsoft.AspNetCore.Hosting.Diagnostics | Request finished HTTP/1.1 POST http://localhost:5217/hubs/empot/negotiate?negotiateVersion=1 - 200 316 application/json 0.2915ms
2026-04-02 15:17:18.157 [INF] Microsoft.AspNetCore.Hosting.Diagnostics | Request starting HTTP/1.1 GET http://localhost:5217/hubs/empot?id=l1TmsJ1pZlBqql12yL9Mbg&access_token=eyJhbGciOiJIUzI1NiIsInR5cCI6IkpXVCJ9.eyJuYW1laWQiOiIxOCIsInVuaXF1ZV9uYW1lIjoidmFzYW50aGFrdW1hciIsImVtYWlsIjoidmFzYW50aDIwMDR2a0BnbWFpbC5jb20iLCJyb2xlIjoiU3VwZXJBZG1pbiIsIk9yZ2FuaXphdGlvbklkIjoiMiIsIk9yZ2FuaXphdGlvbkxvZ28iOiIvdXBsb2Fkcy9vcmctbG9nb3Mvb3JnLWxvZ28tNTg3M2M0NzVkOTFkNGJiZDkwNDZkZWVjNjY3ZDEzNmMuanBnIiwibmJmIjoxNzc1MTIzMTgzLCJleHAiOjE3NzUyMDk1ODMsImlhdCI6MTc3NTEyMzE4MywiaXNzIjoiUHJvRGVzWC1CYWNrZW5kIiwiYXVkIjoiUHJvRGVzWC1Gcm9udGVuZCJ9.irsiBHVWmU3lRQMO2uhCGbqPzRyZ_lDi4yZgReB6cTE - null null
2026-04-02 15:17:18.157 [INF] Microsoft.AspNetCore.Cors.Infrastructure.CorsService | CORS policy execution successful.
2026-04-02 15:17:18.158 [INF] Microsoft.AspNetCore.Routing.EndpointMiddleware | Executing endpoint '/hubs/empot'
2026-04-02 15:17:22.398 [INF] Microsoft.AspNetCore.Routing.EndpointMiddleware | Executed endpoint '/hubs/empot'
2026-04-02 15:17:22.398 [INF] Serilog.AspNetCore.RequestLoggingMiddleware | HTTP GET /hubs/empot → 101 (4240.9ms)
2026-04-02 15:17:22.398 [INF] Microsoft.AspNetCore.Hosting.Diagnostics | Request finished HTTP/1.1 GET http://localhost:5217/hubs/empot?id=l1TmsJ1pZlBqql12yL9Mbg&access_token=eyJhbGciOiJIUzI1NiIsInR5cCI6IkpXVCJ9.eyJuYW1laWQiOiIxOCIsInVuaXF1ZV9uYW1lIjoidmFzYW50aGFrdW1hciIsImVtYWlsIjoidmFzYW50aDIwMDR2a0BnbWFpbC5jb20iLCJyb2xlIjoiU3VwZXJBZG1pbiIsIk9yZ2FuaXphdGlvbklkIjoiMiIsIk9yZ2FuaXphdGlvbkxvZ28iOiIvdXBsb2Fkcy9vcmctbG9nb3Mvb3JnLWxvZ28tNTg3M2M0NzVkOTFkNGJiZDkwNDZkZWVjNjY3ZDEzNmMuanBnIiwibmJmIjoxNzc1MTIzMTgzLCJleHAiOjE3NzUyMDk1ODMsImlhdCI6MTc3NTEyMzE4MywiaXNzIjoiUHJvRGVzWC1CYWNrZW5kIiwiYXVkIjoiUHJvRGVzWC1Gcm9udGVuZCJ9.irsiBHVWmU3lRQMO2uhCGbqPzRyZ_lDi4yZgReB6cTE - 101 null null 4241.1852ms
2026-04-02 15:17:22.399 [INF] Microsoft.AspNetCore.Routing.EndpointMiddleware | Executed endpoint '/hubs/attendance'
2026-04-02 15:17:22.399 [INF] Serilog.AspNetCore.RequestLoggingMiddleware | HTTP GET /hubs/attendance → 101 (12367.9ms)
2026-04-02 15:17:22.399 [INF] Microsoft.AspNetCore.Hosting.Diagnostics | Request finished HTTP/1.1 GET http://localhost:5217/hubs/attendance?id=ylv_XsBr2grFcLNZwYuKig&access_token=eyJhbGciOiJIUzI1NiIsInR5cCI6IkpXVCJ9.eyJuYW1laWQiOiIxOCIsInVuaXF1ZV9uYW1lIjoidmFzYW50aGFrdW1hciIsImVtYWlsIjoidmFzYW50aDIwMDR2a0BnbWFpbC5jb20iLCJyb2xlIjoiU3VwZXJBZG1pbiIsIk9yZ2FuaXphdGlvbklkIjoiMiIsIk9yZ2FuaXphdGlvbkxvZ28iOiIvdXBsb2Fkcy9vcmctbG9nb3Mvb3JnLWxvZ28tNTg3M2M0NzVkOTFkNGJiZDkwNDZkZWVjNjY3ZDEzNmMuanBnIiwibmJmIjoxNzc1MTIzMTgzLCJleHAiOjE3NzUyMDk1ODMsImlhdCI6MTc3NTEyMzE4MywiaXNzIjoiUHJvRGVzWC1CYWNrZW5kIiwiYXVkIjoiUHJvRGVzWC1Gcm9udGVuZCJ9.irsiBHVWmU3lRQMO2uhCGbqPzRyZ_lDi4yZgReB6cTE - 101 null null 12368.1618ms
2026-04-02 15:17:46.390 [INF] Microsoft.AspNetCore.Hosting.Diagnostics | Request starting HTTP/1.1 OPTIONS http://localhost:5217/api/users/organizations - null null
2026-04-02 15:17:46.390 [INF] Microsoft.AspNetCore.Cors.Infrastructure.CorsService | CORS policy execution successful.
2026-04-02 15:17:46.390 [INF] Microsoft.AspNetCore.Hosting.Diagnostics | Request finished HTTP/1.1 OPTIONS http://localhost:5217/api/users/organizations - 204 null null 0.1851ms
2026-04-02 15:17:46.391 [INF] Microsoft.AspNetCore.Hosting.Diagnostics | Request starting HTTP/1.1 GET http://localhost:5217/api/users/organizations - null null
2026-04-02 15:17:46.391 [INF] Microsoft.AspNetCore.Cors.Infrastructure.CorsService | CORS policy execution successful.
2026-04-02 15:17:46.392 [INF] Microsoft.AspNetCore.Routing.EndpointMiddleware | Executing endpoint 'backend.Controllers.UsersController.GetOrganizations (backend)'
2026-04-02 15:17:46.392 [INF] Microsoft.AspNetCore.Mvc.Infrastructure.ControllerActionInvoker | Route matched with {action = "GetOrganizations", controller = "Users"}. Executing controller action with signature System.Threading.Tasks.Task`1[Microsoft.AspNetCore.Mvc.IActionResult] GetOrganizations() on controller backend.Controllers.UsersController (backend).
2026-04-02 15:17:46.392 [INF] backend.Controllers.UsersController | [Users] GET organizations | Role=SuperAdmin | UserId=18
2026-04-02 15:17:46.404 [INF] Microsoft.AspNetCore.Mvc.Infrastructure.ObjectResultExecutor | Executing OkObjectResult, writing value of type 'System.Collections.Generic.List`1[[backend.Models.Organization, backend, Version=1.0.0.0, Culture=neutral, PublicKeyToken=null]]'.
2026-04-02 15:17:46.404 [INF] Microsoft.AspNetCore.Mvc.Infrastructure.ControllerActionInvoker | Executed action backend.Controllers.UsersController.GetOrganizations (backend) in 12.2383ms
2026-04-02 15:17:46.404 [INF] Microsoft.AspNetCore.Routing.EndpointMiddleware | Executed endpoint 'backend.Controllers.UsersController.GetOrganizations (backend)'
2026-04-02 15:17:46.405 [INF] Serilog.AspNetCore.RequestLoggingMiddleware | HTTP GET /api/users/organizations → 200 (12.5ms)
2026-04-02 15:17:46.405 [INF] Microsoft.AspNetCore.Hosting.Diagnostics | Request finished HTTP/1.1 GET http://localhost:5217/api/users/organizations - 200 null application/json; charset=utf-8 13.5891ms
2026-04-02 15:17:46.897 [INF] Microsoft.AspNetCore.Hosting.Diagnostics | Request starting HTTP/1.1 OPTIONS http://localhost:5217/api/organizations - null null
2026-04-02 15:17:46.898 [INF] Microsoft.AspNetCore.Cors.Infrastructure.CorsService | CORS policy execution successful.
2026-04-02 15:17:46.898 [INF] Microsoft.AspNetCore.Hosting.Diagnostics | Request finished HTTP/1.1 OPTIONS http://localhost:5217/api/organizations - 204 null null 0.1627ms
2026-04-02 15:17:46.899 [INF] Microsoft.AspNetCore.Hosting.Diagnostics | Request starting HTTP/1.1 GET http://localhost:5217/api/organizations - application/json null
2026-04-02 15:17:46.899 [INF] Microsoft.AspNetCore.Cors.Infrastructure.CorsService | CORS policy execution successful.
2026-04-02 15:17:46.900 [INF] Microsoft.AspNetCore.Routing.EndpointMiddleware | Executing endpoint 'backend.Controllers.OrganizationsController.GetOrganizations (backend)'
2026-04-02 15:17:46.900 [INF] Microsoft.AspNetCore.Mvc.Infrastructure.ControllerActionInvoker | Route matched with {action = "GetOrganizations", controller = "Organizations"}. Executing controller action with signature System.Threading.Tasks.Task`1[Microsoft.AspNetCore.Mvc.IActionResult] GetOrganizations() on controller backend.Controllers.OrganizationsController (backend).
2026-04-02 15:17:46.900 [INF] backend.Controllers.OrganizationsController | [Orgs] GET all requested | Role=SuperAdmin | UserId=18
2026-04-02 15:17:46.916 [INF] Microsoft.AspNetCore.Mvc.Infrastructure.ObjectResultExecutor | Executing OkObjectResult, writing value of type 'System.Collections.Generic.List`1[[backend.Models.Organization, backend, Version=1.0.0.0, Culture=neutral, PublicKeyToken=null]]'.
2026-04-02 15:17:46.916 [INF] Microsoft.AspNetCore.Mvc.Infrastructure.ControllerActionInvoker | Executed action backend.Controllers.OrganizationsController.GetOrganizations (backend) in 15.8618ms
2026-04-02 15:17:46.916 [INF] Microsoft.AspNetCore.Routing.EndpointMiddleware | Executed endpoint 'backend.Controllers.OrganizationsController.GetOrganizations (backend)'
2026-04-02 15:17:46.916 [INF] Serilog.AspNetCore.RequestLoggingMiddleware | HTTP GET /api/organizations → 200 (16.1ms)
2026-04-02 15:17:46.916 [INF] Microsoft.AspNetCore.Hosting.Diagnostics | Request finished HTTP/1.1 GET http://localhost:5217/api/organizations - 200 null application/json; charset=utf-8 17.1033ms
2026-04-02 15:17:47.018 [INF] Microsoft.AspNetCore.Hosting.Diagnostics | Request starting HTTP/1.1 OPTIONS http://localhost:5217/api/leads - null null
2026-04-02 15:17:47.018 [INF] Microsoft.AspNetCore.Cors.Infrastructure.CorsService | CORS policy execution successful.
2026-04-02 15:17:47.018 [INF] Microsoft.AspNetCore.Hosting.Diagnostics | Request finished HTTP/1.1 OPTIONS http://localhost:5217/api/leads - 204 null null 0.2328ms
2026-04-02 15:17:47.019 [INF] Microsoft.AspNetCore.Hosting.Diagnostics | Request starting HTTP/1.1 GET http://localhost:5217/api/leads - application/json null
2026-04-02 15:17:47.019 [INF] Microsoft.AspNetCore.Cors.Infrastructure.CorsService | CORS policy execution successful.
2026-04-02 15:17:47.020 [INF] Microsoft.AspNetCore.Routing.EndpointMiddleware | Executing endpoint 'backend.Controllers.LeadsController.GetLeads (backend)'
2026-04-02 15:17:47.020 [INF] Microsoft.AspNetCore.Mvc.Infrastructure.ControllerActionInvoker | Route matched with {action = "GetLeads", controller = "Leads"}. Executing controller action with signature System.Threading.Tasks.Task`1[System.Collections.Generic.IEnumerable`1[backend.Models.Lead]] GetLeads() on controller backend.Controllers.LeadsController (backend).
2026-04-02 15:17:47.040 [INF] Microsoft.AspNetCore.Mvc.Infrastructure.ObjectResultExecutor | Executing ObjectResult, writing value of type 'System.Collections.Generic.List`1[[backend.Models.Lead, backend, Version=1.0.0.0, Culture=neutral, PublicKeyToken=null]]'.
2026-04-02 15:17:47.040 [INF] Microsoft.AspNetCore.Mvc.Infrastructure.ControllerActionInvoker | Executed action backend.Controllers.LeadsController.GetLeads (backend) in 20.427ms
2026-04-02 15:17:47.040 [INF] Microsoft.AspNetCore.Routing.EndpointMiddleware | Executed endpoint 'backend.Controllers.LeadsController.GetLeads (backend)'
2026-04-02 15:17:47.040 [INF] Serilog.AspNetCore.RequestLoggingMiddleware | HTTP GET /api/leads → 200 (20.6ms)
2026-04-02 15:17:47.040 [INF] Microsoft.AspNetCore.Hosting.Diagnostics | Request finished HTTP/1.1 GET http://localhost:5217/api/leads - 200 null application/json; charset=utf-8 21.0123ms
2026-04-02 15:17:47.105 [INF] Microsoft.AspNetCore.Hosting.Diagnostics | Request starting HTTP/1.1 OPTIONS http://localhost:5217/api/employees?organizationId=2 - null null
2026-04-02 15:17:47.105 [INF] Microsoft.AspNetCore.Cors.Infrastructure.CorsService | CORS policy execution successful.
2026-04-02 15:17:47.105 [INF] Microsoft.AspNetCore.Hosting.Diagnostics | Request finished HTTP/1.1 OPTIONS http://localhost:5217/api/employees?organizationId=2 - 204 null null 0.2067ms
2026-04-02 15:17:47.106 [INF] Microsoft.AspNetCore.Hosting.Diagnostics | Request starting HTTP/1.1 GET http://localhost:5217/api/employees?organizationId=2 - application/json null
2026-04-02 15:17:47.106 [INF] Microsoft.AspNetCore.Cors.Infrastructure.CorsService | CORS policy execution successful.
2026-04-02 15:17:47.106 [INF] Microsoft.AspNetCore.Routing.EndpointMiddleware | Executing endpoint 'backend.Controllers.EmployeesController.GetEmployees (backend)'
2026-04-02 15:17:47.106 [INF] Microsoft.AspNetCore.Mvc.Infrastructure.ControllerActionInvoker | Route matched with {action = "GetEmployees", controller = "Employees"}. Executing controller action with signature System.Threading.Tasks.Task`1[Microsoft.AspNetCore.Mvc.IActionResult] GetEmployees(System.Nullable`1[System.Int32]) on controller backend.Controllers.EmployeesController (backend).
2026-04-02 15:17:47.107 [INF] backend.Controllers.EmployeesController | [Employees] GET all | TargetOrgId=2 | UserOrgId=2
2026-04-02 15:17:47.130 [INF] Microsoft.AspNetCore.Mvc.Infrastructure.ObjectResultExecutor | Executing OkObjectResult, writing value of type 'System.Collections.Generic.List`1[[backend.Models.Employee, backend, Version=1.0.0.0, Culture=neutral, PublicKeyToken=null]]'.
2026-04-02 15:17:47.130 [INF] Microsoft.AspNetCore.Mvc.Infrastructure.ControllerActionInvoker | Executed action backend.Controllers.EmployeesController.GetEmployees (backend) in 23.7485ms
2026-04-02 15:17:47.130 [INF] Microsoft.AspNetCore.Routing.EndpointMiddleware | Executed endpoint 'backend.Controllers.EmployeesController.GetEmployees (backend)'
2026-04-02 15:17:47.130 [INF] Serilog.AspNetCore.RequestLoggingMiddleware | HTTP GET /api/employees → 200 (24.0ms)
2026-04-02 15:17:47.130 [INF] Microsoft.AspNetCore.Hosting.Diagnostics | Request finished HTTP/1.1 GET http://localhost:5217/api/employees?organizationId=2 - 200 null application/json; charset=utf-8 24.2996ms
2026-04-02 15:17:47.164 [INF] Microsoft.AspNetCore.Hosting.Diagnostics | Request starting HTTP/1.1 OPTIONS http://localhost:5217/api/ShiftAssignments/roster?start=2026-04-02&end=2026-04-09&orgId=2 - null null
2026-04-02 15:17:47.164 [INF] Microsoft.AspNetCore.Cors.Infrastructure.CorsService | CORS policy execution successful.
2026-04-02 15:17:47.164 [INF] Microsoft.AspNetCore.Hosting.Diagnostics | Request finished HTTP/1.1 OPTIONS http://localhost:5217/api/ShiftAssignments/roster?start=2026-04-02&end=2026-04-09&orgId=2 - 204 null null 0.1743ms
2026-04-02 15:17:47.165 [INF] Microsoft.AspNetCore.Hosting.Diagnostics | Request starting HTTP/1.1 GET http://localhost:5217/api/ShiftAssignments/roster?start=2026-04-02&end=2026-04-09&orgId=2 - application/json null
2026-04-02 15:17:47.165 [INF] Microsoft.AspNetCore.Cors.Infrastructure.CorsService | CORS policy execution successful.
2026-04-02 15:17:47.166 [INF] Microsoft.AspNetCore.Routing.EndpointMiddleware | Executing endpoint 'backend.Controllers.ShiftAssignmentsController.GetMonthlyRosterFixed (backend)'
2026-04-02 15:17:47.166 [INF] Microsoft.AspNetCore.Mvc.Infrastructure.ControllerActionInvoker | Route matched with {action = "GetMonthlyRosterFixed", controller = "ShiftAssignments"}. Executing controller action with signature System.Threading.Tasks.Task`1[Microsoft.AspNetCore.Mvc.IActionResult] GetMonthlyRosterFixed(System.String, System.String, System.Nullable`1[System.Int32]) on controller backend.Controllers.ShiftAssignmentsController (backend).
2026-04-02 15:17:47.189 [INF] Microsoft.AspNetCore.Mvc.Infrastructure.ObjectResultExecutor | Executing OkObjectResult, writing value of type 'System.Collections.Generic.List`1[[backend.Models.EmployeeSchedule, backend, Version=1.0.0.0, Culture=neutral, PublicKeyToken=null]]'.
2026-04-02 15:17:47.189 [INF] Microsoft.AspNetCore.Mvc.Infrastructure.ControllerActionInvoker | Executed action backend.Controllers.ShiftAssignmentsController.GetMonthlyRosterFixed (backend) in 23.2794ms
2026-04-02 15:17:47.189 [INF] Microsoft.AspNetCore.Routing.EndpointMiddleware | Executed endpoint 'backend.Controllers.ShiftAssignmentsController.GetMonthlyRosterFixed (backend)'
2026-04-02 15:17:47.189 [INF] Serilog.AspNetCore.RequestLoggingMiddleware | HTTP GET /api/ShiftAssignments/roster → 200 (23.5ms)
2026-04-02 15:17:47.189 [INF] Microsoft.AspNetCore.Hosting.Diagnostics | Request finished HTTP/1.1 GET http://localhost:5217/api/ShiftAssignments/roster?start=2026-04-02&end=2026-04-09&orgId=2 - 200 null application/json; charset=utf-8 23.9074ms
2026-04-02 15:17:47.197 [INF] Microsoft.AspNetCore.Hosting.Diagnostics | Request starting HTTP/1.1 OPTIONS http://localhost:5217/api/Attendance/status?employeeId=31&orgId=2 - null null
2026-04-02 15:17:47.197 [INF] Microsoft.AspNetCore.Cors.Infrastructure.CorsService | CORS policy execution successful.
2026-04-02 15:17:47.198 [INF] Microsoft.AspNetCore.Hosting.Diagnostics | Request finished HTTP/1.1 OPTIONS http://localhost:5217/api/Attendance/status?employeeId=31&orgId=2 - 204 null null 0.8465ms
2026-04-02 15:17:47.199 [INF] Microsoft.AspNetCore.Hosting.Diagnostics | Request starting HTTP/1.1 GET http://localhost:5217/api/Attendance/status?employeeId=31&orgId=2 - application/json null
2026-04-02 15:17:47.199 [INF] Microsoft.AspNetCore.Cors.Infrastructure.CorsService | CORS policy execution successful.
2026-04-02 15:17:47.200 [INF] Microsoft.AspNetCore.Routing.EndpointMiddleware | Executing endpoint 'backend.Controllers.AttendanceController.GetStatus (backend)'
2026-04-02 15:17:47.200 [INF] Microsoft.AspNetCore.Mvc.Infrastructure.ControllerActionInvoker | Route matched with {action = "GetStatus", controller = "Attendance"}. Executing controller action with signature System.Threading.Tasks.Task`1[Microsoft.AspNetCore.Mvc.IActionResult] GetStatus(Int32, Int32) on controller backend.Controllers.AttendanceController (backend).
2026-04-02 15:17:47.221 [ERR] backend.Controllers.AttendanceController | Error getting attendance status
Microsoft.Data.SqlClient.SqlException (0x80131904): Invalid column name 'FN'.
Invalid column name 'AN'.
   at System.Threading.Tasks.ContinuationResultTaskFromResultTask`2.InnerInvoke()
   at System.Threading.ExecutionContext.RunInternal(ExecutionContext executionContext, ContextCallback callback, Object state)
--- End of stack trace from previous location ---
   at System.Threading.ExecutionContext.RunInternal(ExecutionContext executionContext, ContextCallback callback, Object state)
   at System.Threading.Tasks.Task.ExecuteWithThreadLocal(Task& currentTaskSlot, Thread threadPoolThread)
--- End of stack trace from previous location ---
   at Dapper.SqlMapper.QueryRowAsync[T](IDbConnection cnn, Row row, Type effectiveType, CommandDefinition command) in /_/Dapper/SqlMapper.Async.cs:line 489
   at backend.Controllers.AttendanceController.GetStatus(Int32 employeeId, Int32 orgId) in C:\Repos_Work\Prodesx_HRM_Mobile_Application\backend\Controllers\AttendanceController.cs:line 235
ClientConnectionId:7a9ffcf9-d5b1-4080-8911-9f663887c2df
Error Number:207,State:1,Class:16
2026-04-02 15:17:47.226 [INF] Microsoft.AspNetCore.Mvc.Infrastructure.ObjectResultExecutor | Executing ObjectResult, writing value of type 'System.String'.
2026-04-02 15:17:47.226 [INF] Microsoft.AspNetCore.Mvc.Infrastructure.ControllerActionInvoker | Executed action backend.Controllers.AttendanceController.GetStatus (backend) in 26.2651ms
2026-04-02 15:17:47.226 [INF] Microsoft.AspNetCore.Routing.EndpointMiddleware | Executed endpoint 'backend.Controllers.AttendanceController.GetStatus (backend)'
2026-04-02 15:17:47.226 [ERR] Serilog.AspNetCore.RequestLoggingMiddleware | HTTP GET /api/Attendance/status → 500 (26.5ms)
2026-04-02 15:17:47.226 [INF] Microsoft.AspNetCore.Hosting.Diagnostics | Request finished HTTP/1.1 GET http://localhost:5217/api/Attendance/status?employeeId=31&orgId=2 - 500 null text/plain; charset=utf-8 27.0589ms
2026-04-02 15:17:50.943 [INF] Microsoft.AspNetCore.Hosting.Diagnostics | Request starting HTTP/1.1 OPTIONS http://localhost:5217/api/EmpOT/GetOTByOrgId?orgId=2 - null null
2026-04-02 15:17:50.943 [INF] Microsoft.AspNetCore.Cors.Infrastructure.CorsService | CORS policy execution successful.
2026-04-02 15:17:50.943 [INF] Microsoft.AspNetCore.Hosting.Diagnostics | Request finished HTTP/1.1 OPTIONS http://localhost:5217/api/EmpOT/GetOTByOrgId?orgId=2 - 204 null null 0.4084ms
2026-04-02 15:17:50.943 [INF] Microsoft.AspNetCore.Hosting.Diagnostics | Request starting HTTP/1.1 OPTIONS http://localhost:5217/api/employees?orgId=2 - null null
2026-04-02 15:17:50.943 [INF] Microsoft.AspNetCore.Cors.Infrastructure.CorsService | CORS policy execution successful.
2026-04-02 15:17:50.943 [INF] Microsoft.AspNetCore.Hosting.Diagnostics | Request finished HTTP/1.1 OPTIONS http://localhost:5217/api/employees?orgId=2 - 204 null null 0.1324ms
2026-04-02 15:17:50.945 [INF] Microsoft.AspNetCore.Hosting.Diagnostics | Request starting HTTP/1.1 GET http://localhost:5217/api/EmpOT/GetOTByOrgId?orgId=2 - application/json null
2026-04-02 15:17:50.945 [INF] Microsoft.AspNetCore.Cors.Infrastructure.CorsService | CORS policy execution successful.
2026-04-02 15:17:50.946 [INF] Microsoft.AspNetCore.Hosting.Diagnostics | Request starting HTTP/1.1 GET http://localhost:5217/api/employees?orgId=2 - application/json null
2026-04-02 15:17:50.946 [INF] Microsoft.AspNetCore.Cors.Infrastructure.CorsService | CORS policy execution successful.
2026-04-02 15:17:50.946 [INF] Microsoft.AspNetCore.Routing.EndpointMiddleware | Executing endpoint 'backend.Controllers.EmpOTController.GetOTByOrgId (backend)'
2026-04-02 15:17:50.946 [INF] Microsoft.AspNetCore.Mvc.Infrastructure.ControllerActionInvoker | Route matched with {action = "GetOTByOrgId", controller = "EmpOT"}. Executing controller action with signature System.Threading.Tasks.Task`1[Microsoft.AspNetCore.Mvc.IActionResult] GetOTByOrgId(Int32) on controller backend.Controllers.EmpOTController (backend).
2026-04-02 15:17:50.946 [INF] Microsoft.AspNetCore.Routing.EndpointMiddleware | Executing endpoint 'backend.Controllers.EmployeesController.GetEmployees (backend)'
2026-04-02 15:17:50.946 [INF] Microsoft.AspNetCore.Mvc.Infrastructure.ControllerActionInvoker | Route matched with {action = "GetEmployees", controller = "Employees"}. Executing controller action with signature System.Threading.Tasks.Task`1[Microsoft.AspNetCore.Mvc.IActionResult] GetEmployees(System.Nullable`1[System.Int32]) on controller backend.Controllers.EmployeesController (backend).
2026-04-02 15:17:50.946 [INF] backend.Controllers.EmployeesController | [Employees] GET all | TargetOrgId=2 | UserOrgId=2
2026-04-02 15:17:50.986 [INF] Microsoft.AspNetCore.Mvc.Infrastructure.ObjectResultExecutor | Executing OkObjectResult, writing value of type 'System.Collections.Generic.List`1[[backend.Models.Employee, backend, Version=1.0.0.0, Culture=neutral, PublicKeyToken=null]]'.
2026-04-02 15:17:50.986 [INF] Microsoft.AspNetCore.Mvc.Infrastructure.ControllerActionInvoker | Executed action backend.Controllers.EmployeesController.GetEmployees (backend) in 40.4236ms
2026-04-02 15:17:50.986 [INF] Microsoft.AspNetCore.Routing.EndpointMiddleware | Executed endpoint 'backend.Controllers.EmployeesController.GetEmployees (backend)'
2026-04-02 15:17:50.986 [INF] Serilog.AspNetCore.RequestLoggingMiddleware | HTTP GET /api/employees → 200 (40.6ms)
2026-04-02 15:17:50.986 [INF] Microsoft.AspNetCore.Hosting.Diagnostics | Request finished HTTP/1.1 GET http://localhost:5217/api/employees?orgId=2 - 200 null application/json; charset=utf-8 40.9463ms
2026-04-02 15:17:51.028 [INF] Microsoft.AspNetCore.Mvc.Infrastructure.ObjectResultExecutor | Executing OkObjectResult, writing value of type 'System.Collections.Generic.List`1[[backend.Models.EmpOT, backend, Version=1.0.0.0, Culture=neutral, PublicKeyToken=null]]'.
2026-04-02 15:17:51.028 [INF] Microsoft.AspNetCore.Mvc.Infrastructure.ControllerActionInvoker | Executed action backend.Controllers.EmpOTController.GetOTByOrgId (backend) in 81.9612ms
2026-04-02 15:17:51.028 [INF] Microsoft.AspNetCore.Routing.EndpointMiddleware | Executed endpoint 'backend.Controllers.EmpOTController.GetOTByOrgId (backend)'
2026-04-02 15:17:51.028 [INF] Serilog.AspNetCore.RequestLoggingMiddleware | HTTP GET /api/EmpOT/GetOTByOrgId → 200 (82.2ms)
2026-04-02 15:17:51.028 [INF] Microsoft.AspNetCore.Hosting.Diagnostics | Request finished HTTP/1.1 GET http://localhost:5217/api/EmpOT/GetOTByOrgId?orgId=2 - 200 null application/json; charset=utf-8 82.5821ms
2026-04-02 15:17:51.205 [INF] Microsoft.AspNetCore.Hosting.Diagnostics | Request starting HTTP/1.1 OPTIONS http://localhost:5217/hubs/empot/negotiate?negotiateVersion=1 - null null
2026-04-02 15:17:51.205 [INF] Microsoft.AspNetCore.Cors.Infrastructure.CorsService | CORS policy execution successful.
2026-04-02 15:17:51.206 [INF] Microsoft.AspNetCore.Hosting.Diagnostics | Request finished HTTP/1.1 OPTIONS http://localhost:5217/hubs/empot/negotiate?negotiateVersion=1 - 204 null null 0.3339ms
2026-04-02 15:17:51.207 [INF] Microsoft.AspNetCore.Hosting.Diagnostics | Request starting HTTP/1.1 POST http://localhost:5217/hubs/empot/negotiate?negotiateVersion=1 - text/plain;charset=UTF-8 0
2026-04-02 15:17:51.207 [INF] Microsoft.AspNetCore.Cors.Infrastructure.CorsService | CORS policy execution successful.
2026-04-02 15:17:51.207 [INF] Microsoft.AspNetCore.Routing.EndpointMiddleware | Executing endpoint '/hubs/empot/negotiate'
2026-04-02 15:17:51.207 [INF] Microsoft.AspNetCore.Routing.EndpointMiddleware | Executed endpoint '/hubs/empot/negotiate'
2026-04-02 15:17:51.208 [INF] Serilog.AspNetCore.RequestLoggingMiddleware | HTTP POST /hubs/empot/negotiate → 200 (0.2ms)
2026-04-02 15:17:51.208 [INF] Microsoft.AspNetCore.Hosting.Diagnostics | Request finished HTTP/1.1 POST http://localhost:5217/hubs/empot/negotiate?negotiateVersion=1 - 200 316 application/json 1.1557ms
2026-04-02 15:17:51.221 [INF] Microsoft.AspNetCore.Hosting.Diagnostics | Request starting HTTP/1.1 GET http://localhost:5217/hubs/empot?id=qtSAheM5JBhQIh6lJSsiGQ&access_token=eyJhbGciOiJIUzI1NiIsInR5cCI6IkpXVCJ9.eyJuYW1laWQiOiIxOCIsInVuaXF1ZV9uYW1lIjoidmFzYW50aGFrdW1hciIsImVtYWlsIjoidmFzYW50aDIwMDR2a0BnbWFpbC5jb20iLCJyb2xlIjoiU3VwZXJBZG1pbiIsIk9yZ2FuaXphdGlvbklkIjoiMiIsIk9yZ2FuaXphdGlvbkxvZ28iOiIvdXBsb2Fkcy9vcmctbG9nb3Mvb3JnLWxvZ28tNTg3M2M0NzVkOTFkNGJiZDkwNDZkZWVjNjY3ZDEzNmMuanBnIiwibmJmIjoxNzc1MTIzMTgzLCJleHAiOjE3NzUyMDk1ODMsImlhdCI6MTc3NTEyMzE4MywiaXNzIjoiUHJvRGVzWC1CYWNrZW5kIiwiYXVkIjoiUHJvRGVzWC1Gcm9udGVuZCJ9.irsiBHVWmU3lRQMO2uhCGbqPzRyZ_lDi4yZgReB6cTE - null null
2026-04-02 15:17:51.222 [INF] Microsoft.AspNetCore.Cors.Infrastructure.CorsService | CORS policy execution successful.
2026-04-02 15:17:51.223 [INF] Microsoft.AspNetCore.Routing.EndpointMiddleware | Executing endpoint '/hubs/empot'
2026-04-02 15:17:55.440 [INF] Microsoft.AspNetCore.Routing.EndpointMiddleware | Executed endpoint '/hubs/empot'
2026-04-02 15:17:55.440 [INF] Serilog.AspNetCore.RequestLoggingMiddleware | HTTP GET /hubs/empot → 101 (4217.5ms)
2026-04-02 15:17:55.440 [INF] Microsoft.AspNetCore.Hosting.Diagnostics | Request finished HTTP/1.1 GET http://localhost:5217/hubs/empot?id=qtSAheM5JBhQIh6lJSsiGQ&access_token=eyJhbGciOiJIUzI1NiIsInR5cCI6IkpXVCJ9.eyJuYW1laWQiOiIxOCIsInVuaXF1ZV9uYW1lIjoidmFzYW50aGFrdW1hciIsImVtYWlsIjoidmFzYW50aDIwMDR2a0BnbWFpbC5jb20iLCJyb2xlIjoiU3VwZXJBZG1pbiIsIk9yZ2FuaXphdGlvbklkIjoiMiIsIk9yZ2FuaXphdGlvbkxvZ28iOiIvdXBsb2Fkcy9vcmctbG9nb3Mvb3JnLWxvZ28tNTg3M2M0NzVkOTFkNGJiZDkwNDZkZWVjNjY3ZDEzNmMuanBnIiwibmJmIjoxNzc1MTIzMTgzLCJleHAiOjE3NzUyMDk1ODMsImlhdCI6MTc3NTEyMzE4MywiaXNzIjoiUHJvRGVzWC1CYWNrZW5kIiwiYXVkIjoiUHJvRGVzWC1Gcm9udGVuZCJ9.irsiBHVWmU3lRQMO2uhCGbqPzRyZ_lDi4yZgReB6cTE - 101 null null 4218.8328ms
2026-04-02 15:22:15.176 [INF] Microsoft.AspNetCore.Hosting.Diagnostics | Request starting HTTP/1.1 OPTIONS http://localhost:5217/api/auth/login - null null
2026-04-02 15:22:15.176 [INF] Microsoft.AspNetCore.Cors.Infrastructure.CorsService | CORS policy execution successful.
2026-04-02 15:22:15.176 [INF] Microsoft.AspNetCore.Hosting.Diagnostics | Request finished HTTP/1.1 OPTIONS http://localhost:5217/api/auth/login - 204 null null 0.1439ms
2026-04-02 15:22:15.177 [INF] Microsoft.AspNetCore.Hosting.Diagnostics | Request starting HTTP/1.1 POST http://localhost:5217/api/auth/login - application/json 62
2026-04-02 15:22:15.177 [INF] Microsoft.AspNetCore.Cors.Infrastructure.CorsService | CORS policy execution successful.
2026-04-02 15:22:15.177 [INF] Microsoft.AspNetCore.Routing.EndpointMiddleware | Executing endpoint 'backend.Controllers.AuthController.Login (backend)'
2026-04-02 15:22:15.177 [INF] Microsoft.AspNetCore.Mvc.Infrastructure.ControllerActionInvoker | Route matched with {action = "Login", controller = "Auth"}. Executing controller action with signature System.Threading.Tasks.Task`1[Microsoft.AspNetCore.Mvc.IActionResult] Login(backend.Models.LoginRequest) on controller backend.Controllers.AuthController (backend).
2026-04-02 15:22:15.180 [INF] backend.Controllers.AuthController | [Auth] Login attempt | Email=vasanth2004vk@gmail.com
2026-04-02 15:22:15.527 [INF] backend.Controllers.AuthController | [Auth] User login session recorded | UserId=18 | TokenExpiry="2026-04-03T09:52:15.5075957Z"
2026-04-02 15:22:15.527 [INF] backend.Controllers.AuthController | [Auth] Login SUCCESS | Email=vasanth2004vk@gmail.com | EffectiveRole=SuperAdmin | OrgId=2
2026-04-02 15:22:15.527 [INF] Microsoft.AspNetCore.Mvc.Infrastructure.ObjectResultExecutor | Executing OkObjectResult, writing value of type '<>f__AnonymousType16`2[[System.String, System.Private.CoreLib, Version=10.0.0.0, Culture=neutral, PublicKeyToken=7cec85d7bea7798e],[<>f__AnonymousType17`6[[System.Int32, System.Private.CoreLib, Version=10.0.0.0, Culture=neutral, PublicKeyToken=7cec85d7bea7798e],[System.String, System.Private.CoreLib, Version=10.0.0.0, Culture=neutral, PublicKeyToken=7cec85d7bea7798e],[System.String, System.Private.CoreLib, Version=10.0.0.0, Culture=neutral, PublicKeyToken=7cec85d7bea7798e],[System.String, System.Private.CoreLib, Version=10.0.0.0, Culture=neutral, PublicKeyToken=7cec85d7bea7798e],[System.Nullable`1[[System.Int32, System.Private.CoreLib, Version=10.0.0.0, Culture=neutral, PublicKeyToken=7cec85d7bea7798e]], System.Private.CoreLib, Version=10.0.0.0, Culture=neutral, PublicKeyToken=7cec85d7bea7798e],[System.String, System.Private.CoreLib, Version=10.0.0.0, Culture=neutral, PublicKeyToken=7cec85d7bea7798e]], backend, Version=1.0.0.0, Culture=neutral, PublicKeyToken=null]]'.
2026-04-02 15:22:15.527 [INF] Microsoft.AspNetCore.Mvc.Infrastructure.ControllerActionInvoker | Executed action backend.Controllers.AuthController.Login (backend) in 349.9323ms
2026-04-02 15:22:15.527 [INF] Microsoft.AspNetCore.Routing.EndpointMiddleware | Executed endpoint 'backend.Controllers.AuthController.Login (backend)'
2026-04-02 15:22:15.527 [INF] Serilog.AspNetCore.RequestLoggingMiddleware | HTTP POST /api/auth/login → 200 (350.1ms)
2026-04-02 15:22:15.527 [INF] Microsoft.AspNetCore.Hosting.Diagnostics | Request finished HTTP/1.1 POST http://localhost:5217/api/auth/login - 200 null application/json; charset=utf-8 350.3349ms
2026-04-02 15:22:15.547 [INF] Microsoft.AspNetCore.Hosting.Diagnostics | Request starting HTTP/1.1 OPTIONS http://localhost:5217/api/users/organizations - null null
2026-04-02 15:22:15.547 [INF] Microsoft.AspNetCore.Cors.Infrastructure.CorsService | CORS policy execution successful.
2026-04-02 15:22:15.547 [INF] Microsoft.AspNetCore.Hosting.Diagnostics | Request finished HTTP/1.1 OPTIONS http://localhost:5217/api/users/organizations - 204 null null 0.1219ms
2026-04-02 15:22:15.548 [INF] Microsoft.AspNetCore.Hosting.Diagnostics | Request starting HTTP/1.1 GET http://localhost:5217/api/users/organizations - null null
2026-04-02 15:22:15.548 [INF] Microsoft.AspNetCore.Cors.Infrastructure.CorsService | CORS policy execution successful.
2026-04-02 15:22:15.549 [INF] Microsoft.AspNetCore.Routing.EndpointMiddleware | Executing endpoint 'backend.Controllers.UsersController.GetOrganizations (backend)'
2026-04-02 15:22:15.549 [INF] Microsoft.AspNetCore.Mvc.Infrastructure.ControllerActionInvoker | Route matched with {action = "GetOrganizations", controller = "Users"}. Executing controller action with signature System.Threading.Tasks.Task`1[Microsoft.AspNetCore.Mvc.IActionResult] GetOrganizations() on controller backend.Controllers.UsersController (backend).
2026-04-02 15:22:15.549 [INF] backend.Controllers.UsersController | [Users] GET organizations | Role=SuperAdmin | UserId=18
2026-04-02 15:22:15.568 [INF] Microsoft.AspNetCore.Mvc.Infrastructure.ObjectResultExecutor | Executing OkObjectResult, writing value of type 'System.Collections.Generic.List`1[[backend.Models.Organization, backend, Version=1.0.0.0, Culture=neutral, PublicKeyToken=null]]'.
2026-04-02 15:22:15.568 [INF] Microsoft.AspNetCore.Mvc.Infrastructure.ControllerActionInvoker | Executed action backend.Controllers.UsersController.GetOrganizations (backend) in 19.7626ms
2026-04-02 15:22:15.568 [INF] Microsoft.AspNetCore.Routing.EndpointMiddleware | Executed endpoint 'backend.Controllers.UsersController.GetOrganizations (backend)'
2026-04-02 15:22:15.569 [INF] Serilog.AspNetCore.RequestLoggingMiddleware | HTTP GET /api/users/organizations → 200 (19.9ms)
2026-04-02 15:22:15.569 [INF] Microsoft.AspNetCore.Hosting.Diagnostics | Request finished HTTP/1.1 GET http://localhost:5217/api/users/organizations - 200 null application/json; charset=utf-8 20.1426ms
2026-04-02 15:22:16.008 [INF] Microsoft.AspNetCore.Hosting.Diagnostics | Request starting HTTP/1.1 GET http://localhost:5217/uploads/org-logos/org-logo-5873c475d91d4bbd9046deec667d136c.jpg - null null
2026-04-02 15:22:16.008 [INF] Microsoft.AspNetCore.Cors.Infrastructure.CorsService | CORS policy execution successful.
2026-04-02 15:22:16.008 [INF] Microsoft.AspNetCore.StaticFiles.StaticFileMiddleware | The file /uploads/org-logos/org-logo-5873c475d91d4bbd9046deec667d136c.jpg was not modified
2026-04-02 15:22:16.008 [INF] Microsoft.AspNetCore.Hosting.Diagnostics | Request finished HTTP/1.1 GET http://localhost:5217/uploads/org-logos/org-logo-5873c475d91d4bbd9046deec667d136c.jpg - 304 null image/jpeg 0.59ms
2026-04-02 15:22:16.043 [INF] Microsoft.AspNetCore.Hosting.Diagnostics | Request starting HTTP/1.1 OPTIONS http://localhost:5217/api/organizations - null null
2026-04-02 15:22:16.043 [INF] Microsoft.AspNetCore.Cors.Infrastructure.CorsService | CORS policy execution successful.
2026-04-02 15:22:16.043 [INF] Microsoft.AspNetCore.Hosting.Diagnostics | Request finished HTTP/1.1 OPTIONS http://localhost:5217/api/organizations - 204 null null 0.1357ms
2026-04-02 15:22:16.044 [INF] Microsoft.AspNetCore.Hosting.Diagnostics | Request starting HTTP/1.1 GET http://localhost:5217/api/organizations - application/json null
2026-04-02 15:22:16.044 [INF] Microsoft.AspNetCore.Cors.Infrastructure.CorsService | CORS policy execution successful.
2026-04-02 15:22:16.044 [INF] Microsoft.AspNetCore.Routing.EndpointMiddleware | Executing endpoint 'backend.Controllers.OrganizationsController.GetOrganizations (backend)'
2026-04-02 15:22:16.044 [INF] Microsoft.AspNetCore.Mvc.Infrastructure.ControllerActionInvoker | Route matched with {action = "GetOrganizations", controller = "Organizations"}. Executing controller action with signature System.Threading.Tasks.Task`1[Microsoft.AspNetCore.Mvc.IActionResult] GetOrganizations() on controller backend.Controllers.OrganizationsController (backend).
2026-04-02 15:22:16.045 [INF] backend.Controllers.OrganizationsController | [Orgs] GET all requested | Role=SuperAdmin | UserId=18
2026-04-02 15:22:16.065 [INF] Microsoft.AspNetCore.Mvc.Infrastructure.ObjectResultExecutor | Executing OkObjectResult, writing value of type 'System.Collections.Generic.List`1[[backend.Models.Organization, backend, Version=1.0.0.0, Culture=neutral, PublicKeyToken=null]]'.
2026-04-02 15:22:16.065 [INF] Microsoft.AspNetCore.Mvc.Infrastructure.ControllerActionInvoker | Executed action backend.Controllers.OrganizationsController.GetOrganizations (backend) in 20.3314ms
2026-04-02 15:22:16.065 [INF] Microsoft.AspNetCore.Routing.EndpointMiddleware | Executed endpoint 'backend.Controllers.OrganizationsController.GetOrganizations (backend)'
2026-04-02 15:22:16.065 [INF] Serilog.AspNetCore.RequestLoggingMiddleware | HTTP GET /api/organizations → 200 (20.5ms)
2026-04-02 15:22:16.065 [INF] Microsoft.AspNetCore.Hosting.Diagnostics | Request finished HTTP/1.1 GET http://localhost:5217/api/organizations - 200 null application/json; charset=utf-8 20.8359ms
2026-04-02 15:22:16.090 [INF] Microsoft.AspNetCore.Hosting.Diagnostics | Request starting HTTP/1.1 OPTIONS http://localhost:5217/api/leads - null null
2026-04-02 15:22:16.091 [INF] Microsoft.AspNetCore.Cors.Infrastructure.CorsService | CORS policy execution successful.
2026-04-02 15:22:16.091 [INF] Microsoft.AspNetCore.Hosting.Diagnostics | Request finished HTTP/1.1 OPTIONS http://localhost:5217/api/leads - 204 null null 0.208ms
2026-04-02 15:22:16.092 [INF] Microsoft.AspNetCore.Hosting.Diagnostics | Request starting HTTP/1.1 GET http://localhost:5217/api/leads - application/json null
2026-04-02 15:22:16.092 [INF] Microsoft.AspNetCore.Cors.Infrastructure.CorsService | CORS policy execution successful.
2026-04-02 15:22:16.092 [INF] Microsoft.AspNetCore.Routing.EndpointMiddleware | Executing endpoint 'backend.Controllers.LeadsController.GetLeads (backend)'
2026-04-02 15:22:16.092 [INF] Microsoft.AspNetCore.Mvc.Infrastructure.ControllerActionInvoker | Route matched with {action = "GetLeads", controller = "Leads"}. Executing controller action with signature System.Threading.Tasks.Task`1[System.Collections.Generic.IEnumerable`1[backend.Models.Lead]] GetLeads() on controller backend.Controllers.LeadsController (backend).
2026-04-02 15:22:16.104 [INF] Microsoft.AspNetCore.Mvc.Infrastructure.ObjectResultExecutor | Executing ObjectResult, writing value of type 'System.Collections.Generic.List`1[[backend.Models.Lead, backend, Version=1.0.0.0, Culture=neutral, PublicKeyToken=null]]'.
2026-04-02 15:22:16.104 [INF] Microsoft.AspNetCore.Mvc.Infrastructure.ControllerActionInvoker | Executed action backend.Controllers.LeadsController.GetLeads (backend) in 12.0574ms
2026-04-02 15:22:16.104 [INF] Microsoft.AspNetCore.Routing.EndpointMiddleware | Executed endpoint 'backend.Controllers.LeadsController.GetLeads (backend)'
2026-04-02 15:22:16.104 [INF] Serilog.AspNetCore.RequestLoggingMiddleware | HTTP GET /api/leads → 200 (12.3ms)
2026-04-02 15:22:16.105 [INF] Microsoft.AspNetCore.Hosting.Diagnostics | Request finished HTTP/1.1 GET http://localhost:5217/api/leads - 200 null application/json; charset=utf-8 12.5716ms
2026-04-02 15:22:16.191 [INF] Microsoft.AspNetCore.Hosting.Diagnostics | Request starting HTTP/1.1 OPTIONS http://localhost:5217/api/employees?organizationId=2 - null null
2026-04-02 15:22:16.191 [INF] Microsoft.AspNetCore.Cors.Infrastructure.CorsService | CORS policy execution successful.
2026-04-02 15:22:16.191 [INF] Microsoft.AspNetCore.Hosting.Diagnostics | Request finished HTTP/1.1 OPTIONS http://localhost:5217/api/employees?organizationId=2 - 204 null null 0.1815ms
2026-04-02 15:22:16.193 [INF] Microsoft.AspNetCore.Hosting.Diagnostics | Request starting HTTP/1.1 GET http://localhost:5217/api/employees?organizationId=2 - application/json null
2026-04-02 15:22:16.193 [INF] Microsoft.AspNetCore.Cors.Infrastructure.CorsService | CORS policy execution successful.
2026-04-02 15:22:16.193 [INF] Microsoft.AspNetCore.Routing.EndpointMiddleware | Executing endpoint 'backend.Controllers.EmployeesController.GetEmployees (backend)'
2026-04-02 15:22:16.193 [INF] Microsoft.AspNetCore.Mvc.Infrastructure.ControllerActionInvoker | Route matched with {action = "GetEmployees", controller = "Employees"}. Executing controller action with signature System.Threading.Tasks.Task`1[Microsoft.AspNetCore.Mvc.IActionResult] GetEmployees(System.Nullable`1[System.Int32]) on controller backend.Controllers.EmployeesController (backend).
2026-04-02 15:22:16.193 [INF] backend.Controllers.EmployeesController | [Employees] GET all | TargetOrgId=2 | UserOrgId=2
2026-04-02 15:22:16.224 [INF] Microsoft.AspNetCore.Mvc.Infrastructure.ObjectResultExecutor | Executing OkObjectResult, writing value of type 'System.Collections.Generic.List`1[[backend.Models.Employee, backend, Version=1.0.0.0, Culture=neutral, PublicKeyToken=null]]'.
2026-04-02 15:22:16.225 [INF] Microsoft.AspNetCore.Mvc.Infrastructure.ControllerActionInvoker | Executed action backend.Controllers.EmployeesController.GetEmployees (backend) in 31.751ms
2026-04-02 15:22:16.225 [INF] Microsoft.AspNetCore.Routing.EndpointMiddleware | Executed endpoint 'backend.Controllers.EmployeesController.GetEmployees (backend)'
2026-04-02 15:22:16.225 [INF] Serilog.AspNetCore.RequestLoggingMiddleware | HTTP GET /api/employees → 200 (31.9ms)
2026-04-02 15:22:16.225 [INF] Microsoft.AspNetCore.Hosting.Diagnostics | Request finished HTTP/1.1 GET http://localhost:5217/api/employees?organizationId=2 - 200 null application/json; charset=utf-8 32.253ms
2026-04-02 15:22:16.249 [INF] Microsoft.AspNetCore.Hosting.Diagnostics | Request starting HTTP/1.1 OPTIONS http://localhost:5217/api/ShiftAssignments/roster?start=2026-04-02&end=2026-04-09&orgId=2 - null null
2026-04-02 15:22:16.249 [INF] Microsoft.AspNetCore.Cors.Infrastructure.CorsService | CORS policy execution successful.
2026-04-02 15:22:16.249 [INF] Microsoft.AspNetCore.Hosting.Diagnostics | Request finished HTTP/1.1 OPTIONS http://localhost:5217/api/ShiftAssignments/roster?start=2026-04-02&end=2026-04-09&orgId=2 - 204 null null 0.1874ms
2026-04-02 15:22:16.251 [INF] Microsoft.AspNetCore.Hosting.Diagnostics | Request starting HTTP/1.1 GET http://localhost:5217/api/ShiftAssignments/roster?start=2026-04-02&end=2026-04-09&orgId=2 - application/json null
2026-04-02 15:22:16.251 [INF] Microsoft.AspNetCore.Cors.Infrastructure.CorsService | CORS policy execution successful.
2026-04-02 15:22:16.251 [INF] Microsoft.AspNetCore.Routing.EndpointMiddleware | Executing endpoint 'backend.Controllers.ShiftAssignmentsController.GetMonthlyRosterFixed (backend)'
2026-04-02 15:22:16.251 [INF] Microsoft.AspNetCore.Mvc.Infrastructure.ControllerActionInvoker | Route matched with {action = "GetMonthlyRosterFixed", controller = "ShiftAssignments"}. Executing controller action with signature System.Threading.Tasks.Task`1[Microsoft.AspNetCore.Mvc.IActionResult] GetMonthlyRosterFixed(System.String, System.String, System.Nullable`1[System.Int32]) on controller backend.Controllers.ShiftAssignmentsController (backend).
2026-04-02 15:22:16.275 [INF] Microsoft.AspNetCore.Hosting.Diagnostics | Request starting HTTP/1.1 GET http://localhost:5217/uploads/employee-photos/emp-31.jpg - null null
2026-04-02 15:22:16.276 [INF] Microsoft.AspNetCore.Cors.Infrastructure.CorsService | CORS policy execution successful.
2026-04-02 15:22:16.276 [INF] Microsoft.AspNetCore.StaticFiles.StaticFileMiddleware | The file /uploads/employee-photos/emp-31.jpg was not modified
2026-04-02 15:22:16.276 [INF] Microsoft.AspNetCore.Hosting.Diagnostics | Request finished HTTP/1.1 GET http://localhost:5217/uploads/employee-photos/emp-31.jpg - 304 null image/jpeg 0.77ms
2026-04-02 15:22:16.279 [INF] Microsoft.AspNetCore.Mvc.Infrastructure.ObjectResultExecutor | Executing OkObjectResult, writing value of type 'System.Collections.Generic.List`1[[backend.Models.EmployeeSchedule, backend, Version=1.0.0.0, Culture=neutral, PublicKeyToken=null]]'.
2026-04-02 15:22:16.279 [INF] Microsoft.AspNetCore.Mvc.Infrastructure.ControllerActionInvoker | Executed action backend.Controllers.ShiftAssignmentsController.GetMonthlyRosterFixed (backend) in 27.9149ms
2026-04-02 15:22:16.279 [INF] Microsoft.AspNetCore.Routing.EndpointMiddleware | Executed endpoint 'backend.Controllers.ShiftAssignmentsController.GetMonthlyRosterFixed (backend)'
2026-04-02 15:22:16.279 [INF] Serilog.AspNetCore.RequestLoggingMiddleware | HTTP GET /api/ShiftAssignments/roster → 200 (28.1ms)
2026-04-02 15:22:16.279 [INF] Microsoft.AspNetCore.Hosting.Diagnostics | Request finished HTTP/1.1 GET http://localhost:5217/api/ShiftAssignments/roster?start=2026-04-02&end=2026-04-09&orgId=2 - 200 null application/json; charset=utf-8 28.3923ms
2026-04-02 15:22:16.349 [INF] Microsoft.AspNetCore.Hosting.Diagnostics | Request starting HTTP/1.1 OPTIONS http://localhost:5217/api/Attendance/status?employeeId=31&orgId=2 - null null
2026-04-02 15:22:16.349 [INF] Microsoft.AspNetCore.Cors.Infrastructure.CorsService | CORS policy execution successful.
2026-04-02 15:22:16.349 [INF] Microsoft.AspNetCore.Hosting.Diagnostics | Request finished HTTP/1.1 OPTIONS http://localhost:5217/api/Attendance/status?employeeId=31&orgId=2 - 204 null null 0.1881ms
2026-04-02 15:22:16.351 [INF] Microsoft.AspNetCore.Hosting.Diagnostics | Request starting HTTP/1.1 GET http://localhost:5217/api/Attendance/status?employeeId=31&orgId=2 - application/json null
2026-04-02 15:22:16.351 [INF] Microsoft.AspNetCore.Cors.Infrastructure.CorsService | CORS policy execution successful.
2026-04-02 15:22:16.351 [INF] Microsoft.AspNetCore.Routing.EndpointMiddleware | Executing endpoint 'backend.Controllers.AttendanceController.GetStatus (backend)'
2026-04-02 15:22:16.351 [INF] Microsoft.AspNetCore.Mvc.Infrastructure.ControllerActionInvoker | Route matched with {action = "GetStatus", controller = "Attendance"}. Executing controller action with signature System.Threading.Tasks.Task`1[Microsoft.AspNetCore.Mvc.IActionResult] GetStatus(Int32, Int32) on controller backend.Controllers.AttendanceController (backend).
2026-04-02 15:22:16.381 [ERR] backend.Controllers.AttendanceController | Error getting attendance status
Microsoft.Data.SqlClient.SqlException (0x80131904): Invalid column name 'FN'.
Invalid column name 'AN'.
   at System.Threading.Tasks.ContinuationResultTaskFromResultTask`2.InnerInvoke()
   at System.Threading.ExecutionContext.RunInternal(ExecutionContext executionContext, ContextCallback callback, Object state)
--- End of stack trace from previous location ---
   at System.Threading.ExecutionContext.RunInternal(ExecutionContext executionContext, ContextCallback callback, Object state)
   at System.Threading.Tasks.Task.ExecuteWithThreadLocal(Task& currentTaskSlot, Thread threadPoolThread)
--- End of stack trace from previous location ---
   at Dapper.SqlMapper.QueryRowAsync[T](IDbConnection cnn, Row row, Type effectiveType, CommandDefinition command) in /_/Dapper/SqlMapper.Async.cs:line 489
   at backend.Controllers.AttendanceController.GetStatus(Int32 employeeId, Int32 orgId) in C:\Repos_Work\Prodesx_HRM_Mobile_Application\backend\Controllers\AttendanceController.cs:line 235
ClientConnectionId:95de7b7b-9606-491a-8376-b3281222e550
Error Number:207,State:1,Class:16
2026-04-02 15:22:16.394 [INF] Microsoft.AspNetCore.Mvc.Infrastructure.ObjectResultExecutor | Executing ObjectResult, writing value of type 'System.String'.
2026-04-02 15:22:16.394 [INF] Microsoft.AspNetCore.Mvc.Infrastructure.ControllerActionInvoker | Executed action backend.Controllers.AttendanceController.GetStatus (backend) in 42.7966ms
2026-04-02 15:22:16.394 [INF] Microsoft.AspNetCore.Routing.EndpointMiddleware | Executed endpoint 'backend.Controllers.AttendanceController.GetStatus (backend)'
2026-04-02 15:22:16.394 [ERR] Serilog.AspNetCore.RequestLoggingMiddleware | HTTP GET /api/Attendance/status → 500 (43.0ms)
2026-04-02 15:22:16.394 [INF] Microsoft.AspNetCore.Hosting.Diagnostics | Request finished HTTP/1.1 GET http://localhost:5217/api/Attendance/status?employeeId=31&orgId=2 - 500 null text/plain; charset=utf-8 43.3885ms
2026-04-02 15:23:26.515 [INF] Microsoft.AspNetCore.Hosting.Diagnostics | Request starting HTTP/1.1 OPTIONS http://localhost:5217/api/EmpOT/GetOTByOrgId?orgId=2 - null null
2026-04-02 15:23:26.515 [INF] Microsoft.AspNetCore.Cors.Infrastructure.CorsService | CORS policy execution successful.
2026-04-02 15:23:26.515 [INF] Microsoft.AspNetCore.Hosting.Diagnostics | Request finished HTTP/1.1 OPTIONS http://localhost:5217/api/EmpOT/GetOTByOrgId?orgId=2 - 204 null null 0.1837ms
2026-04-02 15:23:26.515 [INF] Microsoft.AspNetCore.Hosting.Diagnostics | Request starting HTTP/1.1 OPTIONS http://localhost:5217/api/employees?orgId=2 - null null
2026-04-02 15:23:26.516 [INF] Microsoft.AspNetCore.Cors.Infrastructure.CorsService | CORS policy execution successful.
2026-04-02 15:23:26.516 [INF] Microsoft.AspNetCore.Hosting.Diagnostics | Request finished HTTP/1.1 OPTIONS http://localhost:5217/api/employees?orgId=2 - 204 null null 0.0908ms
2026-04-02 15:23:26.518 [INF] Microsoft.AspNetCore.Hosting.Diagnostics | Request starting HTTP/1.1 GET http://localhost:5217/api/EmpOT/GetOTByOrgId?orgId=2 - application/json null
2026-04-02 15:23:26.518 [INF] Microsoft.AspNetCore.Cors.Infrastructure.CorsService | CORS policy execution successful.
2026-04-02 15:23:26.519 [INF] Microsoft.AspNetCore.Routing.EndpointMiddleware | Executing endpoint 'backend.Controllers.EmpOTController.GetOTByOrgId (backend)'
2026-04-02 15:23:26.519 [INF] Microsoft.AspNetCore.Hosting.Diagnostics | Request starting HTTP/1.1 GET http://localhost:5217/api/employees?orgId=2 - application/json null
2026-04-02 15:23:26.519 [INF] Microsoft.AspNetCore.Mvc.Infrastructure.ControllerActionInvoker | Route matched with {action = "GetOTByOrgId", controller = "EmpOT"}. Executing controller action with signature System.Threading.Tasks.Task`1[Microsoft.AspNetCore.Mvc.IActionResult] GetOTByOrgId(Int32) on controller backend.Controllers.EmpOTController (backend).
2026-04-02 15:23:26.519 [INF] Microsoft.AspNetCore.Cors.Infrastructure.CorsService | CORS policy execution successful.
2026-04-02 15:23:26.519 [INF] Microsoft.AspNetCore.Routing.EndpointMiddleware | Executing endpoint 'backend.Controllers.EmployeesController.GetEmployees (backend)'
2026-04-02 15:23:26.519 [INF] Microsoft.AspNetCore.Mvc.Infrastructure.ControllerActionInvoker | Route matched with {action = "GetEmployees", controller = "Employees"}. Executing controller action with signature System.Threading.Tasks.Task`1[Microsoft.AspNetCore.Mvc.IActionResult] GetEmployees(System.Nullable`1[System.Int32]) on controller backend.Controllers.EmployeesController (backend).
2026-04-02 15:23:26.519 [INF] backend.Controllers.EmployeesController | [Employees] GET all | TargetOrgId=2 | UserOrgId=2
2026-04-02 15:23:26.539 [INF] Microsoft.AspNetCore.Mvc.Infrastructure.ObjectResultExecutor | Executing OkObjectResult, writing value of type 'System.Collections.Generic.List`1[[backend.Models.EmpOT, backend, Version=1.0.0.0, Culture=neutral, PublicKeyToken=null]]'.
2026-04-02 15:23:26.541 [INF] Microsoft.AspNetCore.Mvc.Infrastructure.ControllerActionInvoker | Executed action backend.Controllers.EmpOTController.GetOTByOrgId (backend) in 21.7912ms
2026-04-02 15:23:26.541 [INF] Microsoft.AspNetCore.Routing.EndpointMiddleware | Executed endpoint 'backend.Controllers.EmpOTController.GetOTByOrgId (backend)'
2026-04-02 15:23:26.541 [INF] Serilog.AspNetCore.RequestLoggingMiddleware | HTTP GET /api/EmpOT/GetOTByOrgId → 200 (22.0ms)
2026-04-02 15:23:26.541 [INF] Microsoft.AspNetCore.Hosting.Diagnostics | Request finished HTTP/1.1 GET http://localhost:5217/api/EmpOT/GetOTByOrgId?orgId=2 - 200 null application/json; charset=utf-8 22.5767ms
2026-04-02 15:23:26.545 [INF] Microsoft.AspNetCore.Hosting.Diagnostics | Request starting HTTP/1.1 GET http://localhost:5217/uploads/org-logos/org-logo-f3e5c29a5727487a9d6c2a5527e8919d.png - null null
2026-04-02 15:23:26.546 [INF] Microsoft.AspNetCore.Cors.Infrastructure.CorsService | CORS policy execution successful.
2026-04-02 15:23:26.546 [INF] Microsoft.AspNetCore.StaticFiles.StaticFileMiddleware | The file /uploads/org-logos/org-logo-f3e5c29a5727487a9d6c2a5527e8919d.png was not modified
2026-04-02 15:23:26.546 [INF] Microsoft.AspNetCore.Hosting.Diagnostics | Request finished HTTP/1.1 GET http://localhost:5217/uploads/org-logos/org-logo-f3e5c29a5727487a9d6c2a5527e8919d.png - 304 null image/png 0.6403ms
2026-04-02 15:23:26.551 [INF] Microsoft.AspNetCore.Hosting.Diagnostics | Request starting HTTP/1.1 GET http://localhost:5217/uploads/org-logos/org-logo-6fcb4a5d7f2e442f800ddd9bde90c680.jpg - null null
2026-04-02 15:23:26.551 [INF] Microsoft.AspNetCore.Cors.Infrastructure.CorsService | CORS policy execution successful.
2026-04-02 15:23:26.552 [INF] Microsoft.AspNetCore.StaticFiles.StaticFileMiddleware | The file /uploads/org-logos/org-logo-6fcb4a5d7f2e442f800ddd9bde90c680.jpg was not modified
2026-04-02 15:23:26.552 [INF] Microsoft.AspNetCore.Hosting.Diagnostics | Request finished HTTP/1.1 GET http://localhost:5217/uploads/org-logos/org-logo-6fcb4a5d7f2e442f800ddd9bde90c680.jpg - 304 null image/jpeg 0.3981ms
2026-04-02 15:23:26.601 [INF] Microsoft.AspNetCore.Mvc.Infrastructure.ObjectResultExecutor | Executing OkObjectResult, writing value of type 'System.Collections.Generic.List`1[[backend.Models.Employee, backend, Version=1.0.0.0, Culture=neutral, PublicKeyToken=null]]'.
2026-04-02 15:23:26.601 [INF] Microsoft.AspNetCore.Mvc.Infrastructure.ControllerActionInvoker | Executed action backend.Controllers.EmployeesController.GetEmployees (backend) in 82.1924ms
2026-04-02 15:23:26.601 [INF] Microsoft.AspNetCore.Routing.EndpointMiddleware | Executed endpoint 'backend.Controllers.EmployeesController.GetEmployees (backend)'
2026-04-02 15:23:26.601 [INF] Serilog.AspNetCore.RequestLoggingMiddleware | HTTP GET /api/employees → 200 (82.3ms)
2026-04-02 15:23:26.601 [INF] Microsoft.AspNetCore.Hosting.Diagnostics | Request finished HTTP/1.1 GET http://localhost:5217/api/employees?orgId=2 - 200 null application/json; charset=utf-8 82.5974ms
2026-04-02 15:23:26.742 [INF] Microsoft.AspNetCore.Hosting.Diagnostics | Request starting HTTP/1.1 GET http://localhost:5217/uploads/employee-photos/emp-22.png - null null
2026-04-02 15:23:26.742 [INF] Microsoft.AspNetCore.Cors.Infrastructure.CorsService | CORS policy execution successful.
2026-04-02 15:23:26.744 [INF] Microsoft.AspNetCore.StaticFiles.StaticFileMiddleware | The file /uploads/employee-photos/emp-22.png was not modified
2026-04-02 15:23:26.744 [INF] Microsoft.AspNetCore.Hosting.Diagnostics | Request finished HTTP/1.1 GET http://localhost:5217/uploads/employee-photos/emp-22.png - 304 null image/png 1.865ms
2026-04-02 15:23:26.761 [INF] Microsoft.AspNetCore.Hosting.Diagnostics | Request starting HTTP/1.1 OPTIONS http://localhost:5217/hubs/empot/negotiate?negotiateVersion=1 - null null
2026-04-02 15:23:26.761 [INF] Microsoft.AspNetCore.Cors.Infrastructure.CorsService | CORS policy execution successful.
2026-04-02 15:23:26.762 [INF] Microsoft.AspNetCore.Hosting.Diagnostics | Request finished HTTP/1.1 OPTIONS http://localhost:5217/hubs/empot/negotiate?negotiateVersion=1 - 204 null null 0.256ms
2026-04-02 15:23:26.763 [INF] Microsoft.AspNetCore.Hosting.Diagnostics | Request starting HTTP/1.1 POST http://localhost:5217/hubs/empot/negotiate?negotiateVersion=1 - text/plain;charset=UTF-8 0
2026-04-02 15:23:26.763 [INF] Microsoft.AspNetCore.Cors.Infrastructure.CorsService | CORS policy execution successful.
2026-04-02 15:23:26.763 [INF] Microsoft.AspNetCore.Routing.EndpointMiddleware | Executing endpoint '/hubs/empot/negotiate'
2026-04-02 15:23:26.763 [INF] Microsoft.AspNetCore.Routing.EndpointMiddleware | Executed endpoint '/hubs/empot/negotiate'
2026-04-02 15:23:26.763 [INF] Serilog.AspNetCore.RequestLoggingMiddleware | HTTP POST /hubs/empot/negotiate → 200 (0.2ms)
2026-04-02 15:23:26.763 [INF] Microsoft.AspNetCore.Hosting.Diagnostics | Request finished HTTP/1.1 POST http://localhost:5217/hubs/empot/negotiate?negotiateVersion=1 - 200 316 application/json 0.4503ms
2026-04-02 15:23:26.777 [INF] Microsoft.AspNetCore.Hosting.Diagnostics | Request starting HTTP/1.1 GET http://localhost:5217/hubs/empot?id=gFN0iMJEn0W_FQahyy1z9g&access_token=eyJhbGciOiJIUzI1NiIsInR5cCI6IkpXVCJ9.eyJuYW1laWQiOiIxOCIsInVuaXF1ZV9uYW1lIjoidmFzYW50aGFrdW1hciIsImVtYWlsIjoidmFzYW50aDIwMDR2a0BnbWFpbC5jb20iLCJyb2xlIjoiU3VwZXJBZG1pbiIsIk9yZ2FuaXphdGlvbklkIjoiMiIsIk9yZ2FuaXphdGlvbkxvZ28iOiIvdXBsb2Fkcy9vcmctbG9nb3Mvb3JnLWxvZ28tNTg3M2M0NzVkOTFkNGJiZDkwNDZkZWVjNjY3ZDEzNmMuanBnIiwibmJmIjoxNzc1MTIzNTM1LCJleHAiOjE3NzUyMDk5MzUsImlhdCI6MTc3NTEyMzUzNSwiaXNzIjoiUHJvRGVzWC1CYWNrZW5kIiwiYXVkIjoiUHJvRGVzWC1Gcm9udGVuZCJ9.SnyONDad2SeD6DiKzJ1jn7GpLNQVcdbZ2iJxI_CkzGU - null null
2026-04-02 15:23:26.777 [INF] Microsoft.AspNetCore.Cors.Infrastructure.CorsService | CORS policy execution successful.
2026-04-02 15:23:26.777 [INF] Microsoft.AspNetCore.Routing.EndpointMiddleware | Executing endpoint '/hubs/empot'
2026-04-02 15:23:43.707 [INF] Microsoft.AspNetCore.Hosting.Diagnostics | Request starting HTTP/1.1 OPTIONS http://localhost:5217/api/AttendanceMaster?date=2026-04-02&orgId=2 - null null
2026-04-02 15:23:43.707 [INF] Microsoft.AspNetCore.Cors.Infrastructure.CorsService | CORS policy execution successful.
2026-04-02 15:23:43.707 [INF] Microsoft.AspNetCore.Hosting.Diagnostics | Request finished HTTP/1.1 OPTIONS http://localhost:5217/api/AttendanceMaster?date=2026-04-02&orgId=2 - 204 null null 0.4449ms
2026-04-02 15:23:43.708 [INF] Microsoft.AspNetCore.Hosting.Diagnostics | Request starting HTTP/1.1 OPTIONS http://localhost:5217/api/LeaveType?orgId=2 - null null
2026-04-02 15:23:43.708 [INF] Microsoft.AspNetCore.Cors.Infrastructure.CorsService | CORS policy execution successful.
2026-04-02 15:23:43.709 [INF] Microsoft.AspNetCore.Hosting.Diagnostics | Request finished HTTP/1.1 OPTIONS http://localhost:5217/api/LeaveType?orgId=2 - 204 null null 0.1406ms
2026-04-02 15:23:43.710 [INF] Microsoft.AspNetCore.Hosting.Diagnostics | Request starting HTTP/1.1 GET http://localhost:5217/api/AttendanceMaster?date=2026-04-02&orgId=2 - application/json null
2026-04-02 15:23:43.710 [INF] Microsoft.AspNetCore.Cors.Infrastructure.CorsService | CORS policy execution successful.
2026-04-02 15:23:43.710 [INF] Microsoft.AspNetCore.Hosting.Diagnostics | Request starting HTTP/1.1 GET http://localhost:5217/api/LeaveType?orgId=2 - application/json null
2026-04-02 15:23:43.710 [INF] Microsoft.AspNetCore.Cors.Infrastructure.CorsService | CORS policy execution successful.
2026-04-02 15:23:43.711 [INF] Microsoft.AspNetCore.Routing.EndpointMiddleware | Executing endpoint 'backend.Controllers.LeaveTypeController.GetLeaveTypes (backend)'
2026-04-02 15:23:43.711 [INF] Microsoft.AspNetCore.Routing.EndpointMiddleware | Executing endpoint 'backend.Controllers.AttendanceMasterController.GetAttendance (backend)'
2026-04-02 15:23:43.711 [INF] Microsoft.AspNetCore.Mvc.Infrastructure.ControllerActionInvoker | Route matched with {action = "GetLeaveTypes", controller = "LeaveType"}. Executing controller action with signature System.Threading.Tasks.Task`1[Microsoft.AspNetCore.Mvc.IActionResult] GetLeaveTypes(System.Nullable`1[System.Int32]) on controller backend.Controllers.LeaveTypeController (backend).
2026-04-02 15:23:43.711 [INF] Microsoft.AspNetCore.Mvc.Infrastructure.ControllerActionInvoker | Route matched with {action = "GetAttendance", controller = "AttendanceMaster"}. Executing controller action with signature System.Threading.Tasks.Task`1[Microsoft.AspNetCore.Mvc.IActionResult] GetAttendance(System.String, System.Nullable`1[System.Int32]) on controller backend.Controllers.AttendanceMasterController (backend).
2026-04-02 15:23:43.727 [INF] Microsoft.AspNetCore.Hosting.Diagnostics | Request starting HTTP/1.1 OPTIONS http://localhost:5217/hubs/attendance/negotiate?negotiateVersion=1 - null null
2026-04-02 15:23:43.728 [INF] Microsoft.AspNetCore.Cors.Infrastructure.CorsService | CORS policy execution successful.
2026-04-02 15:23:43.728 [INF] Microsoft.AspNetCore.Hosting.Diagnostics | Request finished HTTP/1.1 OPTIONS http://localhost:5217/hubs/attendance/negotiate?negotiateVersion=1 - 204 null null 0.1849ms
2026-04-02 15:23:43.729 [INF] Microsoft.AspNetCore.Hosting.Diagnostics | Request starting HTTP/1.1 POST http://localhost:5217/hubs/attendance/negotiate?negotiateVersion=1 - text/plain;charset=UTF-8 0
2026-04-02 15:23:43.729 [INF] Microsoft.AspNetCore.Cors.Infrastructure.CorsService | CORS policy execution successful.
2026-04-02 15:23:43.729 [INF] Microsoft.AspNetCore.Routing.EndpointMiddleware | Executing endpoint '/hubs/attendance/negotiate'
2026-04-02 15:23:43.729 [INF] Microsoft.AspNetCore.Routing.EndpointMiddleware | Executed endpoint '/hubs/attendance/negotiate'
2026-04-02 15:23:43.729 [INF] Serilog.AspNetCore.RequestLoggingMiddleware | HTTP POST /hubs/attendance/negotiate → 200 (0.2ms)
2026-04-02 15:23:43.729 [INF] Microsoft.AspNetCore.Hosting.Diagnostics | Request finished HTTP/1.1 POST http://localhost:5217/hubs/attendance/negotiate?negotiateVersion=1 - 200 316 application/json 0.4344ms
2026-04-02 15:23:43.742 [INF] Microsoft.AspNetCore.Mvc.Infrastructure.ObjectResultExecutor | Executing OkObjectResult, writing value of type 'System.Collections.Generic.List`1[[backend.Models.EmpAttendanceRecord, backend, Version=1.0.0.0, Culture=neutral, PublicKeyToken=null]]'.
2026-04-02 15:23:43.742 [INF] Microsoft.AspNetCore.Mvc.Infrastructure.ObjectResultExecutor | Executing OkObjectResult, writing value of type 'System.Collections.Generic.List`1[[backend.Models.LeaveType, backend, Version=1.0.0.0, Culture=neutral, PublicKeyToken=null]]'.
2026-04-02 15:23:43.742 [INF] Microsoft.AspNetCore.Mvc.Infrastructure.ControllerActionInvoker | Executed action backend.Controllers.AttendanceMasterController.GetAttendance (backend) in 31.3974ms
2026-04-02 15:23:43.742 [INF] Microsoft.AspNetCore.Mvc.Infrastructure.ControllerActionInvoker | Executed action backend.Controllers.LeaveTypeController.GetLeaveTypes (backend) in 31.4465ms
2026-04-02 15:23:43.742 [INF] Microsoft.AspNetCore.Routing.EndpointMiddleware | Executed endpoint 'backend.Controllers.AttendanceMasterController.GetAttendance (backend)'
2026-04-02 15:23:43.742 [INF] Microsoft.AspNetCore.Routing.EndpointMiddleware | Executed endpoint 'backend.Controllers.LeaveTypeController.GetLeaveTypes (backend)'
2026-04-02 15:23:43.742 [INF] Serilog.AspNetCore.RequestLoggingMiddleware | HTTP GET /api/AttendanceMaster → 200 (31.6ms)
2026-04-02 15:23:43.742 [INF] Serilog.AspNetCore.RequestLoggingMiddleware | HTTP GET /api/LeaveType → 200 (31.7ms)
2026-04-02 15:23:43.742 [INF] Microsoft.AspNetCore.Hosting.Diagnostics | Request finished HTTP/1.1 GET http://localhost:5217/api/AttendanceMaster?date=2026-04-02&orgId=2 - 200 null application/json; charset=utf-8 32.0944ms
2026-04-02 15:23:43.742 [INF] Microsoft.AspNetCore.Hosting.Diagnostics | Request finished HTTP/1.1 GET http://localhost:5217/api/LeaveType?orgId=2 - 200 null application/json; charset=utf-8 31.9786ms
2026-04-02 15:23:43.791 [INF] Microsoft.AspNetCore.Hosting.Diagnostics | Request starting HTTP/1.1 GET http://localhost:5217/hubs/attendance?id=a71X2ZWQc0es_2cP2dWnqg&access_token=eyJhbGciOiJIUzI1NiIsInR5cCI6IkpXVCJ9.eyJuYW1laWQiOiIxOCIsInVuaXF1ZV9uYW1lIjoidmFzYW50aGFrdW1hciIsImVtYWlsIjoidmFzYW50aDIwMDR2a0BnbWFpbC5jb20iLCJyb2xlIjoiU3VwZXJBZG1pbiIsIk9yZ2FuaXphdGlvbklkIjoiMiIsIk9yZ2FuaXphdGlvbkxvZ28iOiIvdXBsb2Fkcy9vcmctbG9nb3Mvb3JnLWxvZ28tNTg3M2M0NzVkOTFkNGJiZDkwNDZkZWVjNjY3ZDEzNmMuanBnIiwibmJmIjoxNzc1MTIzNTM1LCJleHAiOjE3NzUyMDk5MzUsImlhdCI6MTc3NTEyMzUzNSwiaXNzIjoiUHJvRGVzWC1CYWNrZW5kIiwiYXVkIjoiUHJvRGVzWC1Gcm9udGVuZCJ9.SnyONDad2SeD6DiKzJ1jn7GpLNQVcdbZ2iJxI_CkzGU - null null
2026-04-02 15:23:43.791 [INF] Microsoft.AspNetCore.Cors.Infrastructure.CorsService | CORS policy execution successful.
2026-04-02 15:23:43.792 [INF] Microsoft.AspNetCore.Routing.EndpointMiddleware | Executing endpoint '/hubs/attendance'
2026-04-02 15:23:43.977 [INF] Microsoft.AspNetCore.Hosting.Diagnostics | Request starting HTTP/1.1 GET http://localhost:5217/uploads/employee-photos/emp-23.png - null null
2026-04-02 15:23:43.977 [INF] Microsoft.AspNetCore.Cors.Infrastructure.CorsService | CORS policy execution successful.
2026-04-02 15:23:43.977 [INF] Microsoft.AspNetCore.StaticFiles.StaticFileMiddleware | The file /uploads/employee-photos/emp-23.png was not modified
2026-04-02 15:23:43.978 [INF] Microsoft.AspNetCore.Hosting.Diagnostics | Request finished HTTP/1.1 GET http://localhost:5217/uploads/employee-photos/emp-23.png - 304 null image/png 0.581ms
2026-04-02 15:23:43.978 [INF] Microsoft.AspNetCore.Hosting.Diagnostics | Request starting HTTP/1.1 GET http://localhost:5217/uploads/employee-photos/emp-28.jpg - null null
2026-04-02 15:23:43.978 [INF] Microsoft.AspNetCore.Cors.Infrastructure.CorsService | CORS policy execution successful.
2026-04-02 15:23:43.979 [INF] Serilog.AspNetCore.RequestLoggingMiddleware | HTTP GET /uploads/employee-photos/emp-28.jpg → 404 (0.0ms)
2026-04-02 15:23:43.979 [INF] Microsoft.AspNetCore.Hosting.Diagnostics | Request finished HTTP/1.1 GET http://localhost:5217/uploads/employee-photos/emp-28.jpg - 404 0 null 0.7152ms
2026-04-02 15:23:43.979 [INF] Microsoft.AspNetCore.Hosting.Diagnostics | Request reached the end of the middleware pipeline without being handled by application code. Request path: GET http://localhost:5217/uploads/employee-photos/emp-28.jpg, Response status code: 404
2026-04-02 15:23:55.149 [INF] Microsoft.AspNetCore.Hosting.Diagnostics | Request starting HTTP/1.1 OPTIONS http://localhost:5217/api/EmpOT/GetOTByOrgId?orgId=2 - null null
2026-04-02 15:23:55.149 [INF] Microsoft.AspNetCore.Cors.Infrastructure.CorsService | CORS policy execution successful.
2026-04-02 15:23:55.149 [INF] Microsoft.AspNetCore.Hosting.Diagnostics | Request finished HTTP/1.1 OPTIONS http://localhost:5217/api/EmpOT/GetOTByOrgId?orgId=2 - 204 null null 0.3963ms
2026-04-02 15:23:55.151 [INF] Microsoft.AspNetCore.Hosting.Diagnostics | Request starting HTTP/1.1 OPTIONS http://localhost:5217/api/employees?orgId=2 - null null
2026-04-02 15:23:55.151 [INF] Microsoft.AspNetCore.Cors.Infrastructure.CorsService | CORS policy execution successful.
2026-04-02 15:23:55.151 [INF] Microsoft.AspNetCore.Hosting.Diagnostics | Request finished HTTP/1.1 OPTIONS http://localhost:5217/api/employees?orgId=2 - 204 null null 0.1398ms
2026-04-02 15:23:55.152 [INF] Microsoft.AspNetCore.Hosting.Diagnostics | Request starting HTTP/1.1 GET http://localhost:5217/api/EmpOT/GetOTByOrgId?orgId=2 - application/json null
2026-04-02 15:23:55.152 [INF] Microsoft.AspNetCore.Hosting.Diagnostics | Request starting HTTP/1.1 GET http://localhost:5217/api/employees?orgId=2 - application/json null
2026-04-02 15:23:55.152 [INF] Microsoft.AspNetCore.Cors.Infrastructure.CorsService | CORS policy execution successful.
2026-04-02 15:23:55.152 [INF] Microsoft.AspNetCore.Cors.Infrastructure.CorsService | CORS policy execution successful.
2026-04-02 15:23:55.153 [INF] Microsoft.AspNetCore.Routing.EndpointMiddleware | Executing endpoint 'backend.Controllers.EmpOTController.GetOTByOrgId (backend)'
2026-04-02 15:23:55.153 [INF] Microsoft.AspNetCore.Routing.EndpointMiddleware | Executing endpoint 'backend.Controllers.EmployeesController.GetEmployees (backend)'
2026-04-02 15:23:55.153 [INF] Microsoft.AspNetCore.Mvc.Infrastructure.ControllerActionInvoker | Route matched with {action = "GetOTByOrgId", controller = "EmpOT"}. Executing controller action with signature System.Threading.Tasks.Task`1[Microsoft.AspNetCore.Mvc.IActionResult] GetOTByOrgId(Int32) on controller backend.Controllers.EmpOTController (backend).
2026-04-02 15:23:55.153 [INF] Microsoft.AspNetCore.Mvc.Infrastructure.ControllerActionInvoker | Route matched with {action = "GetEmployees", controller = "Employees"}. Executing controller action with signature System.Threading.Tasks.Task`1[Microsoft.AspNetCore.Mvc.IActionResult] GetEmployees(System.Nullable`1[System.Int32]) on controller backend.Controllers.EmployeesController (backend).
2026-04-02 15:23:55.153 [INF] backend.Controllers.EmployeesController | [Employees] GET all | TargetOrgId=2 | UserOrgId=2
2026-04-02 15:23:55.174 [INF] Microsoft.AspNetCore.Mvc.Infrastructure.ObjectResultExecutor | Executing OkObjectResult, writing value of type 'System.Collections.Generic.List`1[[backend.Models.EmpOT, backend, Version=1.0.0.0, Culture=neutral, PublicKeyToken=null]]'.
2026-04-02 15:23:55.175 [INF] Microsoft.AspNetCore.Mvc.Infrastructure.ControllerActionInvoker | Executed action backend.Controllers.EmpOTController.GetOTByOrgId (backend) in 21.8818ms
2026-04-02 15:23:55.175 [INF] Microsoft.AspNetCore.Routing.EndpointMiddleware | Executed endpoint 'backend.Controllers.EmpOTController.GetOTByOrgId (backend)'
2026-04-02 15:23:55.175 [INF] Microsoft.AspNetCore.Mvc.Infrastructure.ObjectResultExecutor | Executing OkObjectResult, writing value of type 'System.Collections.Generic.List`1[[backend.Models.Employee, backend, Version=1.0.0.0, Culture=neutral, PublicKeyToken=null]]'.
2026-04-02 15:23:55.175 [INF] Serilog.AspNetCore.RequestLoggingMiddleware | HTTP GET /api/EmpOT/GetOTByOrgId → 200 (22.1ms)
2026-04-02 15:23:55.175 [INF] Microsoft.AspNetCore.Hosting.Diagnostics | Request finished HTTP/1.1 GET http://localhost:5217/api/EmpOT/GetOTByOrgId?orgId=2 - 200 null application/json; charset=utf-8 22.5758ms
2026-04-02 15:23:55.175 [INF] Microsoft.AspNetCore.Mvc.Infrastructure.ControllerActionInvoker | Executed action backend.Controllers.EmployeesController.GetEmployees (backend) in 22.1388ms
2026-04-02 15:23:55.175 [INF] Microsoft.AspNetCore.Routing.EndpointMiddleware | Executed endpoint 'backend.Controllers.EmployeesController.GetEmployees (backend)'
2026-04-02 15:23:55.175 [INF] Serilog.AspNetCore.RequestLoggingMiddleware | HTTP GET /api/employees → 200 (22.4ms)
2026-04-02 15:23:55.175 [INF] Microsoft.AspNetCore.Hosting.Diagnostics | Request finished HTTP/1.1 GET http://localhost:5217/api/employees?orgId=2 - 200 null application/json; charset=utf-8 22.6732ms
2026-04-02 15:24:16.679 [INF] Microsoft.AspNetCore.Hosting.Diagnostics | Request starting HTTP/1.1 OPTIONS http://localhost:5217/api/EmpOT/SaveOT - null null
2026-04-02 15:24:16.679 [INF] Microsoft.AspNetCore.Cors.Infrastructure.CorsService | CORS policy execution successful.
2026-04-02 15:24:16.679 [INF] Microsoft.AspNetCore.Hosting.Diagnostics | Request finished HTTP/1.1 OPTIONS http://localhost:5217/api/EmpOT/SaveOT - 204 null null 0.1493ms
2026-04-02 15:24:16.681 [INF] Microsoft.AspNetCore.Hosting.Diagnostics | Request starting HTTP/1.1 POST http://localhost:5217/api/EmpOT/SaveOT - application/json 124
2026-04-02 15:24:16.684 [INF] Microsoft.AspNetCore.Cors.Infrastructure.CorsService | CORS policy execution successful.
2026-04-02 15:24:16.688 [INF] Microsoft.AspNetCore.Routing.EndpointMiddleware | Executing endpoint 'backend.Controllers.EmpOTController.SaveOT (backend)'
2026-04-02 15:24:16.747 [INF] Microsoft.AspNetCore.Mvc.Infrastructure.ControllerActionInvoker | Route matched with {action = "SaveOT", controller = "EmpOT"}. Executing controller action with signature System.Threading.Tasks.Task`1[Microsoft.AspNetCore.Mvc.IActionResult] SaveOT(backend.Models.EmpOT) on controller backend.Controllers.EmpOTController (backend).
2026-04-02 15:24:16.945 [INF] Microsoft.AspNetCore.Mvc.Infrastructure.ObjectResultExecutor | Executing OkObjectResult, writing value of type '<>f__AnonymousType3`1[[System.String, System.Private.CoreLib, Version=10.0.0.0, Culture=neutral, PublicKeyToken=7cec85d7bea7798e]]'.
2026-04-02 15:24:16.946 [INF] Microsoft.AspNetCore.Mvc.Infrastructure.ControllerActionInvoker | Executed action backend.Controllers.EmpOTController.SaveOT (backend) in 198.4651ms
2026-04-02 15:24:16.946 [INF] Microsoft.AspNetCore.Routing.EndpointMiddleware | Executed endpoint 'backend.Controllers.EmpOTController.SaveOT (backend)'
2026-04-02 15:24:16.946 [INF] Serilog.AspNetCore.RequestLoggingMiddleware | HTTP POST /api/EmpOT/SaveOT → 200 (257.3ms)
2026-04-02 15:24:16.946 [INF] Microsoft.AspNetCore.Hosting.Diagnostics | Request finished HTTP/1.1 POST http://localhost:5217/api/EmpOT/SaveOT - 200 null application/json; charset=utf-8 264.8488ms
2026-04-02 15:24:16.951 [INF] Microsoft.AspNetCore.Hosting.Diagnostics | Request starting HTTP/1.1 OPTIONS http://localhost:5217/api/EmpOT/GetOTByOrgId?orgId=2 - null null
2026-04-02 15:24:16.951 [INF] Microsoft.AspNetCore.Cors.Infrastructure.CorsService | CORS policy execution successful.
2026-04-02 15:24:16.951 [INF] Microsoft.AspNetCore.Hosting.Diagnostics | Request finished HTTP/1.1 OPTIONS http://localhost:5217/api/EmpOT/GetOTByOrgId?orgId=2 - 204 null null 0.248ms
2026-04-02 15:24:16.951 [INF] Microsoft.AspNetCore.Hosting.Diagnostics | Request starting HTTP/1.1 OPTIONS http://localhost:5217/api/employees?orgId=2 - null null
2026-04-02 15:24:16.951 [INF] Microsoft.AspNetCore.Cors.Infrastructure.CorsService | CORS policy execution successful.
2026-04-02 15:24:16.951 [INF] Microsoft.AspNetCore.Hosting.Diagnostics | Request finished HTTP/1.1 OPTIONS http://localhost:5217/api/employees?orgId=2 - 204 null null 0.0504ms
2026-04-02 15:24:16.953 [INF] Microsoft.AspNetCore.Hosting.Diagnostics | Request starting HTTP/1.1 GET http://localhost:5217/api/EmpOT/GetOTByOrgId?orgId=2 - application/json null
2026-04-02 15:24:16.953 [INF] Microsoft.AspNetCore.Cors.Infrastructure.CorsService | CORS policy execution successful.
2026-04-02 15:24:16.953 [INF] Microsoft.AspNetCore.Hosting.Diagnostics | Request starting HTTP/1.1 GET http://localhost:5217/api/employees?orgId=2 - application/json null
2026-04-02 15:24:16.953 [INF] Microsoft.AspNetCore.Cors.Infrastructure.CorsService | CORS policy execution successful.
2026-04-02 15:24:16.953 [INF] Microsoft.AspNetCore.Routing.EndpointMiddleware | Executing endpoint 'backend.Controllers.EmpOTController.GetOTByOrgId (backend)'
2026-04-02 15:24:16.953 [INF] Microsoft.AspNetCore.Routing.EndpointMiddleware | Executing endpoint 'backend.Controllers.EmployeesController.GetEmployees (backend)'
2026-04-02 15:24:16.953 [INF] Microsoft.AspNetCore.Mvc.Infrastructure.ControllerActionInvoker | Route matched with {action = "GetOTByOrgId", controller = "EmpOT"}. Executing controller action with signature System.Threading.Tasks.Task`1[Microsoft.AspNetCore.Mvc.IActionResult] GetOTByOrgId(Int32) on controller backend.Controllers.EmpOTController (backend).
2026-04-02 15:24:16.953 [INF] Microsoft.AspNetCore.Mvc.Infrastructure.ControllerActionInvoker | Route matched with {action = "GetEmployees", controller = "Employees"}. Executing controller action with signature System.Threading.Tasks.Task`1[Microsoft.AspNetCore.Mvc.IActionResult] GetEmployees(System.Nullable`1[System.Int32]) on controller backend.Controllers.EmployeesController (backend).
2026-04-02 15:24:16.953 [INF] backend.Controllers.EmployeesController | [Employees] GET all | TargetOrgId=2 | UserOrgId=2
2026-04-02 15:24:16.979 [INF] Microsoft.AspNetCore.Mvc.Infrastructure.ObjectResultExecutor | Executing OkObjectResult, writing value of type 'System.Collections.Generic.List`1[[backend.Models.EmpOT, backend, Version=1.0.0.0, Culture=neutral, PublicKeyToken=null]]'.
2026-04-02 15:24:16.979 [INF] Microsoft.AspNetCore.Mvc.Infrastructure.ControllerActionInvoker | Executed action backend.Controllers.EmpOTController.GetOTByOrgId (backend) in 25.9867ms
2026-04-02 15:24:16.979 [INF] Microsoft.AspNetCore.Routing.EndpointMiddleware | Executed endpoint 'backend.Controllers.EmpOTController.GetOTByOrgId (backend)'
2026-04-02 15:24:16.979 [INF] Serilog.AspNetCore.RequestLoggingMiddleware | HTTP GET /api/EmpOT/GetOTByOrgId → 200 (26.1ms)
2026-04-02 15:24:16.979 [INF] Microsoft.AspNetCore.Hosting.Diagnostics | Request finished HTTP/1.1 GET http://localhost:5217/api/EmpOT/GetOTByOrgId?orgId=2 - 200 null application/json; charset=utf-8 26.3805ms
2026-04-02 15:24:16.979 [INF] Microsoft.AspNetCore.Mvc.Infrastructure.ObjectResultExecutor | Executing OkObjectResult, writing value of type 'System.Collections.Generic.List`1[[backend.Models.Employee, backend, Version=1.0.0.0, Culture=neutral, PublicKeyToken=null]]'.
2026-04-02 15:24:16.979 [INF] Microsoft.AspNetCore.Mvc.Infrastructure.ControllerActionInvoker | Executed action backend.Controllers.EmployeesController.GetEmployees (backend) in 26.3955ms
2026-04-02 15:24:16.979 [INF] Microsoft.AspNetCore.Routing.EndpointMiddleware | Executed endpoint 'backend.Controllers.EmployeesController.GetEmployees (backend)'
2026-04-02 15:24:16.979 [INF] Serilog.AspNetCore.RequestLoggingMiddleware | HTTP GET /api/employees → 200 (26.7ms)
2026-04-02 15:24:16.979 [INF] Microsoft.AspNetCore.Hosting.Diagnostics | Request finished HTTP/1.1 GET http://localhost:5217/api/employees?orgId=2 - 200 null application/json; charset=utf-8 26.8644ms
2026-04-02 15:24:17.007 [INF] Microsoft.AspNetCore.Hosting.Diagnostics | Request starting HTTP/1.1 GET http://localhost:5217/api/EmpOT/GetOTByOrgId?orgId=2 - application/json null
2026-04-02 15:24:17.007 [INF] Microsoft.AspNetCore.Cors.Infrastructure.CorsService | CORS policy execution successful.
2026-04-02 15:24:17.007 [INF] Microsoft.AspNetCore.Hosting.Diagnostics | Request starting HTTP/1.1 GET http://localhost:5217/api/employees?orgId=2 - application/json null
2026-04-02 15:24:17.007 [INF] Microsoft.AspNetCore.Cors.Infrastructure.CorsService | CORS policy execution successful.
2026-04-02 15:24:17.007 [INF] Microsoft.AspNetCore.Routing.EndpointMiddleware | Executing endpoint 'backend.Controllers.EmployeesController.GetEmployees (backend)'
2026-04-02 15:24:17.007 [INF] Microsoft.AspNetCore.Routing.EndpointMiddleware | Executing endpoint 'backend.Controllers.EmpOTController.GetOTByOrgId (backend)'
2026-04-02 15:24:17.007 [INF] Microsoft.AspNetCore.Mvc.Infrastructure.ControllerActionInvoker | Route matched with {action = "GetEmployees", controller = "Employees"}. Executing controller action with signature System.Threading.Tasks.Task`1[Microsoft.AspNetCore.Mvc.IActionResult] GetEmployees(System.Nullable`1[System.Int32]) on controller backend.Controllers.EmployeesController (backend).
2026-04-02 15:24:17.007 [INF] Microsoft.AspNetCore.Mvc.Infrastructure.ControllerActionInvoker | Route matched with {action = "GetOTByOrgId", controller = "EmpOT"}. Executing controller action with signature System.Threading.Tasks.Task`1[Microsoft.AspNetCore.Mvc.IActionResult] GetOTByOrgId(Int32) on controller backend.Controllers.EmpOTController (backend).
2026-04-02 15:24:17.007 [INF] backend.Controllers.EmployeesController | [Employees] GET all | TargetOrgId=2 | UserOrgId=2
2026-04-02 15:24:17.070 [INF] Microsoft.AspNetCore.Mvc.Infrastructure.ObjectResultExecutor | Executing OkObjectResult, writing value of type 'System.Collections.Generic.List`1[[backend.Models.EmpOT, backend, Version=1.0.0.0, Culture=neutral, PublicKeyToken=null]]'.
2026-04-02 15:24:17.071 [INF] Microsoft.AspNetCore.Mvc.Infrastructure.ObjectResultExecutor | Executing OkObjectResult, writing value of type 'System.Collections.Generic.List`1[[backend.Models.Employee, backend, Version=1.0.0.0, Culture=neutral, PublicKeyToken=null]]'.
2026-04-02 15:24:17.071 [INF] Microsoft.AspNetCore.Mvc.Infrastructure.ControllerActionInvoker | Executed action backend.Controllers.EmpOTController.GetOTByOrgId (backend) in 63.299ms
2026-04-02 15:24:17.071 [INF] Microsoft.AspNetCore.Routing.EndpointMiddleware | Executed endpoint 'backend.Controllers.EmpOTController.GetOTByOrgId (backend)'
2026-04-02 15:24:17.071 [INF] Serilog.AspNetCore.RequestLoggingMiddleware | HTTP GET /api/EmpOT/GetOTByOrgId → 200 (63.5ms)
2026-04-02 15:24:17.071 [INF] Microsoft.AspNetCore.Hosting.Diagnostics | Request finished HTTP/1.1 GET http://localhost:5217/api/EmpOT/GetOTByOrgId?orgId=2 - 200 null application/json; charset=utf-8 63.911ms
2026-04-02 15:24:17.071 [INF] Microsoft.AspNetCore.Mvc.Infrastructure.ControllerActionInvoker | Executed action backend.Controllers.EmployeesController.GetEmployees (backend) in 63.4319ms
2026-04-02 15:24:17.071 [INF] Microsoft.AspNetCore.Routing.EndpointMiddleware | Executed endpoint 'backend.Controllers.EmployeesController.GetEmployees (backend)'
2026-04-02 15:24:17.071 [INF] Serilog.AspNetCore.RequestLoggingMiddleware | HTTP GET /api/employees → 200 (63.6ms)
2026-04-02 15:24:17.071 [INF] Microsoft.AspNetCore.Hosting.Diagnostics | Request finished HTTP/1.1 GET http://localhost:5217/api/employees?orgId=2 - 200 null application/json; charset=utf-8 63.806ms
2026-04-02 15:25:58.454 [INF] Microsoft.AspNetCore.Routing.EndpointMiddleware | Executed endpoint '/hubs/empot'
2026-04-02 15:25:58.454 [INF] Serilog.AspNetCore.RequestLoggingMiddleware | HTTP GET /hubs/empot → 101 (151677.1ms)
2026-04-02 15:25:58.454 [INF] Microsoft.AspNetCore.Hosting.Diagnostics | Request finished HTTP/1.1 GET http://localhost:5217/hubs/empot?id=gFN0iMJEn0W_FQahyy1z9g&access_token=eyJhbGciOiJIUzI1NiIsInR5cCI6IkpXVCJ9.eyJuYW1laWQiOiIxOCIsInVuaXF1ZV9uYW1lIjoidmFzYW50aGFrdW1hciIsImVtYWlsIjoidmFzYW50aDIwMDR2a0BnbWFpbC5jb20iLCJyb2xlIjoiU3VwZXJBZG1pbiIsIk9yZ2FuaXphdGlvbklkIjoiMiIsIk9yZ2FuaXphdGlvbkxvZ28iOiIvdXBsb2Fkcy9vcmctbG9nb3Mvb3JnLWxvZ28tNTg3M2M0NzVkOTFkNGJiZDkwNDZkZWVjNjY3ZDEzNmMuanBnIiwibmJmIjoxNzc1MTIzNTM1LCJleHAiOjE3NzUyMDk5MzUsImlhdCI6MTc3NTEyMzUzNSwiaXNzIjoiUHJvRGVzWC1CYWNrZW5kIiwiYXVkIjoiUHJvRGVzWC1Gcm9udGVuZCJ9.SnyONDad2SeD6DiKzJ1jn7GpLNQVcdbZ2iJxI_CkzGU - 101 null null 151677.3571ms
2026-04-02 15:25:58.514 [INF] Microsoft.AspNetCore.Hosting.Diagnostics | Request starting HTTP/1.1 OPTIONS http://localhost:5217/hubs/empot/negotiate?negotiateVersion=1 - null null
2026-04-02 15:25:58.514 [INF] Microsoft.AspNetCore.Cors.Infrastructure.CorsService | CORS policy execution successful.
2026-04-02 15:25:58.514 [INF] Microsoft.AspNetCore.Hosting.Diagnostics | Request finished HTTP/1.1 OPTIONS http://localhost:5217/hubs/empot/negotiate?negotiateVersion=1 - 204 null null 0.1325ms
2026-04-02 15:25:58.515 [INF] Microsoft.AspNetCore.Hosting.Diagnostics | Request starting HTTP/1.1 POST http://localhost:5217/hubs/empot/negotiate?negotiateVersion=1 - text/plain;charset=UTF-8 0
2026-04-02 15:25:58.515 [INF] Microsoft.AspNetCore.Cors.Infrastructure.CorsService | CORS policy execution successful.
2026-04-02 15:25:58.515 [INF] Microsoft.AspNetCore.Routing.EndpointMiddleware | Executing endpoint '/hubs/empot/negotiate'
2026-04-02 15:25:58.515 [INF] Microsoft.AspNetCore.Routing.EndpointMiddleware | Executed endpoint '/hubs/empot/negotiate'
2026-04-02 15:25:58.515 [INF] Serilog.AspNetCore.RequestLoggingMiddleware | HTTP POST /hubs/empot/negotiate → 200 (0.2ms)
2026-04-02 15:25:58.515 [INF] Microsoft.AspNetCore.Hosting.Diagnostics | Request finished HTTP/1.1 POST http://localhost:5217/hubs/empot/negotiate?negotiateVersion=1 - 200 316 application/json 0.4747ms
2026-04-02 15:25:58.522 [INF] Microsoft.AspNetCore.Hosting.Diagnostics | Request starting HTTP/1.1 GET http://localhost:5217/hubs/empot?id=zesqcTDDh8l4VN8aRmiz-w&access_token=eyJhbGciOiJIUzI1NiIsInR5cCI6IkpXVCJ9.eyJuYW1laWQiOiIxOCIsInVuaXF1ZV9uYW1lIjoidmFzYW50aGFrdW1hciIsImVtYWlsIjoidmFzYW50aDIwMDR2a0BnbWFpbC5jb20iLCJyb2xlIjoiU3VwZXJBZG1pbiIsIk9yZ2FuaXphdGlvbklkIjoiMiIsIk9yZ2FuaXphdGlvbkxvZ28iOiIvdXBsb2Fkcy9vcmctbG9nb3Mvb3JnLWxvZ28tNTg3M2M0NzVkOTFkNGJiZDkwNDZkZWVjNjY3ZDEzNmMuanBnIiwibmJmIjoxNzc1MTIzNTM1LCJleHAiOjE3NzUyMDk5MzUsImlhdCI6MTc3NTEyMzUzNSwiaXNzIjoiUHJvRGVzWC1CYWNrZW5kIiwiYXVkIjoiUHJvRGVzWC1Gcm9udGVuZCJ9.SnyONDad2SeD6DiKzJ1jn7GpLNQVcdbZ2iJxI_CkzGU - null null
2026-04-02 15:25:58.522 [INF] Microsoft.AspNetCore.Cors.Infrastructure.CorsService | CORS policy execution successful.
2026-04-02 15:25:58.522 [INF] Microsoft.AspNetCore.Routing.EndpointMiddleware | Executing endpoint '/hubs/empot'
2026-04-02 15:26:10.445 [INF] Microsoft.AspNetCore.Routing.EndpointMiddleware | Executed endpoint '/hubs/attendance'
2026-04-02 15:26:10.445 [INF] Serilog.AspNetCore.RequestLoggingMiddleware | HTTP GET /hubs/attendance → 101 (146653.2ms)
2026-04-02 15:26:10.445 [INF] Microsoft.AspNetCore.Hosting.Diagnostics | Request finished HTTP/1.1 GET http://localhost:5217/hubs/attendance?id=a71X2ZWQc0es_2cP2dWnqg&access_token=eyJhbGciOiJIUzI1NiIsInR5cCI6IkpXVCJ9.eyJuYW1laWQiOiIxOCIsInVuaXF1ZV9uYW1lIjoidmFzYW50aGFrdW1hciIsImVtYWlsIjoidmFzYW50aDIwMDR2a0BnbWFpbC5jb20iLCJyb2xlIjoiU3VwZXJBZG1pbiIsIk9yZ2FuaXphdGlvbklkIjoiMiIsIk9yZ2FuaXphdGlvbkxvZ28iOiIvdXBsb2Fkcy9vcmctbG9nb3Mvb3JnLWxvZ28tNTg3M2M0NzVkOTFkNGJiZDkwNDZkZWVjNjY3ZDEzNmMuanBnIiwibmJmIjoxNzc1MTIzNTM1LCJleHAiOjE3NzUyMDk5MzUsImlhdCI6MTc3NTEyMzUzNSwiaXNzIjoiUHJvRGVzWC1CYWNrZW5kIiwiYXVkIjoiUHJvRGVzWC1Gcm9udGVuZCJ9.SnyONDad2SeD6DiKzJ1jn7GpLNQVcdbZ2iJxI_CkzGU - 101 null null 146653.5457ms
2026-04-02 15:26:10.448 [INF] Microsoft.AspNetCore.Hosting.Diagnostics | Request starting HTTP/1.1 OPTIONS http://localhost:5217/hubs/attendance/negotiate?negotiateVersion=1 - null null
2026-04-02 15:26:10.448 [INF] Microsoft.AspNetCore.Cors.Infrastructure.CorsService | CORS policy execution successful.
2026-04-02 15:26:10.448 [INF] Microsoft.AspNetCore.Hosting.Diagnostics | Request finished HTTP/1.1 OPTIONS http://localhost:5217/hubs/attendance/negotiate?negotiateVersion=1 - 204 null null 0.1114ms
2026-04-02 15:26:10.449 [INF] Microsoft.AspNetCore.Hosting.Diagnostics | Request starting HTTP/1.1 POST http://localhost:5217/hubs/attendance/negotiate?negotiateVersion=1 - text/plain;charset=UTF-8 0
2026-04-02 15:26:10.449 [INF] Microsoft.AspNetCore.Cors.Infrastructure.CorsService | CORS policy execution successful.
2026-04-02 15:26:10.449 [INF] Microsoft.AspNetCore.Routing.EndpointMiddleware | Executing endpoint '/hubs/attendance/negotiate'
2026-04-02 15:26:10.449 [INF] Microsoft.AspNetCore.Routing.EndpointMiddleware | Executed endpoint '/hubs/attendance/negotiate'
2026-04-02 15:26:10.450 [INF] Serilog.AspNetCore.RequestLoggingMiddleware | HTTP POST /hubs/attendance/negotiate → 200 (0.1ms)
2026-04-02 15:26:10.450 [INF] Microsoft.AspNetCore.Hosting.Diagnostics | Request finished HTTP/1.1 POST http://localhost:5217/hubs/attendance/negotiate?negotiateVersion=1 - 200 316 application/json 0.434ms
2026-04-02 15:26:10.454 [INF] Microsoft.AspNetCore.Hosting.Diagnostics | Request starting HTTP/1.1 GET http://localhost:5217/hubs/attendance?id=bBhYozKmRcjkYsTEQysHpQ&access_token=eyJhbGciOiJIUzI1NiIsInR5cCI6IkpXVCJ9.eyJuYW1laWQiOiIxOCIsInVuaXF1ZV9uYW1lIjoidmFzYW50aGFrdW1hciIsImVtYWlsIjoidmFzYW50aDIwMDR2a0BnbWFpbC5jb20iLCJyb2xlIjoiU3VwZXJBZG1pbiIsIk9yZ2FuaXphdGlvbklkIjoiMiIsIk9yZ2FuaXphdGlvbkxvZ28iOiIvdXBsb2Fkcy9vcmctbG9nb3Mvb3JnLWxvZ28tNTg3M2M0NzVkOTFkNGJiZDkwNDZkZWVjNjY3ZDEzNmMuanBnIiwibmJmIjoxNzc1MTIzNTM1LCJleHAiOjE3NzUyMDk5MzUsImlhdCI6MTc3NTEyMzUzNSwiaXNzIjoiUHJvRGVzWC1CYWNrZW5kIiwiYXVkIjoiUHJvRGVzWC1Gcm9udGVuZCJ9.SnyONDad2SeD6DiKzJ1jn7GpLNQVcdbZ2iJxI_CkzGU - null null
2026-04-02 15:26:10.454 [INF] Microsoft.AspNetCore.Cors.Infrastructure.CorsService | CORS policy execution successful.
2026-04-02 15:26:10.454 [INF] Microsoft.AspNetCore.Routing.EndpointMiddleware | Executing endpoint '/hubs/attendance'
2026-04-02 15:28:09.449 [INF] Microsoft.AspNetCore.Hosting.Diagnostics | Request starting HTTP/1.1 OPTIONS http://localhost:5217/api/users/organizations - null null
2026-04-02 15:28:09.449 [INF] Microsoft.AspNetCore.Cors.Infrastructure.CorsService | CORS policy execution successful.
2026-04-02 15:28:09.449 [INF] Microsoft.AspNetCore.Hosting.Diagnostics | Request finished HTTP/1.1 OPTIONS http://localhost:5217/api/users/organizations - 204 null null 0.1726ms
2026-04-02 15:28:09.451 [INF] Microsoft.AspNetCore.Hosting.Diagnostics | Request starting HTTP/1.1 GET http://localhost:5217/api/users/organizations - null null
2026-04-02 15:28:09.452 [INF] Microsoft.AspNetCore.Cors.Infrastructure.CorsService | CORS policy execution successful.
2026-04-02 15:28:09.452 [INF] Microsoft.AspNetCore.Routing.EndpointMiddleware | Executing endpoint 'backend.Controllers.UsersController.GetOrganizations (backend)'
2026-04-02 15:28:09.452 [INF] Microsoft.AspNetCore.Mvc.Infrastructure.ControllerActionInvoker | Route matched with {action = "GetOrganizations", controller = "Users"}. Executing controller action with signature System.Threading.Tasks.Task`1[Microsoft.AspNetCore.Mvc.IActionResult] GetOrganizations() on controller backend.Controllers.UsersController (backend).
2026-04-02 15:28:09.452 [INF] backend.Controllers.UsersController | [Users] GET organizations | Role=SuperAdmin | UserId=18
2026-04-02 15:28:09.572 [INF] Microsoft.AspNetCore.Mvc.Infrastructure.ObjectResultExecutor | Executing OkObjectResult, writing value of type 'System.Collections.Generic.List`1[[backend.Models.Organization, backend, Version=1.0.0.0, Culture=neutral, PublicKeyToken=null]]'.
2026-04-02 15:28:09.572 [INF] Microsoft.AspNetCore.Mvc.Infrastructure.ControllerActionInvoker | Executed action backend.Controllers.UsersController.GetOrganizations (backend) in 120.1627ms
2026-04-02 15:28:09.572 [INF] Microsoft.AspNetCore.Routing.EndpointMiddleware | Executed endpoint 'backend.Controllers.UsersController.GetOrganizations (backend)'
2026-04-02 15:28:09.572 [INF] Serilog.AspNetCore.RequestLoggingMiddleware | HTTP GET /api/users/organizations → 200 (120.3ms)
2026-04-02 15:28:09.572 [INF] Microsoft.AspNetCore.Hosting.Diagnostics | Request finished HTTP/1.1 GET http://localhost:5217/api/users/organizations - 200 null application/json; charset=utf-8 120.6949ms
2026-04-02 15:28:09.593 [INF] Microsoft.AspNetCore.Hosting.Diagnostics | Request starting HTTP/1.1 OPTIONS http://localhost:5217/api/designations?organizationId=2 - null null
2026-04-02 15:28:09.595 [INF] Microsoft.AspNetCore.Cors.Infrastructure.CorsService | CORS policy execution successful.
2026-04-02 15:28:09.595 [INF] Microsoft.AspNetCore.Hosting.Diagnostics | Request finished HTTP/1.1 OPTIONS http://localhost:5217/api/designations?organizationId=2 - 204 null null 1.9853ms
2026-04-02 15:28:09.597 [INF] Microsoft.AspNetCore.Hosting.Diagnostics | Request starting HTTP/1.1 GET http://localhost:5217/api/designations?organizationId=2 - application/json null
2026-04-02 15:28:09.598 [INF] Microsoft.AspNetCore.Cors.Infrastructure.CorsService | CORS policy execution successful.
2026-04-02 15:28:09.598 [INF] Microsoft.AspNetCore.Routing.EndpointMiddleware | Executing endpoint 'backend.Controllers.DesignationController.GetDesignations (backend)'
2026-04-02 15:28:09.600 [INF] Microsoft.AspNetCore.Mvc.Infrastructure.ControllerActionInvoker | Route matched with {action = "GetDesignations", controller = "Designation"}. Executing controller action with signature System.Threading.Tasks.Task`1[Microsoft.AspNetCore.Mvc.IActionResult] GetDesignations(System.Nullable`1[System.Int32]) on controller backend.Controllers.DesignationController (backend).
2026-04-02 15:28:09.631 [INF] backend.Controllers.DesignationController | Fetched 8 designations for OrgId 2
2026-04-02 15:28:09.631 [INF] Microsoft.AspNetCore.Mvc.Infrastructure.ObjectResultExecutor | Executing OkObjectResult, writing value of type 'System.Collections.Generic.List`1[[backend.Models.Designation, backend, Version=1.0.0.0, Culture=neutral, PublicKeyToken=null]]'.
2026-04-02 15:28:09.633 [INF] Microsoft.AspNetCore.Mvc.Infrastructure.ControllerActionInvoker | Executed action backend.Controllers.DesignationController.GetDesignations (backend) in 33.2741ms
2026-04-02 15:28:09.633 [INF] Microsoft.AspNetCore.Routing.EndpointMiddleware | Executed endpoint 'backend.Controllers.DesignationController.GetDesignations (backend)'
2026-04-02 15:28:09.633 [INF] Serilog.AspNetCore.RequestLoggingMiddleware | HTTP GET /api/designations → 200 (35.0ms)
2026-04-02 15:28:09.633 [INF] Microsoft.AspNetCore.Hosting.Diagnostics | Request finished HTTP/1.1 GET http://localhost:5217/api/designations?organizationId=2 - 200 null application/json; charset=utf-8 36.2048ms
2026-04-02 15:28:15.595 [INF] Microsoft.AspNetCore.Hosting.Diagnostics | Request starting HTTP/1.1 OPTIONS http://localhost:5217/api/users/organizations - null null
2026-04-02 15:28:15.595 [INF] Microsoft.AspNetCore.Cors.Infrastructure.CorsService | CORS policy execution successful.
2026-04-02 15:28:15.595 [INF] Microsoft.AspNetCore.Hosting.Diagnostics | Request finished HTTP/1.1 OPTIONS http://localhost:5217/api/users/organizations - 204 null null 0.1645ms
2026-04-02 15:28:15.596 [INF] Microsoft.AspNetCore.Hosting.Diagnostics | Request starting HTTP/1.1 GET http://localhost:5217/api/users/organizations - null null
2026-04-02 15:28:15.596 [INF] Microsoft.AspNetCore.Cors.Infrastructure.CorsService | CORS policy execution successful.
2026-04-02 15:28:15.596 [INF] Microsoft.AspNetCore.Routing.EndpointMiddleware | Executing endpoint 'backend.Controllers.UsersController.GetOrganizations (backend)'
2026-04-02 15:28:15.596 [INF] Microsoft.AspNetCore.Mvc.Infrastructure.ControllerActionInvoker | Route matched with {action = "GetOrganizations", controller = "Users"}. Executing controller action with signature System.Threading.Tasks.Task`1[Microsoft.AspNetCore.Mvc.IActionResult] GetOrganizations() on controller backend.Controllers.UsersController (backend).
2026-04-02 15:28:15.596 [INF] backend.Controllers.UsersController | [Users] GET organizations | Role=SuperAdmin | UserId=18
2026-04-02 15:28:15.618 [INF] Microsoft.AspNetCore.Mvc.Infrastructure.ObjectResultExecutor | Executing OkObjectResult, writing value of type 'System.Collections.Generic.List`1[[backend.Models.Organization, backend, Version=1.0.0.0, Culture=neutral, PublicKeyToken=null]]'.
2026-04-02 15:28:15.618 [INF] Microsoft.AspNetCore.Mvc.Infrastructure.ControllerActionInvoker | Executed action backend.Controllers.UsersController.GetOrganizations (backend) in 21.6542ms
2026-04-02 15:28:15.618 [INF] Microsoft.AspNetCore.Routing.EndpointMiddleware | Executed endpoint 'backend.Controllers.UsersController.GetOrganizations (backend)'
2026-04-02 15:28:15.618 [INF] Serilog.AspNetCore.RequestLoggingMiddleware | HTTP GET /api/users/organizations → 200 (21.8ms)
2026-04-02 15:28:15.618 [INF] Microsoft.AspNetCore.Hosting.Diagnostics | Request finished HTTP/1.1 GET http://localhost:5217/api/users/organizations - 200 null application/json; charset=utf-8 22.1314ms
2026-04-02 15:28:15.623 [INF] Microsoft.AspNetCore.Hosting.Diagnostics | Request starting HTTP/1.1 OPTIONS http://localhost:5217/api/departments?organizationId=2 - null null
2026-04-02 15:28:15.624 [INF] Microsoft.AspNetCore.Cors.Infrastructure.CorsService | CORS policy execution successful.
2026-04-02 15:28:15.624 [INF] Microsoft.AspNetCore.Hosting.Diagnostics | Request finished HTTP/1.1 OPTIONS http://localhost:5217/api/departments?organizationId=2 - 204 null null 0.223ms
2026-04-02 15:28:15.626 [INF] Microsoft.AspNetCore.Hosting.Diagnostics | Request starting HTTP/1.1 GET http://localhost:5217/api/departments?organizationId=2 - null null
2026-04-02 15:28:15.627 [INF] Microsoft.AspNetCore.Cors.Infrastructure.CorsService | CORS policy execution successful.
2026-04-02 15:28:15.627 [INF] Microsoft.AspNetCore.Routing.EndpointMiddleware | Executing endpoint 'backend.Controllers.DepartmentController.GetDepartments (backend)'
2026-04-02 15:28:15.627 [INF] Microsoft.AspNetCore.Mvc.Infrastructure.ControllerActionInvoker | Route matched with {action = "GetDepartments", controller = "Department"}. Executing controller action with signature System.Threading.Tasks.Task`1[Microsoft.AspNetCore.Mvc.IActionResult] GetDepartments(System.Nullable`1[System.Int32]) on controller backend.Controllers.DepartmentController (backend).
2026-04-02 15:28:15.644 [INF] Microsoft.AspNetCore.Mvc.Infrastructure.ObjectResultExecutor | Executing OkObjectResult, writing value of type 'System.Collections.Generic.List`1[[backend.Models.Department, backend, Version=1.0.0.0, Culture=neutral, PublicKeyToken=null]]'.
2026-04-02 15:28:15.645 [INF] Microsoft.AspNetCore.Mvc.Infrastructure.ControllerActionInvoker | Executed action backend.Controllers.DepartmentController.GetDepartments (backend) in 17.9874ms
2026-04-02 15:28:15.645 [INF] Microsoft.AspNetCore.Routing.EndpointMiddleware | Executed endpoint 'backend.Controllers.DepartmentController.GetDepartments (backend)'
2026-04-02 15:28:15.646 [INF] Serilog.AspNetCore.RequestLoggingMiddleware | HTTP GET /api/departments → 200 (18.3ms)
2026-04-02 15:28:15.646 [INF] Microsoft.AspNetCore.Hosting.Diagnostics | Request finished HTTP/1.1 GET http://localhost:5217/api/departments?organizationId=2 - 200 null application/json; charset=utf-8 19.0935ms
2026-04-02 15:28:20.103 [INF] Microsoft.AspNetCore.Hosting.Diagnostics | Request starting HTTP/1.1 GET http://localhost:5217/api/users/organizations - null null
2026-04-02 15:28:20.103 [INF] Microsoft.AspNetCore.Cors.Infrastructure.CorsService | CORS policy execution successful.
2026-04-02 15:28:20.104 [INF] Microsoft.AspNetCore.Routing.EndpointMiddleware | Executing endpoint 'backend.Controllers.UsersController.GetOrganizations (backend)'
2026-04-02 15:28:20.104 [INF] Microsoft.AspNetCore.Mvc.Infrastructure.ControllerActionInvoker | Route matched with {action = "GetOrganizations", controller = "Users"}. Executing controller action with signature System.Threading.Tasks.Task`1[Microsoft.AspNetCore.Mvc.IActionResult] GetOrganizations() on controller backend.Controllers.UsersController (backend).
2026-04-02 15:28:20.104 [INF] backend.Controllers.UsersController | [Users] GET organizations | Role=SuperAdmin | UserId=18
2026-04-02 15:28:20.128 [INF] Microsoft.AspNetCore.Mvc.Infrastructure.ObjectResultExecutor | Executing OkObjectResult, writing value of type 'System.Collections.Generic.List`1[[backend.Models.Organization, backend, Version=1.0.0.0, Culture=neutral, PublicKeyToken=null]]'.
2026-04-02 15:28:20.128 [INF] Microsoft.AspNetCore.Mvc.Infrastructure.ControllerActionInvoker | Executed action backend.Controllers.UsersController.GetOrganizations (backend) in 24.6598ms
2026-04-02 15:28:20.129 [INF] Microsoft.AspNetCore.Routing.EndpointMiddleware | Executed endpoint 'backend.Controllers.UsersController.GetOrganizations (backend)'
2026-04-02 15:28:20.129 [INF] Serilog.AspNetCore.RequestLoggingMiddleware | HTTP GET /api/users/organizations → 200 (25.0ms)
2026-04-02 15:28:20.129 [INF] Microsoft.AspNetCore.Hosting.Diagnostics | Request finished HTTP/1.1 GET http://localhost:5217/api/users/organizations - 200 null application/json; charset=utf-8 25.5269ms
2026-04-02 15:28:20.144 [INF] Microsoft.AspNetCore.Hosting.Diagnostics | Request starting HTTP/1.1 OPTIONS http://localhost:5217/api/designations?organizationId=2 - null null
2026-04-02 15:28:20.144 [INF] Microsoft.AspNetCore.Cors.Infrastructure.CorsService | CORS policy execution successful.
2026-04-02 15:28:20.144 [INF] Microsoft.AspNetCore.Hosting.Diagnostics | Request finished HTTP/1.1 OPTIONS http://localhost:5217/api/designations?organizationId=2 - 204 null null 0.1713ms
2026-04-02 15:28:20.145 [INF] Microsoft.AspNetCore.Hosting.Diagnostics | Request starting HTTP/1.1 GET http://localhost:5217/api/designations?organizationId=2 - application/json null
2026-04-02 15:28:20.145 [INF] Microsoft.AspNetCore.Cors.Infrastructure.CorsService | CORS policy execution successful.
2026-04-02 15:28:20.146 [INF] Microsoft.AspNetCore.Routing.EndpointMiddleware | Executing endpoint 'backend.Controllers.DesignationController.GetDesignations (backend)'
2026-04-02 15:28:20.146 [INF] Microsoft.AspNetCore.Mvc.Infrastructure.ControllerActionInvoker | Route matched with {action = "GetDesignations", controller = "Designation"}. Executing controller action with signature System.Threading.Tasks.Task`1[Microsoft.AspNetCore.Mvc.IActionResult] GetDesignations(System.Nullable`1[System.Int32]) on controller backend.Controllers.DesignationController (backend).
2026-04-02 15:28:20.161 [INF] backend.Controllers.DesignationController | Fetched 8 designations for OrgId 2
2026-04-02 15:28:20.161 [INF] Microsoft.AspNetCore.Mvc.Infrastructure.ObjectResultExecutor | Executing OkObjectResult, writing value of type 'System.Collections.Generic.List`1[[backend.Models.Designation, backend, Version=1.0.0.0, Culture=neutral, PublicKeyToken=null]]'.
2026-04-02 15:28:20.161 [INF] Microsoft.AspNetCore.Mvc.Infrastructure.ControllerActionInvoker | Executed action backend.Controllers.DesignationController.GetDesignations (backend) in 15.0747ms
2026-04-02 15:28:20.161 [INF] Microsoft.AspNetCore.Routing.EndpointMiddleware | Executed endpoint 'backend.Controllers.DesignationController.GetDesignations (backend)'
2026-04-02 15:28:20.161 [INF] Serilog.AspNetCore.RequestLoggingMiddleware | HTTP GET /api/designations → 200 (15.3ms)
2026-04-02 15:28:20.161 [INF] Microsoft.AspNetCore.Hosting.Diagnostics | Request finished HTTP/1.1 GET http://localhost:5217/api/designations?organizationId=2 - 200 null application/json; charset=utf-8 15.6834ms
2026-04-02 15:29:58.447 [INF] Microsoft.AspNetCore.Routing.EndpointMiddleware | Executed endpoint '/hubs/attendance'
2026-04-02 15:29:58.447 [INF] Serilog.AspNetCore.RequestLoggingMiddleware | HTTP GET /hubs/attendance → 101 (227992.9ms)
2026-04-02 15:29:58.447 [INF] Microsoft.AspNetCore.Hosting.Diagnostics | Request finished HTTP/1.1 GET http://localhost:5217/hubs/attendance?id=bBhYozKmRcjkYsTEQysHpQ&access_token=eyJhbGciOiJIUzI1NiIsInR5cCI6IkpXVCJ9.eyJuYW1laWQiOiIxOCIsInVuaXF1ZV9uYW1lIjoidmFzYW50aGFrdW1hciIsImVtYWlsIjoidmFzYW50aDIwMDR2a0BnbWFpbC5jb20iLCJyb2xlIjoiU3VwZXJBZG1pbiIsIk9yZ2FuaXphdGlvbklkIjoiMiIsIk9yZ2FuaXphdGlvbkxvZ28iOiIvdXBsb2Fkcy9vcmctbG9nb3Mvb3JnLWxvZ28tNTg3M2M0NzVkOTFkNGJiZDkwNDZkZWVjNjY3ZDEzNmMuanBnIiwibmJmIjoxNzc1MTIzNTM1LCJleHAiOjE3NzUyMDk5MzUsImlhdCI6MTc3NTEyMzUzNSwiaXNzIjoiUHJvRGVzWC1CYWNrZW5kIiwiYXVkIjoiUHJvRGVzWC1Gcm9udGVuZCJ9.SnyONDad2SeD6DiKzJ1jn7GpLNQVcdbZ2iJxI_CkzGU - 101 null null 227993.1106ms
2026-04-02 15:29:58.498 [INF] Microsoft.AspNetCore.Hosting.Diagnostics | Request starting HTTP/1.1 OPTIONS http://localhost:5217/hubs/attendance/negotiate?negotiateVersion=1 - null null
2026-04-02 15:29:58.498 [INF] Microsoft.AspNetCore.Cors.Infrastructure.CorsService | CORS policy execution successful.
2026-04-02 15:29:58.498 [INF] Microsoft.AspNetCore.Hosting.Diagnostics | Request finished HTTP/1.1 OPTIONS http://localhost:5217/hubs/attendance/negotiate?negotiateVersion=1 - 204 null null 0.1531ms
2026-04-02 15:29:58.499 [INF] Microsoft.AspNetCore.Hosting.Diagnostics | Request starting HTTP/1.1 POST http://localhost:5217/hubs/attendance/negotiate?negotiateVersion=1 - text/plain;charset=UTF-8 0
2026-04-02 15:29:58.499 [INF] Microsoft.AspNetCore.Cors.Infrastructure.CorsService | CORS policy execution successful.
2026-04-02 15:29:58.499 [INF] Microsoft.AspNetCore.Routing.EndpointMiddleware | Executing endpoint '/hubs/attendance/negotiate'
2026-04-02 15:29:58.499 [INF] Microsoft.AspNetCore.Routing.EndpointMiddleware | Executed endpoint '/hubs/attendance/negotiate'
2026-04-02 15:29:58.499 [INF] Serilog.AspNetCore.RequestLoggingMiddleware | HTTP POST /hubs/attendance/negotiate → 200 (0.2ms)
2026-04-02 15:29:58.499 [INF] Microsoft.AspNetCore.Hosting.Diagnostics | Request finished HTTP/1.1 POST http://localhost:5217/hubs/attendance/negotiate?negotiateVersion=1 - 200 316 application/json 0.4028ms
2026-04-02 15:29:58.506 [INF] Microsoft.AspNetCore.Hosting.Diagnostics | Request starting HTTP/1.1 GET http://localhost:5217/hubs/attendance?id=kzKqTD4mlKKLlVKVde0uSA&access_token=eyJhbGciOiJIUzI1NiIsInR5cCI6IkpXVCJ9.eyJuYW1laWQiOiIxOCIsInVuaXF1ZV9uYW1lIjoidmFzYW50aGFrdW1hciIsImVtYWlsIjoidmFzYW50aDIwMDR2a0BnbWFpbC5jb20iLCJyb2xlIjoiU3VwZXJBZG1pbiIsIk9yZ2FuaXphdGlvbklkIjoiMiIsIk9yZ2FuaXphdGlvbkxvZ28iOiIvdXBsb2Fkcy9vcmctbG9nb3Mvb3JnLWxvZ28tNTg3M2M0NzVkOTFkNGJiZDkwNDZkZWVjNjY3ZDEzNmMuanBnIiwibmJmIjoxNzc1MTIzNTM1LCJleHAiOjE3NzUyMDk5MzUsImlhdCI6MTc3NTEyMzUzNSwiaXNzIjoiUHJvRGVzWC1CYWNrZW5kIiwiYXVkIjoiUHJvRGVzWC1Gcm9udGVuZCJ9.SnyONDad2SeD6DiKzJ1jn7GpLNQVcdbZ2iJxI_CkzGU - null null
2026-04-02 15:29:58.506 [INF] Microsoft.AspNetCore.Cors.Infrastructure.CorsService | CORS policy execution successful.
2026-04-02 15:29:58.506 [INF] Microsoft.AspNetCore.Routing.EndpointMiddleware | Executing endpoint '/hubs/attendance'
2026-04-02 15:30:10.438 [INF] Microsoft.AspNetCore.Routing.EndpointMiddleware | Executed endpoint '/hubs/empot'
2026-04-02 15:30:10.438 [INF] Serilog.AspNetCore.RequestLoggingMiddleware | HTTP GET /hubs/empot → 101 (251916.2ms)
2026-04-02 15:30:10.438 [INF] Microsoft.AspNetCore.Hosting.Diagnostics | Request finished HTTP/1.1 GET http://localhost:5217/hubs/empot?id=zesqcTDDh8l4VN8aRmiz-w&access_token=eyJhbGciOiJIUzI1NiIsInR5cCI6IkpXVCJ9.eyJuYW1laWQiOiIxOCIsInVuaXF1ZV9uYW1lIjoidmFzYW50aGFrdW1hciIsImVtYWlsIjoidmFzYW50aDIwMDR2a0BnbWFpbC5jb20iLCJyb2xlIjoiU3VwZXJBZG1pbiIsIk9yZ2FuaXphdGlvbklkIjoiMiIsIk9yZ2FuaXphdGlvbkxvZ28iOiIvdXBsb2Fkcy9vcmctbG9nb3Mvb3JnLWxvZ28tNTg3M2M0NzVkOTFkNGJiZDkwNDZkZWVjNjY3ZDEzNmMuanBnIiwibmJmIjoxNzc1MTIzNTM1LCJleHAiOjE3NzUyMDk5MzUsImlhdCI6MTc3NTEyMzUzNSwiaXNzIjoiUHJvRGVzWC1CYWNrZW5kIiwiYXVkIjoiUHJvRGVzWC1Gcm9udGVuZCJ9.SnyONDad2SeD6DiKzJ1jn7GpLNQVcdbZ2iJxI_CkzGU - 101 null null 251916.4521ms
2026-04-02 15:30:10.448 [INF] Microsoft.AspNetCore.Hosting.Diagnostics | Request starting HTTP/1.1 OPTIONS http://localhost:5217/hubs/empot/negotiate?negotiateVersion=1 - null null
2026-04-02 15:30:10.448 [INF] Microsoft.AspNetCore.Cors.Infrastructure.CorsService | CORS policy execution successful.
2026-04-02 15:30:10.448 [INF] Microsoft.AspNetCore.Hosting.Diagnostics | Request finished HTTP/1.1 OPTIONS http://localhost:5217/hubs/empot/negotiate?negotiateVersion=1 - 204 null null 0.1673ms
2026-04-02 15:30:10.449 [INF] Microsoft.AspNetCore.Hosting.Diagnostics | Request starting HTTP/1.1 POST http://localhost:5217/hubs/empot/negotiate?negotiateVersion=1 - text/plain;charset=UTF-8 0
2026-04-02 15:30:10.449 [INF] Microsoft.AspNetCore.Cors.Infrastructure.CorsService | CORS policy execution successful.
2026-04-02 15:30:10.449 [INF] Microsoft.AspNetCore.Routing.EndpointMiddleware | Executing endpoint '/hubs/empot/negotiate'
2026-04-02 15:30:10.449 [INF] Microsoft.AspNetCore.Routing.EndpointMiddleware | Executed endpoint '/hubs/empot/negotiate'
2026-04-02 15:30:10.449 [INF] Serilog.AspNetCore.RequestLoggingMiddleware | HTTP POST /hubs/empot/negotiate → 200 (0.2ms)
2026-04-02 15:30:10.449 [INF] Microsoft.AspNetCore.Hosting.Diagnostics | Request finished HTTP/1.1 POST http://localhost:5217/hubs/empot/negotiate?negotiateVersion=1 - 200 316 application/json 0.4112ms
2026-04-02 15:30:10.455 [INF] Microsoft.AspNetCore.Hosting.Diagnostics | Request starting HTTP/1.1 GET http://localhost:5217/hubs/empot?id=N1i_6f6nkfuKpg2WMwkcuQ&access_token=eyJhbGciOiJIUzI1NiIsInR5cCI6IkpXVCJ9.eyJuYW1laWQiOiIxOCIsInVuaXF1ZV9uYW1lIjoidmFzYW50aGFrdW1hciIsImVtYWlsIjoidmFzYW50aDIwMDR2a0BnbWFpbC5jb20iLCJyb2xlIjoiU3VwZXJBZG1pbiIsIk9yZ2FuaXphdGlvbklkIjoiMiIsIk9yZ2FuaXphdGlvbkxvZ28iOiIvdXBsb2Fkcy9vcmctbG9nb3Mvb3JnLWxvZ28tNTg3M2M0NzVkOTFkNGJiZDkwNDZkZWVjNjY3ZDEzNmMuanBnIiwibmJmIjoxNzc1MTIzNTM1LCJleHAiOjE3NzUyMDk5MzUsImlhdCI6MTc3NTEyMzUzNSwiaXNzIjoiUHJvRGVzWC1CYWNrZW5kIiwiYXVkIjoiUHJvRGVzWC1Gcm9udGVuZCJ9.SnyONDad2SeD6DiKzJ1jn7GpLNQVcdbZ2iJxI_CkzGU - null null
2026-04-02 15:30:10.455 [INF] Microsoft.AspNetCore.Cors.Infrastructure.CorsService | CORS policy execution successful.
2026-04-02 15:30:10.455 [INF] Microsoft.AspNetCore.Routing.EndpointMiddleware | Executing endpoint '/hubs/empot'
2026-04-02 15:31:36.833 [INF] Microsoft.AspNetCore.Routing.EndpointMiddleware | Executed endpoint '/hubs/attendance'
2026-04-02 15:31:36.833 [INF] Serilog.AspNetCore.RequestLoggingMiddleware | HTTP GET /hubs/attendance → 101 (98327.4ms)
2026-04-02 15:31:36.833 [INF] Microsoft.AspNetCore.Hosting.Diagnostics | Request finished HTTP/1.1 GET http://localhost:5217/hubs/attendance?id=kzKqTD4mlKKLlVKVde0uSA&access_token=eyJhbGciOiJIUzI1NiIsInR5cCI6IkpXVCJ9.eyJuYW1laWQiOiIxOCIsInVuaXF1ZV9uYW1lIjoidmFzYW50aGFrdW1hciIsImVtYWlsIjoidmFzYW50aDIwMDR2a0BnbWFpbC5jb20iLCJyb2xlIjoiU3VwZXJBZG1pbiIsIk9yZ2FuaXphdGlvbklkIjoiMiIsIk9yZ2FuaXphdGlvbkxvZ28iOiIvdXBsb2Fkcy9vcmctbG9nb3Mvb3JnLWxvZ28tNTg3M2M0NzVkOTFkNGJiZDkwNDZkZWVjNjY3ZDEzNmMuanBnIiwibmJmIjoxNzc1MTIzNTM1LCJleHAiOjE3NzUyMDk5MzUsImlhdCI6MTc3NTEyMzUzNSwiaXNzIjoiUHJvRGVzWC1CYWNrZW5kIiwiYXVkIjoiUHJvRGVzWC1Gcm9udGVuZCJ9.SnyONDad2SeD6DiKzJ1jn7GpLNQVcdbZ2iJxI_CkzGU - 101 null null 98327.8001ms
2026-04-02 15:31:36.834 [INF] Microsoft.AspNetCore.Routing.EndpointMiddleware | Executed endpoint '/hubs/empot'
2026-04-02 15:31:36.834 [INF] Serilog.AspNetCore.RequestLoggingMiddleware | HTTP GET /hubs/empot → 101 (86378.2ms)
2026-04-02 15:31:36.834 [INF] Microsoft.AspNetCore.Hosting.Diagnostics | Request finished HTTP/1.1 GET http://localhost:5217/hubs/empot?id=N1i_6f6nkfuKpg2WMwkcuQ&access_token=eyJhbGciOiJIUzI1NiIsInR5cCI6IkpXVCJ9.eyJuYW1laWQiOiIxOCIsInVuaXF1ZV9uYW1lIjoidmFzYW50aGFrdW1hciIsImVtYWlsIjoidmFzYW50aDIwMDR2a0BnbWFpbC5jb20iLCJyb2xlIjoiU3VwZXJBZG1pbiIsIk9yZ2FuaXphdGlvbklkIjoiMiIsIk9yZ2FuaXphdGlvbkxvZ28iOiIvdXBsb2Fkcy9vcmctbG9nb3Mvb3JnLWxvZ28tNTg3M2M0NzVkOTFkNGJiZDkwNDZkZWVjNjY3ZDEzNmMuanBnIiwibmJmIjoxNzc1MTIzNTM1LCJleHAiOjE3NzUyMDk5MzUsImlhdCI6MTc3NTEyMzUzNSwiaXNzIjoiUHJvRGVzWC1CYWNrZW5kIiwiYXVkIjoiUHJvRGVzWC1Gcm9udGVuZCJ9.SnyONDad2SeD6DiKzJ1jn7GpLNQVcdbZ2iJxI_CkzGU - 101 null null 86378.6107ms
2026-04-02 15:31:43.733 [INF] Microsoft.AspNetCore.Hosting.Diagnostics | Request starting HTTP/1.1 OPTIONS http://localhost:5217/api/users/organizations - null null
2026-04-02 15:31:43.733 [INF] Microsoft.AspNetCore.Cors.Infrastructure.CorsService | CORS policy execution successful.
2026-04-02 15:31:43.733 [INF] Microsoft.AspNetCore.Hosting.Diagnostics | Request finished HTTP/1.1 OPTIONS http://localhost:5217/api/users/organizations - 204 null null 0.1394ms
2026-04-02 15:31:43.734 [INF] Microsoft.AspNetCore.Hosting.Diagnostics | Request starting HTTP/1.1 GET http://localhost:5217/api/users/organizations - null null
2026-04-02 15:31:43.734 [INF] Microsoft.AspNetCore.Cors.Infrastructure.CorsService | CORS policy execution successful.
2026-04-02 15:31:43.734 [INF] Microsoft.AspNetCore.Routing.EndpointMiddleware | Executing endpoint 'backend.Controllers.UsersController.GetOrganizations (backend)'
2026-04-02 15:31:43.734 [INF] Microsoft.AspNetCore.Mvc.Infrastructure.ControllerActionInvoker | Route matched with {action = "GetOrganizations", controller = "Users"}. Executing controller action with signature System.Threading.Tasks.Task`1[Microsoft.AspNetCore.Mvc.IActionResult] GetOrganizations() on controller backend.Controllers.UsersController (backend).
2026-04-02 15:31:43.734 [INF] backend.Controllers.UsersController | [Users] GET organizations | Role=SuperAdmin | UserId=18
2026-04-02 15:31:43.749 [INF] Microsoft.AspNetCore.Mvc.Infrastructure.ObjectResultExecutor | Executing OkObjectResult, writing value of type 'System.Collections.Generic.List`1[[backend.Models.Organization, backend, Version=1.0.0.0, Culture=neutral, PublicKeyToken=null]]'.
2026-04-02 15:31:43.749 [INF] Microsoft.AspNetCore.Mvc.Infrastructure.ControllerActionInvoker | Executed action backend.Controllers.UsersController.GetOrganizations (backend) in 14.2638ms
2026-04-02 15:31:43.749 [INF] Microsoft.AspNetCore.Routing.EndpointMiddleware | Executed endpoint 'backend.Controllers.UsersController.GetOrganizations (backend)'
2026-04-02 15:31:43.749 [INF] Serilog.AspNetCore.RequestLoggingMiddleware | HTTP GET /api/users/organizations → 200 (14.4ms)
2026-04-02 15:31:43.749 [INF] Microsoft.AspNetCore.Hosting.Diagnostics | Request finished HTTP/1.1 GET http://localhost:5217/api/users/organizations - 200 null application/json; charset=utf-8 14.7892ms
2026-04-02 15:31:45.233 [INF] Microsoft.AspNetCore.Hosting.Diagnostics | Request starting HTTP/1.1 OPTIONS http://localhost:5217/api/organizations - null null
2026-04-02 15:31:45.233 [INF] Microsoft.AspNetCore.Cors.Infrastructure.CorsService | CORS policy execution successful.
2026-04-02 15:31:45.233 [INF] Microsoft.AspNetCore.Hosting.Diagnostics | Request finished HTTP/1.1 OPTIONS http://localhost:5217/api/organizations - 204 null null 0.1252ms
2026-04-02 15:31:45.235 [INF] Microsoft.AspNetCore.Hosting.Diagnostics | Request starting HTTP/1.1 GET http://localhost:5217/api/organizations - application/json null
2026-04-02 15:31:45.235 [INF] Microsoft.AspNetCore.Cors.Infrastructure.CorsService | CORS policy execution successful.
2026-04-02 15:31:45.235 [INF] Microsoft.AspNetCore.Routing.EndpointMiddleware | Executing endpoint 'backend.Controllers.OrganizationsController.GetOrganizations (backend)'
2026-04-02 15:31:45.235 [INF] Microsoft.AspNetCore.Mvc.Infrastructure.ControllerActionInvoker | Route matched with {action = "GetOrganizations", controller = "Organizations"}. Executing controller action with signature System.Threading.Tasks.Task`1[Microsoft.AspNetCore.Mvc.IActionResult] GetOrganizations() on controller backend.Controllers.OrganizationsController (backend).
2026-04-02 15:31:45.235 [INF] backend.Controllers.OrganizationsController | [Orgs] GET all requested | Role=SuperAdmin | UserId=18
2026-04-02 15:31:45.253 [INF] Microsoft.AspNetCore.Mvc.Infrastructure.ObjectResultExecutor | Executing OkObjectResult, writing value of type 'System.Collections.Generic.List`1[[backend.Models.Organization, backend, Version=1.0.0.0, Culture=neutral, PublicKeyToken=null]]'.
2026-04-02 15:31:45.253 [INF] Microsoft.AspNetCore.Mvc.Infrastructure.ControllerActionInvoker | Executed action backend.Controllers.OrganizationsController.GetOrganizations (backend) in 17.8723ms
2026-04-02 15:31:45.253 [INF] Microsoft.AspNetCore.Routing.EndpointMiddleware | Executed endpoint 'backend.Controllers.OrganizationsController.GetOrganizations (backend)'
2026-04-02 15:31:45.253 [INF] Serilog.AspNetCore.RequestLoggingMiddleware | HTTP GET /api/organizations → 200 (18.1ms)
2026-04-02 15:31:45.253 [INF] Microsoft.AspNetCore.Hosting.Diagnostics | Request finished HTTP/1.1 GET http://localhost:5217/api/organizations - 200 null application/json; charset=utf-8 18.3976ms
2026-04-02 15:31:45.265 [INF] Microsoft.AspNetCore.Hosting.Diagnostics | Request starting HTTP/1.1 OPTIONS http://localhost:5217/api/leads - null null
2026-04-02 15:31:45.265 [INF] Microsoft.AspNetCore.Cors.Infrastructure.CorsService | CORS policy execution successful.
2026-04-02 15:31:45.265 [INF] Microsoft.AspNetCore.Hosting.Diagnostics | Request finished HTTP/1.1 OPTIONS http://localhost:5217/api/leads - 204 null null 0.12ms
2026-04-02 15:31:45.267 [INF] Microsoft.AspNetCore.Hosting.Diagnostics | Request starting HTTP/1.1 GET http://localhost:5217/api/leads - application/json null
2026-04-02 15:31:45.267 [INF] Microsoft.AspNetCore.Cors.Infrastructure.CorsService | CORS policy execution successful.
2026-04-02 15:31:45.267 [INF] Microsoft.AspNetCore.Routing.EndpointMiddleware | Executing endpoint 'backend.Controllers.LeadsController.GetLeads (backend)'
2026-04-02 15:31:45.267 [INF] Microsoft.AspNetCore.Mvc.Infrastructure.ControllerActionInvoker | Route matched with {action = "GetLeads", controller = "Leads"}. Executing controller action with signature System.Threading.Tasks.Task`1[System.Collections.Generic.IEnumerable`1[backend.Models.Lead]] GetLeads() on controller backend.Controllers.LeadsController (backend).
2026-04-02 15:31:45.285 [INF] Microsoft.AspNetCore.Mvc.Infrastructure.ObjectResultExecutor | Executing ObjectResult, writing value of type 'System.Collections.Generic.List`1[[backend.Models.Lead, backend, Version=1.0.0.0, Culture=neutral, PublicKeyToken=null]]'.
2026-04-02 15:31:45.285 [INF] Microsoft.AspNetCore.Mvc.Infrastructure.ControllerActionInvoker | Executed action backend.Controllers.LeadsController.GetLeads (backend) in 18.3911ms
2026-04-02 15:31:45.285 [INF] Microsoft.AspNetCore.Routing.EndpointMiddleware | Executed endpoint 'backend.Controllers.LeadsController.GetLeads (backend)'
2026-04-02 15:31:45.285 [INF] Serilog.AspNetCore.RequestLoggingMiddleware | HTTP GET /api/leads → 200 (18.5ms)
2026-04-02 15:31:45.285 [INF] Microsoft.AspNetCore.Hosting.Diagnostics | Request finished HTTP/1.1 GET http://localhost:5217/api/leads - 200 null application/json; charset=utf-8 18.8121ms
2026-04-02 15:31:45.290 [INF] Microsoft.AspNetCore.Hosting.Diagnostics | Request starting HTTP/1.1 OPTIONS http://localhost:5217/api/employees?organizationId=2 - null null
2026-04-02 15:31:45.290 [INF] Microsoft.AspNetCore.Cors.Infrastructure.CorsService | CORS policy execution successful.
2026-04-02 15:31:45.290 [INF] Microsoft.AspNetCore.Hosting.Diagnostics | Request finished HTTP/1.1 OPTIONS http://localhost:5217/api/employees?organizationId=2 - 204 null null 0.0951ms
2026-04-02 15:31:45.291 [INF] Microsoft.AspNetCore.Hosting.Diagnostics | Request starting HTTP/1.1 GET http://localhost:5217/api/employees?organizationId=2 - application/json null
2026-04-02 15:31:45.292 [INF] Microsoft.AspNetCore.Cors.Infrastructure.CorsService | CORS policy execution successful.
2026-04-02 15:31:45.292 [INF] Microsoft.AspNetCore.Routing.EndpointMiddleware | Executing endpoint 'backend.Controllers.EmployeesController.GetEmployees (backend)'
2026-04-02 15:31:45.292 [INF] Microsoft.AspNetCore.Mvc.Infrastructure.ControllerActionInvoker | Route matched with {action = "GetEmployees", controller = "Employees"}. Executing controller action with signature System.Threading.Tasks.Task`1[Microsoft.AspNetCore.Mvc.IActionResult] GetEmployees(System.Nullable`1[System.Int32]) on controller backend.Controllers.EmployeesController (backend).
2026-04-02 15:31:45.292 [INF] backend.Controllers.EmployeesController | [Employees] GET all | TargetOrgId=2 | UserOrgId=2
2026-04-02 15:31:45.306 [INF] Microsoft.AspNetCore.Mvc.Infrastructure.ObjectResultExecutor | Executing OkObjectResult, writing value of type 'System.Collections.Generic.List`1[[backend.Models.Employee, backend, Version=1.0.0.0, Culture=neutral, PublicKeyToken=null]]'.
2026-04-02 15:31:45.307 [INF] Microsoft.AspNetCore.Mvc.Infrastructure.ControllerActionInvoker | Executed action backend.Controllers.EmployeesController.GetEmployees (backend) in 15.0388ms
2026-04-02 15:31:45.307 [INF] Microsoft.AspNetCore.Routing.EndpointMiddleware | Executed endpoint 'backend.Controllers.EmployeesController.GetEmployees (backend)'
2026-04-02 15:31:45.307 [INF] Serilog.AspNetCore.RequestLoggingMiddleware | HTTP GET /api/employees → 200 (15.2ms)
2026-04-02 15:31:45.307 [INF] Microsoft.AspNetCore.Hosting.Diagnostics | Request finished HTTP/1.1 GET http://localhost:5217/api/employees?organizationId=2 - 200 null application/json; charset=utf-8 15.4209ms
2026-04-02 15:31:45.317 [INF] Microsoft.AspNetCore.Hosting.Diagnostics | Request starting HTTP/1.1 OPTIONS http://localhost:5217/api/ShiftAssignments/roster?start=2026-04-02&end=2026-04-09&orgId=2 - null null
2026-04-02 15:31:45.317 [INF] Microsoft.AspNetCore.Cors.Infrastructure.CorsService | CORS policy execution successful.
2026-04-02 15:31:45.317 [INF] Microsoft.AspNetCore.Hosting.Diagnostics | Request finished HTTP/1.1 OPTIONS http://localhost:5217/api/ShiftAssignments/roster?start=2026-04-02&end=2026-04-09&orgId=2 - 204 null null 0.2272ms
2026-04-02 15:31:45.318 [INF] Microsoft.AspNetCore.Hosting.Diagnostics | Request starting HTTP/1.1 GET http://localhost:5217/api/ShiftAssignments/roster?start=2026-04-02&end=2026-04-09&orgId=2 - application/json null
2026-04-02 15:31:45.318 [INF] Microsoft.AspNetCore.Cors.Infrastructure.CorsService | CORS policy execution successful.
2026-04-02 15:31:45.318 [INF] Microsoft.AspNetCore.Routing.EndpointMiddleware | Executing endpoint 'backend.Controllers.ShiftAssignmentsController.GetMonthlyRosterFixed (backend)'
2026-04-02 15:31:45.318 [INF] Microsoft.AspNetCore.Mvc.Infrastructure.ControllerActionInvoker | Route matched with {action = "GetMonthlyRosterFixed", controller = "ShiftAssignments"}. Executing controller action with signature System.Threading.Tasks.Task`1[Microsoft.AspNetCore.Mvc.IActionResult] GetMonthlyRosterFixed(System.String, System.String, System.Nullable`1[System.Int32]) on controller backend.Controllers.ShiftAssignmentsController (backend).
2026-04-02 15:31:45.334 [INF] Microsoft.AspNetCore.Mvc.Infrastructure.ObjectResultExecutor | Executing OkObjectResult, writing value of type 'System.Collections.Generic.List`1[[backend.Models.EmployeeSchedule, backend, Version=1.0.0.0, Culture=neutral, PublicKeyToken=null]]'.
2026-04-02 15:31:45.334 [INF] Microsoft.AspNetCore.Mvc.Infrastructure.ControllerActionInvoker | Executed action backend.Controllers.ShiftAssignmentsController.GetMonthlyRosterFixed (backend) in 16.0037ms
2026-04-02 15:31:45.334 [INF] Microsoft.AspNetCore.Routing.EndpointMiddleware | Executed endpoint 'backend.Controllers.ShiftAssignmentsController.GetMonthlyRosterFixed (backend)'
2026-04-02 15:31:45.334 [INF] Serilog.AspNetCore.RequestLoggingMiddleware | HTTP GET /api/ShiftAssignments/roster → 200 (16.1ms)
2026-04-02 15:31:45.335 [INF] Microsoft.AspNetCore.Hosting.Diagnostics | Request finished HTTP/1.1 GET http://localhost:5217/api/ShiftAssignments/roster?start=2026-04-02&end=2026-04-09&orgId=2 - 200 null application/json; charset=utf-8 16.3406ms
2026-04-02 15:31:45.339 [INF] Microsoft.AspNetCore.Hosting.Diagnostics | Request starting HTTP/1.1 OPTIONS http://localhost:5217/api/Attendance/status?employeeId=31&orgId=2 - null null
2026-04-02 15:31:45.339 [INF] Microsoft.AspNetCore.Cors.Infrastructure.CorsService | CORS policy execution successful.
2026-04-02 15:31:45.339 [INF] Microsoft.AspNetCore.Hosting.Diagnostics | Request finished HTTP/1.1 OPTIONS http://localhost:5217/api/Attendance/status?employeeId=31&orgId=2 - 204 null null 0.117ms
2026-04-02 15:31:45.340 [INF] Microsoft.AspNetCore.Hosting.Diagnostics | Request starting HTTP/1.1 GET http://localhost:5217/api/Attendance/status?employeeId=31&orgId=2 - application/json null
2026-04-02 15:31:45.340 [INF] Microsoft.AspNetCore.Cors.Infrastructure.CorsService | CORS policy execution successful.
2026-04-02 15:31:45.340 [INF] Microsoft.AspNetCore.Routing.EndpointMiddleware | Executing endpoint 'backend.Controllers.AttendanceController.GetStatus (backend)'
2026-04-02 15:31:45.340 [INF] Microsoft.AspNetCore.Mvc.Infrastructure.ControllerActionInvoker | Route matched with {action = "GetStatus", controller = "Attendance"}. Executing controller action with signature System.Threading.Tasks.Task`1[Microsoft.AspNetCore.Mvc.IActionResult] GetStatus(Int32, Int32) on controller backend.Controllers.AttendanceController (backend).
2026-04-02 15:31:45.355 [ERR] backend.Controllers.AttendanceController | Error getting attendance status
Microsoft.Data.SqlClient.SqlException (0x80131904): Invalid column name 'FN'.
Invalid column name 'AN'.
   at System.Threading.Tasks.ContinuationResultTaskFromResultTask`2.InnerInvoke()
   at System.Threading.ExecutionContext.RunInternal(ExecutionContext executionContext, ContextCallback callback, Object state)
--- End of stack trace from previous location ---
   at System.Threading.ExecutionContext.RunInternal(ExecutionContext executionContext, ContextCallback callback, Object state)
   at System.Threading.Tasks.Task.ExecuteWithThreadLocal(Task& currentTaskSlot, Thread threadPoolThread)
--- End of stack trace from previous location ---
   at Dapper.SqlMapper.QueryRowAsync[T](IDbConnection cnn, Row row, Type effectiveType, CommandDefinition command) in /_/Dapper/SqlMapper.Async.cs:line 489
   at backend.Controllers.AttendanceController.GetStatus(Int32 employeeId, Int32 orgId) in C:\Repos_Work\Prodesx_HRM_Mobile_Application\backend\Controllers\AttendanceController.cs:line 235
ClientConnectionId:bdc514ae-67e4-441d-80ea-b9bbc29b8b15
Error Number:207,State:1,Class:16
2026-04-02 15:31:45.362 [INF] Microsoft.AspNetCore.Mvc.Infrastructure.ObjectResultExecutor | Executing ObjectResult, writing value of type 'System.String'.
2026-04-02 15:31:45.362 [INF] Microsoft.AspNetCore.Mvc.Infrastructure.ControllerActionInvoker | Executed action backend.Controllers.AttendanceController.GetStatus (backend) in 22.09ms
2026-04-02 15:31:45.362 [INF] Microsoft.AspNetCore.Routing.EndpointMiddleware | Executed endpoint 'backend.Controllers.AttendanceController.GetStatus (backend)'
2026-04-02 15:31:45.362 [ERR] Serilog.AspNetCore.RequestLoggingMiddleware | HTTP GET /api/Attendance/status → 500 (22.2ms)
2026-04-02 15:31:45.362 [INF] Microsoft.AspNetCore.Hosting.Diagnostics | Request finished HTTP/1.1 GET http://localhost:5217/api/Attendance/status?employeeId=31&orgId=2 - 500 null text/plain; charset=utf-8 22.5991ms
2026-04-02 15:34:01.622 [INF] Microsoft.AspNetCore.Hosting.Diagnostics | Request starting HTTP/1.1 OPTIONS http://localhost:5217/api/users/organizations - null null
2026-04-02 15:34:01.623 [INF] Microsoft.AspNetCore.Cors.Infrastructure.CorsService | CORS policy execution successful.
2026-04-02 15:34:01.623 [INF] Microsoft.AspNetCore.Hosting.Diagnostics | Request finished HTTP/1.1 OPTIONS http://localhost:5217/api/users/organizations - 204 null null 0.2534ms
2026-04-02 15:34:01.625 [INF] Microsoft.AspNetCore.Hosting.Diagnostics | Request starting HTTP/1.1 GET http://localhost:5217/api/users/organizations - null null
2026-04-02 15:34:01.625 [INF] Microsoft.AspNetCore.Cors.Infrastructure.CorsService | CORS policy execution successful.
2026-04-02 15:34:01.625 [INF] Microsoft.AspNetCore.Routing.EndpointMiddleware | Executing endpoint 'backend.Controllers.UsersController.GetOrganizations (backend)'
2026-04-02 15:34:01.625 [INF] Microsoft.AspNetCore.Mvc.Infrastructure.ControllerActionInvoker | Route matched with {action = "GetOrganizations", controller = "Users"}. Executing controller action with signature System.Threading.Tasks.Task`1[Microsoft.AspNetCore.Mvc.IActionResult] GetOrganizations() on controller backend.Controllers.UsersController (backend).
2026-04-02 15:34:01.625 [INF] backend.Controllers.UsersController | [Users] GET organizations | Role=SuperAdmin | UserId=18
2026-04-02 15:34:01.645 [INF] Microsoft.AspNetCore.Mvc.Infrastructure.ObjectResultExecutor | Executing OkObjectResult, writing value of type 'System.Collections.Generic.List`1[[backend.Models.Organization, backend, Version=1.0.0.0, Culture=neutral, PublicKeyToken=null]]'.
2026-04-02 15:34:01.645 [INF] Microsoft.AspNetCore.Mvc.Infrastructure.ControllerActionInvoker | Executed action backend.Controllers.UsersController.GetOrganizations (backend) in 19.7556ms
2026-04-02 15:34:01.645 [INF] Microsoft.AspNetCore.Routing.EndpointMiddleware | Executed endpoint 'backend.Controllers.UsersController.GetOrganizations (backend)'
2026-04-02 15:34:01.645 [INF] Serilog.AspNetCore.RequestLoggingMiddleware | HTTP GET /api/users/organizations → 200 (20.1ms)
2026-04-02 15:34:01.645 [INF] Microsoft.AspNetCore.Hosting.Diagnostics | Request finished HTTP/1.1 GET http://localhost:5217/api/users/organizations - 200 null application/json; charset=utf-8 20.5374ms
2026-04-02 15:34:01.695 [INF] Microsoft.AspNetCore.Hosting.Diagnostics | Request starting HTTP/1.1 OPTIONS http://localhost:5217/api/designations?organizationId=2 - null null
2026-04-02 15:34:01.695 [INF] Microsoft.AspNetCore.Cors.Infrastructure.CorsService | CORS policy execution successful.
2026-04-02 15:34:01.695 [INF] Microsoft.AspNetCore.Hosting.Diagnostics | Request finished HTTP/1.1 OPTIONS http://localhost:5217/api/designations?organizationId=2 - 204 null null 0.1724ms
2026-04-02 15:34:01.697 [INF] Microsoft.AspNetCore.Hosting.Diagnostics | Request starting HTTP/1.1 GET http://localhost:5217/api/designations?organizationId=2 - application/json null
2026-04-02 15:34:01.697 [INF] Microsoft.AspNetCore.Cors.Infrastructure.CorsService | CORS policy execution successful.
2026-04-02 15:34:01.697 [INF] Microsoft.AspNetCore.Routing.EndpointMiddleware | Executing endpoint 'backend.Controllers.DesignationController.GetDesignations (backend)'
2026-04-02 15:34:01.697 [INF] Microsoft.AspNetCore.Mvc.Infrastructure.ControllerActionInvoker | Route matched with {action = "GetDesignations", controller = "Designation"}. Executing controller action with signature System.Threading.Tasks.Task`1[Microsoft.AspNetCore.Mvc.IActionResult] GetDesignations(System.Nullable`1[System.Int32]) on controller backend.Controllers.DesignationController (backend).
2026-04-02 15:34:01.714 [INF] backend.Controllers.DesignationController | Fetched 8 designations for OrgId 2
2026-04-02 15:34:01.714 [INF] Microsoft.AspNetCore.Mvc.Infrastructure.ObjectResultExecutor | Executing OkObjectResult, writing value of type 'System.Collections.Generic.List`1[[backend.Models.Designation, backend, Version=1.0.0.0, Culture=neutral, PublicKeyToken=null]]'.
2026-04-02 15:34:01.715 [INF] Microsoft.AspNetCore.Mvc.Infrastructure.ControllerActionInvoker | Executed action backend.Controllers.DesignationController.GetDesignations (backend) in 17.4615ms
2026-04-02 15:34:01.715 [INF] Microsoft.AspNetCore.Routing.EndpointMiddleware | Executed endpoint 'backend.Controllers.DesignationController.GetDesignations (backend)'
2026-04-02 15:34:01.715 [INF] Serilog.AspNetCore.RequestLoggingMiddleware | HTTP GET /api/designations → 200 (17.6ms)
2026-04-02 15:34:01.715 [INF] Microsoft.AspNetCore.Hosting.Diagnostics | Request finished HTTP/1.1 GET http://localhost:5217/api/designations?organizationId=2 - 200 null application/json; charset=utf-8 18.1497ms
2026-04-02 15:34:19.517 [INF] Microsoft.AspNetCore.Hosting.Diagnostics | Request starting HTTP/1.1 OPTIONS http://localhost:5217/api/AttendanceMaster?date=2026-04-02&orgId=2 - null null
2026-04-02 15:34:19.518 [INF] Microsoft.AspNetCore.Cors.Infrastructure.CorsService | CORS policy execution successful.
2026-04-02 15:34:19.518 [INF] Microsoft.AspNetCore.Hosting.Diagnostics | Request finished HTTP/1.1 OPTIONS http://localhost:5217/api/AttendanceMaster?date=2026-04-02&orgId=2 - 204 null null 0.5398ms
2026-04-02 15:34:19.521 [INF] Microsoft.AspNetCore.Hosting.Diagnostics | Request starting HTTP/1.1 OPTIONS http://localhost:5217/api/LeaveType?orgId=2 - null null
2026-04-02 15:34:19.521 [INF] Microsoft.AspNetCore.Cors.Infrastructure.CorsService | CORS policy execution successful.
2026-04-02 15:34:19.521 [INF] Microsoft.AspNetCore.Hosting.Diagnostics | Request finished HTTP/1.1 OPTIONS http://localhost:5217/api/LeaveType?orgId=2 - 204 null null 0.2036ms
2026-04-02 15:34:19.521 [INF] Microsoft.AspNetCore.Hosting.Diagnostics | Request starting HTTP/1.1 GET http://localhost:5217/api/AttendanceMaster?date=2026-04-02&orgId=2 - application/json null
2026-04-02 15:34:19.521 [INF] Microsoft.AspNetCore.Cors.Infrastructure.CorsService | CORS policy execution successful.
2026-04-02 15:34:19.522 [INF] Microsoft.AspNetCore.Routing.EndpointMiddleware | Executing endpoint 'backend.Controllers.AttendanceMasterController.GetAttendance (backend)'
2026-04-02 15:34:19.522 [INF] Microsoft.AspNetCore.Mvc.Infrastructure.ControllerActionInvoker | Route matched with {action = "GetAttendance", controller = "AttendanceMaster"}. Executing controller action with signature System.Threading.Tasks.Task`1[Microsoft.AspNetCore.Mvc.IActionResult] GetAttendance(System.String, System.Nullable`1[System.Int32]) on controller backend.Controllers.AttendanceMasterController (backend).
2026-04-02 15:34:19.523 [INF] Microsoft.AspNetCore.Hosting.Diagnostics | Request starting HTTP/1.1 GET http://localhost:5217/api/LeaveType?orgId=2 - application/json null
2026-04-02 15:34:19.523 [INF] Microsoft.AspNetCore.Cors.Infrastructure.CorsService | CORS policy execution successful.
2026-04-02 15:34:19.523 [INF] Microsoft.AspNetCore.Routing.EndpointMiddleware | Executing endpoint 'backend.Controllers.LeaveTypeController.GetLeaveTypes (backend)'
2026-04-02 15:34:19.523 [INF] Microsoft.AspNetCore.Mvc.Infrastructure.ControllerActionInvoker | Route matched with {action = "GetLeaveTypes", controller = "LeaveType"}. Executing controller action with signature System.Threading.Tasks.Task`1[Microsoft.AspNetCore.Mvc.IActionResult] GetLeaveTypes(System.Nullable`1[System.Int32]) on controller backend.Controllers.LeaveTypeController (backend).
2026-04-02 15:34:19.540 [INF] Microsoft.AspNetCore.Mvc.Infrastructure.ObjectResultExecutor | Executing OkObjectResult, writing value of type 'System.Collections.Generic.List`1[[backend.Models.EmpAttendanceRecord, backend, Version=1.0.0.0, Culture=neutral, PublicKeyToken=null]]'.
2026-04-02 15:34:19.540 [INF] Microsoft.AspNetCore.Mvc.Infrastructure.ControllerActionInvoker | Executed action backend.Controllers.AttendanceMasterController.GetAttendance (backend) in 18.0166ms
2026-04-02 15:34:19.540 [INF] Microsoft.AspNetCore.Routing.EndpointMiddleware | Executed endpoint 'backend.Controllers.AttendanceMasterController.GetAttendance (backend)'
2026-04-02 15:34:19.540 [INF] Serilog.AspNetCore.RequestLoggingMiddleware | HTTP GET /api/AttendanceMaster → 200 (18.3ms)
2026-04-02 15:34:19.540 [INF] Microsoft.AspNetCore.Hosting.Diagnostics | Request finished HTTP/1.1 GET http://localhost:5217/api/AttendanceMaster?date=2026-04-02&orgId=2 - 200 null application/json; charset=utf-8 18.8822ms
2026-04-02 15:34:19.543 [INF] Microsoft.AspNetCore.Hosting.Diagnostics | Request starting HTTP/1.1 OPTIONS http://localhost:5217/hubs/attendance/negotiate?negotiateVersion=1 - null null
2026-04-02 15:34:19.543 [INF] Microsoft.AspNetCore.Cors.Infrastructure.CorsService | CORS policy execution successful.
2026-04-02 15:34:19.543 [INF] Microsoft.AspNetCore.Hosting.Diagnostics | Request finished HTTP/1.1 OPTIONS http://localhost:5217/hubs/attendance/negotiate?negotiateVersion=1 - 204 null null 0.1906ms
2026-04-02 15:34:19.544 [INF] Microsoft.AspNetCore.Hosting.Diagnostics | Request starting HTTP/1.1 POST http://localhost:5217/hubs/attendance/negotiate?negotiateVersion=1 - text/plain;charset=UTF-8 0
2026-04-02 15:34:19.544 [INF] Microsoft.AspNetCore.Cors.Infrastructure.CorsService | CORS policy execution successful.
2026-04-02 15:34:19.545 [INF] Microsoft.AspNetCore.Routing.EndpointMiddleware | Executing endpoint '/hubs/attendance/negotiate'
2026-04-02 15:34:19.545 [INF] Microsoft.AspNetCore.Routing.EndpointMiddleware | Executed endpoint '/hubs/attendance/negotiate'
2026-04-02 15:34:19.545 [INF] Serilog.AspNetCore.RequestLoggingMiddleware | HTTP POST /hubs/attendance/negotiate → 200 (0.2ms)
2026-04-02 15:34:19.545 [INF] Microsoft.AspNetCore.Hosting.Diagnostics | Request finished HTTP/1.1 POST http://localhost:5217/hubs/attendance/negotiate?negotiateVersion=1 - 200 316 application/json 0.5418ms
2026-04-02 15:34:19.719 [INF] Microsoft.AspNetCore.Hosting.Diagnostics | Request starting HTTP/1.1 GET http://localhost:5217/hubs/attendance?id=tshCu7TyseobUlRwlWDaDQ&access_token=eyJhbGciOiJIUzI1NiIsInR5cCI6IkpXVCJ9.eyJuYW1laWQiOiIxOCIsInVuaXF1ZV9uYW1lIjoidmFzYW50aGFrdW1hciIsImVtYWlsIjoidmFzYW50aDIwMDR2a0BnbWFpbC5jb20iLCJyb2xlIjoiU3VwZXJBZG1pbiIsIk9yZ2FuaXphdGlvbklkIjoiMiIsIk9yZ2FuaXphdGlvbkxvZ28iOiIvdXBsb2Fkcy9vcmctbG9nb3Mvb3JnLWxvZ28tNTg3M2M0NzVkOTFkNGJiZDkwNDZkZWVjNjY3ZDEzNmMuanBnIiwibmJmIjoxNzc1MTIzNTM1LCJleHAiOjE3NzUyMDk5MzUsImlhdCI6MTc3NTEyMzUzNSwiaXNzIjoiUHJvRGVzWC1CYWNrZW5kIiwiYXVkIjoiUHJvRGVzWC1Gcm9udGVuZCJ9.SnyONDad2SeD6DiKzJ1jn7GpLNQVcdbZ2iJxI_CkzGU - null null
2026-04-02 15:34:19.719 [INF] Microsoft.AspNetCore.Cors.Infrastructure.CorsService | CORS policy execution successful.
2026-04-02 15:34:19.719 [INF] Microsoft.AspNetCore.Routing.EndpointMiddleware | Executing endpoint '/hubs/attendance'
2026-04-02 15:34:20.147 [INF] Microsoft.AspNetCore.Mvc.Infrastructure.ObjectResultExecutor | Executing OkObjectResult, writing value of type 'System.Collections.Generic.List`1[[backend.Models.LeaveType, backend, Version=1.0.0.0, Culture=neutral, PublicKeyToken=null]]'.
2026-04-02 15:34:20.148 [INF] Microsoft.AspNetCore.Mvc.Infrastructure.ControllerActionInvoker | Executed action backend.Controllers.LeaveTypeController.GetLeaveTypes (backend) in 625.0557ms
2026-04-02 15:34:20.148 [INF] Microsoft.AspNetCore.Routing.EndpointMiddleware | Executed endpoint 'backend.Controllers.LeaveTypeController.GetLeaveTypes (backend)'
2026-04-02 15:34:20.148 [INF] Serilog.AspNetCore.RequestLoggingMiddleware | HTTP GET /api/LeaveType → 200 (625.3ms)
2026-04-02 15:34:20.148 [INF] Microsoft.AspNetCore.Hosting.Diagnostics | Request finished HTTP/1.1 GET http://localhost:5217/api/LeaveType?orgId=2 - 200 null application/json; charset=utf-8 625.6351ms
2026-04-02 15:34:20.309 [INF] Microsoft.AspNetCore.Hosting.Diagnostics | Request starting HTTP/1.1 GET http://localhost:5217/uploads/employee-photos/emp-28.jpg - null null
2026-04-02 15:34:20.312 [INF] Microsoft.AspNetCore.Cors.Infrastructure.CorsService | CORS policy execution successful.
2026-04-02 15:34:20.321 [INF] Serilog.AspNetCore.RequestLoggingMiddleware | HTTP GET /uploads/employee-photos/emp-28.jpg → 404 (0.6ms)
2026-04-02 15:34:20.321 [INF] Microsoft.AspNetCore.Hosting.Diagnostics | Request finished HTTP/1.1 GET http://localhost:5217/uploads/employee-photos/emp-28.jpg - 404 0 null 12.3666ms
2026-04-02 15:34:20.324 [INF] Microsoft.AspNetCore.Hosting.Diagnostics | Request reached the end of the middleware pipeline without being handled by application code. Request path: GET http://localhost:5217/uploads/employee-photos/emp-28.jpg, Response status code: 404
2026-04-02 15:36:25.463 [INF] Microsoft.AspNetCore.Routing.EndpointMiddleware | Executed endpoint '/hubs/attendance'
2026-04-02 15:36:25.463 [INF] Serilog.AspNetCore.RequestLoggingMiddleware | HTTP GET /hubs/attendance → 101 (125736.3ms)
2026-04-02 15:36:25.463 [INF] Microsoft.AspNetCore.Hosting.Diagnostics | Request finished HTTP/1.1 GET http://localhost:5217/hubs/attendance?id=tshCu7TyseobUlRwlWDaDQ&access_token=eyJhbGciOiJIUzI1NiIsInR5cCI6IkpXVCJ9.eyJuYW1laWQiOiIxOCIsInVuaXF1ZV9uYW1lIjoidmFzYW50aGFrdW1hciIsImVtYWlsIjoidmFzYW50aDIwMDR2a0BnbWFpbC5jb20iLCJyb2xlIjoiU3VwZXJBZG1pbiIsIk9yZ2FuaXphdGlvbklkIjoiMiIsIk9yZ2FuaXphdGlvbkxvZ28iOiIvdXBsb2Fkcy9vcmctbG9nb3Mvb3JnLWxvZ28tNTg3M2M0NzVkOTFkNGJiZDkwNDZkZWVjNjY3ZDEzNmMuanBnIiwibmJmIjoxNzc1MTIzNTM1LCJleHAiOjE3NzUyMDk5MzUsImlhdCI6MTc3NTEyMzUzNSwiaXNzIjoiUHJvRGVzWC1CYWNrZW5kIiwiYXVkIjoiUHJvRGVzWC1Gcm9udGVuZCJ9.SnyONDad2SeD6DiKzJ1jn7GpLNQVcdbZ2iJxI_CkzGU - 101 null null 125736.6502ms
2026-04-02 15:36:25.529 [INF] Microsoft.AspNetCore.Hosting.Diagnostics | Request starting HTTP/1.1 OPTIONS http://localhost:5217/hubs/attendance/negotiate?negotiateVersion=1 - null null
2026-04-02 15:36:25.529 [INF] Microsoft.AspNetCore.Cors.Infrastructure.CorsService | CORS policy execution successful.
2026-04-02 15:36:25.529 [INF] Microsoft.AspNetCore.Hosting.Diagnostics | Request finished HTTP/1.1 OPTIONS http://localhost:5217/hubs/attendance/negotiate?negotiateVersion=1 - 204 null null 0.1431ms
2026-04-02 15:36:25.530 [INF] Microsoft.AspNetCore.Hosting.Diagnostics | Request starting HTTP/1.1 POST http://localhost:5217/hubs/attendance/negotiate?negotiateVersion=1 - text/plain;charset=UTF-8 0
2026-04-02 15:36:25.530 [INF] Microsoft.AspNetCore.Cors.Infrastructure.CorsService | CORS policy execution successful.
2026-04-02 15:36:25.530 [INF] Microsoft.AspNetCore.Routing.EndpointMiddleware | Executing endpoint '/hubs/attendance/negotiate'
2026-04-02 15:36:25.532 [INF] Microsoft.AspNetCore.Routing.EndpointMiddleware | Executed endpoint '/hubs/attendance/negotiate'
2026-04-02 15:36:25.532 [INF] Serilog.AspNetCore.RequestLoggingMiddleware | HTTP POST /hubs/attendance/negotiate → 200 (1.6ms)
2026-04-02 15:36:25.532 [INF] Microsoft.AspNetCore.Hosting.Diagnostics | Request finished HTTP/1.1 POST http://localhost:5217/hubs/attendance/negotiate?negotiateVersion=1 - 200 316 application/json 1.9061ms
2026-04-02 15:36:25.543 [INF] Microsoft.AspNetCore.Hosting.Diagnostics | Request starting HTTP/1.1 GET http://localhost:5217/hubs/attendance?id=Wdl_gD_betuuSq_pexQSIw&access_token=eyJhbGciOiJIUzI1NiIsInR5cCI6IkpXVCJ9.eyJuYW1laWQiOiIxOCIsInVuaXF1ZV9uYW1lIjoidmFzYW50aGFrdW1hciIsImVtYWlsIjoidmFzYW50aDIwMDR2a0BnbWFpbC5jb20iLCJyb2xlIjoiU3VwZXJBZG1pbiIsIk9yZ2FuaXphdGlvbklkIjoiMiIsIk9yZ2FuaXphdGlvbkxvZ28iOiIvdXBsb2Fkcy9vcmctbG9nb3Mvb3JnLWxvZ28tNTg3M2M0NzVkOTFkNGJiZDkwNDZkZWVjNjY3ZDEzNmMuanBnIiwibmJmIjoxNzc1MTIzNTM1LCJleHAiOjE3NzUyMDk5MzUsImlhdCI6MTc3NTEyMzUzNSwiaXNzIjoiUHJvRGVzWC1CYWNrZW5kIiwiYXVkIjoiUHJvRGVzWC1Gcm9udGVuZCJ9.SnyONDad2SeD6DiKzJ1jn7GpLNQVcdbZ2iJxI_CkzGU - null null
2026-04-02 15:36:25.543 [INF] Microsoft.AspNetCore.Cors.Infrastructure.CorsService | CORS policy execution successful.
2026-04-02 15:36:25.543 [INF] Microsoft.AspNetCore.Routing.EndpointMiddleware | Executing endpoint '/hubs/attendance'
2026-04-02 15:38:44.332 [INF] Microsoft.AspNetCore.Hosting.Diagnostics | Request starting HTTP/1.1 OPTIONS http://localhost:5217/api/users/organizations - null null
2026-04-02 15:38:44.334 [INF] Microsoft.AspNetCore.Cors.Infrastructure.CorsService | CORS policy execution successful.
2026-04-02 15:38:44.334 [INF] Microsoft.AspNetCore.Hosting.Diagnostics | Request finished HTTP/1.1 OPTIONS http://localhost:5217/api/users/organizations - 204 null null 2.1823ms
2026-04-02 15:38:44.339 [INF] Microsoft.AspNetCore.Hosting.Diagnostics | Request starting HTTP/1.1 GET http://localhost:5217/api/users/organizations - null null
2026-04-02 15:38:44.339 [INF] Microsoft.AspNetCore.Cors.Infrastructure.CorsService | CORS policy execution successful.
2026-04-02 15:38:44.343 [INF] Microsoft.AspNetCore.Routing.EndpointMiddleware | Executing endpoint 'backend.Controllers.UsersController.GetOrganizations (backend)'
2026-04-02 15:38:44.348 [INF] Microsoft.AspNetCore.Mvc.Infrastructure.ControllerActionInvoker | Route matched with {action = "GetOrganizations", controller = "Users"}. Executing controller action with signature System.Threading.Tasks.Task`1[Microsoft.AspNetCore.Mvc.IActionResult] GetOrganizations() on controller backend.Controllers.UsersController (backend).
2026-04-02 15:38:44.350 [INF] backend.Controllers.UsersController | [Users] GET organizations | Role=SuperAdmin | UserId=18
2026-04-02 15:38:44.516 [INF] Microsoft.AspNetCore.Mvc.Infrastructure.ObjectResultExecutor | Executing OkObjectResult, writing value of type 'System.Collections.Generic.List`1[[backend.Models.Organization, backend, Version=1.0.0.0, Culture=neutral, PublicKeyToken=null]]'.
2026-04-02 15:38:44.519 [INF] Microsoft.AspNetCore.Mvc.Infrastructure.ControllerActionInvoker | Executed action backend.Controllers.UsersController.GetOrganizations (backend) in 170.2574ms
2026-04-02 15:38:44.519 [INF] Microsoft.AspNetCore.Routing.EndpointMiddleware | Executed endpoint 'backend.Controllers.UsersController.GetOrganizations (backend)'
2026-04-02 15:38:44.519 [INF] Serilog.AspNetCore.RequestLoggingMiddleware | HTTP GET /api/users/organizations → 200 (175.6ms)
2026-04-02 15:38:44.519 [INF] Microsoft.AspNetCore.Hosting.Diagnostics | Request finished HTTP/1.1 GET http://localhost:5217/api/users/organizations - 200 null application/json; charset=utf-8 179.9489ms
2026-04-02 15:38:44.566 [INF] Microsoft.AspNetCore.Hosting.Diagnostics | Request starting HTTP/1.1 OPTIONS http://localhost:5217/api/designations?organizationId=2 - null null
2026-04-02 15:38:44.566 [INF] Microsoft.AspNetCore.Cors.Infrastructure.CorsService | CORS policy execution successful.
2026-04-02 15:38:44.566 [INF] Microsoft.AspNetCore.Hosting.Diagnostics | Request finished HTTP/1.1 OPTIONS http://localhost:5217/api/designations?organizationId=2 - 204 null null 0.2747ms
2026-04-02 15:38:44.568 [INF] Microsoft.AspNetCore.Hosting.Diagnostics | Request starting HTTP/1.1 GET http://localhost:5217/api/designations?organizationId=2 - application/json null
2026-04-02 15:38:44.568 [INF] Microsoft.AspNetCore.Cors.Infrastructure.CorsService | CORS policy execution successful.
2026-04-02 15:38:44.569 [INF] Microsoft.AspNetCore.Routing.EndpointMiddleware | Executing endpoint 'backend.Controllers.DesignationController.GetDesignations (backend)'
2026-04-02 15:38:44.569 [INF] Microsoft.AspNetCore.Mvc.Infrastructure.ControllerActionInvoker | Route matched with {action = "GetDesignations", controller = "Designation"}. Executing controller action with signature System.Threading.Tasks.Task`1[Microsoft.AspNetCore.Mvc.IActionResult] GetDesignations(System.Nullable`1[System.Int32]) on controller backend.Controllers.DesignationController (backend).
2026-04-02 15:38:44.600 [INF] backend.Controllers.DesignationController | Fetched 8 designations for OrgId 2
2026-04-02 15:38:44.600 [INF] Microsoft.AspNetCore.Mvc.Infrastructure.ObjectResultExecutor | Executing OkObjectResult, writing value of type 'System.Collections.Generic.List`1[[backend.Models.Designation, backend, Version=1.0.0.0, Culture=neutral, PublicKeyToken=null]]'.
2026-04-02 15:38:44.601 [INF] Microsoft.AspNetCore.Mvc.Infrastructure.ControllerActionInvoker | Executed action backend.Controllers.DesignationController.GetDesignations (backend) in 31.7944ms
2026-04-02 15:38:44.601 [INF] Microsoft.AspNetCore.Routing.EndpointMiddleware | Executed endpoint 'backend.Controllers.DesignationController.GetDesignations (backend)'
2026-04-02 15:38:44.601 [INF] Serilog.AspNetCore.RequestLoggingMiddleware | HTTP GET /api/designations → 200 (32.3ms)
2026-04-02 15:38:44.601 [INF] Microsoft.AspNetCore.Hosting.Diagnostics | Request finished HTTP/1.1 GET http://localhost:5217/api/designations?organizationId=2 - 200 null application/json; charset=utf-8 32.6835ms
2026-04-02 15:41:58.530 [INF] Microsoft.AspNetCore.Routing.EndpointMiddleware | Executed endpoint '/hubs/attendance'
2026-04-02 15:41:58.531 [INF] Serilog.AspNetCore.RequestLoggingMiddleware | HTTP GET /hubs/attendance → 101 (332966.7ms)
2026-04-02 15:41:58.535 [INF] Microsoft.AspNetCore.Hosting.Diagnostics | Request finished HTTP/1.1 GET http://localhost:5217/hubs/attendance?id=Wdl_gD_betuuSq_pexQSIw&access_token=eyJhbGciOiJIUzI1NiIsInR5cCI6IkpXVCJ9.eyJuYW1laWQiOiIxOCIsInVuaXF1ZV9uYW1lIjoidmFzYW50aGFrdW1hciIsImVtYWlsIjoidmFzYW50aDIwMDR2a0BnbWFpbC5jb20iLCJyb2xlIjoiU3VwZXJBZG1pbiIsIk9yZ2FuaXphdGlvbklkIjoiMiIsIk9yZ2FuaXphdGlvbkxvZ28iOiIvdXBsb2Fkcy9vcmctbG9nb3Mvb3JnLWxvZ28tNTg3M2M0NzVkOTFkNGJiZDkwNDZkZWVjNjY3ZDEzNmMuanBnIiwibmJmIjoxNzc1MTIzNTM1LCJleHAiOjE3NzUyMDk5MzUsImlhdCI6MTc3NTEyMzUzNSwiaXNzIjoiUHJvRGVzWC1CYWNrZW5kIiwiYXVkIjoiUHJvRGVzWC1Gcm9udGVuZCJ9.SnyONDad2SeD6DiKzJ1jn7GpLNQVcdbZ2iJxI_CkzGU - 101 null null 332970.9317ms
2026-04-02 15:41:58.717 [INF] Microsoft.AspNetCore.Hosting.Diagnostics | Request starting HTTP/1.1 OPTIONS http://localhost:5217/hubs/attendance/negotiate?negotiateVersion=1 - null null
2026-04-02 15:41:58.717 [INF] Microsoft.AspNetCore.Cors.Infrastructure.CorsService | CORS policy execution successful.
2026-04-02 15:41:58.718 [INF] Microsoft.AspNetCore.Hosting.Diagnostics | Request finished HTTP/1.1 OPTIONS http://localhost:5217/hubs/attendance/negotiate?negotiateVersion=1 - 204 null null 1.3183ms
2026-04-02 15:41:58.720 [INF] Microsoft.AspNetCore.Hosting.Diagnostics | Request starting HTTP/1.1 POST http://localhost:5217/hubs/attendance/negotiate?negotiateVersion=1 - text/plain;charset=UTF-8 0
2026-04-02 15:41:58.720 [INF] Microsoft.AspNetCore.Cors.Infrastructure.CorsService | CORS policy execution successful.
2026-04-02 15:41:58.723 [INF] Microsoft.AspNetCore.Routing.EndpointMiddleware | Executing endpoint '/hubs/attendance/negotiate'
2026-04-02 15:41:58.729 [INF] Microsoft.AspNetCore.Routing.EndpointMiddleware | Executed endpoint '/hubs/attendance/negotiate'
2026-04-02 15:41:58.729 [INF] Serilog.AspNetCore.RequestLoggingMiddleware | HTTP POST /hubs/attendance/negotiate → 200 (5.5ms)
2026-04-02 15:41:58.729 [INF] Microsoft.AspNetCore.Hosting.Diagnostics | Request finished HTTP/1.1 POST http://localhost:5217/hubs/attendance/negotiate?negotiateVersion=1 - 200 316 application/json 9.3303ms
2026-04-02 15:41:58.742 [INF] Microsoft.AspNetCore.Hosting.Diagnostics | Request starting HTTP/1.1 GET http://localhost:5217/hubs/attendance?id=TfJ5tF4AdBVmSwSzvJJzug&access_token=eyJhbGciOiJIUzI1NiIsInR5cCI6IkpXVCJ9.eyJuYW1laWQiOiIxOCIsInVuaXF1ZV9uYW1lIjoidmFzYW50aGFrdW1hciIsImVtYWlsIjoidmFzYW50aDIwMDR2a0BnbWFpbC5jb20iLCJyb2xlIjoiU3VwZXJBZG1pbiIsIk9yZ2FuaXphdGlvbklkIjoiMiIsIk9yZ2FuaXphdGlvbkxvZ28iOiIvdXBsb2Fkcy9vcmctbG9nb3Mvb3JnLWxvZ28tNTg3M2M0NzVkOTFkNGJiZDkwNDZkZWVjNjY3ZDEzNmMuanBnIiwibmJmIjoxNzc1MTIzNTM1LCJleHAiOjE3NzUyMDk5MzUsImlhdCI6MTc3NTEyMzUzNSwiaXNzIjoiUHJvRGVzWC1CYWNrZW5kIiwiYXVkIjoiUHJvRGVzWC1Gcm9udGVuZCJ9.SnyONDad2SeD6DiKzJ1jn7GpLNQVcdbZ2iJxI_CkzGU - null null
2026-04-02 15:41:58.742 [INF] Microsoft.AspNetCore.Cors.Infrastructure.CorsService | CORS policy execution successful.
2026-04-02 15:41:58.743 [INF] Microsoft.AspNetCore.Routing.EndpointMiddleware | Executing endpoint '/hubs/attendance'
2026-04-02 15:43:33.682 [INF] Microsoft.AspNetCore.Hosting.Diagnostics | Request starting HTTP/1.1 OPTIONS http://localhost:5217/api/organizations - null null
2026-04-02 15:43:33.683 [INF] Microsoft.AspNetCore.Cors.Infrastructure.CorsService | CORS policy execution successful.
2026-04-02 15:43:33.683 [INF] Microsoft.AspNetCore.Hosting.Diagnostics | Request finished HTTP/1.1 OPTIONS http://localhost:5217/api/organizations - 204 null null 0.7409ms
2026-04-02 15:43:33.686 [INF] Microsoft.AspNetCore.Hosting.Diagnostics | Request starting HTTP/1.1 GET http://localhost:5217/api/organizations - application/json null
2026-04-02 15:43:33.687 [INF] Microsoft.AspNetCore.Cors.Infrastructure.CorsService | CORS policy execution successful.
2026-04-02 15:43:33.690 [INF] Microsoft.AspNetCore.Routing.EndpointMiddleware | Executing endpoint 'backend.Controllers.OrganizationsController.GetOrganizations (backend)'
2026-04-02 15:43:33.696 [INF] Microsoft.AspNetCore.Mvc.Infrastructure.ControllerActionInvoker | Route matched with {action = "GetOrganizations", controller = "Organizations"}. Executing controller action with signature System.Threading.Tasks.Task`1[Microsoft.AspNetCore.Mvc.IActionResult] GetOrganizations() on controller backend.Controllers.OrganizationsController (backend).
2026-04-02 15:43:33.701 [INF] backend.Controllers.OrganizationsController | [Orgs] GET all requested | Role=SuperAdmin | UserId=18
2026-04-02 15:43:33.860 [INF] Microsoft.AspNetCore.Mvc.Infrastructure.ObjectResultExecutor | Executing OkObjectResult, writing value of type 'System.Collections.Generic.List`1[[backend.Models.Organization, backend, Version=1.0.0.0, Culture=neutral, PublicKeyToken=null]]'.
2026-04-02 15:43:33.860 [INF] Microsoft.AspNetCore.Mvc.Infrastructure.ControllerActionInvoker | Executed action backend.Controllers.OrganizationsController.GetOrganizations (backend) in 163.963ms
2026-04-02 15:43:33.861 [INF] Microsoft.AspNetCore.Routing.EndpointMiddleware | Executed endpoint 'backend.Controllers.OrganizationsController.GetOrganizations (backend)'
2026-04-02 15:43:33.861 [INF] Serilog.AspNetCore.RequestLoggingMiddleware | HTTP GET /api/organizations → 200 (170.3ms)
2026-04-02 15:43:33.861 [INF] Microsoft.AspNetCore.Hosting.Diagnostics | Request finished HTTP/1.1 GET http://localhost:5217/api/organizations - 200 null application/json; charset=utf-8 174.303ms
2026-04-02 15:43:34.002 [INF] Microsoft.AspNetCore.Hosting.Diagnostics | Request starting HTTP/1.1 OPTIONS http://localhost:5217/api/leads - null null
2026-04-02 15:43:34.002 [INF] Microsoft.AspNetCore.Cors.Infrastructure.CorsService | CORS policy execution successful.
2026-04-02 15:43:34.002 [INF] Microsoft.AspNetCore.Hosting.Diagnostics | Request finished HTTP/1.1 OPTIONS http://localhost:5217/api/leads - 204 null null 0.7095ms
2026-04-02 15:43:34.005 [INF] Microsoft.AspNetCore.Hosting.Diagnostics | Request starting HTTP/1.1 GET http://localhost:5217/api/leads - application/json null
2026-04-02 15:43:34.005 [INF] Microsoft.AspNetCore.Cors.Infrastructure.CorsService | CORS policy execution successful.
2026-04-02 15:43:34.006 [INF] Microsoft.AspNetCore.Routing.EndpointMiddleware | Executing endpoint 'backend.Controllers.LeadsController.GetLeads (backend)'
2026-04-02 15:43:34.006 [INF] Microsoft.AspNetCore.Mvc.Infrastructure.ControllerActionInvoker | Route matched with {action = "GetLeads", controller = "Leads"}. Executing controller action with signature System.Threading.Tasks.Task`1[System.Collections.Generic.IEnumerable`1[backend.Models.Lead]] GetLeads() on controller backend.Controllers.LeadsController (backend).
2026-04-02 15:43:34.046 [INF] Microsoft.AspNetCore.Mvc.Infrastructure.ObjectResultExecutor | Executing ObjectResult, writing value of type 'System.Collections.Generic.List`1[[backend.Models.Lead, backend, Version=1.0.0.0, Culture=neutral, PublicKeyToken=null]]'.
2026-04-02 15:43:34.047 [INF] Microsoft.AspNetCore.Mvc.Infrastructure.ControllerActionInvoker | Executed action backend.Controllers.LeadsController.GetLeads (backend) in 41.3297ms
2026-04-02 15:43:34.047 [INF] Microsoft.AspNetCore.Routing.EndpointMiddleware | Executed endpoint 'backend.Controllers.LeadsController.GetLeads (backend)'
2026-04-02 15:43:34.047 [INF] Serilog.AspNetCore.RequestLoggingMiddleware | HTTP GET /api/leads → 200 (41.7ms)
2026-04-02 15:43:34.047 [INF] Microsoft.AspNetCore.Hosting.Diagnostics | Request finished HTTP/1.1 GET http://localhost:5217/api/leads - 200 null application/json; charset=utf-8 42.1499ms
2026-04-02 15:43:34.260 [INF] Microsoft.AspNetCore.Hosting.Diagnostics | Request starting HTTP/1.1 OPTIONS http://localhost:5217/api/employees?organizationId=2 - null null
2026-04-02 15:43:34.260 [INF] Microsoft.AspNetCore.Cors.Infrastructure.CorsService | CORS policy execution successful.
2026-04-02 15:43:34.260 [INF] Microsoft.AspNetCore.Hosting.Diagnostics | Request finished HTTP/1.1 OPTIONS http://localhost:5217/api/employees?organizationId=2 - 204 null null 0.372ms
2026-04-02 15:43:34.267 [INF] Microsoft.AspNetCore.Hosting.Diagnostics | Request starting HTTP/1.1 GET http://localhost:5217/api/employees?organizationId=2 - application/json null
2026-04-02 15:43:34.274 [INF] Microsoft.AspNetCore.Cors.Infrastructure.CorsService | CORS policy execution successful.
2026-04-02 15:43:34.275 [INF] Microsoft.AspNetCore.Routing.EndpointMiddleware | Executing endpoint 'backend.Controllers.EmployeesController.GetEmployees (backend)'
2026-04-02 15:43:34.283 [INF] Microsoft.AspNetCore.Mvc.Infrastructure.ControllerActionInvoker | Route matched with {action = "GetEmployees", controller = "Employees"}. Executing controller action with signature System.Threading.Tasks.Task`1[Microsoft.AspNetCore.Mvc.IActionResult] GetEmployees(System.Nullable`1[System.Int32]) on controller backend.Controllers.EmployeesController (backend).
2026-04-02 15:43:34.286 [INF] backend.Controllers.EmployeesController | [Employees] GET all | TargetOrgId=2 | UserOrgId=2
2026-04-02 15:43:34.306 [INF] Microsoft.AspNetCore.Mvc.Infrastructure.ObjectResultExecutor | Executing OkObjectResult, writing value of type 'System.Collections.Generic.List`1[[backend.Models.Employee, backend, Version=1.0.0.0, Culture=neutral, PublicKeyToken=null]]'.
2026-04-02 15:43:34.309 [INF] Microsoft.AspNetCore.Mvc.Infrastructure.ControllerActionInvoker | Executed action backend.Controllers.EmployeesController.GetEmployees (backend) in 25.7868ms
2026-04-02 15:43:34.309 [INF] Microsoft.AspNetCore.Routing.EndpointMiddleware | Executed endpoint 'backend.Controllers.EmployeesController.GetEmployees (backend)'
2026-04-02 15:43:34.309 [INF] Serilog.AspNetCore.RequestLoggingMiddleware | HTTP GET /api/employees → 200 (34.8ms)
2026-04-02 15:43:34.309 [INF] Microsoft.AspNetCore.Hosting.Diagnostics | Request finished HTTP/1.1 GET http://localhost:5217/api/employees?organizationId=2 - 200 null application/json; charset=utf-8 41.9817ms
2026-04-02 15:43:34.433 [INF] Microsoft.AspNetCore.Hosting.Diagnostics | Request starting HTTP/1.1 OPTIONS http://localhost:5217/api/ShiftAssignments/roster?start=2026-04-02&end=2026-04-09&orgId=2 - null null
2026-04-02 15:43:34.433 [INF] Microsoft.AspNetCore.Cors.Infrastructure.CorsService | CORS policy execution successful.
2026-04-02 15:43:34.433 [INF] Microsoft.AspNetCore.Hosting.Diagnostics | Request finished HTTP/1.1 OPTIONS http://localhost:5217/api/ShiftAssignments/roster?start=2026-04-02&end=2026-04-09&orgId=2 - 204 null null 0.4201ms
2026-04-02 15:43:34.437 [INF] Microsoft.AspNetCore.Hosting.Diagnostics | Request starting HTTP/1.1 GET http://localhost:5217/api/ShiftAssignments/roster?start=2026-04-02&end=2026-04-09&orgId=2 - application/json null
2026-04-02 15:43:34.438 [INF] Microsoft.AspNetCore.Cors.Infrastructure.CorsService | CORS policy execution successful.
2026-04-02 15:43:34.438 [INF] Microsoft.AspNetCore.Routing.EndpointMiddleware | Executing endpoint 'backend.Controllers.ShiftAssignmentsController.GetMonthlyRosterFixed (backend)'
2026-04-02 15:43:34.438 [INF] Microsoft.AspNetCore.Mvc.Infrastructure.ControllerActionInvoker | Route matched with {action = "GetMonthlyRosterFixed", controller = "ShiftAssignments"}. Executing controller action with signature System.Threading.Tasks.Task`1[Microsoft.AspNetCore.Mvc.IActionResult] GetMonthlyRosterFixed(System.String, System.String, System.Nullable`1[System.Int32]) on controller backend.Controllers.ShiftAssignmentsController (backend).
2026-04-02 15:43:34.460 [INF] Microsoft.AspNetCore.Mvc.Infrastructure.ObjectResultExecutor | Executing OkObjectResult, writing value of type 'System.Collections.Generic.List`1[[backend.Models.EmployeeSchedule, backend, Version=1.0.0.0, Culture=neutral, PublicKeyToken=null]]'.
2026-04-02 15:43:34.460 [INF] Microsoft.AspNetCore.Mvc.Infrastructure.ControllerActionInvoker | Executed action backend.Controllers.ShiftAssignmentsController.GetMonthlyRosterFixed (backend) in 21.59ms
2026-04-02 15:43:34.460 [INF] Microsoft.AspNetCore.Routing.EndpointMiddleware | Executed endpoint 'backend.Controllers.ShiftAssignmentsController.GetMonthlyRosterFixed (backend)'
2026-04-02 15:43:34.460 [INF] Serilog.AspNetCore.RequestLoggingMiddleware | HTTP GET /api/ShiftAssignments/roster → 200 (22.0ms)
2026-04-02 15:43:34.461 [INF] Microsoft.AspNetCore.Hosting.Diagnostics | Request finished HTTP/1.1 GET http://localhost:5217/api/ShiftAssignments/roster?start=2026-04-02&end=2026-04-09&orgId=2 - 200 null application/json; charset=utf-8 23.3431ms
2026-04-02 15:43:34.575 [INF] Microsoft.AspNetCore.Hosting.Diagnostics | Request starting HTTP/1.1 OPTIONS http://localhost:5217/api/Attendance/status?employeeId=31&orgId=2 - null null
2026-04-02 15:43:34.575 [INF] Microsoft.AspNetCore.Cors.Infrastructure.CorsService | CORS policy execution successful.
2026-04-02 15:43:34.575 [INF] Microsoft.AspNetCore.Hosting.Diagnostics | Request finished HTTP/1.1 OPTIONS http://localhost:5217/api/Attendance/status?employeeId=31&orgId=2 - 204 null null 0.2699ms
2026-04-02 15:43:34.581 [INF] Microsoft.AspNetCore.Hosting.Diagnostics | Request starting HTTP/1.1 GET http://localhost:5217/api/Attendance/status?employeeId=31&orgId=2 - application/json null
2026-04-02 15:43:34.581 [INF] Microsoft.AspNetCore.Cors.Infrastructure.CorsService | CORS policy execution successful.
2026-04-02 15:43:34.582 [INF] Microsoft.AspNetCore.Routing.EndpointMiddleware | Executing endpoint 'backend.Controllers.AttendanceController.GetStatus (backend)'
2026-04-02 15:43:34.582 [INF] Microsoft.AspNetCore.Mvc.Infrastructure.ControllerActionInvoker | Route matched with {action = "GetStatus", controller = "Attendance"}. Executing controller action with signature System.Threading.Tasks.Task`1[Microsoft.AspNetCore.Mvc.IActionResult] GetStatus(Int32, Int32) on controller backend.Controllers.AttendanceController (backend).
2026-04-02 15:43:34.626 [ERR] backend.Controllers.AttendanceController | Error getting attendance status
Microsoft.Data.SqlClient.SqlException (0x80131904): Invalid column name 'FN'.
Invalid column name 'AN'.
   at System.Threading.Tasks.ContinuationResultTaskFromResultTask`2.InnerInvoke()
   at System.Threading.ExecutionContext.RunInternal(ExecutionContext executionContext, ContextCallback callback, Object state)
--- End of stack trace from previous location ---
   at System.Threading.ExecutionContext.RunInternal(ExecutionContext executionContext, ContextCallback callback, Object state)
   at System.Threading.Tasks.Task.ExecuteWithThreadLocal(Task& currentTaskSlot, Thread threadPoolThread)
--- End of stack trace from previous location ---
   at Dapper.SqlMapper.QueryRowAsync[T](IDbConnection cnn, Row row, Type effectiveType, CommandDefinition command) in /_/Dapper/SqlMapper.Async.cs:line 489
   at backend.Controllers.AttendanceController.GetStatus(Int32 employeeId, Int32 orgId) in C:\Repos_Work\Prodesx_HRM_Mobile_Application\backend\Controllers\AttendanceController.cs:line 235
ClientConnectionId:9edfc2fb-13e6-4279-86ff-487af62fdcc8
Error Number:207,State:1,Class:16
2026-04-02 15:43:34.728 [INF] Microsoft.AspNetCore.Mvc.Infrastructure.ObjectResultExecutor | Executing ObjectResult, writing value of type 'System.String'.
2026-04-02 15:43:34.733 [INF] Microsoft.AspNetCore.Mvc.Infrastructure.ControllerActionInvoker | Executed action backend.Controllers.AttendanceController.GetStatus (backend) in 151.2003ms
2026-04-02 15:43:34.733 [INF] Microsoft.AspNetCore.Routing.EndpointMiddleware | Executed endpoint 'backend.Controllers.AttendanceController.GetStatus (backend)'
2026-04-02 15:43:34.733 [ERR] Serilog.AspNetCore.RequestLoggingMiddleware | HTTP GET /api/Attendance/status → 500 (151.6ms)
2026-04-02 15:43:34.734 [INF] Microsoft.AspNetCore.Hosting.Diagnostics | Request finished HTTP/1.1 GET http://localhost:5217/api/Attendance/status?employeeId=31&orgId=2 - 500 null text/plain; charset=utf-8 152.7328ms
2026-04-02 15:45:00.472 [INF] Microsoft.AspNetCore.Hosting.Diagnostics | Request starting HTTP/1.1 OPTIONS http://localhost:5217/api/EmpOT/GetOTByOrgId?orgId=2 - null null
2026-04-02 15:45:00.472 [INF] Microsoft.AspNetCore.Cors.Infrastructure.CorsService | CORS policy execution successful.
2026-04-02 15:45:00.472 [INF] Microsoft.AspNetCore.Hosting.Diagnostics | Request finished HTTP/1.1 OPTIONS http://localhost:5217/api/EmpOT/GetOTByOrgId?orgId=2 - 204 null null 0.4274ms
2026-04-02 15:45:00.475 [INF] Microsoft.AspNetCore.Hosting.Diagnostics | Request starting HTTP/1.1 OPTIONS http://localhost:5217/api/employees?orgId=2 - null null
2026-04-02 15:45:00.475 [INF] Microsoft.AspNetCore.Cors.Infrastructure.CorsService | CORS policy execution successful.
2026-04-02 15:45:00.475 [INF] Microsoft.AspNetCore.Hosting.Diagnostics | Request finished HTTP/1.1 OPTIONS http://localhost:5217/api/employees?orgId=2 - 204 null null 0.116ms
2026-04-02 15:45:00.477 [INF] Microsoft.AspNetCore.Hosting.Diagnostics | Request starting HTTP/1.1 GET http://localhost:5217/api/EmpOT/GetOTByOrgId?orgId=2 - application/json null
2026-04-02 15:45:00.477 [INF] Microsoft.AspNetCore.Cors.Infrastructure.CorsService | CORS policy execution successful.
2026-04-02 15:45:00.477 [INF] Microsoft.AspNetCore.Hosting.Diagnostics | Request starting HTTP/1.1 GET http://localhost:5217/api/employees?orgId=2 - application/json null
2026-04-02 15:45:00.477 [INF] Microsoft.AspNetCore.Cors.Infrastructure.CorsService | CORS policy execution successful.
2026-04-02 15:45:00.477 [INF] Microsoft.AspNetCore.Routing.EndpointMiddleware | Executing endpoint 'backend.Controllers.EmpOTController.GetOTByOrgId (backend)'
2026-04-02 15:45:00.477 [INF] Microsoft.AspNetCore.Routing.EndpointMiddleware | Executing endpoint 'backend.Controllers.EmployeesController.GetEmployees (backend)'
2026-04-02 15:45:00.477 [INF] Microsoft.AspNetCore.Mvc.Infrastructure.ControllerActionInvoker | Route matched with {action = "GetEmployees", controller = "Employees"}. Executing controller action with signature System.Threading.Tasks.Task`1[Microsoft.AspNetCore.Mvc.IActionResult] GetEmployees(System.Nullable`1[System.Int32]) on controller backend.Controllers.EmployeesController (backend).
2026-04-02 15:45:00.477 [INF] Microsoft.AspNetCore.Mvc.Infrastructure.ControllerActionInvoker | Route matched with {action = "GetOTByOrgId", controller = "EmpOT"}. Executing controller action with signature System.Threading.Tasks.Task`1[Microsoft.AspNetCore.Mvc.IActionResult] GetOTByOrgId(Int32) on controller backend.Controllers.EmpOTController (backend).
2026-04-02 15:45:00.478 [INF] backend.Controllers.EmployeesController | [Employees] GET all | TargetOrgId=2 | UserOrgId=2
2026-04-02 15:45:00.555 [INF] Microsoft.AspNetCore.Mvc.Infrastructure.ObjectResultExecutor | Executing OkObjectResult, writing value of type 'System.Collections.Generic.List`1[[backend.Models.EmpOT, backend, Version=1.0.0.0, Culture=neutral, PublicKeyToken=null]]'.
2026-04-02 15:45:00.556 [INF] Microsoft.AspNetCore.Mvc.Infrastructure.ControllerActionInvoker | Executed action backend.Controllers.EmpOTController.GetOTByOrgId (backend) in 78.8634ms
2026-04-02 15:45:00.556 [INF] Microsoft.AspNetCore.Routing.EndpointMiddleware | Executed endpoint 'backend.Controllers.EmpOTController.GetOTByOrgId (backend)'
2026-04-02 15:45:00.556 [INF] Serilog.AspNetCore.RequestLoggingMiddleware | HTTP GET /api/EmpOT/GetOTByOrgId → 200 (79.2ms)
2026-04-02 15:45:00.556 [INF] Microsoft.AspNetCore.Hosting.Diagnostics | Request finished HTTP/1.1 GET http://localhost:5217/api/EmpOT/GetOTByOrgId?orgId=2 - 200 null application/json; charset=utf-8 79.9095ms
2026-04-02 15:45:00.640 [INF] Microsoft.AspNetCore.Mvc.Infrastructure.ObjectResultExecutor | Executing OkObjectResult, writing value of type 'System.Collections.Generic.List`1[[backend.Models.Employee, backend, Version=1.0.0.0, Culture=neutral, PublicKeyToken=null]]'.
2026-04-02 15:45:00.640 [INF] Microsoft.AspNetCore.Mvc.Infrastructure.ControllerActionInvoker | Executed action backend.Controllers.EmployeesController.GetEmployees (backend) in 162.8858ms
2026-04-02 15:45:00.640 [INF] Microsoft.AspNetCore.Routing.EndpointMiddleware | Executed endpoint 'backend.Controllers.EmployeesController.GetEmployees (backend)'
2026-04-02 15:45:00.640 [INF] Serilog.AspNetCore.RequestLoggingMiddleware | HTTP GET /api/employees → 200 (163.1ms)
2026-04-02 15:45:00.640 [INF] Microsoft.AspNetCore.Hosting.Diagnostics | Request finished HTTP/1.1 GET http://localhost:5217/api/employees?orgId=2 - 200 null application/json; charset=utf-8 163.3285ms
2026-04-02 15:45:01.116 [INF] Microsoft.AspNetCore.Hosting.Diagnostics | Request starting HTTP/1.1 OPTIONS http://localhost:5217/hubs/empot/negotiate?negotiateVersion=1 - null null
2026-04-02 15:45:01.117 [INF] Microsoft.AspNetCore.Cors.Infrastructure.CorsService | CORS policy execution successful.
2026-04-02 15:45:01.117 [INF] Microsoft.AspNetCore.Hosting.Diagnostics | Request finished HTTP/1.1 OPTIONS http://localhost:5217/hubs/empot/negotiate?negotiateVersion=1 - 204 null null 0.9852ms
2026-04-02 15:45:01.119 [INF] Microsoft.AspNetCore.Hosting.Diagnostics | Request starting HTTP/1.1 POST http://localhost:5217/hubs/empot/negotiate?negotiateVersion=1 - text/plain;charset=UTF-8 0
2026-04-02 15:45:01.119 [INF] Microsoft.AspNetCore.Cors.Infrastructure.CorsService | CORS policy execution successful.
2026-04-02 15:45:01.119 [INF] Microsoft.AspNetCore.Routing.EndpointMiddleware | Executing endpoint '/hubs/empot/negotiate'
2026-04-02 15:45:01.124 [INF] Microsoft.AspNetCore.Routing.EndpointMiddleware | Executed endpoint '/hubs/empot/negotiate'
2026-04-02 15:45:01.124 [INF] Serilog.AspNetCore.RequestLoggingMiddleware | HTTP POST /hubs/empot/negotiate → 200 (4.3ms)
2026-04-02 15:45:01.124 [INF] Microsoft.AspNetCore.Hosting.Diagnostics | Request finished HTTP/1.1 POST http://localhost:5217/hubs/empot/negotiate?negotiateVersion=1 - 200 316 application/json 5.1164ms
2026-04-02 15:45:01.186 [INF] Microsoft.AspNetCore.Hosting.Diagnostics | Request starting HTTP/1.1 GET http://localhost:5217/hubs/empot?id=LiHSrvuUICBAHgkNDNaixw&access_token=eyJhbGciOiJIUzI1NiIsInR5cCI6IkpXVCJ9.eyJuYW1laWQiOiIxOCIsInVuaXF1ZV9uYW1lIjoidmFzYW50aGFrdW1hciIsImVtYWlsIjoidmFzYW50aDIwMDR2a0BnbWFpbC5jb20iLCJyb2xlIjoiU3VwZXJBZG1pbiIsIk9yZ2FuaXphdGlvbklkIjoiMiIsIk9yZ2FuaXphdGlvbkxvZ28iOiIvdXBsb2Fkcy9vcmctbG9nb3Mvb3JnLWxvZ28tNTg3M2M0NzVkOTFkNGJiZDkwNDZkZWVjNjY3ZDEzNmMuanBnIiwibmJmIjoxNzc1MTIzNTM1LCJleHAiOjE3NzUyMDk5MzUsImlhdCI6MTc3NTEyMzUzNSwiaXNzIjoiUHJvRGVzWC1CYWNrZW5kIiwiYXVkIjoiUHJvRGVzWC1Gcm9udGVuZCJ9.SnyONDad2SeD6DiKzJ1jn7GpLNQVcdbZ2iJxI_CkzGU - null null
2026-04-02 15:45:01.186 [INF] Microsoft.AspNetCore.Cors.Infrastructure.CorsService | CORS policy execution successful.
2026-04-02 15:45:01.186 [INF] Microsoft.AspNetCore.Routing.EndpointMiddleware | Executing endpoint '/hubs/empot'
2026-04-02 15:45:38.655 [INF] Microsoft.AspNetCore.Hosting.Diagnostics | Request starting HTTP/1.1 OPTIONS http://localhost:5217/api/organizations - null null
2026-04-02 15:45:38.661 [INF] Microsoft.AspNetCore.Cors.Infrastructure.CorsService | CORS policy execution successful.
2026-04-02 15:45:38.661 [INF] Microsoft.AspNetCore.Hosting.Diagnostics | Request finished HTTP/1.1 OPTIONS http://localhost:5217/api/organizations - 204 null null 5.8625ms
2026-04-02 15:45:38.669 [INF] Microsoft.AspNetCore.Hosting.Diagnostics | Request starting HTTP/1.1 OPTIONS http://localhost:5217/api/EmpOT/GetOTByOrgId?orgId=2 - null null
2026-04-02 15:45:38.669 [INF] Microsoft.AspNetCore.Cors.Infrastructure.CorsService | CORS policy execution successful.
2026-04-02 15:45:38.669 [INF] Microsoft.AspNetCore.Hosting.Diagnostics | Request finished HTTP/1.1 OPTIONS http://localhost:5217/api/EmpOT/GetOTByOrgId?orgId=2 - 204 null null 0.2166ms
2026-04-02 15:45:38.669 [INF] Microsoft.AspNetCore.Hosting.Diagnostics | Request starting HTTP/1.1 GET http://localhost:5217/api/organizations - application/json null
2026-04-02 15:45:38.669 [INF] Microsoft.AspNetCore.Cors.Infrastructure.CorsService | CORS policy execution successful.
2026-04-02 15:45:38.669 [INF] Microsoft.AspNetCore.Routing.EndpointMiddleware | Executing endpoint 'backend.Controllers.OrganizationsController.GetOrganizations (backend)'
2026-04-02 15:45:38.670 [INF] Microsoft.AspNetCore.Mvc.Infrastructure.ControllerActionInvoker | Route matched with {action = "GetOrganizations", controller = "Organizations"}. Executing controller action with signature System.Threading.Tasks.Task`1[Microsoft.AspNetCore.Mvc.IActionResult] GetOrganizations() on controller backend.Controllers.OrganizationsController (backend).
2026-04-02 15:45:38.670 [INF] backend.Controllers.OrganizationsController | [Orgs] GET all requested | Role=SuperAdmin | UserId=18
2026-04-02 15:45:38.670 [INF] Microsoft.AspNetCore.Hosting.Diagnostics | Request starting HTTP/1.1 OPTIONS http://localhost:5217/api/employees?orgId=2 - null null
2026-04-02 15:45:38.670 [INF] Microsoft.AspNetCore.Cors.Infrastructure.CorsService | CORS policy execution successful.
2026-04-02 15:45:38.671 [INF] Microsoft.AspNetCore.Hosting.Diagnostics | Request finished HTTP/1.1 OPTIONS http://localhost:5217/api/employees?orgId=2 - 204 null null 0.0922ms
2026-04-02 15:45:38.673 [INF] Microsoft.AspNetCore.Hosting.Diagnostics | Request starting HTTP/1.1 GET http://localhost:5217/api/EmpOT/GetOTByOrgId?orgId=2 - application/json null
2026-04-02 15:45:38.673 [INF] Microsoft.AspNetCore.Cors.Infrastructure.CorsService | CORS policy execution successful.
2026-04-02 15:45:38.675 [INF] Microsoft.AspNetCore.Hosting.Diagnostics | Request starting HTTP/1.1 GET http://localhost:5217/api/employees?orgId=2 - application/json null
2026-04-02 15:45:38.675 [INF] Microsoft.AspNetCore.Cors.Infrastructure.CorsService | CORS policy execution successful.
2026-04-02 15:45:38.675 [INF] Microsoft.AspNetCore.Routing.EndpointMiddleware | Executing endpoint 'backend.Controllers.EmployeesController.GetEmployees (backend)'
2026-04-02 15:45:38.676 [INF] Microsoft.AspNetCore.Mvc.Infrastructure.ControllerActionInvoker | Route matched with {action = "GetEmployees", controller = "Employees"}. Executing controller action with signature System.Threading.Tasks.Task`1[Microsoft.AspNetCore.Mvc.IActionResult] GetEmployees(System.Nullable`1[System.Int32]) on controller backend.Controllers.EmployeesController (backend).
2026-04-02 15:45:38.676 [INF] backend.Controllers.EmployeesController | [Employees] GET all | TargetOrgId=2 | UserOrgId=2
2026-04-02 15:45:38.677 [INF] Microsoft.AspNetCore.Routing.EndpointMiddleware | Executing endpoint 'backend.Controllers.EmpOTController.GetOTByOrgId (backend)'
2026-04-02 15:45:38.678 [INF] Microsoft.AspNetCore.Mvc.Infrastructure.ControllerActionInvoker | Route matched with {action = "GetOTByOrgId", controller = "EmpOT"}. Executing controller action with signature System.Threading.Tasks.Task`1[Microsoft.AspNetCore.Mvc.IActionResult] GetOTByOrgId(Int32) on controller backend.Controllers.EmpOTController (backend).
2026-04-02 15:45:38.686 [INF] Microsoft.AspNetCore.Mvc.Infrastructure.ObjectResultExecutor | Executing OkObjectResult, writing value of type 'System.Collections.Generic.List`1[[backend.Models.Organization, backend, Version=1.0.0.0, Culture=neutral, PublicKeyToken=null]]'.
2026-04-02 15:45:38.686 [INF] Microsoft.AspNetCore.Mvc.Infrastructure.ControllerActionInvoker | Executed action backend.Controllers.OrganizationsController.GetOrganizations (backend) in 16.8417ms
2026-04-02 15:45:38.687 [INF] Microsoft.AspNetCore.Routing.EndpointMiddleware | Executed endpoint 'backend.Controllers.OrganizationsController.GetOrganizations (backend)'
2026-04-02 15:45:38.687 [INF] Serilog.AspNetCore.RequestLoggingMiddleware | HTTP GET /api/organizations → 200 (17.1ms)
2026-04-02 15:45:38.687 [INF] Microsoft.AspNetCore.Hosting.Diagnostics | Request finished HTTP/1.1 GET http://localhost:5217/api/organizations - 200 null application/json; charset=utf-8 17.4133ms
2026-04-02 15:45:38.691 [INF] Microsoft.AspNetCore.Mvc.Infrastructure.ObjectResultExecutor | Executing OkObjectResult, writing value of type 'System.Collections.Generic.List`1[[backend.Models.Employee, backend, Version=1.0.0.0, Culture=neutral, PublicKeyToken=null]]'.
2026-04-02 15:45:38.692 [INF] Microsoft.AspNetCore.Mvc.Infrastructure.ControllerActionInvoker | Executed action backend.Controllers.EmployeesController.GetEmployees (backend) in 16.7862ms
2026-04-02 15:45:38.693 [INF] Microsoft.AspNetCore.Routing.EndpointMiddleware | Executed endpoint 'backend.Controllers.EmployeesController.GetEmployees (backend)'
2026-04-02 15:45:38.693 [INF] Serilog.AspNetCore.RequestLoggingMiddleware | HTTP GET /api/employees → 200 (17.2ms)
2026-04-02 15:45:38.693 [INF] Microsoft.AspNetCore.Hosting.Diagnostics | Request finished HTTP/1.1 GET http://localhost:5217/api/employees?orgId=2 - 200 null application/json; charset=utf-8 17.5195ms
2026-04-02 15:45:38.769 [INF] Microsoft.AspNetCore.Mvc.Infrastructure.ObjectResultExecutor | Executing OkObjectResult, writing value of type 'System.Collections.Generic.List`1[[backend.Models.EmpOT, backend, Version=1.0.0.0, Culture=neutral, PublicKeyToken=null]]'.
2026-04-02 15:45:38.769 [INF] Microsoft.AspNetCore.Mvc.Infrastructure.ControllerActionInvoker | Executed action backend.Controllers.EmpOTController.GetOTByOrgId (backend) in 91.3886ms
2026-04-02 15:45:38.769 [INF] Microsoft.AspNetCore.Routing.EndpointMiddleware | Executed endpoint 'backend.Controllers.EmpOTController.GetOTByOrgId (backend)'
2026-04-02 15:45:38.769 [INF] Serilog.AspNetCore.RequestLoggingMiddleware | HTTP GET /api/EmpOT/GetOTByOrgId → 200 (92.0ms)
2026-04-02 15:45:38.769 [INF] Microsoft.AspNetCore.Hosting.Diagnostics | Request finished HTTP/1.1 GET http://localhost:5217/api/EmpOT/GetOTByOrgId?orgId=2 - 200 null application/json; charset=utf-8 96.2186ms
2026-04-02 15:45:38.854 [INF] Microsoft.AspNetCore.Hosting.Diagnostics | Request starting HTTP/1.1 OPTIONS http://localhost:5217/api/leads - null null
2026-04-02 15:45:38.854 [INF] Microsoft.AspNetCore.Cors.Infrastructure.CorsService | CORS policy execution successful.
2026-04-02 15:45:38.854 [INF] Microsoft.AspNetCore.Hosting.Diagnostics | Request finished HTTP/1.1 OPTIONS http://localhost:5217/api/leads - 204 null null 0.1815ms
2026-04-02 15:45:38.856 [INF] Microsoft.AspNetCore.Hosting.Diagnostics | Request starting HTTP/1.1 GET http://localhost:5217/api/leads - application/json null
2026-04-02 15:45:38.856 [INF] Microsoft.AspNetCore.Cors.Infrastructure.CorsService | CORS policy execution successful.
2026-04-02 15:45:38.857 [INF] Microsoft.AspNetCore.Routing.EndpointMiddleware | Executing endpoint 'backend.Controllers.LeadsController.GetLeads (backend)'
2026-04-02 15:45:38.857 [INF] Microsoft.AspNetCore.Mvc.Infrastructure.ControllerActionInvoker | Route matched with {action = "GetLeads", controller = "Leads"}. Executing controller action with signature System.Threading.Tasks.Task`1[System.Collections.Generic.IEnumerable`1[backend.Models.Lead]] GetLeads() on controller backend.Controllers.LeadsController (backend).
2026-04-02 15:45:38.870 [INF] Microsoft.AspNetCore.Mvc.Infrastructure.ObjectResultExecutor | Executing ObjectResult, writing value of type 'System.Collections.Generic.List`1[[backend.Models.Lead, backend, Version=1.0.0.0, Culture=neutral, PublicKeyToken=null]]'.
2026-04-02 15:45:38.870 [INF] Microsoft.AspNetCore.Mvc.Infrastructure.ControllerActionInvoker | Executed action backend.Controllers.LeadsController.GetLeads (backend) in 13.5347ms
2026-04-02 15:45:38.870 [INF] Microsoft.AspNetCore.Routing.EndpointMiddleware | Executed endpoint 'backend.Controllers.LeadsController.GetLeads (backend)'
2026-04-02 15:45:38.870 [INF] Serilog.AspNetCore.RequestLoggingMiddleware | HTTP GET /api/leads → 200 (13.7ms)
2026-04-02 15:45:38.870 [INF] Microsoft.AspNetCore.Hosting.Diagnostics | Request finished HTTP/1.1 GET http://localhost:5217/api/leads - 200 null application/json; charset=utf-8 14.0732ms
2026-04-02 15:45:39.155 [INF] Microsoft.AspNetCore.Hosting.Diagnostics | Request starting HTTP/1.1 OPTIONS http://localhost:5217/api/employees?organizationId=2 - null null
2026-04-02 15:45:39.155 [INF] Microsoft.AspNetCore.Cors.Infrastructure.CorsService | CORS policy execution successful.
2026-04-02 15:45:39.155 [INF] Microsoft.AspNetCore.Hosting.Diagnostics | Request finished HTTP/1.1 OPTIONS http://localhost:5217/api/employees?organizationId=2 - 204 null null 0.1678ms
2026-04-02 15:45:39.160 [INF] Microsoft.AspNetCore.Hosting.Diagnostics | Request starting HTTP/1.1 GET http://localhost:5217/api/employees?organizationId=2 - application/json null
2026-04-02 15:45:39.160 [INF] Microsoft.AspNetCore.Cors.Infrastructure.CorsService | CORS policy execution successful.
2026-04-02 15:45:39.160 [INF] Microsoft.AspNetCore.Routing.EndpointMiddleware | Executing endpoint 'backend.Controllers.EmployeesController.GetEmployees (backend)'
2026-04-02 15:45:39.160 [INF] Microsoft.AspNetCore.Mvc.Infrastructure.ControllerActionInvoker | Route matched with {action = "GetEmployees", controller = "Employees"}. Executing controller action with signature System.Threading.Tasks.Task`1[Microsoft.AspNetCore.Mvc.IActionResult] GetEmployees(System.Nullable`1[System.Int32]) on controller backend.Controllers.EmployeesController (backend).
2026-04-02 15:45:39.160 [INF] backend.Controllers.EmployeesController | [Employees] GET all | TargetOrgId=2 | UserOrgId=2
2026-04-02 15:45:39.186 [INF] Microsoft.AspNetCore.Mvc.Infrastructure.ObjectResultExecutor | Executing OkObjectResult, writing value of type 'System.Collections.Generic.List`1[[backend.Models.Employee, backend, Version=1.0.0.0, Culture=neutral, PublicKeyToken=null]]'.
2026-04-02 15:45:39.186 [INF] Microsoft.AspNetCore.Mvc.Infrastructure.ControllerActionInvoker | Executed action backend.Controllers.EmployeesController.GetEmployees (backend) in 26.1448ms
2026-04-02 15:45:39.186 [INF] Microsoft.AspNetCore.Routing.EndpointMiddleware | Executed endpoint 'backend.Controllers.EmployeesController.GetEmployees (backend)'
2026-04-02 15:45:39.186 [INF] Serilog.AspNetCore.RequestLoggingMiddleware | HTTP GET /api/employees → 200 (26.4ms)
2026-04-02 15:45:39.187 [INF] Microsoft.AspNetCore.Hosting.Diagnostics | Request finished HTTP/1.1 GET http://localhost:5217/api/employees?organizationId=2 - 200 null application/json; charset=utf-8 26.7035ms
2026-04-02 15:45:39.212 [INF] Microsoft.AspNetCore.Hosting.Diagnostics | Request starting HTTP/1.1 OPTIONS http://localhost:5217/api/ShiftAssignments/roster?start=2026-04-02&end=2026-04-09&orgId=2 - null null
2026-04-02 15:45:39.212 [INF] Microsoft.AspNetCore.Cors.Infrastructure.CorsService | CORS policy execution successful.
2026-04-02 15:45:39.212 [INF] Microsoft.AspNetCore.Hosting.Diagnostics | Request finished HTTP/1.1 OPTIONS http://localhost:5217/api/ShiftAssignments/roster?start=2026-04-02&end=2026-04-09&orgId=2 - 204 null null 0.2335ms
2026-04-02 15:45:39.214 [INF] Microsoft.AspNetCore.Hosting.Diagnostics | Request starting HTTP/1.1 GET http://localhost:5217/api/ShiftAssignments/roster?start=2026-04-02&end=2026-04-09&orgId=2 - application/json null
2026-04-02 15:45:39.214 [INF] Microsoft.AspNetCore.Cors.Infrastructure.CorsService | CORS policy execution successful.
2026-04-02 15:45:39.214 [INF] Microsoft.AspNetCore.Routing.EndpointMiddleware | Executing endpoint 'backend.Controllers.ShiftAssignmentsController.GetMonthlyRosterFixed (backend)'
2026-04-02 15:45:39.214 [INF] Microsoft.AspNetCore.Mvc.Infrastructure.ControllerActionInvoker | Route matched with {action = "GetMonthlyRosterFixed", controller = "ShiftAssignments"}. Executing controller action with signature System.Threading.Tasks.Task`1[Microsoft.AspNetCore.Mvc.IActionResult] GetMonthlyRosterFixed(System.String, System.String, System.Nullable`1[System.Int32]) on controller backend.Controllers.ShiftAssignmentsController (backend).
2026-04-02 15:45:39.230 [INF] Microsoft.AspNetCore.Mvc.Infrastructure.ObjectResultExecutor | Executing OkObjectResult, writing value of type 'System.Collections.Generic.List`1[[backend.Models.EmployeeSchedule, backend, Version=1.0.0.0, Culture=neutral, PublicKeyToken=null]]'.
2026-04-02 15:45:39.230 [INF] Microsoft.AspNetCore.Mvc.Infrastructure.ControllerActionInvoker | Executed action backend.Controllers.ShiftAssignmentsController.GetMonthlyRosterFixed (backend) in 16.4805ms
2026-04-02 15:45:39.230 [INF] Microsoft.AspNetCore.Routing.EndpointMiddleware | Executed endpoint 'backend.Controllers.ShiftAssignmentsController.GetMonthlyRosterFixed (backend)'
2026-04-02 15:45:39.231 [INF] Serilog.AspNetCore.RequestLoggingMiddleware | HTTP GET /api/ShiftAssignments/roster → 200 (16.6ms)
2026-04-02 15:45:39.231 [INF] Microsoft.AspNetCore.Hosting.Diagnostics | Request finished HTTP/1.1 GET http://localhost:5217/api/ShiftAssignments/roster?start=2026-04-02&end=2026-04-09&orgId=2 - 200 null application/json; charset=utf-8 16.9511ms
2026-04-02 15:45:39.281 [INF] Microsoft.AspNetCore.Hosting.Diagnostics | Request starting HTTP/1.1 OPTIONS http://localhost:5217/api/Attendance/status?employeeId=31&orgId=2 - null null
2026-04-02 15:45:39.281 [INF] Microsoft.AspNetCore.Cors.Infrastructure.CorsService | CORS policy execution successful.
2026-04-02 15:45:39.281 [INF] Microsoft.AspNetCore.Hosting.Diagnostics | Request finished HTTP/1.1 OPTIONS http://localhost:5217/api/Attendance/status?employeeId=31&orgId=2 - 204 null null 0.1692ms
2026-04-02 15:45:39.282 [INF] Microsoft.AspNetCore.Hosting.Diagnostics | Request starting HTTP/1.1 GET http://localhost:5217/api/Attendance/status?employeeId=31&orgId=2 - application/json null
2026-04-02 15:45:39.283 [INF] Microsoft.AspNetCore.Cors.Infrastructure.CorsService | CORS policy execution successful.
2026-04-02 15:45:39.283 [INF] Microsoft.AspNetCore.Routing.EndpointMiddleware | Executing endpoint 'backend.Controllers.AttendanceController.GetStatus (backend)'
2026-04-02 15:45:39.283 [INF] Microsoft.AspNetCore.Mvc.Infrastructure.ControllerActionInvoker | Route matched with {action = "GetStatus", controller = "Attendance"}. Executing controller action with signature System.Threading.Tasks.Task`1[Microsoft.AspNetCore.Mvc.IActionResult] GetStatus(Int32, Int32) on controller backend.Controllers.AttendanceController (backend).
2026-04-02 15:45:39.304 [ERR] backend.Controllers.AttendanceController | Error getting attendance status
Microsoft.Data.SqlClient.SqlException (0x80131904): Invalid column name 'FN'.
Invalid column name 'AN'.
   at System.Threading.Tasks.ContinuationResultTaskFromResultTask`2.InnerInvoke()
   at System.Threading.ExecutionContext.RunInternal(ExecutionContext executionContext, ContextCallback callback, Object state)
--- End of stack trace from previous location ---
   at System.Threading.ExecutionContext.RunInternal(ExecutionContext executionContext, ContextCallback callback, Object state)
   at System.Threading.Tasks.Task.ExecuteWithThreadLocal(Task& currentTaskSlot, Thread threadPoolThread)
--- End of stack trace from previous location ---
   at Dapper.SqlMapper.QueryRowAsync[T](IDbConnection cnn, Row row, Type effectiveType, CommandDefinition command) in /_/Dapper/SqlMapper.Async.cs:line 489
   at backend.Controllers.AttendanceController.GetStatus(Int32 employeeId, Int32 orgId) in C:\Repos_Work\Prodesx_HRM_Mobile_Application\backend\Controllers\AttendanceController.cs:line 235
ClientConnectionId:f02f7f2f-9269-46d4-9d05-f82262196e47
Error Number:207,State:1,Class:16
2026-04-02 15:45:39.305 [INF] Microsoft.AspNetCore.Mvc.Infrastructure.ObjectResultExecutor | Executing ObjectResult, writing value of type 'System.String'.
2026-04-02 15:45:39.305 [INF] Microsoft.AspNetCore.Mvc.Infrastructure.ControllerActionInvoker | Executed action backend.Controllers.AttendanceController.GetStatus (backend) in 22.5801ms
2026-04-02 15:45:39.306 [INF] Microsoft.AspNetCore.Routing.EndpointMiddleware | Executed endpoint 'backend.Controllers.AttendanceController.GetStatus (backend)'
2026-04-02 15:45:39.306 [ERR] Serilog.AspNetCore.RequestLoggingMiddleware | HTTP GET /api/Attendance/status → 500 (22.9ms)
2026-04-02 15:45:39.306 [INF] Microsoft.AspNetCore.Hosting.Diagnostics | Request finished HTTP/1.1 GET http://localhost:5217/api/Attendance/status?employeeId=31&orgId=2 - 500 null text/plain; charset=utf-8 23.3829ms
2026-04-02 15:45:54.686 [INF] Microsoft.AspNetCore.Hosting.Diagnostics | Request starting HTTP/1.1 OPTIONS http://localhost:5217/api/users/organizations - null null
2026-04-02 15:45:54.687 [INF] Microsoft.AspNetCore.Cors.Infrastructure.CorsService | CORS policy execution successful.
2026-04-02 15:45:54.687 [INF] Microsoft.AspNetCore.Hosting.Diagnostics | Request finished HTTP/1.1 OPTIONS http://localhost:5217/api/users/organizations - 204 null null 0.8849ms
2026-04-02 15:45:54.689 [INF] Microsoft.AspNetCore.Hosting.Diagnostics | Request starting HTTP/1.1 GET http://localhost:5217/api/users/organizations - null null
2026-04-02 15:45:54.689 [INF] Microsoft.AspNetCore.Cors.Infrastructure.CorsService | CORS policy execution successful.
2026-04-02 15:45:54.690 [INF] Microsoft.AspNetCore.Routing.EndpointMiddleware | Executing endpoint 'backend.Controllers.UsersController.GetOrganizations (backend)'
2026-04-02 15:45:54.690 [INF] Microsoft.AspNetCore.Mvc.Infrastructure.ControllerActionInvoker | Route matched with {action = "GetOrganizations", controller = "Users"}. Executing controller action with signature System.Threading.Tasks.Task`1[Microsoft.AspNetCore.Mvc.IActionResult] GetOrganizations() on controller backend.Controllers.UsersController (backend).
2026-04-02 15:45:54.690 [INF] backend.Controllers.UsersController | [Users] GET organizations | Role=SuperAdmin | UserId=18
2026-04-02 15:45:54.718 [INF] Microsoft.AspNetCore.Mvc.Infrastructure.ObjectResultExecutor | Executing OkObjectResult, writing value of type 'System.Collections.Generic.List`1[[backend.Models.Organization, backend, Version=1.0.0.0, Culture=neutral, PublicKeyToken=null]]'.
2026-04-02 15:45:54.718 [INF] Microsoft.AspNetCore.Mvc.Infrastructure.ControllerActionInvoker | Executed action backend.Controllers.UsersController.GetOrganizations (backend) in 27.8643ms
2026-04-02 15:45:54.718 [INF] Microsoft.AspNetCore.Routing.EndpointMiddleware | Executed endpoint 'backend.Controllers.UsersController.GetOrganizations (backend)'
2026-04-02 15:45:54.718 [INF] Serilog.AspNetCore.RequestLoggingMiddleware | HTTP GET /api/users/organizations → 200 (28.1ms)
2026-04-02 15:45:54.718 [INF] Microsoft.AspNetCore.Hosting.Diagnostics | Request finished HTTP/1.1 GET http://localhost:5217/api/users/organizations - 200 null application/json; charset=utf-8 28.5062ms
2026-04-02 15:45:54.752 [INF] Microsoft.AspNetCore.Hosting.Diagnostics | Request starting HTTP/1.1 OPTIONS http://localhost:5217/api/designations?organizationId=2 - null null
2026-04-02 15:45:54.752 [INF] Microsoft.AspNetCore.Cors.Infrastructure.CorsService | CORS policy execution successful.
2026-04-02 15:45:54.752 [INF] Microsoft.AspNetCore.Hosting.Diagnostics | Request finished HTTP/1.1 OPTIONS http://localhost:5217/api/designations?organizationId=2 - 204 null null 0.303ms
2026-04-02 15:45:54.754 [INF] Microsoft.AspNetCore.Hosting.Diagnostics | Request starting HTTP/1.1 GET http://localhost:5217/api/designations?organizationId=2 - application/json null
2026-04-02 15:45:54.754 [INF] Microsoft.AspNetCore.Cors.Infrastructure.CorsService | CORS policy execution successful.
2026-04-02 15:45:54.754 [INF] Microsoft.AspNetCore.Routing.EndpointMiddleware | Executing endpoint 'backend.Controllers.DesignationController.GetDesignations (backend)'
2026-04-02 15:45:54.754 [INF] Microsoft.AspNetCore.Mvc.Infrastructure.ControllerActionInvoker | Route matched with {action = "GetDesignations", controller = "Designation"}. Executing controller action with signature System.Threading.Tasks.Task`1[Microsoft.AspNetCore.Mvc.IActionResult] GetDesignations(System.Nullable`1[System.Int32]) on controller backend.Controllers.DesignationController (backend).
2026-04-02 15:45:54.775 [INF] backend.Controllers.DesignationController | Fetched 8 designations for OrgId 2
2026-04-02 15:45:54.775 [INF] Microsoft.AspNetCore.Mvc.Infrastructure.ObjectResultExecutor | Executing OkObjectResult, writing value of type 'System.Collections.Generic.List`1[[backend.Models.Designation, backend, Version=1.0.0.0, Culture=neutral, PublicKeyToken=null]]'.
2026-04-02 15:45:54.776 [INF] Microsoft.AspNetCore.Mvc.Infrastructure.ControllerActionInvoker | Executed action backend.Controllers.DesignationController.GetDesignations (backend) in 21.1302ms
2026-04-02 15:45:54.776 [INF] Microsoft.AspNetCore.Routing.EndpointMiddleware | Executed endpoint 'backend.Controllers.DesignationController.GetDesignations (backend)'
2026-04-02 15:45:54.776 [INF] Serilog.AspNetCore.RequestLoggingMiddleware | HTTP GET /api/designations → 200 (21.4ms)
2026-04-02 15:45:54.776 [INF] Microsoft.AspNetCore.Hosting.Diagnostics | Request finished HTTP/1.1 GET http://localhost:5217/api/designations?organizationId=2 - 200 null application/json; charset=utf-8 21.8874ms
2026-04-02 15:46:02.169 [INF] Microsoft.AspNetCore.Hosting.Diagnostics | Request starting HTTP/1.1 OPTIONS http://localhost:5217/api/organizations - null null
2026-04-02 15:46:02.169 [INF] Microsoft.AspNetCore.Cors.Infrastructure.CorsService | CORS policy execution successful.
2026-04-02 15:46:02.169 [INF] Microsoft.AspNetCore.Hosting.Diagnostics | Request finished HTTP/1.1 OPTIONS http://localhost:5217/api/organizations - 204 null null 0.1504ms
2026-04-02 15:46:02.171 [INF] Microsoft.AspNetCore.Hosting.Diagnostics | Request starting HTTP/1.1 GET http://localhost:5217/api/organizations - application/json null
2026-04-02 15:46:02.171 [INF] Microsoft.AspNetCore.Cors.Infrastructure.CorsService | CORS policy execution successful.
2026-04-02 15:46:02.171 [INF] Microsoft.AspNetCore.Routing.EndpointMiddleware | Executing endpoint 'backend.Controllers.OrganizationsController.GetOrganizations (backend)'
2026-04-02 15:46:02.171 [INF] Microsoft.AspNetCore.Mvc.Infrastructure.ControllerActionInvoker | Route matched with {action = "GetOrganizations", controller = "Organizations"}. Executing controller action with signature System.Threading.Tasks.Task`1[Microsoft.AspNetCore.Mvc.IActionResult] GetOrganizations() on controller backend.Controllers.OrganizationsController (backend).
2026-04-02 15:46:02.171 [INF] backend.Controllers.OrganizationsController | [Orgs] GET all requested | Role=SuperAdmin | UserId=18
2026-04-02 15:46:02.192 [INF] Microsoft.AspNetCore.Mvc.Infrastructure.ObjectResultExecutor | Executing OkObjectResult, writing value of type 'System.Collections.Generic.List`1[[backend.Models.Organization, backend, Version=1.0.0.0, Culture=neutral, PublicKeyToken=null]]'.
2026-04-02 15:46:02.192 [INF] Microsoft.AspNetCore.Mvc.Infrastructure.ControllerActionInvoker | Executed action backend.Controllers.OrganizationsController.GetOrganizations (backend) in 21.4923ms
2026-04-02 15:46:02.193 [INF] Microsoft.AspNetCore.Routing.EndpointMiddleware | Executed endpoint 'backend.Controllers.OrganizationsController.GetOrganizations (backend)'
2026-04-02 15:46:02.193 [INF] Serilog.AspNetCore.RequestLoggingMiddleware | HTTP GET /api/organizations → 200 (21.8ms)
2026-04-02 15:46:02.193 [INF] Microsoft.AspNetCore.Hosting.Diagnostics | Request finished HTTP/1.1 GET http://localhost:5217/api/organizations - 200 null application/json; charset=utf-8 22.118ms
2026-04-02 15:46:02.831 [INF] Microsoft.AspNetCore.Hosting.Diagnostics | Request starting HTTP/1.1 OPTIONS http://localhost:5217/api/leads - null null
2026-04-02 15:46:02.831 [INF] Microsoft.AspNetCore.Cors.Infrastructure.CorsService | CORS policy execution successful.
2026-04-02 15:46:02.831 [INF] Microsoft.AspNetCore.Hosting.Diagnostics | Request finished HTTP/1.1 OPTIONS http://localhost:5217/api/leads - 204 null null 0.4281ms
2026-04-02 15:46:02.834 [INF] Microsoft.AspNetCore.Hosting.Diagnostics | Request starting HTTP/1.1 GET http://localhost:5217/api/leads - application/json null
2026-04-02 15:46:02.834 [INF] Microsoft.AspNetCore.Cors.Infrastructure.CorsService | CORS policy execution successful.
2026-04-02 15:46:02.834 [INF] Microsoft.AspNetCore.Routing.EndpointMiddleware | Executing endpoint 'backend.Controllers.LeadsController.GetLeads (backend)'
2026-04-02 15:46:02.834 [INF] Microsoft.AspNetCore.Mvc.Infrastructure.ControllerActionInvoker | Route matched with {action = "GetLeads", controller = "Leads"}. Executing controller action with signature System.Threading.Tasks.Task`1[System.Collections.Generic.IEnumerable`1[backend.Models.Lead]] GetLeads() on controller backend.Controllers.LeadsController (backend).
2026-04-02 15:46:02.862 [INF] Microsoft.AspNetCore.Mvc.Infrastructure.ObjectResultExecutor | Executing ObjectResult, writing value of type 'System.Collections.Generic.List`1[[backend.Models.Lead, backend, Version=1.0.0.0, Culture=neutral, PublicKeyToken=null]]'.
2026-04-02 15:46:02.862 [INF] Microsoft.AspNetCore.Mvc.Infrastructure.ControllerActionInvoker | Executed action backend.Controllers.LeadsController.GetLeads (backend) in 27.6265ms
2026-04-02 15:46:02.862 [INF] Microsoft.AspNetCore.Routing.EndpointMiddleware | Executed endpoint 'backend.Controllers.LeadsController.GetLeads (backend)'
2026-04-02 15:46:02.862 [INF] Serilog.AspNetCore.RequestLoggingMiddleware | HTTP GET /api/leads → 200 (27.8ms)
2026-04-02 15:46:02.862 [INF] Microsoft.AspNetCore.Hosting.Diagnostics | Request finished HTTP/1.1 GET http://localhost:5217/api/leads - 200 null application/json; charset=utf-8 28.1496ms
2026-04-02 15:46:03.201 [INF] Microsoft.AspNetCore.Hosting.Diagnostics | Request starting HTTP/1.1 OPTIONS http://localhost:5217/api/employees?organizationId=2 - null null
2026-04-02 15:46:03.201 [INF] Microsoft.AspNetCore.Cors.Infrastructure.CorsService | CORS policy execution successful.
2026-04-02 15:46:03.201 [INF] Microsoft.AspNetCore.Hosting.Diagnostics | Request finished HTTP/1.1 OPTIONS http://localhost:5217/api/employees?organizationId=2 - 204 null null 0.1688ms
2026-04-02 15:46:03.206 [INF] Microsoft.AspNetCore.Hosting.Diagnostics | Request starting HTTP/1.1 GET http://localhost:5217/api/employees?organizationId=2 - application/json null
2026-04-02 15:46:03.206 [INF] Microsoft.AspNetCore.Cors.Infrastructure.CorsService | CORS policy execution successful.
2026-04-02 15:46:03.206 [INF] Microsoft.AspNetCore.Routing.EndpointMiddleware | Executing endpoint 'backend.Controllers.EmployeesController.GetEmployees (backend)'
2026-04-02 15:46:03.206 [INF] Microsoft.AspNetCore.Mvc.Infrastructure.ControllerActionInvoker | Route matched with {action = "GetEmployees", controller = "Employees"}. Executing controller action with signature System.Threading.Tasks.Task`1[Microsoft.AspNetCore.Mvc.IActionResult] GetEmployees(System.Nullable`1[System.Int32]) on controller backend.Controllers.EmployeesController (backend).
2026-04-02 15:46:03.208 [INF] backend.Controllers.EmployeesController | [Employees] GET all | TargetOrgId=2 | UserOrgId=2
2026-04-02 15:46:03.228 [INF] Microsoft.AspNetCore.Mvc.Infrastructure.ObjectResultExecutor | Executing OkObjectResult, writing value of type 'System.Collections.Generic.List`1[[backend.Models.Employee, backend, Version=1.0.0.0, Culture=neutral, PublicKeyToken=null]]'.
2026-04-02 15:46:03.228 [INF] Microsoft.AspNetCore.Mvc.Infrastructure.ControllerActionInvoker | Executed action backend.Controllers.EmployeesController.GetEmployees (backend) in 21.6788ms
2026-04-02 15:46:03.228 [INF] Microsoft.AspNetCore.Routing.EndpointMiddleware | Executed endpoint 'backend.Controllers.EmployeesController.GetEmployees (backend)'
2026-04-02 15:46:03.228 [INF] Serilog.AspNetCore.RequestLoggingMiddleware | HTTP GET /api/employees → 200 (22.0ms)
2026-04-02 15:46:03.228 [INF] Microsoft.AspNetCore.Hosting.Diagnostics | Request finished HTTP/1.1 GET http://localhost:5217/api/employees?organizationId=2 - 200 null application/json; charset=utf-8 22.5649ms
2026-04-02 15:46:03.318 [INF] Microsoft.AspNetCore.Hosting.Diagnostics | Request starting HTTP/1.1 OPTIONS http://localhost:5217/api/ShiftAssignments/roster?start=2026-04-02&end=2026-04-09&orgId=2 - null null
2026-04-02 15:46:03.318 [INF] Microsoft.AspNetCore.Cors.Infrastructure.CorsService | CORS policy execution successful.
2026-04-02 15:46:03.318 [INF] Microsoft.AspNetCore.Hosting.Diagnostics | Request finished HTTP/1.1 OPTIONS http://localhost:5217/api/ShiftAssignments/roster?start=2026-04-02&end=2026-04-09&orgId=2 - 204 null null 0.4279ms
2026-04-02 15:46:03.321 [INF] Microsoft.AspNetCore.Hosting.Diagnostics | Request starting HTTP/1.1 GET http://localhost:5217/api/ShiftAssignments/roster?start=2026-04-02&end=2026-04-09&orgId=2 - application/json null
2026-04-02 15:46:03.321 [INF] Microsoft.AspNetCore.Cors.Infrastructure.CorsService | CORS policy execution successful.
2026-04-02 15:46:03.321 [INF] Microsoft.AspNetCore.Routing.EndpointMiddleware | Executing endpoint 'backend.Controllers.ShiftAssignmentsController.GetMonthlyRosterFixed (backend)'
2026-04-02 15:46:03.321 [INF] Microsoft.AspNetCore.Mvc.Infrastructure.ControllerActionInvoker | Route matched with {action = "GetMonthlyRosterFixed", controller = "ShiftAssignments"}. Executing controller action with signature System.Threading.Tasks.Task`1[Microsoft.AspNetCore.Mvc.IActionResult] GetMonthlyRosterFixed(System.String, System.String, System.Nullable`1[System.Int32]) on controller backend.Controllers.ShiftAssignmentsController (backend).
2026-04-02 15:46:03.374 [INF] Microsoft.AspNetCore.Mvc.Infrastructure.ObjectResultExecutor | Executing OkObjectResult, writing value of type 'System.Collections.Generic.List`1[[backend.Models.EmployeeSchedule, backend, Version=1.0.0.0, Culture=neutral, PublicKeyToken=null]]'.
2026-04-02 15:46:03.374 [INF] Microsoft.AspNetCore.Mvc.Infrastructure.ControllerActionInvoker | Executed action backend.Controllers.ShiftAssignmentsController.GetMonthlyRosterFixed (backend) in 53.1342ms
2026-04-02 15:46:03.374 [INF] Microsoft.AspNetCore.Routing.EndpointMiddleware | Executed endpoint 'backend.Controllers.ShiftAssignmentsController.GetMonthlyRosterFixed (backend)'
2026-04-02 15:46:03.374 [INF] Serilog.AspNetCore.RequestLoggingMiddleware | HTTP GET /api/ShiftAssignments/roster → 200 (53.3ms)
2026-04-02 15:46:03.374 [INF] Microsoft.AspNetCore.Hosting.Diagnostics | Request finished HTTP/1.1 GET http://localhost:5217/api/ShiftAssignments/roster?start=2026-04-02&end=2026-04-09&orgId=2 - 200 null application/json; charset=utf-8 53.8158ms
2026-04-02 15:46:03.493 [INF] Microsoft.AspNetCore.Hosting.Diagnostics | Request starting HTTP/1.1 OPTIONS http://localhost:5217/api/Attendance/status?employeeId=31&orgId=2 - null null
2026-04-02 15:46:03.493 [INF] Microsoft.AspNetCore.Cors.Infrastructure.CorsService | CORS policy execution successful.
2026-04-02 15:46:03.493 [INF] Microsoft.AspNetCore.Hosting.Diagnostics | Request finished HTTP/1.1 OPTIONS http://localhost:5217/api/Attendance/status?employeeId=31&orgId=2 - 204 null null 0.3364ms
2026-04-02 15:46:03.506 [INF] Microsoft.AspNetCore.Hosting.Diagnostics | Request starting HTTP/1.1 GET http://localhost:5217/api/Attendance/status?employeeId=31&orgId=2 - application/json null
2026-04-02 15:46:03.506 [INF] Microsoft.AspNetCore.Cors.Infrastructure.CorsService | CORS policy execution successful.
2026-04-02 15:46:03.507 [INF] Microsoft.AspNetCore.Routing.EndpointMiddleware | Executing endpoint 'backend.Controllers.AttendanceController.GetStatus (backend)'
2026-04-02 15:46:03.507 [INF] Microsoft.AspNetCore.Mvc.Infrastructure.ControllerActionInvoker | Route matched with {action = "GetStatus", controller = "Attendance"}. Executing controller action with signature System.Threading.Tasks.Task`1[Microsoft.AspNetCore.Mvc.IActionResult] GetStatus(Int32, Int32) on controller backend.Controllers.AttendanceController (backend).
2026-04-02 15:46:03.534 [ERR] backend.Controllers.AttendanceController | Error getting attendance status
Microsoft.Data.SqlClient.SqlException (0x80131904): Invalid column name 'FN'.
Invalid column name 'AN'.
   at System.Threading.Tasks.ContinuationResultTaskFromResultTask`2.InnerInvoke()
   at System.Threading.ExecutionContext.RunInternal(ExecutionContext executionContext, ContextCallback callback, Object state)
--- End of stack trace from previous location ---
   at System.Threading.ExecutionContext.RunInternal(ExecutionContext executionContext, ContextCallback callback, Object state)
   at System.Threading.Tasks.Task.ExecuteWithThreadLocal(Task& currentTaskSlot, Thread threadPoolThread)
--- End of stack trace from previous location ---
   at Dapper.SqlMapper.QueryRowAsync[T](IDbConnection cnn, Row row, Type effectiveType, CommandDefinition command) in /_/Dapper/SqlMapper.Async.cs:line 489
   at backend.Controllers.AttendanceController.GetStatus(Int32 employeeId, Int32 orgId) in C:\Repos_Work\Prodesx_HRM_Mobile_Application\backend\Controllers\AttendanceController.cs:line 235
ClientConnectionId:f02f7f2f-9269-46d4-9d05-f82262196e47
Error Number:207,State:1,Class:16
2026-04-02 15:46:03.537 [INF] Microsoft.AspNetCore.Mvc.Infrastructure.ObjectResultExecutor | Executing ObjectResult, writing value of type 'System.String'.
2026-04-02 15:46:03.537 [INF] Microsoft.AspNetCore.Mvc.Infrastructure.ControllerActionInvoker | Executed action backend.Controllers.AttendanceController.GetStatus (backend) in 30.3375ms
2026-04-02 15:46:03.537 [INF] Microsoft.AspNetCore.Routing.EndpointMiddleware | Executed endpoint 'backend.Controllers.AttendanceController.GetStatus (backend)'
2026-04-02 15:46:03.537 [ERR] Serilog.AspNetCore.RequestLoggingMiddleware | HTTP GET /api/Attendance/status → 500 (30.6ms)
2026-04-02 15:46:03.538 [INF] Microsoft.AspNetCore.Hosting.Diagnostics | Request finished HTTP/1.1 GET http://localhost:5217/api/Attendance/status?employeeId=31&orgId=2 - 500 null text/plain; charset=utf-8 31.5519ms
2026-04-02 15:46:23.537 [INF] Microsoft.AspNetCore.Hosting.Diagnostics | Request starting HTTP/1.1 OPTIONS http://localhost:5217/api/users/organizations - null null
2026-04-02 15:46:23.537 [INF] Microsoft.AspNetCore.Cors.Infrastructure.CorsService | CORS policy execution successful.
2026-04-02 15:46:23.537 [INF] Microsoft.AspNetCore.Hosting.Diagnostics | Request finished HTTP/1.1 OPTIONS http://localhost:5217/api/users/organizations - 204 null null 0.2111ms
2026-04-02 15:46:23.540 [INF] Microsoft.AspNetCore.Hosting.Diagnostics | Request starting HTTP/1.1 GET http://localhost:5217/api/users/organizations - null null
2026-04-02 15:46:23.540 [INF] Microsoft.AspNetCore.Cors.Infrastructure.CorsService | CORS policy execution successful.
2026-04-02 15:46:23.540 [INF] Microsoft.AspNetCore.Routing.EndpointMiddleware | Executing endpoint 'backend.Controllers.UsersController.GetOrganizations (backend)'
2026-04-02 15:46:23.540 [INF] Microsoft.AspNetCore.Mvc.Infrastructure.ControllerActionInvoker | Route matched with {action = "GetOrganizations", controller = "Users"}. Executing controller action with signature System.Threading.Tasks.Task`1[Microsoft.AspNetCore.Mvc.IActionResult] GetOrganizations() on controller backend.Controllers.UsersController (backend).
2026-04-02 15:46:23.540 [INF] backend.Controllers.UsersController | [Users] GET organizations | Role=SuperAdmin | UserId=18
2026-04-02 15:46:23.553 [INF] Microsoft.AspNetCore.Mvc.Infrastructure.ObjectResultExecutor | Executing OkObjectResult, writing value of type 'System.Collections.Generic.List`1[[backend.Models.Organization, backend, Version=1.0.0.0, Culture=neutral, PublicKeyToken=null]]'.
2026-04-02 15:46:23.554 [INF] Microsoft.AspNetCore.Mvc.Infrastructure.ControllerActionInvoker | Executed action backend.Controllers.UsersController.GetOrganizations (backend) in 13.48ms
2026-04-02 15:46:23.554 [INF] Microsoft.AspNetCore.Routing.EndpointMiddleware | Executed endpoint 'backend.Controllers.UsersController.GetOrganizations (backend)'
2026-04-02 15:46:23.554 [INF] Serilog.AspNetCore.RequestLoggingMiddleware | HTTP GET /api/users/organizations → 200 (13.7ms)
2026-04-02 15:46:23.554 [INF] Microsoft.AspNetCore.Hosting.Diagnostics | Request finished HTTP/1.1 GET http://localhost:5217/api/users/organizations - 200 null application/json; charset=utf-8 14.0539ms
2026-04-02 15:46:23.569 [INF] Microsoft.AspNetCore.Hosting.Diagnostics | Request starting HTTP/1.1 OPTIONS http://localhost:5217/api/designations?organizationId=2 - null null
2026-04-02 15:46:23.570 [INF] Microsoft.AspNetCore.Cors.Infrastructure.CorsService | CORS policy execution successful.
2026-04-02 15:46:23.570 [INF] Microsoft.AspNetCore.Hosting.Diagnostics | Request finished HTTP/1.1 OPTIONS http://localhost:5217/api/designations?organizationId=2 - 204 null null 0.2652ms
2026-04-02 15:46:23.572 [INF] Microsoft.AspNetCore.Hosting.Diagnostics | Request starting HTTP/1.1 GET http://localhost:5217/api/designations?organizationId=2 - application/json null
2026-04-02 15:46:23.572 [INF] Microsoft.AspNetCore.Cors.Infrastructure.CorsService | CORS policy execution successful.
2026-04-02 15:46:23.572 [INF] Microsoft.AspNetCore.Routing.EndpointMiddleware | Executing endpoint 'backend.Controllers.DesignationController.GetDesignations (backend)'
2026-04-02 15:46:23.572 [INF] Microsoft.AspNetCore.Mvc.Infrastructure.ControllerActionInvoker | Route matched with {action = "GetDesignations", controller = "Designation"}. Executing controller action with signature System.Threading.Tasks.Task`1[Microsoft.AspNetCore.Mvc.IActionResult] GetDesignations(System.Nullable`1[System.Int32]) on controller backend.Controllers.DesignationController (backend).
2026-04-02 15:46:23.603 [INF] backend.Controllers.DesignationController | Fetched 8 designations for OrgId 2
2026-04-02 15:46:23.603 [INF] Microsoft.AspNetCore.Mvc.Infrastructure.ObjectResultExecutor | Executing OkObjectResult, writing value of type 'System.Collections.Generic.List`1[[backend.Models.Designation, backend, Version=1.0.0.0, Culture=neutral, PublicKeyToken=null]]'.
2026-04-02 15:46:23.603 [INF] Microsoft.AspNetCore.Mvc.Infrastructure.ControllerActionInvoker | Executed action backend.Controllers.DesignationController.GetDesignations (backend) in 31.0039ms
2026-04-02 15:46:23.603 [INF] Microsoft.AspNetCore.Routing.EndpointMiddleware | Executed endpoint 'backend.Controllers.DesignationController.GetDesignations (backend)'
2026-04-02 15:46:23.603 [INF] Serilog.AspNetCore.RequestLoggingMiddleware | HTTP GET /api/designations → 200 (31.1ms)
2026-04-02 15:46:23.603 [INF] Microsoft.AspNetCore.Hosting.Diagnostics | Request finished HTTP/1.1 GET http://localhost:5217/api/designations?organizationId=2 - 200 null application/json; charset=utf-8 31.4595ms
2026-04-02 15:46:43.423 [INF] Microsoft.AspNetCore.Hosting.Diagnostics | Request starting HTTP/1.1 OPTIONS http://localhost:5217/api/users/organizations - null null
2026-04-02 15:46:43.424 [INF] Microsoft.AspNetCore.Cors.Infrastructure.CorsService | CORS policy execution successful.
2026-04-02 15:46:43.424 [INF] Microsoft.AspNetCore.Hosting.Diagnostics | Request finished HTTP/1.1 OPTIONS http://localhost:5217/api/users/organizations - 204 null null 0.3897ms
2026-04-02 15:46:43.426 [INF] Microsoft.AspNetCore.Hosting.Diagnostics | Request starting HTTP/1.1 GET http://localhost:5217/api/users/organizations - null null
2026-04-02 15:46:43.426 [INF] Microsoft.AspNetCore.Cors.Infrastructure.CorsService | CORS policy execution successful.
2026-04-02 15:46:43.427 [INF] Microsoft.AspNetCore.Routing.EndpointMiddleware | Executing endpoint 'backend.Controllers.UsersController.GetOrganizations (backend)'
2026-04-02 15:46:43.427 [INF] Microsoft.AspNetCore.Mvc.Infrastructure.ControllerActionInvoker | Route matched with {action = "GetOrganizations", controller = "Users"}. Executing controller action with signature System.Threading.Tasks.Task`1[Microsoft.AspNetCore.Mvc.IActionResult] GetOrganizations() on controller backend.Controllers.UsersController (backend).
2026-04-02 15:46:43.427 [INF] backend.Controllers.UsersController | [Users] GET organizations | Role=SuperAdmin | UserId=18
2026-04-02 15:46:43.473 [INF] Microsoft.AspNetCore.Mvc.Infrastructure.ObjectResultExecutor | Executing OkObjectResult, writing value of type 'System.Collections.Generic.List`1[[backend.Models.Organization, backend, Version=1.0.0.0, Culture=neutral, PublicKeyToken=null]]'.
2026-04-02 15:46:43.473 [INF] Microsoft.AspNetCore.Mvc.Infrastructure.ControllerActionInvoker | Executed action backend.Controllers.UsersController.GetOrganizations (backend) in 46.0263ms
2026-04-02 15:46:43.473 [INF] Microsoft.AspNetCore.Routing.EndpointMiddleware | Executed endpoint 'backend.Controllers.UsersController.GetOrganizations (backend)'
2026-04-02 15:46:43.473 [INF] Serilog.AspNetCore.RequestLoggingMiddleware | HTTP GET /api/users/organizations → 200 (46.2ms)
2026-04-02 15:46:43.473 [INF] Microsoft.AspNetCore.Hosting.Diagnostics | Request finished HTTP/1.1 GET http://localhost:5217/api/users/organizations - 200 null application/json; charset=utf-8 47.324ms
2026-04-02 15:46:43.507 [INF] Microsoft.AspNetCore.Hosting.Diagnostics | Request starting HTTP/1.1 OPTIONS http://localhost:5217/api/departments?organizationId=2 - null null
2026-04-02 15:46:43.510 [INF] Microsoft.AspNetCore.Cors.Infrastructure.CorsService | CORS policy execution successful.
2026-04-02 15:46:43.510 [INF] Microsoft.AspNetCore.Hosting.Diagnostics | Request finished HTTP/1.1 OPTIONS http://localhost:5217/api/departments?organizationId=2 - 204 null null 2.6099ms
2026-04-02 15:46:43.512 [INF] Microsoft.AspNetCore.Hosting.Diagnostics | Request starting HTTP/1.1 GET http://localhost:5217/api/departments?organizationId=2 - null null
2026-04-02 15:46:43.513 [INF] Microsoft.AspNetCore.Cors.Infrastructure.CorsService | CORS policy execution successful.
2026-04-02 15:46:43.513 [INF] Microsoft.AspNetCore.Routing.EndpointMiddleware | Executing endpoint 'backend.Controllers.DepartmentController.GetDepartments (backend)'
2026-04-02 15:46:43.513 [INF] Microsoft.AspNetCore.Mvc.Infrastructure.ControllerActionInvoker | Route matched with {action = "GetDepartments", controller = "Department"}. Executing controller action with signature System.Threading.Tasks.Task`1[Microsoft.AspNetCore.Mvc.IActionResult] GetDepartments(System.Nullable`1[System.Int32]) on controller backend.Controllers.DepartmentController (backend).
2026-04-02 15:46:43.529 [INF] Microsoft.AspNetCore.Mvc.Infrastructure.ObjectResultExecutor | Executing OkObjectResult, writing value of type 'System.Collections.Generic.List`1[[backend.Models.Department, backend, Version=1.0.0.0, Culture=neutral, PublicKeyToken=null]]'.
2026-04-02 15:46:43.530 [INF] Microsoft.AspNetCore.Mvc.Infrastructure.ControllerActionInvoker | Executed action backend.Controllers.DepartmentController.GetDepartments (backend) in 16.6061ms
2026-04-02 15:46:43.530 [INF] Microsoft.AspNetCore.Routing.EndpointMiddleware | Executed endpoint 'backend.Controllers.DepartmentController.GetDepartments (backend)'
2026-04-02 15:46:43.530 [INF] Serilog.AspNetCore.RequestLoggingMiddleware | HTTP GET /api/departments → 200 (16.9ms)
2026-04-02 15:46:43.530 [INF] Microsoft.AspNetCore.Hosting.Diagnostics | Request finished HTTP/1.1 GET http://localhost:5217/api/departments?organizationId=2 - 200 null application/json; charset=utf-8 17.5584ms
2026-04-02 15:46:52.571 [INF] Microsoft.AspNetCore.Hosting.Diagnostics | Request starting HTTP/1.1 OPTIONS http://localhost:5217/api/EmpOT/GetOTByOrgId?orgId=2 - null null
2026-04-02 15:46:52.571 [INF] Microsoft.AspNetCore.Cors.Infrastructure.CorsService | CORS policy execution successful.
2026-04-02 15:46:52.571 [INF] Microsoft.AspNetCore.Hosting.Diagnostics | Request finished HTTP/1.1 OPTIONS http://localhost:5217/api/EmpOT/GetOTByOrgId?orgId=2 - 204 null null 0.1767ms
2026-04-02 15:46:52.572 [INF] Microsoft.AspNetCore.Hosting.Diagnostics | Request starting HTTP/1.1 OPTIONS http://localhost:5217/api/employees?orgId=2 - null null
2026-04-02 15:46:52.572 [INF] Microsoft.AspNetCore.Cors.Infrastructure.CorsService | CORS policy execution successful.
2026-04-02 15:46:52.572 [INF] Microsoft.AspNetCore.Hosting.Diagnostics | Request finished HTTP/1.1 OPTIONS http://localhost:5217/api/employees?orgId=2 - 204 null null 0.1038ms
2026-04-02 15:46:52.575 [INF] Microsoft.AspNetCore.Hosting.Diagnostics | Request starting HTTP/1.1 GET http://localhost:5217/api/EmpOT/GetOTByOrgId?orgId=2 - application/json null
2026-04-02 15:46:52.575 [INF] Microsoft.AspNetCore.Cors.Infrastructure.CorsService | CORS policy execution successful.
2026-04-02 15:46:52.575 [INF] Microsoft.AspNetCore.Hosting.Diagnostics | Request starting HTTP/1.1 GET http://localhost:5217/api/employees?orgId=2 - application/json null
2026-04-02 15:46:52.575 [INF] Microsoft.AspNetCore.Cors.Infrastructure.CorsService | CORS policy execution successful.
2026-04-02 15:46:52.575 [INF] Microsoft.AspNetCore.Routing.EndpointMiddleware | Executing endpoint 'backend.Controllers.EmployeesController.GetEmployees (backend)'
2026-04-02 15:46:52.575 [INF] Microsoft.AspNetCore.Routing.EndpointMiddleware | Executing endpoint 'backend.Controllers.EmpOTController.GetOTByOrgId (backend)'
2026-04-02 15:46:52.576 [INF] Microsoft.AspNetCore.Mvc.Infrastructure.ControllerActionInvoker | Route matched with {action = "GetEmployees", controller = "Employees"}. Executing controller action with signature System.Threading.Tasks.Task`1[Microsoft.AspNetCore.Mvc.IActionResult] GetEmployees(System.Nullable`1[System.Int32]) on controller backend.Controllers.EmployeesController (backend).
2026-04-02 15:46:52.576 [INF] Microsoft.AspNetCore.Mvc.Infrastructure.ControllerActionInvoker | Route matched with {action = "GetOTByOrgId", controller = "EmpOT"}. Executing controller action with signature System.Threading.Tasks.Task`1[Microsoft.AspNetCore.Mvc.IActionResult] GetOTByOrgId(Int32) on controller backend.Controllers.EmpOTController (backend).
2026-04-02 15:46:52.576 [INF] backend.Controllers.EmployeesController | [Employees] GET all | TargetOrgId=2 | UserOrgId=2
2026-04-02 15:46:52.631 [INF] Microsoft.AspNetCore.Mvc.Infrastructure.ObjectResultExecutor | Executing OkObjectResult, writing value of type 'System.Collections.Generic.List`1[[backend.Models.EmpOT, backend, Version=1.0.0.0, Culture=neutral, PublicKeyToken=null]]'.
2026-04-02 15:46:52.631 [INF] Microsoft.AspNetCore.Mvc.Infrastructure.ControllerActionInvoker | Executed action backend.Controllers.EmpOTController.GetOTByOrgId (backend) in 55.3717ms
2026-04-02 15:46:52.631 [INF] Microsoft.AspNetCore.Mvc.Infrastructure.ObjectResultExecutor | Executing OkObjectResult, writing value of type 'System.Collections.Generic.List`1[[backend.Models.Employee, backend, Version=1.0.0.0, Culture=neutral, PublicKeyToken=null]]'.
2026-04-02 15:46:52.632 [INF] Microsoft.AspNetCore.Routing.EndpointMiddleware | Executed endpoint 'backend.Controllers.EmpOTController.GetOTByOrgId (backend)'
2026-04-02 15:46:52.632 [INF] Serilog.AspNetCore.RequestLoggingMiddleware | HTTP GET /api/EmpOT/GetOTByOrgId → 200 (56.6ms)
2026-04-02 15:46:52.632 [INF] Microsoft.AspNetCore.Mvc.Infrastructure.ControllerActionInvoker | Executed action backend.Controllers.EmployeesController.GetEmployees (backend) in 55.7294ms
2026-04-02 15:46:52.632 [INF] Microsoft.AspNetCore.Hosting.Diagnostics | Request finished HTTP/1.1 GET http://localhost:5217/api/EmpOT/GetOTByOrgId?orgId=2 - 200 null application/json; charset=utf-8 57.5617ms
2026-04-02 15:46:52.632 [INF] Microsoft.AspNetCore.Routing.EndpointMiddleware | Executed endpoint 'backend.Controllers.EmployeesController.GetEmployees (backend)'
2026-04-02 15:46:52.632 [INF] Serilog.AspNetCore.RequestLoggingMiddleware | HTTP GET /api/employees → 200 (57.2ms)
2026-04-02 15:46:52.632 [INF] Microsoft.AspNetCore.Hosting.Diagnostics | Request finished HTTP/1.1 GET http://localhost:5217/api/employees?orgId=2 - 200 null application/json; charset=utf-8 57.6059ms
2026-04-02 15:47:02.375 [INF] Microsoft.AspNetCore.Hosting.Diagnostics | Request starting HTTP/1.1 OPTIONS http://localhost:5217/api/AttendanceMaster?date=2026-04-02&orgId=2 - null null
2026-04-02 15:47:02.375 [INF] Microsoft.AspNetCore.Cors.Infrastructure.CorsService | CORS policy execution successful.
2026-04-02 15:47:02.375 [INF] Microsoft.AspNetCore.Hosting.Diagnostics | Request finished HTTP/1.1 OPTIONS http://localhost:5217/api/AttendanceMaster?date=2026-04-02&orgId=2 - 204 null null 0.2194ms
2026-04-02 15:47:02.376 [INF] Microsoft.AspNetCore.Hosting.Diagnostics | Request starting HTTP/1.1 OPTIONS http://localhost:5217/api/LeaveType?orgId=2 - null null
2026-04-02 15:47:02.376 [INF] Microsoft.AspNetCore.Cors.Infrastructure.CorsService | CORS policy execution successful.
2026-04-02 15:47:02.376 [INF] Microsoft.AspNetCore.Hosting.Diagnostics | Request finished HTTP/1.1 OPTIONS http://localhost:5217/api/LeaveType?orgId=2 - 204 null null 0.1162ms
2026-04-02 15:47:02.377 [INF] Microsoft.AspNetCore.Hosting.Diagnostics | Request starting HTTP/1.1 GET http://localhost:5217/api/AttendanceMaster?date=2026-04-02&orgId=2 - application/json null
2026-04-02 15:47:02.377 [INF] Microsoft.AspNetCore.Cors.Infrastructure.CorsService | CORS policy execution successful.
2026-04-02 15:47:02.378 [INF] Microsoft.AspNetCore.Routing.EndpointMiddleware | Executing endpoint 'backend.Controllers.AttendanceMasterController.GetAttendance (backend)'
2026-04-02 15:47:02.378 [INF] Microsoft.AspNetCore.Mvc.Infrastructure.ControllerActionInvoker | Route matched with {action = "GetAttendance", controller = "AttendanceMaster"}. Executing controller action with signature System.Threading.Tasks.Task`1[Microsoft.AspNetCore.Mvc.IActionResult] GetAttendance(System.String, System.Nullable`1[System.Int32]) on controller backend.Controllers.AttendanceMasterController (backend).
2026-04-02 15:47:02.379 [INF] Microsoft.AspNetCore.Hosting.Diagnostics | Request starting HTTP/1.1 GET http://localhost:5217/api/LeaveType?orgId=2 - application/json null
2026-04-02 15:47:02.379 [INF] Microsoft.AspNetCore.Cors.Infrastructure.CorsService | CORS policy execution successful.
2026-04-02 15:47:02.379 [INF] Microsoft.AspNetCore.Routing.EndpointMiddleware | Executing endpoint 'backend.Controllers.LeaveTypeController.GetLeaveTypes (backend)'
2026-04-02 15:47:02.379 [INF] Microsoft.AspNetCore.Mvc.Infrastructure.ControllerActionInvoker | Route matched with {action = "GetLeaveTypes", controller = "LeaveType"}. Executing controller action with signature System.Threading.Tasks.Task`1[Microsoft.AspNetCore.Mvc.IActionResult] GetLeaveTypes(System.Nullable`1[System.Int32]) on controller backend.Controllers.LeaveTypeController (backend).
2026-04-02 15:47:02.401 [INF] Microsoft.AspNetCore.Mvc.Infrastructure.ObjectResultExecutor | Executing OkObjectResult, writing value of type 'System.Collections.Generic.List`1[[backend.Models.LeaveType, backend, Version=1.0.0.0, Culture=neutral, PublicKeyToken=null]]'.
2026-04-02 15:47:02.401 [INF] Microsoft.AspNetCore.Mvc.Infrastructure.ControllerActionInvoker | Executed action backend.Controllers.LeaveTypeController.GetLeaveTypes (backend) in 21.642ms
2026-04-02 15:47:02.401 [INF] Microsoft.AspNetCore.Routing.EndpointMiddleware | Executed endpoint 'backend.Controllers.LeaveTypeController.GetLeaveTypes (backend)'
2026-04-02 15:47:02.401 [INF] Serilog.AspNetCore.RequestLoggingMiddleware | HTTP GET /api/LeaveType → 200 (22.0ms)
2026-04-02 15:47:02.401 [INF] Microsoft.AspNetCore.Hosting.Diagnostics | Request finished HTTP/1.1 GET http://localhost:5217/api/LeaveType?orgId=2 - 200 null application/json; charset=utf-8 22.4286ms
2026-04-02 15:47:02.402 [INF] Microsoft.AspNetCore.Mvc.Infrastructure.ObjectResultExecutor | Executing OkObjectResult, writing value of type 'System.Collections.Generic.List`1[[backend.Models.EmpAttendanceRecord, backend, Version=1.0.0.0, Culture=neutral, PublicKeyToken=null]]'.
2026-04-02 15:47:02.403 [INF] Microsoft.AspNetCore.Mvc.Infrastructure.ControllerActionInvoker | Executed action backend.Controllers.AttendanceMasterController.GetAttendance (backend) in 24.4444ms
2026-04-02 15:47:02.403 [INF] Microsoft.AspNetCore.Routing.EndpointMiddleware | Executed endpoint 'backend.Controllers.AttendanceMasterController.GetAttendance (backend)'
2026-04-02 15:47:02.403 [INF] Serilog.AspNetCore.RequestLoggingMiddleware | HTTP GET /api/AttendanceMaster → 200 (24.9ms)
2026-04-02 15:47:02.403 [INF] Microsoft.AspNetCore.Hosting.Diagnostics | Request finished HTTP/1.1 GET http://localhost:5217/api/AttendanceMaster?date=2026-04-02&orgId=2 - 200 null application/json; charset=utf-8 25.3786ms
2026-04-02 15:48:35.331 [INF] Microsoft.AspNetCore.Routing.EndpointMiddleware | Executed endpoint '/hubs/empot'
2026-04-02 15:48:35.332 [INF] Serilog.AspNetCore.RequestLoggingMiddleware | HTTP GET /hubs/empot → 101 (214132.0ms)
2026-04-02 15:48:35.332 [INF] Microsoft.AspNetCore.Hosting.Diagnostics | Request finished HTTP/1.1 GET http://localhost:5217/hubs/empot?id=LiHSrvuUICBAHgkNDNaixw&access_token=eyJhbGciOiJIUzI1NiIsInR5cCI6IkpXVCJ9.eyJuYW1laWQiOiIxOCIsInVuaXF1ZV9uYW1lIjoidmFzYW50aGFrdW1hciIsImVtYWlsIjoidmFzYW50aDIwMDR2a0BnbWFpbC5jb20iLCJyb2xlIjoiU3VwZXJBZG1pbiIsIk9yZ2FuaXphdGlvbklkIjoiMiIsIk9yZ2FuaXphdGlvbkxvZ28iOiIvdXBsb2Fkcy9vcmctbG9nb3Mvb3JnLWxvZ28tNTg3M2M0NzVkOTFkNGJiZDkwNDZkZWVjNjY3ZDEzNmMuanBnIiwibmJmIjoxNzc1MTIzNTM1LCJleHAiOjE3NzUyMDk5MzUsImlhdCI6MTc3NTEyMzUzNSwiaXNzIjoiUHJvRGVzWC1CYWNrZW5kIiwiYXVkIjoiUHJvRGVzWC1Gcm9udGVuZCJ9.SnyONDad2SeD6DiKzJ1jn7GpLNQVcdbZ2iJxI_CkzGU - 101 null null 214132.4427ms
2026-04-02 15:48:35.333 [INF] Microsoft.AspNetCore.Routing.EndpointMiddleware | Executed endpoint '/hubs/attendance'
2026-04-02 15:48:35.333 [INF] Serilog.AspNetCore.RequestLoggingMiddleware | HTTP GET /hubs/attendance → 101 (396564.6ms)
2026-04-02 15:48:35.333 [INF] Microsoft.AspNetCore.Hosting.Diagnostics | Request finished HTTP/1.1 GET http://localhost:5217/hubs/attendance?id=TfJ5tF4AdBVmSwSzvJJzug&access_token=eyJhbGciOiJIUzI1NiIsInR5cCI6IkpXVCJ9.eyJuYW1laWQiOiIxOCIsInVuaXF1ZV9uYW1lIjoidmFzYW50aGFrdW1hciIsImVtYWlsIjoidmFzYW50aDIwMDR2a0BnbWFpbC5jb20iLCJyb2xlIjoiU3VwZXJBZG1pbiIsIk9yZ2FuaXphdGlvbklkIjoiMiIsIk9yZ2FuaXphdGlvbkxvZ28iOiIvdXBsb2Fkcy9vcmctbG9nb3Mvb3JnLWxvZ28tNTg3M2M0NzVkOTFkNGJiZDkwNDZkZWVjNjY3ZDEzNmMuanBnIiwibmJmIjoxNzc1MTIzNTM1LCJleHAiOjE3NzUyMDk5MzUsImlhdCI6MTc3NTEyMzUzNSwiaXNzIjoiUHJvRGVzWC1CYWNrZW5kIiwiYXVkIjoiUHJvRGVzWC1Gcm9udGVuZCJ9.SnyONDad2SeD6DiKzJ1jn7GpLNQVcdbZ2iJxI_CkzGU - 101 null null 396566.409ms
2026-04-02 15:48:35.357 [INF] Microsoft.AspNetCore.Hosting.Diagnostics | Request starting HTTP/1.1 OPTIONS http://localhost:5217/hubs/empot/negotiate?negotiateVersion=1 - null null
2026-04-02 15:48:35.358 [INF] Microsoft.AspNetCore.Cors.Infrastructure.CorsService | CORS policy execution successful.
2026-04-02 15:48:35.358 [INF] Microsoft.AspNetCore.Hosting.Diagnostics | Request finished HTTP/1.1 OPTIONS http://localhost:5217/hubs/empot/negotiate?negotiateVersion=1 - 204 null null 0.2032ms
2026-04-02 15:48:35.359 [INF] Microsoft.AspNetCore.Hosting.Diagnostics | Request starting HTTP/1.1 POST http://localhost:5217/hubs/empot/negotiate?negotiateVersion=1 - text/plain;charset=UTF-8 0
2026-04-02 15:48:35.359 [INF] Microsoft.AspNetCore.Cors.Infrastructure.CorsService | CORS policy execution successful.
2026-04-02 15:48:35.359 [INF] Microsoft.AspNetCore.Routing.EndpointMiddleware | Executing endpoint '/hubs/empot/negotiate'
2026-04-02 15:48:35.360 [INF] Microsoft.AspNetCore.Hosting.Diagnostics | Request starting HTTP/1.1 OPTIONS http://localhost:5217/hubs/attendance/negotiate?negotiateVersion=1 - null null
2026-04-02 15:48:35.360 [INF] Microsoft.AspNetCore.Cors.Infrastructure.CorsService | CORS policy execution successful.
2026-04-02 15:48:35.360 [INF] Microsoft.AspNetCore.Hosting.Diagnostics | Request finished HTTP/1.1 OPTIONS http://localhost:5217/hubs/attendance/negotiate?negotiateVersion=1 - 204 null null 0.1253ms
2026-04-02 15:48:35.361 [INF] Microsoft.AspNetCore.Routing.EndpointMiddleware | Executed endpoint '/hubs/empot/negotiate'
2026-04-02 15:48:35.362 [INF] Serilog.AspNetCore.RequestLoggingMiddleware | HTTP POST /hubs/empot/negotiate → 200 (2.1ms)
2026-04-02 15:48:35.362 [INF] Microsoft.AspNetCore.Hosting.Diagnostics | Request finished HTTP/1.1 POST http://localhost:5217/hubs/empot/negotiate?negotiateVersion=1 - 200 316 application/json 2.4011ms
2026-04-02 15:48:35.362 [INF] Microsoft.AspNetCore.Hosting.Diagnostics | Request starting HTTP/1.1 POST http://localhost:5217/hubs/attendance/negotiate?negotiateVersion=1 - text/plain;charset=UTF-8 0
2026-04-02 15:48:35.363 [INF] Microsoft.AspNetCore.Cors.Infrastructure.CorsService | CORS policy execution successful.
2026-04-02 15:48:35.363 [INF] Microsoft.AspNetCore.Routing.EndpointMiddleware | Executing endpoint '/hubs/attendance/negotiate'
2026-04-02 15:48:35.363 [INF] Microsoft.AspNetCore.Routing.EndpointMiddleware | Executed endpoint '/hubs/attendance/negotiate'
2026-04-02 15:48:35.363 [INF] Serilog.AspNetCore.RequestLoggingMiddleware | HTTP POST /hubs/attendance/negotiate → 200 (0.1ms)
2026-04-02 15:48:35.363 [INF] Microsoft.AspNetCore.Hosting.Diagnostics | Request finished HTTP/1.1 POST http://localhost:5217/hubs/attendance/negotiate?negotiateVersion=1 - 200 316 application/json 0.3323ms
2026-04-02 15:48:35.379 [INF] Microsoft.AspNetCore.Hosting.Diagnostics | Request starting HTTP/1.1 GET http://localhost:5217/hubs/empot?id=Xn5XPh5xPoJejBOAGC5rew&access_token=eyJhbGciOiJIUzI1NiIsInR5cCI6IkpXVCJ9.eyJuYW1laWQiOiIxOCIsInVuaXF1ZV9uYW1lIjoidmFzYW50aGFrdW1hciIsImVtYWlsIjoidmFzYW50aDIwMDR2a0BnbWFpbC5jb20iLCJyb2xlIjoiU3VwZXJBZG1pbiIsIk9yZ2FuaXphdGlvbklkIjoiMiIsIk9yZ2FuaXphdGlvbkxvZ28iOiIvdXBsb2Fkcy9vcmctbG9nb3Mvb3JnLWxvZ28tNTg3M2M0NzVkOTFkNGJiZDkwNDZkZWVjNjY3ZDEzNmMuanBnIiwibmJmIjoxNzc1MTIzNTM1LCJleHAiOjE3NzUyMDk5MzUsImlhdCI6MTc3NTEyMzUzNSwiaXNzIjoiUHJvRGVzWC1CYWNrZW5kIiwiYXVkIjoiUHJvRGVzWC1Gcm9udGVuZCJ9.SnyONDad2SeD6DiKzJ1jn7GpLNQVcdbZ2iJxI_CkzGU - null null
2026-04-02 15:48:35.379 [INF] Microsoft.AspNetCore.Cors.Infrastructure.CorsService | CORS policy execution successful.
2026-04-02 15:48:35.380 [INF] Microsoft.AspNetCore.Routing.EndpointMiddleware | Executing endpoint '/hubs/empot'
2026-04-02 15:48:35.401 [INF] Microsoft.AspNetCore.Hosting.Diagnostics | Request starting HTTP/1.1 GET http://localhost:5217/hubs/attendance?id=2TD95ed2B2CJ_Y-Rkoz0ag&access_token=eyJhbGciOiJIUzI1NiIsInR5cCI6IkpXVCJ9.eyJuYW1laWQiOiIxOCIsInVuaXF1ZV9uYW1lIjoidmFzYW50aGFrdW1hciIsImVtYWlsIjoidmFzYW50aDIwMDR2a0BnbWFpbC5jb20iLCJyb2xlIjoiU3VwZXJBZG1pbiIsIk9yZ2FuaXphdGlvbklkIjoiMiIsIk9yZ2FuaXphdGlvbkxvZ28iOiIvdXBsb2Fkcy9vcmctbG9nb3Mvb3JnLWxvZ28tNTg3M2M0NzVkOTFkNGJiZDkwNDZkZWVjNjY3ZDEzNmMuanBnIiwibmJmIjoxNzc1MTIzNTM1LCJleHAiOjE3NzUyMDk5MzUsImlhdCI6MTc3NTEyMzUzNSwiaXNzIjoiUHJvRGVzWC1CYWNrZW5kIiwiYXVkIjoiUHJvRGVzWC1Gcm9udGVuZCJ9.SnyONDad2SeD6DiKzJ1jn7GpLNQVcdbZ2iJxI_CkzGU - null null
2026-04-02 15:48:35.401 [INF] Microsoft.AspNetCore.Cors.Infrastructure.CorsService | CORS policy execution successful.
2026-04-02 15:48:35.401 [INF] Microsoft.AspNetCore.Routing.EndpointMiddleware | Executing endpoint '/hubs/attendance'
2026-04-02 15:50:57.889 [INF] Microsoft.AspNetCore.Hosting.Diagnostics | Request starting HTTP/1.1 OPTIONS http://localhost:5217/api/users/organizations - null null
2026-04-02 15:50:57.889 [INF] Microsoft.AspNetCore.Cors.Infrastructure.CorsService | CORS policy execution successful.
2026-04-02 15:50:57.889 [INF] Microsoft.AspNetCore.Hosting.Diagnostics | Request finished HTTP/1.1 OPTIONS http://localhost:5217/api/users/organizations - 204 null null 0.2722ms
2026-04-02 15:50:57.893 [INF] Microsoft.AspNetCore.Hosting.Diagnostics | Request starting HTTP/1.1 GET http://localhost:5217/api/users/organizations - null null
2026-04-02 15:50:57.893 [INF] Microsoft.AspNetCore.Cors.Infrastructure.CorsService | CORS policy execution successful.
2026-04-02 15:50:57.894 [INF] Microsoft.AspNetCore.Routing.EndpointMiddleware | Executing endpoint 'backend.Controllers.UsersController.GetOrganizations (backend)'
2026-04-02 15:50:57.895 [INF] Microsoft.AspNetCore.Mvc.Infrastructure.ControllerActionInvoker | Route matched with {action = "GetOrganizations", controller = "Users"}. Executing controller action with signature System.Threading.Tasks.Task`1[Microsoft.AspNetCore.Mvc.IActionResult] GetOrganizations() on controller backend.Controllers.UsersController (backend).
2026-04-02 15:50:57.895 [INF] backend.Controllers.UsersController | [Users] GET organizations | Role=SuperAdmin | UserId=18
2026-04-02 15:50:58.018 [INF] Microsoft.AspNetCore.Mvc.Infrastructure.ObjectResultExecutor | Executing OkObjectResult, writing value of type 'System.Collections.Generic.List`1[[backend.Models.Organization, backend, Version=1.0.0.0, Culture=neutral, PublicKeyToken=null]]'.
2026-04-02 15:50:58.018 [INF] Microsoft.AspNetCore.Mvc.Infrastructure.ControllerActionInvoker | Executed action backend.Controllers.UsersController.GetOrganizations (backend) in 123.4148ms
2026-04-02 15:50:58.018 [INF] Microsoft.AspNetCore.Routing.EndpointMiddleware | Executed endpoint 'backend.Controllers.UsersController.GetOrganizations (backend)'
2026-04-02 15:50:58.019 [INF] Serilog.AspNetCore.RequestLoggingMiddleware | HTTP GET /api/users/organizations → 200 (124.7ms)
2026-04-02 15:50:58.019 [INF] Microsoft.AspNetCore.Hosting.Diagnostics | Request finished HTTP/1.1 GET http://localhost:5217/api/users/organizations - 200 null application/json; charset=utf-8 126.0487ms
2026-04-02 15:50:59.976 [INF] Microsoft.AspNetCore.Hosting.Diagnostics | Request starting HTTP/1.1 OPTIONS http://localhost:5217/api/organizations - null null
2026-04-02 15:50:59.977 [INF] Microsoft.AspNetCore.Cors.Infrastructure.CorsService | CORS policy execution successful.
2026-04-02 15:50:59.977 [INF] Microsoft.AspNetCore.Hosting.Diagnostics | Request finished HTTP/1.1 OPTIONS http://localhost:5217/api/organizations - 204 null null 0.2562ms
2026-04-02 15:50:59.978 [INF] Microsoft.AspNetCore.Hosting.Diagnostics | Request starting HTTP/1.1 GET http://localhost:5217/api/organizations - application/json null
2026-04-02 15:50:59.978 [INF] Microsoft.AspNetCore.Cors.Infrastructure.CorsService | CORS policy execution successful.
2026-04-02 15:50:59.979 [INF] Microsoft.AspNetCore.Routing.EndpointMiddleware | Executing endpoint 'backend.Controllers.OrganizationsController.GetOrganizations (backend)'
2026-04-02 15:50:59.979 [INF] Microsoft.AspNetCore.Mvc.Infrastructure.ControllerActionInvoker | Route matched with {action = "GetOrganizations", controller = "Organizations"}. Executing controller action with signature System.Threading.Tasks.Task`1[Microsoft.AspNetCore.Mvc.IActionResult] GetOrganizations() on controller backend.Controllers.OrganizationsController (backend).
2026-04-02 15:50:59.979 [INF] backend.Controllers.OrganizationsController | [Orgs] GET all requested | Role=SuperAdmin | UserId=18
2026-04-02 15:51:00.084 [INF] Microsoft.AspNetCore.Mvc.Infrastructure.ObjectResultExecutor | Executing OkObjectResult, writing value of type 'System.Collections.Generic.List`1[[backend.Models.Organization, backend, Version=1.0.0.0, Culture=neutral, PublicKeyToken=null]]'.
2026-04-02 15:51:00.084 [INF] Microsoft.AspNetCore.Mvc.Infrastructure.ControllerActionInvoker | Executed action backend.Controllers.OrganizationsController.GetOrganizations (backend) in 104.8677ms
2026-04-02 15:51:00.084 [INF] Microsoft.AspNetCore.Routing.EndpointMiddleware | Executed endpoint 'backend.Controllers.OrganizationsController.GetOrganizations (backend)'
2026-04-02 15:51:00.084 [INF] Serilog.AspNetCore.RequestLoggingMiddleware | HTTP GET /api/organizations → 200 (105.1ms)
2026-04-02 15:51:00.084 [INF] Microsoft.AspNetCore.Hosting.Diagnostics | Request finished HTTP/1.1 GET http://localhost:5217/api/organizations - 200 null application/json; charset=utf-8 105.6029ms
2026-04-02 15:51:00.826 [INF] Microsoft.AspNetCore.Hosting.Diagnostics | Request starting HTTP/1.1 OPTIONS http://localhost:5217/api/leads - null null
2026-04-02 15:51:00.826 [INF] Microsoft.AspNetCore.Cors.Infrastructure.CorsService | CORS policy execution successful.
2026-04-02 15:51:00.826 [INF] Microsoft.AspNetCore.Hosting.Diagnostics | Request finished HTTP/1.1 OPTIONS http://localhost:5217/api/leads - 204 null null 0.3027ms
2026-04-02 15:51:00.828 [INF] Microsoft.AspNetCore.Hosting.Diagnostics | Request starting HTTP/1.1 GET http://localhost:5217/api/leads - application/json null
2026-04-02 15:51:00.828 [INF] Microsoft.AspNetCore.Cors.Infrastructure.CorsService | CORS policy execution successful.
2026-04-02 15:51:00.828 [INF] Microsoft.AspNetCore.Routing.EndpointMiddleware | Executing endpoint 'backend.Controllers.LeadsController.GetLeads (backend)'
2026-04-02 15:51:00.829 [INF] Microsoft.AspNetCore.Mvc.Infrastructure.ControllerActionInvoker | Route matched with {action = "GetLeads", controller = "Leads"}. Executing controller action with signature System.Threading.Tasks.Task`1[System.Collections.Generic.IEnumerable`1[backend.Models.Lead]] GetLeads() on controller backend.Controllers.LeadsController (backend).
2026-04-02 15:51:00.856 [INF] Microsoft.AspNetCore.Mvc.Infrastructure.ObjectResultExecutor | Executing ObjectResult, writing value of type 'System.Collections.Generic.List`1[[backend.Models.Lead, backend, Version=1.0.0.0, Culture=neutral, PublicKeyToken=null]]'.
2026-04-02 15:51:00.858 [INF] Microsoft.AspNetCore.Mvc.Infrastructure.ControllerActionInvoker | Executed action backend.Controllers.LeadsController.GetLeads (backend) in 29.0707ms
2026-04-02 15:51:00.858 [INF] Microsoft.AspNetCore.Routing.EndpointMiddleware | Executed endpoint 'backend.Controllers.LeadsController.GetLeads (backend)'
2026-04-02 15:51:00.858 [INF] Serilog.AspNetCore.RequestLoggingMiddleware | HTTP GET /api/leads → 200 (29.4ms)
2026-04-02 15:51:00.858 [INF] Microsoft.AspNetCore.Hosting.Diagnostics | Request finished HTTP/1.1 GET http://localhost:5217/api/leads - 200 null application/json; charset=utf-8 29.9359ms
2026-04-02 15:51:01.247 [INF] Microsoft.AspNetCore.Hosting.Diagnostics | Request starting HTTP/1.1 OPTIONS http://localhost:5217/api/employees?organizationId=2 - null null
2026-04-02 15:51:01.247 [INF] Microsoft.AspNetCore.Cors.Infrastructure.CorsService | CORS policy execution successful.
2026-04-02 15:51:01.247 [INF] Microsoft.AspNetCore.Hosting.Diagnostics | Request finished HTTP/1.1 OPTIONS http://localhost:5217/api/employees?organizationId=2 - 204 null null 0.3102ms
2026-04-02 15:51:01.250 [INF] Microsoft.AspNetCore.Hosting.Diagnostics | Request starting HTTP/1.1 GET http://localhost:5217/api/employees?organizationId=2 - application/json null
2026-04-02 15:51:01.251 [INF] Microsoft.AspNetCore.Cors.Infrastructure.CorsService | CORS policy execution successful.
2026-04-02 15:51:01.251 [INF] Microsoft.AspNetCore.Routing.EndpointMiddleware | Executing endpoint 'backend.Controllers.EmployeesController.GetEmployees (backend)'
2026-04-02 15:51:01.251 [INF] Microsoft.AspNetCore.Mvc.Infrastructure.ControllerActionInvoker | Route matched with {action = "GetEmployees", controller = "Employees"}. Executing controller action with signature System.Threading.Tasks.Task`1[Microsoft.AspNetCore.Mvc.IActionResult] GetEmployees(System.Nullable`1[System.Int32]) on controller backend.Controllers.EmployeesController (backend).
2026-04-02 15:51:01.251 [INF] backend.Controllers.EmployeesController | [Employees] GET all | TargetOrgId=2 | UserOrgId=2
2026-04-02 15:51:01.278 [INF] Microsoft.AspNetCore.Mvc.Infrastructure.ObjectResultExecutor | Executing OkObjectResult, writing value of type 'System.Collections.Generic.List`1[[backend.Models.Employee, backend, Version=1.0.0.0, Culture=neutral, PublicKeyToken=null]]'.
2026-04-02 15:51:01.279 [INF] Microsoft.AspNetCore.Mvc.Infrastructure.ControllerActionInvoker | Executed action backend.Controllers.EmployeesController.GetEmployees (backend) in 27.5628ms
2026-04-02 15:51:01.279 [INF] Microsoft.AspNetCore.Routing.EndpointMiddleware | Executed endpoint 'backend.Controllers.EmployeesController.GetEmployees (backend)'
2026-04-02 15:51:01.279 [INF] Serilog.AspNetCore.RequestLoggingMiddleware | HTTP GET /api/employees → 200 (27.9ms)
2026-04-02 15:51:01.279 [INF] Microsoft.AspNetCore.Hosting.Diagnostics | Request finished HTTP/1.1 GET http://localhost:5217/api/employees?organizationId=2 - 200 null application/json; charset=utf-8 28.501ms
2026-04-02 15:51:01.544 [INF] Microsoft.AspNetCore.Hosting.Diagnostics | Request starting HTTP/1.1 OPTIONS http://localhost:5217/api/ShiftAssignments/roster?start=2026-04-02&end=2026-04-09&orgId=2 - null null
2026-04-02 15:51:01.544 [INF] Microsoft.AspNetCore.Cors.Infrastructure.CorsService | CORS policy execution successful.
2026-04-02 15:51:01.544 [INF] Microsoft.AspNetCore.Hosting.Diagnostics | Request finished HTTP/1.1 OPTIONS http://localhost:5217/api/ShiftAssignments/roster?start=2026-04-02&end=2026-04-09&orgId=2 - 204 null null 0.3253ms
2026-04-02 15:51:01.547 [INF] Microsoft.AspNetCore.Hosting.Diagnostics | Request starting HTTP/1.1 GET http://localhost:5217/api/ShiftAssignments/roster?start=2026-04-02&end=2026-04-09&orgId=2 - application/json null
2026-04-02 15:51:01.548 [INF] Microsoft.AspNetCore.Cors.Infrastructure.CorsService | CORS policy execution successful.
2026-04-02 15:51:01.548 [INF] Microsoft.AspNetCore.Routing.EndpointMiddleware | Executing endpoint 'backend.Controllers.ShiftAssignmentsController.GetMonthlyRosterFixed (backend)'
2026-04-02 15:51:01.548 [INF] Microsoft.AspNetCore.Mvc.Infrastructure.ControllerActionInvoker | Route matched with {action = "GetMonthlyRosterFixed", controller = "ShiftAssignments"}. Executing controller action with signature System.Threading.Tasks.Task`1[Microsoft.AspNetCore.Mvc.IActionResult] GetMonthlyRosterFixed(System.String, System.String, System.Nullable`1[System.Int32]) on controller backend.Controllers.ShiftAssignmentsController (backend).
2026-04-02 15:51:01.574 [INF] Microsoft.AspNetCore.Mvc.Infrastructure.ObjectResultExecutor | Executing OkObjectResult, writing value of type 'System.Collections.Generic.List`1[[backend.Models.EmployeeSchedule, backend, Version=1.0.0.0, Culture=neutral, PublicKeyToken=null]]'.
2026-04-02 15:51:01.574 [INF] Microsoft.AspNetCore.Mvc.Infrastructure.ControllerActionInvoker | Executed action backend.Controllers.ShiftAssignmentsController.GetMonthlyRosterFixed (backend) in 26.086ms
2026-04-02 15:51:01.574 [INF] Microsoft.AspNetCore.Routing.EndpointMiddleware | Executed endpoint 'backend.Controllers.ShiftAssignmentsController.GetMonthlyRosterFixed (backend)'
2026-04-02 15:51:01.574 [INF] Serilog.AspNetCore.RequestLoggingMiddleware | HTTP GET /api/ShiftAssignments/roster → 200 (26.4ms)
2026-04-02 15:51:01.574 [INF] Microsoft.AspNetCore.Hosting.Diagnostics | Request finished HTTP/1.1 GET http://localhost:5217/api/ShiftAssignments/roster?start=2026-04-02&end=2026-04-09&orgId=2 - 200 null application/json; charset=utf-8 26.9107ms
2026-04-02 15:51:01.693 [INF] Microsoft.AspNetCore.Hosting.Diagnostics | Request starting HTTP/1.1 OPTIONS http://localhost:5217/api/Attendance/status?employeeId=31&orgId=2 - null null
2026-04-02 15:51:01.693 [INF] Microsoft.AspNetCore.Cors.Infrastructure.CorsService | CORS policy execution successful.
2026-04-02 15:51:01.694 [INF] Microsoft.AspNetCore.Hosting.Diagnostics | Request finished HTTP/1.1 OPTIONS http://localhost:5217/api/Attendance/status?employeeId=31&orgId=2 - 204 null null 0.2033ms
2026-04-02 15:51:01.696 [INF] Microsoft.AspNetCore.Hosting.Diagnostics | Request starting HTTP/1.1 GET http://localhost:5217/api/Attendance/status?employeeId=31&orgId=2 - application/json null
2026-04-02 15:51:01.696 [INF] Microsoft.AspNetCore.Cors.Infrastructure.CorsService | CORS policy execution successful.
2026-04-02 15:51:01.696 [INF] Microsoft.AspNetCore.Routing.EndpointMiddleware | Executing endpoint 'backend.Controllers.AttendanceController.GetStatus (backend)'
2026-04-02 15:51:01.696 [INF] Microsoft.AspNetCore.Mvc.Infrastructure.ControllerActionInvoker | Route matched with {action = "GetStatus", controller = "Attendance"}. Executing controller action with signature System.Threading.Tasks.Task`1[Microsoft.AspNetCore.Mvc.IActionResult] GetStatus(Int32, Int32) on controller backend.Controllers.AttendanceController (backend).
2026-04-02 15:51:01.722 [ERR] backend.Controllers.AttendanceController | Error getting attendance status
Microsoft.Data.SqlClient.SqlException (0x80131904): Invalid column name 'FN'.
Invalid column name 'AN'.
   at System.Threading.Tasks.ContinuationResultTaskFromResultTask`2.InnerInvoke()
   at System.Threading.ExecutionContext.RunInternal(ExecutionContext executionContext, ContextCallback callback, Object state)
--- End of stack trace from previous location ---
   at System.Threading.ExecutionContext.RunInternal(ExecutionContext executionContext, ContextCallback callback, Object state)
   at System.Threading.Tasks.Task.ExecuteWithThreadLocal(Task& currentTaskSlot, Thread threadPoolThread)
--- End of stack trace from previous location ---
   at Dapper.SqlMapper.QueryRowAsync[T](IDbConnection cnn, Row row, Type effectiveType, CommandDefinition command) in /_/Dapper/SqlMapper.Async.cs:line 489
   at backend.Controllers.AttendanceController.GetStatus(Int32 employeeId, Int32 orgId) in C:\Repos_Work\Prodesx_HRM_Mobile_Application\backend\Controllers\AttendanceController.cs:line 235
ClientConnectionId:4332601e-4550-4f21-88ae-fcbfb8a6687e
Error Number:207,State:1,Class:16
2026-04-02 15:51:01.741 [INF] Microsoft.AspNetCore.Mvc.Infrastructure.ObjectResultExecutor | Executing ObjectResult, writing value of type 'System.String'.
2026-04-02 15:51:01.744 [INF] Microsoft.AspNetCore.Mvc.Infrastructure.ControllerActionInvoker | Executed action backend.Controllers.AttendanceController.GetStatus (backend) in 47.6638ms
2026-04-02 15:51:01.744 [INF] Microsoft.AspNetCore.Routing.EndpointMiddleware | Executed endpoint 'backend.Controllers.AttendanceController.GetStatus (backend)'
2026-04-02 15:51:01.744 [ERR] Serilog.AspNetCore.RequestLoggingMiddleware | HTTP GET /api/Attendance/status → 500 (48.0ms)
2026-04-02 15:51:01.746 [INF] Microsoft.AspNetCore.Hosting.Diagnostics | Request finished HTTP/1.1 GET http://localhost:5217/api/Attendance/status?employeeId=31&orgId=2 - 500 null text/plain; charset=utf-8 49.8617ms
2026-04-02 15:51:07.279 [INF] Microsoft.AspNetCore.Hosting.Diagnostics | Request starting HTTP/1.1 OPTIONS http://localhost:5217/api/users/organizations - null null
2026-04-02 15:51:07.280 [INF] Microsoft.AspNetCore.Cors.Infrastructure.CorsService | CORS policy execution successful.
2026-04-02 15:51:07.280 [INF] Microsoft.AspNetCore.Hosting.Diagnostics | Request finished HTTP/1.1 OPTIONS http://localhost:5217/api/users/organizations - 204 null null 0.4336ms
2026-04-02 15:51:07.282 [INF] Microsoft.AspNetCore.Hosting.Diagnostics | Request starting HTTP/1.1 GET http://localhost:5217/api/users/organizations - null null
2026-04-02 15:51:07.282 [INF] Microsoft.AspNetCore.Cors.Infrastructure.CorsService | CORS policy execution successful.
2026-04-02 15:51:07.283 [INF] Microsoft.AspNetCore.Routing.EndpointMiddleware | Executing endpoint 'backend.Controllers.UsersController.GetOrganizations (backend)'
2026-04-02 15:51:07.283 [INF] Microsoft.AspNetCore.Mvc.Infrastructure.ControllerActionInvoker | Route matched with {action = "GetOrganizations", controller = "Users"}. Executing controller action with signature System.Threading.Tasks.Task`1[Microsoft.AspNetCore.Mvc.IActionResult] GetOrganizations() on controller backend.Controllers.UsersController (backend).
2026-04-02 15:51:07.283 [INF] backend.Controllers.UsersController | [Users] GET organizations | Role=SuperAdmin | UserId=18
2026-04-02 15:51:07.303 [INF] Microsoft.AspNetCore.Mvc.Infrastructure.ObjectResultExecutor | Executing OkObjectResult, writing value of type 'System.Collections.Generic.List`1[[backend.Models.Organization, backend, Version=1.0.0.0, Culture=neutral, PublicKeyToken=null]]'.
2026-04-02 15:51:07.303 [INF] Microsoft.AspNetCore.Mvc.Infrastructure.ControllerActionInvoker | Executed action backend.Controllers.UsersController.GetOrganizations (backend) in 20.048ms
2026-04-02 15:51:07.303 [INF] Microsoft.AspNetCore.Routing.EndpointMiddleware | Executed endpoint 'backend.Controllers.UsersController.GetOrganizations (backend)'
2026-04-02 15:51:07.303 [INF] Serilog.AspNetCore.RequestLoggingMiddleware | HTTP GET /api/users/organizations → 200 (20.4ms)
2026-04-02 15:51:07.303 [INF] Microsoft.AspNetCore.Hosting.Diagnostics | Request finished HTTP/1.1 GET http://localhost:5217/api/users/organizations - 200 null application/json; charset=utf-8 21.2169ms
2026-04-02 15:51:07.357 [INF] Microsoft.AspNetCore.Hosting.Diagnostics | Request starting HTTP/1.1 OPTIONS http://localhost:5217/api/designations?organizationId=2 - null null
2026-04-02 15:51:07.357 [INF] Microsoft.AspNetCore.Cors.Infrastructure.CorsService | CORS policy execution successful.
2026-04-02 15:51:07.357 [INF] Microsoft.AspNetCore.Hosting.Diagnostics | Request finished HTTP/1.1 OPTIONS http://localhost:5217/api/designations?organizationId=2 - 204 null null 0.3826ms
2026-04-02 15:51:07.360 [INF] Microsoft.AspNetCore.Hosting.Diagnostics | Request starting HTTP/1.1 GET http://localhost:5217/api/designations?organizationId=2 - application/json null
2026-04-02 15:51:07.360 [INF] Microsoft.AspNetCore.Cors.Infrastructure.CorsService | CORS policy execution successful.
2026-04-02 15:51:07.360 [INF] Microsoft.AspNetCore.Routing.EndpointMiddleware | Executing endpoint 'backend.Controllers.DesignationController.GetDesignations (backend)'
2026-04-02 15:51:07.360 [INF] Microsoft.AspNetCore.Mvc.Infrastructure.ControllerActionInvoker | Route matched with {action = "GetDesignations", controller = "Designation"}. Executing controller action with signature System.Threading.Tasks.Task`1[Microsoft.AspNetCore.Mvc.IActionResult] GetDesignations(System.Nullable`1[System.Int32]) on controller backend.Controllers.DesignationController (backend).
2026-04-02 15:51:07.383 [INF] backend.Controllers.DesignationController | Fetched 8 designations for OrgId 2
2026-04-02 15:51:07.383 [INF] Microsoft.AspNetCore.Mvc.Infrastructure.ObjectResultExecutor | Executing OkObjectResult, writing value of type 'System.Collections.Generic.List`1[[backend.Models.Designation, backend, Version=1.0.0.0, Culture=neutral, PublicKeyToken=null]]'.
2026-04-02 15:51:07.383 [INF] Microsoft.AspNetCore.Mvc.Infrastructure.ControllerActionInvoker | Executed action backend.Controllers.DesignationController.GetDesignations (backend) in 22.5063ms
2026-04-02 15:51:07.383 [INF] Microsoft.AspNetCore.Routing.EndpointMiddleware | Executed endpoint 'backend.Controllers.DesignationController.GetDesignations (backend)'
2026-04-02 15:51:07.383 [INF] Serilog.AspNetCore.RequestLoggingMiddleware | HTTP GET /api/designations → 200 (22.8ms)
2026-04-02 15:51:07.383 [INF] Microsoft.AspNetCore.Hosting.Diagnostics | Request finished HTTP/1.1 GET http://localhost:5217/api/designations?organizationId=2 - 200 null application/json; charset=utf-8 23.3045ms
2026-04-02 15:51:10.345 [INF] Microsoft.AspNetCore.Routing.EndpointMiddleware | Executed endpoint '/hubs/attendance'
2026-04-02 15:51:10.345 [INF] Microsoft.AspNetCore.Routing.EndpointMiddleware | Executed endpoint '/hubs/empot'
2026-04-02 15:51:10.346 [INF] Serilog.AspNetCore.RequestLoggingMiddleware | HTTP GET /hubs/attendance → 101 (154935.9ms)
2026-04-02 15:51:10.346 [INF] Serilog.AspNetCore.RequestLoggingMiddleware | HTTP GET /hubs/empot → 101 (154957.3ms)
2026-04-02 15:51:10.346 [INF] Microsoft.AspNetCore.Hosting.Diagnostics | Request finished HTTP/1.1 GET http://localhost:5217/hubs/attendance?id=2TD95ed2B2CJ_Y-Rkoz0ag&access_token=eyJhbGciOiJIUzI1NiIsInR5cCI6IkpXVCJ9.eyJuYW1laWQiOiIxOCIsInVuaXF1ZV9uYW1lIjoidmFzYW50aGFrdW1hciIsImVtYWlsIjoidmFzYW50aDIwMDR2a0BnbWFpbC5jb20iLCJyb2xlIjoiU3VwZXJBZG1pbiIsIk9yZ2FuaXphdGlvbklkIjoiMiIsIk9yZ2FuaXphdGlvbkxvZ28iOiIvdXBsb2Fkcy9vcmctbG9nb3Mvb3JnLWxvZ28tNTg3M2M0NzVkOTFkNGJiZDkwNDZkZWVjNjY3ZDEzNmMuanBnIiwibmJmIjoxNzc1MTIzNTM1LCJleHAiOjE3NzUyMDk5MzUsImlhdCI6MTc3NTEyMzUzNSwiaXNzIjoiUHJvRGVzWC1CYWNrZW5kIiwiYXVkIjoiUHJvRGVzWC1Gcm9udGVuZCJ9.SnyONDad2SeD6DiKzJ1jn7GpLNQVcdbZ2iJxI_CkzGU - 101 null null 154936.3795ms
2026-04-02 15:51:10.346 [INF] Microsoft.AspNetCore.Hosting.Diagnostics | Request finished HTTP/1.1 GET http://localhost:5217/hubs/empot?id=Xn5XPh5xPoJejBOAGC5rew&access_token=eyJhbGciOiJIUzI1NiIsInR5cCI6IkpXVCJ9.eyJuYW1laWQiOiIxOCIsInVuaXF1ZV9uYW1lIjoidmFzYW50aGFrdW1hciIsImVtYWlsIjoidmFzYW50aDIwMDR2a0BnbWFpbC5jb20iLCJyb2xlIjoiU3VwZXJBZG1pbiIsIk9yZ2FuaXphdGlvbklkIjoiMiIsIk9yZ2FuaXphdGlvbkxvZ28iOiIvdXBsb2Fkcy9vcmctbG9nb3Mvb3JnLWxvZ28tNTg3M2M0NzVkOTFkNGJiZDkwNDZkZWVjNjY3ZDEzNmMuanBnIiwibmJmIjoxNzc1MTIzNTM1LCJleHAiOjE3NzUyMDk5MzUsImlhdCI6MTc3NTEyMzUzNSwiaXNzIjoiUHJvRGVzWC1CYWNrZW5kIiwiYXVkIjoiUHJvRGVzWC1Gcm9udGVuZCJ9.SnyONDad2SeD6DiKzJ1jn7GpLNQVcdbZ2iJxI_CkzGU - 101 null null 154957.8039ms
2026-04-02 15:51:10.365 [INF] Microsoft.AspNetCore.Hosting.Diagnostics | Request starting HTTP/1.1 OPTIONS http://localhost:5217/hubs/empot/negotiate?negotiateVersion=1 - null null
2026-04-02 15:51:10.366 [INF] Microsoft.AspNetCore.Cors.Infrastructure.CorsService | CORS policy execution successful.
2026-04-02 15:51:10.366 [INF] Microsoft.AspNetCore.Hosting.Diagnostics | Request finished HTTP/1.1 OPTIONS http://localhost:5217/hubs/empot/negotiate?negotiateVersion=1 - 204 null null 0.46ms
2026-04-02 15:51:10.367 [INF] Microsoft.AspNetCore.Hosting.Diagnostics | Request starting HTTP/1.1 POST http://localhost:5217/hubs/empot/negotiate?negotiateVersion=1 - text/plain;charset=UTF-8 0
2026-04-02 15:51:10.367 [INF] Microsoft.AspNetCore.Cors.Infrastructure.CorsService | CORS policy execution successful.
2026-04-02 15:51:10.367 [INF] Microsoft.AspNetCore.Routing.EndpointMiddleware | Executing endpoint '/hubs/empot/negotiate'
2026-04-02 15:51:10.369 [INF] Microsoft.AspNetCore.Routing.EndpointMiddleware | Executed endpoint '/hubs/empot/negotiate'
2026-04-02 15:51:10.369 [INF] Serilog.AspNetCore.RequestLoggingMiddleware | HTTP POST /hubs/empot/negotiate → 200 (1.5ms)
2026-04-02 15:51:10.369 [INF] Microsoft.AspNetCore.Hosting.Diagnostics | Request finished HTTP/1.1 POST http://localhost:5217/hubs/empot/negotiate?negotiateVersion=1 - 200 316 application/json 1.9059ms
2026-04-02 15:51:10.369 [INF] Microsoft.AspNetCore.Hosting.Diagnostics | Request starting HTTP/1.1 OPTIONS http://localhost:5217/hubs/attendance/negotiate?negotiateVersion=1 - null null
2026-04-02 15:51:10.369 [INF] Microsoft.AspNetCore.Cors.Infrastructure.CorsService | CORS policy execution successful.
2026-04-02 15:51:10.369 [INF] Microsoft.AspNetCore.Hosting.Diagnostics | Request finished HTTP/1.1 OPTIONS http://localhost:5217/hubs/attendance/negotiate?negotiateVersion=1 - 204 null null 0.1454ms
2026-04-02 15:51:10.370 [INF] Microsoft.AspNetCore.Hosting.Diagnostics | Request starting HTTP/1.1 POST http://localhost:5217/hubs/attendance/negotiate?negotiateVersion=1 - text/plain;charset=UTF-8 0
2026-04-02 15:51:10.370 [INF] Microsoft.AspNetCore.Cors.Infrastructure.CorsService | CORS policy execution successful.
2026-04-02 15:51:10.371 [INF] Microsoft.AspNetCore.Routing.EndpointMiddleware | Executing endpoint '/hubs/attendance/negotiate'
2026-04-02 15:51:10.371 [INF] Microsoft.AspNetCore.Routing.EndpointMiddleware | Executed endpoint '/hubs/attendance/negotiate'
2026-04-02 15:51:10.371 [INF] Serilog.AspNetCore.RequestLoggingMiddleware | HTTP POST /hubs/attendance/negotiate → 200 (0.3ms)
2026-04-02 15:51:10.371 [INF] Microsoft.AspNetCore.Hosting.Diagnostics | Request finished HTTP/1.1 POST http://localhost:5217/hubs/attendance/negotiate?negotiateVersion=1 - 200 316 application/json 0.6796ms
2026-04-02 15:51:10.382 [INF] Microsoft.AspNetCore.Hosting.Diagnostics | Request starting HTTP/1.1 GET http://localhost:5217/hubs/empot?id=yPlQVRWFlF6B2X50s7gJFw&access_token=eyJhbGciOiJIUzI1NiIsInR5cCI6IkpXVCJ9.eyJuYW1laWQiOiIxOCIsInVuaXF1ZV9uYW1lIjoidmFzYW50aGFrdW1hciIsImVtYWlsIjoidmFzYW50aDIwMDR2a0BnbWFpbC5jb20iLCJyb2xlIjoiU3VwZXJBZG1pbiIsIk9yZ2FuaXphdGlvbklkIjoiMiIsIk9yZ2FuaXphdGlvbkxvZ28iOiIvdXBsb2Fkcy9vcmctbG9nb3Mvb3JnLWxvZ28tNTg3M2M0NzVkOTFkNGJiZDkwNDZkZWVjNjY3ZDEzNmMuanBnIiwibmJmIjoxNzc1MTIzNTM1LCJleHAiOjE3NzUyMDk5MzUsImlhdCI6MTc3NTEyMzUzNSwiaXNzIjoiUHJvRGVzWC1CYWNrZW5kIiwiYXVkIjoiUHJvRGVzWC1Gcm9udGVuZCJ9.SnyONDad2SeD6DiKzJ1jn7GpLNQVcdbZ2iJxI_CkzGU - null null
2026-04-02 15:51:10.382 [INF] Microsoft.AspNetCore.Cors.Infrastructure.CorsService | CORS policy execution successful.
2026-04-02 15:51:10.382 [INF] Microsoft.AspNetCore.Routing.EndpointMiddleware | Executing endpoint '/hubs/empot'
2026-04-02 15:51:10.395 [INF] Microsoft.AspNetCore.Hosting.Diagnostics | Request starting HTTP/1.1 GET http://localhost:5217/hubs/attendance?id=Prfnzijio22B8yD6nYLqXw&access_token=eyJhbGciOiJIUzI1NiIsInR5cCI6IkpXVCJ9.eyJuYW1laWQiOiIxOCIsInVuaXF1ZV9uYW1lIjoidmFzYW50aGFrdW1hciIsImVtYWlsIjoidmFzYW50aDIwMDR2a0BnbWFpbC5jb20iLCJyb2xlIjoiU3VwZXJBZG1pbiIsIk9yZ2FuaXphdGlvbklkIjoiMiIsIk9yZ2FuaXphdGlvbkxvZ28iOiIvdXBsb2Fkcy9vcmctbG9nb3Mvb3JnLWxvZ28tNTg3M2M0NzVkOTFkNGJiZDkwNDZkZWVjNjY3ZDEzNmMuanBnIiwibmJmIjoxNzc1MTIzNTM1LCJleHAiOjE3NzUyMDk5MzUsImlhdCI6MTc3NTEyMzUzNSwiaXNzIjoiUHJvRGVzWC1CYWNrZW5kIiwiYXVkIjoiUHJvRGVzWC1Gcm9udGVuZCJ9.SnyONDad2SeD6DiKzJ1jn7GpLNQVcdbZ2iJxI_CkzGU - null null
2026-04-02 15:51:10.395 [INF] Microsoft.AspNetCore.Cors.Infrastructure.CorsService | CORS policy execution successful.
2026-04-02 15:51:10.396 [INF] Microsoft.AspNetCore.Routing.EndpointMiddleware | Executing endpoint '/hubs/attendance'
2026-04-02 15:51:15.189 [INF] Microsoft.AspNetCore.Hosting.Diagnostics | Request starting HTTP/1.1 OPTIONS http://localhost:5217/api/AttendanceMaster?date=2026-04-02&orgId=2 - null null
2026-04-02 15:51:15.189 [INF] Microsoft.AspNetCore.Cors.Infrastructure.CorsService | CORS policy execution successful.
2026-04-02 15:51:15.189 [INF] Microsoft.AspNetCore.Hosting.Diagnostics | Request finished HTTP/1.1 OPTIONS http://localhost:5217/api/AttendanceMaster?date=2026-04-02&orgId=2 - 204 null null 0.346ms
2026-04-02 15:51:15.190 [INF] Microsoft.AspNetCore.Hosting.Diagnostics | Request starting HTTP/1.1 OPTIONS http://localhost:5217/api/LeaveType?orgId=2 - null null
2026-04-02 15:51:15.190 [INF] Microsoft.AspNetCore.Cors.Infrastructure.CorsService | CORS policy execution successful.
2026-04-02 15:51:15.190 [INF] Microsoft.AspNetCore.Hosting.Diagnostics | Request finished HTTP/1.1 OPTIONS http://localhost:5217/api/LeaveType?orgId=2 - 204 null null 0.1826ms
2026-04-02 15:51:15.191 [INF] Microsoft.AspNetCore.Hosting.Diagnostics | Request starting HTTP/1.1 GET http://localhost:5217/api/AttendanceMaster?date=2026-04-02&orgId=2 - application/json null
2026-04-02 15:51:15.191 [INF] Microsoft.AspNetCore.Cors.Infrastructure.CorsService | CORS policy execution successful.
2026-04-02 15:51:15.191 [INF] Microsoft.AspNetCore.Hosting.Diagnostics | Request starting HTTP/1.1 GET http://localhost:5217/api/LeaveType?orgId=2 - application/json null
2026-04-02 15:51:15.191 [INF] Microsoft.AspNetCore.Routing.EndpointMiddleware | Executing endpoint 'backend.Controllers.AttendanceMasterController.GetAttendance (backend)'
2026-04-02 15:51:15.192 [INF] Microsoft.AspNetCore.Cors.Infrastructure.CorsService | CORS policy execution successful.
2026-04-02 15:51:15.192 [INF] Microsoft.AspNetCore.Mvc.Infrastructure.ControllerActionInvoker | Route matched with {action = "GetAttendance", controller = "AttendanceMaster"}. Executing controller action with signature System.Threading.Tasks.Task`1[Microsoft.AspNetCore.Mvc.IActionResult] GetAttendance(System.String, System.Nullable`1[System.Int32]) on controller backend.Controllers.AttendanceMasterController (backend).
2026-04-02 15:51:15.192 [INF] Microsoft.AspNetCore.Routing.EndpointMiddleware | Executing endpoint 'backend.Controllers.LeaveTypeController.GetLeaveTypes (backend)'
2026-04-02 15:51:15.192 [INF] Microsoft.AspNetCore.Mvc.Infrastructure.ControllerActionInvoker | Route matched with {action = "GetLeaveTypes", controller = "LeaveType"}. Executing controller action with signature System.Threading.Tasks.Task`1[Microsoft.AspNetCore.Mvc.IActionResult] GetLeaveTypes(System.Nullable`1[System.Int32]) on controller backend.Controllers.LeaveTypeController (backend).
2026-04-02 15:51:15.341 [INF] Microsoft.AspNetCore.Mvc.Infrastructure.ObjectResultExecutor | Executing OkObjectResult, writing value of type 'System.Collections.Generic.List`1[[backend.Models.LeaveType, backend, Version=1.0.0.0, Culture=neutral, PublicKeyToken=null]]'.
2026-04-02 15:51:15.342 [INF] Microsoft.AspNetCore.Mvc.Infrastructure.ControllerActionInvoker | Executed action backend.Controllers.LeaveTypeController.GetLeaveTypes (backend) in 149.7851ms
2026-04-02 15:51:15.342 [INF] Microsoft.AspNetCore.Routing.EndpointMiddleware | Executed endpoint 'backend.Controllers.LeaveTypeController.GetLeaveTypes (backend)'
2026-04-02 15:51:15.342 [INF] Serilog.AspNetCore.RequestLoggingMiddleware | HTTP GET /api/LeaveType → 200 (150.0ms)
2026-04-02 15:51:15.342 [INF] Microsoft.AspNetCore.Hosting.Diagnostics | Request finished HTTP/1.1 GET http://localhost:5217/api/LeaveType?orgId=2 - 200 null application/json; charset=utf-8 150.3631ms
2026-04-02 15:51:15.422 [INF] Microsoft.AspNetCore.Mvc.Infrastructure.ObjectResultExecutor | Executing OkObjectResult, writing value of type 'System.Collections.Generic.List`1[[backend.Models.EmpAttendanceRecord, backend, Version=1.0.0.0, Culture=neutral, PublicKeyToken=null]]'.
2026-04-02 15:51:15.422 [INF] Microsoft.AspNetCore.Mvc.Infrastructure.ControllerActionInvoker | Executed action backend.Controllers.AttendanceMasterController.GetAttendance (backend) in 230.3855ms
2026-04-02 15:51:15.422 [INF] Microsoft.AspNetCore.Routing.EndpointMiddleware | Executed endpoint 'backend.Controllers.AttendanceMasterController.GetAttendance (backend)'
2026-04-02 15:51:15.422 [INF] Serilog.AspNetCore.RequestLoggingMiddleware | HTTP GET /api/AttendanceMaster → 200 (230.8ms)
2026-04-02 15:51:15.422 [INF] Microsoft.AspNetCore.Hosting.Diagnostics | Request finished HTTP/1.1 GET http://localhost:5217/api/AttendanceMaster?date=2026-04-02&orgId=2 - 200 null application/json; charset=utf-8 231.2309ms
2026-04-02 15:51:15.530 [INF] Microsoft.AspNetCore.Hosting.Diagnostics | Request starting HTTP/1.1 OPTIONS http://localhost:5217/hubs/attendance/negotiate?negotiateVersion=1 - null null
2026-04-02 15:51:15.531 [INF] Microsoft.AspNetCore.Cors.Infrastructure.CorsService | CORS policy execution successful.
2026-04-02 15:51:15.531 [INF] Microsoft.AspNetCore.Hosting.Diagnostics | Request finished HTTP/1.1 OPTIONS http://localhost:5217/hubs/attendance/negotiate?negotiateVersion=1 - 204 null null 0.2519ms
2026-04-02 15:51:15.532 [INF] Microsoft.AspNetCore.Hosting.Diagnostics | Request starting HTTP/1.1 POST http://localhost:5217/hubs/attendance/negotiate?negotiateVersion=1 - text/plain;charset=UTF-8 0
2026-04-02 15:51:15.532 [INF] Microsoft.AspNetCore.Cors.Infrastructure.CorsService | CORS policy execution successful.
2026-04-02 15:51:15.535 [INF] Microsoft.AspNetCore.Routing.EndpointMiddleware | Executing endpoint '/hubs/attendance/negotiate'
2026-04-02 15:51:15.535 [INF] Microsoft.AspNetCore.Routing.EndpointMiddleware | Executed endpoint '/hubs/attendance/negotiate'
2026-04-02 15:51:15.535 [INF] Serilog.AspNetCore.RequestLoggingMiddleware | HTTP POST /hubs/attendance/negotiate → 200 (0.4ms)
2026-04-02 15:51:15.535 [INF] Microsoft.AspNetCore.Hosting.Diagnostics | Request finished HTTP/1.1 POST http://localhost:5217/hubs/attendance/negotiate?negotiateVersion=1 - 200 316 application/json 3.409ms
2026-04-02 15:51:16.623 [INF] Microsoft.AspNetCore.Hosting.Diagnostics | Request starting HTTP/1.1 GET http://localhost:5217/uploads/employee-photos/emp-28.jpg - null null
2026-04-02 15:51:16.625 [INF] Microsoft.AspNetCore.Cors.Infrastructure.CorsService | CORS policy execution successful.
2026-04-02 15:51:16.634 [INF] Serilog.AspNetCore.RequestLoggingMiddleware | HTTP GET /uploads/employee-photos/emp-28.jpg → 404 (0.6ms)
2026-04-02 15:51:16.634 [INF] Microsoft.AspNetCore.Hosting.Diagnostics | Request finished HTTP/1.1 GET http://localhost:5217/uploads/employee-photos/emp-28.jpg - 404 0 null 11.7506ms
2026-04-02 15:51:16.637 [INF] Microsoft.AspNetCore.Hosting.Diagnostics | Request reached the end of the middleware pipeline without being handled by application code. Request path: GET http://localhost:5217/uploads/employee-photos/emp-28.jpg, Response status code: 404
2026-04-02 15:51:16.737 [INF] Microsoft.AspNetCore.Hosting.Diagnostics | Request starting HTTP/1.1 GET http://localhost:5217/hubs/attendance?id=5ipV3AFqdCPAYFvOrfNw2g&access_token=eyJhbGciOiJIUzI1NiIsInR5cCI6IkpXVCJ9.eyJuYW1laWQiOiIxOCIsInVuaXF1ZV9uYW1lIjoidmFzYW50aGFrdW1hciIsImVtYWlsIjoidmFzYW50aDIwMDR2a0BnbWFpbC5jb20iLCJyb2xlIjoiU3VwZXJBZG1pbiIsIk9yZ2FuaXphdGlvbklkIjoiMiIsIk9yZ2FuaXphdGlvbkxvZ28iOiIvdXBsb2Fkcy9vcmctbG9nb3Mvb3JnLWxvZ28tNTg3M2M0NzVkOTFkNGJiZDkwNDZkZWVjNjY3ZDEzNmMuanBnIiwibmJmIjoxNzc1MTIzNTM1LCJleHAiOjE3NzUyMDk5MzUsImlhdCI6MTc3NTEyMzUzNSwiaXNzIjoiUHJvRGVzWC1CYWNrZW5kIiwiYXVkIjoiUHJvRGVzWC1Gcm9udGVuZCJ9.SnyONDad2SeD6DiKzJ1jn7GpLNQVcdbZ2iJxI_CkzGU - null null
2026-04-02 15:51:16.737 [INF] Microsoft.AspNetCore.Cors.Infrastructure.CorsService | CORS policy execution successful.
2026-04-02 15:51:16.737 [INF] Microsoft.AspNetCore.Routing.EndpointMiddleware | Executing endpoint '/hubs/attendance'
2026-04-02 15:51:37.127 [INF] Microsoft.AspNetCore.Hosting.Diagnostics | Request starting HTTP/1.1 OPTIONS http://localhost:5217/api/EmpOT/GetOTByOrgId?orgId=2 - null null
2026-04-02 15:51:37.127 [INF] Microsoft.AspNetCore.Cors.Infrastructure.CorsService | CORS policy execution successful.
2026-04-02 15:51:37.128 [INF] Microsoft.AspNetCore.Hosting.Diagnostics | Request finished HTTP/1.1 OPTIONS http://localhost:5217/api/EmpOT/GetOTByOrgId?orgId=2 - 204 null null 0.3674ms
2026-04-02 15:51:37.129 [INF] Microsoft.AspNetCore.Hosting.Diagnostics | Request starting HTTP/1.1 OPTIONS http://localhost:5217/api/employees?orgId=2 - null null
2026-04-02 15:51:37.129 [INF] Microsoft.AspNetCore.Cors.Infrastructure.CorsService | CORS policy execution successful.
2026-04-02 15:51:37.129 [INF] Microsoft.AspNetCore.Hosting.Diagnostics | Request finished HTTP/1.1 OPTIONS http://localhost:5217/api/employees?orgId=2 - 204 null null 0.1087ms
2026-04-02 15:51:37.130 [INF] Microsoft.AspNetCore.Hosting.Diagnostics | Request starting HTTP/1.1 GET http://localhost:5217/api/EmpOT/GetOTByOrgId?orgId=2 - application/json null
2026-04-02 15:51:37.130 [INF] Microsoft.AspNetCore.Cors.Infrastructure.CorsService | CORS policy execution successful.
2026-04-02 15:51:37.130 [INF] Microsoft.AspNetCore.Hosting.Diagnostics | Request starting HTTP/1.1 GET http://localhost:5217/api/employees?orgId=2 - application/json null
2026-04-02 15:51:37.130 [INF] Microsoft.AspNetCore.Cors.Infrastructure.CorsService | CORS policy execution successful.
2026-04-02 15:51:37.131 [INF] Microsoft.AspNetCore.Routing.EndpointMiddleware | Executing endpoint 'backend.Controllers.EmployeesController.GetEmployees (backend)'
2026-04-02 15:51:37.131 [INF] Microsoft.AspNetCore.Mvc.Infrastructure.ControllerActionInvoker | Route matched with {action = "GetEmployees", controller = "Employees"}. Executing controller action with signature System.Threading.Tasks.Task`1[Microsoft.AspNetCore.Mvc.IActionResult] GetEmployees(System.Nullable`1[System.Int32]) on controller backend.Controllers.EmployeesController (backend).
2026-04-02 15:51:37.131 [INF] Microsoft.AspNetCore.Routing.EndpointMiddleware | Executing endpoint 'backend.Controllers.EmpOTController.GetOTByOrgId (backend)'
2026-04-02 15:51:37.131 [INF] backend.Controllers.EmployeesController | [Employees] GET all | TargetOrgId=2 | UserOrgId=2
2026-04-02 15:51:37.131 [INF] Microsoft.AspNetCore.Mvc.Infrastructure.ControllerActionInvoker | Route matched with {action = "GetOTByOrgId", controller = "EmpOT"}. Executing controller action with signature System.Threading.Tasks.Task`1[Microsoft.AspNetCore.Mvc.IActionResult] GetOTByOrgId(Int32) on controller backend.Controllers.EmpOTController (backend).
2026-04-02 15:51:37.160 [INF] Microsoft.AspNetCore.Mvc.Infrastructure.ObjectResultExecutor | Executing OkObjectResult, writing value of type 'System.Collections.Generic.List`1[[backend.Models.EmpOT, backend, Version=1.0.0.0, Culture=neutral, PublicKeyToken=null]]'.
2026-04-02 15:51:37.160 [INF] Microsoft.AspNetCore.Mvc.Infrastructure.ObjectResultExecutor | Executing OkObjectResult, writing value of type 'System.Collections.Generic.List`1[[backend.Models.Employee, backend, Version=1.0.0.0, Culture=neutral, PublicKeyToken=null]]'.
2026-04-02 15:51:37.160 [INF] Microsoft.AspNetCore.Mvc.Infrastructure.ControllerActionInvoker | Executed action backend.Controllers.EmpOTController.GetOTByOrgId (backend) in 29.0931ms
2026-04-02 15:51:37.160 [INF] Microsoft.AspNetCore.Mvc.Infrastructure.ControllerActionInvoker | Executed action backend.Controllers.EmployeesController.GetEmployees (backend) in 29.2557ms
2026-04-02 15:51:37.160 [INF] Microsoft.AspNetCore.Routing.EndpointMiddleware | Executed endpoint 'backend.Controllers.EmpOTController.GetOTByOrgId (backend)'
2026-04-02 15:51:37.160 [INF] Microsoft.AspNetCore.Routing.EndpointMiddleware | Executed endpoint 'backend.Controllers.EmployeesController.GetEmployees (backend)'
2026-04-02 15:51:37.160 [INF] Serilog.AspNetCore.RequestLoggingMiddleware | HTTP GET /api/EmpOT/GetOTByOrgId → 200 (29.4ms)
2026-04-02 15:51:37.160 [INF] Serilog.AspNetCore.RequestLoggingMiddleware | HTTP GET /api/employees → 200 (29.6ms)
2026-04-02 15:51:37.160 [INF] Microsoft.AspNetCore.Hosting.Diagnostics | Request finished HTTP/1.1 GET http://localhost:5217/api/employees?orgId=2 - 200 null application/json; charset=utf-8 29.9743ms
2026-04-02 15:51:37.160 [INF] Microsoft.AspNetCore.Hosting.Diagnostics | Request finished HTTP/1.1 GET http://localhost:5217/api/EmpOT/GetOTByOrgId?orgId=2 - 200 null application/json; charset=utf-8 30.2858ms
2026-04-02 15:51:38.165 [INF] Microsoft.AspNetCore.Hosting.Diagnostics | Request starting HTTP/1.1 OPTIONS http://localhost:5217/hubs/empot/negotiate?negotiateVersion=1 - null null
2026-04-02 15:51:38.165 [INF] Microsoft.AspNetCore.Cors.Infrastructure.CorsService | CORS policy execution successful.
2026-04-02 15:51:38.166 [INF] Microsoft.AspNetCore.Hosting.Diagnostics | Request finished HTTP/1.1 OPTIONS http://localhost:5217/hubs/empot/negotiate?negotiateVersion=1 - 204 null null 0.3531ms
2026-04-02 15:51:38.167 [INF] Microsoft.AspNetCore.Hosting.Diagnostics | Request starting HTTP/1.1 POST http://localhost:5217/hubs/empot/negotiate?negotiateVersion=1 - text/plain;charset=UTF-8 0
2026-04-02 15:51:38.167 [INF] Microsoft.AspNetCore.Cors.Infrastructure.CorsService | CORS policy execution successful.
2026-04-02 15:51:38.167 [INF] Microsoft.AspNetCore.Routing.EndpointMiddleware | Executing endpoint '/hubs/empot/negotiate'
2026-04-02 15:51:38.168 [INF] Microsoft.AspNetCore.Routing.EndpointMiddleware | Executed endpoint '/hubs/empot/negotiate'
2026-04-02 15:51:38.168 [INF] Serilog.AspNetCore.RequestLoggingMiddleware | HTTP POST /hubs/empot/negotiate → 200 (0.5ms)
2026-04-02 15:51:38.168 [INF] Microsoft.AspNetCore.Hosting.Diagnostics | Request finished HTTP/1.1 POST http://localhost:5217/hubs/empot/negotiate?negotiateVersion=1 - 200 316 application/json 0.768ms
2026-04-02 15:51:38.194 [INF] Microsoft.AspNetCore.Hosting.Diagnostics | Request starting HTTP/1.1 GET http://localhost:5217/hubs/empot?id=ZJSWTtiyrWBYAreVg76i5Q&access_token=eyJhbGciOiJIUzI1NiIsInR5cCI6IkpXVCJ9.eyJuYW1laWQiOiIxOCIsInVuaXF1ZV9uYW1lIjoidmFzYW50aGFrdW1hciIsImVtYWlsIjoidmFzYW50aDIwMDR2a0BnbWFpbC5jb20iLCJyb2xlIjoiU3VwZXJBZG1pbiIsIk9yZ2FuaXphdGlvbklkIjoiMiIsIk9yZ2FuaXphdGlvbkxvZ28iOiIvdXBsb2Fkcy9vcmctbG9nb3Mvb3JnLWxvZ28tNTg3M2M0NzVkOTFkNGJiZDkwNDZkZWVjNjY3ZDEzNmMuanBnIiwibmJmIjoxNzc1MTIzNTM1LCJleHAiOjE3NzUyMDk5MzUsImlhdCI6MTc3NTEyMzUzNSwiaXNzIjoiUHJvRGVzWC1CYWNrZW5kIiwiYXVkIjoiUHJvRGVzWC1Gcm9udGVuZCJ9.SnyONDad2SeD6DiKzJ1jn7GpLNQVcdbZ2iJxI_CkzGU - null null
2026-04-02 15:51:38.195 [INF] Microsoft.AspNetCore.Cors.Infrastructure.CorsService | CORS policy execution successful.
2026-04-02 15:51:38.195 [INF] Microsoft.AspNetCore.Routing.EndpointMiddleware | Executing endpoint '/hubs/empot'
2026-04-02 15:53:14.342 [INF] Microsoft.AspNetCore.Routing.EndpointMiddleware | Executed endpoint '/hubs/empot'
2026-04-02 15:53:14.342 [INF] Microsoft.AspNetCore.Routing.EndpointMiddleware | Executed endpoint '/hubs/attendance'
2026-04-02 15:53:14.342 [INF] Serilog.AspNetCore.RequestLoggingMiddleware | HTTP GET /hubs/attendance → 101 (123941.3ms)
2026-04-02 15:53:14.342 [INF] Serilog.AspNetCore.RequestLoggingMiddleware | HTTP GET /hubs/empot → 101 (123954.3ms)
2026-04-02 15:53:14.342 [INF] Microsoft.AspNetCore.Hosting.Diagnostics | Request finished HTTP/1.1 GET http://localhost:5217/hubs/attendance?id=Prfnzijio22B8yD6nYLqXw&access_token=eyJhbGciOiJIUzI1NiIsInR5cCI6IkpXVCJ9.eyJuYW1laWQiOiIxOCIsInVuaXF1ZV9uYW1lIjoidmFzYW50aGFrdW1hciIsImVtYWlsIjoidmFzYW50aDIwMDR2a0BnbWFpbC5jb20iLCJyb2xlIjoiU3VwZXJBZG1pbiIsIk9yZ2FuaXphdGlvbklkIjoiMiIsIk9yZ2FuaXphdGlvbkxvZ28iOiIvdXBsb2Fkcy9vcmctbG9nb3Mvb3JnLWxvZ28tNTg3M2M0NzVkOTFkNGJiZDkwNDZkZWVjNjY3ZDEzNmMuanBnIiwibmJmIjoxNzc1MTIzNTM1LCJleHAiOjE3NzUyMDk5MzUsImlhdCI6MTc3NTEyMzUzNSwiaXNzIjoiUHJvRGVzWC1CYWNrZW5kIiwiYXVkIjoiUHJvRGVzWC1Gcm9udGVuZCJ9.SnyONDad2SeD6DiKzJ1jn7GpLNQVcdbZ2iJxI_CkzGU - 101 null null 123941.7623ms
2026-04-02 15:53:14.342 [INF] Microsoft.AspNetCore.Hosting.Diagnostics | Request finished HTTP/1.1 GET http://localhost:5217/hubs/empot?id=yPlQVRWFlF6B2X50s7gJFw&access_token=eyJhbGciOiJIUzI1NiIsInR5cCI6IkpXVCJ9.eyJuYW1laWQiOiIxOCIsInVuaXF1ZV9uYW1lIjoidmFzYW50aGFrdW1hciIsImVtYWlsIjoidmFzYW50aDIwMDR2a0BnbWFpbC5jb20iLCJyb2xlIjoiU3VwZXJBZG1pbiIsIk9yZ2FuaXphdGlvbklkIjoiMiIsIk9yZ2FuaXphdGlvbkxvZ28iOiIvdXBsb2Fkcy9vcmctbG9nb3Mvb3JnLWxvZ28tNTg3M2M0NzVkOTFkNGJiZDkwNDZkZWVjNjY3ZDEzNmMuanBnIiwibmJmIjoxNzc1MTIzNTM1LCJleHAiOjE3NzUyMDk5MzUsImlhdCI6MTc3NTEyMzUzNSwiaXNzIjoiUHJvRGVzWC1CYWNrZW5kIiwiYXVkIjoiUHJvRGVzWC1Gcm9udGVuZCJ9.SnyONDad2SeD6DiKzJ1jn7GpLNQVcdbZ2iJxI_CkzGU - 101 null null 123954.8155ms
2026-04-02 15:53:14.364 [INF] Microsoft.AspNetCore.Hosting.Diagnostics | Request starting HTTP/1.1 OPTIONS http://localhost:5217/hubs/empot/negotiate?negotiateVersion=1 - null null
2026-04-02 15:53:14.364 [INF] Microsoft.AspNetCore.Cors.Infrastructure.CorsService | CORS policy execution successful.
2026-04-02 15:53:14.365 [INF] Microsoft.AspNetCore.Hosting.Diagnostics | Request finished HTTP/1.1 OPTIONS http://localhost:5217/hubs/empot/negotiate?negotiateVersion=1 - 204 null null 0.1903ms
2026-04-02 15:53:14.366 [INF] Microsoft.AspNetCore.Hosting.Diagnostics | Request starting HTTP/1.1 POST http://localhost:5217/hubs/empot/negotiate?negotiateVersion=1 - text/plain;charset=UTF-8 0
2026-04-02 15:53:14.366 [INF] Microsoft.AspNetCore.Cors.Infrastructure.CorsService | CORS policy execution successful.
2026-04-02 15:53:14.366 [INF] Microsoft.AspNetCore.Routing.EndpointMiddleware | Executing endpoint '/hubs/empot/negotiate'
2026-04-02 15:53:14.366 [INF] Microsoft.AspNetCore.Routing.EndpointMiddleware | Executed endpoint '/hubs/empot/negotiate'
2026-04-02 15:53:14.367 [INF] Serilog.AspNetCore.RequestLoggingMiddleware | HTTP POST /hubs/empot/negotiate → 200 (0.2ms)
2026-04-02 15:53:14.367 [INF] Microsoft.AspNetCore.Hosting.Diagnostics | Request finished HTTP/1.1 POST http://localhost:5217/hubs/empot/negotiate?negotiateVersion=1 - 200 316 application/json 0.4736ms
2026-04-02 15:53:14.369 [INF] Microsoft.AspNetCore.Hosting.Diagnostics | Request starting HTTP/1.1 OPTIONS http://localhost:5217/hubs/attendance/negotiate?negotiateVersion=1 - null null
2026-04-02 15:53:14.369 [INF] Microsoft.AspNetCore.Cors.Infrastructure.CorsService | CORS policy execution successful.
2026-04-02 15:53:14.369 [INF] Microsoft.AspNetCore.Hosting.Diagnostics | Request finished HTTP/1.1 OPTIONS http://localhost:5217/hubs/attendance/negotiate?negotiateVersion=1 - 204 null null 0.2123ms
2026-04-02 15:53:14.371 [INF] Microsoft.AspNetCore.Hosting.Diagnostics | Request starting HTTP/1.1 POST http://localhost:5217/hubs/attendance/negotiate?negotiateVersion=1 - text/plain;charset=UTF-8 0
2026-04-02 15:53:14.371 [INF] Microsoft.AspNetCore.Cors.Infrastructure.CorsService | CORS policy execution successful.
2026-04-02 15:53:14.371 [INF] Microsoft.AspNetCore.Routing.EndpointMiddleware | Executing endpoint '/hubs/attendance/negotiate'
2026-04-02 15:53:14.371 [INF] Microsoft.AspNetCore.Routing.EndpointMiddleware | Executed endpoint '/hubs/attendance/negotiate'
2026-04-02 15:53:14.371 [INF] Serilog.AspNetCore.RequestLoggingMiddleware | HTTP POST /hubs/attendance/negotiate → 200 (0.2ms)
2026-04-02 15:53:14.371 [INF] Microsoft.AspNetCore.Hosting.Diagnostics | Request finished HTTP/1.1 POST http://localhost:5217/hubs/attendance/negotiate?negotiateVersion=1 - 200 316 application/json 0.627ms
2026-04-02 15:53:14.381 [INF] Microsoft.AspNetCore.Hosting.Diagnostics | Request starting HTTP/1.1 GET http://localhost:5217/hubs/empot?id=55tdtni3BLDAIxJKTkYY4A&access_token=eyJhbGciOiJIUzI1NiIsInR5cCI6IkpXVCJ9.eyJuYW1laWQiOiIxOCIsInVuaXF1ZV9uYW1lIjoidmFzYW50aGFrdW1hciIsImVtYWlsIjoidmFzYW50aDIwMDR2a0BnbWFpbC5jb20iLCJyb2xlIjoiU3VwZXJBZG1pbiIsIk9yZ2FuaXphdGlvbklkIjoiMiIsIk9yZ2FuaXphdGlvbkxvZ28iOiIvdXBsb2Fkcy9vcmctbG9nb3Mvb3JnLWxvZ28tNTg3M2M0NzVkOTFkNGJiZDkwNDZkZWVjNjY3ZDEzNmMuanBnIiwibmJmIjoxNzc1MTIzNTM1LCJleHAiOjE3NzUyMDk5MzUsImlhdCI6MTc3NTEyMzUzNSwiaXNzIjoiUHJvRGVzWC1CYWNrZW5kIiwiYXVkIjoiUHJvRGVzWC1Gcm9udGVuZCJ9.SnyONDad2SeD6DiKzJ1jn7GpLNQVcdbZ2iJxI_CkzGU - null null
2026-04-02 15:53:14.381 [INF] Microsoft.AspNetCore.Cors.Infrastructure.CorsService | CORS policy execution successful.
2026-04-02 15:53:14.381 [INF] Microsoft.AspNetCore.Routing.EndpointMiddleware | Executing endpoint '/hubs/empot'
2026-04-02 15:53:14.394 [INF] Microsoft.AspNetCore.Hosting.Diagnostics | Request starting HTTP/1.1 GET http://localhost:5217/hubs/attendance?id=f0V1ghpan2eWISnPvaOkpw&access_token=eyJhbGciOiJIUzI1NiIsInR5cCI6IkpXVCJ9.eyJuYW1laWQiOiIxOCIsInVuaXF1ZV9uYW1lIjoidmFzYW50aGFrdW1hciIsImVtYWlsIjoidmFzYW50aDIwMDR2a0BnbWFpbC5jb20iLCJyb2xlIjoiU3VwZXJBZG1pbiIsIk9yZ2FuaXphdGlvbklkIjoiMiIsIk9yZ2FuaXphdGlvbkxvZ28iOiIvdXBsb2Fkcy9vcmctbG9nb3Mvb3JnLWxvZ28tNTg3M2M0NzVkOTFkNGJiZDkwNDZkZWVjNjY3ZDEzNmMuanBnIiwibmJmIjoxNzc1MTIzNTM1LCJleHAiOjE3NzUyMDk5MzUsImlhdCI6MTc3NTEyMzUzNSwiaXNzIjoiUHJvRGVzWC1CYWNrZW5kIiwiYXVkIjoiUHJvRGVzWC1Gcm9udGVuZCJ9.SnyONDad2SeD6DiKzJ1jn7GpLNQVcdbZ2iJxI_CkzGU - null null
2026-04-02 15:53:14.394 [INF] Microsoft.AspNetCore.Cors.Infrastructure.CorsService | CORS policy execution successful.
2026-04-02 15:53:14.394 [INF] Microsoft.AspNetCore.Routing.EndpointMiddleware | Executing endpoint '/hubs/attendance'
2026-04-02 15:53:21.351 [INF] Microsoft.AspNetCore.Routing.EndpointMiddleware | Executed endpoint '/hubs/attendance'
2026-04-02 15:53:21.351 [INF] Serilog.AspNetCore.RequestLoggingMiddleware | HTTP GET /hubs/attendance → 101 (124608.0ms)
2026-04-02 15:53:21.351 [INF] Microsoft.AspNetCore.Hosting.Diagnostics | Request finished HTTP/1.1 GET http://localhost:5217/hubs/attendance?id=5ipV3AFqdCPAYFvOrfNw2g&access_token=eyJhbGciOiJIUzI1NiIsInR5cCI6IkpXVCJ9.eyJuYW1laWQiOiIxOCIsInVuaXF1ZV9uYW1lIjoidmFzYW50aGFrdW1hciIsImVtYWlsIjoidmFzYW50aDIwMDR2a0BnbWFpbC5jb20iLCJyb2xlIjoiU3VwZXJBZG1pbiIsIk9yZ2FuaXphdGlvbklkIjoiMiIsIk9yZ2FuaXphdGlvbkxvZ28iOiIvdXBsb2Fkcy9vcmctbG9nb3Mvb3JnLWxvZ28tNTg3M2M0NzVkOTFkNGJiZDkwNDZkZWVjNjY3ZDEzNmMuanBnIiwibmJmIjoxNzc1MTIzNTM1LCJleHAiOjE3NzUyMDk5MzUsImlhdCI6MTc3NTEyMzUzNSwiaXNzIjoiUHJvRGVzWC1CYWNrZW5kIiwiYXVkIjoiUHJvRGVzWC1Gcm9udGVuZCJ9.SnyONDad2SeD6DiKzJ1jn7GpLNQVcdbZ2iJxI_CkzGU - 101 null null 124608.5102ms
2026-04-02 15:53:21.367 [INF] Microsoft.AspNetCore.Hosting.Diagnostics | Request starting HTTP/1.1 OPTIONS http://localhost:5217/hubs/attendance/negotiate?negotiateVersion=1 - null null
2026-04-02 15:53:21.367 [INF] Microsoft.AspNetCore.Cors.Infrastructure.CorsService | CORS policy execution successful.
2026-04-02 15:53:21.367 [INF] Microsoft.AspNetCore.Hosting.Diagnostics | Request finished HTTP/1.1 OPTIONS http://localhost:5217/hubs/attendance/negotiate?negotiateVersion=1 - 204 null null 0.1772ms
2026-04-02 15:53:21.369 [INF] Microsoft.AspNetCore.Hosting.Diagnostics | Request starting HTTP/1.1 POST http://localhost:5217/hubs/attendance/negotiate?negotiateVersion=1 - text/plain;charset=UTF-8 0
2026-04-02 15:53:21.369 [INF] Microsoft.AspNetCore.Cors.Infrastructure.CorsService | CORS policy execution successful.
2026-04-02 15:53:21.369 [INF] Microsoft.AspNetCore.Routing.EndpointMiddleware | Executing endpoint '/hubs/attendance/negotiate'
2026-04-02 15:53:21.369 [INF] Microsoft.AspNetCore.Routing.EndpointMiddleware | Executed endpoint '/hubs/attendance/negotiate'
2026-04-02 15:53:21.369 [INF] Serilog.AspNetCore.RequestLoggingMiddleware | HTTP POST /hubs/attendance/negotiate → 200 (0.2ms)
2026-04-02 15:53:21.369 [INF] Microsoft.AspNetCore.Hosting.Diagnostics | Request finished HTTP/1.1 POST http://localhost:5217/hubs/attendance/negotiate?negotiateVersion=1 - 200 316 application/json 0.5951ms
2026-04-02 15:53:21.379 [INF] Microsoft.AspNetCore.Hosting.Diagnostics | Request starting HTTP/1.1 GET http://localhost:5217/hubs/attendance?id=fVBydY73eJE5m7AmX5bEYw&access_token=eyJhbGciOiJIUzI1NiIsInR5cCI6IkpXVCJ9.eyJuYW1laWQiOiIxOCIsInVuaXF1ZV9uYW1lIjoidmFzYW50aGFrdW1hciIsImVtYWlsIjoidmFzYW50aDIwMDR2a0BnbWFpbC5jb20iLCJyb2xlIjoiU3VwZXJBZG1pbiIsIk9yZ2FuaXphdGlvbklkIjoiMiIsIk9yZ2FuaXphdGlvbkxvZ28iOiIvdXBsb2Fkcy9vcmctbG9nb3Mvb3JnLWxvZ28tNTg3M2M0NzVkOTFkNGJiZDkwNDZkZWVjNjY3ZDEzNmMuanBnIiwibmJmIjoxNzc1MTIzNTM1LCJleHAiOjE3NzUyMDk5MzUsImlhdCI6MTc3NTEyMzUzNSwiaXNzIjoiUHJvRGVzWC1CYWNrZW5kIiwiYXVkIjoiUHJvRGVzWC1Gcm9udGVuZCJ9.SnyONDad2SeD6DiKzJ1jn7GpLNQVcdbZ2iJxI_CkzGU - null null
2026-04-02 15:53:21.380 [INF] Microsoft.AspNetCore.Cors.Infrastructure.CorsService | CORS policy execution successful.
2026-04-02 15:53:21.381 [INF] Microsoft.AspNetCore.Routing.EndpointMiddleware | Executing endpoint '/hubs/attendance'
2026-04-02 15:54:10.352 [INF] Microsoft.AspNetCore.Routing.EndpointMiddleware | Executed endpoint '/hubs/empot'
2026-04-02 15:54:10.352 [INF] Serilog.AspNetCore.RequestLoggingMiddleware | HTTP GET /hubs/empot → 101 (152150.7ms)
2026-04-02 15:54:10.352 [INF] Microsoft.AspNetCore.Hosting.Diagnostics | Request finished HTTP/1.1 GET http://localhost:5217/hubs/empot?id=ZJSWTtiyrWBYAreVg76i5Q&access_token=eyJhbGciOiJIUzI1NiIsInR5cCI6IkpXVCJ9.eyJuYW1laWQiOiIxOCIsInVuaXF1ZV9uYW1lIjoidmFzYW50aGFrdW1hciIsImVtYWlsIjoidmFzYW50aDIwMDR2a0BnbWFpbC5jb20iLCJyb2xlIjoiU3VwZXJBZG1pbiIsIk9yZ2FuaXphdGlvbklkIjoiMiIsIk9yZ2FuaXphdGlvbkxvZ28iOiIvdXBsb2Fkcy9vcmctbG9nb3Mvb3JnLWxvZ28tNTg3M2M0NzVkOTFkNGJiZDkwNDZkZWVjNjY3ZDEzNmMuanBnIiwibmJmIjoxNzc1MTIzNTM1LCJleHAiOjE3NzUyMDk5MzUsImlhdCI6MTc3NTEyMzUzNSwiaXNzIjoiUHJvRGVzWC1CYWNrZW5kIiwiYXVkIjoiUHJvRGVzWC1Gcm9udGVuZCJ9.SnyONDad2SeD6DiKzJ1jn7GpLNQVcdbZ2iJxI_CkzGU - 101 null null 152151.1187ms
2026-04-02 15:54:10.362 [INF] Microsoft.AspNetCore.Hosting.Diagnostics | Request starting HTTP/1.1 OPTIONS http://localhost:5217/hubs/empot/negotiate?negotiateVersion=1 - null null
2026-04-02 15:54:10.362 [INF] Microsoft.AspNetCore.Cors.Infrastructure.CorsService | CORS policy execution successful.
2026-04-02 15:54:10.362 [INF] Microsoft.AspNetCore.Hosting.Diagnostics | Request finished HTTP/1.1 OPTIONS http://localhost:5217/hubs/empot/negotiate?negotiateVersion=1 - 204 null null 0.1648ms
2026-04-02 15:54:10.363 [INF] Microsoft.AspNetCore.Hosting.Diagnostics | Request starting HTTP/1.1 POST http://localhost:5217/hubs/empot/negotiate?negotiateVersion=1 - text/plain;charset=UTF-8 0
2026-04-02 15:54:10.363 [INF] Microsoft.AspNetCore.Cors.Infrastructure.CorsService | CORS policy execution successful.
2026-04-02 15:54:10.363 [INF] Microsoft.AspNetCore.Routing.EndpointMiddleware | Executing endpoint '/hubs/empot/negotiate'
2026-04-02 15:54:10.363 [INF] Microsoft.AspNetCore.Routing.EndpointMiddleware | Executed endpoint '/hubs/empot/negotiate'
2026-04-02 15:54:10.364 [INF] Serilog.AspNetCore.RequestLoggingMiddleware | HTTP POST /hubs/empot/negotiate → 200 (0.2ms)
2026-04-02 15:54:10.364 [INF] Microsoft.AspNetCore.Hosting.Diagnostics | Request finished HTTP/1.1 POST http://localhost:5217/hubs/empot/negotiate?negotiateVersion=1 - 200 316 application/json 0.4901ms
2026-04-02 15:54:10.371 [INF] Microsoft.AspNetCore.Hosting.Diagnostics | Request starting HTTP/1.1 GET http://localhost:5217/hubs/empot?id=OfjYgaxUp04AyU_7xsc4jA&access_token=eyJhbGciOiJIUzI1NiIsInR5cCI6IkpXVCJ9.eyJuYW1laWQiOiIxOCIsInVuaXF1ZV9uYW1lIjoidmFzYW50aGFrdW1hciIsImVtYWlsIjoidmFzYW50aDIwMDR2a0BnbWFpbC5jb20iLCJyb2xlIjoiU3VwZXJBZG1pbiIsIk9yZ2FuaXphdGlvbklkIjoiMiIsIk9yZ2FuaXphdGlvbkxvZ28iOiIvdXBsb2Fkcy9vcmctbG9nb3Mvb3JnLWxvZ28tNTg3M2M0NzVkOTFkNGJiZDkwNDZkZWVjNjY3ZDEzNmMuanBnIiwibmJmIjoxNzc1MTIzNTM1LCJleHAiOjE3NzUyMDk5MzUsImlhdCI6MTc3NTEyMzUzNSwiaXNzIjoiUHJvRGVzWC1CYWNrZW5kIiwiYXVkIjoiUHJvRGVzWC1Gcm9udGVuZCJ9.SnyONDad2SeD6DiKzJ1jn7GpLNQVcdbZ2iJxI_CkzGU - null null
2026-04-02 15:54:10.371 [INF] Microsoft.AspNetCore.Cors.Infrastructure.CorsService | CORS policy execution successful.
2026-04-02 15:54:10.372 [INF] Microsoft.AspNetCore.Routing.EndpointMiddleware | Executing endpoint '/hubs/empot'
2026-04-02 15:55:20.352 [INF] Microsoft.AspNetCore.Routing.EndpointMiddleware | Executed endpoint '/hubs/empot'
2026-04-02 15:55:20.352 [INF] Serilog.AspNetCore.RequestLoggingMiddleware | HTTP GET /hubs/empot → 101 (125965.9ms)
2026-04-02 15:55:20.352 [INF] Microsoft.AspNetCore.Hosting.Diagnostics | Request finished HTTP/1.1 GET http://localhost:5217/hubs/empot?id=55tdtni3BLDAIxJKTkYY4A&access_token=eyJhbGciOiJIUzI1NiIsInR5cCI6IkpXVCJ9.eyJuYW1laWQiOiIxOCIsInVuaXF1ZV9uYW1lIjoidmFzYW50aGFrdW1hciIsImVtYWlsIjoidmFzYW50aDIwMDR2a0BnbWFpbC5jb20iLCJyb2xlIjoiU3VwZXJBZG1pbiIsIk9yZ2FuaXphdGlvbklkIjoiMiIsIk9yZ2FuaXphdGlvbkxvZ28iOiIvdXBsb2Fkcy9vcmctbG9nb3Mvb3JnLWxvZ28tNTg3M2M0NzVkOTFkNGJiZDkwNDZkZWVjNjY3ZDEzNmMuanBnIiwibmJmIjoxNzc1MTIzNTM1LCJleHAiOjE3NzUyMDk5MzUsImlhdCI6MTc3NTEyMzUzNSwiaXNzIjoiUHJvRGVzWC1CYWNrZW5kIiwiYXVkIjoiUHJvRGVzWC1Gcm9udGVuZCJ9.SnyONDad2SeD6DiKzJ1jn7GpLNQVcdbZ2iJxI_CkzGU - 101 null null 125966.2556ms
2026-04-02 15:55:20.355 [INF] Microsoft.AspNetCore.Routing.EndpointMiddleware | Executed endpoint '/hubs/attendance'
2026-04-02 15:55:20.355 [INF] Serilog.AspNetCore.RequestLoggingMiddleware | HTTP GET /hubs/attendance → 101 (125955.1ms)
2026-04-02 15:55:20.355 [INF] Microsoft.AspNetCore.Hosting.Diagnostics | Request finished HTTP/1.1 GET http://localhost:5217/hubs/attendance?id=f0V1ghpan2eWISnPvaOkpw&access_token=eyJhbGciOiJIUzI1NiIsInR5cCI6IkpXVCJ9.eyJuYW1laWQiOiIxOCIsInVuaXF1ZV9uYW1lIjoidmFzYW50aGFrdW1hciIsImVtYWlsIjoidmFzYW50aDIwMDR2a0BnbWFpbC5jb20iLCJyb2xlIjoiU3VwZXJBZG1pbiIsIk9yZ2FuaXphdGlvbklkIjoiMiIsIk9yZ2FuaXphdGlvbkxvZ28iOiIvdXBsb2Fkcy9vcmctbG9nb3Mvb3JnLWxvZ28tNTg3M2M0NzVkOTFkNGJiZDkwNDZkZWVjNjY3ZDEzNmMuanBnIiwibmJmIjoxNzc1MTIzNTM1LCJleHAiOjE3NzUyMDk5MzUsImlhdCI6MTc3NTEyMzUzNSwiaXNzIjoiUHJvRGVzWC1CYWNrZW5kIiwiYXVkIjoiUHJvRGVzWC1Gcm9udGVuZCJ9.SnyONDad2SeD6DiKzJ1jn7GpLNQVcdbZ2iJxI_CkzGU - 101 null null 125955.7246ms
2026-04-02 15:55:20.363 [INF] Microsoft.AspNetCore.Hosting.Diagnostics | Request starting HTTP/1.1 OPTIONS http://localhost:5217/hubs/empot/negotiate?negotiateVersion=1 - null null
2026-04-02 15:55:20.363 [INF] Microsoft.AspNetCore.Cors.Infrastructure.CorsService | CORS policy execution successful.
2026-04-02 15:55:20.363 [INF] Microsoft.AspNetCore.Hosting.Diagnostics | Request finished HTTP/1.1 OPTIONS http://localhost:5217/hubs/empot/negotiate?negotiateVersion=1 - 204 null null 0.1697ms
2026-04-02 15:55:20.364 [INF] Microsoft.AspNetCore.Hosting.Diagnostics | Request starting HTTP/1.1 POST http://localhost:5217/hubs/empot/negotiate?negotiateVersion=1 - text/plain;charset=UTF-8 0
2026-04-02 15:55:20.365 [INF] Microsoft.AspNetCore.Cors.Infrastructure.CorsService | CORS policy execution successful.
2026-04-02 15:55:20.365 [INF] Microsoft.AspNetCore.Routing.EndpointMiddleware | Executing endpoint '/hubs/empot/negotiate'
2026-04-02 15:55:20.365 [INF] Microsoft.AspNetCore.Routing.EndpointMiddleware | Executed endpoint '/hubs/empot/negotiate'
2026-04-02 15:55:20.365 [INF] Serilog.AspNetCore.RequestLoggingMiddleware | HTTP POST /hubs/empot/negotiate → 200 (0.1ms)
2026-04-02 15:55:20.365 [INF] Microsoft.AspNetCore.Hosting.Diagnostics | Request finished HTTP/1.1 POST http://localhost:5217/hubs/empot/negotiate?negotiateVersion=1 - 200 316 application/json 0.3844ms
2026-04-02 15:55:20.366 [INF] Microsoft.AspNetCore.Hosting.Diagnostics | Request starting HTTP/1.1 OPTIONS http://localhost:5217/hubs/attendance/negotiate?negotiateVersion=1 - null null
2026-04-02 15:55:20.366 [INF] Microsoft.AspNetCore.Cors.Infrastructure.CorsService | CORS policy execution successful.
2026-04-02 15:55:20.366 [INF] Microsoft.AspNetCore.Hosting.Diagnostics | Request finished HTTP/1.1 OPTIONS http://localhost:5217/hubs/attendance/negotiate?negotiateVersion=1 - 204 null null 0.0958ms
2026-04-02 15:55:20.367 [INF] Microsoft.AspNetCore.Hosting.Diagnostics | Request starting HTTP/1.1 POST http://localhost:5217/hubs/attendance/negotiate?negotiateVersion=1 - text/plain;charset=UTF-8 0
2026-04-02 15:55:20.367 [INF] Microsoft.AspNetCore.Cors.Infrastructure.CorsService | CORS policy execution successful.
2026-04-02 15:55:20.368 [INF] Microsoft.AspNetCore.Routing.EndpointMiddleware | Executing endpoint '/hubs/attendance/negotiate'
2026-04-02 15:55:20.368 [INF] Microsoft.AspNetCore.Routing.EndpointMiddleware | Executed endpoint '/hubs/attendance/negotiate'
2026-04-02 15:55:20.368 [INF] Serilog.AspNetCore.RequestLoggingMiddleware | HTTP POST /hubs/attendance/negotiate → 200 (0.2ms)
2026-04-02 15:55:20.368 [INF] Microsoft.AspNetCore.Hosting.Diagnostics | Request finished HTTP/1.1 POST http://localhost:5217/hubs/attendance/negotiate?negotiateVersion=1 - 200 316 application/json 0.4943ms
2026-04-02 15:55:20.373 [INF] Microsoft.AspNetCore.Hosting.Diagnostics | Request starting HTTP/1.1 GET http://localhost:5217/hubs/empot?id=4Sd-tAi2VE-dVggpBT59uQ&access_token=eyJhbGciOiJIUzI1NiIsInR5cCI6IkpXVCJ9.eyJuYW1laWQiOiIxOCIsInVuaXF1ZV9uYW1lIjoidmFzYW50aGFrdW1hciIsImVtYWlsIjoidmFzYW50aDIwMDR2a0BnbWFpbC5jb20iLCJyb2xlIjoiU3VwZXJBZG1pbiIsIk9yZ2FuaXphdGlvbklkIjoiMiIsIk9yZ2FuaXphdGlvbkxvZ28iOiIvdXBsb2Fkcy9vcmctbG9nb3Mvb3JnLWxvZ28tNTg3M2M0NzVkOTFkNGJiZDkwNDZkZWVjNjY3ZDEzNmMuanBnIiwibmJmIjoxNzc1MTIzNTM1LCJleHAiOjE3NzUyMDk5MzUsImlhdCI6MTc3NTEyMzUzNSwiaXNzIjoiUHJvRGVzWC1CYWNrZW5kIiwiYXVkIjoiUHJvRGVzWC1Gcm9udGVuZCJ9.SnyONDad2SeD6DiKzJ1jn7GpLNQVcdbZ2iJxI_CkzGU - null null
2026-04-02 15:55:20.373 [INF] Microsoft.AspNetCore.Cors.Infrastructure.CorsService | CORS policy execution successful.
2026-04-02 15:55:20.374 [INF] Microsoft.AspNetCore.Routing.EndpointMiddleware | Executing endpoint '/hubs/empot'
2026-04-02 15:55:20.400 [INF] Microsoft.AspNetCore.Hosting.Diagnostics | Request starting HTTP/1.1 GET http://localhost:5217/hubs/attendance?id=g6Kbtq-Qy5TbkACogOptqQ&access_token=eyJhbGciOiJIUzI1NiIsInR5cCI6IkpXVCJ9.eyJuYW1laWQiOiIxOCIsInVuaXF1ZV9uYW1lIjoidmFzYW50aGFrdW1hciIsImVtYWlsIjoidmFzYW50aDIwMDR2a0BnbWFpbC5jb20iLCJyb2xlIjoiU3VwZXJBZG1pbiIsIk9yZ2FuaXphdGlvbklkIjoiMiIsIk9yZ2FuaXphdGlvbkxvZ28iOiIvdXBsb2Fkcy9vcmctbG9nb3Mvb3JnLWxvZ28tNTg3M2M0NzVkOTFkNGJiZDkwNDZkZWVjNjY3ZDEzNmMuanBnIiwibmJmIjoxNzc1MTIzNTM1LCJleHAiOjE3NzUyMDk5MzUsImlhdCI6MTc3NTEyMzUzNSwiaXNzIjoiUHJvRGVzWC1CYWNrZW5kIiwiYXVkIjoiUHJvRGVzWC1Gcm9udGVuZCJ9.SnyONDad2SeD6DiKzJ1jn7GpLNQVcdbZ2iJxI_CkzGU - null null
2026-04-02 15:55:20.400 [INF] Microsoft.AspNetCore.Cors.Infrastructure.CorsService | CORS policy execution successful.
2026-04-02 15:55:20.400 [INF] Microsoft.AspNetCore.Routing.EndpointMiddleware | Executing endpoint '/hubs/attendance'
2026-04-02 15:55:27.353 [INF] Microsoft.AspNetCore.Routing.EndpointMiddleware | Executed endpoint '/hubs/attendance'
2026-04-02 15:55:27.353 [INF] Serilog.AspNetCore.RequestLoggingMiddleware | HTTP GET /hubs/attendance → 101 (125967.0ms)
2026-04-02 15:55:27.353 [INF] Microsoft.AspNetCore.Hosting.Diagnostics | Request finished HTTP/1.1 GET http://localhost:5217/hubs/attendance?id=fVBydY73eJE5m7AmX5bEYw&access_token=eyJhbGciOiJIUzI1NiIsInR5cCI6IkpXVCJ9.eyJuYW1laWQiOiIxOCIsInVuaXF1ZV9uYW1lIjoidmFzYW50aGFrdW1hciIsImVtYWlsIjoidmFzYW50aDIwMDR2a0BnbWFpbC5jb20iLCJyb2xlIjoiU3VwZXJBZG1pbiIsIk9yZ2FuaXphdGlvbklkIjoiMiIsIk9yZ2FuaXphdGlvbkxvZ28iOiIvdXBsb2Fkcy9vcmctbG9nb3Mvb3JnLWxvZ28tNTg3M2M0NzVkOTFkNGJiZDkwNDZkZWVjNjY3ZDEzNmMuanBnIiwibmJmIjoxNzc1MTIzNTM1LCJleHAiOjE3NzUyMDk5MzUsImlhdCI6MTc3NTEyMzUzNSwiaXNzIjoiUHJvRGVzWC1CYWNrZW5kIiwiYXVkIjoiUHJvRGVzWC1Gcm9udGVuZCJ9.SnyONDad2SeD6DiKzJ1jn7GpLNQVcdbZ2iJxI_CkzGU - 101 null null 125968.2415ms
2026-04-02 15:55:27.402 [INF] Microsoft.AspNetCore.Hosting.Diagnostics | Request starting HTTP/1.1 OPTIONS http://localhost:5217/hubs/attendance/negotiate?negotiateVersion=1 - null null
2026-04-02 15:55:27.402 [INF] Microsoft.AspNetCore.Cors.Infrastructure.CorsService | CORS policy execution successful.
2026-04-02 15:55:27.402 [INF] Microsoft.AspNetCore.Hosting.Diagnostics | Request finished HTTP/1.1 OPTIONS http://localhost:5217/hubs/attendance/negotiate?negotiateVersion=1 - 204 null null 0.1729ms
2026-04-02 15:55:27.403 [INF] Microsoft.AspNetCore.Hosting.Diagnostics | Request starting HTTP/1.1 POST http://localhost:5217/hubs/attendance/negotiate?negotiateVersion=1 - text/plain;charset=UTF-8 0
2026-04-02 15:55:27.403 [INF] Microsoft.AspNetCore.Cors.Infrastructure.CorsService | CORS policy execution successful.
2026-04-02 15:55:27.404 [INF] Microsoft.AspNetCore.Routing.EndpointMiddleware | Executing endpoint '/hubs/attendance/negotiate'
2026-04-02 15:55:27.404 [INF] Microsoft.AspNetCore.Routing.EndpointMiddleware | Executed endpoint '/hubs/attendance/negotiate'
2026-04-02 15:55:27.404 [INF] Serilog.AspNetCore.RequestLoggingMiddleware | HTTP POST /hubs/attendance/negotiate → 200 (0.1ms)
2026-04-02 15:55:27.404 [INF] Microsoft.AspNetCore.Hosting.Diagnostics | Request finished HTTP/1.1 POST http://localhost:5217/hubs/attendance/negotiate?negotiateVersion=1 - 200 316 application/json 0.3968ms
2026-04-02 15:55:27.411 [INF] Microsoft.AspNetCore.Hosting.Diagnostics | Request starting HTTP/1.1 GET http://localhost:5217/hubs/attendance?id=bSjPC0DK-0XRTJzJOe_TFg&access_token=eyJhbGciOiJIUzI1NiIsInR5cCI6IkpXVCJ9.eyJuYW1laWQiOiIxOCIsInVuaXF1ZV9uYW1lIjoidmFzYW50aGFrdW1hciIsImVtYWlsIjoidmFzYW50aDIwMDR2a0BnbWFpbC5jb20iLCJyb2xlIjoiU3VwZXJBZG1pbiIsIk9yZ2FuaXphdGlvbklkIjoiMiIsIk9yZ2FuaXphdGlvbkxvZ28iOiIvdXBsb2Fkcy9vcmctbG9nb3Mvb3JnLWxvZ28tNTg3M2M0NzVkOTFkNGJiZDkwNDZkZWVjNjY3ZDEzNmMuanBnIiwibmJmIjoxNzc1MTIzNTM1LCJleHAiOjE3NzUyMDk5MzUsImlhdCI6MTc3NTEyMzUzNSwiaXNzIjoiUHJvRGVzWC1CYWNrZW5kIiwiYXVkIjoiUHJvRGVzWC1Gcm9udGVuZCJ9.SnyONDad2SeD6DiKzJ1jn7GpLNQVcdbZ2iJxI_CkzGU - null null
2026-04-02 15:55:27.411 [INF] Microsoft.AspNetCore.Cors.Infrastructure.CorsService | CORS policy execution successful.
2026-04-02 15:55:27.411 [INF] Microsoft.AspNetCore.Routing.EndpointMiddleware | Executing endpoint '/hubs/attendance'
2026-04-02 15:56:15.351 [INF] Microsoft.AspNetCore.Routing.EndpointMiddleware | Executed endpoint '/hubs/empot'
2026-04-02 15:56:15.352 [INF] Serilog.AspNetCore.RequestLoggingMiddleware | HTTP GET /hubs/empot → 101 (124974.4ms)
2026-04-02 15:56:15.352 [INF] Microsoft.AspNetCore.Hosting.Diagnostics | Request finished HTTP/1.1 GET http://localhost:5217/hubs/empot?id=OfjYgaxUp04AyU_7xsc4jA&access_token=eyJhbGciOiJIUzI1NiIsInR5cCI6IkpXVCJ9.eyJuYW1laWQiOiIxOCIsInVuaXF1ZV9uYW1lIjoidmFzYW50aGFrdW1hciIsImVtYWlsIjoidmFzYW50aDIwMDR2a0BnbWFpbC5jb20iLCJyb2xlIjoiU3VwZXJBZG1pbiIsIk9yZ2FuaXphdGlvbklkIjoiMiIsIk9yZ2FuaXphdGlvbkxvZ28iOiIvdXBsb2Fkcy9vcmctbG9nb3Mvb3JnLWxvZ28tNTg3M2M0NzVkOTFkNGJiZDkwNDZkZWVjNjY3ZDEzNmMuanBnIiwibmJmIjoxNzc1MTIzNTM1LCJleHAiOjE3NzUyMDk5MzUsImlhdCI6MTc3NTEyMzUzNSwiaXNzIjoiUHJvRGVzWC1CYWNrZW5kIiwiYXVkIjoiUHJvRGVzWC1Gcm9udGVuZCJ9.SnyONDad2SeD6DiKzJ1jn7GpLNQVcdbZ2iJxI_CkzGU - 101 null null 124974.8417ms
2026-04-02 15:56:15.364 [INF] Microsoft.AspNetCore.Hosting.Diagnostics | Request starting HTTP/1.1 OPTIONS http://localhost:5217/hubs/empot/negotiate?negotiateVersion=1 - null null
2026-04-02 15:56:15.364 [INF] Microsoft.AspNetCore.Cors.Infrastructure.CorsService | CORS policy execution successful.
2026-04-02 15:56:15.364 [INF] Microsoft.AspNetCore.Hosting.Diagnostics | Request finished HTTP/1.1 OPTIONS http://localhost:5217/hubs/empot/negotiate?negotiateVersion=1 - 204 null null 0.2003ms
2026-04-02 15:56:15.367 [INF] Microsoft.AspNetCore.Hosting.Diagnostics | Request starting HTTP/1.1 POST http://localhost:5217/hubs/empot/negotiate?negotiateVersion=1 - text/plain;charset=UTF-8 0
2026-04-02 15:56:15.367 [INF] Microsoft.AspNetCore.Cors.Infrastructure.CorsService | CORS policy execution successful.
2026-04-02 15:56:15.367 [INF] Microsoft.AspNetCore.Routing.EndpointMiddleware | Executing endpoint '/hubs/empot/negotiate'
2026-04-02 15:56:15.368 [INF] Microsoft.AspNetCore.Routing.EndpointMiddleware | Executed endpoint '/hubs/empot/negotiate'
2026-04-02 15:56:15.368 [INF] Serilog.AspNetCore.RequestLoggingMiddleware | HTTP POST /hubs/empot/negotiate → 200 (0.4ms)
2026-04-02 15:56:15.368 [INF] Microsoft.AspNetCore.Hosting.Diagnostics | Request finished HTTP/1.1 POST http://localhost:5217/hubs/empot/negotiate?negotiateVersion=1 - 200 316 application/json 0.9958ms
2026-04-02 15:56:15.381 [INF] Microsoft.AspNetCore.Hosting.Diagnostics | Request starting HTTP/1.1 GET http://localhost:5217/hubs/empot?id=xg0CAR5xcoX-kFJ_tk1xgA&access_token=eyJhbGciOiJIUzI1NiIsInR5cCI6IkpXVCJ9.eyJuYW1laWQiOiIxOCIsInVuaXF1ZV9uYW1lIjoidmFzYW50aGFrdW1hciIsImVtYWlsIjoidmFzYW50aDIwMDR2a0BnbWFpbC5jb20iLCJyb2xlIjoiU3VwZXJBZG1pbiIsIk9yZ2FuaXphdGlvbklkIjoiMiIsIk9yZ2FuaXphdGlvbkxvZ28iOiIvdXBsb2Fkcy9vcmctbG9nb3Mvb3JnLWxvZ28tNTg3M2M0NzVkOTFkNGJiZDkwNDZkZWVjNjY3ZDEzNmMuanBnIiwibmJmIjoxNzc1MTIzNTM1LCJleHAiOjE3NzUyMDk5MzUsImlhdCI6MTc3NTEyMzUzNSwiaXNzIjoiUHJvRGVzWC1CYWNrZW5kIiwiYXVkIjoiUHJvRGVzWC1Gcm9udGVuZCJ9.SnyONDad2SeD6DiKzJ1jn7GpLNQVcdbZ2iJxI_CkzGU - null null
2026-04-02 15:56:15.381 [INF] Microsoft.AspNetCore.Cors.Infrastructure.CorsService | CORS policy execution successful.
2026-04-02 15:56:15.381 [INF] Microsoft.AspNetCore.Routing.EndpointMiddleware | Executing endpoint '/hubs/empot'
2026-04-02 15:57:01.350 [INF] Microsoft.AspNetCore.Routing.EndpointMiddleware | Executed endpoint '/hubs/empot'
2026-04-02 15:57:01.350 [INF] Serilog.AspNetCore.RequestLoggingMiddleware | HTTP GET /hubs/empot → 101 (45966.9ms)
2026-04-02 15:57:01.350 [INF] Microsoft.AspNetCore.Hosting.Diagnostics | Request finished HTTP/1.1 GET http://localhost:5217/hubs/empot?id=xg0CAR5xcoX-kFJ_tk1xgA&access_token=eyJhbGciOiJIUzI1NiIsInR5cCI6IkpXVCJ9.eyJuYW1laWQiOiIxOCIsInVuaXF1ZV9uYW1lIjoidmFzYW50aGFrdW1hciIsImVtYWlsIjoidmFzYW50aDIwMDR2a0BnbWFpbC5jb20iLCJyb2xlIjoiU3VwZXJBZG1pbiIsIk9yZ2FuaXphdGlvbklkIjoiMiIsIk9yZ2FuaXphdGlvbkxvZ28iOiIvdXBsb2Fkcy9vcmctbG9nb3Mvb3JnLWxvZ28tNTg3M2M0NzVkOTFkNGJiZDkwNDZkZWVjNjY3ZDEzNmMuanBnIiwibmJmIjoxNzc1MTIzNTM1LCJleHAiOjE3NzUyMDk5MzUsImlhdCI6MTc3NTEyMzUzNSwiaXNzIjoiUHJvRGVzWC1CYWNrZW5kIiwiYXVkIjoiUHJvRGVzWC1Gcm9udGVuZCJ9.SnyONDad2SeD6DiKzJ1jn7GpLNQVcdbZ2iJxI_CkzGU - 101 null null 45967.3881ms
2026-04-02 15:57:01.357 [INF] Microsoft.AspNetCore.Routing.EndpointMiddleware | Executed endpoint '/hubs/attendance'
2026-04-02 15:57:01.357 [INF] Serilog.AspNetCore.RequestLoggingMiddleware | HTTP GET /hubs/attendance → 101 (93941.7ms)
2026-04-02 15:57:01.357 [INF] Microsoft.AspNetCore.Hosting.Diagnostics | Request finished HTTP/1.1 GET http://localhost:5217/hubs/attendance?id=bSjPC0DK-0XRTJzJOe_TFg&access_token=eyJhbGciOiJIUzI1NiIsInR5cCI6IkpXVCJ9.eyJuYW1laWQiOiIxOCIsInVuaXF1ZV9uYW1lIjoidmFzYW50aGFrdW1hciIsImVtYWlsIjoidmFzYW50aDIwMDR2a0BnbWFpbC5jb20iLCJyb2xlIjoiU3VwZXJBZG1pbiIsIk9yZ2FuaXphdGlvbklkIjoiMiIsIk9yZ2FuaXphdGlvbkxvZ28iOiIvdXBsb2Fkcy9vcmctbG9nb3Mvb3JnLWxvZ28tNTg3M2M0NzVkOTFkNGJiZDkwNDZkZWVjNjY3ZDEzNmMuanBnIiwibmJmIjoxNzc1MTIzNTM1LCJleHAiOjE3NzUyMDk5MzUsImlhdCI6MTc3NTEyMzUzNSwiaXNzIjoiUHJvRGVzWC1CYWNrZW5kIiwiYXVkIjoiUHJvRGVzWC1Gcm9udGVuZCJ9.SnyONDad2SeD6DiKzJ1jn7GpLNQVcdbZ2iJxI_CkzGU - 101 null null 93942.038ms
2026-04-02 15:57:10.358 [INF] Microsoft.AspNetCore.Routing.EndpointMiddleware | Executed endpoint '/hubs/empot'
2026-04-02 15:57:10.358 [INF] Microsoft.AspNetCore.Routing.EndpointMiddleware | Executed endpoint '/hubs/attendance'
2026-04-02 15:57:10.358 [INF] Serilog.AspNetCore.RequestLoggingMiddleware | HTTP GET /hubs/empot → 101 (109979.3ms)
2026-04-02 15:57:10.358 [INF] Serilog.AspNetCore.RequestLoggingMiddleware | HTTP GET /hubs/attendance → 101 (109952.7ms)
2026-04-02 15:57:10.358 [INF] Microsoft.AspNetCore.Hosting.Diagnostics | Request finished HTTP/1.1 GET http://localhost:5217/hubs/empot?id=4Sd-tAi2VE-dVggpBT59uQ&access_token=eyJhbGciOiJIUzI1NiIsInR5cCI6IkpXVCJ9.eyJuYW1laWQiOiIxOCIsInVuaXF1ZV9uYW1lIjoidmFzYW50aGFrdW1hciIsImVtYWlsIjoidmFzYW50aDIwMDR2a0BnbWFpbC5jb20iLCJyb2xlIjoiU3VwZXJBZG1pbiIsIk9yZ2FuaXphdGlvbklkIjoiMiIsIk9yZ2FuaXphdGlvbkxvZ28iOiIvdXBsb2Fkcy9vcmctbG9nb3Mvb3JnLWxvZ28tNTg3M2M0NzVkOTFkNGJiZDkwNDZkZWVjNjY3ZDEzNmMuanBnIiwibmJmIjoxNzc1MTIzNTM1LCJleHAiOjE3NzUyMDk5MzUsImlhdCI6MTc3NTEyMzUzNSwiaXNzIjoiUHJvRGVzWC1CYWNrZW5kIiwiYXVkIjoiUHJvRGVzWC1Gcm9udGVuZCJ9.SnyONDad2SeD6DiKzJ1jn7GpLNQVcdbZ2iJxI_CkzGU - 101 null null 109979.6613ms
2026-04-02 15:57:10.358 [INF] Microsoft.AspNetCore.Hosting.Diagnostics | Request finished HTTP/1.1 GET http://localhost:5217/hubs/attendance?id=g6Kbtq-Qy5TbkACogOptqQ&access_token=eyJhbGciOiJIUzI1NiIsInR5cCI6IkpXVCJ9.eyJuYW1laWQiOiIxOCIsInVuaXF1ZV9uYW1lIjoidmFzYW50aGFrdW1hciIsImVtYWlsIjoidmFzYW50aDIwMDR2a0BnbWFpbC5jb20iLCJyb2xlIjoiU3VwZXJBZG1pbiIsIk9yZ2FuaXphdGlvbklkIjoiMiIsIk9yZ2FuaXphdGlvbkxvZ28iOiIvdXBsb2Fkcy9vcmctbG9nb3Mvb3JnLWxvZ28tNTg3M2M0NzVkOTFkNGJiZDkwNDZkZWVjNjY3ZDEzNmMuanBnIiwibmJmIjoxNzc1MTIzNTM1LCJleHAiOjE3NzUyMDk5MzUsImlhdCI6MTc3NTEyMzUzNSwiaXNzIjoiUHJvRGVzWC1CYWNrZW5kIiwiYXVkIjoiUHJvRGVzWC1Gcm9udGVuZCJ9.SnyONDad2SeD6DiKzJ1jn7GpLNQVcdbZ2iJxI_CkzGU - 101 null null 109953.1232ms
2026-04-02 15:58:34.785 [INF] Microsoft.AspNetCore.Hosting.Diagnostics | Request starting HTTP/1.1 OPTIONS http://localhost:5217/hubs/empot/negotiate?negotiateVersion=1 - null null
2026-04-02 15:58:34.786 [INF] Microsoft.AspNetCore.Hosting.Diagnostics | Request starting HTTP/1.1 OPTIONS http://localhost:5217/hubs/attendance/negotiate?negotiateVersion=1 - null null
2026-04-02 15:58:34.787 [INF] Microsoft.AspNetCore.Cors.Infrastructure.CorsService | CORS policy execution successful.
2026-04-02 15:58:34.788 [INF] Microsoft.AspNetCore.Cors.Infrastructure.CorsService | CORS policy execution successful.
2026-04-02 15:58:34.788 [INF] Microsoft.AspNetCore.Hosting.Diagnostics | Request finished HTTP/1.1 OPTIONS http://localhost:5217/hubs/empot/negotiate?negotiateVersion=1 - 204 null null 3.057ms
2026-04-02 15:58:34.788 [INF] Microsoft.AspNetCore.Hosting.Diagnostics | Request finished HTTP/1.1 OPTIONS http://localhost:5217/hubs/attendance/negotiate?negotiateVersion=1 - 204 null null 1.8964ms
2026-04-02 15:58:34.791 [INF] Microsoft.AspNetCore.Hosting.Diagnostics | Request starting HTTP/1.1 POST http://localhost:5217/hubs/attendance/negotiate?negotiateVersion=1 - text/plain;charset=UTF-8 0
2026-04-02 15:58:34.791 [INF] Microsoft.AspNetCore.Hosting.Diagnostics | Request starting HTTP/1.1 POST http://localhost:5217/hubs/empot/negotiate?negotiateVersion=1 - text/plain;charset=UTF-8 0
2026-04-02 15:58:34.791 [INF] Microsoft.AspNetCore.Cors.Infrastructure.CorsService | CORS policy execution successful.
2026-04-02 15:58:34.791 [INF] Microsoft.AspNetCore.Cors.Infrastructure.CorsService | CORS policy execution successful.
2026-04-02 15:58:34.797 [INF] Microsoft.AspNetCore.Hosting.Diagnostics | Request starting HTTP/1.1 POST http://localhost:5217/hubs/attendance/negotiate?negotiateVersion=1 - text/plain;charset=UTF-8 0
2026-04-02 15:58:34.800 [INF] Microsoft.AspNetCore.Cors.Infrastructure.CorsService | CORS policy execution successful.
2026-04-02 15:58:34.801 [INF] Microsoft.AspNetCore.Hosting.Diagnostics | Request starting HTTP/1.1 POST http://localhost:5217/hubs/empot/negotiate?negotiateVersion=1 - text/plain;charset=UTF-8 0
2026-04-02 15:58:34.801 [INF] Microsoft.AspNetCore.Cors.Infrastructure.CorsService | CORS policy execution successful.
2026-04-02 15:58:34.806 [INF] Microsoft.AspNetCore.Routing.EndpointMiddleware | Executing endpoint '/hubs/empot/negotiate'
2026-04-02 15:58:34.806 [INF] Microsoft.AspNetCore.Routing.EndpointMiddleware | Executing endpoint '/hubs/attendance/negotiate'
2026-04-02 15:58:34.808 [INF] Microsoft.AspNetCore.Routing.EndpointMiddleware | Executing endpoint '/hubs/attendance/negotiate'
2026-04-02 15:58:34.808 [INF] Microsoft.AspNetCore.Routing.EndpointMiddleware | Executing endpoint '/hubs/empot/negotiate'
2026-04-02 15:58:34.811 [INF] Microsoft.AspNetCore.Routing.EndpointMiddleware | Executed endpoint '/hubs/empot/negotiate'
2026-04-02 15:58:34.811 [INF] Microsoft.AspNetCore.Routing.EndpointMiddleware | Executed endpoint '/hubs/empot/negotiate'
2026-04-02 15:58:34.811 [INF] Microsoft.AspNetCore.Routing.EndpointMiddleware | Executed endpoint '/hubs/attendance/negotiate'
2026-04-02 15:58:34.811 [INF] Serilog.AspNetCore.RequestLoggingMiddleware | HTTP POST /hubs/attendance/negotiate → 200 (6.8ms)
2026-04-02 15:58:34.812 [INF] Microsoft.AspNetCore.Hosting.Diagnostics | Request finished HTTP/1.1 POST http://localhost:5217/hubs/attendance/negotiate?negotiateVersion=1 - 200 316 application/json 14.8841ms
2026-04-02 15:58:34.811 [INF] Microsoft.AspNetCore.Routing.EndpointMiddleware | Executed endpoint '/hubs/attendance/negotiate'
2026-04-02 15:58:34.813 [INF] Serilog.AspNetCore.RequestLoggingMiddleware | HTTP POST /hubs/attendance/negotiate → 200 (5.4ms)
2026-04-02 15:58:34.814 [INF] Microsoft.AspNetCore.Hosting.Diagnostics | Request finished HTTP/1.1 POST http://localhost:5217/hubs/attendance/negotiate?negotiateVersion=1 - 200 316 application/json 22.3612ms
2026-04-02 15:58:34.811 [INF] Serilog.AspNetCore.RequestLoggingMiddleware | HTTP POST /hubs/empot/negotiate → 200 (3.3ms)
2026-04-02 15:58:34.811 [INF] Serilog.AspNetCore.RequestLoggingMiddleware | HTTP POST /hubs/empot/negotiate → 200 (6.8ms)
2026-04-02 15:58:34.814 [INF] Microsoft.AspNetCore.Hosting.Diagnostics | Request finished HTTP/1.1 POST http://localhost:5217/hubs/empot/negotiate?negotiateVersion=1 - 200 316 application/json 12.7755ms
2026-04-02 15:58:34.814 [INF] Microsoft.AspNetCore.Hosting.Diagnostics | Request finished HTTP/1.1 POST http://localhost:5217/hubs/empot/negotiate?negotiateVersion=1 - 200 316 application/json 22.4356ms
2026-04-02 15:58:34.890 [INF] Microsoft.AspNetCore.Hosting.Diagnostics | Request starting HTTP/1.1 GET http://localhost:5217/hubs/attendance?id=P-YuveUp5dksH_0HmPxmbg&access_token=eyJhbGciOiJIUzI1NiIsInR5cCI6IkpXVCJ9.eyJuYW1laWQiOiIxOCIsInVuaXF1ZV9uYW1lIjoidmFzYW50aGFrdW1hciIsImVtYWlsIjoidmFzYW50aDIwMDR2a0BnbWFpbC5jb20iLCJyb2xlIjoiU3VwZXJBZG1pbiIsIk9yZ2FuaXphdGlvbklkIjoiMiIsIk9yZ2FuaXphdGlvbkxvZ28iOiIvdXBsb2Fkcy9vcmctbG9nb3Mvb3JnLWxvZ28tNTg3M2M0NzVkOTFkNGJiZDkwNDZkZWVjNjY3ZDEzNmMuanBnIiwibmJmIjoxNzc1MTIzNTM1LCJleHAiOjE3NzUyMDk5MzUsImlhdCI6MTc3NTEyMzUzNSwiaXNzIjoiUHJvRGVzWC1CYWNrZW5kIiwiYXVkIjoiUHJvRGVzWC1Gcm9udGVuZCJ9.SnyONDad2SeD6DiKzJ1jn7GpLNQVcdbZ2iJxI_CkzGU - null null
2026-04-02 15:58:34.890 [INF] Microsoft.AspNetCore.Cors.Infrastructure.CorsService | CORS policy execution successful.
2026-04-02 15:58:34.891 [INF] Microsoft.AspNetCore.Routing.EndpointMiddleware | Executing endpoint '/hubs/attendance'
2026-04-02 15:58:34.907 [INF] Microsoft.AspNetCore.Hosting.Diagnostics | Request starting HTTP/1.1 GET http://localhost:5217/hubs/empot?id=alet5EjtW9PSymBQvZQA5A&access_token=eyJhbGciOiJIUzI1NiIsInR5cCI6IkpXVCJ9.eyJuYW1laWQiOiIxOCIsInVuaXF1ZV9uYW1lIjoidmFzYW50aGFrdW1hciIsImVtYWlsIjoidmFzYW50aDIwMDR2a0BnbWFpbC5jb20iLCJyb2xlIjoiU3VwZXJBZG1pbiIsIk9yZ2FuaXphdGlvbklkIjoiMiIsIk9yZ2FuaXphdGlvbkxvZ28iOiIvdXBsb2Fkcy9vcmctbG9nb3Mvb3JnLWxvZ28tNTg3M2M0NzVkOTFkNGJiZDkwNDZkZWVjNjY3ZDEzNmMuanBnIiwibmJmIjoxNzc1MTIzNTM1LCJleHAiOjE3NzUyMDk5MzUsImlhdCI6MTc3NTEyMzUzNSwiaXNzIjoiUHJvRGVzWC1CYWNrZW5kIiwiYXVkIjoiUHJvRGVzWC1Gcm9udGVuZCJ9.SnyONDad2SeD6DiKzJ1jn7GpLNQVcdbZ2iJxI_CkzGU - null null
2026-04-02 15:58:34.908 [INF] Microsoft.AspNetCore.Cors.Infrastructure.CorsService | CORS policy execution successful.
2026-04-02 15:58:34.908 [INF] Microsoft.AspNetCore.Routing.EndpointMiddleware | Executing endpoint '/hubs/empot'
2026-04-02 15:58:34.921 [INF] Microsoft.AspNetCore.Hosting.Diagnostics | Request starting HTTP/1.1 GET http://localhost:5217/hubs/attendance?id=5MmhC4fop_9OnUcJBU2_uQ&access_token=eyJhbGciOiJIUzI1NiIsInR5cCI6IkpXVCJ9.eyJuYW1laWQiOiIxOCIsInVuaXF1ZV9uYW1lIjoidmFzYW50aGFrdW1hciIsImVtYWlsIjoidmFzYW50aDIwMDR2a0BnbWFpbC5jb20iLCJyb2xlIjoiU3VwZXJBZG1pbiIsIk9yZ2FuaXphdGlvbklkIjoiMiIsIk9yZ2FuaXphdGlvbkxvZ28iOiIvdXBsb2Fkcy9vcmctbG9nb3Mvb3JnLWxvZ28tNTg3M2M0NzVkOTFkNGJiZDkwNDZkZWVjNjY3ZDEzNmMuanBnIiwibmJmIjoxNzc1MTIzNTM1LCJleHAiOjE3NzUyMDk5MzUsImlhdCI6MTc3NTEyMzUzNSwiaXNzIjoiUHJvRGVzWC1CYWNrZW5kIiwiYXVkIjoiUHJvRGVzWC1Gcm9udGVuZCJ9.SnyONDad2SeD6DiKzJ1jn7GpLNQVcdbZ2iJxI_CkzGU - null null
2026-04-02 15:58:34.921 [INF] Microsoft.AspNetCore.Cors.Infrastructure.CorsService | CORS policy execution successful.
2026-04-02 15:58:34.922 [INF] Microsoft.AspNetCore.Routing.EndpointMiddleware | Executing endpoint '/hubs/attendance'
2026-04-02 15:58:34.937 [INF] Microsoft.AspNetCore.Hosting.Diagnostics | Request starting HTTP/1.1 GET http://localhost:5217/hubs/empot?id=NpjaaGVYJuQ0VFlll1zh4Q&access_token=eyJhbGciOiJIUzI1NiIsInR5cCI6IkpXVCJ9.eyJuYW1laWQiOiIxOCIsInVuaXF1ZV9uYW1lIjoidmFzYW50aGFrdW1hciIsImVtYWlsIjoidmFzYW50aDIwMDR2a0BnbWFpbC5jb20iLCJyb2xlIjoiU3VwZXJBZG1pbiIsIk9yZ2FuaXphdGlvbklkIjoiMiIsIk9yZ2FuaXphdGlvbkxvZ28iOiIvdXBsb2Fkcy9vcmctbG9nb3Mvb3JnLWxvZ28tNTg3M2M0NzVkOTFkNGJiZDkwNDZkZWVjNjY3ZDEzNmMuanBnIiwibmJmIjoxNzc1MTIzNTM1LCJleHAiOjE3NzUyMDk5MzUsImlhdCI6MTc3NTEyMzUzNSwiaXNzIjoiUHJvRGVzWC1CYWNrZW5kIiwiYXVkIjoiUHJvRGVzWC1Gcm9udGVuZCJ9.SnyONDad2SeD6DiKzJ1jn7GpLNQVcdbZ2iJxI_CkzGU - null null
2026-04-02 15:58:34.937 [INF] Microsoft.AspNetCore.Cors.Infrastructure.CorsService | CORS policy execution successful.
2026-04-02 15:58:34.937 [INF] Microsoft.AspNetCore.Routing.EndpointMiddleware | Executing endpoint '/hubs/empot'
2026-04-02 15:59:10.927 [INF] Microsoft.AspNetCore.Routing.EndpointMiddleware | Executed endpoint '/hubs/attendance'
2026-04-02 15:59:10.927 [INF] Serilog.AspNetCore.RequestLoggingMiddleware | HTTP GET /hubs/attendance → 101 (36035.2ms)
2026-04-02 15:59:10.927 [INF] Microsoft.AspNetCore.Hosting.Diagnostics | Request finished HTTP/1.1 GET http://localhost:5217/hubs/attendance?id=P-YuveUp5dksH_0HmPxmbg&access_token=eyJhbGciOiJIUzI1NiIsInR5cCI6IkpXVCJ9.eyJuYW1laWQiOiIxOCIsInVuaXF1ZV9uYW1lIjoidmFzYW50aGFrdW1hciIsImVtYWlsIjoidmFzYW50aDIwMDR2a0BnbWFpbC5jb20iLCJyb2xlIjoiU3VwZXJBZG1pbiIsIk9yZ2FuaXphdGlvbklkIjoiMiIsIk9yZ2FuaXphdGlvbkxvZ28iOiIvdXBsb2Fkcy9vcmctbG9nb3Mvb3JnLWxvZ28tNTg3M2M0NzVkOTFkNGJiZDkwNDZkZWVjNjY3ZDEzNmMuanBnIiwibmJmIjoxNzc1MTIzNTM1LCJleHAiOjE3NzUyMDk5MzUsImlhdCI6MTc3NTEyMzUzNSwiaXNzIjoiUHJvRGVzWC1CYWNrZW5kIiwiYXVkIjoiUHJvRGVzWC1Gcm9udGVuZCJ9.SnyONDad2SeD6DiKzJ1jn7GpLNQVcdbZ2iJxI_CkzGU - 101 null null 36035.9434ms
2026-04-02 15:59:10.929 [INF] Microsoft.AspNetCore.Routing.EndpointMiddleware | Executed endpoint '/hubs/empot'
2026-04-02 15:59:10.929 [INF] Serilog.AspNetCore.RequestLoggingMiddleware | HTTP GET /hubs/empot → 101 (36019.6ms)
2026-04-02 15:59:10.929 [INF] Microsoft.AspNetCore.Hosting.Diagnostics | Request finished HTTP/1.1 GET http://localhost:5217/hubs/empot?id=alet5EjtW9PSymBQvZQA5A&access_token=eyJhbGciOiJIUzI1NiIsInR5cCI6IkpXVCJ9.eyJuYW1laWQiOiIxOCIsInVuaXF1ZV9uYW1lIjoidmFzYW50aGFrdW1hciIsImVtYWlsIjoidmFzYW50aDIwMDR2a0BnbWFpbC5jb20iLCJyb2xlIjoiU3VwZXJBZG1pbiIsIk9yZ2FuaXphdGlvbklkIjoiMiIsIk9yZ2FuaXphdGlvbkxvZ28iOiIvdXBsb2Fkcy9vcmctbG9nb3Mvb3JnLWxvZ28tNTg3M2M0NzVkOTFkNGJiZDkwNDZkZWVjNjY3ZDEzNmMuanBnIiwibmJmIjoxNzc1MTIzNTM1LCJleHAiOjE3NzUyMDk5MzUsImlhdCI6MTc3NTEyMzUzNSwiaXNzIjoiUHJvRGVzWC1CYWNrZW5kIiwiYXVkIjoiUHJvRGVzWC1Gcm9udGVuZCJ9.SnyONDad2SeD6DiKzJ1jn7GpLNQVcdbZ2iJxI_CkzGU - 101 null null 36020.3596ms
2026-04-02 15:59:10.929 [INF] Microsoft.AspNetCore.Routing.EndpointMiddleware | Executed endpoint '/hubs/empot'
2026-04-02 15:59:10.929 [INF] Serilog.AspNetCore.RequestLoggingMiddleware | HTTP GET /hubs/empot → 101 (35990.6ms)
2026-04-02 15:59:10.929 [INF] Microsoft.AspNetCore.Hosting.Diagnostics | Request finished HTTP/1.1 GET http://localhost:5217/hubs/empot?id=NpjaaGVYJuQ0VFlll1zh4Q&access_token=eyJhbGciOiJIUzI1NiIsInR5cCI6IkpXVCJ9.eyJuYW1laWQiOiIxOCIsInVuaXF1ZV9uYW1lIjoidmFzYW50aGFrdW1hciIsImVtYWlsIjoidmFzYW50aDIwMDR2a0BnbWFpbC5jb20iLCJyb2xlIjoiU3VwZXJBZG1pbiIsIk9yZ2FuaXphdGlvbklkIjoiMiIsIk9yZ2FuaXphdGlvbkxvZ28iOiIvdXBsb2Fkcy9vcmctbG9nb3Mvb3JnLWxvZ28tNTg3M2M0NzVkOTFkNGJiZDkwNDZkZWVjNjY3ZDEzNmMuanBnIiwibmJmIjoxNzc1MTIzNTM1LCJleHAiOjE3NzUyMDk5MzUsImlhdCI6MTc3NTEyMzUzNSwiaXNzIjoiUHJvRGVzWC1CYWNrZW5kIiwiYXVkIjoiUHJvRGVzWC1Gcm9udGVuZCJ9.SnyONDad2SeD6DiKzJ1jn7GpLNQVcdbZ2iJxI_CkzGU - 101 null null 35990.8932ms
2026-04-02 15:59:10.930 [INF] Microsoft.AspNetCore.Routing.EndpointMiddleware | Executed endpoint '/hubs/attendance'
2026-04-02 15:59:10.930 [INF] Serilog.AspNetCore.RequestLoggingMiddleware | HTTP GET /hubs/attendance → 101 (36007.0ms)
2026-04-02 15:59:10.930 [INF] Microsoft.AspNetCore.Hosting.Diagnostics | Request finished HTTP/1.1 GET http://localhost:5217/hubs/attendance?id=5MmhC4fop_9OnUcJBU2_uQ&access_token=eyJhbGciOiJIUzI1NiIsInR5cCI6IkpXVCJ9.eyJuYW1laWQiOiIxOCIsInVuaXF1ZV9uYW1lIjoidmFzYW50aGFrdW1hciIsImVtYWlsIjoidmFzYW50aDIwMDR2a0BnbWFpbC5jb20iLCJyb2xlIjoiU3VwZXJBZG1pbiIsIk9yZ2FuaXphdGlvbklkIjoiMiIsIk9yZ2FuaXphdGlvbkxvZ28iOiIvdXBsb2Fkcy9vcmctbG9nb3Mvb3JnLWxvZ28tNTg3M2M0NzVkOTFkNGJiZDkwNDZkZWVjNjY3ZDEzNmMuanBnIiwibmJmIjoxNzc1MTIzNTM1LCJleHAiOjE3NzUyMDk5MzUsImlhdCI6MTc3NTEyMzUzNSwiaXNzIjoiUHJvRGVzWC1CYWNrZW5kIiwiYXVkIjoiUHJvRGVzWC1Gcm9udGVuZCJ9.SnyONDad2SeD6DiKzJ1jn7GpLNQVcdbZ2iJxI_CkzGU - 101 null null 36007.8108ms
2026-04-02 15:59:16.177 [INF] Microsoft.AspNetCore.Hosting.Diagnostics | Request starting HTTP/1.1 OPTIONS http://localhost:5217/api/users/organizations - null null
2026-04-02 15:59:16.178 [INF] Microsoft.AspNetCore.Cors.Infrastructure.CorsService | CORS policy execution successful.
2026-04-02 15:59:16.178 [INF] Microsoft.AspNetCore.Hosting.Diagnostics | Request finished HTTP/1.1 OPTIONS http://localhost:5217/api/users/organizations - 204 null null 0.3217ms
2026-04-02 15:59:16.179 [INF] Microsoft.AspNetCore.Hosting.Diagnostics | Request starting HTTP/1.1 GET http://localhost:5217/api/users/organizations - null null
2026-04-02 15:59:16.184 [INF] Microsoft.AspNetCore.Cors.Infrastructure.CorsService | CORS policy execution successful.
2026-04-02 15:59:16.186 [INF] Microsoft.AspNetCore.Routing.EndpointMiddleware | Executing endpoint 'backend.Controllers.UsersController.GetOrganizations (backend)'
2026-04-02 15:59:16.204 [INF] Microsoft.AspNetCore.Mvc.Infrastructure.ControllerActionInvoker | Route matched with {action = "GetOrganizations", controller = "Users"}. Executing controller action with signature System.Threading.Tasks.Task`1[Microsoft.AspNetCore.Mvc.IActionResult] GetOrganizations() on controller backend.Controllers.UsersController (backend).
2026-04-02 15:59:16.204 [INF] backend.Controllers.UsersController | [Users] GET organizations | Role=SuperAdmin | UserId=18
2026-04-02 15:59:16.314 [INF] Microsoft.AspNetCore.Mvc.Infrastructure.ObjectResultExecutor | Executing OkObjectResult, writing value of type 'System.Collections.Generic.List`1[[backend.Models.Organization, backend, Version=1.0.0.0, Culture=neutral, PublicKeyToken=null]]'.
2026-04-02 15:59:16.321 [INF] Microsoft.AspNetCore.Mvc.Infrastructure.ControllerActionInvoker | Executed action backend.Controllers.UsersController.GetOrganizations (backend) in 116.6973ms
2026-04-02 15:59:16.321 [INF] Microsoft.AspNetCore.Routing.EndpointMiddleware | Executed endpoint 'backend.Controllers.UsersController.GetOrganizations (backend)'
2026-04-02 15:59:16.321 [INF] Serilog.AspNetCore.RequestLoggingMiddleware | HTTP GET /api/users/organizations → 200 (135.4ms)
2026-04-02 15:59:16.321 [INF] Microsoft.AspNetCore.Hosting.Diagnostics | Request finished HTTP/1.1 GET http://localhost:5217/api/users/organizations - 200 null application/json; charset=utf-8 142.1239ms
2026-04-02 15:59:16.769 [INF] Microsoft.AspNetCore.Hosting.Diagnostics | Request starting HTTP/1.1 OPTIONS http://localhost:5217/api/organizations - null null
2026-04-02 15:59:16.769 [INF] Microsoft.AspNetCore.Cors.Infrastructure.CorsService | CORS policy execution successful.
2026-04-02 15:59:16.769 [INF] Microsoft.AspNetCore.Hosting.Diagnostics | Request finished HTTP/1.1 OPTIONS http://localhost:5217/api/organizations - 204 null null 0.1691ms
2026-04-02 15:59:16.771 [INF] Microsoft.AspNetCore.Hosting.Diagnostics | Request starting HTTP/1.1 GET http://localhost:5217/api/organizations - application/json null
2026-04-02 15:59:16.771 [INF] Microsoft.AspNetCore.Cors.Infrastructure.CorsService | CORS policy execution successful.
2026-04-02 15:59:16.771 [INF] Microsoft.AspNetCore.Routing.EndpointMiddleware | Executing endpoint 'backend.Controllers.OrganizationsController.GetOrganizations (backend)'
2026-04-02 15:59:16.782 [INF] Microsoft.AspNetCore.Mvc.Infrastructure.ControllerActionInvoker | Route matched with {action = "GetOrganizations", controller = "Organizations"}. Executing controller action with signature System.Threading.Tasks.Task`1[Microsoft.AspNetCore.Mvc.IActionResult] GetOrganizations() on controller backend.Controllers.OrganizationsController (backend).
2026-04-02 15:59:16.782 [INF] backend.Controllers.OrganizationsController | [Orgs] GET all requested | Role=SuperAdmin | UserId=18
2026-04-02 15:59:16.794 [INF] Microsoft.AspNetCore.Mvc.Infrastructure.ObjectResultExecutor | Executing OkObjectResult, writing value of type 'System.Collections.Generic.List`1[[backend.Models.Organization, backend, Version=1.0.0.0, Culture=neutral, PublicKeyToken=null]]'.
2026-04-02 15:59:16.794 [INF] Microsoft.AspNetCore.Mvc.Infrastructure.ControllerActionInvoker | Executed action backend.Controllers.OrganizationsController.GetOrganizations (backend) in 12.0099ms
2026-04-02 15:59:16.794 [INF] Microsoft.AspNetCore.Routing.EndpointMiddleware | Executed endpoint 'backend.Controllers.OrganizationsController.GetOrganizations (backend)'
2026-04-02 15:59:16.794 [INF] Serilog.AspNetCore.RequestLoggingMiddleware | HTTP GET /api/organizations → 200 (22.7ms)
2026-04-02 15:59:16.794 [INF] Microsoft.AspNetCore.Hosting.Diagnostics | Request finished HTTP/1.1 GET http://localhost:5217/api/organizations - 200 null application/json; charset=utf-8 23.1974ms
2026-04-02 15:59:17.123 [INF] Microsoft.AspNetCore.Hosting.Diagnostics | Request starting HTTP/1.1 OPTIONS http://localhost:5217/api/leads - null null
2026-04-02 15:59:17.124 [INF] Microsoft.AspNetCore.Cors.Infrastructure.CorsService | CORS policy execution successful.
2026-04-02 15:59:17.124 [INF] Microsoft.AspNetCore.Hosting.Diagnostics | Request finished HTTP/1.1 OPTIONS http://localhost:5217/api/leads - 204 null null 0.4887ms
2026-04-02 15:59:17.126 [INF] Microsoft.AspNetCore.Hosting.Diagnostics | Request starting HTTP/1.1 GET http://localhost:5217/api/leads - application/json null
2026-04-02 15:59:17.126 [INF] Microsoft.AspNetCore.Cors.Infrastructure.CorsService | CORS policy execution successful.
2026-04-02 15:59:17.126 [INF] Microsoft.AspNetCore.Routing.EndpointMiddleware | Executing endpoint 'backend.Controllers.LeadsController.GetLeads (backend)'
2026-04-02 15:59:17.134 [INF] Microsoft.AspNetCore.Mvc.Infrastructure.ControllerActionInvoker | Route matched with {action = "GetLeads", controller = "Leads"}. Executing controller action with signature System.Threading.Tasks.Task`1[System.Collections.Generic.IEnumerable`1[backend.Models.Lead]] GetLeads() on controller backend.Controllers.LeadsController (backend).
2026-04-02 15:59:17.145 [INF] Microsoft.AspNetCore.Mvc.Infrastructure.ObjectResultExecutor | Executing ObjectResult, writing value of type 'System.Collections.Generic.List`1[[backend.Models.Lead, backend, Version=1.0.0.0, Culture=neutral, PublicKeyToken=null]]'.
2026-04-02 15:59:17.153 [INF] Microsoft.AspNetCore.Mvc.Infrastructure.ControllerActionInvoker | Executed action backend.Controllers.LeadsController.GetLeads (backend) in 18.8756ms
2026-04-02 15:59:17.153 [INF] Microsoft.AspNetCore.Routing.EndpointMiddleware | Executed endpoint 'backend.Controllers.LeadsController.GetLeads (backend)'
2026-04-02 15:59:17.153 [INF] Serilog.AspNetCore.RequestLoggingMiddleware | HTTP GET /api/leads → 200 (26.7ms)
2026-04-02 15:59:17.153 [INF] Microsoft.AspNetCore.Hosting.Diagnostics | Request finished HTTP/1.1 GET http://localhost:5217/api/leads - 200 null application/json; charset=utf-8 27.0819ms
2026-04-02 15:59:17.281 [INF] Microsoft.AspNetCore.Hosting.Diagnostics | Request starting HTTP/1.1 OPTIONS http://localhost:5217/api/employees?organizationId=2 - null null
2026-04-02 15:59:17.281 [INF] Microsoft.AspNetCore.Cors.Infrastructure.CorsService | CORS policy execution successful.
2026-04-02 15:59:17.281 [INF] Microsoft.AspNetCore.Hosting.Diagnostics | Request finished HTTP/1.1 OPTIONS http://localhost:5217/api/employees?organizationId=2 - 204 null null 0.1451ms
2026-04-02 15:59:17.282 [INF] Microsoft.AspNetCore.Hosting.Diagnostics | Request starting HTTP/1.1 GET http://localhost:5217/api/employees?organizationId=2 - application/json null
2026-04-02 15:59:17.282 [INF] Microsoft.AspNetCore.Cors.Infrastructure.CorsService | CORS policy execution successful.
2026-04-02 15:59:17.282 [INF] Microsoft.AspNetCore.Routing.EndpointMiddleware | Executing endpoint 'backend.Controllers.EmployeesController.GetEmployees (backend)'
2026-04-02 15:59:17.294 [INF] Microsoft.AspNetCore.Mvc.Infrastructure.ControllerActionInvoker | Route matched with {action = "GetEmployees", controller = "Employees"}. Executing controller action with signature System.Threading.Tasks.Task`1[Microsoft.AspNetCore.Mvc.IActionResult] GetEmployees(System.Nullable`1[System.Int32]) on controller backend.Controllers.EmployeesController (backend).
2026-04-02 15:59:17.295 [INF] backend.Controllers.EmployeesController | [Employees] GET all | TargetOrgId=2 | UserOrgId=2
2026-04-02 15:59:17.306 [INF] Microsoft.AspNetCore.Mvc.Infrastructure.ObjectResultExecutor | Executing OkObjectResult, writing value of type 'System.Collections.Generic.List`1[[backend.Models.Employee, backend, Version=1.0.0.0, Culture=neutral, PublicKeyToken=null]]'.
2026-04-02 15:59:17.314 [INF] Microsoft.AspNetCore.Mvc.Infrastructure.ControllerActionInvoker | Executed action backend.Controllers.EmployeesController.GetEmployees (backend) in 20.2938ms
2026-04-02 15:59:17.314 [INF] Microsoft.AspNetCore.Routing.EndpointMiddleware | Executed endpoint 'backend.Controllers.EmployeesController.GetEmployees (backend)'
2026-04-02 15:59:17.314 [INF] Serilog.AspNetCore.RequestLoggingMiddleware | HTTP GET /api/employees → 200 (31.5ms)
2026-04-02 15:59:17.314 [INF] Microsoft.AspNetCore.Hosting.Diagnostics | Request finished HTTP/1.1 GET http://localhost:5217/api/employees?organizationId=2 - 200 null application/json; charset=utf-8 31.8707ms
2026-04-02 15:59:17.422 [INF] Microsoft.AspNetCore.Hosting.Diagnostics | Request starting HTTP/1.1 OPTIONS http://localhost:5217/api/ShiftAssignments/roster?start=2026-04-02&end=2026-04-09&orgId=2 - null null
2026-04-02 15:59:17.422 [INF] Microsoft.AspNetCore.Cors.Infrastructure.CorsService | CORS policy execution successful.
2026-04-02 15:59:17.422 [INF] Microsoft.AspNetCore.Hosting.Diagnostics | Request finished HTTP/1.1 OPTIONS http://localhost:5217/api/ShiftAssignments/roster?start=2026-04-02&end=2026-04-09&orgId=2 - 204 null null 0.3401ms
2026-04-02 15:59:17.424 [INF] Microsoft.AspNetCore.Hosting.Diagnostics | Request starting HTTP/1.1 GET http://localhost:5217/api/ShiftAssignments/roster?start=2026-04-02&end=2026-04-09&orgId=2 - application/json null
2026-04-02 15:59:17.425 [INF] Microsoft.AspNetCore.Cors.Infrastructure.CorsService | CORS policy execution successful.
2026-04-02 15:59:17.426 [INF] Microsoft.AspNetCore.Routing.EndpointMiddleware | Executing endpoint 'backend.Controllers.ShiftAssignmentsController.GetMonthlyRosterFixed (backend)'
2026-04-02 15:59:17.434 [INF] Microsoft.AspNetCore.Mvc.Infrastructure.ControllerActionInvoker | Route matched with {action = "GetMonthlyRosterFixed", controller = "ShiftAssignments"}. Executing controller action with signature System.Threading.Tasks.Task`1[Microsoft.AspNetCore.Mvc.IActionResult] GetMonthlyRosterFixed(System.String, System.String, System.Nullable`1[System.Int32]) on controller backend.Controllers.ShiftAssignmentsController (backend).
2026-04-02 15:59:17.451 [INF] Microsoft.AspNetCore.Mvc.Infrastructure.ObjectResultExecutor | Executing OkObjectResult, writing value of type 'System.Collections.Generic.List`1[[backend.Models.EmployeeSchedule, backend, Version=1.0.0.0, Culture=neutral, PublicKeyToken=null]]'.
2026-04-02 15:59:17.455 [INF] Microsoft.AspNetCore.Mvc.Infrastructure.ControllerActionInvoker | Executed action backend.Controllers.ShiftAssignmentsController.GetMonthlyRosterFixed (backend) in 20.5914ms
2026-04-02 15:59:17.455 [INF] Microsoft.AspNetCore.Routing.EndpointMiddleware | Executed endpoint 'backend.Controllers.ShiftAssignmentsController.GetMonthlyRosterFixed (backend)'
2026-04-02 15:59:17.455 [INF] Serilog.AspNetCore.RequestLoggingMiddleware | HTTP GET /api/ShiftAssignments/roster → 200 (29.6ms)
2026-04-02 15:59:17.455 [INF] Microsoft.AspNetCore.Hosting.Diagnostics | Request finished HTTP/1.1 GET http://localhost:5217/api/ShiftAssignments/roster?start=2026-04-02&end=2026-04-09&orgId=2 - 200 null application/json; charset=utf-8 31.3377ms
2026-04-02 15:59:17.490 [INF] Microsoft.AspNetCore.Hosting.Diagnostics | Request starting HTTP/1.1 OPTIONS http://localhost:5217/api/Attendance/status?employeeId=31&orgId=2 - null null
2026-04-02 15:59:17.490 [INF] Microsoft.AspNetCore.Cors.Infrastructure.CorsService | CORS policy execution successful.
2026-04-02 15:59:17.491 [INF] Microsoft.AspNetCore.Hosting.Diagnostics | Request finished HTTP/1.1 OPTIONS http://localhost:5217/api/Attendance/status?employeeId=31&orgId=2 - 204 null null 0.4112ms
2026-04-02 15:59:17.492 [INF] Microsoft.AspNetCore.Hosting.Diagnostics | Request starting HTTP/1.1 GET http://localhost:5217/api/Attendance/status?employeeId=31&orgId=2 - application/json null
2026-04-02 15:59:17.493 [INF] Microsoft.AspNetCore.Cors.Infrastructure.CorsService | CORS policy execution successful.
2026-04-02 15:59:17.494 [INF] Microsoft.AspNetCore.Routing.EndpointMiddleware | Executing endpoint 'backend.Controllers.AttendanceController.GetStatus (backend)'
2026-04-02 15:59:17.502 [INF] Microsoft.AspNetCore.Mvc.Infrastructure.ControllerActionInvoker | Route matched with {action = "GetStatus", controller = "Attendance"}. Executing controller action with signature System.Threading.Tasks.Task`1[Microsoft.AspNetCore.Mvc.IActionResult] GetStatus(Int32, Int32) on controller backend.Controllers.AttendanceController (backend).
2026-04-02 15:59:17.517 [ERR] backend.Controllers.AttendanceController | Error getting attendance status
Microsoft.Data.SqlClient.SqlException (0x80131904): Invalid column name 'FN'.
Invalid column name 'AN'.
   at System.Threading.Tasks.ContinuationResultTaskFromResultTask`2.InnerInvoke()
   at System.Threading.ExecutionContext.RunInternal(ExecutionContext executionContext, ContextCallback callback, Object state)
--- End of stack trace from previous location ---
   at System.Threading.ExecutionContext.RunInternal(ExecutionContext executionContext, ContextCallback callback, Object state)
   at System.Threading.Tasks.Task.ExecuteWithThreadLocal(Task& currentTaskSlot, Thread threadPoolThread)
--- End of stack trace from previous location ---
   at Dapper.SqlMapper.QueryRowAsync[T](IDbConnection cnn, Row row, Type effectiveType, CommandDefinition command) in /_/Dapper/SqlMapper.Async.cs:line 489
   at backend.Controllers.AttendanceController.GetStatus(Int32 employeeId, Int32 orgId)
ClientConnectionId:badfd035-a922-48a2-b31a-11434caa11d4
Error Number:207,State:1,Class:16
2026-04-02 15:59:17.520 [INF] Microsoft.AspNetCore.Mvc.Infrastructure.ObjectResultExecutor | Executing ObjectResult, writing value of type 'System.String'.
2026-04-02 15:59:17.522 [INF] Microsoft.AspNetCore.Mvc.Infrastructure.ControllerActionInvoker | Executed action backend.Controllers.AttendanceController.GetStatus (backend) in 19.7055ms
2026-04-02 15:59:17.522 [INF] Microsoft.AspNetCore.Routing.EndpointMiddleware | Executed endpoint 'backend.Controllers.AttendanceController.GetStatus (backend)'
2026-04-02 15:59:17.522 [ERR] Serilog.AspNetCore.RequestLoggingMiddleware | HTTP GET /api/Attendance/status → 500 (28.2ms)
2026-04-02 15:59:17.522 [INF] Microsoft.AspNetCore.Hosting.Diagnostics | Request finished HTTP/1.1 GET http://localhost:5217/api/Attendance/status?employeeId=31&orgId=2 - 500 null text/plain; charset=utf-8 29.8225ms
2026-04-02 15:59:28.945 [INF] Microsoft.AspNetCore.Hosting.Diagnostics | Request starting HTTP/1.1 OPTIONS http://localhost:5217/api/AttendanceMaster?date=2026-04-02&orgId=2 - null null
2026-04-02 15:59:28.945 [INF] Microsoft.AspNetCore.Cors.Infrastructure.CorsService | CORS policy execution successful.
2026-04-02 15:59:28.945 [INF] Microsoft.AspNetCore.Hosting.Diagnostics | Request finished HTTP/1.1 OPTIONS http://localhost:5217/api/AttendanceMaster?date=2026-04-02&orgId=2 - 204 null null 0.2236ms
2026-04-02 15:59:28.946 [INF] Microsoft.AspNetCore.Hosting.Diagnostics | Request starting HTTP/1.1 OPTIONS http://localhost:5217/api/LeaveType?orgId=2 - null null
2026-04-02 15:59:28.946 [INF] Microsoft.AspNetCore.Cors.Infrastructure.CorsService | CORS policy execution successful.
2026-04-02 15:59:28.946 [INF] Microsoft.AspNetCore.Hosting.Diagnostics | Request finished HTTP/1.1 OPTIONS http://localhost:5217/api/LeaveType?orgId=2 - 204 null null 0.0943ms
2026-04-02 15:59:28.947 [INF] Microsoft.AspNetCore.Hosting.Diagnostics | Request starting HTTP/1.1 GET http://localhost:5217/api/AttendanceMaster?date=2026-04-02&orgId=2 - application/json null
2026-04-02 15:59:28.947 [INF] Microsoft.AspNetCore.Cors.Infrastructure.CorsService | CORS policy execution successful.
2026-04-02 15:59:28.948 [INF] Microsoft.AspNetCore.Hosting.Diagnostics | Request starting HTTP/1.1 GET http://localhost:5217/api/LeaveType?orgId=2 - application/json null
2026-04-02 15:59:28.948 [INF] Microsoft.AspNetCore.Cors.Infrastructure.CorsService | CORS policy execution successful.
2026-04-02 15:59:28.948 [INF] Microsoft.AspNetCore.Routing.EndpointMiddleware | Executing endpoint 'backend.Controllers.AttendanceMasterController.GetAttendance (backend)'
2026-04-02 15:59:28.948 [INF] Microsoft.AspNetCore.Routing.EndpointMiddleware | Executing endpoint 'backend.Controllers.LeaveTypeController.GetLeaveTypes (backend)'
2026-04-02 15:59:28.956 [INF] Microsoft.AspNetCore.Mvc.Infrastructure.ControllerActionInvoker | Route matched with {action = "GetAttendance", controller = "AttendanceMaster"}. Executing controller action with signature System.Threading.Tasks.Task`1[Microsoft.AspNetCore.Mvc.IActionResult] GetAttendance(System.String, System.Nullable`1[System.Int32]) on controller backend.Controllers.AttendanceMasterController (backend).
2026-04-02 15:59:28.956 [INF] Microsoft.AspNetCore.Mvc.Infrastructure.ControllerActionInvoker | Route matched with {action = "GetLeaveTypes", controller = "LeaveType"}. Executing controller action with signature System.Threading.Tasks.Task`1[Microsoft.AspNetCore.Mvc.IActionResult] GetLeaveTypes(System.Nullable`1[System.Int32]) on controller backend.Controllers.LeaveTypeController (backend).
2026-04-02 15:59:28.969 [INF] Microsoft.AspNetCore.Mvc.Infrastructure.ObjectResultExecutor | Executing OkObjectResult, writing value of type 'System.Collections.Generic.List`1[[backend.Models.LeaveType, backend, Version=1.0.0.0, Culture=neutral, PublicKeyToken=null]]'.
2026-04-02 15:59:28.971 [INF] Microsoft.AspNetCore.Mvc.Infrastructure.ControllerActionInvoker | Executed action backend.Controllers.LeaveTypeController.GetLeaveTypes (backend) in 15.1545ms
2026-04-02 15:59:28.971 [INF] Microsoft.AspNetCore.Routing.EndpointMiddleware | Executed endpoint 'backend.Controllers.LeaveTypeController.GetLeaveTypes (backend)'
2026-04-02 15:59:28.971 [INF] Serilog.AspNetCore.RequestLoggingMiddleware | HTTP GET /api/LeaveType → 200 (23.7ms)
2026-04-02 15:59:28.972 [INF] Microsoft.AspNetCore.Hosting.Diagnostics | Request finished HTTP/1.1 GET http://localhost:5217/api/LeaveType?orgId=2 - 200 null application/json; charset=utf-8 23.9001ms
2026-04-02 15:59:29.030 [INF] Microsoft.AspNetCore.Hosting.Diagnostics | Request starting HTTP/1.1 OPTIONS http://localhost:5217/hubs/attendance/negotiate?negotiateVersion=1 - null null
2026-04-02 15:59:29.030 [INF] Microsoft.AspNetCore.Cors.Infrastructure.CorsService | CORS policy execution successful.
2026-04-02 15:59:29.030 [INF] Microsoft.AspNetCore.Hosting.Diagnostics | Request finished HTTP/1.1 OPTIONS http://localhost:5217/hubs/attendance/negotiate?negotiateVersion=1 - 204 null null 0.2083ms
2026-04-02 15:59:29.031 [INF] Microsoft.AspNetCore.Hosting.Diagnostics | Request starting HTTP/1.1 POST http://localhost:5217/hubs/attendance/negotiate?negotiateVersion=1 - text/plain;charset=UTF-8 0
2026-04-02 15:59:29.033 [INF] Microsoft.AspNetCore.Cors.Infrastructure.CorsService | CORS policy execution successful.
2026-04-02 15:59:29.034 [INF] Microsoft.AspNetCore.Routing.EndpointMiddleware | Executing endpoint '/hubs/attendance/negotiate'
2026-04-02 15:59:29.034 [INF] Microsoft.AspNetCore.Routing.EndpointMiddleware | Executed endpoint '/hubs/attendance/negotiate'
2026-04-02 15:59:29.034 [INF] Serilog.AspNetCore.RequestLoggingMiddleware | HTTP POST /hubs/attendance/negotiate → 200 (0.3ms)
2026-04-02 15:59:29.034 [INF] Microsoft.AspNetCore.Hosting.Diagnostics | Request finished HTTP/1.1 POST http://localhost:5217/hubs/attendance/negotiate?negotiateVersion=1 - 200 316 application/json 2.408ms
2026-04-02 15:59:29.060 [INF] Microsoft.AspNetCore.Mvc.Infrastructure.ObjectResultExecutor | Executing OkObjectResult, writing value of type 'System.Collections.Generic.List`1[[backend.Models.EmpAttendanceRecord, backend, Version=1.0.0.0, Culture=neutral, PublicKeyToken=null]]'.
2026-04-02 15:59:29.062 [INF] Microsoft.AspNetCore.Mvc.Infrastructure.ControllerActionInvoker | Executed action backend.Controllers.AttendanceMasterController.GetAttendance (backend) in 105.959ms
2026-04-02 15:59:29.062 [INF] Microsoft.AspNetCore.Routing.EndpointMiddleware | Executed endpoint 'backend.Controllers.AttendanceMasterController.GetAttendance (backend)'
2026-04-02 15:59:29.062 [INF] Serilog.AspNetCore.RequestLoggingMiddleware | HTTP GET /api/AttendanceMaster → 200 (114.5ms)
2026-04-02 15:59:29.062 [INF] Microsoft.AspNetCore.Hosting.Diagnostics | Request finished HTTP/1.1 GET http://localhost:5217/api/AttendanceMaster?date=2026-04-02&orgId=2 - 200 null application/json; charset=utf-8 114.8621ms
2026-04-02 15:59:29.094 [INF] Microsoft.AspNetCore.Hosting.Diagnostics | Request starting HTTP/1.1 GET http://localhost:5217/hubs/attendance?id=wNNUZ06VWxJbmmrIKGXvVQ&access_token=eyJhbGciOiJIUzI1NiIsInR5cCI6IkpXVCJ9.eyJuYW1laWQiOiIxOCIsInVuaXF1ZV9uYW1lIjoidmFzYW50aGFrdW1hciIsImVtYWlsIjoidmFzYW50aDIwMDR2a0BnbWFpbC5jb20iLCJyb2xlIjoiU3VwZXJBZG1pbiIsIk9yZ2FuaXphdGlvbklkIjoiMiIsIk9yZ2FuaXphdGlvbkxvZ28iOiIvdXBsb2Fkcy9vcmctbG9nb3Mvb3JnLWxvZ28tNTg3M2M0NzVkOTFkNGJiZDkwNDZkZWVjNjY3ZDEzNmMuanBnIiwibmJmIjoxNzc1MTIzNTM1LCJleHAiOjE3NzUyMDk5MzUsImlhdCI6MTc3NTEyMzUzNSwiaXNzIjoiUHJvRGVzWC1CYWNrZW5kIiwiYXVkIjoiUHJvRGVzWC1Gcm9udGVuZCJ9.SnyONDad2SeD6DiKzJ1jn7GpLNQVcdbZ2iJxI_CkzGU - null null
2026-04-02 15:59:29.094 [INF] Microsoft.AspNetCore.Cors.Infrastructure.CorsService | CORS policy execution successful.
2026-04-02 15:59:29.094 [INF] Microsoft.AspNetCore.Routing.EndpointMiddleware | Executing endpoint '/hubs/attendance'
2026-04-02 15:59:29.325 [INF] Microsoft.AspNetCore.Hosting.Diagnostics | Request starting HTTP/1.1 GET http://localhost:5217/uploads/employee-photos/emp-28.jpg - null null
2026-04-02 15:59:29.326 [INF] Microsoft.AspNetCore.Cors.Infrastructure.CorsService | CORS policy execution successful.
2026-04-02 15:59:29.329 [INF] Serilog.AspNetCore.RequestLoggingMiddleware | HTTP GET /uploads/employee-photos/emp-28.jpg → 404 (0.3ms)
2026-04-02 15:59:29.329 [INF] Microsoft.AspNetCore.Hosting.Diagnostics | Request finished HTTP/1.1 GET http://localhost:5217/uploads/employee-photos/emp-28.jpg - 404 0 null 3.7745ms
2026-04-02 15:59:29.331 [INF] Microsoft.AspNetCore.Hosting.Diagnostics | Request reached the end of the middleware pipeline without being handled by application code. Request path: GET http://localhost:5217/uploads/employee-photos/emp-28.jpg, Response status code: 404
2026-04-02 15:59:36.227 [INF] Microsoft.AspNetCore.Hosting.Diagnostics | Request starting HTTP/1.1 OPTIONS http://localhost:5217/api/EmpOT/GetOTByOrgId?orgId=2 - null null
2026-04-02 15:59:36.227 [INF] Microsoft.AspNetCore.Cors.Infrastructure.CorsService | CORS policy execution successful.
2026-04-02 15:59:36.227 [INF] Microsoft.AspNetCore.Hosting.Diagnostics | Request finished HTTP/1.1 OPTIONS http://localhost:5217/api/EmpOT/GetOTByOrgId?orgId=2 - 204 null null 0.1725ms
2026-04-02 15:59:36.227 [INF] Microsoft.AspNetCore.Hosting.Diagnostics | Request starting HTTP/1.1 OPTIONS http://localhost:5217/api/employees?orgId=2 - null null
2026-04-02 15:59:36.227 [INF] Microsoft.AspNetCore.Cors.Infrastructure.CorsService | CORS policy execution successful.
2026-04-02 15:59:36.228 [INF] Microsoft.AspNetCore.Hosting.Diagnostics | Request finished HTTP/1.1 OPTIONS http://localhost:5217/api/employees?orgId=2 - 204 null null 0.0953ms
2026-04-02 15:59:36.229 [INF] Microsoft.AspNetCore.Hosting.Diagnostics | Request starting HTTP/1.1 GET http://localhost:5217/api/EmpOT/GetOTByOrgId?orgId=2 - application/json null
2026-04-02 15:59:36.229 [INF] Microsoft.AspNetCore.Hosting.Diagnostics | Request starting HTTP/1.1 GET http://localhost:5217/api/employees?orgId=2 - application/json null
2026-04-02 15:59:36.229 [INF] Microsoft.AspNetCore.Cors.Infrastructure.CorsService | CORS policy execution successful.
2026-04-02 15:59:36.229 [INF] Microsoft.AspNetCore.Routing.EndpointMiddleware | Executing endpoint 'backend.Controllers.EmployeesController.GetEmployees (backend)'
2026-04-02 15:59:36.229 [INF] Microsoft.AspNetCore.Mvc.Infrastructure.ControllerActionInvoker | Route matched with {action = "GetEmployees", controller = "Employees"}. Executing controller action with signature System.Threading.Tasks.Task`1[Microsoft.AspNetCore.Mvc.IActionResult] GetEmployees(System.Nullable`1[System.Int32]) on controller backend.Controllers.EmployeesController (backend).
2026-04-02 15:59:36.230 [INF] backend.Controllers.EmployeesController | [Employees] GET all | TargetOrgId=2 | UserOrgId=2
2026-04-02 15:59:36.231 [INF] Microsoft.AspNetCore.Cors.Infrastructure.CorsService | CORS policy execution successful.
2026-04-02 15:59:36.231 [INF] Microsoft.AspNetCore.Routing.EndpointMiddleware | Executing endpoint 'backend.Controllers.EmpOTController.GetOTByOrgId (backend)'
2026-04-02 15:59:36.239 [INF] Microsoft.AspNetCore.Mvc.Infrastructure.ControllerActionInvoker | Route matched with {action = "GetOTByOrgId", controller = "EmpOT"}. Executing controller action with signature System.Threading.Tasks.Task`1[Microsoft.AspNetCore.Mvc.IActionResult] GetOTByOrgId(Int32) on controller backend.Controllers.EmpOTController (backend).
2026-04-02 15:59:36.242 [INF] Microsoft.AspNetCore.Mvc.Infrastructure.ObjectResultExecutor | Executing OkObjectResult, writing value of type 'System.Collections.Generic.List`1[[backend.Models.Employee, backend, Version=1.0.0.0, Culture=neutral, PublicKeyToken=null]]'.
2026-04-02 15:59:36.242 [INF] Microsoft.AspNetCore.Mvc.Infrastructure.ControllerActionInvoker | Executed action backend.Controllers.EmployeesController.GetEmployees (backend) in 12.5405ms
2026-04-02 15:59:36.242 [INF] Microsoft.AspNetCore.Routing.EndpointMiddleware | Executed endpoint 'backend.Controllers.EmployeesController.GetEmployees (backend)'
2026-04-02 15:59:36.242 [INF] Serilog.AspNetCore.RequestLoggingMiddleware | HTTP GET /api/employees → 200 (12.7ms)
2026-04-02 15:59:36.242 [INF] Microsoft.AspNetCore.Hosting.Diagnostics | Request finished HTTP/1.1 GET http://localhost:5217/api/employees?orgId=2 - 200 null application/json; charset=utf-8 13.0325ms
2026-04-02 15:59:36.249 [INF] Microsoft.AspNetCore.Mvc.Infrastructure.ObjectResultExecutor | Executing OkObjectResult, writing value of type 'System.Collections.Generic.List`1[[backend.Models.EmpOT, backend, Version=1.0.0.0, Culture=neutral, PublicKeyToken=null]]'.
2026-04-02 15:59:36.252 [INF] Microsoft.AspNetCore.Mvc.Infrastructure.ControllerActionInvoker | Executed action backend.Controllers.EmpOTController.GetOTByOrgId (backend) in 12.6984ms
2026-04-02 15:59:36.252 [INF] Microsoft.AspNetCore.Routing.EndpointMiddleware | Executed endpoint 'backend.Controllers.EmpOTController.GetOTByOrgId (backend)'
2026-04-02 15:59:36.252 [INF] Serilog.AspNetCore.RequestLoggingMiddleware | HTTP GET /api/EmpOT/GetOTByOrgId → 200 (20.7ms)
2026-04-02 15:59:36.252 [INF] Microsoft.AspNetCore.Hosting.Diagnostics | Request finished HTTP/1.1 GET http://localhost:5217/api/EmpOT/GetOTByOrgId?orgId=2 - 200 null application/json; charset=utf-8 22.7134ms
2026-04-02 15:59:36.474 [INF] Microsoft.AspNetCore.Hosting.Diagnostics | Request starting HTTP/1.1 OPTIONS http://localhost:5217/hubs/empot/negotiate?negotiateVersion=1 - null null
2026-04-02 15:59:36.474 [INF] Microsoft.AspNetCore.Cors.Infrastructure.CorsService | CORS policy execution successful.
2026-04-02 15:59:36.474 [INF] Microsoft.AspNetCore.Hosting.Diagnostics | Request finished HTTP/1.1 OPTIONS http://localhost:5217/hubs/empot/negotiate?negotiateVersion=1 - 204 null null 0.1636ms
2026-04-02 15:59:36.475 [INF] Microsoft.AspNetCore.Hosting.Diagnostics | Request starting HTTP/1.1 POST http://localhost:5217/hubs/empot/negotiate?negotiateVersion=1 - text/plain;charset=UTF-8 0
2026-04-02 15:59:36.476 [INF] Microsoft.AspNetCore.Cors.Infrastructure.CorsService | CORS policy execution successful.
2026-04-02 15:59:36.476 [INF] Microsoft.AspNetCore.Routing.EndpointMiddleware | Executing endpoint '/hubs/empot/negotiate'
2026-04-02 15:59:36.476 [INF] Microsoft.AspNetCore.Routing.EndpointMiddleware | Executed endpoint '/hubs/empot/negotiate'
2026-04-02 15:59:36.476 [INF] Serilog.AspNetCore.RequestLoggingMiddleware | HTTP POST /hubs/empot/negotiate → 200 (0.6ms)
2026-04-02 15:59:36.476 [INF] Microsoft.AspNetCore.Hosting.Diagnostics | Request finished HTTP/1.1 POST http://localhost:5217/hubs/empot/negotiate?negotiateVersion=1 - 200 316 application/json 0.9039ms
2026-04-02 15:59:36.498 [INF] Microsoft.AspNetCore.Hosting.Diagnostics | Request starting HTTP/1.1 GET http://localhost:5217/hubs/empot?id=P_826oDxiOf6zNOIHmvs9g&access_token=eyJhbGciOiJIUzI1NiIsInR5cCI6IkpXVCJ9.eyJuYW1laWQiOiIxOCIsInVuaXF1ZV9uYW1lIjoidmFzYW50aGFrdW1hciIsImVtYWlsIjoidmFzYW50aDIwMDR2a0BnbWFpbC5jb20iLCJyb2xlIjoiU3VwZXJBZG1pbiIsIk9yZ2FuaXphdGlvbklkIjoiMiIsIk9yZ2FuaXphdGlvbkxvZ28iOiIvdXBsb2Fkcy9vcmctbG9nb3Mvb3JnLWxvZ28tNTg3M2M0NzVkOTFkNGJiZDkwNDZkZWVjNjY3ZDEzNmMuanBnIiwibmJmIjoxNzc1MTIzNTM1LCJleHAiOjE3NzUyMDk5MzUsImlhdCI6MTc3NTEyMzUzNSwiaXNzIjoiUHJvRGVzWC1CYWNrZW5kIiwiYXVkIjoiUHJvRGVzWC1Gcm9udGVuZCJ9.SnyONDad2SeD6DiKzJ1jn7GpLNQVcdbZ2iJxI_CkzGU - null null
2026-04-02 15:59:36.498 [INF] Microsoft.AspNetCore.Cors.Infrastructure.CorsService | CORS policy execution successful.
2026-04-02 15:59:36.499 [INF] Microsoft.AspNetCore.Routing.EndpointMiddleware | Executing endpoint '/hubs/empot'
2026-04-02 16:03:06.379 [INF] Microsoft.AspNetCore.Routing.EndpointMiddleware | Executed endpoint '/hubs/attendance'
2026-04-02 16:03:06.380 [INF] Serilog.AspNetCore.RequestLoggingMiddleware | HTTP GET /hubs/attendance → 101 (217275.1ms)
2026-04-02 16:03:06.381 [INF] Microsoft.AspNetCore.Hosting.Diagnostics | Request finished HTTP/1.1 GET http://localhost:5217/hubs/attendance?id=wNNUZ06VWxJbmmrIKGXvVQ&access_token=eyJhbGciOiJIUzI1NiIsInR5cCI6IkpXVCJ9.eyJuYW1laWQiOiIxOCIsInVuaXF1ZV9uYW1lIjoidmFzYW50aGFrdW1hciIsImVtYWlsIjoidmFzYW50aDIwMDR2a0BnbWFpbC5jb20iLCJyb2xlIjoiU3VwZXJBZG1pbiIsIk9yZ2FuaXphdGlvbklkIjoiMiIsIk9yZ2FuaXphdGlvbkxvZ28iOiIvdXBsb2Fkcy9vcmctbG9nb3Mvb3JnLWxvZ28tNTg3M2M0NzVkOTFkNGJiZDkwNDZkZWVjNjY3ZDEzNmMuanBnIiwibmJmIjoxNzc1MTIzNTM1LCJleHAiOjE3NzUyMDk5MzUsImlhdCI6MTc3NTEyMzUzNSwiaXNzIjoiUHJvRGVzWC1CYWNrZW5kIiwiYXVkIjoiUHJvRGVzWC1Gcm9udGVuZCJ9.SnyONDad2SeD6DiKzJ1jn7GpLNQVcdbZ2iJxI_CkzGU - 101 null null 217276.2028ms
2026-04-02 16:03:06.448 [INF] Microsoft.AspNetCore.Hosting.Diagnostics | Request starting HTTP/1.1 OPTIONS http://localhost:5217/hubs/attendance/negotiate?negotiateVersion=1 - null null
2026-04-02 16:03:06.448 [INF] Microsoft.AspNetCore.Cors.Infrastructure.CorsService | CORS policy execution successful.
2026-04-02 16:03:06.448 [INF] Microsoft.AspNetCore.Hosting.Diagnostics | Request finished HTTP/1.1 OPTIONS http://localhost:5217/hubs/attendance/negotiate?negotiateVersion=1 - 204 null null 0.4087ms
2026-04-02 16:03:06.449 [INF] Microsoft.AspNetCore.Hosting.Diagnostics | Request starting HTTP/1.1 POST http://localhost:5217/hubs/attendance/negotiate?negotiateVersion=1 - text/plain;charset=UTF-8 0
2026-04-02 16:03:06.449 [INF] Microsoft.AspNetCore.Cors.Infrastructure.CorsService | CORS policy execution successful.
2026-04-02 16:03:06.452 [INF] Microsoft.AspNetCore.Routing.EndpointMiddleware | Executing endpoint '/hubs/attendance/negotiate'
2026-04-02 16:03:06.453 [INF] Microsoft.AspNetCore.Routing.EndpointMiddleware | Executed endpoint '/hubs/attendance/negotiate'
2026-04-02 16:03:06.453 [INF] Serilog.AspNetCore.RequestLoggingMiddleware | HTTP POST /hubs/attendance/negotiate → 200 (1.3ms)
2026-04-02 16:03:06.453 [INF] Microsoft.AspNetCore.Hosting.Diagnostics | Request finished HTTP/1.1 POST http://localhost:5217/hubs/attendance/negotiate?negotiateVersion=1 - 200 316 application/json 4.1042ms
2026-04-02 16:03:06.475 [INF] Microsoft.AspNetCore.Hosting.Diagnostics | Request starting HTTP/1.1 GET http://localhost:5217/hubs/attendance?id=XgZ3NiPCQICus8FE6hEm2g&access_token=eyJhbGciOiJIUzI1NiIsInR5cCI6IkpXVCJ9.eyJuYW1laWQiOiIxOCIsInVuaXF1ZV9uYW1lIjoidmFzYW50aGFrdW1hciIsImVtYWlsIjoidmFzYW50aDIwMDR2a0BnbWFpbC5jb20iLCJyb2xlIjoiU3VwZXJBZG1pbiIsIk9yZ2FuaXphdGlvbklkIjoiMiIsIk9yZ2FuaXphdGlvbkxvZ28iOiIvdXBsb2Fkcy9vcmctbG9nb3Mvb3JnLWxvZ28tNTg3M2M0NzVkOTFkNGJiZDkwNDZkZWVjNjY3ZDEzNmMuanBnIiwibmJmIjoxNzc1MTIzNTM1LCJleHAiOjE3NzUyMDk5MzUsImlhdCI6MTc3NTEyMzUzNSwiaXNzIjoiUHJvRGVzWC1CYWNrZW5kIiwiYXVkIjoiUHJvRGVzWC1Gcm9udGVuZCJ9.SnyONDad2SeD6DiKzJ1jn7GpLNQVcdbZ2iJxI_CkzGU - null null
2026-04-02 16:03:06.475 [INF] Microsoft.AspNetCore.Cors.Infrastructure.CorsService | CORS policy execution successful.
2026-04-02 16:03:06.475 [INF] Microsoft.AspNetCore.Routing.EndpointMiddleware | Executing endpoint '/hubs/attendance'
2026-04-02 16:03:14.373 [INF] Microsoft.AspNetCore.Routing.EndpointMiddleware | Executed endpoint '/hubs/empot'
2026-04-02 16:03:14.373 [INF] Serilog.AspNetCore.RequestLoggingMiddleware | HTTP GET /hubs/empot → 101 (217865.1ms)
2026-04-02 16:03:14.374 [INF] Microsoft.AspNetCore.Hosting.Diagnostics | Request finished HTTP/1.1 GET http://localhost:5217/hubs/empot?id=P_826oDxiOf6zNOIHmvs9g&access_token=eyJhbGciOiJIUzI1NiIsInR5cCI6IkpXVCJ9.eyJuYW1laWQiOiIxOCIsInVuaXF1ZV9uYW1lIjoidmFzYW50aGFrdW1hciIsImVtYWlsIjoidmFzYW50aDIwMDR2a0BnbWFpbC5jb20iLCJyb2xlIjoiU3VwZXJBZG1pbiIsIk9yZ2FuaXphdGlvbklkIjoiMiIsIk9yZ2FuaXphdGlvbkxvZ28iOiIvdXBsb2Fkcy9vcmctbG9nb3Mvb3JnLWxvZ28tNTg3M2M0NzVkOTFkNGJiZDkwNDZkZWVjNjY3ZDEzNmMuanBnIiwibmJmIjoxNzc1MTIzNTM1LCJleHAiOjE3NzUyMDk5MzUsImlhdCI6MTc3NTEyMzUzNSwiaXNzIjoiUHJvRGVzWC1CYWNrZW5kIiwiYXVkIjoiUHJvRGVzWC1Gcm9udGVuZCJ9.SnyONDad2SeD6DiKzJ1jn7GpLNQVcdbZ2iJxI_CkzGU - 101 null null 217865.4431ms
2026-04-02 16:03:14.382 [INF] Microsoft.AspNetCore.Hosting.Diagnostics | Request starting HTTP/1.1 OPTIONS http://localhost:5217/hubs/empot/negotiate?negotiateVersion=1 - null null
2026-04-02 16:03:14.382 [INF] Microsoft.AspNetCore.Cors.Infrastructure.CorsService | CORS policy execution successful.
2026-04-02 16:03:14.382 [INF] Microsoft.AspNetCore.Hosting.Diagnostics | Request finished HTTP/1.1 OPTIONS http://localhost:5217/hubs/empot/negotiate?negotiateVersion=1 - 204 null null 0.1518ms
2026-04-02 16:03:14.383 [INF] Microsoft.AspNetCore.Hosting.Diagnostics | Request starting HTTP/1.1 POST http://localhost:5217/hubs/empot/negotiate?negotiateVersion=1 - text/plain;charset=UTF-8 0
2026-04-02 16:03:14.383 [INF] Microsoft.AspNetCore.Cors.Infrastructure.CorsService | CORS policy execution successful.
2026-04-02 16:03:14.383 [INF] Microsoft.AspNetCore.Routing.EndpointMiddleware | Executing endpoint '/hubs/empot/negotiate'
2026-04-02 16:03:14.383 [INF] Microsoft.AspNetCore.Routing.EndpointMiddleware | Executed endpoint '/hubs/empot/negotiate'
2026-04-02 16:03:14.383 [INF] Serilog.AspNetCore.RequestLoggingMiddleware | HTTP POST /hubs/empot/negotiate → 200 (0.1ms)
2026-04-02 16:03:14.383 [INF] Microsoft.AspNetCore.Hosting.Diagnostics | Request finished HTTP/1.1 POST http://localhost:5217/hubs/empot/negotiate?negotiateVersion=1 - 200 316 application/json 0.617ms
2026-04-02 16:03:14.391 [INF] Microsoft.AspNetCore.Hosting.Diagnostics | Request starting HTTP/1.1 GET http://localhost:5217/hubs/empot?id=e9avQ38dB7yZbrP_tlL-qQ&access_token=eyJhbGciOiJIUzI1NiIsInR5cCI6IkpXVCJ9.eyJuYW1laWQiOiIxOCIsInVuaXF1ZV9uYW1lIjoidmFzYW50aGFrdW1hciIsImVtYWlsIjoidmFzYW50aDIwMDR2a0BnbWFpbC5jb20iLCJyb2xlIjoiU3VwZXJBZG1pbiIsIk9yZ2FuaXphdGlvbklkIjoiMiIsIk9yZ2FuaXphdGlvbkxvZ28iOiIvdXBsb2Fkcy9vcmctbG9nb3Mvb3JnLWxvZ28tNTg3M2M0NzVkOTFkNGJiZDkwNDZkZWVjNjY3ZDEzNmMuanBnIiwibmJmIjoxNzc1MTIzNTM1LCJleHAiOjE3NzUyMDk5MzUsImlhdCI6MTc3NTEyMzUzNSwiaXNzIjoiUHJvRGVzWC1CYWNrZW5kIiwiYXVkIjoiUHJvRGVzWC1Gcm9udGVuZCJ9.SnyONDad2SeD6DiKzJ1jn7GpLNQVcdbZ2iJxI_CkzGU - null null
2026-04-02 16:03:14.391 [INF] Microsoft.AspNetCore.Cors.Infrastructure.CorsService | CORS policy execution successful.
2026-04-02 16:03:14.391 [INF] Microsoft.AspNetCore.Routing.EndpointMiddleware | Executing endpoint '/hubs/empot'
2026-04-02 16:11:10.394 [INF] Microsoft.AspNetCore.Routing.EndpointMiddleware | Executed endpoint '/hubs/attendance'
2026-04-02 16:11:10.394 [INF] Microsoft.AspNetCore.Routing.EndpointMiddleware | Executed endpoint '/hubs/empot'
2026-04-02 16:11:10.397 [INF] Serilog.AspNetCore.RequestLoggingMiddleware | HTTP GET /hubs/empot → 101 (475986.1ms)
2026-04-02 16:11:10.397 [INF] Serilog.AspNetCore.RequestLoggingMiddleware | HTTP GET /hubs/attendance → 101 (483901.2ms)
2026-04-02 16:11:10.398 [INF] Microsoft.AspNetCore.Hosting.Diagnostics | Request finished HTTP/1.1 GET http://localhost:5217/hubs/attendance?id=XgZ3NiPCQICus8FE6hEm2g&access_token=eyJhbGciOiJIUzI1NiIsInR5cCI6IkpXVCJ9.eyJuYW1laWQiOiIxOCIsInVuaXF1ZV9uYW1lIjoidmFzYW50aGFrdW1hciIsImVtYWlsIjoidmFzYW50aDIwMDR2a0BnbWFpbC5jb20iLCJyb2xlIjoiU3VwZXJBZG1pbiIsIk9yZ2FuaXphdGlvbklkIjoiMiIsIk9yZ2FuaXphdGlvbkxvZ28iOiIvdXBsb2Fkcy9vcmctbG9nb3Mvb3JnLWxvZ28tNTg3M2M0NzVkOTFkNGJiZDkwNDZkZWVjNjY3ZDEzNmMuanBnIiwibmJmIjoxNzc1MTIzNTM1LCJleHAiOjE3NzUyMDk5MzUsImlhdCI6MTc3NTEyMzUzNSwiaXNzIjoiUHJvRGVzWC1CYWNrZW5kIiwiYXVkIjoiUHJvRGVzWC1Gcm9udGVuZCJ9.SnyONDad2SeD6DiKzJ1jn7GpLNQVcdbZ2iJxI_CkzGU - 101 null null 483903.9582ms
2026-04-02 16:11:10.398 [INF] Microsoft.AspNetCore.Hosting.Diagnostics | Request finished HTTP/1.1 GET http://localhost:5217/hubs/empot?id=e9avQ38dB7yZbrP_tlL-qQ&access_token=eyJhbGciOiJIUzI1NiIsInR5cCI6IkpXVCJ9.eyJuYW1laWQiOiIxOCIsInVuaXF1ZV9uYW1lIjoidmFzYW50aGFrdW1hciIsImVtYWlsIjoidmFzYW50aDIwMDR2a0BnbWFpbC5jb20iLCJyb2xlIjoiU3VwZXJBZG1pbiIsIk9yZ2FuaXphdGlvbklkIjoiMiIsIk9yZ2FuaXphdGlvbkxvZ28iOiIvdXBsb2Fkcy9vcmctbG9nb3Mvb3JnLWxvZ28tNTg3M2M0NzVkOTFkNGJiZDkwNDZkZWVjNjY3ZDEzNmMuanBnIiwibmJmIjoxNzc1MTIzNTM1LCJleHAiOjE3NzUyMDk5MzUsImlhdCI6MTc3NTEyMzUzNSwiaXNzIjoiUHJvRGVzWC1CYWNrZW5kIiwiYXVkIjoiUHJvRGVzWC1Gcm9udGVuZCJ9.SnyONDad2SeD6DiKzJ1jn7GpLNQVcdbZ2iJxI_CkzGU - 101 null null 475988.4503ms
2026-04-02 16:11:10.415 [INF] Microsoft.AspNetCore.Hosting.Diagnostics | Request starting HTTP/1.1 OPTIONS http://localhost:5217/hubs/empot/negotiate?negotiateVersion=1 - null null
2026-04-02 16:11:10.416 [INF] Microsoft.AspNetCore.Cors.Infrastructure.CorsService | CORS policy execution successful.
2026-04-02 16:11:10.417 [INF] Microsoft.AspNetCore.Hosting.Diagnostics | Request starting HTTP/1.1 OPTIONS http://localhost:5217/hubs/attendance/negotiate?negotiateVersion=1 - null null
2026-04-02 16:11:10.417 [INF] Microsoft.AspNetCore.Cors.Infrastructure.CorsService | CORS policy execution successful.
2026-04-02 16:11:10.417 [INF] Microsoft.AspNetCore.Hosting.Diagnostics | Request finished HTTP/1.1 OPTIONS http://localhost:5217/hubs/empot/negotiate?negotiateVersion=1 - 204 null null 1.592ms
2026-04-02 16:11:10.417 [INF] Microsoft.AspNetCore.Hosting.Diagnostics | Request finished HTTP/1.1 OPTIONS http://localhost:5217/hubs/attendance/negotiate?negotiateVersion=1 - 204 null null 0.3366ms
2026-04-02 16:11:10.419 [INF] Microsoft.AspNetCore.Hosting.Diagnostics | Request starting HTTP/1.1 POST http://localhost:5217/hubs/attendance/negotiate?negotiateVersion=1 - text/plain;charset=UTF-8 0
2026-04-02 16:11:10.419 [INF] Microsoft.AspNetCore.Hosting.Diagnostics | Request starting HTTP/1.1 POST http://localhost:5217/hubs/empot/negotiate?negotiateVersion=1 - text/plain;charset=UTF-8 0
2026-04-02 16:11:10.419 [INF] Microsoft.AspNetCore.Cors.Infrastructure.CorsService | CORS policy execution successful.
2026-04-02 16:11:10.419 [INF] Microsoft.AspNetCore.Cors.Infrastructure.CorsService | CORS policy execution successful.
2026-04-02 16:11:10.423 [INF] Microsoft.AspNetCore.Routing.EndpointMiddleware | Executing endpoint '/hubs/empot/negotiate'
2026-04-02 16:11:10.423 [INF] Microsoft.AspNetCore.Routing.EndpointMiddleware | Executing endpoint '/hubs/attendance/negotiate'
2026-04-02 16:11:10.424 [INF] Microsoft.AspNetCore.Routing.EndpointMiddleware | Executed endpoint '/hubs/attendance/negotiate'
2026-04-02 16:11:10.424 [INF] Microsoft.AspNetCore.Routing.EndpointMiddleware | Executed endpoint '/hubs/empot/negotiate'
2026-04-02 16:11:10.424 [INF] Serilog.AspNetCore.RequestLoggingMiddleware | HTTP POST /hubs/attendance/negotiate → 200 (1.6ms)
2026-04-02 16:11:10.424 [INF] Serilog.AspNetCore.RequestLoggingMiddleware | HTTP POST /hubs/empot/negotiate → 200 (1.6ms)
2026-04-02 16:11:10.424 [INF] Microsoft.AspNetCore.Hosting.Diagnostics | Request finished HTTP/1.1 POST http://localhost:5217/hubs/attendance/negotiate?negotiateVersion=1 - 200 316 application/json 5.9232ms
2026-04-02 16:11:10.424 [INF] Microsoft.AspNetCore.Hosting.Diagnostics | Request finished HTTP/1.1 POST http://localhost:5217/hubs/empot/negotiate?negotiateVersion=1 - 200 316 application/json 5.9126ms
2026-04-02 16:11:10.445 [INF] Microsoft.AspNetCore.Hosting.Diagnostics | Request starting HTTP/1.1 GET http://localhost:5217/hubs/attendance?id=J5_ycMBFnU5QIRWyW6On_A&access_token=eyJhbGciOiJIUzI1NiIsInR5cCI6IkpXVCJ9.eyJuYW1laWQiOiIxOCIsInVuaXF1ZV9uYW1lIjoidmFzYW50aGFrdW1hciIsImVtYWlsIjoidmFzYW50aDIwMDR2a0BnbWFpbC5jb20iLCJyb2xlIjoiU3VwZXJBZG1pbiIsIk9yZ2FuaXphdGlvbklkIjoiMiIsIk9yZ2FuaXphdGlvbkxvZ28iOiIvdXBsb2Fkcy9vcmctbG9nb3Mvb3JnLWxvZ28tNTg3M2M0NzVkOTFkNGJiZDkwNDZkZWVjNjY3ZDEzNmMuanBnIiwibmJmIjoxNzc1MTIzNTM1LCJleHAiOjE3NzUyMDk5MzUsImlhdCI6MTc3NTEyMzUzNSwiaXNzIjoiUHJvRGVzWC1CYWNrZW5kIiwiYXVkIjoiUHJvRGVzWC1Gcm9udGVuZCJ9.SnyONDad2SeD6DiKzJ1jn7GpLNQVcdbZ2iJxI_CkzGU - null null
2026-04-02 16:11:10.445 [INF] Microsoft.AspNetCore.Cors.Infrastructure.CorsService | CORS policy execution successful.
2026-04-02 16:11:10.446 [INF] Microsoft.AspNetCore.Routing.EndpointMiddleware | Executing endpoint '/hubs/attendance'
2026-04-02 16:11:10.466 [INF] Microsoft.AspNetCore.Hosting.Diagnostics | Request starting HTTP/1.1 GET http://localhost:5217/hubs/empot?id=lPAcaJD4NKr4ABNugNXURA&access_token=eyJhbGciOiJIUzI1NiIsInR5cCI6IkpXVCJ9.eyJuYW1laWQiOiIxOCIsInVuaXF1ZV9uYW1lIjoidmFzYW50aGFrdW1hciIsImVtYWlsIjoidmFzYW50aDIwMDR2a0BnbWFpbC5jb20iLCJyb2xlIjoiU3VwZXJBZG1pbiIsIk9yZ2FuaXphdGlvbklkIjoiMiIsIk9yZ2FuaXphdGlvbkxvZ28iOiIvdXBsb2Fkcy9vcmctbG9nb3Mvb3JnLWxvZ28tNTg3M2M0NzVkOTFkNGJiZDkwNDZkZWVjNjY3ZDEzNmMuanBnIiwibmJmIjoxNzc1MTIzNTM1LCJleHAiOjE3NzUyMDk5MzUsImlhdCI6MTc3NTEyMzUzNSwiaXNzIjoiUHJvRGVzWC1CYWNrZW5kIiwiYXVkIjoiUHJvRGVzWC1Gcm9udGVuZCJ9.SnyONDad2SeD6DiKzJ1jn7GpLNQVcdbZ2iJxI_CkzGU - null null
2026-04-02 16:11:10.466 [INF] Microsoft.AspNetCore.Cors.Infrastructure.CorsService | CORS policy execution successful.
2026-04-02 16:11:10.466 [INF] Microsoft.AspNetCore.Routing.EndpointMiddleware | Executing endpoint '/hubs/empot'
2026-04-02 16:13:16.398 [INF] Microsoft.AspNetCore.Routing.EndpointMiddleware | Executed endpoint '/hubs/empot'
2026-04-02 16:13:16.398 [INF] Serilog.AspNetCore.RequestLoggingMiddleware | HTTP GET /hubs/empot → 101 (125928.1ms)
2026-04-02 16:13:16.398 [INF] Microsoft.AspNetCore.Hosting.Diagnostics | Request finished HTTP/1.1 GET http://localhost:5217/hubs/empot?id=lPAcaJD4NKr4ABNugNXURA&access_token=eyJhbGciOiJIUzI1NiIsInR5cCI6IkpXVCJ9.eyJuYW1laWQiOiIxOCIsInVuaXF1ZV9uYW1lIjoidmFzYW50aGFrdW1hciIsImVtYWlsIjoidmFzYW50aDIwMDR2a0BnbWFpbC5jb20iLCJyb2xlIjoiU3VwZXJBZG1pbiIsIk9yZ2FuaXphdGlvbklkIjoiMiIsIk9yZ2FuaXphdGlvbkxvZ28iOiIvdXBsb2Fkcy9vcmctbG9nb3Mvb3JnLWxvZ28tNTg3M2M0NzVkOTFkNGJiZDkwNDZkZWVjNjY3ZDEzNmMuanBnIiwibmJmIjoxNzc1MTIzNTM1LCJleHAiOjE3NzUyMDk5MzUsImlhdCI6MTc3NTEyMzUzNSwiaXNzIjoiUHJvRGVzWC1CYWNrZW5kIiwiYXVkIjoiUHJvRGVzWC1Gcm9udGVuZCJ9.SnyONDad2SeD6DiKzJ1jn7GpLNQVcdbZ2iJxI_CkzGU - 101 null null 125928.5029ms
2026-04-02 16:13:16.400 [INF] Microsoft.AspNetCore.Routing.EndpointMiddleware | Executed endpoint '/hubs/attendance'
2026-04-02 16:13:16.400 [INF] Serilog.AspNetCore.RequestLoggingMiddleware | HTTP GET /hubs/attendance → 101 (125950.2ms)
2026-04-02 16:13:16.400 [INF] Microsoft.AspNetCore.Hosting.Diagnostics | Request finished HTTP/1.1 GET http://localhost:5217/hubs/attendance?id=J5_ycMBFnU5QIRWyW6On_A&access_token=eyJhbGciOiJIUzI1NiIsInR5cCI6IkpXVCJ9.eyJuYW1laWQiOiIxOCIsInVuaXF1ZV9uYW1lIjoidmFzYW50aGFrdW1hciIsImVtYWlsIjoidmFzYW50aDIwMDR2a0BnbWFpbC5jb20iLCJyb2xlIjoiU3VwZXJBZG1pbiIsIk9yZ2FuaXphdGlvbklkIjoiMiIsIk9yZ2FuaXphdGlvbkxvZ28iOiIvdXBsb2Fkcy9vcmctbG9nb3Mvb3JnLWxvZ28tNTg3M2M0NzVkOTFkNGJiZDkwNDZkZWVjNjY3ZDEzNmMuanBnIiwibmJmIjoxNzc1MTIzNTM1LCJleHAiOjE3NzUyMDk5MzUsImlhdCI6MTc3NTEyMzUzNSwiaXNzIjoiUHJvRGVzWC1CYWNrZW5kIiwiYXVkIjoiUHJvRGVzWC1Gcm9udGVuZCJ9.SnyONDad2SeD6DiKzJ1jn7GpLNQVcdbZ2iJxI_CkzGU - 101 null null 125951.075ms
2026-04-02 16:15:07.010 [INF] Microsoft.AspNetCore.Hosting.Diagnostics | Request starting HTTP/1.1 OPTIONS http://localhost:5217/hubs/attendance/negotiate?negotiateVersion=1 - null null
2026-04-02 16:15:07.010 [INF] Microsoft.AspNetCore.Cors.Infrastructure.CorsService | CORS policy execution successful.
2026-04-02 16:15:07.011 [INF] Microsoft.AspNetCore.Hosting.Diagnostics | Request finished HTTP/1.1 OPTIONS http://localhost:5217/hubs/attendance/negotiate?negotiateVersion=1 - 204 null null 0.8566ms
2026-04-02 16:15:07.016 [INF] Microsoft.AspNetCore.Hosting.Diagnostics | Request starting HTTP/1.1 POST http://localhost:5217/hubs/attendance/negotiate?negotiateVersion=1 - text/plain;charset=UTF-8 0
2026-04-02 16:15:07.016 [INF] Microsoft.AspNetCore.Cors.Infrastructure.CorsService | CORS policy execution successful.
2026-04-02 16:15:07.021 [INF] Microsoft.AspNetCore.Hosting.Diagnostics | Request starting HTTP/1.1 OPTIONS http://localhost:5217/hubs/empot/negotiate?negotiateVersion=1 - null null
2026-04-02 16:15:07.021 [INF] Microsoft.AspNetCore.Cors.Infrastructure.CorsService | CORS policy execution successful.
2026-04-02 16:15:07.021 [INF] Microsoft.AspNetCore.Hosting.Diagnostics | Request finished HTTP/1.1 OPTIONS http://localhost:5217/hubs/empot/negotiate?negotiateVersion=1 - 204 null null 0.1458ms
2026-04-02 16:15:07.022 [INF] Microsoft.AspNetCore.Routing.EndpointMiddleware | Executing endpoint '/hubs/attendance/negotiate'
2026-04-02 16:15:07.023 [INF] Microsoft.AspNetCore.Hosting.Diagnostics | Request starting HTTP/1.1 POST http://localhost:5217/hubs/empot/negotiate?negotiateVersion=1 - text/plain;charset=UTF-8 0
2026-04-02 16:15:07.023 [INF] Microsoft.AspNetCore.Cors.Infrastructure.CorsService | CORS policy execution successful.
2026-04-02 16:15:07.023 [INF] Microsoft.AspNetCore.Routing.EndpointMiddleware | Executed endpoint '/hubs/attendance/negotiate'
2026-04-02 16:15:07.023 [INF] Serilog.AspNetCore.RequestLoggingMiddleware | HTTP POST /hubs/attendance/negotiate → 200 (0.7ms)
2026-04-02 16:15:07.023 [INF] Microsoft.AspNetCore.Hosting.Diagnostics | Request finished HTTP/1.1 POST http://localhost:5217/hubs/attendance/negotiate?negotiateVersion=1 - 200 316 application/json 7.167ms
2026-04-02 16:15:07.023 [INF] Microsoft.AspNetCore.Routing.EndpointMiddleware | Executing endpoint '/hubs/empot/negotiate'
2026-04-02 16:15:07.023 [INF] Microsoft.AspNetCore.Routing.EndpointMiddleware | Executed endpoint '/hubs/empot/negotiate'
2026-04-02 16:15:07.023 [INF] Serilog.AspNetCore.RequestLoggingMiddleware | HTTP POST /hubs/empot/negotiate → 200 (0.2ms)
2026-04-02 16:15:07.023 [INF] Microsoft.AspNetCore.Hosting.Diagnostics | Request finished HTTP/1.1 POST http://localhost:5217/hubs/empot/negotiate?negotiateVersion=1 - 200 316 application/json 0.5102ms
2026-04-02 16:15:07.046 [INF] Microsoft.AspNetCore.Hosting.Diagnostics | Request starting HTTP/1.1 GET http://localhost:5217/hubs/attendance?id=Ht5GEYXgRleo9m4v4TXrHA&access_token=eyJhbGciOiJIUzI1NiIsInR5cCI6IkpXVCJ9.eyJuYW1laWQiOiIxOCIsInVuaXF1ZV9uYW1lIjoidmFzYW50aGFrdW1hciIsImVtYWlsIjoidmFzYW50aDIwMDR2a0BnbWFpbC5jb20iLCJyb2xlIjoiU3VwZXJBZG1pbiIsIk9yZ2FuaXphdGlvbklkIjoiMiIsIk9yZ2FuaXphdGlvbkxvZ28iOiIvdXBsb2Fkcy9vcmctbG9nb3Mvb3JnLWxvZ28tNTg3M2M0NzVkOTFkNGJiZDkwNDZkZWVjNjY3ZDEzNmMuanBnIiwibmJmIjoxNzc1MTIzNTM1LCJleHAiOjE3NzUyMDk5MzUsImlhdCI6MTc3NTEyMzUzNSwiaXNzIjoiUHJvRGVzWC1CYWNrZW5kIiwiYXVkIjoiUHJvRGVzWC1Gcm9udGVuZCJ9.SnyONDad2SeD6DiKzJ1jn7GpLNQVcdbZ2iJxI_CkzGU - null null
2026-04-02 16:15:07.046 [INF] Microsoft.AspNetCore.Cors.Infrastructure.CorsService | CORS policy execution successful.
2026-04-02 16:15:07.047 [INF] Microsoft.AspNetCore.Routing.EndpointMiddleware | Executing endpoint '/hubs/attendance'
2026-04-02 16:15:07.076 [INF] Microsoft.AspNetCore.Hosting.Diagnostics | Request starting HTTP/1.1 GET http://localhost:5217/hubs/empot?id=7Og5x9U8oyhhY4TAVU_Rwg&access_token=eyJhbGciOiJIUzI1NiIsInR5cCI6IkpXVCJ9.eyJuYW1laWQiOiIxOCIsInVuaXF1ZV9uYW1lIjoidmFzYW50aGFrdW1hciIsImVtYWlsIjoidmFzYW50aDIwMDR2a0BnbWFpbC5jb20iLCJyb2xlIjoiU3VwZXJBZG1pbiIsIk9yZ2FuaXphdGlvbklkIjoiMiIsIk9yZ2FuaXphdGlvbkxvZ28iOiIvdXBsb2Fkcy9vcmctbG9nb3Mvb3JnLWxvZ28tNTg3M2M0NzVkOTFkNGJiZDkwNDZkZWVjNjY3ZDEzNmMuanBnIiwibmJmIjoxNzc1MTIzNTM1LCJleHAiOjE3NzUyMDk5MzUsImlhdCI6MTc3NTEyMzUzNSwiaXNzIjoiUHJvRGVzWC1CYWNrZW5kIiwiYXVkIjoiUHJvRGVzWC1Gcm9udGVuZCJ9.SnyONDad2SeD6DiKzJ1jn7GpLNQVcdbZ2iJxI_CkzGU - null null
2026-04-02 16:15:07.076 [INF] Microsoft.AspNetCore.Cors.Infrastructure.CorsService | CORS policy execution successful.
2026-04-02 16:15:07.076 [INF] Microsoft.AspNetCore.Routing.EndpointMiddleware | Executing endpoint '/hubs/empot'
2026-04-02 16:15:09.272 [INF] Microsoft.AspNetCore.Routing.EndpointMiddleware | Executed endpoint '/hubs/attendance'
2026-04-02 16:15:09.272 [INF] Serilog.AspNetCore.RequestLoggingMiddleware | HTTP GET /hubs/attendance → 101 (2224.9ms)
2026-04-02 16:15:09.272 [INF] Microsoft.AspNetCore.Routing.EndpointMiddleware | Executed endpoint '/hubs/empot'
2026-04-02 16:15:09.272 [INF] Serilog.AspNetCore.RequestLoggingMiddleware | HTTP GET /hubs/empot → 101 (2195.8ms)
2026-04-02 16:15:09.272 [INF] Microsoft.AspNetCore.Hosting.Diagnostics | Request finished HTTP/1.1 GET http://localhost:5217/hubs/empot?id=7Og5x9U8oyhhY4TAVU_Rwg&access_token=eyJhbGciOiJIUzI1NiIsInR5cCI6IkpXVCJ9.eyJuYW1laWQiOiIxOCIsInVuaXF1ZV9uYW1lIjoidmFzYW50aGFrdW1hciIsImVtYWlsIjoidmFzYW50aDIwMDR2a0BnbWFpbC5jb20iLCJyb2xlIjoiU3VwZXJBZG1pbiIsIk9yZ2FuaXphdGlvbklkIjoiMiIsIk9yZ2FuaXphdGlvbkxvZ28iOiIvdXBsb2Fkcy9vcmctbG9nb3Mvb3JnLWxvZ28tNTg3M2M0NzVkOTFkNGJiZDkwNDZkZWVjNjY3ZDEzNmMuanBnIiwibmJmIjoxNzc1MTIzNTM1LCJleHAiOjE3NzUyMDk5MzUsImlhdCI6MTc3NTEyMzUzNSwiaXNzIjoiUHJvRGVzWC1CYWNrZW5kIiwiYXVkIjoiUHJvRGVzWC1Gcm9udGVuZCJ9.SnyONDad2SeD6DiKzJ1jn7GpLNQVcdbZ2iJxI_CkzGU - 101 null null 2196.1201ms
2026-04-02 16:15:09.273 [INF] Microsoft.AspNetCore.Hosting.Diagnostics | Request finished HTTP/1.1 GET http://localhost:5217/hubs/attendance?id=Ht5GEYXgRleo9m4v4TXrHA&access_token=eyJhbGciOiJIUzI1NiIsInR5cCI6IkpXVCJ9.eyJuYW1laWQiOiIxOCIsInVuaXF1ZV9uYW1lIjoidmFzYW50aGFrdW1hciIsImVtYWlsIjoidmFzYW50aDIwMDR2a0BnbWFpbC5jb20iLCJyb2xlIjoiU3VwZXJBZG1pbiIsIk9yZ2FuaXphdGlvbklkIjoiMiIsIk9yZ2FuaXphdGlvbkxvZ28iOiIvdXBsb2Fkcy9vcmctbG9nb3Mvb3JnLWxvZ28tNTg3M2M0NzVkOTFkNGJiZDkwNDZkZWVjNjY3ZDEzNmMuanBnIiwibmJmIjoxNzc1MTIzNTM1LCJleHAiOjE3NzUyMDk5MzUsImlhdCI6MTc3NTEyMzUzNSwiaXNzIjoiUHJvRGVzWC1CYWNrZW5kIiwiYXVkIjoiUHJvRGVzWC1Gcm9udGVuZCJ9.SnyONDad2SeD6DiKzJ1jn7GpLNQVcdbZ2iJxI_CkzGU - 101 null null 2226.7765ms
2026-04-02 16:15:36.532 [INF] Microsoft.AspNetCore.Hosting.Diagnostics | Request starting HTTP/1.1 OPTIONS http://localhost:5217/api/auth/login - null null
2026-04-02 16:15:36.534 [INF] Microsoft.AspNetCore.Cors.Infrastructure.CorsService | CORS policy execution successful.
2026-04-02 16:15:36.534 [INF] Microsoft.AspNetCore.Hosting.Diagnostics | Request finished HTTP/1.1 OPTIONS http://localhost:5217/api/auth/login - 204 null null 2.056ms
2026-04-02 16:15:36.536 [INF] Microsoft.AspNetCore.Hosting.Diagnostics | Request starting HTTP/1.1 POST http://localhost:5217/api/auth/login - application/json 62
2026-04-02 16:15:36.537 [INF] Microsoft.AspNetCore.Cors.Infrastructure.CorsService | CORS policy execution successful.
2026-04-02 16:15:36.538 [INF] Microsoft.AspNetCore.Routing.EndpointMiddleware | Executing endpoint 'backend.Controllers.AuthController.Login (backend)'
2026-04-02 16:15:36.588 [INF] Microsoft.AspNetCore.Mvc.Infrastructure.ControllerActionInvoker | Route matched with {action = "Login", controller = "Auth"}. Executing controller action with signature System.Threading.Tasks.Task`1[Microsoft.AspNetCore.Mvc.IActionResult] Login(backend.Models.LoginRequest) on controller backend.Controllers.AuthController (backend).
2026-04-02 16:15:36.622 [INF] backend.Controllers.AuthController | [Auth] Login attempt | Email=vasanth2004vk@gmail.com
2026-04-02 16:15:36.940 [INF] backend.Controllers.AuthController | [Auth] User login session recorded | UserId=18 | TokenExpiry="2026-04-03T10:45:36.9167201Z"
2026-04-02 16:15:36.941 [INF] backend.Controllers.AuthController | [Auth] Login SUCCESS | Email=vasanth2004vk@gmail.com | EffectiveRole=SuperAdmin | OrgId=2
2026-04-02 16:15:36.942 [INF] Microsoft.AspNetCore.Mvc.Infrastructure.ObjectResultExecutor | Executing OkObjectResult, writing value of type '<>f__AnonymousType16`2[[System.String, System.Private.CoreLib, Version=10.0.0.0, Culture=neutral, PublicKeyToken=7cec85d7bea7798e],[<>f__AnonymousType17`6[[System.Int32, System.Private.CoreLib, Version=10.0.0.0, Culture=neutral, PublicKeyToken=7cec85d7bea7798e],[System.String, System.Private.CoreLib, Version=10.0.0.0, Culture=neutral, PublicKeyToken=7cec85d7bea7798e],[System.String, System.Private.CoreLib, Version=10.0.0.0, Culture=neutral, PublicKeyToken=7cec85d7bea7798e],[System.String, System.Private.CoreLib, Version=10.0.0.0, Culture=neutral, PublicKeyToken=7cec85d7bea7798e],[System.Nullable`1[[System.Int32, System.Private.CoreLib, Version=10.0.0.0, Culture=neutral, PublicKeyToken=7cec85d7bea7798e]], System.Private.CoreLib, Version=10.0.0.0, Culture=neutral, PublicKeyToken=7cec85d7bea7798e],[System.String, System.Private.CoreLib, Version=10.0.0.0, Culture=neutral, PublicKeyToken=7cec85d7bea7798e]], backend, Version=1.0.0.0, Culture=neutral, PublicKeyToken=null]]'.
2026-04-02 16:15:36.953 [INF] Microsoft.AspNetCore.Mvc.Infrastructure.ControllerActionInvoker | Executed action backend.Controllers.AuthController.Login (backend) in 365.1755ms
2026-04-02 16:15:36.953 [INF] Microsoft.AspNetCore.Routing.EndpointMiddleware | Executed endpoint 'backend.Controllers.AuthController.Login (backend)'
2026-04-02 16:15:36.953 [INF] Serilog.AspNetCore.RequestLoggingMiddleware | HTTP POST /api/auth/login → 200 (415.4ms)
2026-04-02 16:15:36.953 [INF] Microsoft.AspNetCore.Hosting.Diagnostics | Request finished HTTP/1.1 POST http://localhost:5217/api/auth/login - 200 null application/json; charset=utf-8 417.4177ms
2026-04-02 16:15:36.983 [INF] Microsoft.AspNetCore.Hosting.Diagnostics | Request starting HTTP/1.1 OPTIONS http://localhost:5217/api/users/organizations - null null
2026-04-02 16:15:36.984 [INF] Microsoft.AspNetCore.Cors.Infrastructure.CorsService | CORS policy execution successful.
2026-04-02 16:15:36.984 [INF] Microsoft.AspNetCore.Hosting.Diagnostics | Request finished HTTP/1.1 OPTIONS http://localhost:5217/api/users/organizations - 204 null null 0.2922ms
2026-04-02 16:15:36.987 [INF] Microsoft.AspNetCore.Hosting.Diagnostics | Request starting HTTP/1.1 GET http://localhost:5217/api/users/organizations - null null
2026-04-02 16:15:36.987 [INF] Microsoft.AspNetCore.Cors.Infrastructure.CorsService | CORS policy execution successful.
2026-04-02 16:15:36.988 [INF] Microsoft.AspNetCore.Routing.EndpointMiddleware | Executing endpoint 'backend.Controllers.UsersController.GetOrganizations (backend)'
2026-04-02 16:15:36.988 [INF] Microsoft.AspNetCore.Mvc.Infrastructure.ControllerActionInvoker | Route matched with {action = "GetOrganizations", controller = "Users"}. Executing controller action with signature System.Threading.Tasks.Task`1[Microsoft.AspNetCore.Mvc.IActionResult] GetOrganizations() on controller backend.Controllers.UsersController (backend).
2026-04-02 16:15:36.988 [INF] backend.Controllers.UsersController | [Users] GET organizations | Role=SuperAdmin | UserId=18
2026-04-02 16:15:37.016 [INF] Microsoft.AspNetCore.Mvc.Infrastructure.ObjectResultExecutor | Executing OkObjectResult, writing value of type 'System.Collections.Generic.List`1[[backend.Models.Organization, backend, Version=1.0.0.0, Culture=neutral, PublicKeyToken=null]]'.
2026-04-02 16:15:37.017 [INF] Microsoft.AspNetCore.Mvc.Infrastructure.ControllerActionInvoker | Executed action backend.Controllers.UsersController.GetOrganizations (backend) in 28.4674ms
2026-04-02 16:15:37.017 [INF] Microsoft.AspNetCore.Routing.EndpointMiddleware | Executed endpoint 'backend.Controllers.UsersController.GetOrganizations (backend)'
2026-04-02 16:15:37.017 [INF] Serilog.AspNetCore.RequestLoggingMiddleware | HTTP GET /api/users/organizations → 200 (29.0ms)
2026-04-02 16:15:37.017 [INF] Microsoft.AspNetCore.Hosting.Diagnostics | Request finished HTTP/1.1 GET http://localhost:5217/api/users/organizations - 200 null application/json; charset=utf-8 30.0859ms
2026-04-02 16:15:37.446 [INF] Microsoft.AspNetCore.Hosting.Diagnostics | Request starting HTTP/1.1 OPTIONS http://localhost:5217/api/organizations - null null
2026-04-02 16:15:37.447 [INF] Microsoft.AspNetCore.Cors.Infrastructure.CorsService | CORS policy execution successful.
2026-04-02 16:15:37.447 [INF] Microsoft.AspNetCore.Hosting.Diagnostics | Request finished HTTP/1.1 OPTIONS http://localhost:5217/api/organizations - 204 null null 0.1664ms
2026-04-02 16:15:37.448 [INF] Microsoft.AspNetCore.Hosting.Diagnostics | Request starting HTTP/1.1 GET http://localhost:5217/api/organizations - application/json null
2026-04-02 16:15:37.448 [INF] Microsoft.AspNetCore.Cors.Infrastructure.CorsService | CORS policy execution successful.
2026-04-02 16:15:37.449 [INF] Microsoft.AspNetCore.Routing.EndpointMiddleware | Executing endpoint 'backend.Controllers.OrganizationsController.GetOrganizations (backend)'
2026-04-02 16:15:37.449 [INF] Microsoft.AspNetCore.Mvc.Infrastructure.ControllerActionInvoker | Route matched with {action = "GetOrganizations", controller = "Organizations"}. Executing controller action with signature System.Threading.Tasks.Task`1[Microsoft.AspNetCore.Mvc.IActionResult] GetOrganizations() on controller backend.Controllers.OrganizationsController (backend).
2026-04-02 16:15:37.449 [INF] backend.Controllers.OrganizationsController | [Orgs] GET all requested | Role=SuperAdmin | UserId=18
2026-04-02 16:15:37.463 [INF] Microsoft.AspNetCore.Mvc.Infrastructure.ObjectResultExecutor | Executing OkObjectResult, writing value of type 'System.Collections.Generic.List`1[[backend.Models.Organization, backend, Version=1.0.0.0, Culture=neutral, PublicKeyToken=null]]'.
2026-04-02 16:15:37.463 [INF] Microsoft.AspNetCore.Mvc.Infrastructure.ControllerActionInvoker | Executed action backend.Controllers.OrganizationsController.GetOrganizations (backend) in 14.145ms
2026-04-02 16:15:37.463 [INF] Microsoft.AspNetCore.Routing.EndpointMiddleware | Executed endpoint 'backend.Controllers.OrganizationsController.GetOrganizations (backend)'
2026-04-02 16:15:37.463 [INF] Serilog.AspNetCore.RequestLoggingMiddleware | HTTP GET /api/organizations → 200 (14.5ms)
2026-04-02 16:15:37.463 [INF] Microsoft.AspNetCore.Hosting.Diagnostics | Request finished HTTP/1.1 GET http://localhost:5217/api/organizations - 200 null application/json; charset=utf-8 15.0432ms
2026-04-02 16:15:37.503 [INF] Microsoft.AspNetCore.Hosting.Diagnostics | Request starting HTTP/1.1 OPTIONS http://localhost:5217/api/leads - null null
2026-04-02 16:15:37.503 [INF] Microsoft.AspNetCore.Cors.Infrastructure.CorsService | CORS policy execution successful.
2026-04-02 16:15:37.503 [INF] Microsoft.AspNetCore.Hosting.Diagnostics | Request finished HTTP/1.1 OPTIONS http://localhost:5217/api/leads - 204 null null 0.1865ms
2026-04-02 16:15:37.504 [INF] Microsoft.AspNetCore.Hosting.Diagnostics | Request starting HTTP/1.1 GET http://localhost:5217/api/leads - application/json null
2026-04-02 16:15:37.504 [INF] Microsoft.AspNetCore.Cors.Infrastructure.CorsService | CORS policy execution successful.
2026-04-02 16:15:37.504 [INF] Microsoft.AspNetCore.Routing.EndpointMiddleware | Executing endpoint 'backend.Controllers.LeadsController.GetLeads (backend)'
2026-04-02 16:15:37.504 [INF] Microsoft.AspNetCore.Mvc.Infrastructure.ControllerActionInvoker | Route matched with {action = "GetLeads", controller = "Leads"}. Executing controller action with signature System.Threading.Tasks.Task`1[System.Collections.Generic.IEnumerable`1[backend.Models.Lead]] GetLeads() on controller backend.Controllers.LeadsController (backend).
2026-04-02 16:15:37.520 [INF] Microsoft.AspNetCore.Mvc.Infrastructure.ObjectResultExecutor | Executing ObjectResult, writing value of type 'System.Collections.Generic.List`1[[backend.Models.Lead, backend, Version=1.0.0.0, Culture=neutral, PublicKeyToken=null]]'.
2026-04-02 16:15:37.521 [INF] Microsoft.AspNetCore.Mvc.Infrastructure.ControllerActionInvoker | Executed action backend.Controllers.LeadsController.GetLeads (backend) in 16.3083ms
2026-04-02 16:15:37.521 [INF] Microsoft.AspNetCore.Routing.EndpointMiddleware | Executed endpoint 'backend.Controllers.LeadsController.GetLeads (backend)'
2026-04-02 16:15:37.521 [INF] Serilog.AspNetCore.RequestLoggingMiddleware | HTTP GET /api/leads → 200 (16.5ms)
2026-04-02 16:15:37.521 [INF] Microsoft.AspNetCore.Hosting.Diagnostics | Request finished HTTP/1.1 GET http://localhost:5217/api/leads - 200 null application/json; charset=utf-8 16.9682ms
2026-04-02 16:15:37.565 [INF] Microsoft.AspNetCore.Hosting.Diagnostics | Request starting HTTP/1.1 GET http://localhost:5217/uploads/org-logos/org-logo-5873c475d91d4bbd9046deec667d136c.jpg - null null
2026-04-02 16:15:37.567 [INF] Microsoft.AspNetCore.Cors.Infrastructure.CorsService | CORS policy execution successful.
2026-04-02 16:15:37.572 [INF] Microsoft.AspNetCore.StaticFiles.StaticFileMiddleware | The file /uploads/org-logos/org-logo-5873c475d91d4bbd9046deec667d136c.jpg was not modified
2026-04-02 16:15:37.573 [INF] Microsoft.AspNetCore.Hosting.Diagnostics | Request finished HTTP/1.1 GET http://localhost:5217/uploads/org-logos/org-logo-5873c475d91d4bbd9046deec667d136c.jpg - 304 null image/jpeg 7.5071ms
2026-04-02 16:15:37.576 [INF] Microsoft.AspNetCore.Hosting.Diagnostics | Request starting HTTP/1.1 GET http://localhost:5217/uploads/org-logos/org-logo-f3e5c29a5727487a9d6c2a5527e8919d.png - null null
2026-04-02 16:15:37.576 [INF] Microsoft.AspNetCore.Cors.Infrastructure.CorsService | CORS policy execution successful.
2026-04-02 16:15:37.576 [INF] Microsoft.AspNetCore.StaticFiles.StaticFileMiddleware | The file /uploads/org-logos/org-logo-f3e5c29a5727487a9d6c2a5527e8919d.png was not modified
2026-04-02 16:15:37.576 [INF] Microsoft.AspNetCore.Hosting.Diagnostics | Request finished HTTP/1.1 GET http://localhost:5217/uploads/org-logos/org-logo-f3e5c29a5727487a9d6c2a5527e8919d.png - 304 null image/png 0.7034ms
2026-04-02 16:15:37.589 [INF] Microsoft.AspNetCore.Hosting.Diagnostics | Request starting HTTP/1.1 GET http://localhost:5217/uploads/org-logos/org-logo-6fcb4a5d7f2e442f800ddd9bde90c680.jpg - null null
2026-04-02 16:15:37.590 [INF] Microsoft.AspNetCore.Cors.Infrastructure.CorsService | CORS policy execution successful.
2026-04-02 16:15:37.590 [INF] Microsoft.AspNetCore.StaticFiles.StaticFileMiddleware | The file /uploads/org-logos/org-logo-6fcb4a5d7f2e442f800ddd9bde90c680.jpg was not modified
2026-04-02 16:15:37.590 [INF] Microsoft.AspNetCore.Hosting.Diagnostics | Request finished HTTP/1.1 GET http://localhost:5217/uploads/org-logos/org-logo-6fcb4a5d7f2e442f800ddd9bde90c680.jpg - 304 null image/jpeg 1.0892ms
2026-04-02 16:15:37.712 [INF] Microsoft.AspNetCore.Hosting.Diagnostics | Request starting HTTP/1.1 OPTIONS http://localhost:5217/api/employees?organizationId=2 - null null
2026-04-02 16:15:37.712 [INF] Microsoft.AspNetCore.Cors.Infrastructure.CorsService | CORS policy execution successful.
2026-04-02 16:15:37.712 [INF] Microsoft.AspNetCore.Hosting.Diagnostics | Request finished HTTP/1.1 OPTIONS http://localhost:5217/api/employees?organizationId=2 - 204 null null 0.2869ms
2026-04-02 16:15:37.715 [INF] Microsoft.AspNetCore.Hosting.Diagnostics | Request starting HTTP/1.1 GET http://localhost:5217/api/employees?organizationId=2 - application/json null
2026-04-02 16:15:37.715 [INF] Microsoft.AspNetCore.Cors.Infrastructure.CorsService | CORS policy execution successful.
2026-04-02 16:15:37.715 [INF] Microsoft.AspNetCore.Routing.EndpointMiddleware | Executing endpoint 'backend.Controllers.EmployeesController.GetEmployees (backend)'
2026-04-02 16:15:37.715 [INF] Microsoft.AspNetCore.Mvc.Infrastructure.ControllerActionInvoker | Route matched with {action = "GetEmployees", controller = "Employees"}. Executing controller action with signature System.Threading.Tasks.Task`1[Microsoft.AspNetCore.Mvc.IActionResult] GetEmployees(System.Nullable`1[System.Int32]) on controller backend.Controllers.EmployeesController (backend).
2026-04-02 16:15:37.716 [INF] backend.Controllers.EmployeesController | [Employees] GET all | TargetOrgId=2 | UserOrgId=2
2026-04-02 16:15:37.735 [INF] Microsoft.AspNetCore.Mvc.Infrastructure.ObjectResultExecutor | Executing OkObjectResult, writing value of type 'System.Collections.Generic.List`1[[backend.Models.Employee, backend, Version=1.0.0.0, Culture=neutral, PublicKeyToken=null]]'.
2026-04-02 16:15:37.736 [INF] Microsoft.AspNetCore.Mvc.Infrastructure.ControllerActionInvoker | Executed action backend.Controllers.EmployeesController.GetEmployees (backend) in 20.722ms
2026-04-02 16:15:37.736 [INF] Microsoft.AspNetCore.Routing.EndpointMiddleware | Executed endpoint 'backend.Controllers.EmployeesController.GetEmployees (backend)'
2026-04-02 16:15:37.736 [INF] Serilog.AspNetCore.RequestLoggingMiddleware | HTTP GET /api/employees → 200 (21.1ms)
2026-04-02 16:15:37.736 [INF] Microsoft.AspNetCore.Hosting.Diagnostics | Request finished HTTP/1.1 GET http://localhost:5217/api/employees?organizationId=2 - 200 null application/json; charset=utf-8 21.7388ms
2026-04-02 16:15:37.845 [INF] Microsoft.AspNetCore.Hosting.Diagnostics | Request starting HTTP/1.1 OPTIONS http://localhost:5217/api/ShiftAssignments/roster?start=2026-04-02&end=2026-04-09&orgId=2 - null null
2026-04-02 16:15:37.845 [INF] Microsoft.AspNetCore.Cors.Infrastructure.CorsService | CORS policy execution successful.
2026-04-02 16:15:37.846 [INF] Microsoft.AspNetCore.Hosting.Diagnostics | Request finished HTTP/1.1 OPTIONS http://localhost:5217/api/ShiftAssignments/roster?start=2026-04-02&end=2026-04-09&orgId=2 - 204 null null 0.717ms
2026-04-02 16:15:37.847 [INF] Microsoft.AspNetCore.Hosting.Diagnostics | Request starting HTTP/1.1 GET http://localhost:5217/api/ShiftAssignments/roster?start=2026-04-02&end=2026-04-09&orgId=2 - application/json null
2026-04-02 16:15:37.847 [INF] Microsoft.AspNetCore.Cors.Infrastructure.CorsService | CORS policy execution successful.
2026-04-02 16:15:37.847 [INF] Microsoft.AspNetCore.Routing.EndpointMiddleware | Executing endpoint 'backend.Controllers.ShiftAssignmentsController.GetMonthlyRosterFixed (backend)'
2026-04-02 16:15:37.847 [INF] Microsoft.AspNetCore.Mvc.Infrastructure.ControllerActionInvoker | Route matched with {action = "GetMonthlyRosterFixed", controller = "ShiftAssignments"}. Executing controller action with signature System.Threading.Tasks.Task`1[Microsoft.AspNetCore.Mvc.IActionResult] GetMonthlyRosterFixed(System.String, System.String, System.Nullable`1[System.Int32]) on controller backend.Controllers.ShiftAssignmentsController (backend).
2026-04-02 16:15:37.868 [INF] Microsoft.AspNetCore.Mvc.Infrastructure.ObjectResultExecutor | Executing OkObjectResult, writing value of type 'System.Collections.Generic.List`1[[backend.Models.EmployeeSchedule, backend, Version=1.0.0.0, Culture=neutral, PublicKeyToken=null]]'.
2026-04-02 16:15:37.868 [INF] Microsoft.AspNetCore.Mvc.Infrastructure.ControllerActionInvoker | Executed action backend.Controllers.ShiftAssignmentsController.GetMonthlyRosterFixed (backend) in 21.0364ms
2026-04-02 16:15:37.868 [INF] Microsoft.AspNetCore.Routing.EndpointMiddleware | Executed endpoint 'backend.Controllers.ShiftAssignmentsController.GetMonthlyRosterFixed (backend)'
2026-04-02 16:15:37.868 [INF] Serilog.AspNetCore.RequestLoggingMiddleware | HTTP GET /api/ShiftAssignments/roster → 200 (21.3ms)
2026-04-02 16:15:37.869 [INF] Microsoft.AspNetCore.Hosting.Diagnostics | Request finished HTTP/1.1 GET http://localhost:5217/api/ShiftAssignments/roster?start=2026-04-02&end=2026-04-09&orgId=2 - 200 null application/json; charset=utf-8 21.7365ms
2026-04-02 16:15:37.869 [INF] Microsoft.AspNetCore.Hosting.Diagnostics | Request starting HTTP/1.1 GET http://localhost:5217/uploads/employee-photos/emp-31.jpg - null null
2026-04-02 16:15:37.869 [INF] Microsoft.AspNetCore.Cors.Infrastructure.CorsService | CORS policy execution successful.
2026-04-02 16:15:37.869 [INF] Microsoft.AspNetCore.StaticFiles.StaticFileMiddleware | The file /uploads/employee-photos/emp-31.jpg was not modified
2026-04-02 16:15:37.869 [INF] Microsoft.AspNetCore.Hosting.Diagnostics | Request finished HTTP/1.1 GET http://localhost:5217/uploads/employee-photos/emp-31.jpg - 304 null image/jpeg 0.6853ms
2026-04-02 16:15:37.903 [INF] Microsoft.AspNetCore.Hosting.Diagnostics | Request starting HTTP/1.1 OPTIONS http://localhost:5217/api/Attendance/status?employeeId=31&orgId=2 - null null
2026-04-02 16:15:37.903 [INF] Microsoft.AspNetCore.Cors.Infrastructure.CorsService | CORS policy execution successful.
2026-04-02 16:15:37.903 [INF] Microsoft.AspNetCore.Hosting.Diagnostics | Request finished HTTP/1.1 OPTIONS http://localhost:5217/api/Attendance/status?employeeId=31&orgId=2 - 204 null null 0.1806ms
2026-04-02 16:15:37.905 [INF] Microsoft.AspNetCore.Hosting.Diagnostics | Request starting HTTP/1.1 GET http://localhost:5217/api/Attendance/status?employeeId=31&orgId=2 - application/json null
2026-04-02 16:15:37.905 [INF] Microsoft.AspNetCore.Cors.Infrastructure.CorsService | CORS policy execution successful.
2026-04-02 16:15:37.905 [INF] Microsoft.AspNetCore.Routing.EndpointMiddleware | Executing endpoint 'backend.Controllers.AttendanceController.GetStatus (backend)'
2026-04-02 16:15:37.905 [INF] Microsoft.AspNetCore.Mvc.Infrastructure.ControllerActionInvoker | Route matched with {action = "GetStatus", controller = "Attendance"}. Executing controller action with signature System.Threading.Tasks.Task`1[Microsoft.AspNetCore.Mvc.IActionResult] GetStatus(Int32, Int32) on controller backend.Controllers.AttendanceController (backend).
2026-04-02 16:15:37.936 [ERR] backend.Controllers.AttendanceController | Error getting attendance status
Microsoft.Data.SqlClient.SqlException (0x80131904): Invalid column name 'FN'.
Invalid column name 'AN'.
   at System.Threading.Tasks.ContinuationResultTaskFromResultTask`2.InnerInvoke()
   at System.Threading.ExecutionContext.RunInternal(ExecutionContext executionContext, ContextCallback callback, Object state)
--- End of stack trace from previous location ---
   at System.Threading.ExecutionContext.RunInternal(ExecutionContext executionContext, ContextCallback callback, Object state)
   at System.Threading.Tasks.Task.ExecuteWithThreadLocal(Task& currentTaskSlot, Thread threadPoolThread)
--- End of stack trace from previous location ---
   at Dapper.SqlMapper.QueryRowAsync[T](IDbConnection cnn, Row row, Type effectiveType, CommandDefinition command) in /_/Dapper/SqlMapper.Async.cs:line 489
   at backend.Controllers.AttendanceController.GetStatus(Int32 employeeId, Int32 orgId)
ClientConnectionId:5c582fa9-3864-4c86-ab3f-3e48ae815f4a
Error Number:207,State:1,Class:16
2026-04-02 16:15:37.943 [INF] Microsoft.AspNetCore.Mvc.Infrastructure.ObjectResultExecutor | Executing ObjectResult, writing value of type 'System.String'.
2026-04-02 16:15:37.945 [INF] Microsoft.AspNetCore.Mvc.Infrastructure.ControllerActionInvoker | Executed action backend.Controllers.AttendanceController.GetStatus (backend) in 39.7469ms
2026-04-02 16:15:37.945 [INF] Microsoft.AspNetCore.Routing.EndpointMiddleware | Executed endpoint 'backend.Controllers.AttendanceController.GetStatus (backend)'
2026-04-02 16:15:37.945 [ERR] Serilog.AspNetCore.RequestLoggingMiddleware | HTTP GET /api/Attendance/status → 500 (40.0ms)
2026-04-02 16:15:37.945 [INF] Microsoft.AspNetCore.Hosting.Diagnostics | Request finished HTTP/1.1 GET http://localhost:5217/api/Attendance/status?employeeId=31&orgId=2 - 500 null text/plain; charset=utf-8 40.5086ms
2026-04-02 16:15:45.546 [INF] Microsoft.AspNetCore.Hosting.Diagnostics | Request starting HTTP/1.1 OPTIONS http://localhost:5217/api/AttendanceMaster?date=2026-04-02&orgId=2 - null null
2026-04-02 16:15:45.546 [INF] Microsoft.AspNetCore.Cors.Infrastructure.CorsService | CORS policy execution successful.
2026-04-02 16:15:45.546 [INF] Microsoft.AspNetCore.Hosting.Diagnostics | Request finished HTTP/1.1 OPTIONS http://localhost:5217/api/AttendanceMaster?date=2026-04-02&orgId=2 - 204 null null 0.1774ms
2026-04-02 16:15:45.547 [INF] Microsoft.AspNetCore.Hosting.Diagnostics | Request starting HTTP/1.1 OPTIONS http://localhost:5217/api/LeaveType?orgId=2 - null null
2026-04-02 16:15:45.547 [INF] Microsoft.AspNetCore.Cors.Infrastructure.CorsService | CORS policy execution successful.
2026-04-02 16:15:45.547 [INF] Microsoft.AspNetCore.Hosting.Diagnostics | Request finished HTTP/1.1 OPTIONS http://localhost:5217/api/LeaveType?orgId=2 - 204 null null 0.0861ms
2026-04-02 16:15:45.548 [INF] Microsoft.AspNetCore.Hosting.Diagnostics | Request starting HTTP/1.1 GET http://localhost:5217/api/AttendanceMaster?date=2026-04-02&orgId=2 - application/json null
2026-04-02 16:15:45.548 [INF] Microsoft.AspNetCore.Cors.Infrastructure.CorsService | CORS policy execution successful.
2026-04-02 16:15:45.548 [INF] Microsoft.AspNetCore.Hosting.Diagnostics | Request starting HTTP/1.1 GET http://localhost:5217/api/LeaveType?orgId=2 - application/json null
2026-04-02 16:15:45.548 [INF] Microsoft.AspNetCore.Cors.Infrastructure.CorsService | CORS policy execution successful.
2026-04-02 16:15:45.548 [INF] Microsoft.AspNetCore.Routing.EndpointMiddleware | Executing endpoint 'backend.Controllers.AttendanceMasterController.GetAttendance (backend)'
2026-04-02 16:15:45.548 [INF] Microsoft.AspNetCore.Mvc.Infrastructure.ControllerActionInvoker | Route matched with {action = "GetAttendance", controller = "AttendanceMaster"}. Executing controller action with signature System.Threading.Tasks.Task`1[Microsoft.AspNetCore.Mvc.IActionResult] GetAttendance(System.String, System.Nullable`1[System.Int32]) on controller backend.Controllers.AttendanceMasterController (backend).
2026-04-02 16:15:45.548 [INF] Microsoft.AspNetCore.Routing.EndpointMiddleware | Executing endpoint 'backend.Controllers.LeaveTypeController.GetLeaveTypes (backend)'
2026-04-02 16:15:45.548 [INF] Microsoft.AspNetCore.Mvc.Infrastructure.ControllerActionInvoker | Route matched with {action = "GetLeaveTypes", controller = "LeaveType"}. Executing controller action with signature System.Threading.Tasks.Task`1[Microsoft.AspNetCore.Mvc.IActionResult] GetLeaveTypes(System.Nullable`1[System.Int32]) on controller backend.Controllers.LeaveTypeController (backend).
2026-04-02 16:15:45.572 [INF] Microsoft.AspNetCore.Mvc.Infrastructure.ObjectResultExecutor | Executing OkObjectResult, writing value of type 'System.Collections.Generic.List`1[[backend.Models.LeaveType, backend, Version=1.0.0.0, Culture=neutral, PublicKeyToken=null]]'.
2026-04-02 16:15:45.573 [INF] Microsoft.AspNetCore.Mvc.Infrastructure.ControllerActionInvoker | Executed action backend.Controllers.LeaveTypeController.GetLeaveTypes (backend) in 24.2837ms
2026-04-02 16:15:45.573 [INF] Microsoft.AspNetCore.Routing.EndpointMiddleware | Executed endpoint 'backend.Controllers.LeaveTypeController.GetLeaveTypes (backend)'
2026-04-02 16:15:45.573 [INF] Serilog.AspNetCore.RequestLoggingMiddleware | HTTP GET /api/LeaveType → 200 (24.5ms)
2026-04-02 16:15:45.573 [INF] Microsoft.AspNetCore.Hosting.Diagnostics | Request finished HTTP/1.1 GET http://localhost:5217/api/LeaveType?orgId=2 - 200 null application/json; charset=utf-8 24.869ms
2026-04-02 16:15:45.622 [INF] Microsoft.AspNetCore.Hosting.Diagnostics | Request starting HTTP/1.1 OPTIONS http://localhost:5217/hubs/attendance/negotiate?negotiateVersion=1 - null null
2026-04-02 16:15:45.622 [INF] Microsoft.AspNetCore.Cors.Infrastructure.CorsService | CORS policy execution successful.
2026-04-02 16:15:45.622 [INF] Microsoft.AspNetCore.Hosting.Diagnostics | Request finished HTTP/1.1 OPTIONS http://localhost:5217/hubs/attendance/negotiate?negotiateVersion=1 - 204 null null 0.1735ms
2026-04-02 16:15:45.623 [INF] Microsoft.AspNetCore.Hosting.Diagnostics | Request starting HTTP/1.1 POST http://localhost:5217/hubs/attendance/negotiate?negotiateVersion=1 - text/plain;charset=UTF-8 0
2026-04-02 16:15:45.624 [INF] Microsoft.AspNetCore.Cors.Infrastructure.CorsService | CORS policy execution successful.
2026-04-02 16:15:45.624 [INF] Microsoft.AspNetCore.Routing.EndpointMiddleware | Executing endpoint '/hubs/attendance/negotiate'
2026-04-02 16:15:45.624 [INF] Microsoft.AspNetCore.Routing.EndpointMiddleware | Executed endpoint '/hubs/attendance/negotiate'
2026-04-02 16:15:45.624 [INF] Serilog.AspNetCore.RequestLoggingMiddleware | HTTP POST /hubs/attendance/negotiate → 200 (0.2ms)
2026-04-02 16:15:45.624 [INF] Microsoft.AspNetCore.Hosting.Diagnostics | Request finished HTTP/1.1 POST http://localhost:5217/hubs/attendance/negotiate?negotiateVersion=1 - 200 316 application/json 0.7381ms
2026-04-02 16:15:45.639 [INF] Microsoft.AspNetCore.Mvc.Infrastructure.ObjectResultExecutor | Executing OkObjectResult, writing value of type 'System.Collections.Generic.List`1[[backend.Models.EmpAttendanceRecord, backend, Version=1.0.0.0, Culture=neutral, PublicKeyToken=null]]'.
2026-04-02 16:15:45.639 [INF] Microsoft.AspNetCore.Mvc.Infrastructure.ControllerActionInvoker | Executed action backend.Controllers.AttendanceMasterController.GetAttendance (backend) in 91.0188ms
2026-04-02 16:15:45.639 [INF] Microsoft.AspNetCore.Routing.EndpointMiddleware | Executed endpoint 'backend.Controllers.AttendanceMasterController.GetAttendance (backend)'
2026-04-02 16:15:45.639 [INF] Serilog.AspNetCore.RequestLoggingMiddleware | HTTP GET /api/AttendanceMaster → 200 (91.2ms)
2026-04-02 16:15:45.639 [INF] Microsoft.AspNetCore.Hosting.Diagnostics | Request finished HTTP/1.1 GET http://localhost:5217/api/AttendanceMaster?date=2026-04-02&orgId=2 - 200 null application/json; charset=utf-8 91.6513ms
2026-04-02 16:15:45.680 [INF] Microsoft.AspNetCore.Hosting.Diagnostics | Request starting HTTP/1.1 GET http://localhost:5217/hubs/attendance?id=WPgtqYk-InWT2bWUG8rT7A&access_token=eyJhbGciOiJIUzI1NiIsInR5cCI6IkpXVCJ9.eyJuYW1laWQiOiIxOCIsInVuaXF1ZV9uYW1lIjoidmFzYW50aGFrdW1hciIsImVtYWlsIjoidmFzYW50aDIwMDR2a0BnbWFpbC5jb20iLCJyb2xlIjoiU3VwZXJBZG1pbiIsIk9yZ2FuaXphdGlvbklkIjoiMiIsIk9yZ2FuaXphdGlvbkxvZ28iOiIvdXBsb2Fkcy9vcmctbG9nb3Mvb3JnLWxvZ28tNTg3M2M0NzVkOTFkNGJiZDkwNDZkZWVjNjY3ZDEzNmMuanBnIiwibmJmIjoxNzc1MTI2NzM2LCJleHAiOjE3NzUyMTMxMzYsImlhdCI6MTc3NTEyNjczNiwiaXNzIjoiUHJvRGVzWC1CYWNrZW5kIiwiYXVkIjoiUHJvRGVzWC1Gcm9udGVuZCJ9.5UgRqDfnYZzQCURTZd8eEqXQXFD8-s9v7QiaXkB-WRs - null null
2026-04-02 16:15:45.680 [INF] Microsoft.AspNetCore.Cors.Infrastructure.CorsService | CORS policy execution successful.
2026-04-02 16:15:45.680 [INF] Microsoft.AspNetCore.Routing.EndpointMiddleware | Executing endpoint '/hubs/attendance'
2026-04-02 16:15:45.898 [INF] Microsoft.AspNetCore.Hosting.Diagnostics | Request starting HTTP/1.1 GET http://localhost:5217/uploads/employee-photos/emp-22.png - null null
2026-04-02 16:15:45.899 [INF] Microsoft.AspNetCore.Cors.Infrastructure.CorsService | CORS policy execution successful.
2026-04-02 16:15:45.900 [INF] Microsoft.AspNetCore.StaticFiles.StaticFileMiddleware | The file /uploads/employee-photos/emp-22.png was not modified
2026-04-02 16:15:45.900 [INF] Microsoft.AspNetCore.Hosting.Diagnostics | Request finished HTTP/1.1 GET http://localhost:5217/uploads/employee-photos/emp-22.png - 304 null image/png 1.2863ms
2026-04-02 16:15:45.902 [INF] Microsoft.AspNetCore.Hosting.Diagnostics | Request starting HTTP/1.1 GET http://localhost:5217/uploads/employee-photos/emp-23.png - null null
2026-04-02 16:15:45.902 [INF] Microsoft.AspNetCore.Cors.Infrastructure.CorsService | CORS policy execution successful.
2026-04-02 16:15:45.903 [INF] Microsoft.AspNetCore.StaticFiles.StaticFileMiddleware | The file /uploads/employee-photos/emp-23.png was not modified
2026-04-02 16:15:45.903 [INF] Microsoft.AspNetCore.Hosting.Diagnostics | Request finished HTTP/1.1 GET http://localhost:5217/uploads/employee-photos/emp-23.png - 304 null image/png 0.7662ms
2026-04-02 16:15:45.906 [INF] Microsoft.AspNetCore.Hosting.Diagnostics | Request starting HTTP/1.1 GET http://localhost:5217/uploads/employee-photos/emp-28.jpg - null null
2026-04-02 16:15:45.906 [INF] Microsoft.AspNetCore.Cors.Infrastructure.CorsService | CORS policy execution successful.
2026-04-02 16:15:45.907 [INF] Serilog.AspNetCore.RequestLoggingMiddleware | HTTP GET /uploads/employee-photos/emp-28.jpg → 404 (0.0ms)
2026-04-02 16:15:45.907 [INF] Microsoft.AspNetCore.Hosting.Diagnostics | Request finished HTTP/1.1 GET http://localhost:5217/uploads/employee-photos/emp-28.jpg - 404 0 null 1.3013ms
2026-04-02 16:15:45.907 [INF] Microsoft.AspNetCore.Hosting.Diagnostics | Request reached the end of the middleware pipeline without being handled by application code. Request path: GET http://localhost:5217/uploads/employee-photos/emp-28.jpg, Response status code: 404
2026-04-02 16:15:58.739 [INF] Microsoft.AspNetCore.Hosting.Diagnostics | Request starting HTTP/1.1 OPTIONS http://localhost:5217/api/users/organizations - null null
2026-04-02 16:15:58.739 [INF] Microsoft.AspNetCore.Cors.Infrastructure.CorsService | CORS policy execution successful.
2026-04-02 16:15:58.739 [INF] Microsoft.AspNetCore.Hosting.Diagnostics | Request finished HTTP/1.1 OPTIONS http://localhost:5217/api/users/organizations - 204 null null 0.457ms
2026-04-02 16:15:58.741 [INF] Microsoft.AspNetCore.Hosting.Diagnostics | Request starting HTTP/1.1 GET http://localhost:5217/api/users/organizations - null null
2026-04-02 16:15:58.741 [INF] Microsoft.AspNetCore.Cors.Infrastructure.CorsService | CORS policy execution successful.
2026-04-02 16:15:58.742 [INF] Microsoft.AspNetCore.Routing.EndpointMiddleware | Executing endpoint 'backend.Controllers.UsersController.GetOrganizations (backend)'
2026-04-02 16:15:58.743 [INF] Microsoft.AspNetCore.Mvc.Infrastructure.ControllerActionInvoker | Route matched with {action = "GetOrganizations", controller = "Users"}. Executing controller action with signature System.Threading.Tasks.Task`1[Microsoft.AspNetCore.Mvc.IActionResult] GetOrganizations() on controller backend.Controllers.UsersController (backend).
2026-04-02 16:15:58.743 [INF] backend.Controllers.UsersController | [Users] GET organizations | Role=SuperAdmin | UserId=18
2026-04-02 16:15:58.763 [INF] Microsoft.AspNetCore.Mvc.Infrastructure.ObjectResultExecutor | Executing OkObjectResult, writing value of type 'System.Collections.Generic.List`1[[backend.Models.Organization, backend, Version=1.0.0.0, Culture=neutral, PublicKeyToken=null]]'.
2026-04-02 16:15:58.763 [INF] Microsoft.AspNetCore.Mvc.Infrastructure.ControllerActionInvoker | Executed action backend.Controllers.UsersController.GetOrganizations (backend) in 20.3846ms
2026-04-02 16:15:58.763 [INF] Microsoft.AspNetCore.Routing.EndpointMiddleware | Executed endpoint 'backend.Controllers.UsersController.GetOrganizations (backend)'
2026-04-02 16:15:58.763 [INF] Serilog.AspNetCore.RequestLoggingMiddleware | HTTP GET /api/users/organizations → 200 (20.7ms)
2026-04-02 16:15:58.763 [INF] Microsoft.AspNetCore.Hosting.Diagnostics | Request finished HTTP/1.1 GET http://localhost:5217/api/users/organizations - 200 null application/json; charset=utf-8 22.0619ms
2026-04-02 16:15:58.986 [INF] Microsoft.AspNetCore.Hosting.Diagnostics | Request starting HTTP/1.1 GET http://localhost:5217/api/FaceAttendance/logs?organizationId=2 - null null
2026-04-02 16:15:58.986 [INF] Microsoft.AspNetCore.Cors.Infrastructure.CorsService | CORS policy execution successful.
2026-04-02 16:15:58.987 [INF] Microsoft.AspNetCore.Routing.EndpointMiddleware | Executing endpoint 'backend.Controllers.FaceAttendanceController.GetAttendanceLogs (backend)'
2026-04-02 16:15:58.999 [INF] Microsoft.AspNetCore.Mvc.Infrastructure.ControllerActionInvoker | Route matched with {action = "GetAttendanceLogs", controller = "FaceAttendance"}. Executing controller action with signature System.Threading.Tasks.Task`1[Microsoft.AspNetCore.Mvc.IActionResult] GetAttendanceLogs(Int32) on controller backend.Controllers.FaceAttendanceController (backend).
2026-04-02 16:15:59.014 [INF] Microsoft.AspNetCore.Mvc.Infrastructure.ObjectResultExecutor | Executing OkObjectResult, writing value of type 'System.Collections.Generic.List`1[[System.Object, System.Private.CoreLib, Version=10.0.0.0, Culture=neutral, PublicKeyToken=7cec85d7bea7798e]]'.
2026-04-02 16:15:59.031 [INF] Microsoft.AspNetCore.Mvc.Infrastructure.ControllerActionInvoker | Executed action backend.Controllers.FaceAttendanceController.GetAttendanceLogs (backend) in 31.8454ms
2026-04-02 16:15:59.031 [INF] Microsoft.AspNetCore.Routing.EndpointMiddleware | Executed endpoint 'backend.Controllers.FaceAttendanceController.GetAttendanceLogs (backend)'
2026-04-02 16:15:59.031 [INF] Serilog.AspNetCore.RequestLoggingMiddleware | HTTP GET /api/FaceAttendance/logs → 200 (44.6ms)
2026-04-02 16:15:59.031 [INF] Microsoft.AspNetCore.Hosting.Diagnostics | Request finished HTTP/1.1 GET http://localhost:5217/api/FaceAttendance/logs?organizationId=2 - 200 null application/json; charset=utf-8 45.6443ms
2026-04-02 16:16:05.210 [INF] Microsoft.AspNetCore.Hosting.Diagnostics | Request starting HTTP/1.1 OPTIONS http://localhost:5217/api/EmpOT/GetOTByOrgId?orgId=2 - null null
2026-04-02 16:16:05.210 [INF] Microsoft.AspNetCore.Cors.Infrastructure.CorsService | CORS policy execution successful.
2026-04-02 16:16:05.210 [INF] Microsoft.AspNetCore.Hosting.Diagnostics | Request finished HTTP/1.1 OPTIONS http://localhost:5217/api/EmpOT/GetOTByOrgId?orgId=2 - 204 null null 0.2608ms
2026-04-02 16:16:05.211 [INF] Microsoft.AspNetCore.Hosting.Diagnostics | Request starting HTTP/1.1 OPTIONS http://localhost:5217/api/employees?orgId=2 - null null
2026-04-02 16:16:05.211 [INF] Microsoft.AspNetCore.Cors.Infrastructure.CorsService | CORS policy execution successful.
2026-04-02 16:16:05.211 [INF] Microsoft.AspNetCore.Hosting.Diagnostics | Request finished HTTP/1.1 OPTIONS http://localhost:5217/api/employees?orgId=2 - 204 null null 0.1101ms
2026-04-02 16:16:05.212 [INF] Microsoft.AspNetCore.Hosting.Diagnostics | Request starting HTTP/1.1 GET http://localhost:5217/api/EmpOT/GetOTByOrgId?orgId=2 - application/json null
2026-04-02 16:16:05.213 [INF] Microsoft.AspNetCore.Cors.Infrastructure.CorsService | CORS policy execution successful.
2026-04-02 16:16:05.213 [INF] Microsoft.AspNetCore.Hosting.Diagnostics | Request starting HTTP/1.1 GET http://localhost:5217/api/employees?orgId=2 - application/json null
2026-04-02 16:16:05.213 [INF] Microsoft.AspNetCore.Routing.EndpointMiddleware | Executing endpoint 'backend.Controllers.EmpOTController.GetOTByOrgId (backend)'
2026-04-02 16:16:05.213 [INF] Microsoft.AspNetCore.Cors.Infrastructure.CorsService | CORS policy execution successful.
2026-04-02 16:16:05.213 [INF] Microsoft.AspNetCore.Routing.EndpointMiddleware | Executing endpoint 'backend.Controllers.EmployeesController.GetEmployees (backend)'
2026-04-02 16:16:05.213 [INF] Microsoft.AspNetCore.Mvc.Infrastructure.ControllerActionInvoker | Route matched with {action = "GetEmployees", controller = "Employees"}. Executing controller action with signature System.Threading.Tasks.Task`1[Microsoft.AspNetCore.Mvc.IActionResult] GetEmployees(System.Nullable`1[System.Int32]) on controller backend.Controllers.EmployeesController (backend).
2026-04-02 16:16:05.213 [INF] Microsoft.AspNetCore.Mvc.Infrastructure.ControllerActionInvoker | Route matched with {action = "GetOTByOrgId", controller = "EmpOT"}. Executing controller action with signature System.Threading.Tasks.Task`1[Microsoft.AspNetCore.Mvc.IActionResult] GetOTByOrgId(Int32) on controller backend.Controllers.EmpOTController (backend).
2026-04-02 16:16:05.213 [INF] backend.Controllers.EmployeesController | [Employees] GET all | TargetOrgId=2 | UserOrgId=2
2026-04-02 16:16:05.246 [INF] Microsoft.AspNetCore.Mvc.Infrastructure.ObjectResultExecutor | Executing OkObjectResult, writing value of type 'System.Collections.Generic.List`1[[backend.Models.Employee, backend, Version=1.0.0.0, Culture=neutral, PublicKeyToken=null]]'.
2026-04-02 16:16:05.246 [INF] Microsoft.AspNetCore.Mvc.Infrastructure.ObjectResultExecutor | Executing OkObjectResult, writing value of type 'System.Collections.Generic.List`1[[backend.Models.EmpOT, backend, Version=1.0.0.0, Culture=neutral, PublicKeyToken=null]]'.
2026-04-02 16:16:05.247 [INF] Microsoft.AspNetCore.Mvc.Infrastructure.ControllerActionInvoker | Executed action backend.Controllers.EmployeesController.GetEmployees (backend) in 33.5671ms
2026-04-02 16:16:05.247 [INF] Microsoft.AspNetCore.Mvc.Infrastructure.ControllerActionInvoker | Executed action backend.Controllers.EmpOTController.GetOTByOrgId (backend) in 33.5651ms
2026-04-02 16:16:05.247 [INF] Microsoft.AspNetCore.Routing.EndpointMiddleware | Executed endpoint 'backend.Controllers.EmployeesController.GetEmployees (backend)'
2026-04-02 16:16:05.247 [INF] Microsoft.AspNetCore.Routing.EndpointMiddleware | Executed endpoint 'backend.Controllers.EmpOTController.GetOTByOrgId (backend)'
2026-04-02 16:16:05.247 [INF] Serilog.AspNetCore.RequestLoggingMiddleware | HTTP GET /api/employees → 200 (33.7ms)
2026-04-02 16:16:05.247 [INF] Serilog.AspNetCore.RequestLoggingMiddleware | HTTP GET /api/EmpOT/GetOTByOrgId → 200 (34.1ms)
2026-04-02 16:16:05.247 [INF] Microsoft.AspNetCore.Hosting.Diagnostics | Request finished HTTP/1.1 GET http://localhost:5217/api/employees?orgId=2 - 200 null application/json; charset=utf-8 34.0177ms
2026-04-02 16:16:05.247 [INF] Microsoft.AspNetCore.Hosting.Diagnostics | Request finished HTTP/1.1 GET http://localhost:5217/api/EmpOT/GetOTByOrgId?orgId=2 - 200 null application/json; charset=utf-8 34.5205ms
2026-04-02 16:16:05.405 [INF] Microsoft.AspNetCore.Hosting.Diagnostics | Request starting HTTP/1.1 OPTIONS http://localhost:5217/hubs/empot/negotiate?negotiateVersion=1 - null null
2026-04-02 16:16:05.405 [INF] Microsoft.AspNetCore.Cors.Infrastructure.CorsService | CORS policy execution successful.
2026-04-02 16:16:05.405 [INF] Microsoft.AspNetCore.Hosting.Diagnostics | Request finished HTTP/1.1 OPTIONS http://localhost:5217/hubs/empot/negotiate?negotiateVersion=1 - 204 null null 0.1507ms
2026-04-02 16:16:05.406 [INF] Microsoft.AspNetCore.Hosting.Diagnostics | Request starting HTTP/1.1 POST http://localhost:5217/hubs/empot/negotiate?negotiateVersion=1 - text/plain;charset=UTF-8 0
2026-04-02 16:16:05.406 [INF] Microsoft.AspNetCore.Cors.Infrastructure.CorsService | CORS policy execution successful.
2026-04-02 16:16:05.406 [INF] Microsoft.AspNetCore.Routing.EndpointMiddleware | Executing endpoint '/hubs/empot/negotiate'
2026-04-02 16:16:05.406 [INF] Microsoft.AspNetCore.Routing.EndpointMiddleware | Executed endpoint '/hubs/empot/negotiate'
2026-04-02 16:16:05.407 [INF] Serilog.AspNetCore.RequestLoggingMiddleware | HTTP POST /hubs/empot/negotiate → 200 (0.4ms)
2026-04-02 16:16:05.407 [INF] Microsoft.AspNetCore.Hosting.Diagnostics | Request finished HTTP/1.1 POST http://localhost:5217/hubs/empot/negotiate?negotiateVersion=1 - 200 316 application/json 0.6363ms
2026-04-02 16:16:05.414 [INF] Microsoft.AspNetCore.Hosting.Diagnostics | Request starting HTTP/1.1 GET http://localhost:5217/hubs/empot?id=jYtLrsVga6mQh8uUwXM0MQ&access_token=eyJhbGciOiJIUzI1NiIsInR5cCI6IkpXVCJ9.eyJuYW1laWQiOiIxOCIsInVuaXF1ZV9uYW1lIjoidmFzYW50aGFrdW1hciIsImVtYWlsIjoidmFzYW50aDIwMDR2a0BnbWFpbC5jb20iLCJyb2xlIjoiU3VwZXJBZG1pbiIsIk9yZ2FuaXphdGlvbklkIjoiMiIsIk9yZ2FuaXphdGlvbkxvZ28iOiIvdXBsb2Fkcy9vcmctbG9nb3Mvb3JnLWxvZ28tNTg3M2M0NzVkOTFkNGJiZDkwNDZkZWVjNjY3ZDEzNmMuanBnIiwibmJmIjoxNzc1MTI2NzM2LCJleHAiOjE3NzUyMTMxMzYsImlhdCI6MTc3NTEyNjczNiwiaXNzIjoiUHJvRGVzWC1CYWNrZW5kIiwiYXVkIjoiUHJvRGVzWC1Gcm9udGVuZCJ9.5UgRqDfnYZzQCURTZd8eEqXQXFD8-s9v7QiaXkB-WRs - null null
2026-04-02 16:16:05.414 [INF] Microsoft.AspNetCore.Cors.Infrastructure.CorsService | CORS policy execution successful.
2026-04-02 16:16:05.414 [INF] Microsoft.AspNetCore.Routing.EndpointMiddleware | Executing endpoint '/hubs/empot'
2026-04-02 16:16:22.683 [INF] Microsoft.AspNetCore.Hosting.Diagnostics | Request starting HTTP/1.1 OPTIONS http://localhost:5217/api/EmpOT/DeleteOT?otId=13&orgId=2 - null null
2026-04-02 16:16:22.683 [INF] Microsoft.AspNetCore.Cors.Infrastructure.CorsService | CORS policy execution successful.
2026-04-02 16:16:22.683 [INF] Microsoft.AspNetCore.Hosting.Diagnostics | Request finished HTTP/1.1 OPTIONS http://localhost:5217/api/EmpOT/DeleteOT?otId=13&orgId=2 - 204 null null 0.1611ms
2026-04-02 16:16:22.688 [INF] Microsoft.AspNetCore.Hosting.Diagnostics | Request starting HTTP/1.1 DELETE http://localhost:5217/api/EmpOT/DeleteOT?otId=13&orgId=2 - application/json null
2026-04-02 16:16:22.688 [INF] Microsoft.AspNetCore.Cors.Infrastructure.CorsService | CORS policy execution successful.
2026-04-02 16:16:22.690 [INF] Microsoft.AspNetCore.Routing.EndpointMiddleware | Executing endpoint 'backend.Controllers.EmpOTController.DeleteOT (backend)'
2026-04-02 16:16:22.699 [INF] Microsoft.AspNetCore.Mvc.Infrastructure.ControllerActionInvoker | Route matched with {action = "DeleteOT", controller = "EmpOT"}. Executing controller action with signature System.Threading.Tasks.Task`1[Microsoft.AspNetCore.Mvc.IActionResult] DeleteOT(Int32, Int32) on controller backend.Controllers.EmpOTController (backend).
2026-04-02 16:16:22.733 [INF] Microsoft.AspNetCore.Mvc.Infrastructure.ObjectResultExecutor | Executing OkObjectResult, writing value of type '<>f__AnonymousType3`1[[System.String, System.Private.CoreLib, Version=10.0.0.0, Culture=neutral, PublicKeyToken=7cec85d7bea7798e]]'.
2026-04-02 16:16:22.734 [INF] Microsoft.AspNetCore.Mvc.Infrastructure.ControllerActionInvoker | Executed action backend.Controllers.EmpOTController.DeleteOT (backend) in 34.7252ms
2026-04-02 16:16:22.734 [INF] Microsoft.AspNetCore.Routing.EndpointMiddleware | Executed endpoint 'backend.Controllers.EmpOTController.DeleteOT (backend)'
2026-04-02 16:16:22.734 [INF] Serilog.AspNetCore.RequestLoggingMiddleware | HTTP DELETE /api/EmpOT/DeleteOT → 200 (43.9ms)
2026-04-02 16:16:22.734 [INF] Microsoft.AspNetCore.Hosting.Diagnostics | Request finished HTTP/1.1 DELETE http://localhost:5217/api/EmpOT/DeleteOT?otId=13&orgId=2 - 200 null application/json; charset=utf-8 46.2447ms
2026-04-02 16:16:22.743 [INF] Microsoft.AspNetCore.Hosting.Diagnostics | Request starting HTTP/1.1 OPTIONS http://localhost:5217/api/EmpOT/GetOTByOrgId?orgId=2 - null null
2026-04-02 16:16:22.743 [INF] Microsoft.AspNetCore.Cors.Infrastructure.CorsService | CORS policy execution successful.
2026-04-02 16:16:22.743 [INF] Microsoft.AspNetCore.Hosting.Diagnostics | Request finished HTTP/1.1 OPTIONS http://localhost:5217/api/EmpOT/GetOTByOrgId?orgId=2 - 204 null null 0.1768ms
2026-04-02 16:16:22.743 [INF] Microsoft.AspNetCore.Hosting.Diagnostics | Request starting HTTP/1.1 OPTIONS http://localhost:5217/api/employees?orgId=2 - null null
2026-04-02 16:16:22.743 [INF] Microsoft.AspNetCore.Cors.Infrastructure.CorsService | CORS policy execution successful.
2026-04-02 16:16:22.743 [INF] Microsoft.AspNetCore.Hosting.Diagnostics | Request finished HTTP/1.1 OPTIONS http://localhost:5217/api/employees?orgId=2 - 204 null null 0.1181ms
2026-04-02 16:16:22.745 [INF] Microsoft.AspNetCore.Hosting.Diagnostics | Request starting HTTP/1.1 GET http://localhost:5217/api/EmpOT/GetOTByOrgId?orgId=2 - application/json null
2026-04-02 16:16:22.745 [INF] Microsoft.AspNetCore.Cors.Infrastructure.CorsService | CORS policy execution successful.
2026-04-02 16:16:22.745 [INF] Microsoft.AspNetCore.Hosting.Diagnostics | Request starting HTTP/1.1 GET http://localhost:5217/api/employees?orgId=2 - application/json null
2026-04-02 16:16:22.745 [INF] Microsoft.AspNetCore.Cors.Infrastructure.CorsService | CORS policy execution successful.
2026-04-02 16:16:22.745 [INF] Microsoft.AspNetCore.Routing.EndpointMiddleware | Executing endpoint 'backend.Controllers.EmpOTController.GetOTByOrgId (backend)'
2026-04-02 16:16:22.745 [INF] Microsoft.AspNetCore.Routing.EndpointMiddleware | Executing endpoint 'backend.Controllers.EmployeesController.GetEmployees (backend)'
2026-04-02 16:16:22.745 [INF] Microsoft.AspNetCore.Mvc.Infrastructure.ControllerActionInvoker | Route matched with {action = "GetEmployees", controller = "Employees"}. Executing controller action with signature System.Threading.Tasks.Task`1[Microsoft.AspNetCore.Mvc.IActionResult] GetEmployees(System.Nullable`1[System.Int32]) on controller backend.Controllers.EmployeesController (backend).
2026-04-02 16:16:22.745 [INF] Microsoft.AspNetCore.Mvc.Infrastructure.ControllerActionInvoker | Route matched with {action = "GetOTByOrgId", controller = "EmpOT"}. Executing controller action with signature System.Threading.Tasks.Task`1[Microsoft.AspNetCore.Mvc.IActionResult] GetOTByOrgId(Int32) on controller backend.Controllers.EmpOTController (backend).
2026-04-02 16:16:22.745 [INF] backend.Controllers.EmployeesController | [Employees] GET all | TargetOrgId=2 | UserOrgId=2
2026-04-02 16:16:22.756 [INF] Microsoft.AspNetCore.Mvc.Infrastructure.ObjectResultExecutor | Executing OkObjectResult, writing value of type 'System.Collections.Generic.List`1[[backend.Models.EmpOT, backend, Version=1.0.0.0, Culture=neutral, PublicKeyToken=null]]'.
2026-04-02 16:16:22.757 [INF] Microsoft.AspNetCore.Mvc.Infrastructure.ControllerActionInvoker | Executed action backend.Controllers.EmpOTController.GetOTByOrgId (backend) in 11.5089ms
2026-04-02 16:16:22.757 [INF] Microsoft.AspNetCore.Routing.EndpointMiddleware | Executed endpoint 'backend.Controllers.EmpOTController.GetOTByOrgId (backend)'
2026-04-02 16:16:22.757 [INF] Serilog.AspNetCore.RequestLoggingMiddleware | HTTP GET /api/EmpOT/GetOTByOrgId → 200 (11.7ms)
2026-04-02 16:16:22.757 [INF] Microsoft.AspNetCore.Hosting.Diagnostics | Request finished HTTP/1.1 GET http://localhost:5217/api/EmpOT/GetOTByOrgId?orgId=2 - 200 null application/json; charset=utf-8 12.03ms
2026-04-02 16:16:22.759 [INF] Microsoft.AspNetCore.Mvc.Infrastructure.ObjectResultExecutor | Executing OkObjectResult, writing value of type 'System.Collections.Generic.List`1[[backend.Models.Employee, backend, Version=1.0.0.0, Culture=neutral, PublicKeyToken=null]]'.
2026-04-02 16:16:22.759 [INF] Microsoft.AspNetCore.Mvc.Infrastructure.ControllerActionInvoker | Executed action backend.Controllers.EmployeesController.GetEmployees (backend) in 13.7601ms
2026-04-02 16:16:22.759 [INF] Microsoft.AspNetCore.Routing.EndpointMiddleware | Executed endpoint 'backend.Controllers.EmployeesController.GetEmployees (backend)'
2026-04-02 16:16:22.759 [INF] Serilog.AspNetCore.RequestLoggingMiddleware | HTTP GET /api/employees → 200 (13.9ms)
2026-04-02 16:16:22.759 [INF] Microsoft.AspNetCore.Hosting.Diagnostics | Request finished HTTP/1.1 GET http://localhost:5217/api/employees?orgId=2 - 200 null application/json; charset=utf-8 14.0827ms
2026-04-02 16:16:22.789 [INF] Microsoft.AspNetCore.Hosting.Diagnostics | Request starting HTTP/1.1 GET http://localhost:5217/api/EmpOT/GetOTByOrgId?orgId=2 - application/json null
2026-04-02 16:16:22.789 [INF] Microsoft.AspNetCore.Cors.Infrastructure.CorsService | CORS policy execution successful.
2026-04-02 16:16:22.789 [INF] Microsoft.AspNetCore.Hosting.Diagnostics | Request starting HTTP/1.1 GET http://localhost:5217/api/employees?orgId=2 - application/json null
2026-04-02 16:16:22.789 [INF] Microsoft.AspNetCore.Cors.Infrastructure.CorsService | CORS policy execution successful.
2026-04-02 16:16:22.789 [INF] Microsoft.AspNetCore.Routing.EndpointMiddleware | Executing endpoint 'backend.Controllers.EmployeesController.GetEmployees (backend)'
2026-04-02 16:16:22.789 [INF] Microsoft.AspNetCore.Routing.EndpointMiddleware | Executing endpoint 'backend.Controllers.EmpOTController.GetOTByOrgId (backend)'
2026-04-02 16:16:22.789 [INF] Microsoft.AspNetCore.Mvc.Infrastructure.ControllerActionInvoker | Route matched with {action = "GetEmployees", controller = "Employees"}. Executing controller action with signature System.Threading.Tasks.Task`1[Microsoft.AspNetCore.Mvc.IActionResult] GetEmployees(System.Nullable`1[System.Int32]) on controller backend.Controllers.EmployeesController (backend).
2026-04-02 16:16:22.789 [INF] Microsoft.AspNetCore.Mvc.Infrastructure.ControllerActionInvoker | Route matched with {action = "GetOTByOrgId", controller = "EmpOT"}. Executing controller action with signature System.Threading.Tasks.Task`1[Microsoft.AspNetCore.Mvc.IActionResult] GetOTByOrgId(Int32) on controller backend.Controllers.EmpOTController (backend).
2026-04-02 16:16:22.789 [INF] backend.Controllers.EmployeesController | [Employees] GET all | TargetOrgId=2 | UserOrgId=2
2026-04-02 16:16:22.808 [INF] Microsoft.AspNetCore.Mvc.Infrastructure.ObjectResultExecutor | Executing OkObjectResult, writing value of type 'System.Collections.Generic.List`1[[backend.Models.EmpOT, backend, Version=1.0.0.0, Culture=neutral, PublicKeyToken=null]]'.
2026-04-02 16:16:22.808 [INF] Microsoft.AspNetCore.Mvc.Infrastructure.ObjectResultExecutor | Executing OkObjectResult, writing value of type 'System.Collections.Generic.List`1[[backend.Models.Employee, backend, Version=1.0.0.0, Culture=neutral, PublicKeyToken=null]]'.
2026-04-02 16:16:22.808 [INF] Microsoft.AspNetCore.Mvc.Infrastructure.ControllerActionInvoker | Executed action backend.Controllers.EmpOTController.GetOTByOrgId (backend) in 19.4522ms
2026-04-02 16:16:22.808 [INF] Microsoft.AspNetCore.Routing.EndpointMiddleware | Executed endpoint 'backend.Controllers.EmpOTController.GetOTByOrgId (backend)'
2026-04-02 16:16:22.808 [INF] Serilog.AspNetCore.RequestLoggingMiddleware | HTTP GET /api/EmpOT/GetOTByOrgId → 200 (19.6ms)
2026-04-02 16:16:22.809 [INF] Microsoft.AspNetCore.Mvc.Infrastructure.ControllerActionInvoker | Executed action backend.Controllers.EmployeesController.GetEmployees (backend) in 19.5605ms
2026-04-02 16:16:22.809 [INF] Microsoft.AspNetCore.Hosting.Diagnostics | Request finished HTTP/1.1 GET http://localhost:5217/api/EmpOT/GetOTByOrgId?orgId=2 - 200 null application/json; charset=utf-8 19.9339ms
2026-04-02 16:16:22.809 [INF] Microsoft.AspNetCore.Routing.EndpointMiddleware | Executed endpoint 'backend.Controllers.EmployeesController.GetEmployees (backend)'
2026-04-02 16:16:22.809 [INF] Serilog.AspNetCore.RequestLoggingMiddleware | HTTP GET /api/employees → 200 (19.7ms)
2026-04-02 16:16:22.809 [INF] Microsoft.AspNetCore.Hosting.Diagnostics | Request finished HTTP/1.1 GET http://localhost:5217/api/employees?orgId=2 - 200 null application/json; charset=utf-8 19.8864ms
2026-04-02 16:18:07.962 [INF] Microsoft.AspNetCore.Hosting.Diagnostics | Request starting HTTP/1.1 OPTIONS http://localhost:5217/api/users/organizations - null null
2026-04-02 16:18:07.962 [INF] Microsoft.AspNetCore.Cors.Infrastructure.CorsService | CORS policy execution successful.
2026-04-02 16:18:07.962 [INF] Microsoft.AspNetCore.Hosting.Diagnostics | Request finished HTTP/1.1 OPTIONS http://localhost:5217/api/users/organizations - 204 null null 0.1528ms
2026-04-02 16:18:07.964 [INF] Microsoft.AspNetCore.Hosting.Diagnostics | Request starting HTTP/1.1 GET http://localhost:5217/api/users/organizations - null null
2026-04-02 16:18:07.964 [INF] Microsoft.AspNetCore.Cors.Infrastructure.CorsService | CORS policy execution successful.
2026-04-02 16:18:07.964 [INF] Microsoft.AspNetCore.Routing.EndpointMiddleware | Executing endpoint 'backend.Controllers.UsersController.GetOrganizations (backend)'
2026-04-02 16:18:07.964 [INF] Microsoft.AspNetCore.Mvc.Infrastructure.ControllerActionInvoker | Route matched with {action = "GetOrganizations", controller = "Users"}. Executing controller action with signature System.Threading.Tasks.Task`1[Microsoft.AspNetCore.Mvc.IActionResult] GetOrganizations() on controller backend.Controllers.UsersController (backend).
2026-04-02 16:18:07.964 [INF] backend.Controllers.UsersController | [Users] GET organizations | Role=SuperAdmin | UserId=18
2026-04-02 16:18:07.980 [INF] Microsoft.AspNetCore.Mvc.Infrastructure.ObjectResultExecutor | Executing OkObjectResult, writing value of type 'System.Collections.Generic.List`1[[backend.Models.Organization, backend, Version=1.0.0.0, Culture=neutral, PublicKeyToken=null]]'.
2026-04-02 16:18:07.980 [INF] Microsoft.AspNetCore.Mvc.Infrastructure.ControllerActionInvoker | Executed action backend.Controllers.UsersController.GetOrganizations (backend) in 16.2932ms
2026-04-02 16:18:07.980 [INF] Microsoft.AspNetCore.Routing.EndpointMiddleware | Executed endpoint 'backend.Controllers.UsersController.GetOrganizations (backend)'
2026-04-02 16:18:07.980 [INF] Serilog.AspNetCore.RequestLoggingMiddleware | HTTP GET /api/users/organizations → 200 (16.5ms)
2026-04-02 16:18:07.980 [INF] Microsoft.AspNetCore.Hosting.Diagnostics | Request finished HTTP/1.1 GET http://localhost:5217/api/users/organizations - 200 null application/json; charset=utf-8 16.761ms
2026-04-02 16:18:08.001 [INF] Microsoft.AspNetCore.Hosting.Diagnostics | Request starting HTTP/1.1 OPTIONS http://localhost:5217/api/designations?organizationId=2 - null null
2026-04-02 16:18:08.001 [INF] Microsoft.AspNetCore.Cors.Infrastructure.CorsService | CORS policy execution successful.
2026-04-02 16:18:08.001 [INF] Microsoft.AspNetCore.Hosting.Diagnostics | Request finished HTTP/1.1 OPTIONS http://localhost:5217/api/designations?organizationId=2 - 204 null null 0.2209ms
2026-04-02 16:18:08.003 [INF] Microsoft.AspNetCore.Hosting.Diagnostics | Request starting HTTP/1.1 GET http://localhost:5217/api/designations?organizationId=2 - application/json null
2026-04-02 16:18:08.003 [INF] Microsoft.AspNetCore.Cors.Infrastructure.CorsService | CORS policy execution successful.
2026-04-02 16:18:08.004 [INF] Microsoft.AspNetCore.Routing.EndpointMiddleware | Executing endpoint 'backend.Controllers.DesignationController.GetDesignations (backend)'
2026-04-02 16:18:08.013 [INF] Microsoft.AspNetCore.Mvc.Infrastructure.ControllerActionInvoker | Route matched with {action = "GetDesignations", controller = "Designation"}. Executing controller action with signature System.Threading.Tasks.Task`1[Microsoft.AspNetCore.Mvc.IActionResult] GetDesignations(System.Nullable`1[System.Int32]) on controller backend.Controllers.DesignationController (backend).
2026-04-02 16:18:08.059 [INF] backend.Controllers.DesignationController | Fetched 8 designations for OrgId 2
2026-04-02 16:18:08.059 [INF] Microsoft.AspNetCore.Mvc.Infrastructure.ObjectResultExecutor | Executing OkObjectResult, writing value of type 'System.Collections.Generic.List`1[[backend.Models.Designation, backend, Version=1.0.0.0, Culture=neutral, PublicKeyToken=null]]'.
2026-04-02 16:18:08.066 [INF] Microsoft.AspNetCore.Mvc.Infrastructure.ControllerActionInvoker | Executed action backend.Controllers.DesignationController.GetDesignations (backend) in 53.0525ms
2026-04-02 16:18:08.066 [INF] Microsoft.AspNetCore.Routing.EndpointMiddleware | Executed endpoint 'backend.Controllers.DesignationController.GetDesignations (backend)'
2026-04-02 16:18:08.066 [INF] Serilog.AspNetCore.RequestLoggingMiddleware | HTTP GET /api/designations → 200 (62.7ms)
2026-04-02 16:18:08.066 [INF] Microsoft.AspNetCore.Hosting.Diagnostics | Request finished HTTP/1.1 GET http://localhost:5217/api/designations?organizationId=2 - 200 null application/json; charset=utf-8 63.1305ms
2026-04-02 16:24:38.039 [INF] Microsoft.AspNetCore.Hosting.Diagnostics | Request starting HTTP/1.1 OPTIONS http://localhost:5217/api/users/organizations - null null
2026-04-02 16:24:38.041 [INF] Microsoft.AspNetCore.Cors.Infrastructure.CorsService | CORS policy execution successful.
2026-04-02 16:24:38.041 [INF] Microsoft.AspNetCore.Hosting.Diagnostics | Request finished HTTP/1.1 OPTIONS http://localhost:5217/api/users/organizations - 204 null null 2.4696ms
2026-04-02 16:24:38.043 [INF] Microsoft.AspNetCore.Hosting.Diagnostics | Request starting HTTP/1.1 OPTIONS http://localhost:5217/api/users/organizations - null null
2026-04-02 16:24:38.045 [INF] Microsoft.AspNetCore.Cors.Infrastructure.CorsService | CORS policy execution successful.
2026-04-02 16:24:38.046 [INF] Microsoft.AspNetCore.Hosting.Diagnostics | Request finished HTTP/1.1 OPTIONS http://localhost:5217/api/users/organizations - 204 null null 2.9602ms
2026-04-02 16:24:38.048 [INF] Microsoft.AspNetCore.Hosting.Diagnostics | Request starting HTTP/1.1 GET http://localhost:5217/api/users/organizations - null null
2026-04-02 16:24:38.049 [INF] Microsoft.AspNetCore.Cors.Infrastructure.CorsService | CORS policy execution successful.
2026-04-02 16:24:38.054 [INF] Microsoft.AspNetCore.Routing.EndpointMiddleware | Executing endpoint 'backend.Controllers.UsersController.GetOrganizations (backend)'
2026-04-02 16:24:38.056 [INF] Microsoft.AspNetCore.Mvc.Infrastructure.ControllerActionInvoker | Route matched with {action = "GetOrganizations", controller = "Users"}. Executing controller action with signature System.Threading.Tasks.Task`1[Microsoft.AspNetCore.Mvc.IActionResult] GetOrganizations() on controller backend.Controllers.UsersController (backend).
2026-04-02 16:24:38.057 [INF] backend.Controllers.UsersController | [Users] GET organizations | Role=SuperAdmin | UserId=18
2026-04-02 16:24:39.528 [INF] Microsoft.AspNetCore.Mvc.Infrastructure.ObjectResultExecutor | Executing OkObjectResult, writing value of type 'System.Collections.Generic.List`1[[backend.Models.Organization, backend, Version=1.0.0.0, Culture=neutral, PublicKeyToken=null]]'.
2026-04-02 16:24:39.528 [INF] Microsoft.AspNetCore.Mvc.Infrastructure.ControllerActionInvoker | Executed action backend.Controllers.UsersController.GetOrganizations (backend) in 1471.9707ms
2026-04-02 16:24:39.528 [INF] Microsoft.AspNetCore.Routing.EndpointMiddleware | Executed endpoint 'backend.Controllers.UsersController.GetOrganizations (backend)'
2026-04-02 16:24:39.529 [INF] Serilog.AspNetCore.RequestLoggingMiddleware | HTTP GET /api/users/organizations → 200 (1474.2ms)
2026-04-02 16:24:39.529 [INF] Microsoft.AspNetCore.Hosting.Diagnostics | Request finished HTTP/1.1 GET http://localhost:5217/api/users/organizations - 200 null application/json; charset=utf-8 1480.3643ms
2026-04-02 16:24:39.531 [INF] Microsoft.AspNetCore.Hosting.Diagnostics | Request starting HTTP/1.1 GET http://localhost:5217/api/users/organizations - null null
2026-04-02 16:24:39.531 [INF] Microsoft.AspNetCore.Cors.Infrastructure.CorsService | CORS policy execution successful.
2026-04-02 16:24:39.531 [INF] Microsoft.AspNetCore.Routing.EndpointMiddleware | Executing endpoint 'backend.Controllers.UsersController.GetOrganizations (backend)'
2026-04-02 16:24:39.531 [INF] Microsoft.AspNetCore.Mvc.Infrastructure.ControllerActionInvoker | Route matched with {action = "GetOrganizations", controller = "Users"}. Executing controller action with signature System.Threading.Tasks.Task`1[Microsoft.AspNetCore.Mvc.IActionResult] GetOrganizations() on controller backend.Controllers.UsersController (backend).
2026-04-02 16:24:39.531 [INF] backend.Controllers.UsersController | [Users] GET organizations | Role=SuperAdmin | UserId=18
2026-04-02 16:24:39.542 [INF] Microsoft.AspNetCore.Mvc.Infrastructure.ObjectResultExecutor | Executing OkObjectResult, writing value of type 'System.Collections.Generic.List`1[[backend.Models.Organization, backend, Version=1.0.0.0, Culture=neutral, PublicKeyToken=null]]'.
2026-04-02 16:24:39.542 [INF] Microsoft.AspNetCore.Mvc.Infrastructure.ControllerActionInvoker | Executed action backend.Controllers.UsersController.GetOrganizations (backend) in 10.7438ms
2026-04-02 16:24:39.542 [INF] Microsoft.AspNetCore.Routing.EndpointMiddleware | Executed endpoint 'backend.Controllers.UsersController.GetOrganizations (backend)'
2026-04-02 16:24:39.542 [INF] Serilog.AspNetCore.RequestLoggingMiddleware | HTTP GET /api/users/organizations → 200 (10.9ms)
2026-04-02 16:24:39.542 [INF] Microsoft.AspNetCore.Hosting.Diagnostics | Request finished HTTP/1.1 GET http://localhost:5217/api/users/organizations - 200 null application/json; charset=utf-8 11.1349ms
2026-04-02 16:24:39.623 [INF] Microsoft.AspNetCore.Hosting.Diagnostics | Request starting HTTP/1.1 OPTIONS http://localhost:5217/api/designations?organizationId=2 - null null
2026-04-02 16:24:39.623 [INF] Microsoft.AspNetCore.Cors.Infrastructure.CorsService | CORS policy execution successful.
2026-04-02 16:24:39.623 [INF] Microsoft.AspNetCore.Hosting.Diagnostics | Request finished HTTP/1.1 OPTIONS http://localhost:5217/api/designations?organizationId=2 - 204 null null 0.1136ms
2026-04-02 16:24:39.625 [INF] Microsoft.AspNetCore.Hosting.Diagnostics | Request starting HTTP/1.1 GET http://localhost:5217/api/designations?organizationId=2 - application/json null
2026-04-02 16:24:39.625 [INF] Microsoft.AspNetCore.Cors.Infrastructure.CorsService | CORS policy execution successful.
2026-04-02 16:24:39.625 [INF] Microsoft.AspNetCore.Routing.EndpointMiddleware | Executing endpoint 'backend.Controllers.DesignationController.GetDesignations (backend)'
2026-04-02 16:24:39.625 [INF] Microsoft.AspNetCore.Mvc.Infrastructure.ControllerActionInvoker | Route matched with {action = "GetDesignations", controller = "Designation"}. Executing controller action with signature System.Threading.Tasks.Task`1[Microsoft.AspNetCore.Mvc.IActionResult] GetDesignations(System.Nullable`1[System.Int32]) on controller backend.Controllers.DesignationController (backend).
2026-04-02 16:24:39.646 [INF] backend.Controllers.DesignationController | Fetched 8 designations for OrgId 2
2026-04-02 16:24:39.646 [INF] Microsoft.AspNetCore.Mvc.Infrastructure.ObjectResultExecutor | Executing OkObjectResult, writing value of type 'System.Collections.Generic.List`1[[backend.Models.Designation, backend, Version=1.0.0.0, Culture=neutral, PublicKeyToken=null]]'.
2026-04-02 16:24:39.646 [INF] Microsoft.AspNetCore.Mvc.Infrastructure.ControllerActionInvoker | Executed action backend.Controllers.DesignationController.GetDesignations (backend) in 21.3407ms
2026-04-02 16:24:39.646 [INF] Microsoft.AspNetCore.Routing.EndpointMiddleware | Executed endpoint 'backend.Controllers.DesignationController.GetDesignations (backend)'
2026-04-02 16:24:39.646 [INF] Serilog.AspNetCore.RequestLoggingMiddleware | HTTP GET /api/designations → 200 (21.5ms)
2026-04-02 16:24:39.646 [INF] Microsoft.AspNetCore.Hosting.Diagnostics | Request finished HTTP/1.1 GET http://localhost:5217/api/designations?organizationId=2 - 200 null application/json; charset=utf-8 21.8454ms
2026-04-02 16:24:39.711 [INF] Microsoft.AspNetCore.Hosting.Diagnostics | Request starting HTTP/1.1 GET http://localhost:5217/api/FaceAttendance/logs?organizationId=2 - null null
2026-04-02 16:24:39.713 [INF] Microsoft.AspNetCore.Cors.Infrastructure.CorsService | CORS policy execution successful.
2026-04-02 16:24:39.714 [INF] Microsoft.AspNetCore.Routing.EndpointMiddleware | Executing endpoint 'backend.Controllers.FaceAttendanceController.GetAttendanceLogs (backend)'
2026-04-02 16:24:39.714 [INF] Microsoft.AspNetCore.Mvc.Infrastructure.ControllerActionInvoker | Route matched with {action = "GetAttendanceLogs", controller = "FaceAttendance"}. Executing controller action with signature System.Threading.Tasks.Task`1[Microsoft.AspNetCore.Mvc.IActionResult] GetAttendanceLogs(Int32) on controller backend.Controllers.FaceAttendanceController (backend).
2026-04-02 16:24:39.754 [INF] Microsoft.AspNetCore.Mvc.Infrastructure.ObjectResultExecutor | Executing OkObjectResult, writing value of type 'System.Collections.Generic.List`1[[System.Object, System.Private.CoreLib, Version=10.0.0.0, Culture=neutral, PublicKeyToken=7cec85d7bea7798e]]'.
2026-04-02 16:24:39.756 [INF] Microsoft.AspNetCore.Mvc.Infrastructure.ControllerActionInvoker | Executed action backend.Controllers.FaceAttendanceController.GetAttendanceLogs (backend) in 41.4584ms
2026-04-02 16:24:39.756 [INF] Microsoft.AspNetCore.Routing.EndpointMiddleware | Executed endpoint 'backend.Controllers.FaceAttendanceController.GetAttendanceLogs (backend)'
2026-04-02 16:24:39.756 [INF] Serilog.AspNetCore.RequestLoggingMiddleware | HTTP GET /api/FaceAttendance/logs → 200 (41.7ms)
2026-04-02 16:24:39.756 [INF] Microsoft.AspNetCore.Hosting.Diagnostics | Request finished HTTP/1.1 GET http://localhost:5217/api/FaceAttendance/logs?organizationId=2 - 200 null application/json; charset=utf-8 45.0719ms
2026-04-02 16:27:35.423 [INF] Microsoft.AspNetCore.Routing.EndpointMiddleware | Executed endpoint '/hubs/empot'
2026-04-02 16:27:35.423 [INF] Microsoft.AspNetCore.Routing.EndpointMiddleware | Executed endpoint '/hubs/attendance'
2026-04-02 16:27:35.424 [INF] Serilog.AspNetCore.RequestLoggingMiddleware | HTTP GET /hubs/attendance → 101 (709722.7ms)
2026-04-02 16:27:35.424 [INF] Serilog.AspNetCore.RequestLoggingMiddleware | HTTP GET /hubs/empot → 101 (689989.4ms)
2026-04-02 16:27:35.424 [INF] Microsoft.AspNetCore.Hosting.Diagnostics | Request finished HTTP/1.1 GET http://localhost:5217/hubs/attendance?id=WPgtqYk-InWT2bWUG8rT7A&access_token=eyJhbGciOiJIUzI1NiIsInR5cCI6IkpXVCJ9.eyJuYW1laWQiOiIxOCIsInVuaXF1ZV9uYW1lIjoidmFzYW50aGFrdW1hciIsImVtYWlsIjoidmFzYW50aDIwMDR2a0BnbWFpbC5jb20iLCJyb2xlIjoiU3VwZXJBZG1pbiIsIk9yZ2FuaXphdGlvbklkIjoiMiIsIk9yZ2FuaXphdGlvbkxvZ28iOiIvdXBsb2Fkcy9vcmctbG9nb3Mvb3JnLWxvZ28tNTg3M2M0NzVkOTFkNGJiZDkwNDZkZWVjNjY3ZDEzNmMuanBnIiwibmJmIjoxNzc1MTI2NzM2LCJleHAiOjE3NzUyMTMxMzYsImlhdCI6MTc3NTEyNjczNiwiaXNzIjoiUHJvRGVzWC1CYWNrZW5kIiwiYXVkIjoiUHJvRGVzWC1Gcm9udGVuZCJ9.5UgRqDfnYZzQCURTZd8eEqXQXFD8-s9v7QiaXkB-WRs - 101 null null 709723.1207ms
2026-04-02 16:27:35.424 [INF] Microsoft.AspNetCore.Hosting.Diagnostics | Request finished HTTP/1.1 GET http://localhost:5217/hubs/empot?id=jYtLrsVga6mQh8uUwXM0MQ&access_token=eyJhbGciOiJIUzI1NiIsInR5cCI6IkpXVCJ9.eyJuYW1laWQiOiIxOCIsInVuaXF1ZV9uYW1lIjoidmFzYW50aGFrdW1hciIsImVtYWlsIjoidmFzYW50aDIwMDR2a0BnbWFpbC5jb20iLCJyb2xlIjoiU3VwZXJBZG1pbiIsIk9yZ2FuaXphdGlvbklkIjoiMiIsIk9yZ2FuaXphdGlvbkxvZ28iOiIvdXBsb2Fkcy9vcmctbG9nb3Mvb3JnLWxvZ28tNTg3M2M0NzVkOTFkNGJiZDkwNDZkZWVjNjY3ZDEzNmMuanBnIiwibmJmIjoxNzc1MTI2NzM2LCJleHAiOjE3NzUyMTMxMzYsImlhdCI6MTc3NTEyNjczNiwiaXNzIjoiUHJvRGVzWC1CYWNrZW5kIiwiYXVkIjoiUHJvRGVzWC1Gcm9udGVuZCJ9.5UgRqDfnYZzQCURTZd8eEqXQXFD8-s9v7QiaXkB-WRs - 101 null null 689989.7612ms
2026-04-02 16:27:35.547 [INF] Microsoft.AspNetCore.Hosting.Diagnostics | Request starting HTTP/1.1 OPTIONS http://localhost:5217/hubs/empot/negotiate?negotiateVersion=1 - null null
2026-04-02 16:27:35.547 [INF] Microsoft.AspNetCore.Cors.Infrastructure.CorsService | CORS policy execution successful.
2026-04-02 16:27:35.547 [INF] Microsoft.AspNetCore.Hosting.Diagnostics | Request finished HTTP/1.1 OPTIONS http://localhost:5217/hubs/empot/negotiate?negotiateVersion=1 - 204 null null 0.1914ms
2026-04-02 16:27:35.549 [INF] Microsoft.AspNetCore.Hosting.Diagnostics | Request starting HTTP/1.1 POST http://localhost:5217/hubs/empot/negotiate?negotiateVersion=1 - text/plain;charset=UTF-8 0
2026-04-02 16:27:35.549 [INF] Microsoft.AspNetCore.Cors.Infrastructure.CorsService | CORS policy execution successful.
2026-04-02 16:27:35.549 [INF] Microsoft.AspNetCore.Routing.EndpointMiddleware | Executing endpoint '/hubs/empot/negotiate'
2026-04-02 16:27:35.550 [INF] Microsoft.AspNetCore.Hosting.Diagnostics | Request starting HTTP/1.1 OPTIONS http://localhost:5217/hubs/attendance/negotiate?negotiateVersion=1 - null null
2026-04-02 16:27:35.550 [INF] Microsoft.AspNetCore.Cors.Infrastructure.CorsService | CORS policy execution successful.
2026-04-02 16:27:35.550 [INF] Microsoft.AspNetCore.Hosting.Diagnostics | Request finished HTTP/1.1 OPTIONS http://localhost:5217/hubs/attendance/negotiate?negotiateVersion=1 - 204 null null 0.0978ms
2026-04-02 16:27:35.550 [INF] Microsoft.AspNetCore.Routing.EndpointMiddleware | Executed endpoint '/hubs/empot/negotiate'
2026-04-02 16:27:35.550 [INF] Serilog.AspNetCore.RequestLoggingMiddleware | HTTP POST /hubs/empot/negotiate → 200 (1.6ms)
2026-04-02 16:27:35.550 [INF] Microsoft.AspNetCore.Hosting.Diagnostics | Request finished HTTP/1.1 POST http://localhost:5217/hubs/empot/negotiate?negotiateVersion=1 - 200 316 application/json 1.8497ms
2026-04-02 16:27:35.551 [INF] Microsoft.AspNetCore.Hosting.Diagnostics | Request starting HTTP/1.1 POST http://localhost:5217/hubs/attendance/negotiate?negotiateVersion=1 - text/plain;charset=UTF-8 0
2026-04-02 16:27:35.551 [INF] Microsoft.AspNetCore.Cors.Infrastructure.CorsService | CORS policy execution successful.
2026-04-02 16:27:35.551 [INF] Microsoft.AspNetCore.Routing.EndpointMiddleware | Executing endpoint '/hubs/attendance/negotiate'
2026-04-02 16:27:35.553 [INF] Microsoft.AspNetCore.Routing.EndpointMiddleware | Executed endpoint '/hubs/attendance/negotiate'
2026-04-02 16:27:35.553 [INF] Serilog.AspNetCore.RequestLoggingMiddleware | HTTP POST /hubs/attendance/negotiate → 200 (1.5ms)
2026-04-02 16:27:35.553 [INF] Microsoft.AspNetCore.Hosting.Diagnostics | Request finished HTTP/1.1 POST http://localhost:5217/hubs/attendance/negotiate?negotiateVersion=1 - 200 316 application/json 1.8227ms
2026-04-02 16:27:35.575 [INF] Microsoft.AspNetCore.Hosting.Diagnostics | Request starting HTTP/1.1 GET http://localhost:5217/hubs/empot?id=fF54nf45wD-ut_tgoVwczg&access_token=eyJhbGciOiJIUzI1NiIsInR5cCI6IkpXVCJ9.eyJuYW1laWQiOiIxOCIsInVuaXF1ZV9uYW1lIjoidmFzYW50aGFrdW1hciIsImVtYWlsIjoidmFzYW50aDIwMDR2a0BnbWFpbC5jb20iLCJyb2xlIjoiU3VwZXJBZG1pbiIsIk9yZ2FuaXphdGlvbklkIjoiMiIsIk9yZ2FuaXphdGlvbkxvZ28iOiIvdXBsb2Fkcy9vcmctbG9nb3Mvb3JnLWxvZ28tNTg3M2M0NzVkOTFkNGJiZDkwNDZkZWVjNjY3ZDEzNmMuanBnIiwibmJmIjoxNzc1MTI2NzM2LCJleHAiOjE3NzUyMTMxMzYsImlhdCI6MTc3NTEyNjczNiwiaXNzIjoiUHJvRGVzWC1CYWNrZW5kIiwiYXVkIjoiUHJvRGVzWC1Gcm9udGVuZCJ9.5UgRqDfnYZzQCURTZd8eEqXQXFD8-s9v7QiaXkB-WRs - null null
2026-04-02 16:27:35.575 [INF] Microsoft.AspNetCore.Cors.Infrastructure.CorsService | CORS policy execution successful.
2026-04-02 16:27:35.576 [INF] Microsoft.AspNetCore.Routing.EndpointMiddleware | Executing endpoint '/hubs/empot'
2026-04-02 16:27:35.590 [INF] Microsoft.AspNetCore.Hosting.Diagnostics | Request starting HTTP/1.1 GET http://localhost:5217/hubs/attendance?id=-_q1bKBhEglFzSmnxfi6vw&access_token=eyJhbGciOiJIUzI1NiIsInR5cCI6IkpXVCJ9.eyJuYW1laWQiOiIxOCIsInVuaXF1ZV9uYW1lIjoidmFzYW50aGFrdW1hciIsImVtYWlsIjoidmFzYW50aDIwMDR2a0BnbWFpbC5jb20iLCJyb2xlIjoiU3VwZXJBZG1pbiIsIk9yZ2FuaXphdGlvbklkIjoiMiIsIk9yZ2FuaXphdGlvbkxvZ28iOiIvdXBsb2Fkcy9vcmctbG9nb3Mvb3JnLWxvZ28tNTg3M2M0NzVkOTFkNGJiZDkwNDZkZWVjNjY3ZDEzNmMuanBnIiwibmJmIjoxNzc1MTI2NzM2LCJleHAiOjE3NzUyMTMxMzYsImlhdCI6MTc3NTEyNjczNiwiaXNzIjoiUHJvRGVzWC1CYWNrZW5kIiwiYXVkIjoiUHJvRGVzWC1Gcm9udGVuZCJ9.5UgRqDfnYZzQCURTZd8eEqXQXFD8-s9v7QiaXkB-WRs - null null
2026-04-02 16:27:35.590 [INF] Microsoft.AspNetCore.Cors.Infrastructure.CorsService | CORS policy execution successful.
2026-04-02 16:27:35.591 [INF] Microsoft.AspNetCore.Routing.EndpointMiddleware | Executing endpoint '/hubs/attendance'
2026-04-02 16:30:10.428 [INF] Microsoft.AspNetCore.Routing.EndpointMiddleware | Executed endpoint '/hubs/empot'
2026-04-02 16:30:10.428 [INF] Serilog.AspNetCore.RequestLoggingMiddleware | HTTP GET /hubs/empot → 101 (154848.6ms)
2026-04-02 16:30:10.428 [INF] Microsoft.AspNetCore.Hosting.Diagnostics | Request finished HTTP/1.1 GET http://localhost:5217/hubs/empot?id=fF54nf45wD-ut_tgoVwczg&access_token=eyJhbGciOiJIUzI1NiIsInR5cCI6IkpXVCJ9.eyJuYW1laWQiOiIxOCIsInVuaXF1ZV9uYW1lIjoidmFzYW50aGFrdW1hciIsImVtYWlsIjoidmFzYW50aDIwMDR2a0BnbWFpbC5jb20iLCJyb2xlIjoiU3VwZXJBZG1pbiIsIk9yZ2FuaXphdGlvbklkIjoiMiIsIk9yZ2FuaXphdGlvbkxvZ28iOiIvdXBsb2Fkcy9vcmctbG9nb3Mvb3JnLWxvZ28tNTg3M2M0NzVkOTFkNGJiZDkwNDZkZWVjNjY3ZDEzNmMuanBnIiwibmJmIjoxNzc1MTI2NzM2LCJleHAiOjE3NzUyMTMxMzYsImlhdCI6MTc3NTEyNjczNiwiaXNzIjoiUHJvRGVzWC1CYWNrZW5kIiwiYXVkIjoiUHJvRGVzWC1Gcm9udGVuZCJ9.5UgRqDfnYZzQCURTZd8eEqXQXFD8-s9v7QiaXkB-WRs - 101 null null 154849.0761ms
2026-04-02 16:30:10.429 [INF] Microsoft.AspNetCore.Routing.EndpointMiddleware | Executed endpoint '/hubs/attendance'
2026-04-02 16:30:10.429 [INF] Serilog.AspNetCore.RequestLoggingMiddleware | HTTP GET /hubs/attendance → 101 (154834.5ms)
2026-04-02 16:30:10.429 [INF] Microsoft.AspNetCore.Hosting.Diagnostics | Request finished HTTP/1.1 GET http://localhost:5217/hubs/attendance?id=-_q1bKBhEglFzSmnxfi6vw&access_token=eyJhbGciOiJIUzI1NiIsInR5cCI6IkpXVCJ9.eyJuYW1laWQiOiIxOCIsInVuaXF1ZV9uYW1lIjoidmFzYW50aGFrdW1hciIsImVtYWlsIjoidmFzYW50aDIwMDR2a0BnbWFpbC5jb20iLCJyb2xlIjoiU3VwZXJBZG1pbiIsIk9yZ2FuaXphdGlvbklkIjoiMiIsIk9yZ2FuaXphdGlvbkxvZ28iOiIvdXBsb2Fkcy9vcmctbG9nb3Mvb3JnLWxvZ28tNTg3M2M0NzVkOTFkNGJiZDkwNDZkZWVjNjY3ZDEzNmMuanBnIiwibmJmIjoxNzc1MTI2NzM2LCJleHAiOjE3NzUyMTMxMzYsImlhdCI6MTc3NTEyNjczNiwiaXNzIjoiUHJvRGVzWC1CYWNrZW5kIiwiYXVkIjoiUHJvRGVzWC1Gcm9udGVuZCJ9.5UgRqDfnYZzQCURTZd8eEqXQXFD8-s9v7QiaXkB-WRs - 101 null null 154834.8517ms
2026-04-02 16:30:20.790 [INF] Microsoft.AspNetCore.Hosting.Diagnostics | Request starting HTTP/1.1 OPTIONS http://localhost:5217/hubs/attendance/negotiate?negotiateVersion=1 - null null
2026-04-02 16:30:20.790 [INF] Microsoft.AspNetCore.Cors.Infrastructure.CorsService | CORS policy execution successful.
2026-04-02 16:30:20.790 [INF] Microsoft.AspNetCore.Hosting.Diagnostics | Request finished HTTP/1.1 OPTIONS http://localhost:5217/hubs/attendance/negotiate?negotiateVersion=1 - 204 null null 0.1751ms
2026-04-02 16:30:20.791 [INF] Microsoft.AspNetCore.Hosting.Diagnostics | Request starting HTTP/1.1 POST http://localhost:5217/hubs/attendance/negotiate?negotiateVersion=1 - text/plain;charset=UTF-8 0
2026-04-02 16:30:20.791 [INF] Microsoft.AspNetCore.Cors.Infrastructure.CorsService | CORS policy execution successful.
2026-04-02 16:30:20.792 [INF] Microsoft.AspNetCore.Hosting.Diagnostics | Request starting HTTP/1.1 OPTIONS http://localhost:5217/hubs/empot/negotiate?negotiateVersion=1 - null null
2026-04-02 16:30:20.792 [INF] Microsoft.AspNetCore.Routing.EndpointMiddleware | Executing endpoint '/hubs/attendance/negotiate'
2026-04-02 16:30:20.792 [INF] Microsoft.AspNetCore.Cors.Infrastructure.CorsService | CORS policy execution successful.
2026-04-02 16:30:20.792 [INF] Microsoft.AspNetCore.Hosting.Diagnostics | Request finished HTTP/1.1 OPTIONS http://localhost:5217/hubs/empot/negotiate?negotiateVersion=1 - 204 null null 0.07ms
2026-04-02 16:30:20.792 [INF] Microsoft.AspNetCore.Routing.EndpointMiddleware | Executed endpoint '/hubs/attendance/negotiate'
2026-04-02 16:30:20.792 [INF] Serilog.AspNetCore.RequestLoggingMiddleware | HTTP POST /hubs/attendance/negotiate → 200 (0.5ms)
2026-04-02 16:30:20.792 [INF] Microsoft.AspNetCore.Hosting.Diagnostics | Request finished HTTP/1.1 POST http://localhost:5217/hubs/attendance/negotiate?negotiateVersion=1 - 200 316 application/json 0.7564ms
2026-04-02 16:30:20.792 [INF] Microsoft.AspNetCore.Hosting.Diagnostics | Request starting HTTP/1.1 POST http://localhost:5217/hubs/empot/negotiate?negotiateVersion=1 - text/plain;charset=UTF-8 0
2026-04-02 16:30:20.792 [INF] Microsoft.AspNetCore.Cors.Infrastructure.CorsService | CORS policy execution successful.
2026-04-02 16:30:20.793 [INF] Microsoft.AspNetCore.Routing.EndpointMiddleware | Executing endpoint '/hubs/empot/negotiate'
2026-04-02 16:30:20.793 [INF] Microsoft.AspNetCore.Routing.EndpointMiddleware | Executed endpoint '/hubs/empot/negotiate'
2026-04-02 16:30:20.793 [INF] Serilog.AspNetCore.RequestLoggingMiddleware | HTTP POST /hubs/empot/negotiate → 200 (0.1ms)
2026-04-02 16:30:20.793 [INF] Microsoft.AspNetCore.Hosting.Diagnostics | Request finished HTTP/1.1 POST http://localhost:5217/hubs/empot/negotiate?negotiateVersion=1 - 200 316 application/json 1.1333ms
2026-04-02 16:30:20.820 [INF] Microsoft.AspNetCore.Hosting.Diagnostics | Request starting HTTP/1.1 GET http://localhost:5217/hubs/attendance?id=ynUp8uWulywq52d83wVaWA&access_token=eyJhbGciOiJIUzI1NiIsInR5cCI6IkpXVCJ9.eyJuYW1laWQiOiIxOCIsInVuaXF1ZV9uYW1lIjoidmFzYW50aGFrdW1hciIsImVtYWlsIjoidmFzYW50aDIwMDR2a0BnbWFpbC5jb20iLCJyb2xlIjoiU3VwZXJBZG1pbiIsIk9yZ2FuaXphdGlvbklkIjoiMiIsIk9yZ2FuaXphdGlvbkxvZ28iOiIvdXBsb2Fkcy9vcmctbG9nb3Mvb3JnLWxvZ28tNTg3M2M0NzVkOTFkNGJiZDkwNDZkZWVjNjY3ZDEzNmMuanBnIiwibmJmIjoxNzc1MTI2NzM2LCJleHAiOjE3NzUyMTMxMzYsImlhdCI6MTc3NTEyNjczNiwiaXNzIjoiUHJvRGVzWC1CYWNrZW5kIiwiYXVkIjoiUHJvRGVzWC1Gcm9udGVuZCJ9.5UgRqDfnYZzQCURTZd8eEqXQXFD8-s9v7QiaXkB-WRs - null null
2026-04-02 16:30:20.820 [INF] Microsoft.AspNetCore.Cors.Infrastructure.CorsService | CORS policy execution successful.
2026-04-02 16:30:20.820 [INF] Microsoft.AspNetCore.Routing.EndpointMiddleware | Executing endpoint '/hubs/attendance'
2026-04-02 16:30:20.834 [INF] Microsoft.AspNetCore.Hosting.Diagnostics | Request starting HTTP/1.1 GET http://localhost:5217/hubs/empot?id=49XdneMW82valMN8OmShbA&access_token=eyJhbGciOiJIUzI1NiIsInR5cCI6IkpXVCJ9.eyJuYW1laWQiOiIxOCIsInVuaXF1ZV9uYW1lIjoidmFzYW50aGFrdW1hciIsImVtYWlsIjoidmFzYW50aDIwMDR2a0BnbWFpbC5jb20iLCJyb2xlIjoiU3VwZXJBZG1pbiIsIk9yZ2FuaXphdGlvbklkIjoiMiIsIk9yZ2FuaXphdGlvbkxvZ28iOiIvdXBsb2Fkcy9vcmctbG9nb3Mvb3JnLWxvZ28tNTg3M2M0NzVkOTFkNGJiZDkwNDZkZWVjNjY3ZDEzNmMuanBnIiwibmJmIjoxNzc1MTI2NzM2LCJleHAiOjE3NzUyMTMxMzYsImlhdCI6MTc3NTEyNjczNiwiaXNzIjoiUHJvRGVzWC1CYWNrZW5kIiwiYXVkIjoiUHJvRGVzWC1Gcm9udGVuZCJ9.5UgRqDfnYZzQCURTZd8eEqXQXFD8-s9v7QiaXkB-WRs - null null
2026-04-02 16:30:20.834 [INF] Microsoft.AspNetCore.Cors.Infrastructure.CorsService | CORS policy execution successful.
2026-04-02 16:30:20.834 [INF] Microsoft.AspNetCore.Routing.EndpointMiddleware | Executing endpoint '/hubs/empot'
2026-04-02 16:32:24.844 [INF] Microsoft.AspNetCore.Hosting.Diagnostics | Request starting HTTP/1.1 OPTIONS http://localhost:5217/api/users/organizations - null null
2026-04-02 16:32:24.845 [INF] Microsoft.AspNetCore.Hosting.Diagnostics | Request starting HTTP/1.1 OPTIONS http://localhost:5217/api/users/organizations - null null
2026-04-02 16:32:24.847 [INF] Microsoft.AspNetCore.Cors.Infrastructure.CorsService | CORS policy execution successful.
2026-04-02 16:32:24.847 [INF] Microsoft.AspNetCore.Hosting.Diagnostics | Request finished HTTP/1.1 OPTIONS http://localhost:5217/api/users/organizations - 204 null null 2.6411ms
2026-04-02 16:32:24.850 [INF] Microsoft.AspNetCore.Cors.Infrastructure.CorsService | CORS policy execution successful.
2026-04-02 16:32:24.850 [INF] Microsoft.AspNetCore.Hosting.Diagnostics | Request finished HTTP/1.1 OPTIONS http://localhost:5217/api/users/organizations - 204 null null 4.8977ms
2026-04-02 16:32:24.852 [INF] Microsoft.AspNetCore.Hosting.Diagnostics | Request starting HTTP/1.1 GET http://localhost:5217/api/users/organizations - null null
2026-04-02 16:32:24.852 [INF] Microsoft.AspNetCore.Cors.Infrastructure.CorsService | CORS policy execution successful.
2026-04-02 16:32:24.853 [INF] Microsoft.AspNetCore.Routing.EndpointMiddleware | Executing endpoint 'backend.Controllers.UsersController.GetOrganizations (backend)'
2026-04-02 16:32:24.856 [INF] Microsoft.AspNetCore.Mvc.Infrastructure.ControllerActionInvoker | Route matched with {action = "GetOrganizations", controller = "Users"}. Executing controller action with signature System.Threading.Tasks.Task`1[Microsoft.AspNetCore.Mvc.IActionResult] GetOrganizations() on controller backend.Controllers.UsersController (backend).
2026-04-02 16:32:24.863 [INF] backend.Controllers.UsersController | [Users] GET organizations | Role=SuperAdmin | UserId=18
2026-04-02 16:32:25.045 [INF] Microsoft.AspNetCore.Mvc.Infrastructure.ObjectResultExecutor | Executing OkObjectResult, writing value of type 'System.Collections.Generic.List`1[[backend.Models.Organization, backend, Version=1.0.0.0, Culture=neutral, PublicKeyToken=null]]'.
2026-04-02 16:32:25.069 [INF] Microsoft.AspNetCore.Hosting.Diagnostics | Request starting HTTP/1.1 GET http://localhost:5217/api/users/organizations - null null
2026-04-02 16:32:25.069 [INF] Microsoft.AspNetCore.Cors.Infrastructure.CorsService | CORS policy execution successful.
2026-04-02 16:32:25.069 [INF] Microsoft.AspNetCore.Routing.EndpointMiddleware | Executing endpoint 'backend.Controllers.UsersController.GetOrganizations (backend)'
2026-04-02 16:32:25.070 [INF] Microsoft.AspNetCore.Mvc.Infrastructure.ControllerActionInvoker | Route matched with {action = "GetOrganizations", controller = "Users"}. Executing controller action with signature System.Threading.Tasks.Task`1[Microsoft.AspNetCore.Mvc.IActionResult] GetOrganizations() on controller backend.Controllers.UsersController (backend).
2026-04-02 16:32:25.070 [INF] backend.Controllers.UsersController | [Users] GET organizations | Role=SuperAdmin | UserId=18
2026-04-02 16:32:25.083 [INF] Microsoft.AspNetCore.Mvc.Infrastructure.ControllerActionInvoker | Executed action backend.Controllers.UsersController.GetOrganizations (backend) in 204.7755ms
2026-04-02 16:32:25.083 [INF] Microsoft.AspNetCore.Routing.EndpointMiddleware | Executed endpoint 'backend.Controllers.UsersController.GetOrganizations (backend)'
2026-04-02 16:32:25.083 [INF] Serilog.AspNetCore.RequestLoggingMiddleware | HTTP GET /api/users/organizations → 200 (230.1ms)
2026-04-02 16:32:25.083 [INF] Microsoft.AspNetCore.Hosting.Diagnostics | Request finished HTTP/1.1 GET http://localhost:5217/api/users/organizations - 200 null application/json; charset=utf-8 231.5957ms
2026-04-02 16:32:25.099 [INF] Microsoft.AspNetCore.Mvc.Infrastructure.ObjectResultExecutor | Executing OkObjectResult, writing value of type 'System.Collections.Generic.List`1[[backend.Models.Organization, backend, Version=1.0.0.0, Culture=neutral, PublicKeyToken=null]]'.
2026-04-02 16:32:25.100 [INF] Microsoft.AspNetCore.Mvc.Infrastructure.ControllerActionInvoker | Executed action backend.Controllers.UsersController.GetOrganizations (backend) in 30.0157ms
2026-04-02 16:32:25.100 [INF] Microsoft.AspNetCore.Routing.EndpointMiddleware | Executed endpoint 'backend.Controllers.UsersController.GetOrganizations (backend)'
2026-04-02 16:32:25.100 [INF] Serilog.AspNetCore.RequestLoggingMiddleware | HTTP GET /api/users/organizations → 200 (30.2ms)
2026-04-02 16:32:25.100 [INF] Microsoft.AspNetCore.Hosting.Diagnostics | Request finished HTTP/1.1 GET http://localhost:5217/api/users/organizations - 200 null application/json; charset=utf-8 30.5499ms
2026-04-02 16:32:25.143 [INF] Microsoft.AspNetCore.Hosting.Diagnostics | Request starting HTTP/1.1 OPTIONS http://localhost:5217/api/designations?organizationId=2 - null null
2026-04-02 16:32:25.143 [INF] Microsoft.AspNetCore.Cors.Infrastructure.CorsService | CORS policy execution successful.
2026-04-02 16:32:25.144 [INF] Microsoft.AspNetCore.Hosting.Diagnostics | Request finished HTTP/1.1 OPTIONS http://localhost:5217/api/designations?organizationId=2 - 204 null null 0.875ms
2026-04-02 16:32:25.146 [INF] Microsoft.AspNetCore.Hosting.Diagnostics | Request starting HTTP/1.1 GET http://localhost:5217/api/designations?organizationId=2 - application/json null
2026-04-02 16:32:25.147 [INF] Microsoft.AspNetCore.Cors.Infrastructure.CorsService | CORS policy execution successful.
2026-04-02 16:32:25.147 [INF] Microsoft.AspNetCore.Routing.EndpointMiddleware | Executing endpoint 'backend.Controllers.DesignationController.GetDesignations (backend)'
2026-04-02 16:32:25.149 [INF] Microsoft.AspNetCore.Mvc.Infrastructure.ControllerActionInvoker | Route matched with {action = "GetDesignations", controller = "Designation"}. Executing controller action with signature System.Threading.Tasks.Task`1[Microsoft.AspNetCore.Mvc.IActionResult] GetDesignations(System.Nullable`1[System.Int32]) on controller backend.Controllers.DesignationController (backend).
2026-04-02 16:32:25.170 [INF] backend.Controllers.DesignationController | Fetched 8 designations for OrgId 2
2026-04-02 16:32:25.170 [INF] Microsoft.AspNetCore.Mvc.Infrastructure.ObjectResultExecutor | Executing OkObjectResult, writing value of type 'System.Collections.Generic.List`1[[backend.Models.Designation, backend, Version=1.0.0.0, Culture=neutral, PublicKeyToken=null]]'.
2026-04-02 16:32:25.171 [INF] Microsoft.AspNetCore.Mvc.Infrastructure.ControllerActionInvoker | Executed action backend.Controllers.DesignationController.GetDesignations (backend) in 21.5412ms
2026-04-02 16:32:25.171 [INF] Microsoft.AspNetCore.Routing.EndpointMiddleware | Executed endpoint 'backend.Controllers.DesignationController.GetDesignations (backend)'
2026-04-02 16:32:25.171 [INF] Serilog.AspNetCore.RequestLoggingMiddleware | HTTP GET /api/designations → 200 (23.7ms)
2026-04-02 16:32:25.171 [INF] Microsoft.AspNetCore.Hosting.Diagnostics | Request finished HTTP/1.1 GET http://localhost:5217/api/designations?organizationId=2 - 200 null application/json; charset=utf-8 24.9934ms
2026-04-02 16:32:25.576 [INF] Microsoft.AspNetCore.Hosting.Diagnostics | Request starting HTTP/1.1 GET http://localhost:5217/api/FaceAttendance/logs?organizationId=2 - null null
2026-04-02 16:32:25.576 [INF] Microsoft.AspNetCore.Cors.Infrastructure.CorsService | CORS policy execution successful.
2026-04-02 16:32:25.576 [INF] Microsoft.AspNetCore.Routing.EndpointMiddleware | Executing endpoint 'backend.Controllers.FaceAttendanceController.GetAttendanceLogs (backend)'
2026-04-02 16:32:25.577 [INF] Microsoft.AspNetCore.Mvc.Infrastructure.ControllerActionInvoker | Route matched with {action = "GetAttendanceLogs", controller = "FaceAttendance"}. Executing controller action with signature System.Threading.Tasks.Task`1[Microsoft.AspNetCore.Mvc.IActionResult] GetAttendanceLogs(Int32) on controller backend.Controllers.FaceAttendanceController (backend).
2026-04-02 16:32:25.588 [INF] Microsoft.AspNetCore.Mvc.Infrastructure.ObjectResultExecutor | Executing OkObjectResult, writing value of type 'System.Collections.Generic.List`1[[System.Object, System.Private.CoreLib, Version=10.0.0.0, Culture=neutral, PublicKeyToken=7cec85d7bea7798e]]'.
2026-04-02 16:32:25.590 [INF] Microsoft.AspNetCore.Mvc.Infrastructure.ControllerActionInvoker | Executed action backend.Controllers.FaceAttendanceController.GetAttendanceLogs (backend) in 13.3672ms
2026-04-02 16:32:25.590 [INF] Microsoft.AspNetCore.Routing.EndpointMiddleware | Executed endpoint 'backend.Controllers.FaceAttendanceController.GetAttendanceLogs (backend)'
2026-04-02 16:32:25.590 [INF] Serilog.AspNetCore.RequestLoggingMiddleware | HTTP GET /api/FaceAttendance/logs → 200 (13.7ms)
2026-04-02 16:32:25.590 [INF] Microsoft.AspNetCore.Hosting.Diagnostics | Request finished HTTP/1.1 GET http://localhost:5217/api/FaceAttendance/logs?organizationId=2 - 200 null application/json; charset=utf-8 14.5906ms
2026-04-02 16:45:52.717 [INF] Microsoft.AspNetCore.Server.Kestrel.Connections | Connection id "0HNKGHQR104KL", Request id "0HNKGHQR104KL:00000001": the application aborted the connection.
2026-04-02 16:45:52.717 [INF] Microsoft.AspNetCore.Server.Kestrel.Connections | Connection id "0HNKGHQR104KM", Request id "0HNKGHQR104KM:00000001": the application aborted the connection.
2026-04-02 16:45:52.727 [INF] Microsoft.AspNetCore.Routing.EndpointMiddleware | Executed endpoint '/hubs/empot'
2026-04-02 16:45:52.727 [INF] Microsoft.AspNetCore.Routing.EndpointMiddleware | Executed endpoint '/hubs/attendance'
2026-04-02 16:45:52.728 [INF] Serilog.AspNetCore.RequestLoggingMiddleware | HTTP GET /hubs/attendance → 101 (931887.1ms)
2026-04-02 16:45:52.728 [INF] Serilog.AspNetCore.RequestLoggingMiddleware | HTTP GET /hubs/empot → 101 (931873.5ms)
2026-04-02 16:45:52.730 [INF] Microsoft.AspNetCore.Hosting.Diagnostics | Request finished HTTP/1.1 GET http://localhost:5217/hubs/empot?id=49XdneMW82valMN8OmShbA&access_token=eyJhbGciOiJIUzI1NiIsInR5cCI6IkpXVCJ9.eyJuYW1laWQiOiIxOCIsInVuaXF1ZV9uYW1lIjoidmFzYW50aGFrdW1hciIsImVtYWlsIjoidmFzYW50aDIwMDR2a0BnbWFpbC5jb20iLCJyb2xlIjoiU3VwZXJBZG1pbiIsIk9yZ2FuaXphdGlvbklkIjoiMiIsIk9yZ2FuaXphdGlvbkxvZ28iOiIvdXBsb2Fkcy9vcmctbG9nb3Mvb3JnLWxvZ28tNTg3M2M0NzVkOTFkNGJiZDkwNDZkZWVjNjY3ZDEzNmMuanBnIiwibmJmIjoxNzc1MTI2NzM2LCJleHAiOjE3NzUyMTMxMzYsImlhdCI6MTc3NTEyNjczNiwiaXNzIjoiUHJvRGVzWC1CYWNrZW5kIiwiYXVkIjoiUHJvRGVzWC1Gcm9udGVuZCJ9.5UgRqDfnYZzQCURTZd8eEqXQXFD8-s9v7QiaXkB-WRs - 101 null null 931876.337ms
2026-04-02 16:45:52.730 [INF] Microsoft.AspNetCore.Hosting.Diagnostics | Request finished HTTP/1.1 GET http://localhost:5217/hubs/attendance?id=ynUp8uWulywq52d83wVaWA&access_token=eyJhbGciOiJIUzI1NiIsInR5cCI6IkpXVCJ9.eyJuYW1laWQiOiIxOCIsInVuaXF1ZV9uYW1lIjoidmFzYW50aGFrdW1hciIsImVtYWlsIjoidmFzYW50aDIwMDR2a0BnbWFpbC5jb20iLCJyb2xlIjoiU3VwZXJBZG1pbiIsIk9yZ2FuaXphdGlvbklkIjoiMiIsIk9yZ2FuaXphdGlvbkxvZ28iOiIvdXBsb2Fkcy9vcmctbG9nb3Mvb3JnLWxvZ28tNTg3M2M0NzVkOTFkNGJiZDkwNDZkZWVjNjY3ZDEzNmMuanBnIiwibmJmIjoxNzc1MTI2NzM2LCJleHAiOjE3NzUyMTMxMzYsImlhdCI6MTc3NTEyNjczNiwiaXNzIjoiUHJvRGVzWC1CYWNrZW5kIiwiYXVkIjoiUHJvRGVzWC1Gcm9udGVuZCJ9.5UgRqDfnYZzQCURTZd8eEqXQXFD8-s9v7QiaXkB-WRs - 101 null null 931889.8838ms
2026-04-02 16:45:55.499 [INF] Microsoft.AspNetCore.Hosting.Diagnostics | Request starting HTTP/1.1 OPTIONS http://localhost:5217/hubs/empot/negotiate?negotiateVersion=1 - null null
2026-04-02 16:45:55.500 [INF] Microsoft.AspNetCore.Cors.Infrastructure.CorsService | CORS policy execution successful.
2026-04-02 16:45:55.500 [INF] Microsoft.AspNetCore.Hosting.Diagnostics | Request finished HTTP/1.1 OPTIONS http://localhost:5217/hubs/empot/negotiate?negotiateVersion=1 - 204 null null 0.693ms
2026-04-02 16:45:55.502 [INF] Microsoft.AspNetCore.Hosting.Diagnostics | Request starting HTTP/1.1 POST http://localhost:5217/hubs/empot/negotiate?negotiateVersion=1 - text/plain;charset=UTF-8 0
2026-04-02 16:45:55.502 [INF] Microsoft.AspNetCore.Cors.Infrastructure.CorsService | CORS policy execution successful.
2026-04-02 16:45:55.505 [INF] Microsoft.AspNetCore.Routing.EndpointMiddleware | Executing endpoint '/hubs/empot/negotiate'
2026-04-02 16:45:55.508 [INF] Microsoft.AspNetCore.Routing.EndpointMiddleware | Executed endpoint '/hubs/empot/negotiate'
2026-04-02 16:45:55.508 [INF] Serilog.AspNetCore.RequestLoggingMiddleware | HTTP POST /hubs/empot/negotiate → 200 (2.8ms)
2026-04-02 16:45:55.508 [INF] Microsoft.AspNetCore.Hosting.Diagnostics | Request finished HTTP/1.1 POST http://localhost:5217/hubs/empot/negotiate?negotiateVersion=1 - 200 316 application/json 6.3099ms
2026-04-02 16:45:55.630 [INF] Microsoft.AspNetCore.Hosting.Diagnostics | Request starting HTTP/1.1 OPTIONS http://localhost:5217/hubs/attendance/negotiate?negotiateVersion=1 - null null
2026-04-02 16:45:55.632 [INF] Microsoft.AspNetCore.Cors.Infrastructure.CorsService | CORS policy execution successful.
2026-04-02 16:45:55.632 [INF] Microsoft.AspNetCore.Hosting.Diagnostics | Request finished HTTP/1.1 OPTIONS http://localhost:5217/hubs/attendance/negotiate?negotiateVersion=1 - 204 null null 2.4183ms
2026-04-02 16:45:55.633 [INF] Microsoft.AspNetCore.Hosting.Diagnostics | Request starting HTTP/1.1 POST http://localhost:5217/hubs/attendance/negotiate?negotiateVersion=1 - text/plain;charset=UTF-8 0
2026-04-02 16:45:55.633 [INF] Microsoft.AspNetCore.Cors.Infrastructure.CorsService | CORS policy execution successful.
2026-04-02 16:45:55.634 [INF] Microsoft.AspNetCore.Routing.EndpointMiddleware | Executing endpoint '/hubs/attendance/negotiate'
2026-04-02 16:45:55.634 [INF] Microsoft.AspNetCore.Routing.EndpointMiddleware | Executed endpoint '/hubs/attendance/negotiate'
2026-04-02 16:45:55.634 [INF] Serilog.AspNetCore.RequestLoggingMiddleware | HTTP POST /hubs/attendance/negotiate → 200 (0.1ms)
2026-04-02 16:45:55.634 [INF] Microsoft.AspNetCore.Hosting.Diagnostics | Request finished HTTP/1.1 POST http://localhost:5217/hubs/attendance/negotiate?negotiateVersion=1 - 200 316 application/json 0.4903ms
2026-04-02 16:45:55.757 [INF] Microsoft.AspNetCore.Hosting.Diagnostics | Request starting HTTP/1.1 GET http://localhost:5217/hubs/empot?id=bzOWNPADH93fM1w5-JK74g&access_token=eyJhbGciOiJIUzI1NiIsInR5cCI6IkpXVCJ9.eyJuYW1laWQiOiIxOCIsInVuaXF1ZV9uYW1lIjoidmFzYW50aGFrdW1hciIsImVtYWlsIjoidmFzYW50aDIwMDR2a0BnbWFpbC5jb20iLCJyb2xlIjoiU3VwZXJBZG1pbiIsIk9yZ2FuaXphdGlvbklkIjoiMiIsIk9yZ2FuaXphdGlvbkxvZ28iOiIvdXBsb2Fkcy9vcmctbG9nb3Mvb3JnLWxvZ28tNTg3M2M0NzVkOTFkNGJiZDkwNDZkZWVjNjY3ZDEzNmMuanBnIiwibmJmIjoxNzc1MTI2NzM2LCJleHAiOjE3NzUyMTMxMzYsImlhdCI6MTc3NTEyNjczNiwiaXNzIjoiUHJvRGVzWC1CYWNrZW5kIiwiYXVkIjoiUHJvRGVzWC1Gcm9udGVuZCJ9.5UgRqDfnYZzQCURTZd8eEqXQXFD8-s9v7QiaXkB-WRs - null null
2026-04-02 16:45:55.758 [INF] Microsoft.AspNetCore.Cors.Infrastructure.CorsService | CORS policy execution successful.
2026-04-02 16:45:55.758 [INF] Microsoft.AspNetCore.Routing.EndpointMiddleware | Executing endpoint '/hubs/empot'
2026-04-02 16:45:55.842 [INF] Microsoft.AspNetCore.Hosting.Diagnostics | Request starting HTTP/1.1 GET http://localhost:5217/hubs/attendance?id=eh6AOxQ8R8NtoZ46c_2dvA&access_token=eyJhbGciOiJIUzI1NiIsInR5cCI6IkpXVCJ9.eyJuYW1laWQiOiIxOCIsInVuaXF1ZV9uYW1lIjoidmFzYW50aGFrdW1hciIsImVtYWlsIjoidmFzYW50aDIwMDR2a0BnbWFpbC5jb20iLCJyb2xlIjoiU3VwZXJBZG1pbiIsIk9yZ2FuaXphdGlvbklkIjoiMiIsIk9yZ2FuaXphdGlvbkxvZ28iOiIvdXBsb2Fkcy9vcmctbG9nb3Mvb3JnLWxvZ28tNTg3M2M0NzVkOTFkNGJiZDkwNDZkZWVjNjY3ZDEzNmMuanBnIiwibmJmIjoxNzc1MTI2NzM2LCJleHAiOjE3NzUyMTMxMzYsImlhdCI6MTc3NTEyNjczNiwiaXNzIjoiUHJvRGVzWC1CYWNrZW5kIiwiYXVkIjoiUHJvRGVzWC1Gcm9udGVuZCJ9.5UgRqDfnYZzQCURTZd8eEqXQXFD8-s9v7QiaXkB-WRs - null null
2026-04-02 16:45:55.842 [INF] Microsoft.AspNetCore.Cors.Infrastructure.CorsService | CORS policy execution successful.
2026-04-02 16:45:55.842 [INF] Microsoft.AspNetCore.Routing.EndpointMiddleware | Executing endpoint '/hubs/attendance'
2026-04-02 16:53:17.547 [INF] Microsoft.AspNetCore.Routing.EndpointMiddleware | Executed endpoint '/hubs/attendance'
2026-04-02 16:53:17.548 [INF] Serilog.AspNetCore.RequestLoggingMiddleware | HTTP GET /hubs/attendance → 101 (441705.6ms)
2026-04-02 16:53:17.548 [INF] Microsoft.AspNetCore.Hosting.Diagnostics | Request finished HTTP/1.1 GET http://localhost:5217/hubs/attendance?id=eh6AOxQ8R8NtoZ46c_2dvA&access_token=eyJhbGciOiJIUzI1NiIsInR5cCI6IkpXVCJ9.eyJuYW1laWQiOiIxOCIsInVuaXF1ZV9uYW1lIjoidmFzYW50aGFrdW1hciIsImVtYWlsIjoidmFzYW50aDIwMDR2a0BnbWFpbC5jb20iLCJyb2xlIjoiU3VwZXJBZG1pbiIsIk9yZ2FuaXphdGlvbklkIjoiMiIsIk9yZ2FuaXphdGlvbkxvZ28iOiIvdXBsb2Fkcy9vcmctbG9nb3Mvb3JnLWxvZ28tNTg3M2M0NzVkOTFkNGJiZDkwNDZkZWVjNjY3ZDEzNmMuanBnIiwibmJmIjoxNzc1MTI2NzM2LCJleHAiOjE3NzUyMTMxMzYsImlhdCI6MTc3NTEyNjczNiwiaXNzIjoiUHJvRGVzWC1CYWNrZW5kIiwiYXVkIjoiUHJvRGVzWC1Gcm9udGVuZCJ9.5UgRqDfnYZzQCURTZd8eEqXQXFD8-s9v7QiaXkB-WRs - 101 null null 441706.7231ms
2026-04-02 16:53:17.549 [INF] Microsoft.AspNetCore.Routing.EndpointMiddleware | Executed endpoint '/hubs/empot'
2026-04-02 16:53:17.549 [INF] Serilog.AspNetCore.RequestLoggingMiddleware | HTTP GET /hubs/empot → 101 (441791.3ms)
2026-04-02 16:53:17.549 [INF] Microsoft.AspNetCore.Hosting.Diagnostics | Request finished HTTP/1.1 GET http://localhost:5217/hubs/empot?id=bzOWNPADH93fM1w5-JK74g&access_token=eyJhbGciOiJIUzI1NiIsInR5cCI6IkpXVCJ9.eyJuYW1laWQiOiIxOCIsInVuaXF1ZV9uYW1lIjoidmFzYW50aGFrdW1hciIsImVtYWlsIjoidmFzYW50aDIwMDR2a0BnbWFpbC5jb20iLCJyb2xlIjoiU3VwZXJBZG1pbiIsIk9yZ2FuaXphdGlvbklkIjoiMiIsIk9yZ2FuaXphdGlvbkxvZ28iOiIvdXBsb2Fkcy9vcmctbG9nb3Mvb3JnLWxvZ28tNTg3M2M0NzVkOTFkNGJiZDkwNDZkZWVjNjY3ZDEzNmMuanBnIiwibmJmIjoxNzc1MTI2NzM2LCJleHAiOjE3NzUyMTMxMzYsImlhdCI6MTc3NTEyNjczNiwiaXNzIjoiUHJvRGVzWC1CYWNrZW5kIiwiYXVkIjoiUHJvRGVzWC1Gcm9udGVuZCJ9.5UgRqDfnYZzQCURTZd8eEqXQXFD8-s9v7QiaXkB-WRs - 101 null null 441791.9534ms
2026-04-02 16:53:17.570 [INF] Microsoft.AspNetCore.Hosting.Diagnostics | Request starting HTTP/1.1 OPTIONS http://localhost:5217/hubs/attendance/negotiate?negotiateVersion=1 - null null
2026-04-02 16:53:17.570 [INF] Microsoft.AspNetCore.Cors.Infrastructure.CorsService | CORS policy execution successful.
2026-04-02 16:53:17.570 [INF] Microsoft.AspNetCore.Hosting.Diagnostics | Request finished HTTP/1.1 OPTIONS http://localhost:5217/hubs/attendance/negotiate?negotiateVersion=1 - 204 null null 0.2859ms
2026-04-02 16:53:17.572 [INF] Microsoft.AspNetCore.Hosting.Diagnostics | Request starting HTTP/1.1 POST http://localhost:5217/hubs/attendance/negotiate?negotiateVersion=1 - text/plain;charset=UTF-8 0
2026-04-02 16:53:17.572 [INF] Microsoft.AspNetCore.Cors.Infrastructure.CorsService | CORS policy execution successful.
2026-04-02 16:53:17.572 [INF] Microsoft.AspNetCore.Hosting.Diagnostics | Request starting HTTP/1.1 OPTIONS http://localhost:5217/hubs/empot/negotiate?negotiateVersion=1 - null null
2026-04-02 16:53:17.573 [INF] Microsoft.AspNetCore.Cors.Infrastructure.CorsService | CORS policy execution successful.
2026-04-02 16:53:17.573 [INF] Microsoft.AspNetCore.Hosting.Diagnostics | Request finished HTTP/1.1 OPTIONS http://localhost:5217/hubs/empot/negotiate?negotiateVersion=1 - 204 null null 0.0833ms
2026-04-02 16:53:17.573 [INF] Microsoft.AspNetCore.Routing.EndpointMiddleware | Executing endpoint '/hubs/attendance/negotiate'
2026-04-02 16:53:17.573 [INF] Microsoft.AspNetCore.Routing.EndpointMiddleware | Executed endpoint '/hubs/attendance/negotiate'
2026-04-02 16:53:17.573 [INF] Serilog.AspNetCore.RequestLoggingMiddleware | HTTP POST /hubs/attendance/negotiate → 200 (0.4ms)
2026-04-02 16:53:17.573 [INF] Microsoft.AspNetCore.Hosting.Diagnostics | Request finished HTTP/1.1 POST http://localhost:5217/hubs/attendance/negotiate?negotiateVersion=1 - 200 316 application/json 1.2946ms
2026-04-02 16:53:17.578 [INF] Microsoft.AspNetCore.Hosting.Diagnostics | Request starting HTTP/1.1 POST http://localhost:5217/hubs/empot/negotiate?negotiateVersion=1 - text/plain;charset=UTF-8 0
2026-04-02 16:53:17.578 [INF] Microsoft.AspNetCore.Cors.Infrastructure.CorsService | CORS policy execution successful.
2026-04-02 16:53:17.578 [INF] Microsoft.AspNetCore.Routing.EndpointMiddleware | Executing endpoint '/hubs/empot/negotiate'
2026-04-02 16:53:17.579 [INF] Microsoft.AspNetCore.Routing.EndpointMiddleware | Executed endpoint '/hubs/empot/negotiate'
2026-04-02 16:53:17.579 [INF] Serilog.AspNetCore.RequestLoggingMiddleware | HTTP POST /hubs/empot/negotiate → 200 (0.2ms)
2026-04-02 16:53:17.579 [INF] Microsoft.AspNetCore.Hosting.Diagnostics | Request finished HTTP/1.1 POST http://localhost:5217/hubs/empot/negotiate?negotiateVersion=1 - 200 316 application/json 0.648ms
2026-04-02 16:53:17.590 [INF] Microsoft.AspNetCore.Hosting.Diagnostics | Request starting HTTP/1.1 GET http://localhost:5217/hubs/attendance?id=YjTRsDjzEaFf5QgMBKvj9Q&access_token=eyJhbGciOiJIUzI1NiIsInR5cCI6IkpXVCJ9.eyJuYW1laWQiOiIxOCIsInVuaXF1ZV9uYW1lIjoidmFzYW50aGFrdW1hciIsImVtYWlsIjoidmFzYW50aDIwMDR2a0BnbWFpbC5jb20iLCJyb2xlIjoiU3VwZXJBZG1pbiIsIk9yZ2FuaXphdGlvbklkIjoiMiIsIk9yZ2FuaXphdGlvbkxvZ28iOiIvdXBsb2Fkcy9vcmctbG9nb3Mvb3JnLWxvZ28tNTg3M2M0NzVkOTFkNGJiZDkwNDZkZWVjNjY3ZDEzNmMuanBnIiwibmJmIjoxNzc1MTI2NzM2LCJleHAiOjE3NzUyMTMxMzYsImlhdCI6MTc3NTEyNjczNiwiaXNzIjoiUHJvRGVzWC1CYWNrZW5kIiwiYXVkIjoiUHJvRGVzWC1Gcm9udGVuZCJ9.5UgRqDfnYZzQCURTZd8eEqXQXFD8-s9v7QiaXkB-WRs - null null
2026-04-02 16:53:17.590 [INF] Microsoft.AspNetCore.Cors.Infrastructure.CorsService | CORS policy execution successful.
2026-04-02 16:53:17.590 [INF] Microsoft.AspNetCore.Routing.EndpointMiddleware | Executing endpoint '/hubs/attendance'
2026-04-02 16:53:17.608 [INF] Microsoft.AspNetCore.Hosting.Diagnostics | Request starting HTTP/1.1 GET http://localhost:5217/hubs/empot?id=YBOLjpeRibCw_N_S3JHKfQ&access_token=eyJhbGciOiJIUzI1NiIsInR5cCI6IkpXVCJ9.eyJuYW1laWQiOiIxOCIsInVuaXF1ZV9uYW1lIjoidmFzYW50aGFrdW1hciIsImVtYWlsIjoidmFzYW50aDIwMDR2a0BnbWFpbC5jb20iLCJyb2xlIjoiU3VwZXJBZG1pbiIsIk9yZ2FuaXphdGlvbklkIjoiMiIsIk9yZ2FuaXphdGlvbkxvZ28iOiIvdXBsb2Fkcy9vcmctbG9nb3Mvb3JnLWxvZ28tNTg3M2M0NzVkOTFkNGJiZDkwNDZkZWVjNjY3ZDEzNmMuanBnIiwibmJmIjoxNzc1MTI2NzM2LCJleHAiOjE3NzUyMTMxMzYsImlhdCI6MTc3NTEyNjczNiwiaXNzIjoiUHJvRGVzWC1CYWNrZW5kIiwiYXVkIjoiUHJvRGVzWC1Gcm9udGVuZCJ9.5UgRqDfnYZzQCURTZd8eEqXQXFD8-s9v7QiaXkB-WRs - null null
2026-04-02 16:53:17.608 [INF] Microsoft.AspNetCore.Cors.Infrastructure.CorsService | CORS policy execution successful.
2026-04-02 16:53:17.608 [INF] Microsoft.AspNetCore.Routing.EndpointMiddleware | Executing endpoint '/hubs/empot'
2026-04-02 16:55:23.547 [INF] Microsoft.AspNetCore.Routing.EndpointMiddleware | Executed endpoint '/hubs/attendance'
2026-04-02 16:55:23.547 [INF] Serilog.AspNetCore.RequestLoggingMiddleware | HTTP GET /hubs/attendance → 101 (125957.3ms)
2026-04-02 16:55:23.547 [INF] Microsoft.AspNetCore.Hosting.Diagnostics | Request finished HTTP/1.1 GET http://localhost:5217/hubs/attendance?id=YjTRsDjzEaFf5QgMBKvj9Q&access_token=eyJhbGciOiJIUzI1NiIsInR5cCI6IkpXVCJ9.eyJuYW1laWQiOiIxOCIsInVuaXF1ZV9uYW1lIjoidmFzYW50aGFrdW1hciIsImVtYWlsIjoidmFzYW50aDIwMDR2a0BnbWFpbC5jb20iLCJyb2xlIjoiU3VwZXJBZG1pbiIsIk9yZ2FuaXphdGlvbklkIjoiMiIsIk9yZ2FuaXphdGlvbkxvZ28iOiIvdXBsb2Fkcy9vcmctbG9nb3Mvb3JnLWxvZ28tNTg3M2M0NzVkOTFkNGJiZDkwNDZkZWVjNjY3ZDEzNmMuanBnIiwibmJmIjoxNzc1MTI2NzM2LCJleHAiOjE3NzUyMTMxMzYsImlhdCI6MTc3NTEyNjczNiwiaXNzIjoiUHJvRGVzWC1CYWNrZW5kIiwiYXVkIjoiUHJvRGVzWC1Gcm9udGVuZCJ9.5UgRqDfnYZzQCURTZd8eEqXQXFD8-s9v7QiaXkB-WRs - 101 null null 125957.5882ms
2026-04-02 16:55:23.547 [INF] Microsoft.AspNetCore.Routing.EndpointMiddleware | Executed endpoint '/hubs/empot'
2026-04-02 16:55:23.547 [INF] Serilog.AspNetCore.RequestLoggingMiddleware | HTTP GET /hubs/empot → 101 (125939.3ms)
2026-04-02 16:55:23.548 [INF] Microsoft.AspNetCore.Hosting.Diagnostics | Request finished HTTP/1.1 GET http://localhost:5217/hubs/empot?id=YBOLjpeRibCw_N_S3JHKfQ&access_token=eyJhbGciOiJIUzI1NiIsInR5cCI6IkpXVCJ9.eyJuYW1laWQiOiIxOCIsInVuaXF1ZV9uYW1lIjoidmFzYW50aGFrdW1hciIsImVtYWlsIjoidmFzYW50aDIwMDR2a0BnbWFpbC5jb20iLCJyb2xlIjoiU3VwZXJBZG1pbiIsIk9yZ2FuaXphdGlvbklkIjoiMiIsIk9yZ2FuaXphdGlvbkxvZ28iOiIvdXBsb2Fkcy9vcmctbG9nb3Mvb3JnLWxvZ28tNTg3M2M0NzVkOTFkNGJiZDkwNDZkZWVjNjY3ZDEzNmMuanBnIiwibmJmIjoxNzc1MTI2NzM2LCJleHAiOjE3NzUyMTMxMzYsImlhdCI6MTc3NTEyNjczNiwiaXNzIjoiUHJvRGVzWC1CYWNrZW5kIiwiYXVkIjoiUHJvRGVzWC1Gcm9udGVuZCJ9.5UgRqDfnYZzQCURTZd8eEqXQXFD8-s9v7QiaXkB-WRs - 101 null null 125939.6503ms
2026-04-02 16:55:23.557 [INF] Microsoft.AspNetCore.Hosting.Diagnostics | Request starting HTTP/1.1 OPTIONS http://localhost:5217/hubs/attendance/negotiate?negotiateVersion=1 - null null
2026-04-02 16:55:23.557 [INF] Microsoft.AspNetCore.Cors.Infrastructure.CorsService | CORS policy execution successful.
2026-04-02 16:55:23.557 [INF] Microsoft.AspNetCore.Hosting.Diagnostics | Request finished HTTP/1.1 OPTIONS http://localhost:5217/hubs/attendance/negotiate?negotiateVersion=1 - 204 null null 0.1378ms
2026-04-02 16:55:23.558 [INF] Microsoft.AspNetCore.Hosting.Diagnostics | Request starting HTTP/1.1 POST http://localhost:5217/hubs/attendance/negotiate?negotiateVersion=1 - text/plain;charset=UTF-8 0
2026-04-02 16:55:23.558 [INF] Microsoft.AspNetCore.Cors.Infrastructure.CorsService | CORS policy execution successful.
2026-04-02 16:55:23.558 [INF] Microsoft.AspNetCore.Routing.EndpointMiddleware | Executing endpoint '/hubs/attendance/negotiate'
2026-04-02 16:55:23.558 [INF] Microsoft.AspNetCore.Routing.EndpointMiddleware | Executed endpoint '/hubs/attendance/negotiate'
2026-04-02 16:55:23.558 [INF] Serilog.AspNetCore.RequestLoggingMiddleware | HTTP POST /hubs/attendance/negotiate → 200 (0.1ms)
2026-04-02 16:55:23.558 [INF] Microsoft.AspNetCore.Hosting.Diagnostics | Request finished HTTP/1.1 POST http://localhost:5217/hubs/attendance/negotiate?negotiateVersion=1 - 200 316 application/json 0.3175ms
2026-04-02 16:55:23.558 [INF] Microsoft.AspNetCore.Hosting.Diagnostics | Request starting HTTP/1.1 OPTIONS http://localhost:5217/hubs/empot/negotiate?negotiateVersion=1 - null null
2026-04-02 16:55:23.558 [INF] Microsoft.AspNetCore.Cors.Infrastructure.CorsService | CORS policy execution successful.
2026-04-02 16:55:23.559 [INF] Microsoft.AspNetCore.Hosting.Diagnostics | Request finished HTTP/1.1 OPTIONS http://localhost:5217/hubs/empot/negotiate?negotiateVersion=1 - 204 null null 0.0722ms
2026-04-02 16:55:23.560 [INF] Microsoft.AspNetCore.Hosting.Diagnostics | Request starting HTTP/1.1 POST http://localhost:5217/hubs/empot/negotiate?negotiateVersion=1 - text/plain;charset=UTF-8 0
2026-04-02 16:55:23.560 [INF] Microsoft.AspNetCore.Cors.Infrastructure.CorsService | CORS policy execution successful.
2026-04-02 16:55:23.560 [INF] Microsoft.AspNetCore.Routing.EndpointMiddleware | Executing endpoint '/hubs/empot/negotiate'
2026-04-02 16:55:23.560 [INF] Microsoft.AspNetCore.Routing.EndpointMiddleware | Executed endpoint '/hubs/empot/negotiate'
2026-04-02 16:55:23.560 [INF] Serilog.AspNetCore.RequestLoggingMiddleware | HTTP POST /hubs/empot/negotiate → 200 (0.1ms)
2026-04-02 16:55:23.560 [INF] Microsoft.AspNetCore.Hosting.Diagnostics | Request finished HTTP/1.1 POST http://localhost:5217/hubs/empot/negotiate?negotiateVersion=1 - 200 316 application/json 0.2375ms
2026-04-02 16:55:23.568 [INF] Microsoft.AspNetCore.Hosting.Diagnostics | Request starting HTTP/1.1 GET http://localhost:5217/hubs/attendance?id=1yqSV1W4XtLZqLJl1aafKw&access_token=eyJhbGciOiJIUzI1NiIsInR5cCI6IkpXVCJ9.eyJuYW1laWQiOiIxOCIsInVuaXF1ZV9uYW1lIjoidmFzYW50aGFrdW1hciIsImVtYWlsIjoidmFzYW50aDIwMDR2a0BnbWFpbC5jb20iLCJyb2xlIjoiU3VwZXJBZG1pbiIsIk9yZ2FuaXphdGlvbklkIjoiMiIsIk9yZ2FuaXphdGlvbkxvZ28iOiIvdXBsb2Fkcy9vcmctbG9nb3Mvb3JnLWxvZ28tNTg3M2M0NzVkOTFkNGJiZDkwNDZkZWVjNjY3ZDEzNmMuanBnIiwibmJmIjoxNzc1MTI2NzM2LCJleHAiOjE3NzUyMTMxMzYsImlhdCI6MTc3NTEyNjczNiwiaXNzIjoiUHJvRGVzWC1CYWNrZW5kIiwiYXVkIjoiUHJvRGVzWC1Gcm9udGVuZCJ9.5UgRqDfnYZzQCURTZd8eEqXQXFD8-s9v7QiaXkB-WRs - null null
2026-04-02 16:55:23.568 [INF] Microsoft.AspNetCore.Cors.Infrastructure.CorsService | CORS policy execution successful.
2026-04-02 16:55:23.569 [INF] Microsoft.AspNetCore.Routing.EndpointMiddleware | Executing endpoint '/hubs/attendance'
2026-04-02 16:55:23.596 [INF] Microsoft.AspNetCore.Hosting.Diagnostics | Request starting HTTP/1.1 GET http://localhost:5217/hubs/empot?id=hrqmHhrPIMKzFDY_9zQFIg&access_token=eyJhbGciOiJIUzI1NiIsInR5cCI6IkpXVCJ9.eyJuYW1laWQiOiIxOCIsInVuaXF1ZV9uYW1lIjoidmFzYW50aGFrdW1hciIsImVtYWlsIjoidmFzYW50aDIwMDR2a0BnbWFpbC5jb20iLCJyb2xlIjoiU3VwZXJBZG1pbiIsIk9yZ2FuaXphdGlvbklkIjoiMiIsIk9yZ2FuaXphdGlvbkxvZ28iOiIvdXBsb2Fkcy9vcmctbG9nb3Mvb3JnLWxvZ28tNTg3M2M0NzVkOTFkNGJiZDkwNDZkZWVjNjY3ZDEzNmMuanBnIiwibmJmIjoxNzc1MTI2NzM2LCJleHAiOjE3NzUyMTMxMzYsImlhdCI6MTc3NTEyNjczNiwiaXNzIjoiUHJvRGVzWC1CYWNrZW5kIiwiYXVkIjoiUHJvRGVzWC1Gcm9udGVuZCJ9.5UgRqDfnYZzQCURTZd8eEqXQXFD8-s9v7QiaXkB-WRs - null null
2026-04-02 16:55:23.596 [INF] Microsoft.AspNetCore.Cors.Infrastructure.CorsService | CORS policy execution successful.
2026-04-02 16:55:23.596 [INF] Microsoft.AspNetCore.Routing.EndpointMiddleware | Executing endpoint '/hubs/empot'
2026-04-02 16:55:46.431 [INF] Microsoft.AspNetCore.Hosting.Diagnostics | Request starting HTTP/1.1 OPTIONS http://localhost:5217/api/EmpOT/GetOTByOrgId?orgId=2 - null null
2026-04-02 16:55:46.432 [INF] Microsoft.AspNetCore.Cors.Infrastructure.CorsService | CORS policy execution successful.
2026-04-02 16:55:46.432 [INF] Microsoft.AspNetCore.Hosting.Diagnostics | Request finished HTTP/1.1 OPTIONS http://localhost:5217/api/EmpOT/GetOTByOrgId?orgId=2 - 204 null null 1.2646ms
2026-04-02 16:55:46.433 [INF] Microsoft.AspNetCore.Hosting.Diagnostics | Request starting HTTP/1.1 OPTIONS http://localhost:5217/api/employees?orgId=2 - null null
2026-04-02 16:55:46.433 [INF] Microsoft.AspNetCore.Cors.Infrastructure.CorsService | CORS policy execution successful.
2026-04-02 16:55:46.433 [INF] Microsoft.AspNetCore.Hosting.Diagnostics | Request finished HTTP/1.1 OPTIONS http://localhost:5217/api/employees?orgId=2 - 204 null null 0.1467ms
2026-04-02 16:55:46.437 [INF] Microsoft.AspNetCore.Hosting.Diagnostics | Request starting HTTP/1.1 GET http://localhost:5217/api/EmpOT/GetOTByOrgId?orgId=2 - application/json null
2026-04-02 16:55:46.437 [INF] Microsoft.AspNetCore.Hosting.Diagnostics | Request starting HTTP/1.1 GET http://localhost:5217/api/employees?orgId=2 - application/json null
2026-04-02 16:55:46.437 [INF] Microsoft.AspNetCore.Cors.Infrastructure.CorsService | CORS policy execution successful.
2026-04-02 16:55:46.437 [INF] Microsoft.AspNetCore.Cors.Infrastructure.CorsService | CORS policy execution successful.
2026-04-02 16:55:46.439 [INF] Microsoft.AspNetCore.Routing.EndpointMiddleware | Executing endpoint 'backend.Controllers.EmployeesController.GetEmployees (backend)'
2026-04-02 16:55:46.439 [INF] Microsoft.AspNetCore.Routing.EndpointMiddleware | Executing endpoint 'backend.Controllers.EmpOTController.GetOTByOrgId (backend)'
2026-04-02 16:55:46.444 [INF] Microsoft.AspNetCore.Mvc.Infrastructure.ControllerActionInvoker | Route matched with {action = "GetEmployees", controller = "Employees"}. Executing controller action with signature System.Threading.Tasks.Task`1[Microsoft.AspNetCore.Mvc.IActionResult] GetEmployees(System.Nullable`1[System.Int32]) on controller backend.Controllers.EmployeesController (backend).
2026-04-02 16:55:46.444 [INF] Microsoft.AspNetCore.Mvc.Infrastructure.ControllerActionInvoker | Route matched with {action = "GetOTByOrgId", controller = "EmpOT"}. Executing controller action with signature System.Threading.Tasks.Task`1[Microsoft.AspNetCore.Mvc.IActionResult] GetOTByOrgId(Int32) on controller backend.Controllers.EmpOTController (backend).
2026-04-02 16:55:46.447 [INF] backend.Controllers.EmployeesController | [Employees] GET all | TargetOrgId=2 | UserOrgId=2
2026-04-02 16:55:46.770 [INF] Microsoft.AspNetCore.Mvc.Infrastructure.ObjectResultExecutor | Executing OkObjectResult, writing value of type 'System.Collections.Generic.List`1[[backend.Models.EmpOT, backend, Version=1.0.0.0, Culture=neutral, PublicKeyToken=null]]'.
2026-04-02 16:55:46.771 [INF] Microsoft.AspNetCore.Mvc.Infrastructure.ControllerActionInvoker | Executed action backend.Controllers.EmpOTController.GetOTByOrgId (backend) in 326.4588ms
2026-04-02 16:55:46.771 [INF] Microsoft.AspNetCore.Routing.EndpointMiddleware | Executed endpoint 'backend.Controllers.EmpOTController.GetOTByOrgId (backend)'
2026-04-02 16:55:46.771 [INF] Serilog.AspNetCore.RequestLoggingMiddleware | HTTP GET /api/EmpOT/GetOTByOrgId → 200 (331.7ms)
2026-04-02 16:55:46.771 [INF] Microsoft.AspNetCore.Hosting.Diagnostics | Request finished HTTP/1.1 GET http://localhost:5217/api/EmpOT/GetOTByOrgId?orgId=2 - 200 null application/json; charset=utf-8 334.171ms
2026-04-02 16:55:46.844 [INF] Microsoft.AspNetCore.Mvc.Infrastructure.ObjectResultExecutor | Executing OkObjectResult, writing value of type 'System.Collections.Generic.List`1[[backend.Models.Employee, backend, Version=1.0.0.0, Culture=neutral, PublicKeyToken=null]]'.
2026-04-02 16:55:46.847 [INF] Microsoft.AspNetCore.Mvc.Infrastructure.ControllerActionInvoker | Executed action backend.Controllers.EmployeesController.GetEmployees (backend) in 402.4899ms
2026-04-02 16:55:46.847 [INF] Microsoft.AspNetCore.Routing.EndpointMiddleware | Executed endpoint 'backend.Controllers.EmployeesController.GetEmployees (backend)'
2026-04-02 16:55:46.847 [INF] Serilog.AspNetCore.RequestLoggingMiddleware | HTTP GET /api/employees → 200 (407.7ms)
2026-04-02 16:55:46.847 [INF] Microsoft.AspNetCore.Hosting.Diagnostics | Request finished HTTP/1.1 GET http://localhost:5217/api/employees?orgId=2 - 200 null application/json; charset=utf-8 410.1862ms
2026-04-02 16:56:15.883 [INF] Microsoft.AspNetCore.Hosting.Diagnostics | Request starting HTTP/1.1 OPTIONS http://localhost:5217/api/EmpOT/GetOTByOrgId?orgId=2 - null null
2026-04-02 16:56:15.883 [INF] Microsoft.AspNetCore.Cors.Infrastructure.CorsService | CORS policy execution successful.
2026-04-02 16:56:15.884 [INF] Microsoft.AspNetCore.Hosting.Diagnostics | Request finished HTTP/1.1 OPTIONS http://localhost:5217/api/EmpOT/GetOTByOrgId?orgId=2 - 204 null null 0.2169ms
2026-04-02 16:56:15.884 [INF] Microsoft.AspNetCore.Hosting.Diagnostics | Request starting HTTP/1.1 OPTIONS http://localhost:5217/api/employees?orgId=2 - null null
2026-04-02 16:56:15.884 [INF] Microsoft.AspNetCore.Cors.Infrastructure.CorsService | CORS policy execution successful.
2026-04-02 16:56:15.884 [INF] Microsoft.AspNetCore.Hosting.Diagnostics | Request finished HTTP/1.1 OPTIONS http://localhost:5217/api/employees?orgId=2 - 204 null null 0.2608ms
2026-04-02 16:56:15.886 [INF] Microsoft.AspNetCore.Hosting.Diagnostics | Request starting HTTP/1.1 GET http://localhost:5217/api/EmpOT/GetOTByOrgId?orgId=2 - application/json null
2026-04-02 16:56:15.886 [INF] Microsoft.AspNetCore.Cors.Infrastructure.CorsService | CORS policy execution successful.
2026-04-02 16:56:15.886 [INF] Microsoft.AspNetCore.Hosting.Diagnostics | Request starting HTTP/1.1 GET http://localhost:5217/api/employees?orgId=2 - application/json null
2026-04-02 16:56:15.886 [INF] Microsoft.AspNetCore.Cors.Infrastructure.CorsService | CORS policy execution successful.
2026-04-02 16:56:15.886 [INF] Microsoft.AspNetCore.Routing.EndpointMiddleware | Executing endpoint 'backend.Controllers.EmpOTController.GetOTByOrgId (backend)'
2026-04-02 16:56:15.886 [INF] Microsoft.AspNetCore.Routing.EndpointMiddleware | Executing endpoint 'backend.Controllers.EmployeesController.GetEmployees (backend)'
2026-04-02 16:56:15.886 [INF] Microsoft.AspNetCore.Mvc.Infrastructure.ControllerActionInvoker | Route matched with {action = "GetEmployees", controller = "Employees"}. Executing controller action with signature System.Threading.Tasks.Task`1[Microsoft.AspNetCore.Mvc.IActionResult] GetEmployees(System.Nullable`1[System.Int32]) on controller backend.Controllers.EmployeesController (backend).
2026-04-02 16:56:15.886 [INF] Microsoft.AspNetCore.Mvc.Infrastructure.ControllerActionInvoker | Route matched with {action = "GetOTByOrgId", controller = "EmpOT"}. Executing controller action with signature System.Threading.Tasks.Task`1[Microsoft.AspNetCore.Mvc.IActionResult] GetOTByOrgId(Int32) on controller backend.Controllers.EmpOTController (backend).
2026-04-02 16:56:15.886 [INF] backend.Controllers.EmployeesController | [Employees] GET all | TargetOrgId=2 | UserOrgId=2
2026-04-02 16:56:15.901 [INF] Microsoft.AspNetCore.Mvc.Infrastructure.ObjectResultExecutor | Executing OkObjectResult, writing value of type 'System.Collections.Generic.List`1[[backend.Models.EmpOT, backend, Version=1.0.0.0, Culture=neutral, PublicKeyToken=null]]'.
2026-04-02 16:56:15.901 [INF] Microsoft.AspNetCore.Mvc.Infrastructure.ObjectResultExecutor | Executing OkObjectResult, writing value of type 'System.Collections.Generic.List`1[[backend.Models.Employee, backend, Version=1.0.0.0, Culture=neutral, PublicKeyToken=null]]'.
2026-04-02 16:56:15.901 [INF] Microsoft.AspNetCore.Mvc.Infrastructure.ControllerActionInvoker | Executed action backend.Controllers.EmpOTController.GetOTByOrgId (backend) in 14.3852ms
2026-04-02 16:56:15.901 [INF] Microsoft.AspNetCore.Routing.EndpointMiddleware | Executed endpoint 'backend.Controllers.EmpOTController.GetOTByOrgId (backend)'
2026-04-02 16:56:15.901 [INF] Serilog.AspNetCore.RequestLoggingMiddleware | HTTP GET /api/EmpOT/GetOTByOrgId → 200 (14.6ms)
2026-04-02 16:56:15.901 [INF] Microsoft.AspNetCore.Hosting.Diagnostics | Request finished HTTP/1.1 GET http://localhost:5217/api/EmpOT/GetOTByOrgId?orgId=2 - 200 null application/json; charset=utf-8 15.0859ms
2026-04-02 16:56:15.901 [INF] Microsoft.AspNetCore.Mvc.Infrastructure.ControllerActionInvoker | Executed action backend.Controllers.EmployeesController.GetEmployees (backend) in 14.5331ms
2026-04-02 16:56:15.901 [INF] Microsoft.AspNetCore.Routing.EndpointMiddleware | Executed endpoint 'backend.Controllers.EmployeesController.GetEmployees (backend)'
2026-04-02 16:56:15.901 [INF] Serilog.AspNetCore.RequestLoggingMiddleware | HTTP GET /api/employees → 200 (14.7ms)
2026-04-02 16:56:15.901 [INF] Microsoft.AspNetCore.Hosting.Diagnostics | Request finished HTTP/1.1 GET http://localhost:5217/api/employees?orgId=2 - 200 null application/json; charset=utf-8 15.0541ms
2026-04-02 16:56:31.409 [INF] Microsoft.AspNetCore.Hosting.Diagnostics | Request starting HTTP/1.1 OPTIONS http://localhost:5217/api/users/organizations - null null
2026-04-02 16:56:31.409 [INF] Microsoft.AspNetCore.Cors.Infrastructure.CorsService | CORS policy execution successful.
2026-04-02 16:56:31.409 [INF] Microsoft.AspNetCore.Hosting.Diagnostics | Request finished HTTP/1.1 OPTIONS http://localhost:5217/api/users/organizations - 204 null null 0.2129ms
2026-04-02 16:56:31.411 [INF] Microsoft.AspNetCore.Hosting.Diagnostics | Request starting HTTP/1.1 GET http://localhost:5217/api/users/organizations - null null
2026-04-02 16:56:31.411 [INF] Microsoft.AspNetCore.Cors.Infrastructure.CorsService | CORS policy execution successful.
2026-04-02 16:56:31.411 [INF] Microsoft.AspNetCore.Routing.EndpointMiddleware | Executing endpoint 'backend.Controllers.UsersController.GetOrganizations (backend)'
2026-04-02 16:56:31.411 [INF] Microsoft.AspNetCore.Mvc.Infrastructure.ControllerActionInvoker | Route matched with {action = "GetOrganizations", controller = "Users"}. Executing controller action with signature System.Threading.Tasks.Task`1[Microsoft.AspNetCore.Mvc.IActionResult] GetOrganizations() on controller backend.Controllers.UsersController (backend).
2026-04-02 16:56:31.411 [INF] backend.Controllers.UsersController | [Users] GET organizations | Role=SuperAdmin | UserId=18
2026-04-02 16:56:31.431 [INF] Microsoft.AspNetCore.Mvc.Infrastructure.ObjectResultExecutor | Executing OkObjectResult, writing value of type 'System.Collections.Generic.List`1[[backend.Models.Organization, backend, Version=1.0.0.0, Culture=neutral, PublicKeyToken=null]]'.
2026-04-02 16:56:31.431 [INF] Microsoft.AspNetCore.Mvc.Infrastructure.ControllerActionInvoker | Executed action backend.Controllers.UsersController.GetOrganizations (backend) in 20.0166ms
2026-04-02 16:56:31.431 [INF] Microsoft.AspNetCore.Routing.EndpointMiddleware | Executed endpoint 'backend.Controllers.UsersController.GetOrganizations (backend)'
2026-04-02 16:56:31.431 [INF] Serilog.AspNetCore.RequestLoggingMiddleware | HTTP GET /api/users/organizations → 200 (20.3ms)
2026-04-02 16:56:31.431 [INF] Microsoft.AspNetCore.Hosting.Diagnostics | Request finished HTTP/1.1 GET http://localhost:5217/api/users/organizations - 200 null application/json; charset=utf-8 20.734ms
2026-04-02 16:56:32.023 [INF] Microsoft.AspNetCore.Hosting.Diagnostics | Request starting HTTP/1.1 OPTIONS http://localhost:5217/api/organizations - null null
2026-04-02 16:56:32.023 [INF] Microsoft.AspNetCore.Cors.Infrastructure.CorsService | CORS policy execution successful.
2026-04-02 16:56:32.023 [INF] Microsoft.AspNetCore.Hosting.Diagnostics | Request finished HTTP/1.1 OPTIONS http://localhost:5217/api/organizations - 204 null null 0.1595ms
2026-04-02 16:56:32.024 [INF] Microsoft.AspNetCore.Hosting.Diagnostics | Request starting HTTP/1.1 GET http://localhost:5217/api/organizations - application/json null
2026-04-02 16:56:32.024 [INF] Microsoft.AspNetCore.Cors.Infrastructure.CorsService | CORS policy execution successful.
2026-04-02 16:56:32.024 [INF] Microsoft.AspNetCore.Routing.EndpointMiddleware | Executing endpoint 'backend.Controllers.OrganizationsController.GetOrganizations (backend)'
2026-04-02 16:56:32.026 [INF] Microsoft.AspNetCore.Mvc.Infrastructure.ControllerActionInvoker | Route matched with {action = "GetOrganizations", controller = "Organizations"}. Executing controller action with signature System.Threading.Tasks.Task`1[Microsoft.AspNetCore.Mvc.IActionResult] GetOrganizations() on controller backend.Controllers.OrganizationsController (backend).
2026-04-02 16:56:32.026 [INF] backend.Controllers.OrganizationsController | [Orgs] GET all requested | Role=SuperAdmin | UserId=18
2026-04-02 16:56:32.038 [INF] Microsoft.AspNetCore.Mvc.Infrastructure.ObjectResultExecutor | Executing OkObjectResult, writing value of type 'System.Collections.Generic.List`1[[backend.Models.Organization, backend, Version=1.0.0.0, Culture=neutral, PublicKeyToken=null]]'.
2026-04-02 16:56:32.038 [INF] Microsoft.AspNetCore.Mvc.Infrastructure.ControllerActionInvoker | Executed action backend.Controllers.OrganizationsController.GetOrganizations (backend) in 12.1681ms
2026-04-02 16:56:32.038 [INF] Microsoft.AspNetCore.Routing.EndpointMiddleware | Executed endpoint 'backend.Controllers.OrganizationsController.GetOrganizations (backend)'
2026-04-02 16:56:32.038 [INF] Serilog.AspNetCore.RequestLoggingMiddleware | HTTP GET /api/organizations → 200 (13.7ms)
2026-04-02 16:56:32.038 [INF] Microsoft.AspNetCore.Hosting.Diagnostics | Request finished HTTP/1.1 GET http://localhost:5217/api/organizations - 200 null application/json; charset=utf-8 14.0256ms
2026-04-02 16:56:32.640 [INF] Microsoft.AspNetCore.Hosting.Diagnostics | Request starting HTTP/1.1 OPTIONS http://localhost:5217/api/leads - null null
2026-04-02 16:56:32.640 [INF] Microsoft.AspNetCore.Cors.Infrastructure.CorsService | CORS policy execution successful.
2026-04-02 16:56:32.640 [INF] Microsoft.AspNetCore.Hosting.Diagnostics | Request finished HTTP/1.1 OPTIONS http://localhost:5217/api/leads - 204 null null 0.195ms
2026-04-02 16:56:32.641 [INF] Microsoft.AspNetCore.Hosting.Diagnostics | Request starting HTTP/1.1 GET http://localhost:5217/api/leads - application/json null
2026-04-02 16:56:32.642 [INF] Microsoft.AspNetCore.Cors.Infrastructure.CorsService | CORS policy execution successful.
2026-04-02 16:56:32.642 [INF] Microsoft.AspNetCore.Routing.EndpointMiddleware | Executing endpoint 'backend.Controllers.LeadsController.GetLeads (backend)'
2026-04-02 16:56:32.643 [INF] Microsoft.AspNetCore.Mvc.Infrastructure.ControllerActionInvoker | Route matched with {action = "GetLeads", controller = "Leads"}. Executing controller action with signature System.Threading.Tasks.Task`1[System.Collections.Generic.IEnumerable`1[backend.Models.Lead]] GetLeads() on controller backend.Controllers.LeadsController (backend).
2026-04-02 16:56:32.666 [INF] Microsoft.AspNetCore.Mvc.Infrastructure.ObjectResultExecutor | Executing ObjectResult, writing value of type 'System.Collections.Generic.List`1[[backend.Models.Lead, backend, Version=1.0.0.0, Culture=neutral, PublicKeyToken=null]]'.
2026-04-02 16:56:32.671 [INF] Microsoft.AspNetCore.Mvc.Infrastructure.ControllerActionInvoker | Executed action backend.Controllers.LeadsController.GetLeads (backend) in 27.898ms
2026-04-02 16:56:32.671 [INF] Microsoft.AspNetCore.Routing.EndpointMiddleware | Executed endpoint 'backend.Controllers.LeadsController.GetLeads (backend)'
2026-04-02 16:56:32.671 [INF] Serilog.AspNetCore.RequestLoggingMiddleware | HTTP GET /api/leads → 200 (29.7ms)
2026-04-02 16:56:32.672 [INF] Microsoft.AspNetCore.Hosting.Diagnostics | Request finished HTTP/1.1 GET http://localhost:5217/api/leads - 200 null application/json; charset=utf-8 30.3047ms
2026-04-02 16:56:32.829 [INF] Microsoft.AspNetCore.Hosting.Diagnostics | Request starting HTTP/1.1 OPTIONS http://localhost:5217/api/employees?organizationId=2 - null null
2026-04-02 16:56:32.829 [INF] Microsoft.AspNetCore.Cors.Infrastructure.CorsService | CORS policy execution successful.
2026-04-02 16:56:32.829 [INF] Microsoft.AspNetCore.Hosting.Diagnostics | Request finished HTTP/1.1 OPTIONS http://localhost:5217/api/employees?organizationId=2 - 204 null null 0.2166ms
2026-04-02 16:56:32.831 [INF] Microsoft.AspNetCore.Hosting.Diagnostics | Request starting HTTP/1.1 GET http://localhost:5217/api/employees?organizationId=2 - application/json null
2026-04-02 16:56:32.831 [INF] Microsoft.AspNetCore.Cors.Infrastructure.CorsService | CORS policy execution successful.
2026-04-02 16:56:32.831 [INF] Microsoft.AspNetCore.Routing.EndpointMiddleware | Executing endpoint 'backend.Controllers.EmployeesController.GetEmployees (backend)'
2026-04-02 16:56:32.832 [INF] Microsoft.AspNetCore.Mvc.Infrastructure.ControllerActionInvoker | Route matched with {action = "GetEmployees", controller = "Employees"}. Executing controller action with signature System.Threading.Tasks.Task`1[Microsoft.AspNetCore.Mvc.IActionResult] GetEmployees(System.Nullable`1[System.Int32]) on controller backend.Controllers.EmployeesController (backend).
2026-04-02 16:56:32.832 [INF] backend.Controllers.EmployeesController | [Employees] GET all | TargetOrgId=2 | UserOrgId=2
2026-04-02 16:56:32.850 [INF] Microsoft.AspNetCore.Mvc.Infrastructure.ObjectResultExecutor | Executing OkObjectResult, writing value of type 'System.Collections.Generic.List`1[[backend.Models.Employee, backend, Version=1.0.0.0, Culture=neutral, PublicKeyToken=null]]'.
2026-04-02 16:56:32.850 [INF] Microsoft.AspNetCore.Mvc.Infrastructure.ControllerActionInvoker | Executed action backend.Controllers.EmployeesController.GetEmployees (backend) in 18.2186ms
2026-04-02 16:56:32.850 [INF] Microsoft.AspNetCore.Routing.EndpointMiddleware | Executed endpoint 'backend.Controllers.EmployeesController.GetEmployees (backend)'
2026-04-02 16:56:32.850 [INF] Serilog.AspNetCore.RequestLoggingMiddleware | HTTP GET /api/employees → 200 (18.5ms)
2026-04-02 16:56:32.850 [INF] Microsoft.AspNetCore.Hosting.Diagnostics | Request finished HTTP/1.1 GET http://localhost:5217/api/employees?organizationId=2 - 200 null application/json; charset=utf-8 19.0545ms
2026-04-02 16:56:32.869 [INF] Microsoft.AspNetCore.Hosting.Diagnostics | Request starting HTTP/1.1 OPTIONS http://localhost:5217/api/ShiftAssignments/roster?start=2026-04-02&end=2026-04-09&orgId=2 - null null
2026-04-02 16:56:32.869 [INF] Microsoft.AspNetCore.Cors.Infrastructure.CorsService | CORS policy execution successful.
2026-04-02 16:56:32.869 [INF] Microsoft.AspNetCore.Hosting.Diagnostics | Request finished HTTP/1.1 OPTIONS http://localhost:5217/api/ShiftAssignments/roster?start=2026-04-02&end=2026-04-09&orgId=2 - 204 null null 0.1842ms
2026-04-02 16:56:32.870 [INF] Microsoft.AspNetCore.Hosting.Diagnostics | Request starting HTTP/1.1 GET http://localhost:5217/api/ShiftAssignments/roster?start=2026-04-02&end=2026-04-09&orgId=2 - application/json null
2026-04-02 16:56:32.871 [INF] Microsoft.AspNetCore.Cors.Infrastructure.CorsService | CORS policy execution successful.
2026-04-02 16:56:32.871 [INF] Microsoft.AspNetCore.Routing.EndpointMiddleware | Executing endpoint 'backend.Controllers.ShiftAssignmentsController.GetMonthlyRosterFixed (backend)'
2026-04-02 16:56:32.872 [INF] Microsoft.AspNetCore.Mvc.Infrastructure.ControllerActionInvoker | Route matched with {action = "GetMonthlyRosterFixed", controller = "ShiftAssignments"}. Executing controller action with signature System.Threading.Tasks.Task`1[Microsoft.AspNetCore.Mvc.IActionResult] GetMonthlyRosterFixed(System.String, System.String, System.Nullable`1[System.Int32]) on controller backend.Controllers.ShiftAssignmentsController (backend).
2026-04-02 16:56:32.914 [INF] Microsoft.AspNetCore.Mvc.Infrastructure.ObjectResultExecutor | Executing OkObjectResult, writing value of type 'System.Collections.Generic.List`1[[backend.Models.EmployeeSchedule, backend, Version=1.0.0.0, Culture=neutral, PublicKeyToken=null]]'.
2026-04-02 16:56:32.915 [INF] Microsoft.AspNetCore.Mvc.Infrastructure.ControllerActionInvoker | Executed action backend.Controllers.ShiftAssignmentsController.GetMonthlyRosterFixed (backend) in 43.5134ms
2026-04-02 16:56:32.915 [INF] Microsoft.AspNetCore.Routing.EndpointMiddleware | Executed endpoint 'backend.Controllers.ShiftAssignmentsController.GetMonthlyRosterFixed (backend)'
2026-04-02 16:56:32.915 [INF] Serilog.AspNetCore.RequestLoggingMiddleware | HTTP GET /api/ShiftAssignments/roster → 200 (44.0ms)
2026-04-02 16:56:32.915 [INF] Microsoft.AspNetCore.Hosting.Diagnostics | Request finished HTTP/1.1 GET http://localhost:5217/api/ShiftAssignments/roster?start=2026-04-02&end=2026-04-09&orgId=2 - 200 null application/json; charset=utf-8 44.9402ms
2026-04-02 16:56:32.920 [INF] Microsoft.AspNetCore.Hosting.Diagnostics | Request starting HTTP/1.1 OPTIONS http://localhost:5217/api/Attendance/status?employeeId=31&orgId=2 - null null
2026-04-02 16:56:32.921 [INF] Microsoft.AspNetCore.Cors.Infrastructure.CorsService | CORS policy execution successful.
2026-04-02 16:56:32.921 [INF] Microsoft.AspNetCore.Hosting.Diagnostics | Request finished HTTP/1.1 OPTIONS http://localhost:5217/api/Attendance/status?employeeId=31&orgId=2 - 204 null null 0.6014ms
2026-04-02 16:56:32.922 [INF] Microsoft.AspNetCore.Hosting.Diagnostics | Request starting HTTP/1.1 GET http://localhost:5217/api/Attendance/status?employeeId=31&orgId=2 - application/json null
2026-04-02 16:56:32.922 [INF] Microsoft.AspNetCore.Cors.Infrastructure.CorsService | CORS policy execution successful.
2026-04-02 16:56:32.922 [INF] Microsoft.AspNetCore.Routing.EndpointMiddleware | Executing endpoint 'backend.Controllers.AttendanceController.GetStatus (backend)'
2026-04-02 16:56:32.923 [INF] Microsoft.AspNetCore.Mvc.Infrastructure.ControllerActionInvoker | Route matched with {action = "GetStatus", controller = "Attendance"}. Executing controller action with signature System.Threading.Tasks.Task`1[Microsoft.AspNetCore.Mvc.IActionResult] GetStatus(Int32, Int32) on controller backend.Controllers.AttendanceController (backend).
2026-04-02 16:56:32.954 [ERR] backend.Controllers.AttendanceController | Error getting attendance status
Microsoft.Data.SqlClient.SqlException (0x80131904): Invalid column name 'FN'.
Invalid column name 'AN'.
   at System.Threading.Tasks.ContinuationResultTaskFromResultTask`2.InnerInvoke()
   at System.Threading.ExecutionContext.RunInternal(ExecutionContext executionContext, ContextCallback callback, Object state)
--- End of stack trace from previous location ---
   at System.Threading.ExecutionContext.RunInternal(ExecutionContext executionContext, ContextCallback callback, Object state)
   at System.Threading.Tasks.Task.ExecuteWithThreadLocal(Task& currentTaskSlot, Thread threadPoolThread)
--- End of stack trace from previous location ---
   at Dapper.SqlMapper.QueryRowAsync[T](IDbConnection cnn, Row row, Type effectiveType, CommandDefinition command) in /_/Dapper/SqlMapper.Async.cs:line 489
   at backend.Controllers.AttendanceController.GetStatus(Int32 employeeId, Int32 orgId)
ClientConnectionId:f3062acc-7cb5-445b-8e8c-a5de8473f345
Error Number:207,State:1,Class:16
2026-04-02 16:56:32.999 [INF] Microsoft.AspNetCore.Mvc.Infrastructure.ObjectResultExecutor | Executing ObjectResult, writing value of type 'System.String'.
2026-04-02 16:56:33.007 [INF] Microsoft.AspNetCore.Mvc.Infrastructure.ControllerActionInvoker | Executed action backend.Controllers.AttendanceController.GetStatus (backend) in 83.4206ms
2026-04-02 16:56:33.007 [INF] Microsoft.AspNetCore.Routing.EndpointMiddleware | Executed endpoint 'backend.Controllers.AttendanceController.GetStatus (backend)'
2026-04-02 16:56:33.007 [ERR] Serilog.AspNetCore.RequestLoggingMiddleware | HTTP GET /api/Attendance/status → 500 (84.3ms)
2026-04-02 16:56:33.008 [INF] Microsoft.AspNetCore.Hosting.Diagnostics | Request finished HTTP/1.1 GET http://localhost:5217/api/Attendance/status?employeeId=31&orgId=2 - 500 null text/plain; charset=utf-8 86.0642ms
2026-04-02 17:09:56.546 [INF] Microsoft.AspNetCore.Routing.EndpointMiddleware | Executed endpoint '/hubs/attendance'
2026-04-02 17:09:56.546 [INF] Microsoft.AspNetCore.Routing.EndpointMiddleware | Executed endpoint '/hubs/empot'
2026-04-02 17:09:56.547 [INF] Serilog.AspNetCore.RequestLoggingMiddleware | HTTP GET /hubs/empot → 101 (872951.0ms)
2026-04-02 17:09:56.547 [INF] Serilog.AspNetCore.RequestLoggingMiddleware | HTTP GET /hubs/attendance → 101 (872978.3ms)
2026-04-02 17:09:56.548 [INF] Microsoft.AspNetCore.Hosting.Diagnostics | Request finished HTTP/1.1 GET http://localhost:5217/hubs/attendance?id=1yqSV1W4XtLZqLJl1aafKw&access_token=eyJhbGciOiJIUzI1NiIsInR5cCI6IkpXVCJ9.eyJuYW1laWQiOiIxOCIsInVuaXF1ZV9uYW1lIjoidmFzYW50aGFrdW1hciIsImVtYWlsIjoidmFzYW50aDIwMDR2a0BnbWFpbC5jb20iLCJyb2xlIjoiU3VwZXJBZG1pbiIsIk9yZ2FuaXphdGlvbklkIjoiMiIsIk9yZ2FuaXphdGlvbkxvZ28iOiIvdXBsb2Fkcy9vcmctbG9nb3Mvb3JnLWxvZ28tNTg3M2M0NzVkOTFkNGJiZDkwNDZkZWVjNjY3ZDEzNmMuanBnIiwibmJmIjoxNzc1MTI2NzM2LCJleHAiOjE3NzUyMTMxMzYsImlhdCI6MTc3NTEyNjczNiwiaXNzIjoiUHJvRGVzWC1CYWNrZW5kIiwiYXVkIjoiUHJvRGVzWC1Gcm9udGVuZCJ9.5UgRqDfnYZzQCURTZd8eEqXQXFD8-s9v7QiaXkB-WRs - 101 null null 872979.7818ms
2026-04-02 17:09:56.548 [INF] Microsoft.AspNetCore.Hosting.Diagnostics | Request finished HTTP/1.1 GET http://localhost:5217/hubs/empot?id=hrqmHhrPIMKzFDY_9zQFIg&access_token=eyJhbGciOiJIUzI1NiIsInR5cCI6IkpXVCJ9.eyJuYW1laWQiOiIxOCIsInVuaXF1ZV9uYW1lIjoidmFzYW50aGFrdW1hciIsImVtYWlsIjoidmFzYW50aDIwMDR2a0BnbWFpbC5jb20iLCJyb2xlIjoiU3VwZXJBZG1pbiIsIk9yZ2FuaXphdGlvbklkIjoiMiIsIk9yZ2FuaXphdGlvbkxvZ28iOiIvdXBsb2Fkcy9vcmctbG9nb3Mvb3JnLWxvZ28tNTg3M2M0NzVkOTFkNGJiZDkwNDZkZWVjNjY3ZDEzNmMuanBnIiwibmJmIjoxNzc1MTI2NzM2LCJleHAiOjE3NzUyMTMxMzYsImlhdCI6MTc3NTEyNjczNiwiaXNzIjoiUHJvRGVzWC1CYWNrZW5kIiwiYXVkIjoiUHJvRGVzWC1Gcm9udGVuZCJ9.5UgRqDfnYZzQCURTZd8eEqXQXFD8-s9v7QiaXkB-WRs - 101 null null 872952.4512ms
2026-04-02 17:09:56.575 [INF] Microsoft.AspNetCore.Hosting.Diagnostics | Request starting HTTP/1.1 OPTIONS http://localhost:5217/hubs/empot/negotiate?negotiateVersion=1 - null null
2026-04-02 17:09:56.575 [INF] Microsoft.AspNetCore.Cors.Infrastructure.CorsService | CORS policy execution successful.
2026-04-02 17:09:56.576 [INF] Microsoft.AspNetCore.Hosting.Diagnostics | Request finished HTTP/1.1 OPTIONS http://localhost:5217/hubs/empot/negotiate?negotiateVersion=1 - 204 null null 0.8846ms
2026-04-02 17:09:56.577 [INF] Microsoft.AspNetCore.Hosting.Diagnostics | Request starting HTTP/1.1 OPTIONS http://localhost:5217/hubs/attendance/negotiate?negotiateVersion=1 - null null
2026-04-02 17:09:56.577 [INF] Microsoft.AspNetCore.Cors.Infrastructure.CorsService | CORS policy execution successful.
2026-04-02 17:09:56.577 [INF] Microsoft.AspNetCore.Hosting.Diagnostics | Request finished HTTP/1.1 OPTIONS http://localhost:5217/hubs/attendance/negotiate?negotiateVersion=1 - 204 null null 0.1329ms
2026-04-02 17:09:56.577 [INF] Microsoft.AspNetCore.Hosting.Diagnostics | Request starting HTTP/1.1 POST http://localhost:5217/hubs/empot/negotiate?negotiateVersion=1 - text/plain;charset=UTF-8 0
2026-04-02 17:09:56.577 [INF] Microsoft.AspNetCore.Cors.Infrastructure.CorsService | CORS policy execution successful.
2026-04-02 17:09:56.578 [INF] Microsoft.AspNetCore.Hosting.Diagnostics | Request starting HTTP/1.1 POST http://localhost:5217/hubs/attendance/negotiate?negotiateVersion=1 - text/plain;charset=UTF-8 0
2026-04-02 17:09:56.578 [INF] Microsoft.AspNetCore.Cors.Infrastructure.CorsService | CORS policy execution successful.
2026-04-02 17:09:56.579 [INF] Microsoft.AspNetCore.Routing.EndpointMiddleware | Executing endpoint '/hubs/empot/negotiate'
2026-04-02 17:09:56.579 [INF] Microsoft.AspNetCore.Routing.EndpointMiddleware | Executing endpoint '/hubs/attendance/negotiate'
2026-04-02 17:09:56.580 [INF] Microsoft.AspNetCore.Routing.EndpointMiddleware | Executed endpoint '/hubs/attendance/negotiate'
2026-04-02 17:09:56.580 [INF] Microsoft.AspNetCore.Routing.EndpointMiddleware | Executed endpoint '/hubs/empot/negotiate'
2026-04-02 17:09:56.580 [INF] Serilog.AspNetCore.RequestLoggingMiddleware | HTTP POST /hubs/empot/negotiate → 200 (0.6ms)
2026-04-02 17:09:56.580 [INF] Serilog.AspNetCore.RequestLoggingMiddleware | HTTP POST /hubs/attendance/negotiate → 200 (0.6ms)
2026-04-02 17:09:56.580 [INF] Microsoft.AspNetCore.Hosting.Diagnostics | Request finished HTTP/1.1 POST http://localhost:5217/hubs/empot/negotiate?negotiateVersion=1 - 200 316 application/json 2.7893ms
2026-04-02 17:09:56.580 [INF] Microsoft.AspNetCore.Hosting.Diagnostics | Request finished HTTP/1.1 POST http://localhost:5217/hubs/attendance/negotiate?negotiateVersion=1 - 200 316 application/json 2.0298ms
2026-04-02 17:09:56.593 [INF] Microsoft.AspNetCore.Hosting.Diagnostics | Request starting HTTP/1.1 GET http://localhost:5217/hubs/empot?id=CsxBQ8o8to1mxP-mQ6HfBg&access_token=eyJhbGciOiJIUzI1NiIsInR5cCI6IkpXVCJ9.eyJuYW1laWQiOiIxOCIsInVuaXF1ZV9uYW1lIjoidmFzYW50aGFrdW1hciIsImVtYWlsIjoidmFzYW50aDIwMDR2a0BnbWFpbC5jb20iLCJyb2xlIjoiU3VwZXJBZG1pbiIsIk9yZ2FuaXphdGlvbklkIjoiMiIsIk9yZ2FuaXphdGlvbkxvZ28iOiIvdXBsb2Fkcy9vcmctbG9nb3Mvb3JnLWxvZ28tNTg3M2M0NzVkOTFkNGJiZDkwNDZkZWVjNjY3ZDEzNmMuanBnIiwibmJmIjoxNzc1MTI2NzM2LCJleHAiOjE3NzUyMTMxMzYsImlhdCI6MTc3NTEyNjczNiwiaXNzIjoiUHJvRGVzWC1CYWNrZW5kIiwiYXVkIjoiUHJvRGVzWC1Gcm9udGVuZCJ9.5UgRqDfnYZzQCURTZd8eEqXQXFD8-s9v7QiaXkB-WRs - null null
2026-04-02 17:09:56.593 [INF] Microsoft.AspNetCore.Cors.Infrastructure.CorsService | CORS policy execution successful.
2026-04-02 17:09:56.593 [INF] Microsoft.AspNetCore.Routing.EndpointMiddleware | Executing endpoint '/hubs/empot'
2026-04-02 17:09:56.606 [INF] Microsoft.AspNetCore.Hosting.Diagnostics | Request starting HTTP/1.1 GET http://localhost:5217/hubs/attendance?id=kRpJ3zei8AipyfP6hSV-LQ&access_token=eyJhbGciOiJIUzI1NiIsInR5cCI6IkpXVCJ9.eyJuYW1laWQiOiIxOCIsInVuaXF1ZV9uYW1lIjoidmFzYW50aGFrdW1hciIsImVtYWlsIjoidmFzYW50aDIwMDR2a0BnbWFpbC5jb20iLCJyb2xlIjoiU3VwZXJBZG1pbiIsIk9yZ2FuaXphdGlvbklkIjoiMiIsIk9yZ2FuaXphdGlvbkxvZ28iOiIvdXBsb2Fkcy9vcmctbG9nb3Mvb3JnLWxvZ28tNTg3M2M0NzVkOTFkNGJiZDkwNDZkZWVjNjY3ZDEzNmMuanBnIiwibmJmIjoxNzc1MTI2NzM2LCJleHAiOjE3NzUyMTMxMzYsImlhdCI6MTc3NTEyNjczNiwiaXNzIjoiUHJvRGVzWC1CYWNrZW5kIiwiYXVkIjoiUHJvRGVzWC1Gcm9udGVuZCJ9.5UgRqDfnYZzQCURTZd8eEqXQXFD8-s9v7QiaXkB-WRs - null null
2026-04-02 17:09:56.606 [INF] Microsoft.AspNetCore.Cors.Infrastructure.CorsService | CORS policy execution successful.
2026-04-02 17:09:56.606 [INF] Microsoft.AspNetCore.Routing.EndpointMiddleware | Executing endpoint '/hubs/attendance'
2026-04-02 17:12:02.551 [INF] Microsoft.AspNetCore.Routing.EndpointMiddleware | Executed endpoint '/hubs/empot'
2026-04-02 17:12:02.551 [INF] Serilog.AspNetCore.RequestLoggingMiddleware | HTTP GET /hubs/empot → 101 (125957.3ms)
2026-04-02 17:12:02.551 [INF] Microsoft.AspNetCore.Hosting.Diagnostics | Request finished HTTP/1.1 GET http://localhost:5217/hubs/empot?id=CsxBQ8o8to1mxP-mQ6HfBg&access_token=eyJhbGciOiJIUzI1NiIsInR5cCI6IkpXVCJ9.eyJuYW1laWQiOiIxOCIsInVuaXF1ZV9uYW1lIjoidmFzYW50aGFrdW1hciIsImVtYWlsIjoidmFzYW50aDIwMDR2a0BnbWFpbC5jb20iLCJyb2xlIjoiU3VwZXJBZG1pbiIsIk9yZ2FuaXphdGlvbklkIjoiMiIsIk9yZ2FuaXphdGlvbkxvZ28iOiIvdXBsb2Fkcy9vcmctbG9nb3Mvb3JnLWxvZ28tNTg3M2M0NzVkOTFkNGJiZDkwNDZkZWVjNjY3ZDEzNmMuanBnIiwibmJmIjoxNzc1MTI2NzM2LCJleHAiOjE3NzUyMTMxMzYsImlhdCI6MTc3NTEyNjczNiwiaXNzIjoiUHJvRGVzWC1CYWNrZW5kIiwiYXVkIjoiUHJvRGVzWC1Gcm9udGVuZCJ9.5UgRqDfnYZzQCURTZd8eEqXQXFD8-s9v7QiaXkB-WRs - 101 null null 125957.9211ms
2026-04-02 17:12:02.551 [INF] Microsoft.AspNetCore.Routing.EndpointMiddleware | Executed endpoint '/hubs/attendance'
2026-04-02 17:12:02.551 [INF] Serilog.AspNetCore.RequestLoggingMiddleware | HTTP GET /hubs/attendance → 101 (125945.3ms)
2026-04-02 17:12:02.551 [INF] Microsoft.AspNetCore.Hosting.Diagnostics | Request finished HTTP/1.1 GET http://localhost:5217/hubs/attendance?id=kRpJ3zei8AipyfP6hSV-LQ&access_token=eyJhbGciOiJIUzI1NiIsInR5cCI6IkpXVCJ9.eyJuYW1laWQiOiIxOCIsInVuaXF1ZV9uYW1lIjoidmFzYW50aGFrdW1hciIsImVtYWlsIjoidmFzYW50aDIwMDR2a0BnbWFpbC5jb20iLCJyb2xlIjoiU3VwZXJBZG1pbiIsIk9yZ2FuaXphdGlvbklkIjoiMiIsIk9yZ2FuaXphdGlvbkxvZ28iOiIvdXBsb2Fkcy9vcmctbG9nb3Mvb3JnLWxvZ28tNTg3M2M0NzVkOTFkNGJiZDkwNDZkZWVjNjY3ZDEzNmMuanBnIiwibmJmIjoxNzc1MTI2NzM2LCJleHAiOjE3NzUyMTMxMzYsImlhdCI6MTc3NTEyNjczNiwiaXNzIjoiUHJvRGVzWC1CYWNrZW5kIiwiYXVkIjoiUHJvRGVzWC1Gcm9udGVuZCJ9.5UgRqDfnYZzQCURTZd8eEqXQXFD8-s9v7QiaXkB-WRs - 101 null null 125945.6483ms
2026-04-02 17:12:02.565 [INF] Microsoft.AspNetCore.Hosting.Diagnostics | Request starting HTTP/1.1 OPTIONS http://localhost:5217/hubs/empot/negotiate?negotiateVersion=1 - null null
2026-04-02 17:12:02.565 [INF] Microsoft.AspNetCore.Cors.Infrastructure.CorsService | CORS policy execution successful.
2026-04-02 17:12:02.565 [INF] Microsoft.AspNetCore.Hosting.Diagnostics | Request finished HTTP/1.1 OPTIONS http://localhost:5217/hubs/empot/negotiate?negotiateVersion=1 - 204 null null 0.4136ms
2026-04-02 17:12:02.567 [INF] Microsoft.AspNetCore.Hosting.Diagnostics | Request starting HTTP/1.1 POST http://localhost:5217/hubs/empot/negotiate?negotiateVersion=1 - text/plain;charset=UTF-8 0
2026-04-02 17:12:02.567 [INF] Microsoft.AspNetCore.Cors.Infrastructure.CorsService | CORS policy execution successful.
2026-04-02 17:12:02.568 [INF] Microsoft.AspNetCore.Routing.EndpointMiddleware | Executing endpoint '/hubs/empot/negotiate'
2026-04-02 17:12:02.568 [INF] Microsoft.AspNetCore.Routing.EndpointMiddleware | Executed endpoint '/hubs/empot/negotiate'
2026-04-02 17:12:02.568 [INF] Serilog.AspNetCore.RequestLoggingMiddleware | HTTP POST /hubs/empot/negotiate → 200 (0.2ms)
2026-04-02 17:12:02.568 [INF] Microsoft.AspNetCore.Hosting.Diagnostics | Request finished HTTP/1.1 POST http://localhost:5217/hubs/empot/negotiate?negotiateVersion=1 - 200 316 application/json 1.2424ms
2026-04-02 17:12:02.571 [INF] Microsoft.AspNetCore.Hosting.Diagnostics | Request starting HTTP/1.1 OPTIONS http://localhost:5217/hubs/attendance/negotiate?negotiateVersion=1 - null null
2026-04-02 17:12:02.571 [INF] Microsoft.AspNetCore.Cors.Infrastructure.CorsService | CORS policy execution successful.
2026-04-02 17:12:02.571 [INF] Microsoft.AspNetCore.Hosting.Diagnostics | Request finished HTTP/1.1 OPTIONS http://localhost:5217/hubs/attendance/negotiate?negotiateVersion=1 - 204 null null 0.1497ms
2026-04-02 17:12:02.572 [INF] Microsoft.AspNetCore.Hosting.Diagnostics | Request starting HTTP/1.1 POST http://localhost:5217/hubs/attendance/negotiate?negotiateVersion=1 - text/plain;charset=UTF-8 0
2026-04-02 17:12:02.572 [INF] Microsoft.AspNetCore.Cors.Infrastructure.CorsService | CORS policy execution successful.
2026-04-02 17:12:02.573 [INF] Microsoft.AspNetCore.Routing.EndpointMiddleware | Executing endpoint '/hubs/attendance/negotiate'
2026-04-02 17:12:02.573 [INF] Microsoft.AspNetCore.Routing.EndpointMiddleware | Executed endpoint '/hubs/attendance/negotiate'
2026-04-02 17:12:02.573 [INF] Serilog.AspNetCore.RequestLoggingMiddleware | HTTP POST /hubs/attendance/negotiate → 200 (0.1ms)
2026-04-02 17:12:02.573 [INF] Microsoft.AspNetCore.Hosting.Diagnostics | Request finished HTTP/1.1 POST http://localhost:5217/hubs/attendance/negotiate?negotiateVersion=1 - 200 316 application/json 0.5528ms
2026-04-02 17:12:02.582 [INF] Microsoft.AspNetCore.Hosting.Diagnostics | Request starting HTTP/1.1 GET http://localhost:5217/hubs/empot?id=t-_ZqqCCjpvPX4LSJcOj5A&access_token=eyJhbGciOiJIUzI1NiIsInR5cCI6IkpXVCJ9.eyJuYW1laWQiOiIxOCIsInVuaXF1ZV9uYW1lIjoidmFzYW50aGFrdW1hciIsImVtYWlsIjoidmFzYW50aDIwMDR2a0BnbWFpbC5jb20iLCJyb2xlIjoiU3VwZXJBZG1pbiIsIk9yZ2FuaXphdGlvbklkIjoiMiIsIk9yZ2FuaXphdGlvbkxvZ28iOiIvdXBsb2Fkcy9vcmctbG9nb3Mvb3JnLWxvZ28tNTg3M2M0NzVkOTFkNGJiZDkwNDZkZWVjNjY3ZDEzNmMuanBnIiwibmJmIjoxNzc1MTI2NzM2LCJleHAiOjE3NzUyMTMxMzYsImlhdCI6MTc3NTEyNjczNiwiaXNzIjoiUHJvRGVzWC1CYWNrZW5kIiwiYXVkIjoiUHJvRGVzWC1Gcm9udGVuZCJ9.5UgRqDfnYZzQCURTZd8eEqXQXFD8-s9v7QiaXkB-WRs - null null
2026-04-02 17:12:02.582 [INF] Microsoft.AspNetCore.Cors.Infrastructure.CorsService | CORS policy execution successful.
2026-04-02 17:12:02.583 [INF] Microsoft.AspNetCore.Routing.EndpointMiddleware | Executing endpoint '/hubs/empot'
2026-04-02 17:12:02.597 [INF] Microsoft.AspNetCore.Hosting.Diagnostics | Request starting HTTP/1.1 GET http://localhost:5217/hubs/attendance?id=PEJILUGRXBGvHw5AgSYa3w&access_token=eyJhbGciOiJIUzI1NiIsInR5cCI6IkpXVCJ9.eyJuYW1laWQiOiIxOCIsInVuaXF1ZV9uYW1lIjoidmFzYW50aGFrdW1hciIsImVtYWlsIjoidmFzYW50aDIwMDR2a0BnbWFpbC5jb20iLCJyb2xlIjoiU3VwZXJBZG1pbiIsIk9yZ2FuaXphdGlvbklkIjoiMiIsIk9yZ2FuaXphdGlvbkxvZ28iOiIvdXBsb2Fkcy9vcmctbG9nb3Mvb3JnLWxvZ28tNTg3M2M0NzVkOTFkNGJiZDkwNDZkZWVjNjY3ZDEzNmMuanBnIiwibmJmIjoxNzc1MTI2NzM2LCJleHAiOjE3NzUyMTMxMzYsImlhdCI6MTc3NTEyNjczNiwiaXNzIjoiUHJvRGVzWC1CYWNrZW5kIiwiYXVkIjoiUHJvRGVzWC1Gcm9udGVuZCJ9.5UgRqDfnYZzQCURTZd8eEqXQXFD8-s9v7QiaXkB-WRs - null null
2026-04-02 17:12:02.597 [INF] Microsoft.AspNetCore.Cors.Infrastructure.CorsService | CORS policy execution successful.
2026-04-02 17:12:02.598 [INF] Microsoft.AspNetCore.Routing.EndpointMiddleware | Executing endpoint '/hubs/attendance'
2026-04-02 17:14:08.545 [INF] Microsoft.AspNetCore.Routing.EndpointMiddleware | Executed endpoint '/hubs/empot'
2026-04-02 17:14:08.545 [INF] Microsoft.AspNetCore.Routing.EndpointMiddleware | Executed endpoint '/hubs/attendance'
2026-04-02 17:14:08.545 [INF] Serilog.AspNetCore.RequestLoggingMiddleware | HTTP GET /hubs/attendance → 101 (125947.2ms)
2026-04-02 17:14:08.545 [INF] Serilog.AspNetCore.RequestLoggingMiddleware | HTTP GET /hubs/empot → 101 (125962.1ms)
2026-04-02 17:14:08.545 [INF] Microsoft.AspNetCore.Hosting.Diagnostics | Request finished HTTP/1.1 GET http://localhost:5217/hubs/attendance?id=PEJILUGRXBGvHw5AgSYa3w&access_token=eyJhbGciOiJIUzI1NiIsInR5cCI6IkpXVCJ9.eyJuYW1laWQiOiIxOCIsInVuaXF1ZV9uYW1lIjoidmFzYW50aGFrdW1hciIsImVtYWlsIjoidmFzYW50aDIwMDR2a0BnbWFpbC5jb20iLCJyb2xlIjoiU3VwZXJBZG1pbiIsIk9yZ2FuaXphdGlvbklkIjoiMiIsIk9yZ2FuaXphdGlvbkxvZ28iOiIvdXBsb2Fkcy9vcmctbG9nb3Mvb3JnLWxvZ28tNTg3M2M0NzVkOTFkNGJiZDkwNDZkZWVjNjY3ZDEzNmMuanBnIiwibmJmIjoxNzc1MTI2NzM2LCJleHAiOjE3NzUyMTMxMzYsImlhdCI6MTc3NTEyNjczNiwiaXNzIjoiUHJvRGVzWC1CYWNrZW5kIiwiYXVkIjoiUHJvRGVzWC1Gcm9udGVuZCJ9.5UgRqDfnYZzQCURTZd8eEqXQXFD8-s9v7QiaXkB-WRs - 101 null null 125947.8275ms
2026-04-02 17:14:08.545 [INF] Microsoft.AspNetCore.Hosting.Diagnostics | Request finished HTTP/1.1 GET http://localhost:5217/hubs/empot?id=t-_ZqqCCjpvPX4LSJcOj5A&access_token=eyJhbGciOiJIUzI1NiIsInR5cCI6IkpXVCJ9.eyJuYW1laWQiOiIxOCIsInVuaXF1ZV9uYW1lIjoidmFzYW50aGFrdW1hciIsImVtYWlsIjoidmFzYW50aDIwMDR2a0BnbWFpbC5jb20iLCJyb2xlIjoiU3VwZXJBZG1pbiIsIk9yZ2FuaXphdGlvbklkIjoiMiIsIk9yZ2FuaXphdGlvbkxvZ28iOiIvdXBsb2Fkcy9vcmctbG9nb3Mvb3JnLWxvZ28tNTg3M2M0NzVkOTFkNGJiZDkwNDZkZWVjNjY3ZDEzNmMuanBnIiwibmJmIjoxNzc1MTI2NzM2LCJleHAiOjE3NzUyMTMxMzYsImlhdCI6MTc3NTEyNjczNiwiaXNzIjoiUHJvRGVzWC1CYWNrZW5kIiwiYXVkIjoiUHJvRGVzWC1Gcm9udGVuZCJ9.5UgRqDfnYZzQCURTZd8eEqXQXFD8-s9v7QiaXkB-WRs - 101 null null 125962.5507ms
2026-04-02 17:14:08.554 [INF] Microsoft.AspNetCore.Hosting.Diagnostics | Request starting HTTP/1.1 OPTIONS http://localhost:5217/hubs/empot/negotiate?negotiateVersion=1 - null null
2026-04-02 17:14:08.554 [INF] Microsoft.AspNetCore.Cors.Infrastructure.CorsService | CORS policy execution successful.
2026-04-02 17:14:08.554 [INF] Microsoft.AspNetCore.Hosting.Diagnostics | Request finished HTTP/1.1 OPTIONS http://localhost:5217/hubs/empot/negotiate?negotiateVersion=1 - 204 null null 0.1954ms
2026-04-02 17:14:08.555 [INF] Microsoft.AspNetCore.Hosting.Diagnostics | Request starting HTTP/1.1 POST http://localhost:5217/hubs/empot/negotiate?negotiateVersion=1 - text/plain;charset=UTF-8 0
2026-04-02 17:14:08.555 [INF] Microsoft.AspNetCore.Cors.Infrastructure.CorsService | CORS policy execution successful.
2026-04-02 17:14:08.556 [INF] Microsoft.AspNetCore.Routing.EndpointMiddleware | Executing endpoint '/hubs/empot/negotiate'
2026-04-02 17:14:08.556 [INF] Microsoft.AspNetCore.Routing.EndpointMiddleware | Executed endpoint '/hubs/empot/negotiate'
2026-04-02 17:14:08.556 [INF] Serilog.AspNetCore.RequestLoggingMiddleware | HTTP POST /hubs/empot/negotiate → 200 (0.5ms)
2026-04-02 17:14:08.556 [INF] Microsoft.AspNetCore.Hosting.Diagnostics | Request finished HTTP/1.1 POST http://localhost:5217/hubs/empot/negotiate?negotiateVersion=1 - 200 316 application/json 0.7114ms
2026-04-02 17:14:08.558 [INF] Microsoft.AspNetCore.Hosting.Diagnostics | Request starting HTTP/1.1 OPTIONS http://localhost:5217/hubs/attendance/negotiate?negotiateVersion=1 - null null
2026-04-02 17:14:08.558 [INF] Microsoft.AspNetCore.Cors.Infrastructure.CorsService | CORS policy execution successful.
2026-04-02 17:14:08.558 [INF] Microsoft.AspNetCore.Hosting.Diagnostics | Request finished HTTP/1.1 OPTIONS http://localhost:5217/hubs/attendance/negotiate?negotiateVersion=1 - 204 null null 0.117ms
2026-04-02 17:14:08.559 [INF] Microsoft.AspNetCore.Hosting.Diagnostics | Request starting HTTP/1.1 POST http://localhost:5217/hubs/attendance/negotiate?negotiateVersion=1 - text/plain;charset=UTF-8 0
2026-04-02 17:14:08.559 [INF] Microsoft.AspNetCore.Cors.Infrastructure.CorsService | CORS policy execution successful.
2026-04-02 17:14:08.559 [INF] Microsoft.AspNetCore.Routing.EndpointMiddleware | Executing endpoint '/hubs/attendance/negotiate'
2026-04-02 17:14:08.559 [INF] Microsoft.AspNetCore.Routing.EndpointMiddleware | Executed endpoint '/hubs/attendance/negotiate'
2026-04-02 17:14:08.559 [INF] Serilog.AspNetCore.RequestLoggingMiddleware | HTTP POST /hubs/attendance/negotiate → 200 (0.1ms)
2026-04-02 17:14:08.560 [INF] Microsoft.AspNetCore.Hosting.Diagnostics | Request finished HTTP/1.1 POST http://localhost:5217/hubs/attendance/negotiate?negotiateVersion=1 - 200 316 application/json 0.3737ms
2026-04-02 17:14:08.564 [INF] Microsoft.AspNetCore.Hosting.Diagnostics | Request starting HTTP/1.1 GET http://localhost:5217/hubs/empot?id=EmpuOmB8sPDEDdddm1sQUQ&access_token=eyJhbGciOiJIUzI1NiIsInR5cCI6IkpXVCJ9.eyJuYW1laWQiOiIxOCIsInVuaXF1ZV9uYW1lIjoidmFzYW50aGFrdW1hciIsImVtYWlsIjoidmFzYW50aDIwMDR2a0BnbWFpbC5jb20iLCJyb2xlIjoiU3VwZXJBZG1pbiIsIk9yZ2FuaXphdGlvbklkIjoiMiIsIk9yZ2FuaXphdGlvbkxvZ28iOiIvdXBsb2Fkcy9vcmctbG9nb3Mvb3JnLWxvZ28tNTg3M2M0NzVkOTFkNGJiZDkwNDZkZWVjNjY3ZDEzNmMuanBnIiwibmJmIjoxNzc1MTI2NzM2LCJleHAiOjE3NzUyMTMxMzYsImlhdCI6MTc3NTEyNjczNiwiaXNzIjoiUHJvRGVzWC1CYWNrZW5kIiwiYXVkIjoiUHJvRGVzWC1Gcm9udGVuZCJ9.5UgRqDfnYZzQCURTZd8eEqXQXFD8-s9v7QiaXkB-WRs - null null
2026-04-02 17:14:08.564 [INF] Microsoft.AspNetCore.Cors.Infrastructure.CorsService | CORS policy execution successful.
2026-04-02 17:14:08.564 [INF] Microsoft.AspNetCore.Routing.EndpointMiddleware | Executing endpoint '/hubs/empot'
2026-04-02 17:14:08.591 [INF] Microsoft.AspNetCore.Hosting.Diagnostics | Request starting HTTP/1.1 GET http://localhost:5217/hubs/attendance?id=tDJPUcw-HIR32VChT2yO-A&access_token=eyJhbGciOiJIUzI1NiIsInR5cCI6IkpXVCJ9.eyJuYW1laWQiOiIxOCIsInVuaXF1ZV9uYW1lIjoidmFzYW50aGFrdW1hciIsImVtYWlsIjoidmFzYW50aDIwMDR2a0BnbWFpbC5jb20iLCJyb2xlIjoiU3VwZXJBZG1pbiIsIk9yZ2FuaXphdGlvbklkIjoiMiIsIk9yZ2FuaXphdGlvbkxvZ28iOiIvdXBsb2Fkcy9vcmctbG9nb3Mvb3JnLWxvZ28tNTg3M2M0NzVkOTFkNGJiZDkwNDZkZWVjNjY3ZDEzNmMuanBnIiwibmJmIjoxNzc1MTI2NzM2LCJleHAiOjE3NzUyMTMxMzYsImlhdCI6MTc3NTEyNjczNiwiaXNzIjoiUHJvRGVzWC1CYWNrZW5kIiwiYXVkIjoiUHJvRGVzWC1Gcm9udGVuZCJ9.5UgRqDfnYZzQCURTZd8eEqXQXFD8-s9v7QiaXkB-WRs - null null
2026-04-02 17:14:08.591 [INF] Microsoft.AspNetCore.Cors.Infrastructure.CorsService | CORS policy execution successful.
2026-04-02 17:14:08.591 [INF] Microsoft.AspNetCore.Routing.EndpointMiddleware | Executing endpoint '/hubs/attendance'
2026-04-02 17:15:26.552 [INF] Microsoft.AspNetCore.Routing.EndpointMiddleware | Executed endpoint '/hubs/empot'
2026-04-02 17:15:26.552 [INF] Microsoft.AspNetCore.Routing.EndpointMiddleware | Executed endpoint '/hubs/attendance'
2026-04-02 17:15:26.552 [INF] Serilog.AspNetCore.RequestLoggingMiddleware | HTTP GET /hubs/attendance → 101 (77961.1ms)
2026-04-02 17:15:26.552 [INF] Serilog.AspNetCore.RequestLoggingMiddleware | HTTP GET /hubs/empot → 101 (77987.8ms)
2026-04-02 17:15:26.552 [INF] Microsoft.AspNetCore.Hosting.Diagnostics | Request finished HTTP/1.1 GET http://localhost:5217/hubs/attendance?id=tDJPUcw-HIR32VChT2yO-A&access_token=eyJhbGciOiJIUzI1NiIsInR5cCI6IkpXVCJ9.eyJuYW1laWQiOiIxOCIsInVuaXF1ZV9uYW1lIjoidmFzYW50aGFrdW1hciIsImVtYWlsIjoidmFzYW50aDIwMDR2a0BnbWFpbC5jb20iLCJyb2xlIjoiU3VwZXJBZG1pbiIsIk9yZ2FuaXphdGlvbklkIjoiMiIsIk9yZ2FuaXphdGlvbkxvZ28iOiIvdXBsb2Fkcy9vcmctbG9nb3Mvb3JnLWxvZ28tNTg3M2M0NzVkOTFkNGJiZDkwNDZkZWVjNjY3ZDEzNmMuanBnIiwibmJmIjoxNzc1MTI2NzM2LCJleHAiOjE3NzUyMTMxMzYsImlhdCI6MTc3NTEyNjczNiwiaXNzIjoiUHJvRGVzWC1CYWNrZW5kIiwiYXVkIjoiUHJvRGVzWC1Gcm9udGVuZCJ9.5UgRqDfnYZzQCURTZd8eEqXQXFD8-s9v7QiaXkB-WRs - 101 null null 77961.526ms
2026-04-02 17:15:26.552 [INF] Microsoft.AspNetCore.Hosting.Diagnostics | Request finished HTTP/1.1 GET http://localhost:5217/hubs/empot?id=EmpuOmB8sPDEDdddm1sQUQ&access_token=eyJhbGciOiJIUzI1NiIsInR5cCI6IkpXVCJ9.eyJuYW1laWQiOiIxOCIsInVuaXF1ZV9uYW1lIjoidmFzYW50aGFrdW1hciIsImVtYWlsIjoidmFzYW50aDIwMDR2a0BnbWFpbC5jb20iLCJyb2xlIjoiU3VwZXJBZG1pbiIsIk9yZ2FuaXphdGlvbklkIjoiMiIsIk9yZ2FuaXphdGlvbkxvZ28iOiIvdXBsb2Fkcy9vcmctbG9nb3Mvb3JnLWxvZ28tNTg3M2M0NzVkOTFkNGJiZDkwNDZkZWVjNjY3ZDEzNmMuanBnIiwibmJmIjoxNzc1MTI2NzM2LCJleHAiOjE3NzUyMTMxMzYsImlhdCI6MTc3NTEyNjczNiwiaXNzIjoiUHJvRGVzWC1CYWNrZW5kIiwiYXVkIjoiUHJvRGVzWC1Gcm9udGVuZCJ9.5UgRqDfnYZzQCURTZd8eEqXQXFD8-s9v7QiaXkB-WRs - 101 null null 77988.289ms
2026-04-02 17:21:52.017 [INF] Microsoft.AspNetCore.Hosting.Diagnostics | Request starting HTTP/1.1 OPTIONS http://localhost:5217/hubs/empot/negotiate?negotiateVersion=1 - null null
2026-04-02 17:21:52.017 [INF] Microsoft.AspNetCore.Hosting.Diagnostics | Request starting HTTP/1.1 OPTIONS http://localhost:5217/hubs/attendance/negotiate?negotiateVersion=1 - null null
2026-04-02 17:21:52.020 [INF] Microsoft.AspNetCore.Cors.Infrastructure.CorsService | CORS policy execution successful.
2026-04-02 17:21:52.020 [INF] Microsoft.AspNetCore.Cors.Infrastructure.CorsService | CORS policy execution successful.
2026-04-02 17:21:52.021 [INF] Microsoft.AspNetCore.Hosting.Diagnostics | Request finished HTTP/1.1 OPTIONS http://localhost:5217/hubs/attendance/negotiate?negotiateVersion=1 - 204 null null 3.8836ms
2026-04-02 17:21:52.021 [INF] Microsoft.AspNetCore.Hosting.Diagnostics | Request finished HTTP/1.1 OPTIONS http://localhost:5217/hubs/empot/negotiate?negotiateVersion=1 - 204 null null 3.8607ms
2026-04-02 17:21:52.023 [INF] Microsoft.AspNetCore.Hosting.Diagnostics | Request starting HTTP/1.1 POST http://localhost:5217/hubs/attendance/negotiate?negotiateVersion=1 - text/plain;charset=UTF-8 0
2026-04-02 17:21:52.023 [INF] Microsoft.AspNetCore.Hosting.Diagnostics | Request starting HTTP/1.1 POST http://localhost:5217/hubs/empot/negotiate?negotiateVersion=1 - text/plain;charset=UTF-8 0
2026-04-02 17:21:52.023 [INF] Microsoft.AspNetCore.Cors.Infrastructure.CorsService | CORS policy execution successful.
2026-04-02 17:21:52.023 [INF] Microsoft.AspNetCore.Cors.Infrastructure.CorsService | CORS policy execution successful.
2026-04-02 17:21:52.029 [INF] Microsoft.AspNetCore.Routing.EndpointMiddleware | Executing endpoint '/hubs/attendance/negotiate'
2026-04-02 17:21:52.029 [INF] Microsoft.AspNetCore.Routing.EndpointMiddleware | Executing endpoint '/hubs/empot/negotiate'
2026-04-02 17:21:52.030 [INF] Microsoft.AspNetCore.Routing.EndpointMiddleware | Executed endpoint '/hubs/empot/negotiate'
2026-04-02 17:21:52.030 [INF] Microsoft.AspNetCore.Routing.EndpointMiddleware | Executed endpoint '/hubs/attendance/negotiate'
2026-04-02 17:21:52.030 [INF] Serilog.AspNetCore.RequestLoggingMiddleware | HTTP POST /hubs/attendance/negotiate → 200 (1.4ms)
2026-04-02 17:21:52.030 [INF] Serilog.AspNetCore.RequestLoggingMiddleware | HTTP POST /hubs/empot/negotiate → 200 (1.4ms)
2026-04-02 17:21:52.030 [INF] Microsoft.AspNetCore.Hosting.Diagnostics | Request finished HTTP/1.1 POST http://localhost:5217/hubs/attendance/negotiate?negotiateVersion=1 - 200 316 application/json 7.7058ms
2026-04-02 17:21:52.030 [INF] Microsoft.AspNetCore.Hosting.Diagnostics | Request finished HTTP/1.1 POST http://localhost:5217/hubs/empot/negotiate?negotiateVersion=1 - 200 316 application/json 7.6976ms
2026-04-02 17:21:52.042 [INF] Microsoft.AspNetCore.Hosting.Diagnostics | Request starting HTTP/1.1 GET http://localhost:5217/hubs/attendance?id=RlMepxzlWv8mRoNcWNxthA&access_token=eyJhbGciOiJIUzI1NiIsInR5cCI6IkpXVCJ9.eyJuYW1laWQiOiIxOCIsInVuaXF1ZV9uYW1lIjoidmFzYW50aGFrdW1hciIsImVtYWlsIjoidmFzYW50aDIwMDR2a0BnbWFpbC5jb20iLCJyb2xlIjoiU3VwZXJBZG1pbiIsIk9yZ2FuaXphdGlvbklkIjoiMiIsIk9yZ2FuaXphdGlvbkxvZ28iOiIvdXBsb2Fkcy9vcmctbG9nb3Mvb3JnLWxvZ28tNTg3M2M0NzVkOTFkNGJiZDkwNDZkZWVjNjY3ZDEzNmMuanBnIiwibmJmIjoxNzc1MTI2NzM2LCJleHAiOjE3NzUyMTMxMzYsImlhdCI6MTc3NTEyNjczNiwiaXNzIjoiUHJvRGVzWC1CYWNrZW5kIiwiYXVkIjoiUHJvRGVzWC1Gcm9udGVuZCJ9.5UgRqDfnYZzQCURTZd8eEqXQXFD8-s9v7QiaXkB-WRs - null null
2026-04-02 17:21:52.042 [INF] Microsoft.AspNetCore.Cors.Infrastructure.CorsService | CORS policy execution successful.
2026-04-02 17:21:52.042 [INF] Microsoft.AspNetCore.Routing.EndpointMiddleware | Executing endpoint '/hubs/attendance'
2026-04-02 17:21:52.056 [INF] Microsoft.AspNetCore.Hosting.Diagnostics | Request starting HTTP/1.1 GET http://localhost:5217/hubs/empot?id=VbhCFwZKlJIWqtuduC_psw&access_token=eyJhbGciOiJIUzI1NiIsInR5cCI6IkpXVCJ9.eyJuYW1laWQiOiIxOCIsInVuaXF1ZV9uYW1lIjoidmFzYW50aGFrdW1hciIsImVtYWlsIjoidmFzYW50aDIwMDR2a0BnbWFpbC5jb20iLCJyb2xlIjoiU3VwZXJBZG1pbiIsIk9yZ2FuaXphdGlvbklkIjoiMiIsIk9yZ2FuaXphdGlvbkxvZ28iOiIvdXBsb2Fkcy9vcmctbG9nb3Mvb3JnLWxvZ28tNTg3M2M0NzVkOTFkNGJiZDkwNDZkZWVjNjY3ZDEzNmMuanBnIiwibmJmIjoxNzc1MTI2NzM2LCJleHAiOjE3NzUyMTMxMzYsImlhdCI6MTc3NTEyNjczNiwiaXNzIjoiUHJvRGVzWC1CYWNrZW5kIiwiYXVkIjoiUHJvRGVzWC1Gcm9udGVuZCJ9.5UgRqDfnYZzQCURTZd8eEqXQXFD8-s9v7QiaXkB-WRs - null null
2026-04-02 17:21:52.056 [INF] Microsoft.AspNetCore.Cors.Infrastructure.CorsService | CORS policy execution successful.
2026-04-02 17:21:52.056 [INF] Microsoft.AspNetCore.Routing.EndpointMiddleware | Executing endpoint '/hubs/empot'
2026-04-02 17:24:24.553 [INF] Microsoft.AspNetCore.Routing.EndpointMiddleware | Executed endpoint '/hubs/attendance'
2026-04-02 17:24:24.553 [INF] Microsoft.AspNetCore.Routing.EndpointMiddleware | Executed endpoint '/hubs/empot'
2026-04-02 17:24:24.554 [INF] Serilog.AspNetCore.RequestLoggingMiddleware | HTTP GET /hubs/attendance → 101 (152511.5ms)
2026-04-02 17:24:24.554 [INF] Serilog.AspNetCore.RequestLoggingMiddleware | HTTP GET /hubs/empot → 101 (152497.5ms)
2026-04-02 17:24:24.554 [INF] Microsoft.AspNetCore.Hosting.Diagnostics | Request finished HTTP/1.1 GET http://localhost:5217/hubs/empot?id=VbhCFwZKlJIWqtuduC_psw&access_token=eyJhbGciOiJIUzI1NiIsInR5cCI6IkpXVCJ9.eyJuYW1laWQiOiIxOCIsInVuaXF1ZV9uYW1lIjoidmFzYW50aGFrdW1hciIsImVtYWlsIjoidmFzYW50aDIwMDR2a0BnbWFpbC5jb20iLCJyb2xlIjoiU3VwZXJBZG1pbiIsIk9yZ2FuaXphdGlvbklkIjoiMiIsIk9yZ2FuaXphdGlvbkxvZ28iOiIvdXBsb2Fkcy9vcmctbG9nb3Mvb3JnLWxvZ28tNTg3M2M0NzVkOTFkNGJiZDkwNDZkZWVjNjY3ZDEzNmMuanBnIiwibmJmIjoxNzc1MTI2NzM2LCJleHAiOjE3NzUyMTMxMzYsImlhdCI6MTc3NTEyNjczNiwiaXNzIjoiUHJvRGVzWC1CYWNrZW5kIiwiYXVkIjoiUHJvRGVzWC1Gcm9udGVuZCJ9.5UgRqDfnYZzQCURTZd8eEqXQXFD8-s9v7QiaXkB-WRs - 101 null null 152497.9129ms
2026-04-02 17:24:24.554 [INF] Microsoft.AspNetCore.Hosting.Diagnostics | Request finished HTTP/1.1 GET http://localhost:5217/hubs/attendance?id=RlMepxzlWv8mRoNcWNxthA&access_token=eyJhbGciOiJIUzI1NiIsInR5cCI6IkpXVCJ9.eyJuYW1laWQiOiIxOCIsInVuaXF1ZV9uYW1lIjoidmFzYW50aGFrdW1hciIsImVtYWlsIjoidmFzYW50aDIwMDR2a0BnbWFpbC5jb20iLCJyb2xlIjoiU3VwZXJBZG1pbiIsIk9yZ2FuaXphdGlvbklkIjoiMiIsIk9yZ2FuaXphdGlvbkxvZ28iOiIvdXBsb2Fkcy9vcmctbG9nb3Mvb3JnLWxvZ28tNTg3M2M0NzVkOTFkNGJiZDkwNDZkZWVjNjY3ZDEzNmMuanBnIiwibmJmIjoxNzc1MTI2NzM2LCJleHAiOjE3NzUyMTMxMzYsImlhdCI6MTc3NTEyNjczNiwiaXNzIjoiUHJvRGVzWC1CYWNrZW5kIiwiYXVkIjoiUHJvRGVzWC1Gcm9udGVuZCJ9.5UgRqDfnYZzQCURTZd8eEqXQXFD8-s9v7QiaXkB-WRs - 101 null null 152512.277ms
2026-04-02 17:24:24.566 [INF] Microsoft.AspNetCore.Hosting.Diagnostics | Request starting HTTP/1.1 OPTIONS http://localhost:5217/hubs/empot/negotiate?negotiateVersion=1 - null null
2026-04-02 17:24:24.566 [INF] Microsoft.AspNetCore.Cors.Infrastructure.CorsService | CORS policy execution successful.
2026-04-02 17:24:24.566 [INF] Microsoft.AspNetCore.Hosting.Diagnostics | Request finished HTTP/1.1 OPTIONS http://localhost:5217/hubs/empot/negotiate?negotiateVersion=1 - 204 null null 0.2231ms
2026-04-02 17:24:24.568 [INF] Microsoft.AspNetCore.Hosting.Diagnostics | Request starting HTTP/1.1 POST http://localhost:5217/hubs/empot/negotiate?negotiateVersion=1 - text/plain;charset=UTF-8 0
2026-04-02 17:24:24.568 [INF] Microsoft.AspNetCore.Cors.Infrastructure.CorsService | CORS policy execution successful.
2026-04-02 17:24:24.568 [INF] Microsoft.AspNetCore.Routing.EndpointMiddleware | Executing endpoint '/hubs/empot/negotiate'
2026-04-02 17:24:24.568 [INF] Microsoft.AspNetCore.Routing.EndpointMiddleware | Executed endpoint '/hubs/empot/negotiate'
2026-04-02 17:24:24.568 [INF] Serilog.AspNetCore.RequestLoggingMiddleware | HTTP POST /hubs/empot/negotiate → 200 (0.1ms)
2026-04-02 17:24:24.568 [INF] Microsoft.AspNetCore.Hosting.Diagnostics | Request finished HTTP/1.1 POST http://localhost:5217/hubs/empot/negotiate?negotiateVersion=1 - 200 316 application/json 0.3603ms
2026-04-02 17:24:24.570 [INF] Microsoft.AspNetCore.Hosting.Diagnostics | Request starting HTTP/1.1 OPTIONS http://localhost:5217/hubs/attendance/negotiate?negotiateVersion=1 - null null
2026-04-02 17:24:24.570 [INF] Microsoft.AspNetCore.Cors.Infrastructure.CorsService | CORS policy execution successful.
2026-04-02 17:24:24.570 [INF] Microsoft.AspNetCore.Hosting.Diagnostics | Request finished HTTP/1.1 OPTIONS http://localhost:5217/hubs/attendance/negotiate?negotiateVersion=1 - 204 null null 0.134ms
2026-04-02 17:24:24.571 [INF] Microsoft.AspNetCore.Hosting.Diagnostics | Request starting HTTP/1.1 POST http://localhost:5217/hubs/attendance/negotiate?negotiateVersion=1 - text/plain;charset=UTF-8 0
2026-04-02 17:24:24.571 [INF] Microsoft.AspNetCore.Cors.Infrastructure.CorsService | CORS policy execution successful.
2026-04-02 17:24:24.572 [INF] Microsoft.AspNetCore.Routing.EndpointMiddleware | Executing endpoint '/hubs/attendance/negotiate'
2026-04-02 17:24:24.572 [INF] Microsoft.AspNetCore.Routing.EndpointMiddleware | Executed endpoint '/hubs/attendance/negotiate'
2026-04-02 17:24:24.572 [INF] Serilog.AspNetCore.RequestLoggingMiddleware | HTTP POST /hubs/attendance/negotiate → 200 (0.1ms)
2026-04-02 17:24:24.572 [INF] Microsoft.AspNetCore.Hosting.Diagnostics | Request finished HTTP/1.1 POST http://localhost:5217/hubs/attendance/negotiate?negotiateVersion=1 - 200 316 application/json 0.3641ms
2026-04-02 17:24:24.577 [INF] Microsoft.AspNetCore.Hosting.Diagnostics | Request starting HTTP/1.1 GET http://localhost:5217/hubs/empot?id=x_fhHjvo5HjoSypu9kSsyA&access_token=eyJhbGciOiJIUzI1NiIsInR5cCI6IkpXVCJ9.eyJuYW1laWQiOiIxOCIsInVuaXF1ZV9uYW1lIjoidmFzYW50aGFrdW1hciIsImVtYWlsIjoidmFzYW50aDIwMDR2a0BnbWFpbC5jb20iLCJyb2xlIjoiU3VwZXJBZG1pbiIsIk9yZ2FuaXphdGlvbklkIjoiMiIsIk9yZ2FuaXphdGlvbkxvZ28iOiIvdXBsb2Fkcy9vcmctbG9nb3Mvb3JnLWxvZ28tNTg3M2M0NzVkOTFkNGJiZDkwNDZkZWVjNjY3ZDEzNmMuanBnIiwibmJmIjoxNzc1MTI2NzM2LCJleHAiOjE3NzUyMTMxMzYsImlhdCI6MTc3NTEyNjczNiwiaXNzIjoiUHJvRGVzWC1CYWNrZW5kIiwiYXVkIjoiUHJvRGVzWC1Gcm9udGVuZCJ9.5UgRqDfnYZzQCURTZd8eEqXQXFD8-s9v7QiaXkB-WRs - null null
2026-04-02 17:24:24.577 [INF] Microsoft.AspNetCore.Cors.Infrastructure.CorsService | CORS policy execution successful.
2026-04-02 17:24:24.577 [INF] Microsoft.AspNetCore.Routing.EndpointMiddleware | Executing endpoint '/hubs/empot'
2026-04-02 17:24:24.589 [INF] Microsoft.AspNetCore.Hosting.Diagnostics | Request starting HTTP/1.1 GET http://localhost:5217/hubs/attendance?id=LlB2RSq4B1TV1dfzW429KA&access_token=eyJhbGciOiJIUzI1NiIsInR5cCI6IkpXVCJ9.eyJuYW1laWQiOiIxOCIsInVuaXF1ZV9uYW1lIjoidmFzYW50aGFrdW1hciIsImVtYWlsIjoidmFzYW50aDIwMDR2a0BnbWFpbC5jb20iLCJyb2xlIjoiU3VwZXJBZG1pbiIsIk9yZ2FuaXphdGlvbklkIjoiMiIsIk9yZ2FuaXphdGlvbkxvZ28iOiIvdXBsb2Fkcy9vcmctbG9nb3Mvb3JnLWxvZ28tNTg3M2M0NzVkOTFkNGJiZDkwNDZkZWVjNjY3ZDEzNmMuanBnIiwibmJmIjoxNzc1MTI2NzM2LCJleHAiOjE3NzUyMTMxMzYsImlhdCI6MTc3NTEyNjczNiwiaXNzIjoiUHJvRGVzWC1CYWNrZW5kIiwiYXVkIjoiUHJvRGVzWC1Gcm9udGVuZCJ9.5UgRqDfnYZzQCURTZd8eEqXQXFD8-s9v7QiaXkB-WRs - null null
2026-04-02 17:24:24.589 [INF] Microsoft.AspNetCore.Cors.Infrastructure.CorsService | CORS policy execution successful.
2026-04-02 17:24:24.589 [INF] Microsoft.AspNetCore.Routing.EndpointMiddleware | Executing endpoint '/hubs/attendance'
2026-04-02 17:26:30.540 [INF] Microsoft.AspNetCore.Routing.EndpointMiddleware | Executed endpoint '/hubs/empot'
2026-04-02 17:26:30.540 [INF] Microsoft.AspNetCore.Routing.EndpointMiddleware | Executed endpoint '/hubs/attendance'
2026-04-02 17:26:30.540 [INF] Serilog.AspNetCore.RequestLoggingMiddleware | HTTP GET /hubs/empot → 101 (125962.8ms)
2026-04-02 17:26:30.540 [INF] Serilog.AspNetCore.RequestLoggingMiddleware | HTTP GET /hubs/attendance → 101 (125950.5ms)
2026-04-02 17:26:30.540 [INF] Microsoft.AspNetCore.Hosting.Diagnostics | Request finished HTTP/1.1 GET http://localhost:5217/hubs/attendance?id=LlB2RSq4B1TV1dfzW429KA&access_token=eyJhbGciOiJIUzI1NiIsInR5cCI6IkpXVCJ9.eyJuYW1laWQiOiIxOCIsInVuaXF1ZV9uYW1lIjoidmFzYW50aGFrdW1hciIsImVtYWlsIjoidmFzYW50aDIwMDR2a0BnbWFpbC5jb20iLCJyb2xlIjoiU3VwZXJBZG1pbiIsIk9yZ2FuaXphdGlvbklkIjoiMiIsIk9yZ2FuaXphdGlvbkxvZ28iOiIvdXBsb2Fkcy9vcmctbG9nb3Mvb3JnLWxvZ28tNTg3M2M0NzVkOTFkNGJiZDkwNDZkZWVjNjY3ZDEzNmMuanBnIiwibmJmIjoxNzc1MTI2NzM2LCJleHAiOjE3NzUyMTMxMzYsImlhdCI6MTc3NTEyNjczNiwiaXNzIjoiUHJvRGVzWC1CYWNrZW5kIiwiYXVkIjoiUHJvRGVzWC1Gcm9udGVuZCJ9.5UgRqDfnYZzQCURTZd8eEqXQXFD8-s9v7QiaXkB-WRs - 101 null null 125950.7783ms
2026-04-02 17:26:30.540 [INF] Microsoft.AspNetCore.Hosting.Diagnostics | Request finished HTTP/1.1 GET http://localhost:5217/hubs/empot?id=x_fhHjvo5HjoSypu9kSsyA&access_token=eyJhbGciOiJIUzI1NiIsInR5cCI6IkpXVCJ9.eyJuYW1laWQiOiIxOCIsInVuaXF1ZV9uYW1lIjoidmFzYW50aGFrdW1hciIsImVtYWlsIjoidmFzYW50aDIwMDR2a0BnbWFpbC5jb20iLCJyb2xlIjoiU3VwZXJBZG1pbiIsIk9yZ2FuaXphdGlvbklkIjoiMiIsIk9yZ2FuaXphdGlvbkxvZ28iOiIvdXBsb2Fkcy9vcmctbG9nb3Mvb3JnLWxvZ28tNTg3M2M0NzVkOTFkNGJiZDkwNDZkZWVjNjY3ZDEzNmMuanBnIiwibmJmIjoxNzc1MTI2NzM2LCJleHAiOjE3NzUyMTMxMzYsImlhdCI6MTc3NTEyNjczNiwiaXNzIjoiUHJvRGVzWC1CYWNrZW5kIiwiYXVkIjoiUHJvRGVzWC1Gcm9udGVuZCJ9.5UgRqDfnYZzQCURTZd8eEqXQXFD8-s9v7QiaXkB-WRs - 101 null null 125963.1134ms
2026-04-02 17:26:30.548 [INF] Microsoft.AspNetCore.Hosting.Diagnostics | Request starting HTTP/1.1 OPTIONS http://localhost:5217/hubs/empot/negotiate?negotiateVersion=1 - null null
2026-04-02 17:26:30.549 [INF] Microsoft.AspNetCore.Cors.Infrastructure.CorsService | CORS policy execution successful.
2026-04-02 17:26:30.549 [INF] Microsoft.AspNetCore.Hosting.Diagnostics | Request finished HTTP/1.1 OPTIONS http://localhost:5217/hubs/empot/negotiate?negotiateVersion=1 - 204 null null 0.1614ms
2026-04-02 17:26:30.550 [INF] Microsoft.AspNetCore.Hosting.Diagnostics | Request starting HTTP/1.1 POST http://localhost:5217/hubs/empot/negotiate?negotiateVersion=1 - text/plain;charset=UTF-8 0
2026-04-02 17:26:30.550 [INF] Microsoft.AspNetCore.Cors.Infrastructure.CorsService | CORS policy execution successful.
2026-04-02 17:26:30.550 [INF] Microsoft.AspNetCore.Routing.EndpointMiddleware | Executing endpoint '/hubs/empot/negotiate'
2026-04-02 17:26:30.550 [INF] Microsoft.AspNetCore.Routing.EndpointMiddleware | Executed endpoint '/hubs/empot/negotiate'
2026-04-02 17:26:30.550 [INF] Serilog.AspNetCore.RequestLoggingMiddleware | HTTP POST /hubs/empot/negotiate → 200 (0.1ms)
2026-04-02 17:26:30.550 [INF] Microsoft.AspNetCore.Hosting.Diagnostics | Request finished HTTP/1.1 POST http://localhost:5217/hubs/empot/negotiate?negotiateVersion=1 - 200 316 application/json 0.4491ms
2026-04-02 17:26:30.551 [INF] Microsoft.AspNetCore.Hosting.Diagnostics | Request starting HTTP/1.1 OPTIONS http://localhost:5217/hubs/attendance/negotiate?negotiateVersion=1 - null null
2026-04-02 17:26:30.551 [INF] Microsoft.AspNetCore.Cors.Infrastructure.CorsService | CORS policy execution successful.
2026-04-02 17:26:30.551 [INF] Microsoft.AspNetCore.Hosting.Diagnostics | Request finished HTTP/1.1 OPTIONS http://localhost:5217/hubs/attendance/negotiate?negotiateVersion=1 - 204 null null 0.1471ms
2026-04-02 17:26:30.552 [INF] Microsoft.AspNetCore.Hosting.Diagnostics | Request starting HTTP/1.1 POST http://localhost:5217/hubs/attendance/negotiate?negotiateVersion=1 - text/plain;charset=UTF-8 0
2026-04-02 17:26:30.552 [INF] Microsoft.AspNetCore.Cors.Infrastructure.CorsService | CORS policy execution successful.
2026-04-02 17:26:30.553 [INF] Microsoft.AspNetCore.Routing.EndpointMiddleware | Executing endpoint '/hubs/attendance/negotiate'
2026-04-02 17:26:30.553 [INF] Microsoft.AspNetCore.Routing.EndpointMiddleware | Executed endpoint '/hubs/attendance/negotiate'
2026-04-02 17:26:30.553 [INF] Serilog.AspNetCore.RequestLoggingMiddleware | HTTP POST /hubs/attendance/negotiate → 200 (0.1ms)
2026-04-02 17:26:30.553 [INF] Microsoft.AspNetCore.Hosting.Diagnostics | Request finished HTTP/1.1 POST http://localhost:5217/hubs/attendance/negotiate?negotiateVersion=1 - 200 316 application/json 0.5413ms
2026-04-02 17:26:30.557 [INF] Microsoft.AspNetCore.Hosting.Diagnostics | Request starting HTTP/1.1 GET http://localhost:5217/hubs/empot?id=w1lHnKTKLu55HOmAaou0Og&access_token=eyJhbGciOiJIUzI1NiIsInR5cCI6IkpXVCJ9.eyJuYW1laWQiOiIxOCIsInVuaXF1ZV9uYW1lIjoidmFzYW50aGFrdW1hciIsImVtYWlsIjoidmFzYW50aDIwMDR2a0BnbWFpbC5jb20iLCJyb2xlIjoiU3VwZXJBZG1pbiIsIk9yZ2FuaXphdGlvbklkIjoiMiIsIk9yZ2FuaXphdGlvbkxvZ28iOiIvdXBsb2Fkcy9vcmctbG9nb3Mvb3JnLWxvZ28tNTg3M2M0NzVkOTFkNGJiZDkwNDZkZWVjNjY3ZDEzNmMuanBnIiwibmJmIjoxNzc1MTI2NzM2LCJleHAiOjE3NzUyMTMxMzYsImlhdCI6MTc3NTEyNjczNiwiaXNzIjoiUHJvRGVzWC1CYWNrZW5kIiwiYXVkIjoiUHJvRGVzWC1Gcm9udGVuZCJ9.5UgRqDfnYZzQCURTZd8eEqXQXFD8-s9v7QiaXkB-WRs - null null
2026-04-02 17:26:30.557 [INF] Microsoft.AspNetCore.Cors.Infrastructure.CorsService | CORS policy execution successful.
2026-04-02 17:26:30.557 [INF] Microsoft.AspNetCore.Routing.EndpointMiddleware | Executing endpoint '/hubs/empot'
2026-04-02 17:26:30.571 [INF] Microsoft.AspNetCore.Hosting.Diagnostics | Request starting HTTP/1.1 GET http://localhost:5217/hubs/attendance?id=qHZXDxIz_BwzaNGSBVfmPA&access_token=eyJhbGciOiJIUzI1NiIsInR5cCI6IkpXVCJ9.eyJuYW1laWQiOiIxOCIsInVuaXF1ZV9uYW1lIjoidmFzYW50aGFrdW1hciIsImVtYWlsIjoidmFzYW50aDIwMDR2a0BnbWFpbC5jb20iLCJyb2xlIjoiU3VwZXJBZG1pbiIsIk9yZ2FuaXphdGlvbklkIjoiMiIsIk9yZ2FuaXphdGlvbkxvZ28iOiIvdXBsb2Fkcy9vcmctbG9nb3Mvb3JnLWxvZ28tNTg3M2M0NzVkOTFkNGJiZDkwNDZkZWVjNjY3ZDEzNmMuanBnIiwibmJmIjoxNzc1MTI2NzM2LCJleHAiOjE3NzUyMTMxMzYsImlhdCI6MTc3NTEyNjczNiwiaXNzIjoiUHJvRGVzWC1CYWNrZW5kIiwiYXVkIjoiUHJvRGVzWC1Gcm9udGVuZCJ9.5UgRqDfnYZzQCURTZd8eEqXQXFD8-s9v7QiaXkB-WRs - null null
2026-04-02 17:26:30.571 [INF] Microsoft.AspNetCore.Cors.Infrastructure.CorsService | CORS policy execution successful.
2026-04-02 17:26:30.572 [INF] Microsoft.AspNetCore.Routing.EndpointMiddleware | Executing endpoint '/hubs/attendance'
2026-04-02 17:29:10.549 [INF] Microsoft.AspNetCore.Routing.EndpointMiddleware | Executed endpoint '/hubs/empot'
2026-04-02 17:29:10.550 [INF] Serilog.AspNetCore.RequestLoggingMiddleware | HTTP GET /hubs/empot → 101 (159992.4ms)
2026-04-02 17:29:10.550 [INF] Microsoft.AspNetCore.Hosting.Diagnostics | Request finished HTTP/1.1 GET http://localhost:5217/hubs/empot?id=w1lHnKTKLu55HOmAaou0Og&access_token=eyJhbGciOiJIUzI1NiIsInR5cCI6IkpXVCJ9.eyJuYW1laWQiOiIxOCIsInVuaXF1ZV9uYW1lIjoidmFzYW50aGFrdW1hciIsImVtYWlsIjoidmFzYW50aDIwMDR2a0BnbWFpbC5jb20iLCJyb2xlIjoiU3VwZXJBZG1pbiIsIk9yZ2FuaXphdGlvbklkIjoiMiIsIk9yZ2FuaXphdGlvbkxvZ28iOiIvdXBsb2Fkcy9vcmctbG9nb3Mvb3JnLWxvZ28tNTg3M2M0NzVkOTFkNGJiZDkwNDZkZWVjNjY3ZDEzNmMuanBnIiwibmJmIjoxNzc1MTI2NzM2LCJleHAiOjE3NzUyMTMxMzYsImlhdCI6MTc3NTEyNjczNiwiaXNzIjoiUHJvRGVzWC1CYWNrZW5kIiwiYXVkIjoiUHJvRGVzWC1Gcm9udGVuZCJ9.5UgRqDfnYZzQCURTZd8eEqXQXFD8-s9v7QiaXkB-WRs - 101 null null 159992.7921ms
2026-04-02 17:29:10.550 [INF] Microsoft.AspNetCore.Routing.EndpointMiddleware | Executed endpoint '/hubs/attendance'
2026-04-02 17:29:10.550 [INF] Serilog.AspNetCore.RequestLoggingMiddleware | HTTP GET /hubs/attendance → 101 (159978.1ms)
2026-04-02 17:29:10.550 [INF] Microsoft.AspNetCore.Hosting.Diagnostics | Request finished HTTP/1.1 GET http://localhost:5217/hubs/attendance?id=qHZXDxIz_BwzaNGSBVfmPA&access_token=eyJhbGciOiJIUzI1NiIsInR5cCI6IkpXVCJ9.eyJuYW1laWQiOiIxOCIsInVuaXF1ZV9uYW1lIjoidmFzYW50aGFrdW1hciIsImVtYWlsIjoidmFzYW50aDIwMDR2a0BnbWFpbC5jb20iLCJyb2xlIjoiU3VwZXJBZG1pbiIsIk9yZ2FuaXphdGlvbklkIjoiMiIsIk9yZ2FuaXphdGlvbkxvZ28iOiIvdXBsb2Fkcy9vcmctbG9nb3Mvb3JnLWxvZ28tNTg3M2M0NzVkOTFkNGJiZDkwNDZkZWVjNjY3ZDEzNmMuanBnIiwibmJmIjoxNzc1MTI2NzM2LCJleHAiOjE3NzUyMTMxMzYsImlhdCI6MTc3NTEyNjczNiwiaXNzIjoiUHJvRGVzWC1CYWNrZW5kIiwiYXVkIjoiUHJvRGVzWC1Gcm9udGVuZCJ9.5UgRqDfnYZzQCURTZd8eEqXQXFD8-s9v7QiaXkB-WRs - 101 null null 159978.5734ms
2026-04-02 17:29:10.579 [INF] Microsoft.AspNetCore.Hosting.Diagnostics | Request starting HTTP/1.1 OPTIONS http://localhost:5217/hubs/empot/negotiate?negotiateVersion=1 - null null
2026-04-02 17:29:10.579 [INF] Microsoft.AspNetCore.Cors.Infrastructure.CorsService | CORS policy execution successful.
2026-04-02 17:29:10.579 [INF] Microsoft.AspNetCore.Hosting.Diagnostics | Request finished HTTP/1.1 OPTIONS http://localhost:5217/hubs/empot/negotiate?negotiateVersion=1 - 204 null null 0.1693ms
2026-04-02 17:29:10.581 [INF] Microsoft.AspNetCore.Hosting.Diagnostics | Request starting HTTP/1.1 POST http://localhost:5217/hubs/empot/negotiate?negotiateVersion=1 - text/plain;charset=UTF-8 0
2026-04-02 17:29:10.581 [INF] Microsoft.AspNetCore.Cors.Infrastructure.CorsService | CORS policy execution successful.
2026-04-02 17:29:10.581 [INF] Microsoft.AspNetCore.Routing.EndpointMiddleware | Executing endpoint '/hubs/empot/negotiate'
2026-04-02 17:29:10.581 [INF] Microsoft.AspNetCore.Routing.EndpointMiddleware | Executed endpoint '/hubs/empot/negotiate'
2026-04-02 17:29:10.581 [INF] Serilog.AspNetCore.RequestLoggingMiddleware | HTTP POST /hubs/empot/negotiate → 200 (0.1ms)
2026-04-02 17:29:10.581 [INF] Microsoft.AspNetCore.Hosting.Diagnostics | Request finished HTTP/1.1 POST http://localhost:5217/hubs/empot/negotiate?negotiateVersion=1 - 200 316 application/json 0.4752ms
2026-04-02 17:29:10.585 [INF] Microsoft.AspNetCore.Hosting.Diagnostics | Request starting HTTP/1.1 OPTIONS http://localhost:5217/hubs/attendance/negotiate?negotiateVersion=1 - null null
2026-04-02 17:29:10.585 [INF] Microsoft.AspNetCore.Cors.Infrastructure.CorsService | CORS policy execution successful.
2026-04-02 17:29:10.585 [INF] Microsoft.AspNetCore.Hosting.Diagnostics | Request finished HTTP/1.1 OPTIONS http://localhost:5217/hubs/attendance/negotiate?negotiateVersion=1 - 204 null null 0.2519ms
2026-04-02 17:29:10.587 [INF] Microsoft.AspNetCore.Hosting.Diagnostics | Request starting HTTP/1.1 POST http://localhost:5217/hubs/attendance/negotiate?negotiateVersion=1 - text/plain;charset=UTF-8 0
2026-04-02 17:29:10.587 [INF] Microsoft.AspNetCore.Cors.Infrastructure.CorsService | CORS policy execution successful.
2026-04-02 17:29:10.587 [INF] Microsoft.AspNetCore.Routing.EndpointMiddleware | Executing endpoint '/hubs/attendance/negotiate'
2026-04-02 17:29:10.587 [INF] Microsoft.AspNetCore.Routing.EndpointMiddleware | Executed endpoint '/hubs/attendance/negotiate'
2026-04-02 17:29:10.587 [INF] Serilog.AspNetCore.RequestLoggingMiddleware | HTTP POST /hubs/attendance/negotiate → 200 (0.1ms)
2026-04-02 17:29:10.587 [INF] Microsoft.AspNetCore.Hosting.Diagnostics | Request finished HTTP/1.1 POST http://localhost:5217/hubs/attendance/negotiate?negotiateVersion=1 - 200 316 application/json 0.411ms
2026-04-02 17:29:10.599 [INF] Microsoft.AspNetCore.Hosting.Diagnostics | Request starting HTTP/1.1 GET http://localhost:5217/hubs/empot?id=iNpcykXbvwlSiCeg2bC0Zg&access_token=eyJhbGciOiJIUzI1NiIsInR5cCI6IkpXVCJ9.eyJuYW1laWQiOiIxOCIsInVuaXF1ZV9uYW1lIjoidmFzYW50aGFrdW1hciIsImVtYWlsIjoidmFzYW50aDIwMDR2a0BnbWFpbC5jb20iLCJyb2xlIjoiU3VwZXJBZG1pbiIsIk9yZ2FuaXphdGlvbklkIjoiMiIsIk9yZ2FuaXphdGlvbkxvZ28iOiIvdXBsb2Fkcy9vcmctbG9nb3Mvb3JnLWxvZ28tNTg3M2M0NzVkOTFkNGJiZDkwNDZkZWVjNjY3ZDEzNmMuanBnIiwibmJmIjoxNzc1MTI2NzM2LCJleHAiOjE3NzUyMTMxMzYsImlhdCI6MTc3NTEyNjczNiwiaXNzIjoiUHJvRGVzWC1CYWNrZW5kIiwiYXVkIjoiUHJvRGVzWC1Gcm9udGVuZCJ9.5UgRqDfnYZzQCURTZd8eEqXQXFD8-s9v7QiaXkB-WRs - null null
2026-04-02 17:29:10.599 [INF] Microsoft.AspNetCore.Cors.Infrastructure.CorsService | CORS policy execution successful.
2026-04-02 17:29:10.599 [INF] Microsoft.AspNetCore.Routing.EndpointMiddleware | Executing endpoint '/hubs/empot'
2026-04-02 17:29:10.613 [INF] Microsoft.AspNetCore.Hosting.Diagnostics | Request starting HTTP/1.1 GET http://localhost:5217/hubs/attendance?id=ShlWhJzHic3KZ_EjKrQuzQ&access_token=eyJhbGciOiJIUzI1NiIsInR5cCI6IkpXVCJ9.eyJuYW1laWQiOiIxOCIsInVuaXF1ZV9uYW1lIjoidmFzYW50aGFrdW1hciIsImVtYWlsIjoidmFzYW50aDIwMDR2a0BnbWFpbC5jb20iLCJyb2xlIjoiU3VwZXJBZG1pbiIsIk9yZ2FuaXphdGlvbklkIjoiMiIsIk9yZ2FuaXphdGlvbkxvZ28iOiIvdXBsb2Fkcy9vcmctbG9nb3Mvb3JnLWxvZ28tNTg3M2M0NzVkOTFkNGJiZDkwNDZkZWVjNjY3ZDEzNmMuanBnIiwibmJmIjoxNzc1MTI2NzM2LCJleHAiOjE3NzUyMTMxMzYsImlhdCI6MTc3NTEyNjczNiwiaXNzIjoiUHJvRGVzWC1CYWNrZW5kIiwiYXVkIjoiUHJvRGVzWC1Gcm9udGVuZCJ9.5UgRqDfnYZzQCURTZd8eEqXQXFD8-s9v7QiaXkB-WRs - null null
2026-04-02 17:29:10.613 [INF] Microsoft.AspNetCore.Cors.Infrastructure.CorsService | CORS policy execution successful.
2026-04-02 17:29:10.614 [INF] Microsoft.AspNetCore.Routing.EndpointMiddleware | Executing endpoint '/hubs/attendance'
2026-04-02 17:31:16.552 [INF] Microsoft.AspNetCore.Routing.EndpointMiddleware | Executed endpoint '/hubs/attendance'
2026-04-02 17:31:16.552 [INF] Serilog.AspNetCore.RequestLoggingMiddleware | HTTP GET /hubs/attendance → 101 (125938.3ms)
2026-04-02 17:31:16.552 [INF] Microsoft.AspNetCore.Hosting.Diagnostics | Request finished HTTP/1.1 GET http://localhost:5217/hubs/attendance?id=ShlWhJzHic3KZ_EjKrQuzQ&access_token=eyJhbGciOiJIUzI1NiIsInR5cCI6IkpXVCJ9.eyJuYW1laWQiOiIxOCIsInVuaXF1ZV9uYW1lIjoidmFzYW50aGFrdW1hciIsImVtYWlsIjoidmFzYW50aDIwMDR2a0BnbWFpbC5jb20iLCJyb2xlIjoiU3VwZXJBZG1pbiIsIk9yZ2FuaXphdGlvbklkIjoiMiIsIk9yZ2FuaXphdGlvbkxvZ28iOiIvdXBsb2Fkcy9vcmctbG9nb3Mvb3JnLWxvZ28tNTg3M2M0NzVkOTFkNGJiZDkwNDZkZWVjNjY3ZDEzNmMuanBnIiwibmJmIjoxNzc1MTI2NzM2LCJleHAiOjE3NzUyMTMxMzYsImlhdCI6MTc3NTEyNjczNiwiaXNzIjoiUHJvRGVzWC1CYWNrZW5kIiwiYXVkIjoiUHJvRGVzWC1Gcm9udGVuZCJ9.5UgRqDfnYZzQCURTZd8eEqXQXFD8-s9v7QiaXkB-WRs - 101 null null 125938.604ms
2026-04-02 17:31:16.555 [INF] Microsoft.AspNetCore.Routing.EndpointMiddleware | Executed endpoint '/hubs/empot'
2026-04-02 17:31:16.555 [INF] Serilog.AspNetCore.RequestLoggingMiddleware | HTTP GET /hubs/empot → 101 (125956.5ms)
2026-04-02 17:31:16.556 [INF] Microsoft.AspNetCore.Hosting.Diagnostics | Request finished HTTP/1.1 GET http://localhost:5217/hubs/empot?id=iNpcykXbvwlSiCeg2bC0Zg&access_token=eyJhbGciOiJIUzI1NiIsInR5cCI6IkpXVCJ9.eyJuYW1laWQiOiIxOCIsInVuaXF1ZV9uYW1lIjoidmFzYW50aGFrdW1hciIsImVtYWlsIjoidmFzYW50aDIwMDR2a0BnbWFpbC5jb20iLCJyb2xlIjoiU3VwZXJBZG1pbiIsIk9yZ2FuaXphdGlvbklkIjoiMiIsIk9yZ2FuaXphdGlvbkxvZ28iOiIvdXBsb2Fkcy9vcmctbG9nb3Mvb3JnLWxvZ28tNTg3M2M0NzVkOTFkNGJiZDkwNDZkZWVjNjY3ZDEzNmMuanBnIiwibmJmIjoxNzc1MTI2NzM2LCJleHAiOjE3NzUyMTMxMzYsImlhdCI6MTc3NTEyNjczNiwiaXNzIjoiUHJvRGVzWC1CYWNrZW5kIiwiYXVkIjoiUHJvRGVzWC1Gcm9udGVuZCJ9.5UgRqDfnYZzQCURTZd8eEqXQXFD8-s9v7QiaXkB-WRs - 101 null null 125957.0172ms
2026-04-02 17:31:16.565 [INF] Microsoft.AspNetCore.Hosting.Diagnostics | Request starting HTTP/1.1 OPTIONS http://localhost:5217/hubs/attendance/negotiate?negotiateVersion=1 - null null
2026-04-02 17:31:16.566 [INF] Microsoft.AspNetCore.Cors.Infrastructure.CorsService | CORS policy execution successful.
2026-04-02 17:31:16.566 [INF] Microsoft.AspNetCore.Hosting.Diagnostics | Request finished HTTP/1.1 OPTIONS http://localhost:5217/hubs/attendance/negotiate?negotiateVersion=1 - 204 null null 0.1629ms
2026-04-02 17:31:16.567 [INF] Microsoft.AspNetCore.Hosting.Diagnostics | Request starting HTTP/1.1 POST http://localhost:5217/hubs/attendance/negotiate?negotiateVersion=1 - text/plain;charset=UTF-8 0
2026-04-02 17:31:16.567 [INF] Microsoft.AspNetCore.Cors.Infrastructure.CorsService | CORS policy execution successful.
2026-04-02 17:31:16.568 [INF] Microsoft.AspNetCore.Routing.EndpointMiddleware | Executing endpoint '/hubs/attendance/negotiate'
2026-04-02 17:31:16.568 [INF] Microsoft.AspNetCore.Routing.EndpointMiddleware | Executed endpoint '/hubs/attendance/negotiate'
2026-04-02 17:31:16.568 [INF] Serilog.AspNetCore.RequestLoggingMiddleware | HTTP POST /hubs/attendance/negotiate → 200 (0.1ms)
2026-04-02 17:31:16.568 [INF] Microsoft.AspNetCore.Hosting.Diagnostics | Request finished HTTP/1.1 POST http://localhost:5217/hubs/attendance/negotiate?negotiateVersion=1 - 200 316 application/json 0.6151ms
2026-04-02 17:31:16.568 [INF] Microsoft.AspNetCore.Hosting.Diagnostics | Request starting HTTP/1.1 OPTIONS http://localhost:5217/hubs/empot/negotiate?negotiateVersion=1 - null null
2026-04-02 17:31:16.568 [INF] Microsoft.AspNetCore.Cors.Infrastructure.CorsService | CORS policy execution successful.
2026-04-02 17:31:16.568 [INF] Microsoft.AspNetCore.Hosting.Diagnostics | Request finished HTTP/1.1 OPTIONS http://localhost:5217/hubs/empot/negotiate?negotiateVersion=1 - 204 null null 0.0753ms
2026-04-02 17:31:16.569 [INF] Microsoft.AspNetCore.Hosting.Diagnostics | Request starting HTTP/1.1 POST http://localhost:5217/hubs/empot/negotiate?negotiateVersion=1 - text/plain;charset=UTF-8 0
2026-04-02 17:31:16.570 [INF] Microsoft.AspNetCore.Cors.Infrastructure.CorsService | CORS policy execution successful.
2026-04-02 17:31:16.570 [INF] Microsoft.AspNetCore.Routing.EndpointMiddleware | Executing endpoint '/hubs/empot/negotiate'
2026-04-02 17:31:16.570 [INF] Microsoft.AspNetCore.Routing.EndpointMiddleware | Executed endpoint '/hubs/empot/negotiate'
2026-04-02 17:31:16.570 [INF] Serilog.AspNetCore.RequestLoggingMiddleware | HTTP POST /hubs/empot/negotiate → 200 (0.1ms)
2026-04-02 17:31:16.570 [INF] Microsoft.AspNetCore.Hosting.Diagnostics | Request finished HTTP/1.1 POST http://localhost:5217/hubs/empot/negotiate?negotiateVersion=1 - 200 316 application/json 0.4003ms
2026-04-02 17:31:16.578 [INF] Microsoft.AspNetCore.Hosting.Diagnostics | Request starting HTTP/1.1 GET http://localhost:5217/hubs/attendance?id=0Rp_c3V1TK9nqQeoCPiVKg&access_token=eyJhbGciOiJIUzI1NiIsInR5cCI6IkpXVCJ9.eyJuYW1laWQiOiIxOCIsInVuaXF1ZV9uYW1lIjoidmFzYW50aGFrdW1hciIsImVtYWlsIjoidmFzYW50aDIwMDR2a0BnbWFpbC5jb20iLCJyb2xlIjoiU3VwZXJBZG1pbiIsIk9yZ2FuaXphdGlvbklkIjoiMiIsIk9yZ2FuaXphdGlvbkxvZ28iOiIvdXBsb2Fkcy9vcmctbG9nb3Mvb3JnLWxvZ28tNTg3M2M0NzVkOTFkNGJiZDkwNDZkZWVjNjY3ZDEzNmMuanBnIiwibmJmIjoxNzc1MTI2NzM2LCJleHAiOjE3NzUyMTMxMzYsImlhdCI6MTc3NTEyNjczNiwiaXNzIjoiUHJvRGVzWC1CYWNrZW5kIiwiYXVkIjoiUHJvRGVzWC1Gcm9udGVuZCJ9.5UgRqDfnYZzQCURTZd8eEqXQXFD8-s9v7QiaXkB-WRs - null null
2026-04-02 17:31:16.578 [INF] Microsoft.AspNetCore.Cors.Infrastructure.CorsService | CORS policy execution successful.
2026-04-02 17:31:16.579 [INF] Microsoft.AspNetCore.Routing.EndpointMiddleware | Executing endpoint '/hubs/attendance'
2026-04-02 17:31:16.597 [INF] Microsoft.AspNetCore.Hosting.Diagnostics | Request starting HTTP/1.1 GET http://localhost:5217/hubs/empot?id=zTwn9tNiwXpuu0-Qvn1PRQ&access_token=eyJhbGciOiJIUzI1NiIsInR5cCI6IkpXVCJ9.eyJuYW1laWQiOiIxOCIsInVuaXF1ZV9uYW1lIjoidmFzYW50aGFrdW1hciIsImVtYWlsIjoidmFzYW50aDIwMDR2a0BnbWFpbC5jb20iLCJyb2xlIjoiU3VwZXJBZG1pbiIsIk9yZ2FuaXphdGlvbklkIjoiMiIsIk9yZ2FuaXphdGlvbkxvZ28iOiIvdXBsb2Fkcy9vcmctbG9nb3Mvb3JnLWxvZ28tNTg3M2M0NzVkOTFkNGJiZDkwNDZkZWVjNjY3ZDEzNmMuanBnIiwibmJmIjoxNzc1MTI2NzM2LCJleHAiOjE3NzUyMTMxMzYsImlhdCI6MTc3NTEyNjczNiwiaXNzIjoiUHJvRGVzWC1CYWNrZW5kIiwiYXVkIjoiUHJvRGVzWC1Gcm9udGVuZCJ9.5UgRqDfnYZzQCURTZd8eEqXQXFD8-s9v7QiaXkB-WRs - null null
2026-04-02 17:31:16.597 [INF] Microsoft.AspNetCore.Cors.Infrastructure.CorsService | CORS policy execution successful.
2026-04-02 17:31:16.597 [INF] Microsoft.AspNetCore.Routing.EndpointMiddleware | Executing endpoint '/hubs/empot'
2026-04-02 17:32:02.552 [INF] Microsoft.AspNetCore.Routing.EndpointMiddleware | Executed endpoint '/hubs/empot'
2026-04-02 17:32:02.552 [INF] Serilog.AspNetCore.RequestLoggingMiddleware | HTTP GET /hubs/empot → 101 (45954.4ms)
2026-04-02 17:32:02.552 [INF] Microsoft.AspNetCore.Hosting.Diagnostics | Request finished HTTP/1.1 GET http://localhost:5217/hubs/empot?id=zTwn9tNiwXpuu0-Qvn1PRQ&access_token=eyJhbGciOiJIUzI1NiIsInR5cCI6IkpXVCJ9.eyJuYW1laWQiOiIxOCIsInVuaXF1ZV9uYW1lIjoidmFzYW50aGFrdW1hciIsImVtYWlsIjoidmFzYW50aDIwMDR2a0BnbWFpbC5jb20iLCJyb2xlIjoiU3VwZXJBZG1pbiIsIk9yZ2FuaXphdGlvbklkIjoiMiIsIk9yZ2FuaXphdGlvbkxvZ28iOiIvdXBsb2Fkcy9vcmctbG9nb3Mvb3JnLWxvZ28tNTg3M2M0NzVkOTFkNGJiZDkwNDZkZWVjNjY3ZDEzNmMuanBnIiwibmJmIjoxNzc1MTI2NzM2LCJleHAiOjE3NzUyMTMxMzYsImlhdCI6MTc3NTEyNjczNiwiaXNzIjoiUHJvRGVzWC1CYWNrZW5kIiwiYXVkIjoiUHJvRGVzWC1Gcm9udGVuZCJ9.5UgRqDfnYZzQCURTZd8eEqXQXFD8-s9v7QiaXkB-WRs - 101 null null 45954.774ms
2026-04-02 17:32:02.552 [INF] Microsoft.AspNetCore.Routing.EndpointMiddleware | Executed endpoint '/hubs/attendance'
2026-04-02 17:32:02.552 [INF] Serilog.AspNetCore.RequestLoggingMiddleware | HTTP GET /hubs/attendance → 101 (45973.3ms)
2026-04-02 17:32:02.552 [INF] Microsoft.AspNetCore.Hosting.Diagnostics | Request finished HTTP/1.1 GET http://localhost:5217/hubs/attendance?id=0Rp_c3V1TK9nqQeoCPiVKg&access_token=eyJhbGciOiJIUzI1NiIsInR5cCI6IkpXVCJ9.eyJuYW1laWQiOiIxOCIsInVuaXF1ZV9uYW1lIjoidmFzYW50aGFrdW1hciIsImVtYWlsIjoidmFzYW50aDIwMDR2a0BnbWFpbC5jb20iLCJyb2xlIjoiU3VwZXJBZG1pbiIsIk9yZ2FuaXphdGlvbklkIjoiMiIsIk9yZ2FuaXphdGlvbkxvZ28iOiIvdXBsb2Fkcy9vcmctbG9nb3Mvb3JnLWxvZ28tNTg3M2M0NzVkOTFkNGJiZDkwNDZkZWVjNjY3ZDEzNmMuanBnIiwibmJmIjoxNzc1MTI2NzM2LCJleHAiOjE3NzUyMTMxMzYsImlhdCI6MTc3NTEyNjczNiwiaXNzIjoiUHJvRGVzWC1CYWNrZW5kIiwiYXVkIjoiUHJvRGVzWC1Gcm9udGVuZCJ9.5UgRqDfnYZzQCURTZd8eEqXQXFD8-s9v7QiaXkB-WRs - 101 null null 45973.7753ms
