2026-03-20 10:56:19.995 [INF]  | === ProDesX-HRM Backend Starting (Migrations Rev 5: Explicit Columns) ===
2026-03-20 10:56:20.441 [INF]  | === ProDesX-HRM Backend Starting (Migrations Rev 4: Clean GOs) ===
2026-03-20 10:56:20.913 [INF]  | [DB] Connected to: 103.235.104.197 | proxPayroll
2026-03-20 10:56:21.111 [INF]  | [DB] Database exists. Running migrations.sql...
2026-03-20 10:56:22.839 [WRN]  | [DB] Batch skipped in migrations.sql: Invalid column name 'EmployeeId'.
2026-03-20 10:56:22.862 [WRN]  | [DB] Batch skipped in migrations.sql: Invalid column name 'EmployeeId'.
2026-03-20 10:56:25.411 [INF]  | [DB] Finished running migrations.sql. 116 batches applied, 2 skipped.
2026-03-20 10:56:25.775 [WRN]  | [DB] Procedure apply skipped: Invalid column name 'EmployeeId'.
2026-03-20 10:56:25.789 [WRN]  | [DB] Procedure apply skipped: Invalid column name 'EmployeeId'.
2026-03-20 10:56:27.241 [INF]  | [DB] Procedures refreshed (CREATE OR ALTER). 96 applied, 2 skipped.
2026-03-20 10:56:27.241 [INF]  | [DB] Migrations complete.
2026-03-20 10:56:27.443 [INF]  | === Backend running at http://localhost:5217 ===
2026-03-20 10:56:27.461 [INF] Microsoft.AspNetCore.DataProtection.KeyManagement.XmlKeyManager | User profile is available. Using 'C:\Users\vasanth\AppData\Local\ASP.NET\DataProtection-Keys' as key repository and Windows DPAPI to encrypt keys at rest.
2026-03-20 10:56:27.470 [INF] backend.Services.ShiftScheduleBackgroundService | Shift Schedule Background Service is starting.
2026-03-20 10:56:27.553 [INF] Microsoft.Hosting.Lifetime | Now listening on: http://localhost:5217
2026-03-20 10:56:27.553 [INF] Microsoft.Hosting.Lifetime | Application started. Press Ctrl+C to shut down.
2026-03-20 10:56:27.553 [INF] Microsoft.Hosting.Lifetime | Hosting environment: Development
2026-03-20 10:56:27.553 [INF] Microsoft.Hosting.Lifetime | Content root path: C:\Repos_Work\Prodesx_HRM_Mobile_Application\backend
2026-03-20 10:56:37.472 [INF] backend.Services.ShiftScheduleBackgroundService | Shift Schedule Background Service is running...
2026-03-20 10:56:39.660 [INF] backend.Services.ShiftScheduleBackgroundService | Shift Schedule Background Service completed. Inserted 4 new schedules for the rolling 30-day window.
2026-03-20 11:21:40.334 [INF] Microsoft.AspNetCore.Hosting.Diagnostics | Request starting HTTP/1.1 OPTIONS http://localhost:5217/api/auth/login - null null
2026-03-20 11:21:40.417 [INF] Microsoft.AspNetCore.Cors.Infrastructure.CorsService | CORS policy execution successful.
2026-03-20 11:21:40.429 [INF] Microsoft.AspNetCore.Hosting.Diagnostics | Request finished HTTP/1.1 OPTIONS http://localhost:5217/api/auth/login - 204 null null 98.2725ms
2026-03-20 11:21:40.436 [INF] Microsoft.AspNetCore.Hosting.Diagnostics | Request starting HTTP/1.1 POST http://localhost:5217/api/auth/login - application/json 62
2026-03-20 11:21:40.444 [INF] Microsoft.AspNetCore.Cors.Infrastructure.CorsService | CORS policy execution successful.
2026-03-20 11:21:40.446 [INF] Microsoft.AspNetCore.Cors.Infrastructure.CorsService | CORS policy execution successful.
2026-03-20 11:21:40.474 [WRN] Microsoft.AspNetCore.HttpsPolicy.HttpsRedirectionMiddleware | Failed to determine the https port for redirect.
2026-03-20 11:21:40.529 [INF] Microsoft.AspNetCore.Routing.EndpointMiddleware | Executing endpoint 'backend.Controllers.AuthController.Login (backend)'
2026-03-20 11:21:40.571 [INF] Microsoft.AspNetCore.Mvc.Infrastructure.ControllerActionInvoker | Route matched with {action = "Login", controller = "Auth"}. Executing controller action with signature System.Threading.Tasks.Task`1[Microsoft.AspNetCore.Mvc.IActionResult] Login(backend.Models.LoginRequest) on controller backend.Controllers.AuthController (backend).
2026-03-20 11:21:40.645 [INF] backend.Controllers.AuthController | [Auth] Login attempt | Email=vasanth2004vk@gmail.com
2026-03-20 11:21:46.583 [INF] backend.Controllers.AuthController | [Auth] User login session recorded | UserId=18 | TokenExpiry="2026-03-21T05:51:46.2997000Z"
2026-03-20 11:21:46.584 [INF] backend.Controllers.AuthController | [Auth] Login SUCCESS | Email=vasanth2004vk@gmail.com | EffectiveRole=SuperAdmin | OrgId=2
2026-03-20 11:21:46.592 [INF] Microsoft.AspNetCore.Mvc.Infrastructure.ObjectResultExecutor | Executing OkObjectResult, writing value of type '<>f__AnonymousType13`2[[System.String, System.Private.CoreLib, Version=10.0.0.0, Culture=neutral, PublicKeyToken=7cec85d7bea7798e],[<>f__AnonymousType14`6[[System.Int32, System.Private.CoreLib, Version=10.0.0.0, Culture=neutral, PublicKeyToken=7cec85d7bea7798e],[System.String, System.Private.CoreLib, Version=10.0.0.0, Culture=neutral, PublicKeyToken=7cec85d7bea7798e],[System.String, System.Private.CoreLib, Version=10.0.0.0, Culture=neutral, PublicKeyToken=7cec85d7bea7798e],[System.String, System.Private.CoreLib, Version=10.0.0.0, Culture=neutral, PublicKeyToken=7cec85d7bea7798e],[System.Nullable`1[[System.Int32, System.Private.CoreLib, Version=10.0.0.0, Culture=neutral, PublicKeyToken=7cec85d7bea7798e]], System.Private.CoreLib, Version=10.0.0.0, Culture=neutral, PublicKeyToken=7cec85d7bea7798e],[System.String, System.Private.CoreLib, Version=10.0.0.0, Culture=neutral, PublicKeyToken=7cec85d7bea7798e]], backend, Version=1.0.0.0, Culture=neutral, PublicKeyToken=null]]'.
2026-03-20 11:21:46.618 [INF] Microsoft.AspNetCore.Mvc.Infrastructure.ControllerActionInvoker | Executed action backend.Controllers.AuthController.Login (backend) in 6042.1564ms
2026-03-20 11:21:46.619 [INF] Microsoft.AspNetCore.Routing.EndpointMiddleware | Executed endpoint 'backend.Controllers.AuthController.Login (backend)'
2026-03-20 11:21:46.622 [INF] Serilog.AspNetCore.RequestLoggingMiddleware | HTTP POST /api/auth/login → 200 (6097.4ms)
2026-03-20 11:21:46.626 [INF] Microsoft.AspNetCore.Hosting.Diagnostics | Request finished HTTP/1.1 POST http://localhost:5217/api/auth/login - 200 null application/json; charset=utf-8 6190.3037ms
2026-03-20 11:21:47.700 [INF] Microsoft.AspNetCore.Hosting.Diagnostics | Request starting HTTP/1.1 OPTIONS http://localhost:5217/api/organizations - null null
2026-03-20 11:21:47.701 [INF] Microsoft.AspNetCore.Cors.Infrastructure.CorsService | CORS policy execution successful.
2026-03-20 11:21:47.701 [INF] Microsoft.AspNetCore.Hosting.Diagnostics | Request finished HTTP/1.1 OPTIONS http://localhost:5217/api/organizations - 204 null null 0.7537ms
2026-03-20 11:21:47.703 [INF] Microsoft.AspNetCore.Hosting.Diagnostics | Request starting HTTP/1.1 OPTIONS http://localhost:5217/api/organizations - null null
2026-03-20 11:21:47.703 [INF] Microsoft.AspNetCore.Cors.Infrastructure.CorsService | CORS policy execution successful.
2026-03-20 11:21:47.703 [INF] Microsoft.AspNetCore.Hosting.Diagnostics | Request finished HTTP/1.1 OPTIONS http://localhost:5217/api/organizations - 204 null null 0.5385ms
2026-03-20 11:21:47.708 [INF] Microsoft.AspNetCore.Hosting.Diagnostics | Request starting HTTP/1.1 GET http://localhost:5217/api/organizations - application/json null
2026-03-20 11:21:47.708 [INF] Microsoft.AspNetCore.Cors.Infrastructure.CorsService | CORS policy execution successful.
2026-03-20 11:21:47.708 [INF] Microsoft.AspNetCore.Cors.Infrastructure.CorsService | CORS policy execution successful.
2026-03-20 11:21:47.779 [INF] Microsoft.AspNetCore.Routing.EndpointMiddleware | Executing endpoint 'backend.Controllers.OrganizationsController.GetOrganizations (backend)'
2026-03-20 11:21:47.794 [INF] Microsoft.AspNetCore.Mvc.Infrastructure.ControllerActionInvoker | Route matched with {action = "GetOrganizations", controller = "Organizations"}. Executing controller action with signature System.Threading.Tasks.Task`1[Microsoft.AspNetCore.Mvc.IActionResult] GetOrganizations() on controller backend.Controllers.OrganizationsController (backend).
2026-03-20 11:21:47.800 [INF] backend.Controllers.OrganizationsController | [Orgs] GET all requested | Role=SuperAdmin | UserId=18
2026-03-20 11:21:47.930 [INF] Microsoft.AspNetCore.Mvc.Infrastructure.ObjectResultExecutor | Executing OkObjectResult, writing value of type 'System.Collections.Generic.List`1[[backend.Models.Organization, backend, Version=1.0.0.0, Culture=neutral, PublicKeyToken=null]]'.
2026-03-20 11:21:47.943 [INF] Microsoft.AspNetCore.Mvc.Infrastructure.ControllerActionInvoker | Executed action backend.Controllers.OrganizationsController.GetOrganizations (backend) in 149.3086ms
2026-03-20 11:21:47.943 [INF] Microsoft.AspNetCore.Routing.EndpointMiddleware | Executed endpoint 'backend.Controllers.OrganizationsController.GetOrganizations (backend)'
2026-03-20 11:21:47.943 [INF] Serilog.AspNetCore.RequestLoggingMiddleware | HTTP GET /api/organizations → 200 (164.7ms)
2026-03-20 11:21:47.944 [INF] Microsoft.AspNetCore.Hosting.Diagnostics | Request finished HTTP/1.1 GET http://localhost:5217/api/organizations - 200 null application/json; charset=utf-8 235.7526ms
2026-03-20 11:21:47.944 [INF] Microsoft.AspNetCore.Hosting.Diagnostics | Request starting HTTP/1.1 GET http://localhost:5217/api/organizations - application/json null
2026-03-20 11:21:47.945 [INF] Microsoft.AspNetCore.Cors.Infrastructure.CorsService | CORS policy execution successful.
2026-03-20 11:21:47.945 [INF] Microsoft.AspNetCore.Cors.Infrastructure.CorsService | CORS policy execution successful.
2026-03-20 11:21:47.954 [INF] Microsoft.AspNetCore.Routing.EndpointMiddleware | Executing endpoint 'backend.Controllers.OrganizationsController.GetOrganizations (backend)'
2026-03-20 11:21:47.954 [INF] Microsoft.AspNetCore.Mvc.Infrastructure.ControllerActionInvoker | Route matched with {action = "GetOrganizations", controller = "Organizations"}. Executing controller action with signature System.Threading.Tasks.Task`1[Microsoft.AspNetCore.Mvc.IActionResult] GetOrganizations() on controller backend.Controllers.OrganizationsController (backend).
2026-03-20 11:21:47.954 [INF] backend.Controllers.OrganizationsController | [Orgs] GET all requested | Role=SuperAdmin | UserId=18
2026-03-20 11:21:48.023 [INF] Microsoft.AspNetCore.Hosting.Diagnostics | Request starting HTTP/1.1 OPTIONS http://localhost:5217/api/leads - null null
2026-03-20 11:21:48.023 [INF] Microsoft.AspNetCore.Cors.Infrastructure.CorsService | CORS policy execution successful.
2026-03-20 11:21:48.023 [INF] Microsoft.AspNetCore.Hosting.Diagnostics | Request finished HTTP/1.1 OPTIONS http://localhost:5217/api/leads - 204 null null 0.3439ms
2026-03-20 11:21:48.026 [INF] Microsoft.AspNetCore.Hosting.Diagnostics | Request starting HTTP/1.1 GET http://localhost:5217/uploads/org-logos/org-logo-5873c475d91d4bbd9046deec667d136c.jpg - null null
2026-03-20 11:21:48.028 [INF] Microsoft.AspNetCore.Hosting.Diagnostics | Request starting HTTP/1.1 GET http://localhost:5217/uploads/org-logos/org-logo-f3e5c29a5727487a9d6c2a5527e8919d.png - null null
2026-03-20 11:21:48.028 [INF] Microsoft.AspNetCore.Cors.Infrastructure.CorsService | CORS policy execution successful.
2026-03-20 11:21:48.028 [INF] Microsoft.AspNetCore.Cors.Infrastructure.CorsService | CORS policy execution successful.
2026-03-20 11:21:48.031 [INF] Microsoft.AspNetCore.Hosting.Diagnostics | Request starting HTTP/1.1 GET http://localhost:5217/uploads/org-logos/org-logo-6fcb4a5d7f2e442f800ddd9bde90c680.jpg - null null
2026-03-20 11:21:48.032 [INF] Microsoft.AspNetCore.Cors.Infrastructure.CorsService | CORS policy execution successful.
2026-03-20 11:21:48.040 [INF] Microsoft.AspNetCore.Hosting.Diagnostics | Request starting HTTP/1.1 GET http://localhost:5217/api/leads - application/json null
2026-03-20 11:21:48.041 [INF] Microsoft.AspNetCore.Cors.Infrastructure.CorsService | CORS policy execution successful.
2026-03-20 11:21:48.041 [INF] Microsoft.AspNetCore.Cors.Infrastructure.CorsService | CORS policy execution successful.
2026-03-20 11:21:48.043 [INF] Microsoft.AspNetCore.Routing.EndpointMiddleware | Executing endpoint 'backend.Controllers.LeadsController.GetLeads (backend)'
2026-03-20 11:21:48.047 [INF] Microsoft.AspNetCore.StaticFiles.StaticFileMiddleware | The file /uploads/org-logos/org-logo-5873c475d91d4bbd9046deec667d136c.jpg was not modified
2026-03-20 11:21:48.047 [INF] Microsoft.AspNetCore.StaticFiles.StaticFileMiddleware | The file /uploads/org-logos/org-logo-6fcb4a5d7f2e442f800ddd9bde90c680.jpg was not modified
2026-03-20 11:21:48.047 [INF] Microsoft.AspNetCore.StaticFiles.StaticFileMiddleware | The file /uploads/org-logos/org-logo-f3e5c29a5727487a9d6c2a5527e8919d.png was not modified
2026-03-20 11:21:48.047 [INF] Microsoft.AspNetCore.Hosting.Diagnostics | Request finished HTTP/1.1 GET http://localhost:5217/uploads/org-logos/org-logo-6fcb4a5d7f2e442f800ddd9bde90c680.jpg - 304 null image/jpeg 15.9269ms
2026-03-20 11:21:48.047 [INF] Microsoft.AspNetCore.Hosting.Diagnostics | Request finished HTTP/1.1 GET http://localhost:5217/uploads/org-logos/org-logo-5873c475d91d4bbd9046deec667d136c.jpg - 304 null image/jpeg 21.896ms
2026-03-20 11:21:48.047 [INF] Microsoft.AspNetCore.Hosting.Diagnostics | Request finished HTTP/1.1 GET http://localhost:5217/uploads/org-logos/org-logo-f3e5c29a5727487a9d6c2a5527e8919d.png - 304 null image/png 19.8023ms
2026-03-20 11:21:48.052 [INF] Microsoft.AspNetCore.Mvc.Infrastructure.ControllerActionInvoker | Route matched with {action = "GetLeads", controller = "Leads"}. Executing controller action with signature System.Threading.Tasks.Task`1[System.Collections.Generic.IEnumerable`1[backend.Models.Lead]] GetLeads() on controller backend.Controllers.LeadsController (backend).
2026-03-20 11:21:48.154 [INF] Microsoft.AspNetCore.Mvc.Infrastructure.ObjectResultExecutor | Executing OkObjectResult, writing value of type 'System.Collections.Generic.List`1[[backend.Models.Organization, backend, Version=1.0.0.0, Culture=neutral, PublicKeyToken=null]]'.
2026-03-20 11:21:48.154 [INF] Microsoft.AspNetCore.Mvc.Infrastructure.ControllerActionInvoker | Executed action backend.Controllers.OrganizationsController.GetOrganizations (backend) in 199.583ms
2026-03-20 11:21:48.154 [INF] Microsoft.AspNetCore.Routing.EndpointMiddleware | Executed endpoint 'backend.Controllers.OrganizationsController.GetOrganizations (backend)'
2026-03-20 11:21:48.154 [INF] Serilog.AspNetCore.RequestLoggingMiddleware | HTTP GET /api/organizations → 200 (200.1ms)
2026-03-20 11:21:48.154 [INF] Microsoft.AspNetCore.Hosting.Diagnostics | Request finished HTTP/1.1 GET http://localhost:5217/api/organizations - 200 null application/json; charset=utf-8 209.9962ms
2026-03-20 11:21:48.534 [INF] Microsoft.AspNetCore.Mvc.Infrastructure.ObjectResultExecutor | Executing ObjectResult, writing value of type 'System.Collections.Generic.List`1[[backend.Models.Lead, backend, Version=1.0.0.0, Culture=neutral, PublicKeyToken=null]]'.
2026-03-20 11:21:48.548 [INF] Microsoft.AspNetCore.Mvc.Infrastructure.ControllerActionInvoker | Executed action backend.Controllers.LeadsController.GetLeads (backend) in 496.1416ms
2026-03-20 11:21:48.548 [INF] Microsoft.AspNetCore.Routing.EndpointMiddleware | Executed endpoint 'backend.Controllers.LeadsController.GetLeads (backend)'
2026-03-20 11:21:48.548 [INF] Serilog.AspNetCore.RequestLoggingMiddleware | HTTP GET /api/leads → 200 (505.5ms)
2026-03-20 11:21:48.549 [INF] Microsoft.AspNetCore.Hosting.Diagnostics | Request finished HTTP/1.1 GET http://localhost:5217/api/leads - 200 null application/json; charset=utf-8 508.2564ms
2026-03-20 11:21:48.550 [INF] Microsoft.AspNetCore.Hosting.Diagnostics | Request starting HTTP/1.1 GET http://localhost:5217/api/leads - application/json null
2026-03-20 11:21:48.551 [INF] Microsoft.AspNetCore.Cors.Infrastructure.CorsService | CORS policy execution successful.
2026-03-20 11:21:48.551 [INF] Microsoft.AspNetCore.Cors.Infrastructure.CorsService | CORS policy execution successful.
2026-03-20 11:21:48.552 [INF] Microsoft.AspNetCore.Routing.EndpointMiddleware | Executing endpoint 'backend.Controllers.LeadsController.GetLeads (backend)'
2026-03-20 11:21:48.553 [INF] Microsoft.AspNetCore.Mvc.Infrastructure.ControllerActionInvoker | Route matched with {action = "GetLeads", controller = "Leads"}. Executing controller action with signature System.Threading.Tasks.Task`1[System.Collections.Generic.IEnumerable`1[backend.Models.Lead]] GetLeads() on controller backend.Controllers.LeadsController (backend).
2026-03-20 11:21:48.561 [INF] Microsoft.AspNetCore.Hosting.Diagnostics | Request starting HTTP/1.1 OPTIONS http://localhost:5217/api/employees?organizationId=2 - null null
2026-03-20 11:21:48.561 [INF] Microsoft.AspNetCore.Cors.Infrastructure.CorsService | CORS policy execution successful.
2026-03-20 11:21:48.562 [INF] Microsoft.AspNetCore.Hosting.Diagnostics | Request finished HTTP/1.1 OPTIONS http://localhost:5217/api/employees?organizationId=2 - 204 null null 0.6737ms
2026-03-20 11:21:48.565 [INF] Microsoft.AspNetCore.Hosting.Diagnostics | Request starting HTTP/1.1 GET http://localhost:5217/api/employees?organizationId=2 - application/json null
2026-03-20 11:21:48.566 [INF] Microsoft.AspNetCore.Cors.Infrastructure.CorsService | CORS policy execution successful.
2026-03-20 11:21:48.566 [INF] Microsoft.AspNetCore.Cors.Infrastructure.CorsService | CORS policy execution successful.
2026-03-20 11:21:48.567 [INF] Microsoft.AspNetCore.Routing.EndpointMiddleware | Executing endpoint 'backend.Controllers.EmployeesController.GetEmployees (backend)'
2026-03-20 11:21:48.579 [INF] Microsoft.AspNetCore.Mvc.Infrastructure.ControllerActionInvoker | Route matched with {action = "GetEmployees", controller = "Employees"}. Executing controller action with signature System.Threading.Tasks.Task`1[Microsoft.AspNetCore.Mvc.IActionResult] GetEmployees(System.Nullable`1[System.Int32]) on controller backend.Controllers.EmployeesController (backend).
2026-03-20 11:21:48.602 [INF] backend.Controllers.EmployeesController | [Employees] GET all | TargetOrgId=2 | UserOrgId=2
2026-03-20 11:21:48.608 [INF] Microsoft.AspNetCore.Mvc.Infrastructure.ObjectResultExecutor | Executing ObjectResult, writing value of type 'System.Collections.Generic.List`1[[backend.Models.Lead, backend, Version=1.0.0.0, Culture=neutral, PublicKeyToken=null]]'.
2026-03-20 11:21:48.608 [INF] Microsoft.AspNetCore.Mvc.Infrastructure.ControllerActionInvoker | Executed action backend.Controllers.LeadsController.GetLeads (backend) in 54.7874ms
2026-03-20 11:21:48.608 [INF] Microsoft.AspNetCore.Routing.EndpointMiddleware | Executed endpoint 'backend.Controllers.LeadsController.GetLeads (backend)'
2026-03-20 11:21:48.609 [INF] Serilog.AspNetCore.RequestLoggingMiddleware | HTTP GET /api/leads → 200 (56.8ms)
2026-03-20 11:21:48.609 [INF] Microsoft.AspNetCore.Hosting.Diagnostics | Request finished HTTP/1.1 GET http://localhost:5217/api/leads - 200 null application/json; charset=utf-8 58.6381ms
2026-03-20 11:21:48.637 [INF] Microsoft.AspNetCore.Hosting.Diagnostics | Request starting HTTP/1.1 OPTIONS http://localhost:5217/api/ShiftAssignments/roster?start=2026-03-20&end=2026-03-27 - null null
2026-03-20 11:21:48.637 [INF] Microsoft.AspNetCore.Cors.Infrastructure.CorsService | CORS policy execution successful.
2026-03-20 11:21:48.637 [INF] Microsoft.AspNetCore.Hosting.Diagnostics | Request finished HTTP/1.1 OPTIONS http://localhost:5217/api/ShiftAssignments/roster?start=2026-03-20&end=2026-03-27 - 204 null null 0.5711ms
2026-03-20 11:21:48.640 [INF] Microsoft.AspNetCore.Hosting.Diagnostics | Request starting HTTP/1.1 GET http://localhost:5217/api/ShiftAssignments/roster?start=2026-03-20&end=2026-03-27 - application/json null
2026-03-20 11:21:48.641 [INF] Microsoft.AspNetCore.Cors.Infrastructure.CorsService | CORS policy execution successful.
2026-03-20 11:21:48.641 [INF] Microsoft.AspNetCore.Cors.Infrastructure.CorsService | CORS policy execution successful.
2026-03-20 11:21:48.642 [INF] Microsoft.AspNetCore.Routing.EndpointMiddleware | Executing endpoint 'backend.Controllers.ShiftAssignmentsController.GetMonthlyRosterFixed (backend)'
2026-03-20 11:21:48.650 [INF] Microsoft.AspNetCore.Mvc.Infrastructure.ControllerActionInvoker | Route matched with {action = "GetMonthlyRosterFixed", controller = "ShiftAssignments"}. Executing controller action with signature System.Threading.Tasks.Task`1[Microsoft.AspNetCore.Mvc.IActionResult] GetMonthlyRosterFixed(System.String, System.String, System.Nullable`1[System.Int32]) on controller backend.Controllers.ShiftAssignmentsController (backend).
2026-03-20 11:21:48.878 [INF] Microsoft.AspNetCore.Mvc.Infrastructure.ObjectResultExecutor | Executing OkObjectResult, writing value of type 'System.Collections.Generic.List`1[[backend.Models.Employee, backend, Version=1.0.0.0, Culture=neutral, PublicKeyToken=null]]'.
2026-03-20 11:21:48.880 [INF] Microsoft.AspNetCore.Mvc.Infrastructure.ObjectResultExecutor | Executing OkObjectResult, writing value of type 'System.Collections.Generic.List`1[[backend.Models.EmployeeSchedule, backend, Version=1.0.0.0, Culture=neutral, PublicKeyToken=null]]'.
2026-03-20 11:21:48.907 [INF] Microsoft.AspNetCore.Mvc.Infrastructure.ControllerActionInvoker | Executed action backend.Controllers.ShiftAssignmentsController.GetMonthlyRosterFixed (backend) in 256.7712ms
2026-03-20 11:21:48.907 [INF] Microsoft.AspNetCore.Routing.EndpointMiddleware | Executed endpoint 'backend.Controllers.ShiftAssignmentsController.GetMonthlyRosterFixed (backend)'
2026-03-20 11:21:48.907 [INF] Serilog.AspNetCore.RequestLoggingMiddleware | HTTP GET /api/ShiftAssignments/roster → 200 (265.3ms)
2026-03-20 11:21:48.908 [INF] Microsoft.AspNetCore.Hosting.Diagnostics | Request finished HTTP/1.1 GET http://localhost:5217/api/ShiftAssignments/roster?start=2026-03-20&end=2026-03-27 - 200 null application/json; charset=utf-8 267.6312ms
2026-03-20 11:21:48.910 [INF] Microsoft.AspNetCore.Mvc.Infrastructure.ControllerActionInvoker | Executed action backend.Controllers.EmployeesController.GetEmployees (backend) in 331.0626ms
2026-03-20 11:21:48.910 [INF] Microsoft.AspNetCore.Routing.EndpointMiddleware | Executed endpoint 'backend.Controllers.EmployeesController.GetEmployees (backend)'
2026-03-20 11:21:48.911 [INF] Serilog.AspNetCore.RequestLoggingMiddleware | HTTP GET /api/employees → 200 (343.4ms)
2026-03-20 11:21:48.911 [INF] Microsoft.AspNetCore.Hosting.Diagnostics | Request finished HTTP/1.1 GET http://localhost:5217/api/employees?organizationId=2 - 200 null application/json; charset=utf-8 345.3636ms
2026-03-20 11:21:48.934 [INF] Microsoft.AspNetCore.Hosting.Diagnostics | Request starting HTTP/1.1 OPTIONS http://localhost:5217/api/ShiftAssignments/roster?start=2026-03-20&end=2026-03-27&orgId=2 - null null
2026-03-20 11:21:48.935 [INF] Microsoft.AspNetCore.Cors.Infrastructure.CorsService | CORS policy execution successful.
2026-03-20 11:21:48.935 [INF] Microsoft.AspNetCore.Hosting.Diagnostics | Request finished HTTP/1.1 OPTIONS http://localhost:5217/api/ShiftAssignments/roster?start=2026-03-20&end=2026-03-27&orgId=2 - 204 null null 1.3712ms
2026-03-20 11:21:48.938 [INF] Microsoft.AspNetCore.Hosting.Diagnostics | Request starting HTTP/1.1 GET http://localhost:5217/api/ShiftAssignments/roster?start=2026-03-20&end=2026-03-27&orgId=2 - application/json null
2026-03-20 11:21:48.938 [INF] Microsoft.AspNetCore.Cors.Infrastructure.CorsService | CORS policy execution successful.
2026-03-20 11:21:48.938 [INF] Microsoft.AspNetCore.Cors.Infrastructure.CorsService | CORS policy execution successful.
2026-03-20 11:21:48.939 [INF] Microsoft.AspNetCore.Routing.EndpointMiddleware | Executing endpoint 'backend.Controllers.ShiftAssignmentsController.GetMonthlyRosterFixed (backend)'
2026-03-20 11:21:48.939 [INF] Microsoft.AspNetCore.Mvc.Infrastructure.ControllerActionInvoker | Route matched with {action = "GetMonthlyRosterFixed", controller = "ShiftAssignments"}. Executing controller action with signature System.Threading.Tasks.Task`1[Microsoft.AspNetCore.Mvc.IActionResult] GetMonthlyRosterFixed(System.String, System.String, System.Nullable`1[System.Int32]) on controller backend.Controllers.ShiftAssignmentsController (backend).
2026-03-20 11:21:48.978 [INF] Microsoft.AspNetCore.Hosting.Diagnostics | Request starting HTTP/1.1 GET http://localhost:5217/uploads/employee-photos/emp-31.jpg - null null
2026-03-20 11:21:48.978 [INF] Microsoft.AspNetCore.Cors.Infrastructure.CorsService | CORS policy execution successful.
2026-03-20 11:21:48.979 [INF] Microsoft.AspNetCore.StaticFiles.StaticFileMiddleware | The file /uploads/employee-photos/emp-31.jpg was not modified
2026-03-20 11:21:48.979 [INF] Microsoft.AspNetCore.Hosting.Diagnostics | Request finished HTTP/1.1 GET http://localhost:5217/uploads/employee-photos/emp-31.jpg - 304 null image/jpeg 1.1841ms
2026-03-20 11:21:49.168 [INF] Microsoft.AspNetCore.Mvc.Infrastructure.ObjectResultExecutor | Executing OkObjectResult, writing value of type 'System.Collections.Generic.List`1[[backend.Models.EmployeeSchedule, backend, Version=1.0.0.0, Culture=neutral, PublicKeyToken=null]]'.
2026-03-20 11:21:49.170 [INF] Microsoft.AspNetCore.Mvc.Infrastructure.ControllerActionInvoker | Executed action backend.Controllers.ShiftAssignmentsController.GetMonthlyRosterFixed (backend) in 230.5885ms
2026-03-20 11:21:49.170 [INF] Microsoft.AspNetCore.Routing.EndpointMiddleware | Executed endpoint 'backend.Controllers.ShiftAssignmentsController.GetMonthlyRosterFixed (backend)'
2026-03-20 11:21:49.170 [INF] Serilog.AspNetCore.RequestLoggingMiddleware | HTTP GET /api/ShiftAssignments/roster → 200 (231.0ms)
2026-03-20 11:21:49.170 [INF] Microsoft.AspNetCore.Hosting.Diagnostics | Request finished HTTP/1.1 GET http://localhost:5217/api/ShiftAssignments/roster?start=2026-03-20&end=2026-03-27&orgId=2 - 200 null application/json; charset=utf-8 232.1682ms
2026-03-20 11:21:49.181 [INF] Microsoft.AspNetCore.Hosting.Diagnostics | Request starting HTTP/1.1 OPTIONS http://localhost:5217/api/Attendance/status?employeeId=31&orgId=2 - null null
2026-03-20 11:21:49.182 [INF] Microsoft.AspNetCore.Cors.Infrastructure.CorsService | CORS policy execution successful.
2026-03-20 11:21:49.182 [INF] Microsoft.AspNetCore.Hosting.Diagnostics | Request finished HTTP/1.1 OPTIONS http://localhost:5217/api/Attendance/status?employeeId=31&orgId=2 - 204 null null 0.3611ms
2026-03-20 11:21:49.186 [INF] Microsoft.AspNetCore.Hosting.Diagnostics | Request starting HTTP/1.1 GET http://localhost:5217/api/Attendance/status?employeeId=31&orgId=2 - application/json null
2026-03-20 11:21:49.188 [INF] Microsoft.AspNetCore.Cors.Infrastructure.CorsService | CORS policy execution successful.
2026-03-20 11:21:49.188 [INF] Microsoft.AspNetCore.Cors.Infrastructure.CorsService | CORS policy execution successful.
2026-03-20 11:21:49.189 [INF] Microsoft.AspNetCore.Routing.EndpointMiddleware | Executing endpoint 'backend.Controllers.AttendanceController.GetTodayStatus (backend)'
2026-03-20 11:21:49.200 [INF] Microsoft.AspNetCore.Mvc.Infrastructure.ControllerActionInvoker | Route matched with {action = "GetTodayStatus", controller = "Attendance"}. Executing controller action with signature System.Threading.Tasks.Task`1[Microsoft.AspNetCore.Mvc.IActionResult] GetTodayStatus(Int32, System.Nullable`1[System.Int32]) on controller backend.Controllers.AttendanceController (backend).
2026-03-20 11:21:50.066 [INF] Microsoft.AspNetCore.Mvc.Infrastructure.ObjectResultExecutor | Executing OkObjectResult, writing value of type 'backend.Models.AttendanceStatusResponse'.
2026-03-20 11:21:50.069 [INF] Microsoft.AspNetCore.Mvc.Infrastructure.ControllerActionInvoker | Executed action backend.Controllers.AttendanceController.GetTodayStatus (backend) in 869.3433ms
2026-03-20 11:21:50.069 [INF] Microsoft.AspNetCore.Routing.EndpointMiddleware | Executed endpoint 'backend.Controllers.AttendanceController.GetTodayStatus (backend)'
2026-03-20 11:21:50.069 [INF] Serilog.AspNetCore.RequestLoggingMiddleware | HTTP GET /api/Attendance/status → 200 (880.9ms)
2026-03-20 11:21:50.070 [INF] Microsoft.AspNetCore.Hosting.Diagnostics | Request finished HTTP/1.1 GET http://localhost:5217/api/Attendance/status?employeeId=31&orgId=2 - 200 null application/json; charset=utf-8 883.9202ms
2026-03-20 12:39:46.231 [INF] Microsoft.AspNetCore.Hosting.Diagnostics | Request starting HTTP/1.1 OPTIONS http://localhost:5217/api/auth/login - null null
2026-03-20 12:39:46.238 [INF] Microsoft.AspNetCore.Cors.Infrastructure.CorsService | CORS policy execution successful.
2026-03-20 12:39:46.243 [INF] Microsoft.AspNetCore.Hosting.Diagnostics | Request finished HTTP/1.1 OPTIONS http://localhost:5217/api/auth/login - 204 null null 11.6814ms
2026-03-20 12:39:46.247 [INF] Microsoft.AspNetCore.Hosting.Diagnostics | Request starting HTTP/1.1 POST http://localhost:5217/api/auth/login - application/json 62
2026-03-20 12:39:46.249 [INF] Microsoft.AspNetCore.Cors.Infrastructure.CorsService | CORS policy execution successful.
2026-03-20 12:39:46.250 [INF] Microsoft.AspNetCore.Cors.Infrastructure.CorsService | CORS policy execution successful.
2026-03-20 12:39:46.259 [INF] Microsoft.AspNetCore.Routing.EndpointMiddleware | Executing endpoint 'backend.Controllers.AuthController.Login (backend)'
2026-03-20 12:39:46.265 [INF] Microsoft.AspNetCore.Mvc.Infrastructure.ControllerActionInvoker | Route matched with {action = "Login", controller = "Auth"}. Executing controller action with signature System.Threading.Tasks.Task`1[Microsoft.AspNetCore.Mvc.IActionResult] Login(backend.Models.LoginRequest) on controller backend.Controllers.AuthController (backend).
2026-03-20 12:39:46.294 [INF] backend.Controllers.AuthController | [Auth] Login attempt | Email=vasanth2004vk@gmail.com
2026-03-20 12:39:47.948 [INF] backend.Controllers.AuthController | [Auth] User login session recorded | UserId=18 | TokenExpiry="2026-03-21T07:09:47.9212776Z"
2026-03-20 12:39:47.949 [INF] backend.Controllers.AuthController | [Auth] Login SUCCESS | Email=vasanth2004vk@gmail.com | EffectiveRole=SuperAdmin | OrgId=2
2026-03-20 12:39:47.949 [INF] Microsoft.AspNetCore.Mvc.Infrastructure.ObjectResultExecutor | Executing OkObjectResult, writing value of type '<>f__AnonymousType13`2[[System.String, System.Private.CoreLib, Version=10.0.0.0, Culture=neutral, PublicKeyToken=7cec85d7bea7798e],[<>f__AnonymousType14`6[[System.Int32, System.Private.CoreLib, Version=10.0.0.0, Culture=neutral, PublicKeyToken=7cec85d7bea7798e],[System.String, System.Private.CoreLib, Version=10.0.0.0, Culture=neutral, PublicKeyToken=7cec85d7bea7798e],[System.String, System.Private.CoreLib, Version=10.0.0.0, Culture=neutral, PublicKeyToken=7cec85d7bea7798e],[System.String, System.Private.CoreLib, Version=10.0.0.0, Culture=neutral, PublicKeyToken=7cec85d7bea7798e],[System.Nullable`1[[System.Int32, System.Private.CoreLib, Version=10.0.0.0, Culture=neutral, PublicKeyToken=7cec85d7bea7798e]], System.Private.CoreLib, Version=10.0.0.0, Culture=neutral, PublicKeyToken=7cec85d7bea7798e],[System.String, System.Private.CoreLib, Version=10.0.0.0, Culture=neutral, PublicKeyToken=7cec85d7bea7798e]], backend, Version=1.0.0.0, Culture=neutral, PublicKeyToken=null]]'.
2026-03-20 12:39:47.951 [INF] Microsoft.AspNetCore.Mvc.Infrastructure.ControllerActionInvoker | Executed action backend.Controllers.AuthController.Login (backend) in 1685.1816ms
2026-03-20 12:39:47.951 [INF] Microsoft.AspNetCore.Routing.EndpointMiddleware | Executed endpoint 'backend.Controllers.AuthController.Login (backend)'
2026-03-20 12:39:47.951 [INF] Serilog.AspNetCore.RequestLoggingMiddleware | HTTP POST /api/auth/login → 200 (1692.8ms)
2026-03-20 12:39:47.952 [INF] Microsoft.AspNetCore.Hosting.Diagnostics | Request finished HTTP/1.1 POST http://localhost:5217/api/auth/login - 200 null application/json; charset=utf-8 1704.4773ms
2026-03-20 12:39:48.542 [INF] Microsoft.AspNetCore.Hosting.Diagnostics | Request starting HTTP/1.1 OPTIONS http://localhost:5217/api/organizations - null null
2026-03-20 12:39:48.543 [INF] Microsoft.AspNetCore.Cors.Infrastructure.CorsService | CORS policy execution successful.
2026-03-20 12:39:48.543 [INF] Microsoft.AspNetCore.Hosting.Diagnostics | Request starting HTTP/1.1 OPTIONS http://localhost:5217/api/organizations - null null
2026-03-20 12:39:48.543 [INF] Microsoft.AspNetCore.Hosting.Diagnostics | Request finished HTTP/1.1 OPTIONS http://localhost:5217/api/organizations - 204 null null 0.5338ms
2026-03-20 12:39:48.543 [INF] Microsoft.AspNetCore.Cors.Infrastructure.CorsService | CORS policy execution successful.
2026-03-20 12:39:48.543 [INF] Microsoft.AspNetCore.Hosting.Diagnostics | Request finished HTTP/1.1 OPTIONS http://localhost:5217/api/organizations - 204 null null 0.105ms
2026-03-20 12:39:48.546 [INF] Microsoft.AspNetCore.Hosting.Diagnostics | Request starting HTTP/1.1 GET http://localhost:5217/api/organizations - application/json null
2026-03-20 12:39:48.546 [INF] Microsoft.AspNetCore.Cors.Infrastructure.CorsService | CORS policy execution successful.
2026-03-20 12:39:48.547 [INF] Microsoft.AspNetCore.Cors.Infrastructure.CorsService | CORS policy execution successful.
2026-03-20 12:39:48.551 [INF] Microsoft.AspNetCore.Routing.EndpointMiddleware | Executing endpoint 'backend.Controllers.OrganizationsController.GetOrganizations (backend)'
2026-03-20 12:39:48.551 [INF] Microsoft.AspNetCore.Mvc.Infrastructure.ControllerActionInvoker | Route matched with {action = "GetOrganizations", controller = "Organizations"}. Executing controller action with signature System.Threading.Tasks.Task`1[Microsoft.AspNetCore.Mvc.IActionResult] GetOrganizations() on controller backend.Controllers.OrganizationsController (backend).
2026-03-20 12:39:48.551 [INF] backend.Controllers.OrganizationsController | [Orgs] GET all requested | Role=SuperAdmin | UserId=18
2026-03-20 12:39:48.571 [INF] Microsoft.AspNetCore.Mvc.Infrastructure.ObjectResultExecutor | Executing OkObjectResult, writing value of type 'System.Collections.Generic.List`1[[backend.Models.Organization, backend, Version=1.0.0.0, Culture=neutral, PublicKeyToken=null]]'.
2026-03-20 12:39:48.572 [INF] Microsoft.AspNetCore.Mvc.Infrastructure.ControllerActionInvoker | Executed action backend.Controllers.OrganizationsController.GetOrganizations (backend) in 20.8328ms
2026-03-20 12:39:48.572 [INF] Microsoft.AspNetCore.Routing.EndpointMiddleware | Executed endpoint 'backend.Controllers.OrganizationsController.GetOrganizations (backend)'
2026-03-20 12:39:48.572 [INF] Serilog.AspNetCore.RequestLoggingMiddleware | HTTP GET /api/organizations → 200 (21.2ms)
2026-03-20 12:39:48.572 [INF] Microsoft.AspNetCore.Hosting.Diagnostics | Request finished HTTP/1.1 GET http://localhost:5217/api/organizations - 200 null application/json; charset=utf-8 26.5037ms
2026-03-20 12:39:48.573 [INF] Microsoft.AspNetCore.Hosting.Diagnostics | Request starting HTTP/1.1 GET http://localhost:5217/api/organizations - application/json null
2026-03-20 12:39:48.573 [INF] Microsoft.AspNetCore.Cors.Infrastructure.CorsService | CORS policy execution successful.
2026-03-20 12:39:48.573 [INF] Microsoft.AspNetCore.Cors.Infrastructure.CorsService | CORS policy execution successful.
2026-03-20 12:39:48.573 [INF] Microsoft.AspNetCore.Routing.EndpointMiddleware | Executing endpoint 'backend.Controllers.OrganizationsController.GetOrganizations (backend)'
2026-03-20 12:39:48.574 [INF] Microsoft.AspNetCore.Mvc.Infrastructure.ControllerActionInvoker | Route matched with {action = "GetOrganizations", controller = "Organizations"}. Executing controller action with signature System.Threading.Tasks.Task`1[Microsoft.AspNetCore.Mvc.IActionResult] GetOrganizations() on controller backend.Controllers.OrganizationsController (backend).
2026-03-20 12:39:48.574 [INF] backend.Controllers.OrganizationsController | [Orgs] GET all requested | Role=SuperAdmin | UserId=18
2026-03-20 12:39:48.650 [INF] Microsoft.AspNetCore.Mvc.Infrastructure.ObjectResultExecutor | Executing OkObjectResult, writing value of type 'System.Collections.Generic.List`1[[backend.Models.Organization, backend, Version=1.0.0.0, Culture=neutral, PublicKeyToken=null]]'.
2026-03-20 12:39:48.650 [INF] Microsoft.AspNetCore.Mvc.Infrastructure.ControllerActionInvoker | Executed action backend.Controllers.OrganizationsController.GetOrganizations (backend) in 76.3944ms
2026-03-20 12:39:48.650 [INF] Microsoft.AspNetCore.Routing.EndpointMiddleware | Executed endpoint 'backend.Controllers.OrganizationsController.GetOrganizations (backend)'
2026-03-20 12:39:48.650 [INF] Serilog.AspNetCore.RequestLoggingMiddleware | HTTP GET /api/organizations → 200 (76.7ms)
2026-03-20 12:39:48.650 [INF] Microsoft.AspNetCore.Hosting.Diagnostics | Request finished HTTP/1.1 GET http://localhost:5217/api/organizations - 200 null application/json; charset=utf-8 77.3562ms
2026-03-20 12:39:48.655 [INF] Microsoft.AspNetCore.Hosting.Diagnostics | Request starting HTTP/1.1 OPTIONS http://localhost:5217/api/leads - null null
2026-03-20 12:39:48.655 [INF] Microsoft.AspNetCore.Cors.Infrastructure.CorsService | CORS policy execution successful.
2026-03-20 12:39:48.655 [INF] Microsoft.AspNetCore.Hosting.Diagnostics | Request finished HTTP/1.1 OPTIONS http://localhost:5217/api/leads - 204 null null 0.3339ms
2026-03-20 12:39:48.656 [INF] Microsoft.AspNetCore.Hosting.Diagnostics | Request starting HTTP/1.1 GET http://localhost:5217/uploads/org-logos/org-logo-5873c475d91d4bbd9046deec667d136c.jpg - null null
2026-03-20 12:39:48.657 [INF] Microsoft.AspNetCore.Hosting.Diagnostics | Request starting HTTP/1.1 GET http://localhost:5217/api/leads - application/json null
2026-03-20 12:39:48.657 [INF] Microsoft.AspNetCore.Cors.Infrastructure.CorsService | CORS policy execution successful.
2026-03-20 12:39:48.657 [INF] Microsoft.AspNetCore.Cors.Infrastructure.CorsService | CORS policy execution successful.
2026-03-20 12:39:48.657 [INF] Microsoft.AspNetCore.Cors.Infrastructure.CorsService | CORS policy execution successful.
2026-03-20 12:39:48.658 [INF] Microsoft.AspNetCore.Routing.EndpointMiddleware | Executing endpoint 'backend.Controllers.LeadsController.GetLeads (backend)'
2026-03-20 12:39:48.658 [INF] Microsoft.AspNetCore.Mvc.Infrastructure.ControllerActionInvoker | Route matched with {action = "GetLeads", controller = "Leads"}. Executing controller action with signature System.Threading.Tasks.Task`1[System.Collections.Generic.IEnumerable`1[backend.Models.Lead]] GetLeads() on controller backend.Controllers.LeadsController (backend).
2026-03-20 12:39:48.660 [INF] Microsoft.AspNetCore.Hosting.Diagnostics | Request starting HTTP/1.1 GET http://localhost:5217/uploads/org-logos/org-logo-f3e5c29a5727487a9d6c2a5527e8919d.png - null null
2026-03-20 12:39:48.660 [INF] Microsoft.AspNetCore.Cors.Infrastructure.CorsService | CORS policy execution successful.
2026-03-20 12:39:48.663 [INF] Microsoft.AspNetCore.StaticFiles.StaticFileMiddleware | The file /uploads/org-logos/org-logo-5873c475d91d4bbd9046deec667d136c.jpg was not modified
2026-03-20 12:39:48.663 [INF] Microsoft.AspNetCore.StaticFiles.StaticFileMiddleware | The file /uploads/org-logos/org-logo-f3e5c29a5727487a9d6c2a5527e8919d.png was not modified
2026-03-20 12:39:48.664 [INF] Microsoft.AspNetCore.Hosting.Diagnostics | Request finished HTTP/1.1 GET http://localhost:5217/uploads/org-logos/org-logo-f3e5c29a5727487a9d6c2a5527e8919d.png - 304 null image/png 3.629ms
2026-03-20 12:39:48.664 [INF] Microsoft.AspNetCore.Hosting.Diagnostics | Request finished HTTP/1.1 GET http://localhost:5217/uploads/org-logos/org-logo-5873c475d91d4bbd9046deec667d136c.jpg - 304 null image/jpeg 7.2023ms
2026-03-20 12:39:48.672 [INF] Microsoft.AspNetCore.Hosting.Diagnostics | Request starting HTTP/1.1 GET http://localhost:5217/uploads/org-logos/org-logo-6fcb4a5d7f2e442f800ddd9bde90c680.jpg - null null
2026-03-20 12:39:48.672 [INF] Microsoft.AspNetCore.Cors.Infrastructure.CorsService | CORS policy execution successful.
2026-03-20 12:39:48.673 [INF] Microsoft.AspNetCore.StaticFiles.StaticFileMiddleware | The file /uploads/org-logos/org-logo-6fcb4a5d7f2e442f800ddd9bde90c680.jpg was not modified
2026-03-20 12:39:48.673 [INF] Microsoft.AspNetCore.Hosting.Diagnostics | Request finished HTTP/1.1 GET http://localhost:5217/uploads/org-logos/org-logo-6fcb4a5d7f2e442f800ddd9bde90c680.jpg - 304 null image/jpeg 0.957ms
2026-03-20 12:39:48.694 [INF] Microsoft.AspNetCore.Mvc.Infrastructure.ObjectResultExecutor | Executing ObjectResult, writing value of type 'System.Collections.Generic.List`1[[backend.Models.Lead, backend, Version=1.0.0.0, Culture=neutral, PublicKeyToken=null]]'.
2026-03-20 12:39:48.694 [INF] Microsoft.AspNetCore.Mvc.Infrastructure.ControllerActionInvoker | Executed action backend.Controllers.LeadsController.GetLeads (backend) in 36.6228ms
2026-03-20 12:39:48.695 [INF] Microsoft.AspNetCore.Routing.EndpointMiddleware | Executed endpoint 'backend.Controllers.LeadsController.GetLeads (backend)'
2026-03-20 12:39:48.695 [INF] Serilog.AspNetCore.RequestLoggingMiddleware | HTTP GET /api/leads → 200 (37.0ms)
2026-03-20 12:39:48.695 [INF] Microsoft.AspNetCore.Hosting.Diagnostics | Request finished HTTP/1.1 GET http://localhost:5217/api/leads - 200 null application/json; charset=utf-8 37.9487ms
2026-03-20 12:39:48.748 [INF] Microsoft.AspNetCore.Hosting.Diagnostics | Request starting HTTP/1.1 GET http://localhost:5217/api/leads - application/json null
2026-03-20 12:39:48.748 [INF] Microsoft.AspNetCore.Cors.Infrastructure.CorsService | CORS policy execution successful.
2026-03-20 12:39:48.749 [INF] Microsoft.AspNetCore.Cors.Infrastructure.CorsService | CORS policy execution successful.
2026-03-20 12:39:48.750 [INF] Microsoft.AspNetCore.Routing.EndpointMiddleware | Executing endpoint 'backend.Controllers.LeadsController.GetLeads (backend)'
2026-03-20 12:39:48.750 [INF] Microsoft.AspNetCore.Mvc.Infrastructure.ControllerActionInvoker | Route matched with {action = "GetLeads", controller = "Leads"}. Executing controller action with signature System.Threading.Tasks.Task`1[System.Collections.Generic.IEnumerable`1[backend.Models.Lead]] GetLeads() on controller backend.Controllers.LeadsController (backend).
2026-03-20 12:39:48.762 [INF] Microsoft.AspNetCore.Hosting.Diagnostics | Request starting HTTP/1.1 OPTIONS http://localhost:5217/api/employees?organizationId=2 - null null
2026-03-20 12:39:48.763 [INF] Microsoft.AspNetCore.Cors.Infrastructure.CorsService | CORS policy execution successful.
2026-03-20 12:39:48.764 [INF] Microsoft.AspNetCore.Hosting.Diagnostics | Request finished HTTP/1.1 OPTIONS http://localhost:5217/api/employees?organizationId=2 - 204 null null 1.3992ms
2026-03-20 12:39:48.766 [INF] Microsoft.AspNetCore.Hosting.Diagnostics | Request starting HTTP/1.1 GET http://localhost:5217/api/employees?organizationId=2 - application/json null
2026-03-20 12:39:48.767 [INF] Microsoft.AspNetCore.Cors.Infrastructure.CorsService | CORS policy execution successful.
2026-03-20 12:39:48.767 [INF] Microsoft.AspNetCore.Cors.Infrastructure.CorsService | CORS policy execution successful.
2026-03-20 12:39:48.767 [INF] Microsoft.AspNetCore.Routing.EndpointMiddleware | Executing endpoint 'backend.Controllers.EmployeesController.GetEmployees (backend)'
2026-03-20 12:39:48.768 [INF] Microsoft.AspNetCore.Mvc.Infrastructure.ControllerActionInvoker | Route matched with {action = "GetEmployees", controller = "Employees"}. Executing controller action with signature System.Threading.Tasks.Task`1[Microsoft.AspNetCore.Mvc.IActionResult] GetEmployees(System.Nullable`1[System.Int32]) on controller backend.Controllers.EmployeesController (backend).
2026-03-20 12:39:48.772 [INF] Microsoft.AspNetCore.Mvc.Infrastructure.ObjectResultExecutor | Executing ObjectResult, writing value of type 'System.Collections.Generic.List`1[[backend.Models.Lead, backend, Version=1.0.0.0, Culture=neutral, PublicKeyToken=null]]'.
2026-03-20 12:39:48.772 [INF] Microsoft.AspNetCore.Mvc.Infrastructure.ControllerActionInvoker | Executed action backend.Controllers.LeadsController.GetLeads (backend) in 21.606ms
2026-03-20 12:39:48.772 [INF] Microsoft.AspNetCore.Routing.EndpointMiddleware | Executed endpoint 'backend.Controllers.LeadsController.GetLeads (backend)'
2026-03-20 12:39:48.772 [INF] Serilog.AspNetCore.RequestLoggingMiddleware | HTTP GET /api/leads → 200 (22.3ms)
2026-03-20 12:39:48.772 [INF] Microsoft.AspNetCore.Hosting.Diagnostics | Request finished HTTP/1.1 GET http://localhost:5217/api/leads - 200 null application/json; charset=utf-8 23.8368ms
2026-03-20 12:39:48.775 [INF] backend.Controllers.EmployeesController | [Employees] GET all | TargetOrgId=2 | UserOrgId=2
2026-03-20 12:39:48.800 [INF] Microsoft.AspNetCore.Mvc.Infrastructure.ObjectResultExecutor | Executing OkObjectResult, writing value of type 'System.Collections.Generic.List`1[[backend.Models.Employee, backend, Version=1.0.0.0, Culture=neutral, PublicKeyToken=null]]'.
2026-03-20 12:39:48.802 [INF] Microsoft.AspNetCore.Mvc.Infrastructure.ControllerActionInvoker | Executed action backend.Controllers.EmployeesController.GetEmployees (backend) in 33.927ms
2026-03-20 12:39:48.802 [INF] Microsoft.AspNetCore.Routing.EndpointMiddleware | Executed endpoint 'backend.Controllers.EmployeesController.GetEmployees (backend)'
2026-03-20 12:39:48.802 [INF] Serilog.AspNetCore.RequestLoggingMiddleware | HTTP GET /api/employees → 200 (34.6ms)
2026-03-20 12:39:48.802 [INF] Microsoft.AspNetCore.Hosting.Diagnostics | Request finished HTTP/1.1 GET http://localhost:5217/api/employees?organizationId=2 - 200 null application/json; charset=utf-8 35.7874ms
2026-03-20 12:39:48.850 [INF] Microsoft.AspNetCore.Hosting.Diagnostics | Request starting HTTP/1.1 OPTIONS http://localhost:5217/api/ShiftAssignments/roster?start=2026-03-20&end=2026-03-27 - null null
2026-03-20 12:39:48.850 [INF] Microsoft.AspNetCore.Cors.Infrastructure.CorsService | CORS policy execution successful.
2026-03-20 12:39:48.850 [INF] Microsoft.AspNetCore.Hosting.Diagnostics | Request finished HTTP/1.1 OPTIONS http://localhost:5217/api/ShiftAssignments/roster?start=2026-03-20&end=2026-03-27 - 204 null null 0.3454ms
2026-03-20 12:39:48.852 [INF] Microsoft.AspNetCore.Hosting.Diagnostics | Request starting HTTP/1.1 GET http://localhost:5217/api/ShiftAssignments/roster?start=2026-03-20&end=2026-03-27 - application/json null
2026-03-20 12:39:48.852 [INF] Microsoft.AspNetCore.Cors.Infrastructure.CorsService | CORS policy execution successful.
2026-03-20 12:39:48.852 [INF] Microsoft.AspNetCore.Cors.Infrastructure.CorsService | CORS policy execution successful.
2026-03-20 12:39:48.852 [INF] Microsoft.AspNetCore.Routing.EndpointMiddleware | Executing endpoint 'backend.Controllers.ShiftAssignmentsController.GetMonthlyRosterFixed (backend)'
2026-03-20 12:39:48.853 [INF] Microsoft.AspNetCore.Mvc.Infrastructure.ControllerActionInvoker | Route matched with {action = "GetMonthlyRosterFixed", controller = "ShiftAssignments"}. Executing controller action with signature System.Threading.Tasks.Task`1[Microsoft.AspNetCore.Mvc.IActionResult] GetMonthlyRosterFixed(System.String, System.String, System.Nullable`1[System.Int32]) on controller backend.Controllers.ShiftAssignmentsController (backend).
2026-03-20 12:39:48.856 [INF] Microsoft.AspNetCore.Hosting.Diagnostics | Request starting HTTP/1.1 OPTIONS http://localhost:5217/api/ShiftAssignments/roster?start=2026-03-20&end=2026-03-27&orgId=2 - null null
2026-03-20 12:39:48.856 [INF] Microsoft.AspNetCore.Cors.Infrastructure.CorsService | CORS policy execution successful.
2026-03-20 12:39:48.856 [INF] Microsoft.AspNetCore.Hosting.Diagnostics | Request finished HTTP/1.1 OPTIONS http://localhost:5217/api/ShiftAssignments/roster?start=2026-03-20&end=2026-03-27&orgId=2 - 204 null null 0.2169ms
2026-03-20 12:39:48.857 [INF] Microsoft.AspNetCore.Hosting.Diagnostics | Request starting HTTP/1.1 GET http://localhost:5217/api/ShiftAssignments/roster?start=2026-03-20&end=2026-03-27&orgId=2 - application/json null
2026-03-20 12:39:48.857 [INF] Microsoft.AspNetCore.Cors.Infrastructure.CorsService | CORS policy execution successful.
2026-03-20 12:39:48.857 [INF] Microsoft.AspNetCore.Cors.Infrastructure.CorsService | CORS policy execution successful.
2026-03-20 12:39:48.857 [INF] Microsoft.AspNetCore.Routing.EndpointMiddleware | Executing endpoint 'backend.Controllers.ShiftAssignmentsController.GetMonthlyRosterFixed (backend)'
2026-03-20 12:39:48.858 [INF] Microsoft.AspNetCore.Mvc.Infrastructure.ControllerActionInvoker | Route matched with {action = "GetMonthlyRosterFixed", controller = "ShiftAssignments"}. Executing controller action with signature System.Threading.Tasks.Task`1[Microsoft.AspNetCore.Mvc.IActionResult] GetMonthlyRosterFixed(System.String, System.String, System.Nullable`1[System.Int32]) on controller backend.Controllers.ShiftAssignmentsController (backend).
2026-03-20 12:39:48.876 [INF] Microsoft.AspNetCore.Hosting.Diagnostics | Request starting HTTP/1.1 GET http://localhost:5217/uploads/employee-photos/emp-31.jpg - null null
2026-03-20 12:39:48.876 [INF] Microsoft.AspNetCore.Cors.Infrastructure.CorsService | CORS policy execution successful.
2026-03-20 12:39:48.877 [INF] Microsoft.AspNetCore.StaticFiles.StaticFileMiddleware | The file /uploads/employee-photos/emp-31.jpg was not modified
2026-03-20 12:39:48.877 [INF] Microsoft.AspNetCore.Hosting.Diagnostics | Request finished HTTP/1.1 GET http://localhost:5217/uploads/employee-photos/emp-31.jpg - 304 null image/jpeg 0.951ms
2026-03-20 12:39:48.899 [INF] Microsoft.AspNetCore.Mvc.Infrastructure.ObjectResultExecutor | Executing OkObjectResult, writing value of type 'System.Collections.Generic.List`1[[backend.Models.EmployeeSchedule, backend, Version=1.0.0.0, Culture=neutral, PublicKeyToken=null]]'.
2026-03-20 12:39:48.900 [INF] Microsoft.AspNetCore.Mvc.Infrastructure.ControllerActionInvoker | Executed action backend.Controllers.ShiftAssignmentsController.GetMonthlyRosterFixed (backend) in 46.9707ms
2026-03-20 12:39:48.900 [INF] Microsoft.AspNetCore.Routing.EndpointMiddleware | Executed endpoint 'backend.Controllers.ShiftAssignmentsController.GetMonthlyRosterFixed (backend)'
2026-03-20 12:39:48.900 [INF] Serilog.AspNetCore.RequestLoggingMiddleware | HTTP GET /api/ShiftAssignments/roster → 200 (47.4ms)
2026-03-20 12:39:48.900 [INF] Microsoft.AspNetCore.Hosting.Diagnostics | Request finished HTTP/1.1 GET http://localhost:5217/api/ShiftAssignments/roster?start=2026-03-20&end=2026-03-27 - 200 null application/json; charset=utf-8 48.1885ms
2026-03-20 12:39:48.945 [INF] Microsoft.AspNetCore.Mvc.Infrastructure.ObjectResultExecutor | Executing OkObjectResult, writing value of type 'System.Collections.Generic.List`1[[backend.Models.EmployeeSchedule, backend, Version=1.0.0.0, Culture=neutral, PublicKeyToken=null]]'.
2026-03-20 12:39:48.945 [INF] Microsoft.AspNetCore.Mvc.Infrastructure.ControllerActionInvoker | Executed action backend.Controllers.ShiftAssignmentsController.GetMonthlyRosterFixed (backend) in 87.4942ms
2026-03-20 12:39:48.945 [INF] Microsoft.AspNetCore.Routing.EndpointMiddleware | Executed endpoint 'backend.Controllers.ShiftAssignmentsController.GetMonthlyRosterFixed (backend)'
2026-03-20 12:39:48.945 [INF] Serilog.AspNetCore.RequestLoggingMiddleware | HTTP GET /api/ShiftAssignments/roster → 200 (87.8ms)
2026-03-20 12:39:48.945 [INF] Microsoft.AspNetCore.Hosting.Diagnostics | Request finished HTTP/1.1 GET http://localhost:5217/api/ShiftAssignments/roster?start=2026-03-20&end=2026-03-27&orgId=2 - 200 null application/json; charset=utf-8 88.3338ms
2026-03-20 12:39:48.952 [INF] Microsoft.AspNetCore.Hosting.Diagnostics | Request starting HTTP/1.1 OPTIONS http://localhost:5217/api/Attendance/status?employeeId=31&orgId=2 - null null
2026-03-20 12:39:48.952 [INF] Microsoft.AspNetCore.Cors.Infrastructure.CorsService | CORS policy execution successful.
2026-03-20 12:39:48.952 [INF] Microsoft.AspNetCore.Hosting.Diagnostics | Request finished HTTP/1.1 OPTIONS http://localhost:5217/api/Attendance/status?employeeId=31&orgId=2 - 204 null null 0.2639ms
2026-03-20 12:39:48.954 [INF] Microsoft.AspNetCore.Hosting.Diagnostics | Request starting HTTP/1.1 GET http://localhost:5217/api/Attendance/status?employeeId=31&orgId=2 - application/json null
2026-03-20 12:39:48.954 [INF] Microsoft.AspNetCore.Cors.Infrastructure.CorsService | CORS policy execution successful.
2026-03-20 12:39:48.954 [INF] Microsoft.AspNetCore.Cors.Infrastructure.CorsService | CORS policy execution successful.
2026-03-20 12:39:48.955 [INF] Microsoft.AspNetCore.Routing.EndpointMiddleware | Executing endpoint 'backend.Controllers.AttendanceController.GetTodayStatus (backend)'
2026-03-20 12:39:48.955 [INF] Microsoft.AspNetCore.Mvc.Infrastructure.ControllerActionInvoker | Route matched with {action = "GetTodayStatus", controller = "Attendance"}. Executing controller action with signature System.Threading.Tasks.Task`1[Microsoft.AspNetCore.Mvc.IActionResult] GetTodayStatus(Int32, System.Nullable`1[System.Int32]) on controller backend.Controllers.AttendanceController (backend).
2026-03-20 12:39:48.986 [INF] Microsoft.AspNetCore.Mvc.Infrastructure.ObjectResultExecutor | Executing OkObjectResult, writing value of type 'backend.Models.AttendanceStatusResponse'.
2026-03-20 12:39:48.986 [INF] Microsoft.AspNetCore.Mvc.Infrastructure.ControllerActionInvoker | Executed action backend.Controllers.AttendanceController.GetTodayStatus (backend) in 31.1626ms
2026-03-20 12:39:48.986 [INF] Microsoft.AspNetCore.Routing.EndpointMiddleware | Executed endpoint 'backend.Controllers.AttendanceController.GetTodayStatus (backend)'
2026-03-20 12:39:48.986 [INF] Serilog.AspNetCore.RequestLoggingMiddleware | HTTP GET /api/Attendance/status → 200 (31.4ms)
2026-03-20 12:39:48.986 [INF] Microsoft.AspNetCore.Hosting.Diagnostics | Request finished HTTP/1.1 GET http://localhost:5217/api/Attendance/status?employeeId=31&orgId=2 - 200 null application/json; charset=utf-8 32.2143ms
2026-03-20 12:39:58.437 [INF] Microsoft.AspNetCore.Hosting.Diagnostics | Request starting HTTP/1.1 OPTIONS http://localhost:5217/api/employees?organizationId=2 - null null
2026-03-20 12:39:58.438 [INF] Microsoft.AspNetCore.Cors.Infrastructure.CorsService | CORS policy execution successful.
2026-03-20 12:39:58.438 [INF] Microsoft.AspNetCore.Hosting.Diagnostics | Request finished HTTP/1.1 OPTIONS http://localhost:5217/api/employees?organizationId=2 - 204 null null 0.9078ms
2026-03-20 12:39:58.441 [INF] Microsoft.AspNetCore.Hosting.Diagnostics | Request starting HTTP/1.1 GET http://localhost:5217/api/employees?organizationId=2 - application/json null
2026-03-20 12:39:58.442 [INF] Microsoft.AspNetCore.Cors.Infrastructure.CorsService | CORS policy execution successful.
2026-03-20 12:39:58.442 [INF] Microsoft.AspNetCore.Cors.Infrastructure.CorsService | CORS policy execution successful.
2026-03-20 12:39:58.442 [INF] Microsoft.AspNetCore.Routing.EndpointMiddleware | Executing endpoint 'backend.Controllers.EmployeesController.GetEmployees (backend)'
2026-03-20 12:39:58.443 [INF] Microsoft.AspNetCore.Mvc.Infrastructure.ControllerActionInvoker | Route matched with {action = "GetEmployees", controller = "Employees"}. Executing controller action with signature System.Threading.Tasks.Task`1[Microsoft.AspNetCore.Mvc.IActionResult] GetEmployees(System.Nullable`1[System.Int32]) on controller backend.Controllers.EmployeesController (backend).
2026-03-20 12:39:58.445 [INF] backend.Controllers.EmployeesController | [Employees] GET all | TargetOrgId=2 | UserOrgId=2
2026-03-20 12:39:58.458 [INF] Microsoft.AspNetCore.Mvc.Infrastructure.ObjectResultExecutor | Executing OkObjectResult, writing value of type 'System.Collections.Generic.List`1[[backend.Models.Employee, backend, Version=1.0.0.0, Culture=neutral, PublicKeyToken=null]]'.
2026-03-20 12:39:58.458 [INF] Microsoft.AspNetCore.Mvc.Infrastructure.ControllerActionInvoker | Executed action backend.Controllers.EmployeesController.GetEmployees (backend) in 15.6836ms
2026-03-20 12:39:58.458 [INF] Microsoft.AspNetCore.Routing.EndpointMiddleware | Executed endpoint 'backend.Controllers.EmployeesController.GetEmployees (backend)'
2026-03-20 12:39:58.458 [INF] Serilog.AspNetCore.RequestLoggingMiddleware | HTTP GET /api/employees → 200 (16.0ms)
2026-03-20 12:39:58.458 [INF] Microsoft.AspNetCore.Hosting.Diagnostics | Request finished HTTP/1.1 GET http://localhost:5217/api/employees?organizationId=2 - 200 null application/json; charset=utf-8 16.9491ms
2026-03-20 12:42:24.712 [INF] Microsoft.AspNetCore.Hosting.Diagnostics | Request starting HTTP/1.1 OPTIONS http://localhost:5217/api/organizations - null null
2026-03-20 12:42:24.712 [INF] Microsoft.AspNetCore.Cors.Infrastructure.CorsService | CORS policy execution successful.
2026-03-20 12:42:24.712 [INF] Microsoft.AspNetCore.Hosting.Diagnostics | Request finished HTTP/1.1 OPTIONS http://localhost:5217/api/organizations - 204 null null 0.2032ms
2026-03-20 12:42:24.714 [INF] Microsoft.AspNetCore.Hosting.Diagnostics | Request starting HTTP/1.1 GET http://localhost:5217/api/organizations - application/json null
2026-03-20 12:42:24.714 [INF] Microsoft.AspNetCore.Cors.Infrastructure.CorsService | CORS policy execution successful.
2026-03-20 12:42:24.714 [INF] Microsoft.AspNetCore.Cors.Infrastructure.CorsService | CORS policy execution successful.
2026-03-20 12:42:24.714 [INF] Microsoft.AspNetCore.Routing.EndpointMiddleware | Executing endpoint 'backend.Controllers.OrganizationsController.GetOrganizations (backend)'
2026-03-20 12:42:24.715 [INF] Microsoft.AspNetCore.Mvc.Infrastructure.ControllerActionInvoker | Route matched with {action = "GetOrganizations", controller = "Organizations"}. Executing controller action with signature System.Threading.Tasks.Task`1[Microsoft.AspNetCore.Mvc.IActionResult] GetOrganizations() on controller backend.Controllers.OrganizationsController (backend).
2026-03-20 12:42:24.715 [INF] backend.Controllers.OrganizationsController | [Orgs] GET all requested | Role=SuperAdmin | UserId=18
2026-03-20 12:42:24.726 [INF] Microsoft.AspNetCore.Mvc.Infrastructure.ObjectResultExecutor | Executing OkObjectResult, writing value of type 'System.Collections.Generic.List`1[[backend.Models.Organization, backend, Version=1.0.0.0, Culture=neutral, PublicKeyToken=null]]'.
2026-03-20 12:42:24.726 [INF] Microsoft.AspNetCore.Mvc.Infrastructure.ControllerActionInvoker | Executed action backend.Controllers.OrganizationsController.GetOrganizations (backend) in 11.2131ms
2026-03-20 12:42:24.726 [INF] Microsoft.AspNetCore.Routing.EndpointMiddleware | Executed endpoint 'backend.Controllers.OrganizationsController.GetOrganizations (backend)'
2026-03-20 12:42:24.726 [INF] Serilog.AspNetCore.RequestLoggingMiddleware | HTTP GET /api/organizations → 200 (11.5ms)
2026-03-20 12:42:24.726 [INF] Microsoft.AspNetCore.Hosting.Diagnostics | Request finished HTTP/1.1 GET http://localhost:5217/api/organizations - 200 null application/json; charset=utf-8 12.0513ms
2026-03-20 12:42:24.901 [INF] Microsoft.AspNetCore.Hosting.Diagnostics | Request starting HTTP/1.1 OPTIONS http://localhost:5217/api/leads - null null
2026-03-20 12:42:24.901 [INF] Microsoft.AspNetCore.Cors.Infrastructure.CorsService | CORS policy execution successful.
2026-03-20 12:42:24.901 [INF] Microsoft.AspNetCore.Hosting.Diagnostics | Request finished HTTP/1.1 OPTIONS http://localhost:5217/api/leads - 204 null null 0.1714ms
2026-03-20 12:42:24.904 [INF] Microsoft.AspNetCore.Hosting.Diagnostics | Request starting HTTP/1.1 GET http://localhost:5217/api/leads - application/json null
2026-03-20 12:42:24.904 [INF] Microsoft.AspNetCore.Cors.Infrastructure.CorsService | CORS policy execution successful.
2026-03-20 12:42:24.904 [INF] Microsoft.AspNetCore.Cors.Infrastructure.CorsService | CORS policy execution successful.
2026-03-20 12:42:24.905 [INF] Microsoft.AspNetCore.Routing.EndpointMiddleware | Executing endpoint 'backend.Controllers.LeadsController.GetLeads (backend)'
2026-03-20 12:42:24.905 [INF] Microsoft.AspNetCore.Mvc.Infrastructure.ControllerActionInvoker | Route matched with {action = "GetLeads", controller = "Leads"}. Executing controller action with signature System.Threading.Tasks.Task`1[System.Collections.Generic.IEnumerable`1[backend.Models.Lead]] GetLeads() on controller backend.Controllers.LeadsController (backend).
2026-03-20 12:42:24.914 [INF] Microsoft.AspNetCore.Mvc.Infrastructure.ObjectResultExecutor | Executing ObjectResult, writing value of type 'System.Collections.Generic.List`1[[backend.Models.Lead, backend, Version=1.0.0.0, Culture=neutral, PublicKeyToken=null]]'.
2026-03-20 12:42:24.915 [INF] Microsoft.AspNetCore.Mvc.Infrastructure.ControllerActionInvoker | Executed action backend.Controllers.LeadsController.GetLeads (backend) in 9.9401ms
2026-03-20 12:42:24.915 [INF] Microsoft.AspNetCore.Routing.EndpointMiddleware | Executed endpoint 'backend.Controllers.LeadsController.GetLeads (backend)'
2026-03-20 12:42:24.915 [INF] Serilog.AspNetCore.RequestLoggingMiddleware | HTTP GET /api/leads → 200 (10.1ms)
2026-03-20 12:42:24.915 [INF] Microsoft.AspNetCore.Hosting.Diagnostics | Request finished HTTP/1.1 GET http://localhost:5217/api/leads - 200 null application/json; charset=utf-8 10.9659ms
2026-03-20 12:42:25.012 [INF] Microsoft.AspNetCore.Hosting.Diagnostics | Request starting HTTP/1.1 OPTIONS http://localhost:5217/api/employees?organizationId=2 - null null
2026-03-20 12:42:25.012 [INF] Microsoft.AspNetCore.Cors.Infrastructure.CorsService | CORS policy execution successful.
2026-03-20 12:42:25.012 [INF] Microsoft.AspNetCore.Hosting.Diagnostics | Request finished HTTP/1.1 OPTIONS http://localhost:5217/api/employees?organizationId=2 - 204 null null 0.1818ms
2026-03-20 12:42:25.014 [INF] Microsoft.AspNetCore.Hosting.Diagnostics | Request starting HTTP/1.1 GET http://localhost:5217/api/employees?organizationId=2 - application/json null
2026-03-20 12:42:25.014 [INF] Microsoft.AspNetCore.Cors.Infrastructure.CorsService | CORS policy execution successful.
2026-03-20 12:42:25.014 [INF] Microsoft.AspNetCore.Cors.Infrastructure.CorsService | CORS policy execution successful.
2026-03-20 12:42:25.014 [INF] Microsoft.AspNetCore.Routing.EndpointMiddleware | Executing endpoint 'backend.Controllers.EmployeesController.GetEmployees (backend)'
2026-03-20 12:42:25.014 [INF] Microsoft.AspNetCore.Mvc.Infrastructure.ControllerActionInvoker | Route matched with {action = "GetEmployees", controller = "Employees"}. Executing controller action with signature System.Threading.Tasks.Task`1[Microsoft.AspNetCore.Mvc.IActionResult] GetEmployees(System.Nullable`1[System.Int32]) on controller backend.Controllers.EmployeesController (backend).
2026-03-20 12:42:25.015 [INF] backend.Controllers.EmployeesController | [Employees] GET all | TargetOrgId=2 | UserOrgId=2
2026-03-20 12:42:25.028 [INF] Microsoft.AspNetCore.Mvc.Infrastructure.ObjectResultExecutor | Executing OkObjectResult, writing value of type 'System.Collections.Generic.List`1[[backend.Models.Employee, backend, Version=1.0.0.0, Culture=neutral, PublicKeyToken=null]]'.
2026-03-20 12:42:25.029 [INF] Microsoft.AspNetCore.Mvc.Infrastructure.ControllerActionInvoker | Executed action backend.Controllers.EmployeesController.GetEmployees (backend) in 14.1995ms
2026-03-20 12:42:25.029 [INF] Microsoft.AspNetCore.Routing.EndpointMiddleware | Executed endpoint 'backend.Controllers.EmployeesController.GetEmployees (backend)'
2026-03-20 12:42:25.029 [INF] Serilog.AspNetCore.RequestLoggingMiddleware | HTTP GET /api/employees → 200 (14.4ms)
2026-03-20 12:42:25.029 [INF] Microsoft.AspNetCore.Hosting.Diagnostics | Request finished HTTP/1.1 GET http://localhost:5217/api/employees?organizationId=2 - 200 null application/json; charset=utf-8 15.1707ms
2026-03-20 12:42:25.083 [INF] Microsoft.AspNetCore.Hosting.Diagnostics | Request starting HTTP/1.1 OPTIONS http://localhost:5217/api/ShiftAssignments/roster?start=2026-03-20&end=2026-03-27&orgId=2 - null null
2026-03-20 12:42:25.083 [INF] Microsoft.AspNetCore.Cors.Infrastructure.CorsService | CORS policy execution successful.
2026-03-20 12:42:25.083 [INF] Microsoft.AspNetCore.Hosting.Diagnostics | Request finished HTTP/1.1 OPTIONS http://localhost:5217/api/ShiftAssignments/roster?start=2026-03-20&end=2026-03-27&orgId=2 - 204 null null 0.2733ms
2026-03-20 12:42:25.085 [INF] Microsoft.AspNetCore.Hosting.Diagnostics | Request starting HTTP/1.1 GET http://localhost:5217/api/ShiftAssignments/roster?start=2026-03-20&end=2026-03-27&orgId=2 - application/json null
2026-03-20 12:42:25.085 [INF] Microsoft.AspNetCore.Cors.Infrastructure.CorsService | CORS policy execution successful.
2026-03-20 12:42:25.085 [INF] Microsoft.AspNetCore.Cors.Infrastructure.CorsService | CORS policy execution successful.
2026-03-20 12:42:25.086 [INF] Microsoft.AspNetCore.Routing.EndpointMiddleware | Executing endpoint 'backend.Controllers.ShiftAssignmentsController.GetMonthlyRosterFixed (backend)'
2026-03-20 12:42:25.086 [INF] Microsoft.AspNetCore.Mvc.Infrastructure.ControllerActionInvoker | Route matched with {action = "GetMonthlyRosterFixed", controller = "ShiftAssignments"}. Executing controller action with signature System.Threading.Tasks.Task`1[Microsoft.AspNetCore.Mvc.IActionResult] GetMonthlyRosterFixed(System.String, System.String, System.Nullable`1[System.Int32]) on controller backend.Controllers.ShiftAssignmentsController (backend).
2026-03-20 12:42:25.099 [INF] Microsoft.AspNetCore.Mvc.Infrastructure.ObjectResultExecutor | Executing OkObjectResult, writing value of type 'System.Collections.Generic.List`1[[backend.Models.EmployeeSchedule, backend, Version=1.0.0.0, Culture=neutral, PublicKeyToken=null]]'.
2026-03-20 12:42:25.099 [INF] Microsoft.AspNetCore.Mvc.Infrastructure.ControllerActionInvoker | Executed action backend.Controllers.ShiftAssignmentsController.GetMonthlyRosterFixed (backend) in 12.9961ms
2026-03-20 12:42:25.099 [INF] Microsoft.AspNetCore.Routing.EndpointMiddleware | Executed endpoint 'backend.Controllers.ShiftAssignmentsController.GetMonthlyRosterFixed (backend)'
2026-03-20 12:42:25.099 [INF] Serilog.AspNetCore.RequestLoggingMiddleware | HTTP GET /api/ShiftAssignments/roster → 200 (13.2ms)
2026-03-20 12:42:25.099 [INF] Microsoft.AspNetCore.Hosting.Diagnostics | Request finished HTTP/1.1 GET http://localhost:5217/api/ShiftAssignments/roster?start=2026-03-20&end=2026-03-27&orgId=2 - 200 null application/json; charset=utf-8 13.7309ms
2026-03-20 12:42:25.185 [INF] Microsoft.AspNetCore.Hosting.Diagnostics | Request starting HTTP/1.1 OPTIONS http://localhost:5217/api/Attendance/status?employeeId=31&orgId=2 - null null
2026-03-20 12:42:25.185 [INF] Microsoft.AspNetCore.Cors.Infrastructure.CorsService | CORS policy execution successful.
2026-03-20 12:42:25.185 [INF] Microsoft.AspNetCore.Hosting.Diagnostics | Request finished HTTP/1.1 OPTIONS http://localhost:5217/api/Attendance/status?employeeId=31&orgId=2 - 204 null null 0.2296ms
2026-03-20 12:42:25.187 [INF] Microsoft.AspNetCore.Hosting.Diagnostics | Request starting HTTP/1.1 GET http://localhost:5217/api/Attendance/status?employeeId=31&orgId=2 - application/json null
2026-03-20 12:42:25.187 [INF] Microsoft.AspNetCore.Cors.Infrastructure.CorsService | CORS policy execution successful.
2026-03-20 12:42:25.187 [INF] Microsoft.AspNetCore.Cors.Infrastructure.CorsService | CORS policy execution successful.
2026-03-20 12:42:25.187 [INF] Microsoft.AspNetCore.Routing.EndpointMiddleware | Executing endpoint 'backend.Controllers.AttendanceController.GetTodayStatus (backend)'
2026-03-20 12:42:25.188 [INF] Microsoft.AspNetCore.Mvc.Infrastructure.ControllerActionInvoker | Route matched with {action = "GetTodayStatus", controller = "Attendance"}. Executing controller action with signature System.Threading.Tasks.Task`1[Microsoft.AspNetCore.Mvc.IActionResult] GetTodayStatus(Int32, System.Nullable`1[System.Int32]) on controller backend.Controllers.AttendanceController (backend).
2026-03-20 12:42:25.199 [INF] Microsoft.AspNetCore.Mvc.Infrastructure.ObjectResultExecutor | Executing OkObjectResult, writing value of type 'backend.Models.AttendanceStatusResponse'.
2026-03-20 12:42:25.199 [INF] Microsoft.AspNetCore.Mvc.Infrastructure.ControllerActionInvoker | Executed action backend.Controllers.AttendanceController.GetTodayStatus (backend) in 11.2457ms
2026-03-20 12:42:25.199 [INF] Microsoft.AspNetCore.Routing.EndpointMiddleware | Executed endpoint 'backend.Controllers.AttendanceController.GetTodayStatus (backend)'
2026-03-20 12:42:25.199 [INF] Serilog.AspNetCore.RequestLoggingMiddleware | HTTP GET /api/Attendance/status → 200 (11.9ms)
2026-03-20 12:42:25.199 [INF] Microsoft.AspNetCore.Hosting.Diagnostics | Request finished HTTP/1.1 GET http://localhost:5217/api/Attendance/status?employeeId=31&orgId=2 - 200 null application/json; charset=utf-8 12.7917ms
2026-03-20 12:42:32.533 [INF] Microsoft.AspNetCore.Hosting.Diagnostics | Request starting HTTP/1.1 OPTIONS http://localhost:5217/api/employees?organizationId=2 - null null
2026-03-20 12:42:32.534 [INF] Microsoft.AspNetCore.Cors.Infrastructure.CorsService | CORS policy execution successful.
2026-03-20 12:42:32.534 [INF] Microsoft.AspNetCore.Hosting.Diagnostics | Request finished HTTP/1.1 OPTIONS http://localhost:5217/api/employees?organizationId=2 - 204 null null 0.4188ms
2026-03-20 12:42:32.536 [INF] Microsoft.AspNetCore.Hosting.Diagnostics | Request starting HTTP/1.1 GET http://localhost:5217/api/employees?organizationId=2 - application/json null
2026-03-20 12:42:32.536 [INF] Microsoft.AspNetCore.Cors.Infrastructure.CorsService | CORS policy execution successful.
2026-03-20 12:42:32.536 [INF] Microsoft.AspNetCore.Cors.Infrastructure.CorsService | CORS policy execution successful.
2026-03-20 12:42:32.536 [INF] Microsoft.AspNetCore.Routing.EndpointMiddleware | Executing endpoint 'backend.Controllers.EmployeesController.GetEmployees (backend)'
2026-03-20 12:42:32.536 [INF] Microsoft.AspNetCore.Mvc.Infrastructure.ControllerActionInvoker | Route matched with {action = "GetEmployees", controller = "Employees"}. Executing controller action with signature System.Threading.Tasks.Task`1[Microsoft.AspNetCore.Mvc.IActionResult] GetEmployees(System.Nullable`1[System.Int32]) on controller backend.Controllers.EmployeesController (backend).
2026-03-20 12:42:32.536 [INF] backend.Controllers.EmployeesController | [Employees] GET all | TargetOrgId=2 | UserOrgId=2
2026-03-20 12:42:32.549 [INF] Microsoft.AspNetCore.Mvc.Infrastructure.ObjectResultExecutor | Executing OkObjectResult, writing value of type 'System.Collections.Generic.List`1[[backend.Models.Employee, backend, Version=1.0.0.0, Culture=neutral, PublicKeyToken=null]]'.
2026-03-20 12:42:32.549 [INF] Microsoft.AspNetCore.Mvc.Infrastructure.ControllerActionInvoker | Executed action backend.Controllers.EmployeesController.GetEmployees (backend) in 12.8745ms
2026-03-20 12:42:32.549 [INF] Microsoft.AspNetCore.Routing.EndpointMiddleware | Executed endpoint 'backend.Controllers.EmployeesController.GetEmployees (backend)'
2026-03-20 12:42:32.549 [INF] Serilog.AspNetCore.RequestLoggingMiddleware | HTTP GET /api/employees → 200 (13.1ms)
2026-03-20 12:42:32.549 [INF] Microsoft.AspNetCore.Hosting.Diagnostics | Request finished HTTP/1.1 GET http://localhost:5217/api/employees?organizationId=2 - 200 null application/json; charset=utf-8 13.7248ms
2026-03-20 12:42:49.630 [INF] Microsoft.AspNetCore.Hosting.Diagnostics | Request starting HTTP/1.1 OPTIONS http://localhost:5217/api/organizations - null null
2026-03-20 12:42:49.630 [INF] Microsoft.AspNetCore.Cors.Infrastructure.CorsService | CORS policy execution successful.
2026-03-20 12:42:49.630 [INF] Microsoft.AspNetCore.Hosting.Diagnostics | Request finished HTTP/1.1 OPTIONS http://localhost:5217/api/organizations - 204 null null 0.3587ms
2026-03-20 12:42:49.632 [INF] Microsoft.AspNetCore.Hosting.Diagnostics | Request starting HTTP/1.1 GET http://localhost:5217/api/organizations - application/json null
2026-03-20 12:42:49.632 [INF] Microsoft.AspNetCore.Cors.Infrastructure.CorsService | CORS policy execution successful.
2026-03-20 12:42:49.632 [INF] Microsoft.AspNetCore.Cors.Infrastructure.CorsService | CORS policy execution successful.
2026-03-20 12:42:49.632 [INF] Microsoft.AspNetCore.Routing.EndpointMiddleware | Executing endpoint 'backend.Controllers.OrganizationsController.GetOrganizations (backend)'
2026-03-20 12:42:49.632 [INF] Microsoft.AspNetCore.Mvc.Infrastructure.ControllerActionInvoker | Route matched with {action = "GetOrganizations", controller = "Organizations"}. Executing controller action with signature System.Threading.Tasks.Task`1[Microsoft.AspNetCore.Mvc.IActionResult] GetOrganizations() on controller backend.Controllers.OrganizationsController (backend).
2026-03-20 12:42:49.632 [INF] backend.Controllers.OrganizationsController | [Orgs] GET all requested | Role=SuperAdmin | UserId=18
2026-03-20 12:42:49.643 [INF] Microsoft.AspNetCore.Mvc.Infrastructure.ObjectResultExecutor | Executing OkObjectResult, writing value of type 'System.Collections.Generic.List`1[[backend.Models.Organization, backend, Version=1.0.0.0, Culture=neutral, PublicKeyToken=null]]'.
2026-03-20 12:42:49.643 [INF] Microsoft.AspNetCore.Mvc.Infrastructure.ControllerActionInvoker | Executed action backend.Controllers.OrganizationsController.GetOrganizations (backend) in 10.5636ms
2026-03-20 12:42:49.643 [INF] Microsoft.AspNetCore.Routing.EndpointMiddleware | Executed endpoint 'backend.Controllers.OrganizationsController.GetOrganizations (backend)'
2026-03-20 12:42:49.643 [INF] Serilog.AspNetCore.RequestLoggingMiddleware | HTTP GET /api/organizations → 200 (10.8ms)
2026-03-20 12:42:49.643 [INF] Microsoft.AspNetCore.Hosting.Diagnostics | Request finished HTTP/1.1 GET http://localhost:5217/api/organizations - 200 null application/json; charset=utf-8 11.2926ms
2026-03-20 12:42:49.806 [INF] Microsoft.AspNetCore.Hosting.Diagnostics | Request starting HTTP/1.1 OPTIONS http://localhost:5217/api/leads - null null
2026-03-20 12:42:49.806 [INF] Microsoft.AspNetCore.Cors.Infrastructure.CorsService | CORS policy execution successful.
2026-03-20 12:42:49.806 [INF] Microsoft.AspNetCore.Hosting.Diagnostics | Request finished HTTP/1.1 OPTIONS http://localhost:5217/api/leads - 204 null null 0.2699ms
2026-03-20 12:42:49.807 [INF] Microsoft.AspNetCore.Hosting.Diagnostics | Request starting HTTP/1.1 GET http://localhost:5217/api/leads - application/json null
2026-03-20 12:42:49.808 [INF] Microsoft.AspNetCore.Cors.Infrastructure.CorsService | CORS policy execution successful.
2026-03-20 12:42:49.808 [INF] Microsoft.AspNetCore.Cors.Infrastructure.CorsService | CORS policy execution successful.
2026-03-20 12:42:49.808 [INF] Microsoft.AspNetCore.Routing.EndpointMiddleware | Executing endpoint 'backend.Controllers.LeadsController.GetLeads (backend)'
2026-03-20 12:42:49.808 [INF] Microsoft.AspNetCore.Mvc.Infrastructure.ControllerActionInvoker | Route matched with {action = "GetLeads", controller = "Leads"}. Executing controller action with signature System.Threading.Tasks.Task`1[System.Collections.Generic.IEnumerable`1[backend.Models.Lead]] GetLeads() on controller backend.Controllers.LeadsController (backend).
2026-03-20 12:42:49.818 [INF] Microsoft.AspNetCore.Mvc.Infrastructure.ObjectResultExecutor | Executing ObjectResult, writing value of type 'System.Collections.Generic.List`1[[backend.Models.Lead, backend, Version=1.0.0.0, Culture=neutral, PublicKeyToken=null]]'.
2026-03-20 12:42:49.818 [INF] Microsoft.AspNetCore.Mvc.Infrastructure.ControllerActionInvoker | Executed action backend.Controllers.LeadsController.GetLeads (backend) in 10.3734ms
2026-03-20 12:42:49.819 [INF] Microsoft.AspNetCore.Routing.EndpointMiddleware | Executed endpoint 'backend.Controllers.LeadsController.GetLeads (backend)'
2026-03-20 12:42:49.819 [INF] Serilog.AspNetCore.RequestLoggingMiddleware | HTTP GET /api/leads → 200 (10.6ms)
2026-03-20 12:42:49.819 [INF] Microsoft.AspNetCore.Hosting.Diagnostics | Request finished HTTP/1.1 GET http://localhost:5217/api/leads - 200 null application/json; charset=utf-8 11.1343ms
2026-03-20 12:42:49.920 [INF] Microsoft.AspNetCore.Hosting.Diagnostics | Request starting HTTP/1.1 OPTIONS http://localhost:5217/api/employees?organizationId=2 - null null
2026-03-20 12:42:49.921 [INF] Microsoft.AspNetCore.Cors.Infrastructure.CorsService | CORS policy execution successful.
2026-03-20 12:42:49.921 [INF] Microsoft.AspNetCore.Hosting.Diagnostics | Request finished HTTP/1.1 OPTIONS http://localhost:5217/api/employees?organizationId=2 - 204 null null 0.1778ms
2026-03-20 12:42:49.922 [INF] Microsoft.AspNetCore.Hosting.Diagnostics | Request starting HTTP/1.1 GET http://localhost:5217/api/employees?organizationId=2 - application/json null
2026-03-20 12:42:49.923 [INF] Microsoft.AspNetCore.Cors.Infrastructure.CorsService | CORS policy execution successful.
2026-03-20 12:42:49.923 [INF] Microsoft.AspNetCore.Cors.Infrastructure.CorsService | CORS policy execution successful.
2026-03-20 12:42:49.923 [INF] Microsoft.AspNetCore.Routing.EndpointMiddleware | Executing endpoint 'backend.Controllers.EmployeesController.GetEmployees (backend)'
2026-03-20 12:42:49.924 [INF] Microsoft.AspNetCore.Mvc.Infrastructure.ControllerActionInvoker | Route matched with {action = "GetEmployees", controller = "Employees"}. Executing controller action with signature System.Threading.Tasks.Task`1[Microsoft.AspNetCore.Mvc.IActionResult] GetEmployees(System.Nullable`1[System.Int32]) on controller backend.Controllers.EmployeesController (backend).
2026-03-20 12:42:49.924 [INF] backend.Controllers.EmployeesController | [Employees] GET all | TargetOrgId=2 | UserOrgId=2
2026-03-20 12:42:49.935 [INF] Microsoft.AspNetCore.Mvc.Infrastructure.ObjectResultExecutor | Executing OkObjectResult, writing value of type 'System.Collections.Generic.List`1[[backend.Models.Employee, backend, Version=1.0.0.0, Culture=neutral, PublicKeyToken=null]]'.
2026-03-20 12:42:49.935 [INF] Microsoft.AspNetCore.Mvc.Infrastructure.ControllerActionInvoker | Executed action backend.Controllers.EmployeesController.GetEmployees (backend) in 11.7252ms
2026-03-20 12:42:49.935 [INF] Microsoft.AspNetCore.Routing.EndpointMiddleware | Executed endpoint 'backend.Controllers.EmployeesController.GetEmployees (backend)'
2026-03-20 12:42:49.935 [INF] Serilog.AspNetCore.RequestLoggingMiddleware | HTTP GET /api/employees → 200 (12.1ms)
2026-03-20 12:42:49.936 [INF] Microsoft.AspNetCore.Hosting.Diagnostics | Request finished HTTP/1.1 GET http://localhost:5217/api/employees?organizationId=2 - 200 null application/json; charset=utf-8 13.1611ms
2026-03-20 12:42:50.021 [INF] Microsoft.AspNetCore.Hosting.Diagnostics | Request starting HTTP/1.1 OPTIONS http://localhost:5217/api/ShiftAssignments/roster?start=2026-03-20&end=2026-03-27&orgId=2 - null null
2026-03-20 12:42:50.021 [INF] Microsoft.AspNetCore.Cors.Infrastructure.CorsService | CORS policy execution successful.
2026-03-20 12:42:50.021 [INF] Microsoft.AspNetCore.Hosting.Diagnostics | Request finished HTTP/1.1 OPTIONS http://localhost:5217/api/ShiftAssignments/roster?start=2026-03-20&end=2026-03-27&orgId=2 - 204 null null 0.2264ms
2026-03-20 12:42:50.023 [INF] Microsoft.AspNetCore.Hosting.Diagnostics | Request starting HTTP/1.1 GET http://localhost:5217/api/ShiftAssignments/roster?start=2026-03-20&end=2026-03-27&orgId=2 - application/json null
2026-03-20 12:42:50.023 [INF] Microsoft.AspNetCore.Cors.Infrastructure.CorsService | CORS policy execution successful.
2026-03-20 12:42:50.023 [INF] Microsoft.AspNetCore.Cors.Infrastructure.CorsService | CORS policy execution successful.
2026-03-20 12:42:50.023 [INF] Microsoft.AspNetCore.Routing.EndpointMiddleware | Executing endpoint 'backend.Controllers.ShiftAssignmentsController.GetMonthlyRosterFixed (backend)'
2026-03-20 12:42:50.023 [INF] Microsoft.AspNetCore.Mvc.Infrastructure.ControllerActionInvoker | Route matched with {action = "GetMonthlyRosterFixed", controller = "ShiftAssignments"}. Executing controller action with signature System.Threading.Tasks.Task`1[Microsoft.AspNetCore.Mvc.IActionResult] GetMonthlyRosterFixed(System.String, System.String, System.Nullable`1[System.Int32]) on controller backend.Controllers.ShiftAssignmentsController (backend).
2026-03-20 12:42:50.035 [INF] Microsoft.AspNetCore.Mvc.Infrastructure.ObjectResultExecutor | Executing OkObjectResult, writing value of type 'System.Collections.Generic.List`1[[backend.Models.EmployeeSchedule, backend, Version=1.0.0.0, Culture=neutral, PublicKeyToken=null]]'.
2026-03-20 12:42:50.035 [INF] Microsoft.AspNetCore.Mvc.Infrastructure.ControllerActionInvoker | Executed action backend.Controllers.ShiftAssignmentsController.GetMonthlyRosterFixed (backend) in 11.4432ms
2026-03-20 12:42:50.035 [INF] Microsoft.AspNetCore.Routing.EndpointMiddleware | Executed endpoint 'backend.Controllers.ShiftAssignmentsController.GetMonthlyRosterFixed (backend)'
2026-03-20 12:42:50.035 [INF] Serilog.AspNetCore.RequestLoggingMiddleware | HTTP GET /api/ShiftAssignments/roster → 200 (11.6ms)
2026-03-20 12:42:50.035 [INF] Microsoft.AspNetCore.Hosting.Diagnostics | Request finished HTTP/1.1 GET http://localhost:5217/api/ShiftAssignments/roster?start=2026-03-20&end=2026-03-27&orgId=2 - 200 null application/json; charset=utf-8 12.185ms
2026-03-20 12:42:50.123 [INF] Microsoft.AspNetCore.Hosting.Diagnostics | Request starting HTTP/1.1 OPTIONS http://localhost:5217/api/Attendance/status?employeeId=31&orgId=2 - null null
2026-03-20 12:42:50.123 [INF] Microsoft.AspNetCore.Cors.Infrastructure.CorsService | CORS policy execution successful.
2026-03-20 12:42:50.123 [INF] Microsoft.AspNetCore.Hosting.Diagnostics | Request finished HTTP/1.1 OPTIONS http://localhost:5217/api/Attendance/status?employeeId=31&orgId=2 - 204 null null 0.1797ms
2026-03-20 12:42:50.125 [INF] Microsoft.AspNetCore.Hosting.Diagnostics | Request starting HTTP/1.1 GET http://localhost:5217/api/Attendance/status?employeeId=31&orgId=2 - application/json null
2026-03-20 12:42:50.125 [INF] Microsoft.AspNetCore.Cors.Infrastructure.CorsService | CORS policy execution successful.
2026-03-20 12:42:50.126 [INF] Microsoft.AspNetCore.Cors.Infrastructure.CorsService | CORS policy execution successful.
2026-03-20 12:42:50.127 [INF] Microsoft.AspNetCore.Routing.EndpointMiddleware | Executing endpoint 'backend.Controllers.AttendanceController.GetTodayStatus (backend)'
2026-03-20 12:42:50.127 [INF] Microsoft.AspNetCore.Mvc.Infrastructure.ControllerActionInvoker | Route matched with {action = "GetTodayStatus", controller = "Attendance"}. Executing controller action with signature System.Threading.Tasks.Task`1[Microsoft.AspNetCore.Mvc.IActionResult] GetTodayStatus(Int32, System.Nullable`1[System.Int32]) on controller backend.Controllers.AttendanceController (backend).
2026-03-20 12:42:50.139 [INF] Microsoft.AspNetCore.Mvc.Infrastructure.ObjectResultExecutor | Executing OkObjectResult, writing value of type 'backend.Models.AttendanceStatusResponse'.
2026-03-20 12:42:50.140 [INF] Microsoft.AspNetCore.Mvc.Infrastructure.ControllerActionInvoker | Executed action backend.Controllers.AttendanceController.GetTodayStatus (backend) in 12.6845ms
2026-03-20 12:42:50.140 [INF] Microsoft.AspNetCore.Routing.EndpointMiddleware | Executed endpoint 'backend.Controllers.AttendanceController.GetTodayStatus (backend)'
2026-03-20 12:42:50.140 [INF] Serilog.AspNetCore.RequestLoggingMiddleware | HTTP GET /api/Attendance/status → 200 (13.0ms)
2026-03-20 12:42:50.140 [INF] Microsoft.AspNetCore.Hosting.Diagnostics | Request finished HTTP/1.1 GET http://localhost:5217/api/Attendance/status?employeeId=31&orgId=2 - 200 null application/json; charset=utf-8 14.3638ms
2026-03-20 12:50:34.171 [INF] Microsoft.AspNetCore.Hosting.Diagnostics | Request starting HTTP/1.1 OPTIONS http://localhost:5217/api/employees?organizationId=2 - null null
2026-03-20 12:50:34.176 [INF] Microsoft.AspNetCore.Cors.Infrastructure.CorsService | CORS policy execution successful.
2026-03-20 12:50:34.177 [INF] Microsoft.AspNetCore.Hosting.Diagnostics | Request finished HTTP/1.1 OPTIONS http://localhost:5217/api/employees?organizationId=2 - 204 null null 6.6492ms
2026-03-20 12:50:34.188 [INF] Microsoft.AspNetCore.Hosting.Diagnostics | Request starting HTTP/1.1 GET http://localhost:5217/api/employees?organizationId=2 - application/json null
2026-03-20 12:50:34.189 [INF] Microsoft.AspNetCore.Cors.Infrastructure.CorsService | CORS policy execution successful.
2026-03-20 12:50:34.190 [INF] Microsoft.AspNetCore.Cors.Infrastructure.CorsService | CORS policy execution successful.
2026-03-20 12:50:34.216 [INF] Microsoft.AspNetCore.Routing.EndpointMiddleware | Executing endpoint 'backend.Controllers.EmployeesController.GetEmployees (backend)'
2026-03-20 12:50:34.224 [INF] Microsoft.AspNetCore.Mvc.Infrastructure.ControllerActionInvoker | Route matched with {action = "GetEmployees", controller = "Employees"}. Executing controller action with signature System.Threading.Tasks.Task`1[Microsoft.AspNetCore.Mvc.IActionResult] GetEmployees(System.Nullable`1[System.Int32]) on controller backend.Controllers.EmployeesController (backend).
2026-03-20 12:50:34.233 [INF] backend.Controllers.EmployeesController | [Employees] GET all | TargetOrgId=2 | UserOrgId=2
2026-03-20 12:50:34.342 [INF] Microsoft.AspNetCore.Mvc.Infrastructure.ObjectResultExecutor | Executing OkObjectResult, writing value of type 'System.Collections.Generic.List`1[[backend.Models.Employee, backend, Version=1.0.0.0, Culture=neutral, PublicKeyToken=null]]'.
2026-03-20 12:50:34.349 [INF] Microsoft.AspNetCore.Mvc.Infrastructure.ControllerActionInvoker | Executed action backend.Controllers.EmployeesController.GetEmployees (backend) in 124.4549ms
2026-03-20 12:50:34.349 [INF] Microsoft.AspNetCore.Routing.EndpointMiddleware | Executed endpoint 'backend.Controllers.EmployeesController.GetEmployees (backend)'
2026-03-20 12:50:34.349 [INF] Serilog.AspNetCore.RequestLoggingMiddleware | HTTP GET /api/employees → 200 (135.1ms)
2026-03-20 12:50:34.350 [INF] Microsoft.AspNetCore.Hosting.Diagnostics | Request finished HTTP/1.1 GET http://localhost:5217/api/employees?organizationId=2 - 200 null application/json; charset=utf-8 162.8566ms
2026-03-20 12:51:16.556 [INF] Microsoft.AspNetCore.Hosting.Diagnostics | Request starting HTTP/1.1 OPTIONS http://localhost:5217/api/organizations - null null
2026-03-20 12:51:16.556 [INF] Microsoft.AspNetCore.Cors.Infrastructure.CorsService | CORS policy execution successful.
2026-03-20 12:51:16.556 [INF] Microsoft.AspNetCore.Hosting.Diagnostics | Request finished HTTP/1.1 OPTIONS http://localhost:5217/api/organizations - 204 null null 0.345ms
2026-03-20 12:51:16.557 [INF] Microsoft.AspNetCore.Hosting.Diagnostics | Request starting HTTP/1.1 GET http://localhost:5217/api/organizations - application/json null
2026-03-20 12:51:16.557 [INF] Microsoft.AspNetCore.Cors.Infrastructure.CorsService | CORS policy execution successful.
2026-03-20 12:51:16.557 [INF] Microsoft.AspNetCore.Cors.Infrastructure.CorsService | CORS policy execution successful.
2026-03-20 12:51:16.558 [INF] Microsoft.AspNetCore.Routing.EndpointMiddleware | Executing endpoint 'backend.Controllers.OrganizationsController.GetOrganizations (backend)'
2026-03-20 12:51:16.559 [INF] Microsoft.AspNetCore.Mvc.Infrastructure.ControllerActionInvoker | Route matched with {action = "GetOrganizations", controller = "Organizations"}. Executing controller action with signature System.Threading.Tasks.Task`1[Microsoft.AspNetCore.Mvc.IActionResult] GetOrganizations() on controller backend.Controllers.OrganizationsController (backend).
2026-03-20 12:51:16.559 [INF] backend.Controllers.OrganizationsController | [Orgs] GET all requested | Role=SuperAdmin | UserId=18
2026-03-20 12:51:16.571 [INF] Microsoft.AspNetCore.Mvc.Infrastructure.ObjectResultExecutor | Executing OkObjectResult, writing value of type 'System.Collections.Generic.List`1[[backend.Models.Organization, backend, Version=1.0.0.0, Culture=neutral, PublicKeyToken=null]]'.
2026-03-20 12:51:16.572 [INF] Microsoft.AspNetCore.Mvc.Infrastructure.ControllerActionInvoker | Executed action backend.Controllers.OrganizationsController.GetOrganizations (backend) in 12.908ms
2026-03-20 12:51:16.572 [INF] Microsoft.AspNetCore.Routing.EndpointMiddleware | Executed endpoint 'backend.Controllers.OrganizationsController.GetOrganizations (backend)'
2026-03-20 12:51:16.572 [INF] Serilog.AspNetCore.RequestLoggingMiddleware | HTTP GET /api/organizations → 200 (13.8ms)
2026-03-20 12:51:16.572 [INF] Microsoft.AspNetCore.Hosting.Diagnostics | Request finished HTTP/1.1 GET http://localhost:5217/api/organizations - 200 null application/json; charset=utf-8 14.832ms
2026-03-20 12:51:16.820 [INF] Microsoft.AspNetCore.Hosting.Diagnostics | Request starting HTTP/1.1 OPTIONS http://localhost:5217/api/leads - null null
2026-03-20 12:51:16.821 [INF] Microsoft.AspNetCore.Cors.Infrastructure.CorsService | CORS policy execution successful.
2026-03-20 12:51:16.821 [INF] Microsoft.AspNetCore.Hosting.Diagnostics | Request finished HTTP/1.1 OPTIONS http://localhost:5217/api/leads - 204 null null 0.2277ms
2026-03-20 12:51:16.824 [INF] Microsoft.AspNetCore.Hosting.Diagnostics | Request starting HTTP/1.1 GET http://localhost:5217/api/leads - application/json null
2026-03-20 12:51:16.824 [INF] Microsoft.AspNetCore.Cors.Infrastructure.CorsService | CORS policy execution successful.
2026-03-20 12:51:16.824 [INF] Microsoft.AspNetCore.Cors.Infrastructure.CorsService | CORS policy execution successful.
2026-03-20 12:51:16.826 [INF] Microsoft.AspNetCore.Routing.EndpointMiddleware | Executing endpoint 'backend.Controllers.LeadsController.GetLeads (backend)'
2026-03-20 12:51:16.826 [INF] Microsoft.AspNetCore.Mvc.Infrastructure.ControllerActionInvoker | Route matched with {action = "GetLeads", controller = "Leads"}. Executing controller action with signature System.Threading.Tasks.Task`1[System.Collections.Generic.IEnumerable`1[backend.Models.Lead]] GetLeads() on controller backend.Controllers.LeadsController (backend).
2026-03-20 12:51:16.837 [INF] Microsoft.AspNetCore.Mvc.Infrastructure.ObjectResultExecutor | Executing ObjectResult, writing value of type 'System.Collections.Generic.List`1[[backend.Models.Lead, backend, Version=1.0.0.0, Culture=neutral, PublicKeyToken=null]]'.
2026-03-20 12:51:16.838 [INF] Microsoft.AspNetCore.Mvc.Infrastructure.ControllerActionInvoker | Executed action backend.Controllers.LeadsController.GetLeads (backend) in 12.4919ms
2026-03-20 12:51:16.838 [INF] Microsoft.AspNetCore.Routing.EndpointMiddleware | Executed endpoint 'backend.Controllers.LeadsController.GetLeads (backend)'
2026-03-20 12:51:16.838 [INF] Serilog.AspNetCore.RequestLoggingMiddleware | HTTP GET /api/leads → 200 (12.8ms)
2026-03-20 12:51:16.839 [INF] Microsoft.AspNetCore.Hosting.Diagnostics | Request finished HTTP/1.1 GET http://localhost:5217/api/leads - 200 null application/json; charset=utf-8 14.7334ms
2026-03-20 12:51:16.936 [INF] Microsoft.AspNetCore.Hosting.Diagnostics | Request starting HTTP/1.1 OPTIONS http://localhost:5217/api/employees?organizationId=2 - null null
2026-03-20 12:51:16.936 [INF] Microsoft.AspNetCore.Cors.Infrastructure.CorsService | CORS policy execution successful.
2026-03-20 12:51:16.936 [INF] Microsoft.AspNetCore.Hosting.Diagnostics | Request finished HTTP/1.1 OPTIONS http://localhost:5217/api/employees?organizationId=2 - 204 null null 0.1501ms
2026-03-20 12:51:16.938 [INF] Microsoft.AspNetCore.Hosting.Diagnostics | Request starting HTTP/1.1 GET http://localhost:5217/api/employees?organizationId=2 - application/json null
2026-03-20 12:51:16.938 [INF] Microsoft.AspNetCore.Cors.Infrastructure.CorsService | CORS policy execution successful.
2026-03-20 12:51:16.938 [INF] Microsoft.AspNetCore.Cors.Infrastructure.CorsService | CORS policy execution successful.
2026-03-20 12:51:16.939 [INF] Microsoft.AspNetCore.Routing.EndpointMiddleware | Executing endpoint 'backend.Controllers.EmployeesController.GetEmployees (backend)'
2026-03-20 12:51:16.939 [INF] Microsoft.AspNetCore.Mvc.Infrastructure.ControllerActionInvoker | Route matched with {action = "GetEmployees", controller = "Employees"}. Executing controller action with signature System.Threading.Tasks.Task`1[Microsoft.AspNetCore.Mvc.IActionResult] GetEmployees(System.Nullable`1[System.Int32]) on controller backend.Controllers.EmployeesController (backend).
2026-03-20 12:51:16.939 [INF] backend.Controllers.EmployeesController | [Employees] GET all | TargetOrgId=2 | UserOrgId=2
2026-03-20 12:51:16.951 [INF] Microsoft.AspNetCore.Mvc.Infrastructure.ObjectResultExecutor | Executing OkObjectResult, writing value of type 'System.Collections.Generic.List`1[[backend.Models.Employee, backend, Version=1.0.0.0, Culture=neutral, PublicKeyToken=null]]'.
2026-03-20 12:51:16.951 [INF] Microsoft.AspNetCore.Mvc.Infrastructure.ControllerActionInvoker | Executed action backend.Controllers.EmployeesController.GetEmployees (backend) in 12.2801ms
2026-03-20 12:51:16.951 [INF] Microsoft.AspNetCore.Routing.EndpointMiddleware | Executed endpoint 'backend.Controllers.EmployeesController.GetEmployees (backend)'
2026-03-20 12:51:16.951 [INF] Serilog.AspNetCore.RequestLoggingMiddleware | HTTP GET /api/employees → 200 (12.5ms)
2026-03-20 12:51:16.951 [INF] Microsoft.AspNetCore.Hosting.Diagnostics | Request finished HTTP/1.1 GET http://localhost:5217/api/employees?organizationId=2 - 200 null application/json; charset=utf-8 12.9737ms
2026-03-20 12:51:17.008 [INF] Microsoft.AspNetCore.Hosting.Diagnostics | Request starting HTTP/1.1 OPTIONS http://localhost:5217/api/ShiftAssignments/roster?start=2026-03-20&end=2026-03-27&orgId=2 - null null
2026-03-20 12:51:17.008 [INF] Microsoft.AspNetCore.Cors.Infrastructure.CorsService | CORS policy execution successful.
2026-03-20 12:51:17.008 [INF] Microsoft.AspNetCore.Hosting.Diagnostics | Request finished HTTP/1.1 OPTIONS http://localhost:5217/api/ShiftAssignments/roster?start=2026-03-20&end=2026-03-27&orgId=2 - 204 null null 0.7715ms
2026-03-20 12:51:17.010 [INF] Microsoft.AspNetCore.Hosting.Diagnostics | Request starting HTTP/1.1 GET http://localhost:5217/api/ShiftAssignments/roster?start=2026-03-20&end=2026-03-27&orgId=2 - application/json null
2026-03-20 12:51:17.010 [INF] Microsoft.AspNetCore.Cors.Infrastructure.CorsService | CORS policy execution successful.
2026-03-20 12:51:17.010 [INF] Microsoft.AspNetCore.Cors.Infrastructure.CorsService | CORS policy execution successful.
2026-03-20 12:51:17.011 [INF] Microsoft.AspNetCore.Routing.EndpointMiddleware | Executing endpoint 'backend.Controllers.ShiftAssignmentsController.GetMonthlyRosterFixed (backend)'
2026-03-20 12:51:17.011 [INF] Microsoft.AspNetCore.Mvc.Infrastructure.ControllerActionInvoker | Route matched with {action = "GetMonthlyRosterFixed", controller = "ShiftAssignments"}. Executing controller action with signature System.Threading.Tasks.Task`1[Microsoft.AspNetCore.Mvc.IActionResult] GetMonthlyRosterFixed(System.String, System.String, System.Nullable`1[System.Int32]) on controller backend.Controllers.ShiftAssignmentsController (backend).
2026-03-20 12:51:17.025 [INF] Microsoft.AspNetCore.Mvc.Infrastructure.ObjectResultExecutor | Executing OkObjectResult, writing value of type 'System.Collections.Generic.List`1[[backend.Models.EmployeeSchedule, backend, Version=1.0.0.0, Culture=neutral, PublicKeyToken=null]]'.
2026-03-20 12:51:17.025 [INF] Microsoft.AspNetCore.Mvc.Infrastructure.ControllerActionInvoker | Executed action backend.Controllers.ShiftAssignmentsController.GetMonthlyRosterFixed (backend) in 14.131ms
2026-03-20 12:51:17.025 [INF] Microsoft.AspNetCore.Routing.EndpointMiddleware | Executed endpoint 'backend.Controllers.ShiftAssignmentsController.GetMonthlyRosterFixed (backend)'
2026-03-20 12:51:17.025 [INF] Serilog.AspNetCore.RequestLoggingMiddleware | HTTP GET /api/ShiftAssignments/roster → 200 (14.4ms)
2026-03-20 12:51:17.025 [INF] Microsoft.AspNetCore.Hosting.Diagnostics | Request finished HTTP/1.1 GET http://localhost:5217/api/ShiftAssignments/roster?start=2026-03-20&end=2026-03-27&orgId=2 - 200 null application/json; charset=utf-8 15.2765ms
2026-03-20 12:51:17.107 [INF] Microsoft.AspNetCore.Hosting.Diagnostics | Request starting HTTP/1.1 OPTIONS http://localhost:5217/api/Attendance/status?employeeId=31&orgId=2 - null null
2026-03-20 12:51:17.107 [INF] Microsoft.AspNetCore.Cors.Infrastructure.CorsService | CORS policy execution successful.
2026-03-20 12:51:17.107 [INF] Microsoft.AspNetCore.Hosting.Diagnostics | Request finished HTTP/1.1 OPTIONS http://localhost:5217/api/Attendance/status?employeeId=31&orgId=2 - 204 null null 0.2177ms
2026-03-20 12:51:17.109 [INF] Microsoft.AspNetCore.Hosting.Diagnostics | Request starting HTTP/1.1 GET http://localhost:5217/api/Attendance/status?employeeId=31&orgId=2 - application/json null
2026-03-20 12:51:17.110 [INF] Microsoft.AspNetCore.Cors.Infrastructure.CorsService | CORS policy execution successful.
2026-03-20 12:51:17.110 [INF] Microsoft.AspNetCore.Cors.Infrastructure.CorsService | CORS policy execution successful.
2026-03-20 12:51:17.110 [INF] Microsoft.AspNetCore.Routing.EndpointMiddleware | Executing endpoint 'backend.Controllers.AttendanceController.GetTodayStatus (backend)'
2026-03-20 12:51:17.111 [INF] Microsoft.AspNetCore.Mvc.Infrastructure.ControllerActionInvoker | Route matched with {action = "GetTodayStatus", controller = "Attendance"}. Executing controller action with signature System.Threading.Tasks.Task`1[Microsoft.AspNetCore.Mvc.IActionResult] GetTodayStatus(Int32, System.Nullable`1[System.Int32]) on controller backend.Controllers.AttendanceController (backend).
2026-03-20 12:51:17.133 [INF] Microsoft.AspNetCore.Mvc.Infrastructure.ObjectResultExecutor | Executing OkObjectResult, writing value of type 'backend.Models.AttendanceStatusResponse'.
2026-03-20 12:51:17.133 [INF] Microsoft.AspNetCore.Mvc.Infrastructure.ControllerActionInvoker | Executed action backend.Controllers.AttendanceController.GetTodayStatus (backend) in 22.2493ms
2026-03-20 12:51:17.133 [INF] Microsoft.AspNetCore.Routing.EndpointMiddleware | Executed endpoint 'backend.Controllers.AttendanceController.GetTodayStatus (backend)'
2026-03-20 12:51:17.133 [INF] Serilog.AspNetCore.RequestLoggingMiddleware | HTTP GET /api/Attendance/status → 200 (22.5ms)
2026-03-20 12:51:17.133 [INF] Microsoft.AspNetCore.Hosting.Diagnostics | Request finished HTTP/1.1 GET http://localhost:5217/api/Attendance/status?employeeId=31&orgId=2 - 200 null application/json; charset=utf-8 23.5848ms
2026-03-20 12:51:40.241 [INF] Microsoft.AspNetCore.Hosting.Diagnostics | Request starting HTTP/1.1 OPTIONS http://localhost:5217/api/employees?organizationId=2 - null null
2026-03-20 12:51:40.241 [INF] Microsoft.AspNetCore.Cors.Infrastructure.CorsService | CORS policy execution successful.
2026-03-20 12:51:40.241 [INF] Microsoft.AspNetCore.Hosting.Diagnostics | Request finished HTTP/1.1 OPTIONS http://localhost:5217/api/employees?organizationId=2 - 204 null null 0.2034ms
2026-03-20 12:51:40.242 [INF] Microsoft.AspNetCore.Hosting.Diagnostics | Request starting HTTP/1.1 GET http://localhost:5217/api/employees?organizationId=2 - application/json null
2026-03-20 12:51:40.242 [INF] Microsoft.AspNetCore.Cors.Infrastructure.CorsService | CORS policy execution successful.
2026-03-20 12:51:40.242 [INF] Microsoft.AspNetCore.Cors.Infrastructure.CorsService | CORS policy execution successful.
2026-03-20 12:51:40.243 [INF] Microsoft.AspNetCore.Routing.EndpointMiddleware | Executing endpoint 'backend.Controllers.EmployeesController.GetEmployees (backend)'
2026-03-20 12:51:40.243 [INF] Microsoft.AspNetCore.Mvc.Infrastructure.ControllerActionInvoker | Route matched with {action = "GetEmployees", controller = "Employees"}. Executing controller action with signature System.Threading.Tasks.Task`1[Microsoft.AspNetCore.Mvc.IActionResult] GetEmployees(System.Nullable`1[System.Int32]) on controller backend.Controllers.EmployeesController (backend).
2026-03-20 12:51:40.243 [INF] backend.Controllers.EmployeesController | [Employees] GET all | TargetOrgId=2 | UserOrgId=2
2026-03-20 12:51:40.254 [INF] Microsoft.AspNetCore.Mvc.Infrastructure.ObjectResultExecutor | Executing OkObjectResult, writing value of type 'System.Collections.Generic.List`1[[backend.Models.Employee, backend, Version=1.0.0.0, Culture=neutral, PublicKeyToken=null]]'.
2026-03-20 12:51:40.254 [INF] Microsoft.AspNetCore.Mvc.Infrastructure.ControllerActionInvoker | Executed action backend.Controllers.EmployeesController.GetEmployees (backend) in 10.8612ms
2026-03-20 12:51:40.254 [INF] Microsoft.AspNetCore.Routing.EndpointMiddleware | Executed endpoint 'backend.Controllers.EmployeesController.GetEmployees (backend)'
2026-03-20 12:51:40.254 [INF] Serilog.AspNetCore.RequestLoggingMiddleware | HTTP GET /api/employees → 200 (11.0ms)
2026-03-20 12:51:40.254 [INF] Microsoft.AspNetCore.Hosting.Diagnostics | Request finished HTTP/1.1 GET http://localhost:5217/api/employees?organizationId=2 - 200 null application/json; charset=utf-8 12.0321ms
2026-03-20 12:52:35.411 [INF] Microsoft.AspNetCore.Hosting.Diagnostics | Request starting HTTP/1.1 OPTIONS http://localhost:5217/api/organizations - null null
2026-03-20 12:52:35.411 [INF] Microsoft.AspNetCore.Cors.Infrastructure.CorsService | CORS policy execution successful.
2026-03-20 12:52:35.411 [INF] Microsoft.AspNetCore.Hosting.Diagnostics | Request finished HTTP/1.1 OPTIONS http://localhost:5217/api/organizations - 204 null null 0.1804ms
2026-03-20 12:52:35.413 [INF] Microsoft.AspNetCore.Hosting.Diagnostics | Request starting HTTP/1.1 GET http://localhost:5217/api/organizations - application/json null
2026-03-20 12:52:35.413 [INF] Microsoft.AspNetCore.Cors.Infrastructure.CorsService | CORS policy execution successful.
2026-03-20 12:52:35.413 [INF] Microsoft.AspNetCore.Cors.Infrastructure.CorsService | CORS policy execution successful.
2026-03-20 12:52:35.413 [INF] Microsoft.AspNetCore.Routing.EndpointMiddleware | Executing endpoint 'backend.Controllers.OrganizationsController.GetOrganizations (backend)'
2026-03-20 12:52:35.413 [INF] Microsoft.AspNetCore.Mvc.Infrastructure.ControllerActionInvoker | Route matched with {action = "GetOrganizations", controller = "Organizations"}. Executing controller action with signature System.Threading.Tasks.Task`1[Microsoft.AspNetCore.Mvc.IActionResult] GetOrganizations() on controller backend.Controllers.OrganizationsController (backend).
2026-03-20 12:52:35.413 [INF] backend.Controllers.OrganizationsController | [Orgs] GET all requested | Role=SuperAdmin | UserId=18
2026-03-20 12:52:35.429 [INF] Microsoft.AspNetCore.Mvc.Infrastructure.ObjectResultExecutor | Executing OkObjectResult, writing value of type 'System.Collections.Generic.List`1[[backend.Models.Organization, backend, Version=1.0.0.0, Culture=neutral, PublicKeyToken=null]]'.
2026-03-20 12:52:35.429 [INF] Microsoft.AspNetCore.Mvc.Infrastructure.ControllerActionInvoker | Executed action backend.Controllers.OrganizationsController.GetOrganizations (backend) in 16.1905ms
2026-03-20 12:52:35.430 [INF] Microsoft.AspNetCore.Routing.EndpointMiddleware | Executed endpoint 'backend.Controllers.OrganizationsController.GetOrganizations (backend)'
2026-03-20 12:52:35.430 [INF] Serilog.AspNetCore.RequestLoggingMiddleware | HTTP GET /api/organizations → 200 (16.4ms)
2026-03-20 12:52:35.430 [INF] Microsoft.AspNetCore.Hosting.Diagnostics | Request finished HTTP/1.1 GET http://localhost:5217/api/organizations - 200 null application/json; charset=utf-8 17.0712ms
2026-03-20 12:52:35.593 [INF] Microsoft.AspNetCore.Hosting.Diagnostics | Request starting HTTP/1.1 OPTIONS http://localhost:5217/api/leads - null null
2026-03-20 12:52:35.593 [INF] Microsoft.AspNetCore.Cors.Infrastructure.CorsService | CORS policy execution successful.
2026-03-20 12:52:35.593 [INF] Microsoft.AspNetCore.Hosting.Diagnostics | Request finished HTTP/1.1 OPTIONS http://localhost:5217/api/leads - 204 null null 0.1483ms
2026-03-20 12:52:35.595 [INF] Microsoft.AspNetCore.Hosting.Diagnostics | Request starting HTTP/1.1 GET http://localhost:5217/api/leads - application/json null
2026-03-20 12:52:35.595 [INF] Microsoft.AspNetCore.Cors.Infrastructure.CorsService | CORS policy execution successful.
2026-03-20 12:52:35.595 [INF] Microsoft.AspNetCore.Cors.Infrastructure.CorsService | CORS policy execution successful.
2026-03-20 12:52:35.595 [INF] Microsoft.AspNetCore.Routing.EndpointMiddleware | Executing endpoint 'backend.Controllers.LeadsController.GetLeads (backend)'
2026-03-20 12:52:35.595 [INF] Microsoft.AspNetCore.Mvc.Infrastructure.ControllerActionInvoker | Route matched with {action = "GetLeads", controller = "Leads"}. Executing controller action with signature System.Threading.Tasks.Task`1[System.Collections.Generic.IEnumerable`1[backend.Models.Lead]] GetLeads() on controller backend.Controllers.LeadsController (backend).
2026-03-20 12:52:35.610 [INF] Microsoft.AspNetCore.Mvc.Infrastructure.ObjectResultExecutor | Executing ObjectResult, writing value of type 'System.Collections.Generic.List`1[[backend.Models.Lead, backend, Version=1.0.0.0, Culture=neutral, PublicKeyToken=null]]'.
2026-03-20 12:52:35.610 [INF] Microsoft.AspNetCore.Mvc.Infrastructure.ControllerActionInvoker | Executed action backend.Controllers.LeadsController.GetLeads (backend) in 15.0354ms
2026-03-20 12:52:35.610 [INF] Microsoft.AspNetCore.Routing.EndpointMiddleware | Executed endpoint 'backend.Controllers.LeadsController.GetLeads (backend)'
2026-03-20 12:52:35.610 [INF] Serilog.AspNetCore.RequestLoggingMiddleware | HTTP GET /api/leads → 200 (15.3ms)
2026-03-20 12:52:35.611 [INF] Microsoft.AspNetCore.Hosting.Diagnostics | Request finished HTTP/1.1 GET http://localhost:5217/api/leads - 200 null application/json; charset=utf-8 15.9947ms
2026-03-20 12:52:35.718 [INF] Microsoft.AspNetCore.Hosting.Diagnostics | Request starting HTTP/1.1 OPTIONS http://localhost:5217/api/employees?organizationId=2 - null null
2026-03-20 12:52:35.718 [INF] Microsoft.AspNetCore.Cors.Infrastructure.CorsService | CORS policy execution successful.
2026-03-20 12:52:35.718 [INF] Microsoft.AspNetCore.Hosting.Diagnostics | Request finished HTTP/1.1 OPTIONS http://localhost:5217/api/employees?organizationId=2 - 204 null null 0.1473ms
2026-03-20 12:52:35.719 [INF] Microsoft.AspNetCore.Hosting.Diagnostics | Request starting HTTP/1.1 GET http://localhost:5217/api/employees?organizationId=2 - application/json null
2026-03-20 12:52:35.720 [INF] Microsoft.AspNetCore.Cors.Infrastructure.CorsService | CORS policy execution successful.
2026-03-20 12:52:35.720 [INF] Microsoft.AspNetCore.Cors.Infrastructure.CorsService | CORS policy execution successful.
2026-03-20 12:52:35.720 [INF] Microsoft.AspNetCore.Routing.EndpointMiddleware | Executing endpoint 'backend.Controllers.EmployeesController.GetEmployees (backend)'
2026-03-20 12:52:35.720 [INF] Microsoft.AspNetCore.Mvc.Infrastructure.ControllerActionInvoker | Route matched with {action = "GetEmployees", controller = "Employees"}. Executing controller action with signature System.Threading.Tasks.Task`1[Microsoft.AspNetCore.Mvc.IActionResult] GetEmployees(System.Nullable`1[System.Int32]) on controller backend.Controllers.EmployeesController (backend).
2026-03-20 12:52:35.720 [INF] backend.Controllers.EmployeesController | [Employees] GET all | TargetOrgId=2 | UserOrgId=2
2026-03-20 12:52:35.731 [INF] Microsoft.AspNetCore.Mvc.Infrastructure.ObjectResultExecutor | Executing OkObjectResult, writing value of type 'System.Collections.Generic.List`1[[backend.Models.Employee, backend, Version=1.0.0.0, Culture=neutral, PublicKeyToken=null]]'.
2026-03-20 12:52:35.731 [INF] Microsoft.AspNetCore.Mvc.Infrastructure.ControllerActionInvoker | Executed action backend.Controllers.EmployeesController.GetEmployees (backend) in 11.4183ms
2026-03-20 12:52:35.731 [INF] Microsoft.AspNetCore.Routing.EndpointMiddleware | Executed endpoint 'backend.Controllers.EmployeesController.GetEmployees (backend)'
2026-03-20 12:52:35.731 [INF] Serilog.AspNetCore.RequestLoggingMiddleware | HTTP GET /api/employees → 200 (11.6ms)
2026-03-20 12:52:35.732 [INF] Microsoft.AspNetCore.Hosting.Diagnostics | Request finished HTTP/1.1 GET http://localhost:5217/api/employees?organizationId=2 - 200 null application/json; charset=utf-8 12.0767ms
2026-03-20 12:52:35.848 [INF] Microsoft.AspNetCore.Hosting.Diagnostics | Request starting HTTP/1.1 OPTIONS http://localhost:5217/api/ShiftAssignments/roster?start=2026-03-20&end=2026-03-27&orgId=2 - null null
2026-03-20 12:52:35.848 [INF] Microsoft.AspNetCore.Cors.Infrastructure.CorsService | CORS policy execution successful.
2026-03-20 12:52:35.849 [INF] Microsoft.AspNetCore.Hosting.Diagnostics | Request finished HTTP/1.1 OPTIONS http://localhost:5217/api/ShiftAssignments/roster?start=2026-03-20&end=2026-03-27&orgId=2 - 204 null null 0.1511ms
2026-03-20 12:52:35.850 [INF] Microsoft.AspNetCore.Hosting.Diagnostics | Request starting HTTP/1.1 GET http://localhost:5217/api/ShiftAssignments/roster?start=2026-03-20&end=2026-03-27&orgId=2 - application/json null
2026-03-20 12:52:35.850 [INF] Microsoft.AspNetCore.Cors.Infrastructure.CorsService | CORS policy execution successful.
2026-03-20 12:52:35.850 [INF] Microsoft.AspNetCore.Cors.Infrastructure.CorsService | CORS policy execution successful.
2026-03-20 12:52:35.850 [INF] Microsoft.AspNetCore.Routing.EndpointMiddleware | Executing endpoint 'backend.Controllers.ShiftAssignmentsController.GetMonthlyRosterFixed (backend)'
2026-03-20 12:52:35.851 [INF] Microsoft.AspNetCore.Mvc.Infrastructure.ControllerActionInvoker | Route matched with {action = "GetMonthlyRosterFixed", controller = "ShiftAssignments"}. Executing controller action with signature System.Threading.Tasks.Task`1[Microsoft.AspNetCore.Mvc.IActionResult] GetMonthlyRosterFixed(System.String, System.String, System.Nullable`1[System.Int32]) on controller backend.Controllers.ShiftAssignmentsController (backend).
2026-03-20 12:52:35.862 [INF] Microsoft.AspNetCore.Mvc.Infrastructure.ObjectResultExecutor | Executing OkObjectResult, writing value of type 'System.Collections.Generic.List`1[[backend.Models.EmployeeSchedule, backend, Version=1.0.0.0, Culture=neutral, PublicKeyToken=null]]'.
2026-03-20 12:52:35.862 [INF] Microsoft.AspNetCore.Mvc.Infrastructure.ControllerActionInvoker | Executed action backend.Controllers.ShiftAssignmentsController.GetMonthlyRosterFixed (backend) in 11.5051ms
2026-03-20 12:52:35.862 [INF] Microsoft.AspNetCore.Routing.EndpointMiddleware | Executed endpoint 'backend.Controllers.ShiftAssignmentsController.GetMonthlyRosterFixed (backend)'
2026-03-20 12:52:35.862 [INF] Serilog.AspNetCore.RequestLoggingMiddleware | HTTP GET /api/ShiftAssignments/roster → 200 (12.0ms)
2026-03-20 12:52:35.862 [INF] Microsoft.AspNetCore.Hosting.Diagnostics | Request finished HTTP/1.1 GET http://localhost:5217/api/ShiftAssignments/roster?start=2026-03-20&end=2026-03-27&orgId=2 - 200 null application/json; charset=utf-8 12.4311ms
2026-03-20 12:52:35.920 [INF] Microsoft.AspNetCore.Hosting.Diagnostics | Request starting HTTP/1.1 OPTIONS http://localhost:5217/api/Attendance/status?employeeId=31&orgId=2 - null null
2026-03-20 12:52:35.920 [INF] Microsoft.AspNetCore.Cors.Infrastructure.CorsService | CORS policy execution successful.
2026-03-20 12:52:35.920 [INF] Microsoft.AspNetCore.Hosting.Diagnostics | Request finished HTTP/1.1 OPTIONS http://localhost:5217/api/Attendance/status?employeeId=31&orgId=2 - 204 null null 0.1407ms
2026-03-20 12:52:35.922 [INF] Microsoft.AspNetCore.Hosting.Diagnostics | Request starting HTTP/1.1 GET http://localhost:5217/api/Attendance/status?employeeId=31&orgId=2 - application/json null
2026-03-20 12:52:35.922 [INF] Microsoft.AspNetCore.Cors.Infrastructure.CorsService | CORS policy execution successful.
2026-03-20 12:52:35.922 [INF] Microsoft.AspNetCore.Cors.Infrastructure.CorsService | CORS policy execution successful.
2026-03-20 12:52:35.923 [INF] Microsoft.AspNetCore.Routing.EndpointMiddleware | Executing endpoint 'backend.Controllers.AttendanceController.GetTodayStatus (backend)'
2026-03-20 12:52:35.923 [INF] Microsoft.AspNetCore.Mvc.Infrastructure.ControllerActionInvoker | Route matched with {action = "GetTodayStatus", controller = "Attendance"}. Executing controller action with signature System.Threading.Tasks.Task`1[Microsoft.AspNetCore.Mvc.IActionResult] GetTodayStatus(Int32, System.Nullable`1[System.Int32]) on controller backend.Controllers.AttendanceController (backend).
2026-03-20 12:52:35.933 [INF] Microsoft.AspNetCore.Mvc.Infrastructure.ObjectResultExecutor | Executing OkObjectResult, writing value of type 'backend.Models.AttendanceStatusResponse'.
2026-03-20 12:52:35.933 [INF] Microsoft.AspNetCore.Mvc.Infrastructure.ControllerActionInvoker | Executed action backend.Controllers.AttendanceController.GetTodayStatus (backend) in 10.4865ms
2026-03-20 12:52:35.933 [INF] Microsoft.AspNetCore.Routing.EndpointMiddleware | Executed endpoint 'backend.Controllers.AttendanceController.GetTodayStatus (backend)'
2026-03-20 12:52:35.933 [INF] Serilog.AspNetCore.RequestLoggingMiddleware | HTTP GET /api/Attendance/status → 200 (10.7ms)
2026-03-20 12:52:35.933 [INF] Microsoft.AspNetCore.Hosting.Diagnostics | Request finished HTTP/1.1 GET http://localhost:5217/api/Attendance/status?employeeId=31&orgId=2 - 200 null application/json; charset=utf-8 11.1303ms
2026-03-20 12:55:12.896 [INF] Microsoft.AspNetCore.Hosting.Diagnostics | Request starting HTTP/1.1 OPTIONS http://localhost:5217/api/employees?organizationId=2 - null null
2026-03-20 12:55:12.896 [INF] Microsoft.AspNetCore.Cors.Infrastructure.CorsService | CORS policy execution successful.
2026-03-20 12:55:12.896 [INF] Microsoft.AspNetCore.Hosting.Diagnostics | Request finished HTTP/1.1 OPTIONS http://localhost:5217/api/employees?organizationId=2 - 204 null null 0.1807ms
2026-03-20 12:55:12.898 [INF] Microsoft.AspNetCore.Hosting.Diagnostics | Request starting HTTP/1.1 GET http://localhost:5217/api/employees?organizationId=2 - application/json null
2026-03-20 12:55:12.898 [INF] Microsoft.AspNetCore.Cors.Infrastructure.CorsService | CORS policy execution successful.
2026-03-20 12:55:12.898 [INF] Microsoft.AspNetCore.Cors.Infrastructure.CorsService | CORS policy execution successful.
2026-03-20 12:55:12.899 [INF] Microsoft.AspNetCore.Routing.EndpointMiddleware | Executing endpoint 'backend.Controllers.EmployeesController.GetEmployees (backend)'
2026-03-20 12:55:12.899 [INF] Microsoft.AspNetCore.Mvc.Infrastructure.ControllerActionInvoker | Route matched with {action = "GetEmployees", controller = "Employees"}. Executing controller action with signature System.Threading.Tasks.Task`1[Microsoft.AspNetCore.Mvc.IActionResult] GetEmployees(System.Nullable`1[System.Int32]) on controller backend.Controllers.EmployeesController (backend).
2026-03-20 12:55:12.900 [INF] backend.Controllers.EmployeesController | [Employees] GET all | TargetOrgId=2 | UserOrgId=2
2026-03-20 12:55:12.914 [INF] Microsoft.AspNetCore.Mvc.Infrastructure.ObjectResultExecutor | Executing OkObjectResult, writing value of type 'System.Collections.Generic.List`1[[backend.Models.Employee, backend, Version=1.0.0.0, Culture=neutral, PublicKeyToken=null]]'.
2026-03-20 12:55:12.915 [INF] Microsoft.AspNetCore.Mvc.Infrastructure.ControllerActionInvoker | Executed action backend.Controllers.EmployeesController.GetEmployees (backend) in 15.8764ms
2026-03-20 12:55:12.915 [INF] Microsoft.AspNetCore.Routing.EndpointMiddleware | Executed endpoint 'backend.Controllers.EmployeesController.GetEmployees (backend)'
2026-03-20 12:55:12.915 [INF] Serilog.AspNetCore.RequestLoggingMiddleware | HTTP GET /api/employees → 200 (16.0ms)
2026-03-20 12:55:12.915 [INF] Microsoft.AspNetCore.Hosting.Diagnostics | Request finished HTTP/1.1 GET http://localhost:5217/api/employees?organizationId=2 - 200 null application/json; charset=utf-8 16.5159ms
2026-03-20 12:55:14.583 [INF] Microsoft.AspNetCore.Hosting.Diagnostics | Request starting HTTP/1.1 OPTIONS http://localhost:5217/api/organizations - null null
2026-03-20 12:55:14.583 [INF] Microsoft.AspNetCore.Cors.Infrastructure.CorsService | CORS policy execution successful.
2026-03-20 12:55:14.584 [INF] Microsoft.AspNetCore.Hosting.Diagnostics | Request finished HTTP/1.1 OPTIONS http://localhost:5217/api/organizations - 204 null null 0.1622ms
2026-03-20 12:55:14.586 [INF] Microsoft.AspNetCore.Hosting.Diagnostics | Request starting HTTP/1.1 GET http://localhost:5217/api/organizations - application/json null
2026-03-20 12:55:14.586 [INF] Microsoft.AspNetCore.Cors.Infrastructure.CorsService | CORS policy execution successful.
2026-03-20 12:55:14.586 [INF] Microsoft.AspNetCore.Cors.Infrastructure.CorsService | CORS policy execution successful.
2026-03-20 12:55:14.586 [INF] Microsoft.AspNetCore.Routing.EndpointMiddleware | Executing endpoint 'backend.Controllers.OrganizationsController.GetOrganizations (backend)'
2026-03-20 12:55:14.586 [INF] Microsoft.AspNetCore.Mvc.Infrastructure.ControllerActionInvoker | Route matched with {action = "GetOrganizations", controller = "Organizations"}. Executing controller action with signature System.Threading.Tasks.Task`1[Microsoft.AspNetCore.Mvc.IActionResult] GetOrganizations() on controller backend.Controllers.OrganizationsController (backend).
2026-03-20 12:55:14.586 [INF] backend.Controllers.OrganizationsController | [Orgs] GET all requested | Role=SuperAdmin | UserId=18
2026-03-20 12:55:14.596 [INF] Microsoft.AspNetCore.Mvc.Infrastructure.ObjectResultExecutor | Executing OkObjectResult, writing value of type 'System.Collections.Generic.List`1[[backend.Models.Organization, backend, Version=1.0.0.0, Culture=neutral, PublicKeyToken=null]]'.
2026-03-20 12:55:14.596 [INF] Microsoft.AspNetCore.Mvc.Infrastructure.ControllerActionInvoker | Executed action backend.Controllers.OrganizationsController.GetOrganizations (backend) in 10.3821ms
2026-03-20 12:55:14.596 [INF] Microsoft.AspNetCore.Routing.EndpointMiddleware | Executed endpoint 'backend.Controllers.OrganizationsController.GetOrganizations (backend)'
2026-03-20 12:55:14.597 [INF] Serilog.AspNetCore.RequestLoggingMiddleware | HTTP GET /api/organizations → 200 (10.5ms)
2026-03-20 12:55:14.597 [INF] Microsoft.AspNetCore.Hosting.Diagnostics | Request finished HTTP/1.1 GET http://localhost:5217/api/organizations - 200 null application/json; charset=utf-8 10.9821ms
2026-03-20 12:55:14.632 [INF] Microsoft.AspNetCore.Hosting.Diagnostics | Request starting HTTP/1.1 OPTIONS http://localhost:5217/api/leads - null null
2026-03-20 12:55:14.632 [INF] Microsoft.AspNetCore.Cors.Infrastructure.CorsService | CORS policy execution successful.
2026-03-20 12:55:14.632 [INF] Microsoft.AspNetCore.Hosting.Diagnostics | Request finished HTTP/1.1 OPTIONS http://localhost:5217/api/leads - 204 null null 0.1618ms
2026-03-20 12:55:14.635 [INF] Microsoft.AspNetCore.Hosting.Diagnostics | Request starting HTTP/1.1 GET http://localhost:5217/api/leads - application/json null
2026-03-20 12:55:14.635 [INF] Microsoft.AspNetCore.Cors.Infrastructure.CorsService | CORS policy execution successful.
2026-03-20 12:55:14.635 [INF] Microsoft.AspNetCore.Cors.Infrastructure.CorsService | CORS policy execution successful.
2026-03-20 12:55:14.635 [INF] Microsoft.AspNetCore.Routing.EndpointMiddleware | Executing endpoint 'backend.Controllers.LeadsController.GetLeads (backend)'
2026-03-20 12:55:14.635 [INF] Microsoft.AspNetCore.Mvc.Infrastructure.ControllerActionInvoker | Route matched with {action = "GetLeads", controller = "Leads"}. Executing controller action with signature System.Threading.Tasks.Task`1[System.Collections.Generic.IEnumerable`1[backend.Models.Lead]] GetLeads() on controller backend.Controllers.LeadsController (backend).
2026-03-20 12:55:14.652 [INF] Microsoft.AspNetCore.Mvc.Infrastructure.ObjectResultExecutor | Executing ObjectResult, writing value of type 'System.Collections.Generic.List`1[[backend.Models.Lead, backend, Version=1.0.0.0, Culture=neutral, PublicKeyToken=null]]'.
2026-03-20 12:55:14.653 [INF] Microsoft.AspNetCore.Mvc.Infrastructure.ControllerActionInvoker | Executed action backend.Controllers.LeadsController.GetLeads (backend) in 17.1808ms
2026-03-20 12:55:14.653 [INF] Microsoft.AspNetCore.Routing.EndpointMiddleware | Executed endpoint 'backend.Controllers.LeadsController.GetLeads (backend)'
2026-03-20 12:55:14.653 [INF] Serilog.AspNetCore.RequestLoggingMiddleware | HTTP GET /api/leads → 200 (17.4ms)
2026-03-20 12:55:14.653 [INF] Microsoft.AspNetCore.Hosting.Diagnostics | Request finished HTTP/1.1 GET http://localhost:5217/api/leads - 200 null application/json; charset=utf-8 17.899ms
2026-03-20 12:55:16.049 [INF] Microsoft.AspNetCore.Hosting.Diagnostics | Request starting HTTP/1.1 GET http://localhost:5217/api/employees?organizationId=2 - application/json null
2026-03-20 12:55:16.049 [INF] Microsoft.AspNetCore.Cors.Infrastructure.CorsService | CORS policy execution successful.
2026-03-20 12:55:16.049 [INF] Microsoft.AspNetCore.Cors.Infrastructure.CorsService | CORS policy execution successful.
2026-03-20 12:55:16.049 [INF] Microsoft.AspNetCore.Routing.EndpointMiddleware | Executing endpoint 'backend.Controllers.EmployeesController.GetEmployees (backend)'
2026-03-20 12:55:16.049 [INF] Microsoft.AspNetCore.Mvc.Infrastructure.ControllerActionInvoker | Route matched with {action = "GetEmployees", controller = "Employees"}. Executing controller action with signature System.Threading.Tasks.Task`1[Microsoft.AspNetCore.Mvc.IActionResult] GetEmployees(System.Nullable`1[System.Int32]) on controller backend.Controllers.EmployeesController (backend).
2026-03-20 12:55:16.051 [INF] backend.Controllers.EmployeesController | [Employees] GET all | TargetOrgId=2 | UserOrgId=2
2026-03-20 12:55:16.063 [INF] Microsoft.AspNetCore.Mvc.Infrastructure.ObjectResultExecutor | Executing OkObjectResult, writing value of type 'System.Collections.Generic.List`1[[backend.Models.Employee, backend, Version=1.0.0.0, Culture=neutral, PublicKeyToken=null]]'.
2026-03-20 12:55:16.063 [INF] Microsoft.AspNetCore.Mvc.Infrastructure.ControllerActionInvoker | Executed action backend.Controllers.EmployeesController.GetEmployees (backend) in 13.3211ms
2026-03-20 12:55:16.063 [INF] Microsoft.AspNetCore.Routing.EndpointMiddleware | Executed endpoint 'backend.Controllers.EmployeesController.GetEmployees (backend)'
2026-03-20 12:55:16.063 [INF] Serilog.AspNetCore.RequestLoggingMiddleware | HTTP GET /api/employees → 200 (13.5ms)
2026-03-20 12:55:16.063 [INF] Microsoft.AspNetCore.Hosting.Diagnostics | Request finished HTTP/1.1 GET http://localhost:5217/api/employees?organizationId=2 - 200 null application/json; charset=utf-8 13.9905ms
2026-03-20 12:55:16.154 [INF] Microsoft.AspNetCore.Hosting.Diagnostics | Request starting HTTP/1.1 OPTIONS http://localhost:5217/api/ShiftAssignments/roster?start=2026-03-20&end=2026-03-27&orgId=2 - null null
2026-03-20 12:55:16.155 [INF] Microsoft.AspNetCore.Cors.Infrastructure.CorsService | CORS policy execution successful.
2026-03-20 12:55:16.155 [INF] Microsoft.AspNetCore.Hosting.Diagnostics | Request finished HTTP/1.1 OPTIONS http://localhost:5217/api/ShiftAssignments/roster?start=2026-03-20&end=2026-03-27&orgId=2 - 204 null null 0.3139ms
2026-03-20 12:55:16.167 [INF] Microsoft.AspNetCore.Hosting.Diagnostics | Request starting HTTP/1.1 GET http://localhost:5217/api/ShiftAssignments/roster?start=2026-03-20&end=2026-03-27&orgId=2 - application/json null
2026-03-20 12:55:16.167 [INF] Microsoft.AspNetCore.Cors.Infrastructure.CorsService | CORS policy execution successful.
2026-03-20 12:55:16.167 [INF] Microsoft.AspNetCore.Cors.Infrastructure.CorsService | CORS policy execution successful.
2026-03-20 12:55:16.168 [INF] Microsoft.AspNetCore.Routing.EndpointMiddleware | Executing endpoint 'backend.Controllers.ShiftAssignmentsController.GetMonthlyRosterFixed (backend)'
2026-03-20 12:55:16.168 [INF] Microsoft.AspNetCore.Mvc.Infrastructure.ControllerActionInvoker | Route matched with {action = "GetMonthlyRosterFixed", controller = "ShiftAssignments"}. Executing controller action with signature System.Threading.Tasks.Task`1[Microsoft.AspNetCore.Mvc.IActionResult] GetMonthlyRosterFixed(System.String, System.String, System.Nullable`1[System.Int32]) on controller backend.Controllers.ShiftAssignmentsController (backend).
2026-03-20 12:55:16.183 [INF] Microsoft.AspNetCore.Mvc.Infrastructure.ObjectResultExecutor | Executing OkObjectResult, writing value of type 'System.Collections.Generic.List`1[[backend.Models.EmployeeSchedule, backend, Version=1.0.0.0, Culture=neutral, PublicKeyToken=null]]'.
2026-03-20 12:55:16.183 [INF] Microsoft.AspNetCore.Mvc.Infrastructure.ControllerActionInvoker | Executed action backend.Controllers.ShiftAssignmentsController.GetMonthlyRosterFixed (backend) in 15.3141ms
2026-03-20 12:55:16.183 [INF] Microsoft.AspNetCore.Routing.EndpointMiddleware | Executed endpoint 'backend.Controllers.ShiftAssignmentsController.GetMonthlyRosterFixed (backend)'
2026-03-20 12:55:16.183 [INF] Serilog.AspNetCore.RequestLoggingMiddleware | HTTP GET /api/ShiftAssignments/roster → 200 (15.6ms)
2026-03-20 12:55:16.183 [INF] Microsoft.AspNetCore.Hosting.Diagnostics | Request finished HTTP/1.1 GET http://localhost:5217/api/ShiftAssignments/roster?start=2026-03-20&end=2026-03-27&orgId=2 - 200 null application/json; charset=utf-8 16.1853ms
2026-03-20 12:55:16.333 [INF] Microsoft.AspNetCore.Hosting.Diagnostics | Request starting HTTP/1.1 OPTIONS http://localhost:5217/api/Attendance/status?employeeId=31&orgId=2 - null null
2026-03-20 12:55:16.333 [INF] Microsoft.AspNetCore.Cors.Infrastructure.CorsService | CORS policy execution successful.
2026-03-20 12:55:16.333 [INF] Microsoft.AspNetCore.Hosting.Diagnostics | Request finished HTTP/1.1 OPTIONS http://localhost:5217/api/Attendance/status?employeeId=31&orgId=2 - 204 null null 0.5225ms
2026-03-20 12:55:16.349 [INF] Microsoft.AspNetCore.Hosting.Diagnostics | Request starting HTTP/1.1 GET http://localhost:5217/api/Attendance/status?employeeId=31&orgId=2 - application/json null
2026-03-20 12:55:16.349 [INF] Microsoft.AspNetCore.Cors.Infrastructure.CorsService | CORS policy execution successful.
2026-03-20 12:55:16.349 [INF] Microsoft.AspNetCore.Cors.Infrastructure.CorsService | CORS policy execution successful.
2026-03-20 12:55:16.350 [INF] Microsoft.AspNetCore.Routing.EndpointMiddleware | Executing endpoint 'backend.Controllers.AttendanceController.GetTodayStatus (backend)'
2026-03-20 12:55:16.350 [INF] Microsoft.AspNetCore.Mvc.Infrastructure.ControllerActionInvoker | Route matched with {action = "GetTodayStatus", controller = "Attendance"}. Executing controller action with signature System.Threading.Tasks.Task`1[Microsoft.AspNetCore.Mvc.IActionResult] GetTodayStatus(Int32, System.Nullable`1[System.Int32]) on controller backend.Controllers.AttendanceController (backend).
2026-03-20 12:55:16.363 [INF] Microsoft.AspNetCore.Mvc.Infrastructure.ObjectResultExecutor | Executing OkObjectResult, writing value of type 'backend.Models.AttendanceStatusResponse'.
2026-03-20 12:55:16.363 [INF] Microsoft.AspNetCore.Mvc.Infrastructure.ControllerActionInvoker | Executed action backend.Controllers.AttendanceController.GetTodayStatus (backend) in 12.4386ms
2026-03-20 12:55:16.363 [INF] Microsoft.AspNetCore.Routing.EndpointMiddleware | Executed endpoint 'backend.Controllers.AttendanceController.GetTodayStatus (backend)'
2026-03-20 12:55:16.363 [INF] Serilog.AspNetCore.RequestLoggingMiddleware | HTTP GET /api/Attendance/status → 200 (12.6ms)
2026-03-20 12:55:16.363 [INF] Microsoft.AspNetCore.Hosting.Diagnostics | Request finished HTTP/1.1 GET http://localhost:5217/api/Attendance/status?employeeId=31&orgId=2 - 200 null application/json; charset=utf-8 13.6333ms
2026-03-20 12:55:20.984 [INF] Microsoft.AspNetCore.Hosting.Diagnostics | Request starting HTTP/1.1 OPTIONS http://localhost:5217/api/employees?organizationId=2 - null null
2026-03-20 12:55:20.985 [INF] Microsoft.AspNetCore.Cors.Infrastructure.CorsService | CORS policy execution successful.
2026-03-20 12:55:20.985 [INF] Microsoft.AspNetCore.Hosting.Diagnostics | Request finished HTTP/1.1 OPTIONS http://localhost:5217/api/employees?organizationId=2 - 204 null null 0.1641ms
2026-03-20 12:55:20.986 [INF] Microsoft.AspNetCore.Hosting.Diagnostics | Request starting HTTP/1.1 GET http://localhost:5217/api/employees?organizationId=2 - application/json null
2026-03-20 12:55:20.987 [INF] Microsoft.AspNetCore.Cors.Infrastructure.CorsService | CORS policy execution successful.
2026-03-20 12:55:20.987 [INF] Microsoft.AspNetCore.Cors.Infrastructure.CorsService | CORS policy execution successful.
2026-03-20 12:55:20.987 [INF] Microsoft.AspNetCore.Routing.EndpointMiddleware | Executing endpoint 'backend.Controllers.EmployeesController.GetEmployees (backend)'
2026-03-20 12:55:20.987 [INF] Microsoft.AspNetCore.Mvc.Infrastructure.ControllerActionInvoker | Route matched with {action = "GetEmployees", controller = "Employees"}. Executing controller action with signature System.Threading.Tasks.Task`1[Microsoft.AspNetCore.Mvc.IActionResult] GetEmployees(System.Nullable`1[System.Int32]) on controller backend.Controllers.EmployeesController (backend).
2026-03-20 12:55:20.988 [INF] backend.Controllers.EmployeesController | [Employees] GET all | TargetOrgId=2 | UserOrgId=2
2026-03-20 12:55:21.007 [INF] Microsoft.AspNetCore.Mvc.Infrastructure.ObjectResultExecutor | Executing OkObjectResult, writing value of type 'System.Collections.Generic.List`1[[backend.Models.Employee, backend, Version=1.0.0.0, Culture=neutral, PublicKeyToken=null]]'.
2026-03-20 12:55:21.007 [INF] Microsoft.AspNetCore.Mvc.Infrastructure.ControllerActionInvoker | Executed action backend.Controllers.EmployeesController.GetEmployees (backend) in 19.87ms
2026-03-20 12:55:21.007 [INF] Microsoft.AspNetCore.Routing.EndpointMiddleware | Executed endpoint 'backend.Controllers.EmployeesController.GetEmployees (backend)'
2026-03-20 12:55:21.007 [INF] Serilog.AspNetCore.RequestLoggingMiddleware | HTTP GET /api/employees → 200 (20.1ms)
2026-03-20 12:55:21.007 [INF] Microsoft.AspNetCore.Hosting.Diagnostics | Request finished HTTP/1.1 GET http://localhost:5217/api/employees?organizationId=2 - 200 null application/json; charset=utf-8 20.5136ms
2026-03-20 12:55:49.644 [INF] Microsoft.AspNetCore.Hosting.Diagnostics | Request starting HTTP/1.1 OPTIONS http://localhost:5217/api/organizations - null null
2026-03-20 12:55:49.644 [INF] Microsoft.AspNetCore.Cors.Infrastructure.CorsService | CORS policy execution successful.
2026-03-20 12:55:49.644 [INF] Microsoft.AspNetCore.Hosting.Diagnostics | Request finished HTTP/1.1 OPTIONS http://localhost:5217/api/organizations - 204 null null 0.2029ms
2026-03-20 12:55:49.647 [INF] Microsoft.AspNetCore.Hosting.Diagnostics | Request starting HTTP/1.1 GET http://localhost:5217/api/organizations - application/json null
2026-03-20 12:55:49.647 [INF] Microsoft.AspNetCore.Cors.Infrastructure.CorsService | CORS policy execution successful.
2026-03-20 12:55:49.647 [INF] Microsoft.AspNetCore.Cors.Infrastructure.CorsService | CORS policy execution successful.
2026-03-20 12:55:49.648 [INF] Microsoft.AspNetCore.Routing.EndpointMiddleware | Executing endpoint 'backend.Controllers.OrganizationsController.GetOrganizations (backend)'
2026-03-20 12:55:49.648 [INF] Microsoft.AspNetCore.Mvc.Infrastructure.ControllerActionInvoker | Route matched with {action = "GetOrganizations", controller = "Organizations"}. Executing controller action with signature System.Threading.Tasks.Task`1[Microsoft.AspNetCore.Mvc.IActionResult] GetOrganizations() on controller backend.Controllers.OrganizationsController (backend).
2026-03-20 12:55:49.648 [INF] backend.Controllers.OrganizationsController | [Orgs] GET all requested | Role=SuperAdmin | UserId=18
2026-03-20 12:55:49.663 [INF] Microsoft.AspNetCore.Mvc.Infrastructure.ObjectResultExecutor | Executing OkObjectResult, writing value of type 'System.Collections.Generic.List`1[[backend.Models.Organization, backend, Version=1.0.0.0, Culture=neutral, PublicKeyToken=null]]'.
2026-03-20 12:55:49.663 [INF] Microsoft.AspNetCore.Mvc.Infrastructure.ControllerActionInvoker | Executed action backend.Controllers.OrganizationsController.GetOrganizations (backend) in 15.3475ms
2026-03-20 12:55:49.663 [INF] Microsoft.AspNetCore.Routing.EndpointMiddleware | Executed endpoint 'backend.Controllers.OrganizationsController.GetOrganizations (backend)'
2026-03-20 12:55:49.663 [INF] Serilog.AspNetCore.RequestLoggingMiddleware | HTTP GET /api/organizations → 200 (15.5ms)
2026-03-20 12:55:49.663 [INF] Microsoft.AspNetCore.Hosting.Diagnostics | Request finished HTTP/1.1 GET http://localhost:5217/api/organizations - 200 null application/json; charset=utf-8 16.2012ms
2026-03-20 12:55:49.693 [INF] Microsoft.AspNetCore.Hosting.Diagnostics | Request starting HTTP/1.1 OPTIONS http://localhost:5217/api/leads - null null
2026-03-20 12:55:49.694 [INF] Microsoft.AspNetCore.Cors.Infrastructure.CorsService | CORS policy execution successful.
2026-03-20 12:55:49.694 [INF] Microsoft.AspNetCore.Hosting.Diagnostics | Request finished HTTP/1.1 OPTIONS http://localhost:5217/api/leads - 204 null null 0.1249ms
2026-03-20 12:55:49.695 [INF] Microsoft.AspNetCore.Hosting.Diagnostics | Request starting HTTP/1.1 GET http://localhost:5217/api/leads - application/json null
2026-03-20 12:55:49.695 [INF] Microsoft.AspNetCore.Cors.Infrastructure.CorsService | CORS policy execution successful.
2026-03-20 12:55:49.695 [INF] Microsoft.AspNetCore.Cors.Infrastructure.CorsService | CORS policy execution successful.
2026-03-20 12:55:49.696 [INF] Microsoft.AspNetCore.Routing.EndpointMiddleware | Executing endpoint 'backend.Controllers.LeadsController.GetLeads (backend)'
2026-03-20 12:55:49.696 [INF] Microsoft.AspNetCore.Mvc.Infrastructure.ControllerActionInvoker | Route matched with {action = "GetLeads", controller = "Leads"}. Executing controller action with signature System.Threading.Tasks.Task`1[System.Collections.Generic.IEnumerable`1[backend.Models.Lead]] GetLeads() on controller backend.Controllers.LeadsController (backend).
2026-03-20 12:55:49.706 [INF] Microsoft.AspNetCore.Mvc.Infrastructure.ObjectResultExecutor | Executing ObjectResult, writing value of type 'System.Collections.Generic.List`1[[backend.Models.Lead, backend, Version=1.0.0.0, Culture=neutral, PublicKeyToken=null]]'.
2026-03-20 12:55:49.706 [INF] Microsoft.AspNetCore.Mvc.Infrastructure.ControllerActionInvoker | Executed action backend.Controllers.LeadsController.GetLeads (backend) in 9.9758ms
2026-03-20 12:55:49.706 [INF] Microsoft.AspNetCore.Routing.EndpointMiddleware | Executed endpoint 'backend.Controllers.LeadsController.GetLeads (backend)'
2026-03-20 12:55:49.706 [INF] Serilog.AspNetCore.RequestLoggingMiddleware | HTTP GET /api/leads → 200 (10.1ms)
2026-03-20 12:55:49.706 [INF] Microsoft.AspNetCore.Hosting.Diagnostics | Request finished HTTP/1.1 GET http://localhost:5217/api/leads - 200 null application/json; charset=utf-8 10.4866ms
2026-03-20 12:55:49.777 [INF] Microsoft.AspNetCore.Hosting.Diagnostics | Request starting HTTP/1.1 OPTIONS http://localhost:5217/api/employees?organizationId=2 - null null
2026-03-20 12:55:49.777 [INF] Microsoft.AspNetCore.Cors.Infrastructure.CorsService | CORS policy execution successful.
2026-03-20 12:55:49.777 [INF] Microsoft.AspNetCore.Hosting.Diagnostics | Request finished HTTP/1.1 OPTIONS http://localhost:5217/api/employees?organizationId=2 - 204 null null 0.1527ms
2026-03-20 12:55:49.778 [INF] Microsoft.AspNetCore.Hosting.Diagnostics | Request starting HTTP/1.1 GET http://localhost:5217/api/employees?organizationId=2 - application/json null
2026-03-20 12:55:49.778 [INF] Microsoft.AspNetCore.Cors.Infrastructure.CorsService | CORS policy execution successful.
2026-03-20 12:55:49.778 [INF] Microsoft.AspNetCore.Cors.Infrastructure.CorsService | CORS policy execution successful.
2026-03-20 12:55:49.779 [INF] Microsoft.AspNetCore.Routing.EndpointMiddleware | Executing endpoint 'backend.Controllers.EmployeesController.GetEmployees (backend)'
2026-03-20 12:55:49.779 [INF] Microsoft.AspNetCore.Mvc.Infrastructure.ControllerActionInvoker | Route matched with {action = "GetEmployees", controller = "Employees"}. Executing controller action with signature System.Threading.Tasks.Task`1[Microsoft.AspNetCore.Mvc.IActionResult] GetEmployees(System.Nullable`1[System.Int32]) on controller backend.Controllers.EmployeesController (backend).
2026-03-20 12:55:49.779 [INF] backend.Controllers.EmployeesController | [Employees] GET all | TargetOrgId=2 | UserOrgId=2
2026-03-20 12:55:49.796 [INF] Microsoft.AspNetCore.Mvc.Infrastructure.ObjectResultExecutor | Executing OkObjectResult, writing value of type 'System.Collections.Generic.List`1[[backend.Models.Employee, backend, Version=1.0.0.0, Culture=neutral, PublicKeyToken=null]]'.
2026-03-20 12:55:49.796 [INF] Microsoft.AspNetCore.Mvc.Infrastructure.ControllerActionInvoker | Executed action backend.Controllers.EmployeesController.GetEmployees (backend) in 17.5941ms
2026-03-20 12:55:49.796 [INF] Microsoft.AspNetCore.Routing.EndpointMiddleware | Executed endpoint 'backend.Controllers.EmployeesController.GetEmployees (backend)'
2026-03-20 12:55:49.796 [INF] Serilog.AspNetCore.RequestLoggingMiddleware | HTTP GET /api/employees → 200 (17.8ms)
2026-03-20 12:55:49.797 [INF] Microsoft.AspNetCore.Hosting.Diagnostics | Request finished HTTP/1.1 GET http://localhost:5217/api/employees?organizationId=2 - 200 null application/json; charset=utf-8 18.1885ms
2026-03-20 12:55:49.818 [INF] Microsoft.AspNetCore.Hosting.Diagnostics | Request starting HTTP/1.1 OPTIONS http://localhost:5217/api/ShiftAssignments/roster?start=2026-03-20&end=2026-03-27&orgId=2 - null null
2026-03-20 12:55:49.818 [INF] Microsoft.AspNetCore.Cors.Infrastructure.CorsService | CORS policy execution successful.
2026-03-20 12:55:49.818 [INF] Microsoft.AspNetCore.Hosting.Diagnostics | Request finished HTTP/1.1 OPTIONS http://localhost:5217/api/ShiftAssignments/roster?start=2026-03-20&end=2026-03-27&orgId=2 - 204 null null 0.1532ms
2026-03-20 12:55:49.819 [INF] Microsoft.AspNetCore.Hosting.Diagnostics | Request starting HTTP/1.1 GET http://localhost:5217/api/ShiftAssignments/roster?start=2026-03-20&end=2026-03-27&orgId=2 - application/json null
2026-03-20 12:55:49.819 [INF] Microsoft.AspNetCore.Cors.Infrastructure.CorsService | CORS policy execution successful.
2026-03-20 12:55:49.819 [INF] Microsoft.AspNetCore.Cors.Infrastructure.CorsService | CORS policy execution successful.
2026-03-20 12:55:49.820 [INF] Microsoft.AspNetCore.Routing.EndpointMiddleware | Executing endpoint 'backend.Controllers.ShiftAssignmentsController.GetMonthlyRosterFixed (backend)'
2026-03-20 12:55:49.820 [INF] Microsoft.AspNetCore.Mvc.Infrastructure.ControllerActionInvoker | Route matched with {action = "GetMonthlyRosterFixed", controller = "ShiftAssignments"}. Executing controller action with signature System.Threading.Tasks.Task`1[Microsoft.AspNetCore.Mvc.IActionResult] GetMonthlyRosterFixed(System.String, System.String, System.Nullable`1[System.Int32]) on controller backend.Controllers.ShiftAssignmentsController (backend).
2026-03-20 12:55:49.844 [INF] Microsoft.AspNetCore.Mvc.Infrastructure.ObjectResultExecutor | Executing OkObjectResult, writing value of type 'System.Collections.Generic.List`1[[backend.Models.EmployeeSchedule, backend, Version=1.0.0.0, Culture=neutral, PublicKeyToken=null]]'.
2026-03-20 12:55:49.844 [INF] Microsoft.AspNetCore.Mvc.Infrastructure.ControllerActionInvoker | Executed action backend.Controllers.ShiftAssignmentsController.GetMonthlyRosterFixed (backend) in 24.6372ms
2026-03-20 12:55:49.844 [INF] Microsoft.AspNetCore.Routing.EndpointMiddleware | Executed endpoint 'backend.Controllers.ShiftAssignmentsController.GetMonthlyRosterFixed (backend)'
2026-03-20 12:55:49.844 [INF] Serilog.AspNetCore.RequestLoggingMiddleware | HTTP GET /api/ShiftAssignments/roster → 200 (24.8ms)
2026-03-20 12:55:49.844 [INF] Microsoft.AspNetCore.Hosting.Diagnostics | Request finished HTTP/1.1 GET http://localhost:5217/api/ShiftAssignments/roster?start=2026-03-20&end=2026-03-27&orgId=2 - 200 null application/json; charset=utf-8 25.2985ms
2026-03-20 12:55:49.882 [INF] Microsoft.AspNetCore.Hosting.Diagnostics | Request starting HTTP/1.1 OPTIONS http://localhost:5217/api/Attendance/status?employeeId=31&orgId=2 - null null
2026-03-20 12:55:49.882 [INF] Microsoft.AspNetCore.Cors.Infrastructure.CorsService | CORS policy execution successful.
2026-03-20 12:55:49.882 [INF] Microsoft.AspNetCore.Hosting.Diagnostics | Request finished HTTP/1.1 OPTIONS http://localhost:5217/api/Attendance/status?employeeId=31&orgId=2 - 204 null null 0.1964ms
2026-03-20 12:55:49.885 [INF] Microsoft.AspNetCore.Hosting.Diagnostics | Request starting HTTP/1.1 GET http://localhost:5217/api/Attendance/status?employeeId=31&orgId=2 - application/json null
2026-03-20 12:55:49.885 [INF] Microsoft.AspNetCore.Cors.Infrastructure.CorsService | CORS policy execution successful.
2026-03-20 12:55:49.885 [INF] Microsoft.AspNetCore.Cors.Infrastructure.CorsService | CORS policy execution successful.
2026-03-20 12:55:49.885 [INF] Microsoft.AspNetCore.Routing.EndpointMiddleware | Executing endpoint 'backend.Controllers.AttendanceController.GetTodayStatus (backend)'
2026-03-20 12:55:49.885 [INF] Microsoft.AspNetCore.Mvc.Infrastructure.ControllerActionInvoker | Route matched with {action = "GetTodayStatus", controller = "Attendance"}. Executing controller action with signature System.Threading.Tasks.Task`1[Microsoft.AspNetCore.Mvc.IActionResult] GetTodayStatus(Int32, System.Nullable`1[System.Int32]) on controller backend.Controllers.AttendanceController (backend).
2026-03-20 12:55:49.906 [INF] Microsoft.AspNetCore.Mvc.Infrastructure.ObjectResultExecutor | Executing OkObjectResult, writing value of type 'backend.Models.AttendanceStatusResponse'.
2026-03-20 12:55:49.906 [INF] Microsoft.AspNetCore.Mvc.Infrastructure.ControllerActionInvoker | Executed action backend.Controllers.AttendanceController.GetTodayStatus (backend) in 21.1292ms
2026-03-20 12:55:49.906 [INF] Microsoft.AspNetCore.Routing.EndpointMiddleware | Executed endpoint 'backend.Controllers.AttendanceController.GetTodayStatus (backend)'
2026-03-20 12:55:49.906 [INF] Serilog.AspNetCore.RequestLoggingMiddleware | HTTP GET /api/Attendance/status → 200 (21.3ms)
2026-03-20 12:55:49.906 [INF] Microsoft.AspNetCore.Hosting.Diagnostics | Request finished HTTP/1.1 GET http://localhost:5217/api/Attendance/status?employeeId=31&orgId=2 - 200 null application/json; charset=utf-8 21.5993ms
2026-03-20 12:56:00.990 [INF] Microsoft.AspNetCore.Hosting.Diagnostics | Request starting HTTP/1.1 OPTIONS http://localhost:5217/api/employees?organizationId=2 - null null
2026-03-20 12:56:00.990 [INF] Microsoft.AspNetCore.Cors.Infrastructure.CorsService | CORS policy execution successful.
2026-03-20 12:56:00.990 [INF] Microsoft.AspNetCore.Hosting.Diagnostics | Request finished HTTP/1.1 OPTIONS http://localhost:5217/api/employees?organizationId=2 - 204 null null 0.2058ms
2026-03-20 12:56:00.992 [INF] Microsoft.AspNetCore.Hosting.Diagnostics | Request starting HTTP/1.1 GET http://localhost:5217/api/employees?organizationId=2 - application/json null
2026-03-20 12:56:00.992 [INF] Microsoft.AspNetCore.Cors.Infrastructure.CorsService | CORS policy execution successful.
2026-03-20 12:56:00.992 [INF] Microsoft.AspNetCore.Cors.Infrastructure.CorsService | CORS policy execution successful.
2026-03-20 12:56:00.992 [INF] Microsoft.AspNetCore.Routing.EndpointMiddleware | Executing endpoint 'backend.Controllers.EmployeesController.GetEmployees (backend)'
2026-03-20 12:56:00.992 [INF] Microsoft.AspNetCore.Mvc.Infrastructure.ControllerActionInvoker | Route matched with {action = "GetEmployees", controller = "Employees"}. Executing controller action with signature System.Threading.Tasks.Task`1[Microsoft.AspNetCore.Mvc.IActionResult] GetEmployees(System.Nullable`1[System.Int32]) on controller backend.Controllers.EmployeesController (backend).
2026-03-20 12:56:00.993 [INF] backend.Controllers.EmployeesController | [Employees] GET all | TargetOrgId=2 | UserOrgId=2
2026-03-20 12:56:01.006 [INF] Microsoft.AspNetCore.Mvc.Infrastructure.ObjectResultExecutor | Executing OkObjectResult, writing value of type 'System.Collections.Generic.List`1[[backend.Models.Employee, backend, Version=1.0.0.0, Culture=neutral, PublicKeyToken=null]]'.
2026-03-20 12:56:01.008 [INF] Microsoft.AspNetCore.Mvc.Infrastructure.ControllerActionInvoker | Executed action backend.Controllers.EmployeesController.GetEmployees (backend) in 14.0039ms
2026-03-20 12:56:01.008 [INF] Microsoft.AspNetCore.Routing.EndpointMiddleware | Executed endpoint 'backend.Controllers.EmployeesController.GetEmployees (backend)'
2026-03-20 12:56:01.008 [INF] Serilog.AspNetCore.RequestLoggingMiddleware | HTTP GET /api/employees → 200 (15.3ms)
2026-03-20 12:56:01.008 [INF] Microsoft.AspNetCore.Hosting.Diagnostics | Request finished HTTP/1.1 GET http://localhost:5217/api/employees?organizationId=2 - 200 null application/json; charset=utf-8 15.7983ms
2026-03-20 12:56:11.983 [INF] Microsoft.AspNetCore.Hosting.Diagnostics | Request starting HTTP/1.1 OPTIONS http://localhost:5217/api/organizations - null null
2026-03-20 12:56:11.983 [INF] Microsoft.AspNetCore.Cors.Infrastructure.CorsService | CORS policy execution successful.
2026-03-20 12:56:11.984 [INF] Microsoft.AspNetCore.Hosting.Diagnostics | Request finished HTTP/1.1 OPTIONS http://localhost:5217/api/organizations - 204 null null 0.2532ms
2026-03-20 12:56:11.985 [INF] Microsoft.AspNetCore.Hosting.Diagnostics | Request starting HTTP/1.1 GET http://localhost:5217/api/organizations - application/json null
2026-03-20 12:56:11.985 [INF] Microsoft.AspNetCore.Cors.Infrastructure.CorsService | CORS policy execution successful.
2026-03-20 12:56:11.985 [INF] Microsoft.AspNetCore.Cors.Infrastructure.CorsService | CORS policy execution successful.
2026-03-20 12:56:11.986 [INF] Microsoft.AspNetCore.Routing.EndpointMiddleware | Executing endpoint 'backend.Controllers.OrganizationsController.GetOrganizations (backend)'
2026-03-20 12:56:11.986 [INF] Microsoft.AspNetCore.Mvc.Infrastructure.ControllerActionInvoker | Route matched with {action = "GetOrganizations", controller = "Organizations"}. Executing controller action with signature System.Threading.Tasks.Task`1[Microsoft.AspNetCore.Mvc.IActionResult] GetOrganizations() on controller backend.Controllers.OrganizationsController (backend).
2026-03-20 12:56:11.986 [INF] backend.Controllers.OrganizationsController | [Orgs] GET all requested | Role=SuperAdmin | UserId=18
2026-03-20 12:56:12.045 [INF] Microsoft.AspNetCore.Mvc.Infrastructure.ObjectResultExecutor | Executing OkObjectResult, writing value of type 'System.Collections.Generic.List`1[[backend.Models.Organization, backend, Version=1.0.0.0, Culture=neutral, PublicKeyToken=null]]'.
2026-03-20 12:56:12.045 [INF] Microsoft.AspNetCore.Mvc.Infrastructure.ControllerActionInvoker | Executed action backend.Controllers.OrganizationsController.GetOrganizations (backend) in 59.1686ms
2026-03-20 12:56:12.045 [INF] Microsoft.AspNetCore.Routing.EndpointMiddleware | Executed endpoint 'backend.Controllers.OrganizationsController.GetOrganizations (backend)'
2026-03-20 12:56:12.045 [INF] Serilog.AspNetCore.RequestLoggingMiddleware | HTTP GET /api/organizations → 200 (59.3ms)
2026-03-20 12:56:12.045 [INF] Microsoft.AspNetCore.Hosting.Diagnostics | Request finished HTTP/1.1 GET http://localhost:5217/api/organizations - 200 null application/json; charset=utf-8 60.3759ms
2026-03-20 12:56:12.064 [INF] Microsoft.AspNetCore.Hosting.Diagnostics | Request starting HTTP/1.1 OPTIONS http://localhost:5217/api/leads - null null
2026-03-20 12:56:12.064 [INF] Microsoft.AspNetCore.Cors.Infrastructure.CorsService | CORS policy execution successful.
2026-03-20 12:56:12.064 [INF] Microsoft.AspNetCore.Hosting.Diagnostics | Request finished HTTP/1.1 OPTIONS http://localhost:5217/api/leads - 204 null null 0.2027ms
2026-03-20 12:56:12.066 [INF] Microsoft.AspNetCore.Hosting.Diagnostics | Request starting HTTP/1.1 GET http://localhost:5217/api/leads - application/json null
2026-03-20 12:56:12.066 [INF] Microsoft.AspNetCore.Cors.Infrastructure.CorsService | CORS policy execution successful.
2026-03-20 12:56:12.066 [INF] Microsoft.AspNetCore.Cors.Infrastructure.CorsService | CORS policy execution successful.
2026-03-20 12:56:12.067 [INF] Microsoft.AspNetCore.Routing.EndpointMiddleware | Executing endpoint 'backend.Controllers.LeadsController.GetLeads (backend)'
2026-03-20 12:56:12.067 [INF] Microsoft.AspNetCore.Mvc.Infrastructure.ControllerActionInvoker | Route matched with {action = "GetLeads", controller = "Leads"}. Executing controller action with signature System.Threading.Tasks.Task`1[System.Collections.Generic.IEnumerable`1[backend.Models.Lead]] GetLeads() on controller backend.Controllers.LeadsController (backend).
2026-03-20 12:56:12.083 [INF] Microsoft.AspNetCore.Mvc.Infrastructure.ObjectResultExecutor | Executing ObjectResult, writing value of type 'System.Collections.Generic.List`1[[backend.Models.Lead, backend, Version=1.0.0.0, Culture=neutral, PublicKeyToken=null]]'.
2026-03-20 12:56:12.083 [INF] Microsoft.AspNetCore.Mvc.Infrastructure.ControllerActionInvoker | Executed action backend.Controllers.LeadsController.GetLeads (backend) in 16.2369ms
2026-03-20 12:56:12.083 [INF] Microsoft.AspNetCore.Routing.EndpointMiddleware | Executed endpoint 'backend.Controllers.LeadsController.GetLeads (backend)'
2026-03-20 12:56:12.083 [INF] Serilog.AspNetCore.RequestLoggingMiddleware | HTTP GET /api/leads → 200 (16.4ms)
2026-03-20 12:56:12.083 [INF] Microsoft.AspNetCore.Hosting.Diagnostics | Request finished HTTP/1.1 GET http://localhost:5217/api/leads - 200 null application/json; charset=utf-8 17.2777ms
2026-03-20 12:56:12.486 [INF] Microsoft.AspNetCore.Hosting.Diagnostics | Request starting HTTP/1.1 OPTIONS http://localhost:5217/api/employees?organizationId=2 - null null
2026-03-20 12:56:12.486 [INF] Microsoft.AspNetCore.Cors.Infrastructure.CorsService | CORS policy execution successful.
2026-03-20 12:56:12.486 [INF] Microsoft.AspNetCore.Hosting.Diagnostics | Request finished HTTP/1.1 OPTIONS http://localhost:5217/api/employees?organizationId=2 - 204 null null 0.2646ms
2026-03-20 12:56:12.488 [INF] Microsoft.AspNetCore.Hosting.Diagnostics | Request starting HTTP/1.1 GET http://localhost:5217/api/employees?organizationId=2 - application/json null
2026-03-20 12:56:12.489 [INF] Microsoft.AspNetCore.Cors.Infrastructure.CorsService | CORS policy execution successful.
2026-03-20 12:56:12.489 [INF] Microsoft.AspNetCore.Cors.Infrastructure.CorsService | CORS policy execution successful.
2026-03-20 12:56:12.489 [INF] Microsoft.AspNetCore.Routing.EndpointMiddleware | Executing endpoint 'backend.Controllers.EmployeesController.GetEmployees (backend)'
2026-03-20 12:56:12.489 [INF] Microsoft.AspNetCore.Mvc.Infrastructure.ControllerActionInvoker | Route matched with {action = "GetEmployees", controller = "Employees"}. Executing controller action with signature System.Threading.Tasks.Task`1[Microsoft.AspNetCore.Mvc.IActionResult] GetEmployees(System.Nullable`1[System.Int32]) on controller backend.Controllers.EmployeesController (backend).
2026-03-20 12:56:12.489 [INF] backend.Controllers.EmployeesController | [Employees] GET all | TargetOrgId=2 | UserOrgId=2
2026-03-20 12:56:12.544 [INF] Microsoft.AspNetCore.Mvc.Infrastructure.ObjectResultExecutor | Executing OkObjectResult, writing value of type 'System.Collections.Generic.List`1[[backend.Models.Employee, backend, Version=1.0.0.0, Culture=neutral, PublicKeyToken=null]]'.
2026-03-20 12:56:12.544 [INF] Microsoft.AspNetCore.Mvc.Infrastructure.ControllerActionInvoker | Executed action backend.Controllers.EmployeesController.GetEmployees (backend) in 55.026ms
2026-03-20 12:56:12.544 [INF] Microsoft.AspNetCore.Routing.EndpointMiddleware | Executed endpoint 'backend.Controllers.EmployeesController.GetEmployees (backend)'
2026-03-20 12:56:12.544 [INF] Serilog.AspNetCore.RequestLoggingMiddleware | HTTP GET /api/employees → 200 (55.2ms)
2026-03-20 12:56:12.544 [INF] Microsoft.AspNetCore.Hosting.Diagnostics | Request finished HTTP/1.1 GET http://localhost:5217/api/employees?organizationId=2 - 200 null application/json; charset=utf-8 55.8369ms
2026-03-20 12:56:12.555 [INF] Microsoft.AspNetCore.Hosting.Diagnostics | Request starting HTTP/1.1 OPTIONS http://localhost:5217/api/ShiftAssignments/roster?start=2026-03-20&end=2026-03-27&orgId=2 - null null
2026-03-20 12:56:12.555 [INF] Microsoft.AspNetCore.Cors.Infrastructure.CorsService | CORS policy execution successful.
2026-03-20 12:56:12.555 [INF] Microsoft.AspNetCore.Hosting.Diagnostics | Request finished HTTP/1.1 OPTIONS http://localhost:5217/api/ShiftAssignments/roster?start=2026-03-20&end=2026-03-27&orgId=2 - 204 null null 0.1699ms
2026-03-20 12:56:12.556 [INF] Microsoft.AspNetCore.Hosting.Diagnostics | Request starting HTTP/1.1 GET http://localhost:5217/api/ShiftAssignments/roster?start=2026-03-20&end=2026-03-27&orgId=2 - application/json null
2026-03-20 12:56:12.556 [INF] Microsoft.AspNetCore.Cors.Infrastructure.CorsService | CORS policy execution successful.
2026-03-20 12:56:12.556 [INF] Microsoft.AspNetCore.Cors.Infrastructure.CorsService | CORS policy execution successful.
2026-03-20 12:56:12.557 [INF] Microsoft.AspNetCore.Routing.EndpointMiddleware | Executing endpoint 'backend.Controllers.ShiftAssignmentsController.GetMonthlyRosterFixed (backend)'
2026-03-20 12:56:12.557 [INF] Microsoft.AspNetCore.Mvc.Infrastructure.ControllerActionInvoker | Route matched with {action = "GetMonthlyRosterFixed", controller = "ShiftAssignments"}. Executing controller action with signature System.Threading.Tasks.Task`1[Microsoft.AspNetCore.Mvc.IActionResult] GetMonthlyRosterFixed(System.String, System.String, System.Nullable`1[System.Int32]) on controller backend.Controllers.ShiftAssignmentsController (backend).
2026-03-20 12:56:12.568 [INF] Microsoft.AspNetCore.Mvc.Infrastructure.ObjectResultExecutor | Executing OkObjectResult, writing value of type 'System.Collections.Generic.List`1[[backend.Models.EmployeeSchedule, backend, Version=1.0.0.0, Culture=neutral, PublicKeyToken=null]]'.
2026-03-20 12:56:12.568 [INF] Microsoft.AspNetCore.Mvc.Infrastructure.ControllerActionInvoker | Executed action backend.Controllers.ShiftAssignmentsController.GetMonthlyRosterFixed (backend) in 10.824ms
2026-03-20 12:56:12.568 [INF] Microsoft.AspNetCore.Routing.EndpointMiddleware | Executed endpoint 'backend.Controllers.ShiftAssignmentsController.GetMonthlyRosterFixed (backend)'
2026-03-20 12:56:12.568 [INF] Serilog.AspNetCore.RequestLoggingMiddleware | HTTP GET /api/ShiftAssignments/roster → 200 (11.0ms)
2026-03-20 12:56:12.568 [INF] Microsoft.AspNetCore.Hosting.Diagnostics | Request finished HTTP/1.1 GET http://localhost:5217/api/ShiftAssignments/roster?start=2026-03-20&end=2026-03-27&orgId=2 - 200 null application/json; charset=utf-8 12.2746ms
2026-03-20 12:56:12.635 [INF] Microsoft.AspNetCore.Hosting.Diagnostics | Request starting HTTP/1.1 OPTIONS http://localhost:5217/api/Attendance/status?employeeId=31&orgId=2 - null null
2026-03-20 12:56:12.635 [INF] Microsoft.AspNetCore.Cors.Infrastructure.CorsService | CORS policy execution successful.
2026-03-20 12:56:12.635 [INF] Microsoft.AspNetCore.Hosting.Diagnostics | Request finished HTTP/1.1 OPTIONS http://localhost:5217/api/Attendance/status?employeeId=31&orgId=2 - 204 null null 0.1417ms
2026-03-20 12:56:12.637 [INF] Microsoft.AspNetCore.Hosting.Diagnostics | Request starting HTTP/1.1 GET http://localhost:5217/api/Attendance/status?employeeId=31&orgId=2 - application/json null
2026-03-20 12:56:12.637 [INF] Microsoft.AspNetCore.Cors.Infrastructure.CorsService | CORS policy execution successful.
2026-03-20 12:56:12.637 [INF] Microsoft.AspNetCore.Cors.Infrastructure.CorsService | CORS policy execution successful.
2026-03-20 12:56:12.637 [INF] Microsoft.AspNetCore.Routing.EndpointMiddleware | Executing endpoint 'backend.Controllers.AttendanceController.GetTodayStatus (backend)'
2026-03-20 12:56:12.637 [INF] Microsoft.AspNetCore.Mvc.Infrastructure.ControllerActionInvoker | Route matched with {action = "GetTodayStatus", controller = "Attendance"}. Executing controller action with signature System.Threading.Tasks.Task`1[Microsoft.AspNetCore.Mvc.IActionResult] GetTodayStatus(Int32, System.Nullable`1[System.Int32]) on controller backend.Controllers.AttendanceController (backend).
2026-03-20 12:56:12.655 [INF] Microsoft.AspNetCore.Mvc.Infrastructure.ObjectResultExecutor | Executing OkObjectResult, writing value of type 'backend.Models.AttendanceStatusResponse'.
2026-03-20 12:56:12.655 [INF] Microsoft.AspNetCore.Mvc.Infrastructure.ControllerActionInvoker | Executed action backend.Controllers.AttendanceController.GetTodayStatus (backend) in 18.3808ms
2026-03-20 12:56:12.656 [INF] Microsoft.AspNetCore.Routing.EndpointMiddleware | Executed endpoint 'backend.Controllers.AttendanceController.GetTodayStatus (backend)'
2026-03-20 12:56:12.656 [INF] Serilog.AspNetCore.RequestLoggingMiddleware | HTTP GET /api/Attendance/status → 200 (18.5ms)
2026-03-20 12:56:12.656 [INF] Microsoft.AspNetCore.Hosting.Diagnostics | Request finished HTTP/1.1 GET http://localhost:5217/api/Attendance/status?employeeId=31&orgId=2 - 200 null application/json; charset=utf-8 18.9414ms
2026-03-20 12:59:00.141 [INF] Microsoft.AspNetCore.Hosting.Diagnostics | Request starting HTTP/1.1 OPTIONS http://localhost:5217/api/organizations - null null
2026-03-20 12:59:00.141 [INF] Microsoft.AspNetCore.Cors.Infrastructure.CorsService | CORS policy execution successful.
2026-03-20 12:59:00.141 [INF] Microsoft.AspNetCore.Hosting.Diagnostics | Request finished HTTP/1.1 OPTIONS http://localhost:5217/api/organizations - 204 null null 0.1566ms
2026-03-20 12:59:00.143 [INF] Microsoft.AspNetCore.Hosting.Diagnostics | Request starting HTTP/1.1 GET http://localhost:5217/api/organizations - application/json null
2026-03-20 12:59:00.143 [INF] Microsoft.AspNetCore.Cors.Infrastructure.CorsService | CORS policy execution successful.
2026-03-20 12:59:00.143 [INF] Microsoft.AspNetCore.Cors.Infrastructure.CorsService | CORS policy execution successful.
2026-03-20 12:59:00.144 [INF] Microsoft.AspNetCore.Routing.EndpointMiddleware | Executing endpoint 'backend.Controllers.OrganizationsController.GetOrganizations (backend)'
2026-03-20 12:59:00.144 [INF] Microsoft.AspNetCore.Mvc.Infrastructure.ControllerActionInvoker | Route matched with {action = "GetOrganizations", controller = "Organizations"}. Executing controller action with signature System.Threading.Tasks.Task`1[Microsoft.AspNetCore.Mvc.IActionResult] GetOrganizations() on controller backend.Controllers.OrganizationsController (backend).
2026-03-20 12:59:00.144 [INF] backend.Controllers.OrganizationsController | [Orgs] GET all requested | Role=SuperAdmin | UserId=18
2026-03-20 12:59:00.159 [INF] Microsoft.AspNetCore.Mvc.Infrastructure.ObjectResultExecutor | Executing OkObjectResult, writing value of type 'System.Collections.Generic.List`1[[backend.Models.Organization, backend, Version=1.0.0.0, Culture=neutral, PublicKeyToken=null]]'.
2026-03-20 12:59:00.159 [INF] Microsoft.AspNetCore.Mvc.Infrastructure.ControllerActionInvoker | Executed action backend.Controllers.OrganizationsController.GetOrganizations (backend) in 15.1843ms
2026-03-20 12:59:00.159 [INF] Microsoft.AspNetCore.Routing.EndpointMiddleware | Executed endpoint 'backend.Controllers.OrganizationsController.GetOrganizations (backend)'
2026-03-20 12:59:00.159 [INF] Serilog.AspNetCore.RequestLoggingMiddleware | HTTP GET /api/organizations → 200 (15.4ms)
2026-03-20 12:59:00.159 [INF] Microsoft.AspNetCore.Hosting.Diagnostics | Request finished HTTP/1.1 GET http://localhost:5217/api/organizations - 200 null application/json; charset=utf-8 16.0915ms
2026-03-20 12:59:00.375 [INF] Microsoft.AspNetCore.Hosting.Diagnostics | Request starting HTTP/1.1 OPTIONS http://localhost:5217/api/leads - null null
2026-03-20 12:59:00.375 [INF] Microsoft.AspNetCore.Cors.Infrastructure.CorsService | CORS policy execution successful.
2026-03-20 12:59:00.375 [INF] Microsoft.AspNetCore.Hosting.Diagnostics | Request finished HTTP/1.1 OPTIONS http://localhost:5217/api/leads - 204 null null 0.3618ms
2026-03-20 12:59:00.377 [INF] Microsoft.AspNetCore.Hosting.Diagnostics | Request starting HTTP/1.1 GET http://localhost:5217/api/leads - application/json null
2026-03-20 12:59:00.377 [INF] Microsoft.AspNetCore.Cors.Infrastructure.CorsService | CORS policy execution successful.
2026-03-20 12:59:00.377 [INF] Microsoft.AspNetCore.Cors.Infrastructure.CorsService | CORS policy execution successful.
2026-03-20 12:59:00.377 [INF] Microsoft.AspNetCore.Routing.EndpointMiddleware | Executing endpoint 'backend.Controllers.LeadsController.GetLeads (backend)'
2026-03-20 12:59:00.377 [INF] Microsoft.AspNetCore.Mvc.Infrastructure.ControllerActionInvoker | Route matched with {action = "GetLeads", controller = "Leads"}. Executing controller action with signature System.Threading.Tasks.Task`1[System.Collections.Generic.IEnumerable`1[backend.Models.Lead]] GetLeads() on controller backend.Controllers.LeadsController (backend).
2026-03-20 12:59:00.393 [INF] Microsoft.AspNetCore.Mvc.Infrastructure.ObjectResultExecutor | Executing ObjectResult, writing value of type 'System.Collections.Generic.List`1[[backend.Models.Lead, backend, Version=1.0.0.0, Culture=neutral, PublicKeyToken=null]]'.
2026-03-20 12:59:00.393 [INF] Microsoft.AspNetCore.Mvc.Infrastructure.ControllerActionInvoker | Executed action backend.Controllers.LeadsController.GetLeads (backend) in 15.5203ms
2026-03-20 12:59:00.393 [INF] Microsoft.AspNetCore.Routing.EndpointMiddleware | Executed endpoint 'backend.Controllers.LeadsController.GetLeads (backend)'
2026-03-20 12:59:00.393 [INF] Serilog.AspNetCore.RequestLoggingMiddleware | HTTP GET /api/leads → 200 (15.7ms)
2026-03-20 12:59:00.393 [INF] Microsoft.AspNetCore.Hosting.Diagnostics | Request finished HTTP/1.1 GET http://localhost:5217/api/leads - 200 null application/json; charset=utf-8 16.0979ms
2026-03-20 12:59:00.504 [INF] Microsoft.AspNetCore.Hosting.Diagnostics | Request starting HTTP/1.1 OPTIONS http://localhost:5217/api/employees?organizationId=2 - null null
2026-03-20 12:59:00.504 [INF] Microsoft.AspNetCore.Cors.Infrastructure.CorsService | CORS policy execution successful.
2026-03-20 12:59:00.504 [INF] Microsoft.AspNetCore.Hosting.Diagnostics | Request finished HTTP/1.1 OPTIONS http://localhost:5217/api/employees?organizationId=2 - 204 null null 0.2586ms
2026-03-20 12:59:00.506 [INF] Microsoft.AspNetCore.Hosting.Diagnostics | Request starting HTTP/1.1 GET http://localhost:5217/api/employees?organizationId=2 - application/json null
2026-03-20 12:59:00.506 [INF] Microsoft.AspNetCore.Cors.Infrastructure.CorsService | CORS policy execution successful.
2026-03-20 12:59:00.506 [INF] Microsoft.AspNetCore.Cors.Infrastructure.CorsService | CORS policy execution successful.
2026-03-20 12:59:00.506 [INF] Microsoft.AspNetCore.Routing.EndpointMiddleware | Executing endpoint 'backend.Controllers.EmployeesController.GetEmployees (backend)'
2026-03-20 12:59:00.507 [INF] Microsoft.AspNetCore.Mvc.Infrastructure.ControllerActionInvoker | Route matched with {action = "GetEmployees", controller = "Employees"}. Executing controller action with signature System.Threading.Tasks.Task`1[Microsoft.AspNetCore.Mvc.IActionResult] GetEmployees(System.Nullable`1[System.Int32]) on controller backend.Controllers.EmployeesController (backend).
2026-03-20 12:59:00.507 [INF] backend.Controllers.EmployeesController | [Employees] GET all | TargetOrgId=2 | UserOrgId=2
2026-03-20 12:59:00.527 [INF] Microsoft.AspNetCore.Mvc.Infrastructure.ObjectResultExecutor | Executing OkObjectResult, writing value of type 'System.Collections.Generic.List`1[[backend.Models.Employee, backend, Version=1.0.0.0, Culture=neutral, PublicKeyToken=null]]'.
2026-03-20 12:59:00.528 [INF] Microsoft.AspNetCore.Mvc.Infrastructure.ControllerActionInvoker | Executed action backend.Controllers.EmployeesController.GetEmployees (backend) in 21.0169ms
2026-03-20 12:59:00.528 [INF] Microsoft.AspNetCore.Routing.EndpointMiddleware | Executed endpoint 'backend.Controllers.EmployeesController.GetEmployees (backend)'
2026-03-20 12:59:00.528 [INF] Serilog.AspNetCore.RequestLoggingMiddleware | HTTP GET /api/employees → 200 (21.2ms)
2026-03-20 12:59:00.528 [INF] Microsoft.AspNetCore.Hosting.Diagnostics | Request finished HTTP/1.1 GET http://localhost:5217/api/employees?organizationId=2 - 200 null application/json; charset=utf-8 21.9507ms
2026-03-20 12:59:00.601 [INF] Microsoft.AspNetCore.Hosting.Diagnostics | Request starting HTTP/1.1 OPTIONS http://localhost:5217/api/ShiftAssignments/roster?start=2026-03-20&end=2026-03-27&orgId=2 - null null
2026-03-20 12:59:00.601 [INF] Microsoft.AspNetCore.Cors.Infrastructure.CorsService | CORS policy execution successful.
2026-03-20 12:59:00.601 [INF] Microsoft.AspNetCore.Hosting.Diagnostics | Request finished HTTP/1.1 OPTIONS http://localhost:5217/api/ShiftAssignments/roster?start=2026-03-20&end=2026-03-27&orgId=2 - 204 null null 0.1619ms
2026-03-20 12:59:00.603 [INF] Microsoft.AspNetCore.Hosting.Diagnostics | Request starting HTTP/1.1 GET http://localhost:5217/api/ShiftAssignments/roster?start=2026-03-20&end=2026-03-27&orgId=2 - application/json null
2026-03-20 12:59:00.603 [INF] Microsoft.AspNetCore.Cors.Infrastructure.CorsService | CORS policy execution successful.
2026-03-20 12:59:00.603 [INF] Microsoft.AspNetCore.Cors.Infrastructure.CorsService | CORS policy execution successful.
2026-03-20 12:59:00.603 [INF] Microsoft.AspNetCore.Routing.EndpointMiddleware | Executing endpoint 'backend.Controllers.ShiftAssignmentsController.GetMonthlyRosterFixed (backend)'
2026-03-20 12:59:00.603 [INF] Microsoft.AspNetCore.Mvc.Infrastructure.ControllerActionInvoker | Route matched with {action = "GetMonthlyRosterFixed", controller = "ShiftAssignments"}. Executing controller action with signature System.Threading.Tasks.Task`1[Microsoft.AspNetCore.Mvc.IActionResult] GetMonthlyRosterFixed(System.String, System.String, System.Nullable`1[System.Int32]) on controller backend.Controllers.ShiftAssignmentsController (backend).
2026-03-20 12:59:00.621 [INF] Microsoft.AspNetCore.Mvc.Infrastructure.ObjectResultExecutor | Executing OkObjectResult, writing value of type 'System.Collections.Generic.List`1[[backend.Models.EmployeeSchedule, backend, Version=1.0.0.0, Culture=neutral, PublicKeyToken=null]]'.
2026-03-20 12:59:00.621 [INF] Microsoft.AspNetCore.Mvc.Infrastructure.ControllerActionInvoker | Executed action backend.Controllers.ShiftAssignmentsController.GetMonthlyRosterFixed (backend) in 18.4285ms
2026-03-20 12:59:00.621 [INF] Microsoft.AspNetCore.Routing.EndpointMiddleware | Executed endpoint 'backend.Controllers.ShiftAssignmentsController.GetMonthlyRosterFixed (backend)'
2026-03-20 12:59:00.621 [INF] Serilog.AspNetCore.RequestLoggingMiddleware | HTTP GET /api/ShiftAssignments/roster → 200 (18.5ms)
2026-03-20 12:59:00.621 [INF] Microsoft.AspNetCore.Hosting.Diagnostics | Request finished HTTP/1.1 GET http://localhost:5217/api/ShiftAssignments/roster?start=2026-03-20&end=2026-03-27&orgId=2 - 200 null application/json; charset=utf-8 18.8892ms
2026-03-20 12:59:00.704 [INF] Microsoft.AspNetCore.Hosting.Diagnostics | Request starting HTTP/1.1 OPTIONS http://localhost:5217/api/Attendance/status?employeeId=31&orgId=2 - null null
2026-03-20 12:59:00.704 [INF] Microsoft.AspNetCore.Cors.Infrastructure.CorsService | CORS policy execution successful.
2026-03-20 12:59:00.705 [INF] Microsoft.AspNetCore.Hosting.Diagnostics | Request finished HTTP/1.1 OPTIONS http://localhost:5217/api/Attendance/status?employeeId=31&orgId=2 - 204 null null 0.1744ms
2026-03-20 12:59:00.708 [INF] Microsoft.AspNetCore.Hosting.Diagnostics | Request starting HTTP/1.1 GET http://localhost:5217/api/Attendance/status?employeeId=31&orgId=2 - application/json null
2026-03-20 12:59:00.708 [INF] Microsoft.AspNetCore.Cors.Infrastructure.CorsService | CORS policy execution successful.
2026-03-20 12:59:00.708 [INF] Microsoft.AspNetCore.Cors.Infrastructure.CorsService | CORS policy execution successful.
2026-03-20 12:59:00.708 [INF] Microsoft.AspNetCore.Routing.EndpointMiddleware | Executing endpoint 'backend.Controllers.AttendanceController.GetTodayStatus (backend)'
2026-03-20 12:59:00.708 [INF] Microsoft.AspNetCore.Mvc.Infrastructure.ControllerActionInvoker | Route matched with {action = "GetTodayStatus", controller = "Attendance"}. Executing controller action with signature System.Threading.Tasks.Task`1[Microsoft.AspNetCore.Mvc.IActionResult] GetTodayStatus(Int32, System.Nullable`1[System.Int32]) on controller backend.Controllers.AttendanceController (backend).
2026-03-20 12:59:00.728 [INF] Microsoft.AspNetCore.Mvc.Infrastructure.ObjectResultExecutor | Executing OkObjectResult, writing value of type 'backend.Models.AttendanceStatusResponse'.
2026-03-20 12:59:00.731 [INF] Microsoft.AspNetCore.Mvc.Infrastructure.ControllerActionInvoker | Executed action backend.Controllers.AttendanceController.GetTodayStatus (backend) in 22.0234ms
2026-03-20 12:59:00.731 [INF] Microsoft.AspNetCore.Routing.EndpointMiddleware | Executed endpoint 'backend.Controllers.AttendanceController.GetTodayStatus (backend)'
2026-03-20 12:59:00.731 [INF] Serilog.AspNetCore.RequestLoggingMiddleware | HTTP GET /api/Attendance/status → 200 (22.2ms)
2026-03-20 12:59:00.731 [INF] Microsoft.AspNetCore.Hosting.Diagnostics | Request finished HTTP/1.1 GET http://localhost:5217/api/Attendance/status?employeeId=31&orgId=2 - 200 null application/json; charset=utf-8 22.7592ms
2026-03-20 13:00:21.458 [INF] Microsoft.AspNetCore.Hosting.Diagnostics | Request starting HTTP/1.1 OPTIONS http://localhost:5217/api/employees?organizationId=2 - null null
2026-03-20 13:00:21.458 [INF] Microsoft.AspNetCore.Cors.Infrastructure.CorsService | CORS policy execution successful.
2026-03-20 13:00:21.458 [INF] Microsoft.AspNetCore.Hosting.Diagnostics | Request finished HTTP/1.1 OPTIONS http://localhost:5217/api/employees?organizationId=2 - 204 null null 0.2375ms
2026-03-20 13:00:21.461 [INF] Microsoft.AspNetCore.Hosting.Diagnostics | Request starting HTTP/1.1 GET http://localhost:5217/api/employees?organizationId=2 - application/json null
2026-03-20 13:00:21.461 [INF] Microsoft.AspNetCore.Cors.Infrastructure.CorsService | CORS policy execution successful.
2026-03-20 13:00:21.461 [INF] Microsoft.AspNetCore.Cors.Infrastructure.CorsService | CORS policy execution successful.
2026-03-20 13:00:21.463 [INF] Microsoft.AspNetCore.Routing.EndpointMiddleware | Executing endpoint 'backend.Controllers.EmployeesController.GetEmployees (backend)'
2026-03-20 13:00:21.463 [INF] Microsoft.AspNetCore.Mvc.Infrastructure.ControllerActionInvoker | Route matched with {action = "GetEmployees", controller = "Employees"}. Executing controller action with signature System.Threading.Tasks.Task`1[Microsoft.AspNetCore.Mvc.IActionResult] GetEmployees(System.Nullable`1[System.Int32]) on controller backend.Controllers.EmployeesController (backend).
2026-03-20 13:00:21.463 [INF] backend.Controllers.EmployeesController | [Employees] GET all | TargetOrgId=2 | UserOrgId=2
2026-03-20 13:00:21.473 [INF] Microsoft.AspNetCore.Mvc.Infrastructure.ObjectResultExecutor | Executing OkObjectResult, writing value of type 'System.Collections.Generic.List`1[[backend.Models.Employee, backend, Version=1.0.0.0, Culture=neutral, PublicKeyToken=null]]'.
2026-03-20 13:00:21.473 [INF] Microsoft.AspNetCore.Mvc.Infrastructure.ControllerActionInvoker | Executed action backend.Controllers.EmployeesController.GetEmployees (backend) in 10.6775ms
2026-03-20 13:00:21.473 [INF] Microsoft.AspNetCore.Routing.EndpointMiddleware | Executed endpoint 'backend.Controllers.EmployeesController.GetEmployees (backend)'
2026-03-20 13:00:21.473 [INF] Serilog.AspNetCore.RequestLoggingMiddleware | HTTP GET /api/employees → 200 (10.8ms)
2026-03-20 13:00:21.474 [INF] Microsoft.AspNetCore.Hosting.Diagnostics | Request finished HTTP/1.1 GET http://localhost:5217/api/employees?organizationId=2 - 200 null application/json; charset=utf-8 12.2629ms
2026-03-20 13:01:25.966 [INF] Microsoft.AspNetCore.Hosting.Diagnostics | Request starting HTTP/1.1 OPTIONS http://localhost:5217/api/organizations - null null
2026-03-20 13:01:25.966 [INF] Microsoft.AspNetCore.Cors.Infrastructure.CorsService | CORS policy execution successful.
2026-03-20 13:01:25.966 [INF] Microsoft.AspNetCore.Hosting.Diagnostics | Request finished HTTP/1.1 OPTIONS http://localhost:5217/api/organizations - 204 null null 0.1521ms
2026-03-20 13:01:25.967 [INF] Microsoft.AspNetCore.Hosting.Diagnostics | Request starting HTTP/1.1 GET http://localhost:5217/api/organizations - application/json null
2026-03-20 13:01:25.967 [INF] Microsoft.AspNetCore.Cors.Infrastructure.CorsService | CORS policy execution successful.
2026-03-20 13:01:25.967 [INF] Microsoft.AspNetCore.Cors.Infrastructure.CorsService | CORS policy execution successful.
2026-03-20 13:01:25.968 [INF] Microsoft.AspNetCore.Routing.EndpointMiddleware | Executing endpoint 'backend.Controllers.OrganizationsController.GetOrganizations (backend)'
2026-03-20 13:01:25.968 [INF] Microsoft.AspNetCore.Mvc.Infrastructure.ControllerActionInvoker | Route matched with {action = "GetOrganizations", controller = "Organizations"}. Executing controller action with signature System.Threading.Tasks.Task`1[Microsoft.AspNetCore.Mvc.IActionResult] GetOrganizations() on controller backend.Controllers.OrganizationsController (backend).
2026-03-20 13:01:25.968 [INF] backend.Controllers.OrganizationsController | [Orgs] GET all requested | Role=SuperAdmin | UserId=18
2026-03-20 13:01:25.985 [INF] Microsoft.AspNetCore.Mvc.Infrastructure.ObjectResultExecutor | Executing OkObjectResult, writing value of type 'System.Collections.Generic.List`1[[backend.Models.Organization, backend, Version=1.0.0.0, Culture=neutral, PublicKeyToken=null]]'.
2026-03-20 13:01:25.985 [INF] Microsoft.AspNetCore.Mvc.Infrastructure.ControllerActionInvoker | Executed action backend.Controllers.OrganizationsController.GetOrganizations (backend) in 16.7198ms
2026-03-20 13:01:25.985 [INF] Microsoft.AspNetCore.Routing.EndpointMiddleware | Executed endpoint 'backend.Controllers.OrganizationsController.GetOrganizations (backend)'
2026-03-20 13:01:25.985 [INF] Serilog.AspNetCore.RequestLoggingMiddleware | HTTP GET /api/organizations → 200 (17.1ms)
2026-03-20 13:01:25.985 [INF] Microsoft.AspNetCore.Hosting.Diagnostics | Request finished HTTP/1.1 GET http://localhost:5217/api/organizations - 200 null application/json; charset=utf-8 17.7126ms
2026-03-20 13:01:26.116 [INF] Microsoft.AspNetCore.Hosting.Diagnostics | Request starting HTTP/1.1 OPTIONS http://localhost:5217/api/leads - null null
2026-03-20 13:01:26.116 [INF] Microsoft.AspNetCore.Cors.Infrastructure.CorsService | CORS policy execution successful.
2026-03-20 13:01:26.116 [INF] Microsoft.AspNetCore.Hosting.Diagnostics | Request finished HTTP/1.1 OPTIONS http://localhost:5217/api/leads - 204 null null 0.1334ms
2026-03-20 13:01:26.117 [INF] Microsoft.AspNetCore.Hosting.Diagnostics | Request starting HTTP/1.1 GET http://localhost:5217/api/leads - application/json null
2026-03-20 13:01:26.118 [INF] Microsoft.AspNetCore.Cors.Infrastructure.CorsService | CORS policy execution successful.
2026-03-20 13:01:26.118 [INF] Microsoft.AspNetCore.Cors.Infrastructure.CorsService | CORS policy execution successful.
2026-03-20 13:01:26.118 [INF] Microsoft.AspNetCore.Routing.EndpointMiddleware | Executing endpoint 'backend.Controllers.LeadsController.GetLeads (backend)'
2026-03-20 13:01:26.118 [INF] Microsoft.AspNetCore.Mvc.Infrastructure.ControllerActionInvoker | Route matched with {action = "GetLeads", controller = "Leads"}. Executing controller action with signature System.Threading.Tasks.Task`1[System.Collections.Generic.IEnumerable`1[backend.Models.Lead]] GetLeads() on controller backend.Controllers.LeadsController (backend).
2026-03-20 13:01:26.130 [INF] Microsoft.AspNetCore.Mvc.Infrastructure.ObjectResultExecutor | Executing ObjectResult, writing value of type 'System.Collections.Generic.List`1[[backend.Models.Lead, backend, Version=1.0.0.0, Culture=neutral, PublicKeyToken=null]]'.
2026-03-20 13:01:26.131 [INF] Microsoft.AspNetCore.Mvc.Infrastructure.ControllerActionInvoker | Executed action backend.Controllers.LeadsController.GetLeads (backend) in 13.2357ms
2026-03-20 13:01:26.131 [INF] Microsoft.AspNetCore.Routing.EndpointMiddleware | Executed endpoint 'backend.Controllers.LeadsController.GetLeads (backend)'
2026-03-20 13:01:26.131 [INF] Serilog.AspNetCore.RequestLoggingMiddleware | HTTP GET /api/leads → 200 (13.4ms)
2026-03-20 13:01:26.131 [INF] Microsoft.AspNetCore.Hosting.Diagnostics | Request finished HTTP/1.1 GET http://localhost:5217/api/leads - 200 null application/json; charset=utf-8 13.6179ms
2026-03-20 13:01:26.199 [INF] Microsoft.AspNetCore.Hosting.Diagnostics | Request starting HTTP/1.1 OPTIONS http://localhost:5217/api/employees?organizationId=2 - null null
2026-03-20 13:01:26.199 [INF] Microsoft.AspNetCore.Cors.Infrastructure.CorsService | CORS policy execution successful.
2026-03-20 13:01:26.199 [INF] Microsoft.AspNetCore.Hosting.Diagnostics | Request finished HTTP/1.1 OPTIONS http://localhost:5217/api/employees?organizationId=2 - 204 null null 0.1218ms
2026-03-20 13:01:26.201 [INF] Microsoft.AspNetCore.Hosting.Diagnostics | Request starting HTTP/1.1 GET http://localhost:5217/api/employees?organizationId=2 - application/json null
2026-03-20 13:01:26.201 [INF] Microsoft.AspNetCore.Cors.Infrastructure.CorsService | CORS policy execution successful.
2026-03-20 13:01:26.201 [INF] Microsoft.AspNetCore.Cors.Infrastructure.CorsService | CORS policy execution successful.
2026-03-20 13:01:26.201 [INF] Microsoft.AspNetCore.Routing.EndpointMiddleware | Executing endpoint 'backend.Controllers.EmployeesController.GetEmployees (backend)'
2026-03-20 13:01:26.201 [INF] Microsoft.AspNetCore.Mvc.Infrastructure.ControllerActionInvoker | Route matched with {action = "GetEmployees", controller = "Employees"}. Executing controller action with signature System.Threading.Tasks.Task`1[Microsoft.AspNetCore.Mvc.IActionResult] GetEmployees(System.Nullable`1[System.Int32]) on controller backend.Controllers.EmployeesController (backend).
2026-03-20 13:01:26.201 [INF] backend.Controllers.EmployeesController | [Employees] GET all | TargetOrgId=2 | UserOrgId=2
2026-03-20 13:01:26.212 [INF] Microsoft.AspNetCore.Mvc.Infrastructure.ObjectResultExecutor | Executing OkObjectResult, writing value of type 'System.Collections.Generic.List`1[[backend.Models.Employee, backend, Version=1.0.0.0, Culture=neutral, PublicKeyToken=null]]'.
2026-03-20 13:01:26.212 [INF] Microsoft.AspNetCore.Mvc.Infrastructure.ControllerActionInvoker | Executed action backend.Controllers.EmployeesController.GetEmployees (backend) in 10.9647ms
2026-03-20 13:01:26.212 [INF] Microsoft.AspNetCore.Routing.EndpointMiddleware | Executed endpoint 'backend.Controllers.EmployeesController.GetEmployees (backend)'
2026-03-20 13:01:26.212 [INF] Serilog.AspNetCore.RequestLoggingMiddleware | HTTP GET /api/employees → 200 (11.1ms)
2026-03-20 13:01:26.212 [INF] Microsoft.AspNetCore.Hosting.Diagnostics | Request finished HTTP/1.1 GET http://localhost:5217/api/employees?organizationId=2 - 200 null application/json; charset=utf-8 11.5403ms
2026-03-20 13:01:26.306 [INF] Microsoft.AspNetCore.Hosting.Diagnostics | Request starting HTTP/1.1 OPTIONS http://localhost:5217/api/ShiftAssignments/roster?start=2026-03-20&end=2026-03-27&orgId=2 - null null
2026-03-20 13:01:26.306 [INF] Microsoft.AspNetCore.Cors.Infrastructure.CorsService | CORS policy execution successful.
2026-03-20 13:01:26.306 [INF] Microsoft.AspNetCore.Hosting.Diagnostics | Request finished HTTP/1.1 OPTIONS http://localhost:5217/api/ShiftAssignments/roster?start=2026-03-20&end=2026-03-27&orgId=2 - 204 null null 0.1522ms
2026-03-20 13:01:26.308 [INF] Microsoft.AspNetCore.Hosting.Diagnostics | Request starting HTTP/1.1 GET http://localhost:5217/api/ShiftAssignments/roster?start=2026-03-20&end=2026-03-27&orgId=2 - application/json null
2026-03-20 13:01:26.308 [INF] Microsoft.AspNetCore.Cors.Infrastructure.CorsService | CORS policy execution successful.
2026-03-20 13:01:26.308 [INF] Microsoft.AspNetCore.Cors.Infrastructure.CorsService | CORS policy execution successful.
2026-03-20 13:01:26.308 [INF] Microsoft.AspNetCore.Routing.EndpointMiddleware | Executing endpoint 'backend.Controllers.ShiftAssignmentsController.GetMonthlyRosterFixed (backend)'
2026-03-20 13:01:26.308 [INF] Microsoft.AspNetCore.Mvc.Infrastructure.ControllerActionInvoker | Route matched with {action = "GetMonthlyRosterFixed", controller = "ShiftAssignments"}. Executing controller action with signature System.Threading.Tasks.Task`1[Microsoft.AspNetCore.Mvc.IActionResult] GetMonthlyRosterFixed(System.String, System.String, System.Nullable`1[System.Int32]) on controller backend.Controllers.ShiftAssignmentsController (backend).
2026-03-20 13:01:26.319 [INF] Microsoft.AspNetCore.Mvc.Infrastructure.ObjectResultExecutor | Executing OkObjectResult, writing value of type 'System.Collections.Generic.List`1[[backend.Models.EmployeeSchedule, backend, Version=1.0.0.0, Culture=neutral, PublicKeyToken=null]]'.
2026-03-20 13:01:26.319 [INF] Microsoft.AspNetCore.Mvc.Infrastructure.ControllerActionInvoker | Executed action backend.Controllers.ShiftAssignmentsController.GetMonthlyRosterFixed (backend) in 10.7367ms
2026-03-20 13:01:26.319 [INF] Microsoft.AspNetCore.Routing.EndpointMiddleware | Executed endpoint 'backend.Controllers.ShiftAssignmentsController.GetMonthlyRosterFixed (backend)'
2026-03-20 13:01:26.319 [INF] Serilog.AspNetCore.RequestLoggingMiddleware | HTTP GET /api/ShiftAssignments/roster → 200 (10.9ms)
2026-03-20 13:01:26.319 [INF] Microsoft.AspNetCore.Hosting.Diagnostics | Request finished HTTP/1.1 GET http://localhost:5217/api/ShiftAssignments/roster?start=2026-03-20&end=2026-03-27&orgId=2 - 200 null application/json; charset=utf-8 11.15ms
2026-03-20 13:01:26.363 [INF] Microsoft.AspNetCore.Hosting.Diagnostics | Request starting HTTP/1.1 OPTIONS http://localhost:5217/api/Attendance/status?employeeId=31&orgId=2 - null null
2026-03-20 13:01:26.363 [INF] Microsoft.AspNetCore.Cors.Infrastructure.CorsService | CORS policy execution successful.
2026-03-20 13:01:26.363 [INF] Microsoft.AspNetCore.Hosting.Diagnostics | Request finished HTTP/1.1 OPTIONS http://localhost:5217/api/Attendance/status?employeeId=31&orgId=2 - 204 null null 0.1528ms
2026-03-20 13:01:26.365 [INF] Microsoft.AspNetCore.Hosting.Diagnostics | Request starting HTTP/1.1 GET http://localhost:5217/api/Attendance/status?employeeId=31&orgId=2 - application/json null
2026-03-20 13:01:26.365 [INF] Microsoft.AspNetCore.Cors.Infrastructure.CorsService | CORS policy execution successful.
2026-03-20 13:01:26.365 [INF] Microsoft.AspNetCore.Cors.Infrastructure.CorsService | CORS policy execution successful.
2026-03-20 13:01:26.365 [INF] Microsoft.AspNetCore.Routing.EndpointMiddleware | Executing endpoint 'backend.Controllers.AttendanceController.GetTodayStatus (backend)'
2026-03-20 13:01:26.365 [INF] Microsoft.AspNetCore.Mvc.Infrastructure.ControllerActionInvoker | Route matched with {action = "GetTodayStatus", controller = "Attendance"}. Executing controller action with signature System.Threading.Tasks.Task`1[Microsoft.AspNetCore.Mvc.IActionResult] GetTodayStatus(Int32, System.Nullable`1[System.Int32]) on controller backend.Controllers.AttendanceController (backend).
2026-03-20 13:01:26.376 [INF] Microsoft.AspNetCore.Mvc.Infrastructure.ObjectResultExecutor | Executing OkObjectResult, writing value of type 'backend.Models.AttendanceStatusResponse'.
2026-03-20 13:01:26.376 [INF] Microsoft.AspNetCore.Mvc.Infrastructure.ControllerActionInvoker | Executed action backend.Controllers.AttendanceController.GetTodayStatus (backend) in 10.3469ms
2026-03-20 13:01:26.376 [INF] Microsoft.AspNetCore.Routing.EndpointMiddleware | Executed endpoint 'backend.Controllers.AttendanceController.GetTodayStatus (backend)'
2026-03-20 13:01:26.376 [INF] Serilog.AspNetCore.RequestLoggingMiddleware | HTTP GET /api/Attendance/status → 200 (10.5ms)
2026-03-20 13:01:26.376 [INF] Microsoft.AspNetCore.Hosting.Diagnostics | Request finished HTTP/1.1 GET http://localhost:5217/api/Attendance/status?employeeId=31&orgId=2 - 200 null application/json; charset=utf-8 10.7766ms
2026-03-20 13:01:29.828 [INF] Microsoft.AspNetCore.Hosting.Diagnostics | Request starting HTTP/1.1 GET http://localhost:5217/api/employees?organizationId=2 - application/json null
2026-03-20 13:01:29.828 [INF] Microsoft.AspNetCore.Cors.Infrastructure.CorsService | CORS policy execution successful.
2026-03-20 13:01:29.828 [INF] Microsoft.AspNetCore.Cors.Infrastructure.CorsService | CORS policy execution successful.
2026-03-20 13:01:29.828 [INF] Microsoft.AspNetCore.Routing.EndpointMiddleware | Executing endpoint 'backend.Controllers.EmployeesController.GetEmployees (backend)'
2026-03-20 13:01:29.828 [INF] Microsoft.AspNetCore.Mvc.Infrastructure.ControllerActionInvoker | Route matched with {action = "GetEmployees", controller = "Employees"}. Executing controller action with signature System.Threading.Tasks.Task`1[Microsoft.AspNetCore.Mvc.IActionResult] GetEmployees(System.Nullable`1[System.Int32]) on controller backend.Controllers.EmployeesController (backend).
2026-03-20 13:01:29.828 [INF] backend.Controllers.EmployeesController | [Employees] GET all | TargetOrgId=2 | UserOrgId=2
2026-03-20 13:01:29.839 [INF] Microsoft.AspNetCore.Mvc.Infrastructure.ObjectResultExecutor | Executing OkObjectResult, writing value of type 'System.Collections.Generic.List`1[[backend.Models.Employee, backend, Version=1.0.0.0, Culture=neutral, PublicKeyToken=null]]'.
2026-03-20 13:01:29.839 [INF] Microsoft.AspNetCore.Mvc.Infrastructure.ControllerActionInvoker | Executed action backend.Controllers.EmployeesController.GetEmployees (backend) in 10.5474ms
2026-03-20 13:01:29.839 [INF] Microsoft.AspNetCore.Routing.EndpointMiddleware | Executed endpoint 'backend.Controllers.EmployeesController.GetEmployees (backend)'
2026-03-20 13:01:29.839 [INF] Serilog.AspNetCore.RequestLoggingMiddleware | HTTP GET /api/employees → 200 (10.7ms)
2026-03-20 13:01:29.839 [INF] Microsoft.AspNetCore.Hosting.Diagnostics | Request finished HTTP/1.1 GET http://localhost:5217/api/employees?organizationId=2 - 200 null application/json; charset=utf-8 11.0584ms
2026-03-20 13:01:39.627 [INF] Microsoft.AspNetCore.Hosting.Diagnostics | Request starting HTTP/1.1 OPTIONS http://localhost:5217/api/organizations - null null
2026-03-20 13:01:39.627 [INF] Microsoft.AspNetCore.Cors.Infrastructure.CorsService | CORS policy execution successful.
2026-03-20 13:01:39.627 [INF] Microsoft.AspNetCore.Hosting.Diagnostics | Request finished HTTP/1.1 OPTIONS http://localhost:5217/api/organizations - 204 null null 0.1914ms
2026-03-20 13:01:39.630 [INF] Microsoft.AspNetCore.Hosting.Diagnostics | Request starting HTTP/1.1 GET http://localhost:5217/api/organizations - application/json null
2026-03-20 13:01:39.630 [INF] Microsoft.AspNetCore.Cors.Infrastructure.CorsService | CORS policy execution successful.
2026-03-20 13:01:39.630 [INF] Microsoft.AspNetCore.Cors.Infrastructure.CorsService | CORS policy execution successful.
2026-03-20 13:01:39.630 [INF] Microsoft.AspNetCore.Routing.EndpointMiddleware | Executing endpoint 'backend.Controllers.OrganizationsController.GetOrganizations (backend)'
2026-03-20 13:01:39.630 [INF] Microsoft.AspNetCore.Mvc.Infrastructure.ControllerActionInvoker | Route matched with {action = "GetOrganizations", controller = "Organizations"}. Executing controller action with signature System.Threading.Tasks.Task`1[Microsoft.AspNetCore.Mvc.IActionResult] GetOrganizations() on controller backend.Controllers.OrganizationsController (backend).
2026-03-20 13:01:39.630 [INF] backend.Controllers.OrganizationsController | [Orgs] GET all requested | Role=SuperAdmin | UserId=18
2026-03-20 13:01:39.804 [INF] Microsoft.AspNetCore.Mvc.Infrastructure.ObjectResultExecutor | Executing OkObjectResult, writing value of type 'System.Collections.Generic.List`1[[backend.Models.Organization, backend, Version=1.0.0.0, Culture=neutral, PublicKeyToken=null]]'.
2026-03-20 13:01:39.804 [INF] Microsoft.AspNetCore.Mvc.Infrastructure.ControllerActionInvoker | Executed action backend.Controllers.OrganizationsController.GetOrganizations (backend) in 173.8052ms
2026-03-20 13:01:39.804 [INF] Microsoft.AspNetCore.Routing.EndpointMiddleware | Executed endpoint 'backend.Controllers.OrganizationsController.GetOrganizations (backend)'
2026-03-20 13:01:39.804 [INF] Serilog.AspNetCore.RequestLoggingMiddleware | HTTP GET /api/organizations → 200 (173.9ms)
2026-03-20 13:01:39.804 [INF] Microsoft.AspNetCore.Hosting.Diagnostics | Request finished HTTP/1.1 GET http://localhost:5217/api/organizations - 200 null application/json; charset=utf-8 174.1903ms
2026-03-20 13:01:41.346 [INF] Microsoft.AspNetCore.Hosting.Diagnostics | Request starting HTTP/1.1 OPTIONS http://localhost:5217/api/leads - null null
2026-03-20 13:01:41.346 [INF] Microsoft.AspNetCore.Cors.Infrastructure.CorsService | CORS policy execution successful.
2026-03-20 13:01:41.346 [INF] Microsoft.AspNetCore.Hosting.Diagnostics | Request finished HTTP/1.1 OPTIONS http://localhost:5217/api/leads - 204 null null 0.1986ms
2026-03-20 13:01:41.348 [INF] Microsoft.AspNetCore.Hosting.Diagnostics | Request starting HTTP/1.1 GET http://localhost:5217/api/leads - application/json null
2026-03-20 13:01:41.348 [INF] Microsoft.AspNetCore.Cors.Infrastructure.CorsService | CORS policy execution successful.
2026-03-20 13:01:41.348 [INF] Microsoft.AspNetCore.Cors.Infrastructure.CorsService | CORS policy execution successful.
2026-03-20 13:01:41.349 [INF] Microsoft.AspNetCore.Routing.EndpointMiddleware | Executing endpoint 'backend.Controllers.LeadsController.GetLeads (backend)'
2026-03-20 13:01:41.349 [INF] Microsoft.AspNetCore.Mvc.Infrastructure.ControllerActionInvoker | Route matched with {action = "GetLeads", controller = "Leads"}. Executing controller action with signature System.Threading.Tasks.Task`1[System.Collections.Generic.IEnumerable`1[backend.Models.Lead]] GetLeads() on controller backend.Controllers.LeadsController (backend).
2026-03-20 13:01:41.361 [INF] Microsoft.AspNetCore.Mvc.Infrastructure.ObjectResultExecutor | Executing ObjectResult, writing value of type 'System.Collections.Generic.List`1[[backend.Models.Lead, backend, Version=1.0.0.0, Culture=neutral, PublicKeyToken=null]]'.
2026-03-20 13:01:41.362 [INF] Microsoft.AspNetCore.Mvc.Infrastructure.ControllerActionInvoker | Executed action backend.Controllers.LeadsController.GetLeads (backend) in 12.9426ms
2026-03-20 13:01:41.362 [INF] Microsoft.AspNetCore.Routing.EndpointMiddleware | Executed endpoint 'backend.Controllers.LeadsController.GetLeads (backend)'
2026-03-20 13:01:41.362 [INF] Serilog.AspNetCore.RequestLoggingMiddleware | HTTP GET /api/leads → 200 (13.1ms)
2026-03-20 13:01:41.362 [INF] Microsoft.AspNetCore.Hosting.Diagnostics | Request finished HTTP/1.1 GET http://localhost:5217/api/leads - 200 null application/json; charset=utf-8 13.4331ms
2026-03-20 13:01:41.491 [INF] Microsoft.AspNetCore.Hosting.Diagnostics | Request starting HTTP/1.1 OPTIONS http://localhost:5217/api/employees?organizationId=2 - null null
2026-03-20 13:01:41.491 [INF] Microsoft.AspNetCore.Cors.Infrastructure.CorsService | CORS policy execution successful.
2026-03-20 13:01:41.491 [INF] Microsoft.AspNetCore.Hosting.Diagnostics | Request finished HTTP/1.1 OPTIONS http://localhost:5217/api/employees?organizationId=2 - 204 null null 0.2754ms
2026-03-20 13:01:41.505 [INF] Microsoft.AspNetCore.Hosting.Diagnostics | Request starting HTTP/1.1 GET http://localhost:5217/api/employees?organizationId=2 - application/json null
2026-03-20 13:01:41.505 [INF] Microsoft.AspNetCore.Cors.Infrastructure.CorsService | CORS policy execution successful.
2026-03-20 13:01:41.505 [INF] Microsoft.AspNetCore.Cors.Infrastructure.CorsService | CORS policy execution successful.
2026-03-20 13:01:41.506 [INF] Microsoft.AspNetCore.Routing.EndpointMiddleware | Executing endpoint 'backend.Controllers.EmployeesController.GetEmployees (backend)'
2026-03-20 13:01:41.506 [INF] Microsoft.AspNetCore.Mvc.Infrastructure.ControllerActionInvoker | Route matched with {action = "GetEmployees", controller = "Employees"}. Executing controller action with signature System.Threading.Tasks.Task`1[Microsoft.AspNetCore.Mvc.IActionResult] GetEmployees(System.Nullable`1[System.Int32]) on controller backend.Controllers.EmployeesController (backend).
2026-03-20 13:01:41.506 [INF] backend.Controllers.EmployeesController | [Employees] GET all | TargetOrgId=2 | UserOrgId=2
2026-03-20 13:01:41.517 [INF] Microsoft.AspNetCore.Mvc.Infrastructure.ObjectResultExecutor | Executing OkObjectResult, writing value of type 'System.Collections.Generic.List`1[[backend.Models.Employee, backend, Version=1.0.0.0, Culture=neutral, PublicKeyToken=null]]'.
2026-03-20 13:01:41.517 [INF] Microsoft.AspNetCore.Mvc.Infrastructure.ControllerActionInvoker | Executed action backend.Controllers.EmployeesController.GetEmployees (backend) in 11.1137ms
2026-03-20 13:01:41.517 [INF] Microsoft.AspNetCore.Routing.EndpointMiddleware | Executed endpoint 'backend.Controllers.EmployeesController.GetEmployees (backend)'
2026-03-20 13:01:41.517 [INF] Serilog.AspNetCore.RequestLoggingMiddleware | HTTP GET /api/employees → 200 (11.3ms)
2026-03-20 13:01:41.517 [INF] Microsoft.AspNetCore.Hosting.Diagnostics | Request finished HTTP/1.1 GET http://localhost:5217/api/employees?organizationId=2 - 200 null application/json; charset=utf-8 11.7997ms
2026-03-20 13:01:41.554 [INF] Microsoft.AspNetCore.Hosting.Diagnostics | Request starting HTTP/1.1 OPTIONS http://localhost:5217/api/ShiftAssignments/roster?start=2026-03-20&end=2026-03-27&orgId=2 - null null
2026-03-20 13:01:41.554 [INF] Microsoft.AspNetCore.Cors.Infrastructure.CorsService | CORS policy execution successful.
2026-03-20 13:01:41.554 [INF] Microsoft.AspNetCore.Hosting.Diagnostics | Request finished HTTP/1.1 OPTIONS http://localhost:5217/api/ShiftAssignments/roster?start=2026-03-20&end=2026-03-27&orgId=2 - 204 null null 0.1812ms
2026-03-20 13:01:41.556 [INF] Microsoft.AspNetCore.Hosting.Diagnostics | Request starting HTTP/1.1 GET http://localhost:5217/api/ShiftAssignments/roster?start=2026-03-20&end=2026-03-27&orgId=2 - application/json null
2026-03-20 13:01:41.556 [INF] Microsoft.AspNetCore.Cors.Infrastructure.CorsService | CORS policy execution successful.
2026-03-20 13:01:41.556 [INF] Microsoft.AspNetCore.Cors.Infrastructure.CorsService | CORS policy execution successful.
2026-03-20 13:01:41.556 [INF] Microsoft.AspNetCore.Routing.EndpointMiddleware | Executing endpoint 'backend.Controllers.ShiftAssignmentsController.GetMonthlyRosterFixed (backend)'
2026-03-20 13:01:41.556 [INF] Microsoft.AspNetCore.Mvc.Infrastructure.ControllerActionInvoker | Route matched with {action = "GetMonthlyRosterFixed", controller = "ShiftAssignments"}. Executing controller action with signature System.Threading.Tasks.Task`1[Microsoft.AspNetCore.Mvc.IActionResult] GetMonthlyRosterFixed(System.String, System.String, System.Nullable`1[System.Int32]) on controller backend.Controllers.ShiftAssignmentsController (backend).
2026-03-20 13:01:41.571 [INF] Microsoft.AspNetCore.Mvc.Infrastructure.ObjectResultExecutor | Executing OkObjectResult, writing value of type 'System.Collections.Generic.List`1[[backend.Models.EmployeeSchedule, backend, Version=1.0.0.0, Culture=neutral, PublicKeyToken=null]]'.
2026-03-20 13:01:41.572 [INF] Microsoft.AspNetCore.Mvc.Infrastructure.ControllerActionInvoker | Executed action backend.Controllers.ShiftAssignmentsController.GetMonthlyRosterFixed (backend) in 15.2417ms
2026-03-20 13:01:41.572 [INF] Microsoft.AspNetCore.Routing.EndpointMiddleware | Executed endpoint 'backend.Controllers.ShiftAssignmentsController.GetMonthlyRosterFixed (backend)'
2026-03-20 13:01:41.572 [INF] Serilog.AspNetCore.RequestLoggingMiddleware | HTTP GET /api/ShiftAssignments/roster → 200 (15.4ms)
2026-03-20 13:01:41.572 [INF] Microsoft.AspNetCore.Hosting.Diagnostics | Request finished HTTP/1.1 GET http://localhost:5217/api/ShiftAssignments/roster?start=2026-03-20&end=2026-03-27&orgId=2 - 200 null application/json; charset=utf-8 15.7023ms
2026-03-20 13:01:41.660 [INF] Microsoft.AspNetCore.Hosting.Diagnostics | Request starting HTTP/1.1 OPTIONS http://localhost:5217/api/Attendance/status?employeeId=31&orgId=2 - null null
2026-03-20 13:01:41.660 [INF] Microsoft.AspNetCore.Cors.Infrastructure.CorsService | CORS policy execution successful.
2026-03-20 13:01:41.660 [INF] Microsoft.AspNetCore.Hosting.Diagnostics | Request finished HTTP/1.1 OPTIONS http://localhost:5217/api/Attendance/status?employeeId=31&orgId=2 - 204 null null 0.2224ms
2026-03-20 13:01:41.661 [INF] Microsoft.AspNetCore.Hosting.Diagnostics | Request starting HTTP/1.1 GET http://localhost:5217/api/Attendance/status?employeeId=31&orgId=2 - application/json null
2026-03-20 13:01:41.662 [INF] Microsoft.AspNetCore.Cors.Infrastructure.CorsService | CORS policy execution successful.
2026-03-20 13:01:41.662 [INF] Microsoft.AspNetCore.Cors.Infrastructure.CorsService | CORS policy execution successful.
2026-03-20 13:01:41.662 [INF] Microsoft.AspNetCore.Routing.EndpointMiddleware | Executing endpoint 'backend.Controllers.AttendanceController.GetTodayStatus (backend)'
2026-03-20 13:01:41.662 [INF] Microsoft.AspNetCore.Mvc.Infrastructure.ControllerActionInvoker | Route matched with {action = "GetTodayStatus", controller = "Attendance"}. Executing controller action with signature System.Threading.Tasks.Task`1[Microsoft.AspNetCore.Mvc.IActionResult] GetTodayStatus(Int32, System.Nullable`1[System.Int32]) on controller backend.Controllers.AttendanceController (backend).
2026-03-20 13:01:41.682 [INF] Microsoft.AspNetCore.Mvc.Infrastructure.ObjectResultExecutor | Executing OkObjectResult, writing value of type 'backend.Models.AttendanceStatusResponse'.
2026-03-20 13:01:41.682 [INF] Microsoft.AspNetCore.Mvc.Infrastructure.ControllerActionInvoker | Executed action backend.Controllers.AttendanceController.GetTodayStatus (backend) in 20.2449ms
2026-03-20 13:01:41.682 [INF] Microsoft.AspNetCore.Routing.EndpointMiddleware | Executed endpoint 'backend.Controllers.AttendanceController.GetTodayStatus (backend)'
2026-03-20 13:01:41.682 [INF] Serilog.AspNetCore.RequestLoggingMiddleware | HTTP GET /api/Attendance/status → 200 (20.4ms)
2026-03-20 13:01:41.682 [INF] Microsoft.AspNetCore.Hosting.Diagnostics | Request finished HTTP/1.1 GET http://localhost:5217/api/Attendance/status?employeeId=31&orgId=2 - 200 null application/json; charset=utf-8 20.6614ms
2026-03-20 14:27:43.022 [INF] Microsoft.AspNetCore.Hosting.Diagnostics | Request starting HTTP/1.1 OPTIONS http://localhost:5217/api/auth/login - null null
2026-03-20 14:27:43.027 [INF] Microsoft.AspNetCore.Cors.Infrastructure.CorsService | CORS policy execution successful.
2026-03-20 14:27:43.027 [INF] Microsoft.AspNetCore.Hosting.Diagnostics | Request finished HTTP/1.1 OPTIONS http://localhost:5217/api/auth/login - 204 null null 6.1473ms
2026-03-20 14:27:43.031 [INF] Microsoft.AspNetCore.Hosting.Diagnostics | Request starting HTTP/1.1 POST http://localhost:5217/api/auth/login - application/json 62
2026-03-20 14:27:43.039 [INF] Microsoft.AspNetCore.Cors.Infrastructure.CorsService | CORS policy execution successful.
2026-03-20 14:27:43.039 [INF] Microsoft.AspNetCore.Cors.Infrastructure.CorsService | CORS policy execution successful.
2026-03-20 14:27:43.042 [INF] Microsoft.AspNetCore.Routing.EndpointMiddleware | Executing endpoint 'backend.Controllers.AuthController.Login (backend)'
2026-03-20 14:27:43.080 [INF] Microsoft.AspNetCore.Mvc.Infrastructure.ControllerActionInvoker | Route matched with {action = "Login", controller = "Auth"}. Executing controller action with signature System.Threading.Tasks.Task`1[Microsoft.AspNetCore.Mvc.IActionResult] Login(backend.Models.LoginRequest) on controller backend.Controllers.AuthController (backend).
2026-03-20 14:27:43.095 [INF] backend.Controllers.AuthController | [Auth] Login attempt | Email=vasanth2004vk@gmail.com
2026-03-20 14:27:43.527 [INF] backend.Controllers.AuthController | [Auth] User login session recorded | UserId=18 | TokenExpiry="2026-03-21T08:57:43.4907201Z"
2026-03-20 14:27:43.529 [INF] backend.Controllers.AuthController | [Auth] Login SUCCESS | Email=vasanth2004vk@gmail.com | EffectiveRole=SuperAdmin | OrgId=2
2026-03-20 14:27:43.529 [INF] Microsoft.AspNetCore.Mvc.Infrastructure.ObjectResultExecutor | Executing OkObjectResult, writing value of type '<>f__AnonymousType13`2[[System.String, System.Private.CoreLib, Version=10.0.0.0, Culture=neutral, PublicKeyToken=7cec85d7bea7798e],[<>f__AnonymousType14`6[[System.Int32, System.Private.CoreLib, Version=10.0.0.0, Culture=neutral, PublicKeyToken=7cec85d7bea7798e],[System.String, System.Private.CoreLib, Version=10.0.0.0, Culture=neutral, PublicKeyToken=7cec85d7bea7798e],[System.String, System.Private.CoreLib, Version=10.0.0.0, Culture=neutral, PublicKeyToken=7cec85d7bea7798e],[System.String, System.Private.CoreLib, Version=10.0.0.0, Culture=neutral, PublicKeyToken=7cec85d7bea7798e],[System.Nullable`1[[System.Int32, System.Private.CoreLib, Version=10.0.0.0, Culture=neutral, PublicKeyToken=7cec85d7bea7798e]], System.Private.CoreLib, Version=10.0.0.0, Culture=neutral, PublicKeyToken=7cec85d7bea7798e],[System.String, System.Private.CoreLib, Version=10.0.0.0, Culture=neutral, PublicKeyToken=7cec85d7bea7798e]], backend, Version=1.0.0.0, Culture=neutral, PublicKeyToken=null]]'.
2026-03-20 14:27:43.535 [INF] Microsoft.AspNetCore.Mvc.Infrastructure.ControllerActionInvoker | Executed action backend.Controllers.AuthController.Login (backend) in 454.8204ms
2026-03-20 14:27:43.535 [INF] Microsoft.AspNetCore.Routing.EndpointMiddleware | Executed endpoint 'backend.Controllers.AuthController.Login (backend)'
2026-03-20 14:27:43.535 [INF] Serilog.AspNetCore.RequestLoggingMiddleware | HTTP POST /api/auth/login → 200 (492.7ms)
2026-03-20 14:27:43.535 [INF] Microsoft.AspNetCore.Hosting.Diagnostics | Request finished HTTP/1.1 POST http://localhost:5217/api/auth/login - 200 null application/json; charset=utf-8 503.9382ms
2026-03-20 14:27:45.605 [INF] Microsoft.AspNetCore.Hosting.Diagnostics | Request starting HTTP/1.1 OPTIONS http://localhost:5217/api/organizations - null null
2026-03-20 14:27:45.605 [INF] Microsoft.AspNetCore.Cors.Infrastructure.CorsService | CORS policy execution successful.
2026-03-20 14:27:45.605 [INF] Microsoft.AspNetCore.Hosting.Diagnostics | Request finished HTTP/1.1 OPTIONS http://localhost:5217/api/organizations - 204 null null 0.1918ms
2026-03-20 14:27:45.608 [INF] Microsoft.AspNetCore.Hosting.Diagnostics | Request starting HTTP/1.1 OPTIONS http://localhost:5217/api/organizations - null null
2026-03-20 14:27:45.608 [INF] Microsoft.AspNetCore.Cors.Infrastructure.CorsService | CORS policy execution successful.
2026-03-20 14:27:45.608 [INF] Microsoft.AspNetCore.Hosting.Diagnostics | Request finished HTTP/1.1 OPTIONS http://localhost:5217/api/organizations - 204 null null 0.191ms
2026-03-20 14:27:45.611 [INF] Microsoft.AspNetCore.Hosting.Diagnostics | Request starting HTTP/1.1 GET http://localhost:5217/api/organizations - application/json null
2026-03-20 14:27:45.611 [INF] Microsoft.AspNetCore.Cors.Infrastructure.CorsService | CORS policy execution successful.
2026-03-20 14:27:45.611 [INF] Microsoft.AspNetCore.Cors.Infrastructure.CorsService | CORS policy execution successful.
2026-03-20 14:27:45.612 [INF] Microsoft.AspNetCore.Routing.EndpointMiddleware | Executing endpoint 'backend.Controllers.OrganizationsController.GetOrganizations (backend)'
2026-03-20 14:27:45.623 [INF] Microsoft.AspNetCore.Mvc.Infrastructure.ControllerActionInvoker | Route matched with {action = "GetOrganizations", controller = "Organizations"}. Executing controller action with signature System.Threading.Tasks.Task`1[Microsoft.AspNetCore.Mvc.IActionResult] GetOrganizations() on controller backend.Controllers.OrganizationsController (backend).
2026-03-20 14:27:45.623 [INF] backend.Controllers.OrganizationsController | [Orgs] GET all requested | Role=SuperAdmin | UserId=18
2026-03-20 14:27:45.635 [INF] Microsoft.AspNetCore.Mvc.Infrastructure.ObjectResultExecutor | Executing OkObjectResult, writing value of type 'System.Collections.Generic.List`1[[backend.Models.Organization, backend, Version=1.0.0.0, Culture=neutral, PublicKeyToken=null]]'.
2026-03-20 14:27:45.639 [INF] Microsoft.AspNetCore.Mvc.Infrastructure.ControllerActionInvoker | Executed action backend.Controllers.OrganizationsController.GetOrganizations (backend) in 15.3007ms
2026-03-20 14:27:45.639 [INF] Microsoft.AspNetCore.Routing.EndpointMiddleware | Executed endpoint 'backend.Controllers.OrganizationsController.GetOrganizations (backend)'
2026-03-20 14:27:45.639 [INF] Serilog.AspNetCore.RequestLoggingMiddleware | HTTP GET /api/organizations → 200 (26.3ms)
2026-03-20 14:27:45.639 [INF] Microsoft.AspNetCore.Hosting.Diagnostics | Request finished HTTP/1.1 GET http://localhost:5217/api/organizations - 200 null application/json; charset=utf-8 27.9259ms
2026-03-20 14:27:45.640 [INF] Microsoft.AspNetCore.Hosting.Diagnostics | Request starting HTTP/1.1 GET http://localhost:5217/api/organizations - application/json null
2026-03-20 14:27:45.640 [INF] Microsoft.AspNetCore.Cors.Infrastructure.CorsService | CORS policy execution successful.
2026-03-20 14:27:45.640 [INF] Microsoft.AspNetCore.Cors.Infrastructure.CorsService | CORS policy execution successful.
2026-03-20 14:27:45.640 [INF] Microsoft.AspNetCore.Routing.EndpointMiddleware | Executing endpoint 'backend.Controllers.OrganizationsController.GetOrganizations (backend)'
2026-03-20 14:27:45.641 [INF] Microsoft.AspNetCore.Mvc.Infrastructure.ControllerActionInvoker | Route matched with {action = "GetOrganizations", controller = "Organizations"}. Executing controller action with signature System.Threading.Tasks.Task`1[Microsoft.AspNetCore.Mvc.IActionResult] GetOrganizations() on controller backend.Controllers.OrganizationsController (backend).
2026-03-20 14:27:45.641 [INF] backend.Controllers.OrganizationsController | [Orgs] GET all requested | Role=SuperAdmin | UserId=18
2026-03-20 14:27:45.658 [INF] Microsoft.AspNetCore.Mvc.Infrastructure.ObjectResultExecutor | Executing OkObjectResult, writing value of type 'System.Collections.Generic.List`1[[backend.Models.Organization, backend, Version=1.0.0.0, Culture=neutral, PublicKeyToken=null]]'.
2026-03-20 14:27:45.658 [INF] Microsoft.AspNetCore.Mvc.Infrastructure.ControllerActionInvoker | Executed action backend.Controllers.OrganizationsController.GetOrganizations (backend) in 17.2149ms
2026-03-20 14:27:45.658 [INF] Microsoft.AspNetCore.Routing.EndpointMiddleware | Executed endpoint 'backend.Controllers.OrganizationsController.GetOrganizations (backend)'
2026-03-20 14:27:45.658 [INF] Serilog.AspNetCore.RequestLoggingMiddleware | HTTP GET /api/organizations → 200 (17.4ms)
2026-03-20 14:27:45.658 [INF] Microsoft.AspNetCore.Hosting.Diagnostics | Request finished HTTP/1.1 GET http://localhost:5217/api/organizations - 200 null application/json; charset=utf-8 17.811ms
2026-03-20 14:27:45.702 [INF] Microsoft.AspNetCore.Hosting.Diagnostics | Request starting HTTP/1.1 OPTIONS http://localhost:5217/api/leads - null null
2026-03-20 14:27:45.702 [INF] Microsoft.AspNetCore.Cors.Infrastructure.CorsService | CORS policy execution successful.
2026-03-20 14:27:45.702 [INF] Microsoft.AspNetCore.Hosting.Diagnostics | Request finished HTTP/1.1 OPTIONS http://localhost:5217/api/leads - 204 null null 0.1895ms
2026-03-20 14:27:45.704 [INF] Microsoft.AspNetCore.Hosting.Diagnostics | Request starting HTTP/1.1 GET http://localhost:5217/api/leads - application/json null
2026-03-20 14:27:45.705 [INF] Microsoft.AspNetCore.Cors.Infrastructure.CorsService | CORS policy execution successful.
2026-03-20 14:27:45.705 [INF] Microsoft.AspNetCore.Cors.Infrastructure.CorsService | CORS policy execution successful.
2026-03-20 14:27:45.705 [INF] Microsoft.AspNetCore.Routing.EndpointMiddleware | Executing endpoint 'backend.Controllers.LeadsController.GetLeads (backend)'
2026-03-20 14:27:45.714 [INF] Microsoft.AspNetCore.Mvc.Infrastructure.ControllerActionInvoker | Route matched with {action = "GetLeads", controller = "Leads"}. Executing controller action with signature System.Threading.Tasks.Task`1[System.Collections.Generic.IEnumerable`1[backend.Models.Lead]] GetLeads() on controller backend.Controllers.LeadsController (backend).
2026-03-20 14:27:45.725 [INF] Microsoft.AspNetCore.Mvc.Infrastructure.ObjectResultExecutor | Executing ObjectResult, writing value of type 'System.Collections.Generic.List`1[[backend.Models.Lead, backend, Version=1.0.0.0, Culture=neutral, PublicKeyToken=null]]'.
2026-03-20 14:27:45.731 [INF] Microsoft.AspNetCore.Mvc.Infrastructure.ControllerActionInvoker | Executed action backend.Controllers.LeadsController.GetLeads (backend) in 16.8903ms
2026-03-20 14:27:45.731 [INF] Microsoft.AspNetCore.Routing.EndpointMiddleware | Executed endpoint 'backend.Controllers.LeadsController.GetLeads (backend)'
2026-03-20 14:27:45.731 [INF] Serilog.AspNetCore.RequestLoggingMiddleware | HTTP GET /api/leads → 200 (26.1ms)
2026-03-20 14:27:45.731 [INF] Microsoft.AspNetCore.Hosting.Diagnostics | Request finished HTTP/1.1 GET http://localhost:5217/api/leads - 200 null application/json; charset=utf-8 26.4667ms
2026-03-20 14:27:45.742 [INF] Microsoft.AspNetCore.Hosting.Diagnostics | Request starting HTTP/1.1 GET http://localhost:5217/uploads/org-logos/org-logo-5873c475d91d4bbd9046deec667d136c.jpg - null null
2026-03-20 14:27:45.743 [INF] Microsoft.AspNetCore.Cors.Infrastructure.CorsService | CORS policy execution successful.
2026-03-20 14:27:45.750 [INF] Microsoft.AspNetCore.Hosting.Diagnostics | Request starting HTTP/1.1 GET http://localhost:5217/uploads/org-logos/org-logo-f3e5c29a5727487a9d6c2a5527e8919d.png - null null
2026-03-20 14:27:45.750 [INF] Microsoft.AspNetCore.Cors.Infrastructure.CorsService | CORS policy execution successful.
2026-03-20 14:27:45.751 [INF] Microsoft.AspNetCore.StaticFiles.StaticFileMiddleware | The file /uploads/org-logos/org-logo-5873c475d91d4bbd9046deec667d136c.jpg was not modified
2026-03-20 14:27:45.751 [INF] Microsoft.AspNetCore.StaticFiles.StaticFileMiddleware | The file /uploads/org-logos/org-logo-f3e5c29a5727487a9d6c2a5527e8919d.png was not modified
2026-03-20 14:27:45.751 [INF] Microsoft.AspNetCore.Hosting.Diagnostics | Request finished HTTP/1.1 GET http://localhost:5217/uploads/org-logos/org-logo-5873c475d91d4bbd9046deec667d136c.jpg - 304 null image/jpeg 9.6266ms
2026-03-20 14:27:45.751 [INF] Microsoft.AspNetCore.Hosting.Diagnostics | Request finished HTTP/1.1 GET http://localhost:5217/uploads/org-logos/org-logo-f3e5c29a5727487a9d6c2a5527e8919d.png - 304 null image/png 1.0642ms
2026-03-20 14:27:45.758 [INF] Microsoft.AspNetCore.Hosting.Diagnostics | Request starting HTTP/1.1 GET http://localhost:5217/uploads/org-logos/org-logo-6fcb4a5d7f2e442f800ddd9bde90c680.jpg - null null
2026-03-20 14:27:45.758 [INF] Microsoft.AspNetCore.Cors.Infrastructure.CorsService | CORS policy execution successful.
2026-03-20 14:27:45.758 [INF] Microsoft.AspNetCore.StaticFiles.StaticFileMiddleware | The file /uploads/org-logos/org-logo-6fcb4a5d7f2e442f800ddd9bde90c680.jpg was not modified
2026-03-20 14:27:45.758 [INF] Microsoft.AspNetCore.Hosting.Diagnostics | Request finished HTTP/1.1 GET http://localhost:5217/uploads/org-logos/org-logo-6fcb4a5d7f2e442f800ddd9bde90c680.jpg - 304 null image/jpeg 0.4696ms
2026-03-20 14:27:45.839 [INF] Microsoft.AspNetCore.Hosting.Diagnostics | Request starting HTTP/1.1 GET http://localhost:5217/api/leads - application/json null
2026-03-20 14:27:45.839 [INF] Microsoft.AspNetCore.Cors.Infrastructure.CorsService | CORS policy execution successful.
2026-03-20 14:27:45.839 [INF] Microsoft.AspNetCore.Cors.Infrastructure.CorsService | CORS policy execution successful.
2026-03-20 14:27:45.839 [INF] Microsoft.AspNetCore.Routing.EndpointMiddleware | Executing endpoint 'backend.Controllers.LeadsController.GetLeads (backend)'
2026-03-20 14:27:45.839 [INF] Microsoft.AspNetCore.Mvc.Infrastructure.ControllerActionInvoker | Route matched with {action = "GetLeads", controller = "Leads"}. Executing controller action with signature System.Threading.Tasks.Task`1[System.Collections.Generic.IEnumerable`1[backend.Models.Lead]] GetLeads() on controller backend.Controllers.LeadsController (backend).
2026-03-20 14:27:45.865 [INF] Microsoft.AspNetCore.Hosting.Diagnostics | Request starting HTTP/1.1 OPTIONS http://localhost:5217/api/employees?organizationId=2 - null null
2026-03-20 14:27:45.865 [INF] Microsoft.AspNetCore.Cors.Infrastructure.CorsService | CORS policy execution successful.
2026-03-20 14:27:45.865 [INF] Microsoft.AspNetCore.Hosting.Diagnostics | Request finished HTTP/1.1 OPTIONS http://localhost:5217/api/employees?organizationId=2 - 204 null null 0.1723ms
2026-03-20 14:27:45.867 [INF] Microsoft.AspNetCore.Hosting.Diagnostics | Request starting HTTP/1.1 GET http://localhost:5217/api/employees?organizationId=2 - application/json null
2026-03-20 14:27:45.867 [INF] Microsoft.AspNetCore.Cors.Infrastructure.CorsService | CORS policy execution successful.
2026-03-20 14:27:45.868 [INF] Microsoft.AspNetCore.Cors.Infrastructure.CorsService | CORS policy execution successful.
2026-03-20 14:27:45.868 [INF] Microsoft.AspNetCore.Routing.EndpointMiddleware | Executing endpoint 'backend.Controllers.EmployeesController.GetEmployees (backend)'
2026-03-20 14:27:45.871 [INF] Microsoft.AspNetCore.Mvc.Infrastructure.ObjectResultExecutor | Executing ObjectResult, writing value of type 'System.Collections.Generic.List`1[[backend.Models.Lead, backend, Version=1.0.0.0, Culture=neutral, PublicKeyToken=null]]'.
2026-03-20 14:27:45.871 [INF] Microsoft.AspNetCore.Mvc.Infrastructure.ControllerActionInvoker | Executed action backend.Controllers.LeadsController.GetLeads (backend) in 31.2919ms
2026-03-20 14:27:45.871 [INF] Microsoft.AspNetCore.Routing.EndpointMiddleware | Executed endpoint 'backend.Controllers.LeadsController.GetLeads (backend)'
2026-03-20 14:27:45.871 [INF] Serilog.AspNetCore.RequestLoggingMiddleware | HTTP GET /api/leads → 200 (31.5ms)
2026-03-20 14:27:45.871 [INF] Microsoft.AspNetCore.Hosting.Diagnostics | Request finished HTTP/1.1 GET http://localhost:5217/api/leads - 200 null application/json; charset=utf-8 32.1862ms
2026-03-20 14:27:45.895 [INF] Microsoft.AspNetCore.Mvc.Infrastructure.ControllerActionInvoker | Route matched with {action = "GetEmployees", controller = "Employees"}. Executing controller action with signature System.Threading.Tasks.Task`1[Microsoft.AspNetCore.Mvc.IActionResult] GetEmployees(System.Nullable`1[System.Int32]) on controller backend.Controllers.EmployeesController (backend).
2026-03-20 14:27:45.897 [INF] backend.Controllers.EmployeesController | [Employees] GET all | TargetOrgId=2 | UserOrgId=2
2026-03-20 14:27:45.914 [INF] Microsoft.AspNetCore.Mvc.Infrastructure.ObjectResultExecutor | Executing OkObjectResult, writing value of type 'System.Collections.Generic.List`1[[backend.Models.Employee, backend, Version=1.0.0.0, Culture=neutral, PublicKeyToken=null]]'.
2026-03-20 14:27:45.925 [INF] Microsoft.AspNetCore.Mvc.Infrastructure.ControllerActionInvoker | Executed action backend.Controllers.EmployeesController.GetEmployees (backend) in 29.2091ms
2026-03-20 14:27:45.925 [INF] Microsoft.AspNetCore.Routing.EndpointMiddleware | Executed endpoint 'backend.Controllers.EmployeesController.GetEmployees (backend)'
2026-03-20 14:27:45.925 [INF] Serilog.AspNetCore.RequestLoggingMiddleware | HTTP GET /api/employees → 200 (56.8ms)
2026-03-20 14:27:45.925 [INF] Microsoft.AspNetCore.Hosting.Diagnostics | Request finished HTTP/1.1 GET http://localhost:5217/api/employees?organizationId=2 - 200 null application/json; charset=utf-8 57.4504ms
2026-03-20 14:27:46.008 [INF] Microsoft.AspNetCore.Hosting.Diagnostics | Request starting HTTP/1.1 OPTIONS http://localhost:5217/api/ShiftAssignments/roster?start=2026-03-20&end=2026-03-27 - null null
2026-03-20 14:27:46.008 [INF] Microsoft.AspNetCore.Cors.Infrastructure.CorsService | CORS policy execution successful.
2026-03-20 14:27:46.008 [INF] Microsoft.AspNetCore.Hosting.Diagnostics | Request finished HTTP/1.1 OPTIONS http://localhost:5217/api/ShiftAssignments/roster?start=2026-03-20&end=2026-03-27 - 204 null null 0.2255ms
2026-03-20 14:27:46.010 [INF] Microsoft.AspNetCore.Hosting.Diagnostics | Request starting HTTP/1.1 GET http://localhost:5217/api/ShiftAssignments/roster?start=2026-03-20&end=2026-03-27 - application/json null
2026-03-20 14:27:46.011 [INF] Microsoft.AspNetCore.Cors.Infrastructure.CorsService | CORS policy execution successful.
2026-03-20 14:27:46.011 [INF] Microsoft.AspNetCore.Cors.Infrastructure.CorsService | CORS policy execution successful.
2026-03-20 14:27:46.011 [INF] Microsoft.AspNetCore.Routing.EndpointMiddleware | Executing endpoint 'backend.Controllers.ShiftAssignmentsController.GetMonthlyRosterFixed (backend)'
2026-03-20 14:27:46.014 [INF] Microsoft.AspNetCore.Hosting.Diagnostics | Request starting HTTP/1.1 OPTIONS http://localhost:5217/api/ShiftAssignments/roster?start=2026-03-20&end=2026-03-27&orgId=2 - null null
2026-03-20 14:27:46.015 [INF] Microsoft.AspNetCore.Cors.Infrastructure.CorsService | CORS policy execution successful.
2026-03-20 14:27:46.015 [INF] Microsoft.AspNetCore.Hosting.Diagnostics | Request finished HTTP/1.1 OPTIONS http://localhost:5217/api/ShiftAssignments/roster?start=2026-03-20&end=2026-03-27&orgId=2 - 204 null null 0.1434ms
2026-03-20 14:27:46.017 [INF] Microsoft.AspNetCore.Hosting.Diagnostics | Request starting HTTP/1.1 GET http://localhost:5217/api/ShiftAssignments/roster?start=2026-03-20&end=2026-03-27&orgId=2 - application/json null
2026-03-20 14:27:46.017 [INF] Microsoft.AspNetCore.Cors.Infrastructure.CorsService | CORS policy execution successful.
2026-03-20 14:27:46.017 [INF] Microsoft.AspNetCore.Cors.Infrastructure.CorsService | CORS policy execution successful.
2026-03-20 14:27:46.018 [INF] Microsoft.AspNetCore.Routing.EndpointMiddleware | Executing endpoint 'backend.Controllers.ShiftAssignmentsController.GetMonthlyRosterFixed (backend)'
2026-03-20 14:27:46.025 [INF] Microsoft.AspNetCore.Mvc.Infrastructure.ControllerActionInvoker | Route matched with {action = "GetMonthlyRosterFixed", controller = "ShiftAssignments"}. Executing controller action with signature System.Threading.Tasks.Task`1[Microsoft.AspNetCore.Mvc.IActionResult] GetMonthlyRosterFixed(System.String, System.String, System.Nullable`1[System.Int32]) on controller backend.Controllers.ShiftAssignmentsController (backend).
2026-03-20 14:27:46.028 [INF] Microsoft.AspNetCore.Mvc.Infrastructure.ControllerActionInvoker | Route matched with {action = "GetMonthlyRosterFixed", controller = "ShiftAssignments"}. Executing controller action with signature System.Threading.Tasks.Task`1[Microsoft.AspNetCore.Mvc.IActionResult] GetMonthlyRosterFixed(System.String, System.String, System.Nullable`1[System.Int32]) on controller backend.Controllers.ShiftAssignmentsController (backend).
2026-03-20 14:27:46.049 [INF] Microsoft.AspNetCore.Hosting.Diagnostics | Request starting HTTP/1.1 GET http://localhost:5217/uploads/employee-photos/emp-31.jpg - null null
2026-03-20 14:27:46.049 [INF] Microsoft.AspNetCore.Cors.Infrastructure.CorsService | CORS policy execution successful.
2026-03-20 14:27:46.049 [INF] Microsoft.AspNetCore.StaticFiles.StaticFileMiddleware | The file /uploads/employee-photos/emp-31.jpg was not modified
2026-03-20 14:27:46.049 [INF] Microsoft.AspNetCore.Hosting.Diagnostics | Request finished HTTP/1.1 GET http://localhost:5217/uploads/employee-photos/emp-31.jpg - 304 null image/jpeg 0.5173ms
2026-03-20 14:27:46.058 [INF] Microsoft.AspNetCore.Mvc.Infrastructure.ObjectResultExecutor | Executing OkObjectResult, writing value of type 'System.Collections.Generic.List`1[[backend.Models.EmployeeSchedule, backend, Version=1.0.0.0, Culture=neutral, PublicKeyToken=null]]'.
2026-03-20 14:27:46.063 [INF] Microsoft.AspNetCore.Mvc.Infrastructure.ControllerActionInvoker | Executed action backend.Controllers.ShiftAssignmentsController.GetMonthlyRosterFixed (backend) in 38.102ms
2026-03-20 14:27:46.063 [INF] Microsoft.AspNetCore.Routing.EndpointMiddleware | Executed endpoint 'backend.Controllers.ShiftAssignmentsController.GetMonthlyRosterFixed (backend)'
2026-03-20 14:27:46.063 [INF] Serilog.AspNetCore.RequestLoggingMiddleware | HTTP GET /api/ShiftAssignments/roster → 200 (52.3ms)
2026-03-20 14:27:46.063 [INF] Microsoft.AspNetCore.Hosting.Diagnostics | Request finished HTTP/1.1 GET http://localhost:5217/api/ShiftAssignments/roster?start=2026-03-20&end=2026-03-27 - 200 null application/json; charset=utf-8 53.8333ms
2026-03-20 14:27:46.159 [INF] Microsoft.AspNetCore.Mvc.Infrastructure.ObjectResultExecutor | Executing OkObjectResult, writing value of type 'System.Collections.Generic.List`1[[backend.Models.EmployeeSchedule, backend, Version=1.0.0.0, Culture=neutral, PublicKeyToken=null]]'.
2026-03-20 14:27:46.159 [INF] Microsoft.AspNetCore.Mvc.Infrastructure.ControllerActionInvoker | Executed action backend.Controllers.ShiftAssignmentsController.GetMonthlyRosterFixed (backend) in 131.4248ms
2026-03-20 14:27:46.159 [INF] Microsoft.AspNetCore.Routing.EndpointMiddleware | Executed endpoint 'backend.Controllers.ShiftAssignmentsController.GetMonthlyRosterFixed (backend)'
2026-03-20 14:27:46.159 [INF] Serilog.AspNetCore.RequestLoggingMiddleware | HTTP GET /api/ShiftAssignments/roster → 200 (141.9ms)
2026-03-20 14:27:46.159 [INF] Microsoft.AspNetCore.Hosting.Diagnostics | Request finished HTTP/1.1 GET http://localhost:5217/api/ShiftAssignments/roster?start=2026-03-20&end=2026-03-27&orgId=2 - 200 null application/json; charset=utf-8 142.6589ms
2026-03-20 14:27:46.200 [INF] Microsoft.AspNetCore.Hosting.Diagnostics | Request starting HTTP/1.1 OPTIONS http://localhost:5217/api/Attendance/status?employeeId=31&orgId=2 - null null
2026-03-20 14:27:46.200 [INF] Microsoft.AspNetCore.Cors.Infrastructure.CorsService | CORS policy execution successful.
2026-03-20 14:27:46.201 [INF] Microsoft.AspNetCore.Hosting.Diagnostics | Request finished HTTP/1.1 OPTIONS http://localhost:5217/api/Attendance/status?employeeId=31&orgId=2 - 204 null null 0.2243ms
2026-03-20 14:27:46.203 [INF] Microsoft.AspNetCore.Hosting.Diagnostics | Request starting HTTP/1.1 GET http://localhost:5217/api/Attendance/status?employeeId=31&orgId=2 - application/json null
2026-03-20 14:27:46.204 [INF] Microsoft.AspNetCore.Cors.Infrastructure.CorsService | CORS policy execution successful.
2026-03-20 14:27:46.204 [INF] Microsoft.AspNetCore.Cors.Infrastructure.CorsService | CORS policy execution successful.
2026-03-20 14:27:46.205 [INF] Microsoft.AspNetCore.Routing.EndpointMiddleware | Executing endpoint 'backend.Controllers.AttendanceController.GetTodayStatus (backend)'
2026-03-20 14:27:46.216 [INF] Microsoft.AspNetCore.Mvc.Infrastructure.ControllerActionInvoker | Route matched with {action = "GetTodayStatus", controller = "Attendance"}. Executing controller action with signature System.Threading.Tasks.Task`1[Microsoft.AspNetCore.Mvc.IActionResult] GetTodayStatus(Int32, System.Nullable`1[System.Int32]) on controller backend.Controllers.AttendanceController (backend).
2026-03-20 14:27:46.233 [INF] Microsoft.AspNetCore.Mvc.Infrastructure.ObjectResultExecutor | Executing OkObjectResult, writing value of type 'backend.Models.AttendanceStatusResponse'.
2026-03-20 14:27:46.237 [INF] Microsoft.AspNetCore.Mvc.Infrastructure.ControllerActionInvoker | Executed action backend.Controllers.AttendanceController.GetTodayStatus (backend) in 20.649ms
2026-03-20 14:27:46.237 [INF] Microsoft.AspNetCore.Routing.EndpointMiddleware | Executed endpoint 'backend.Controllers.AttendanceController.GetTodayStatus (backend)'
2026-03-20 14:27:46.237 [INF] Serilog.AspNetCore.RequestLoggingMiddleware | HTTP GET /api/Attendance/status → 200 (32.3ms)
2026-03-20 14:27:46.237 [INF] Microsoft.AspNetCore.Hosting.Diagnostics | Request finished HTTP/1.1 GET http://localhost:5217/api/Attendance/status?employeeId=31&orgId=2 - 200 null application/json; charset=utf-8 33.8456ms
2026-03-20 14:27:50.125 [INF] Microsoft.AspNetCore.Hosting.Diagnostics | Request starting HTTP/1.1 GET http://localhost:5217/api/employees?organizationId=2 - application/json null
2026-03-20 14:27:50.125 [INF] Microsoft.AspNetCore.Cors.Infrastructure.CorsService | CORS policy execution successful.
2026-03-20 14:27:50.125 [INF] Microsoft.AspNetCore.Cors.Infrastructure.CorsService | CORS policy execution successful.
2026-03-20 14:27:50.125 [INF] Microsoft.AspNetCore.Routing.EndpointMiddleware | Executing endpoint 'backend.Controllers.EmployeesController.GetEmployees (backend)'
2026-03-20 14:27:50.125 [INF] Microsoft.AspNetCore.Mvc.Infrastructure.ControllerActionInvoker | Route matched with {action = "GetEmployees", controller = "Employees"}. Executing controller action with signature System.Threading.Tasks.Task`1[Microsoft.AspNetCore.Mvc.IActionResult] GetEmployees(System.Nullable`1[System.Int32]) on controller backend.Controllers.EmployeesController (backend).
2026-03-20 14:27:50.126 [INF] backend.Controllers.EmployeesController | [Employees] GET all | TargetOrgId=2 | UserOrgId=2
2026-03-20 14:27:50.143 [INF] Microsoft.AspNetCore.Mvc.Infrastructure.ObjectResultExecutor | Executing OkObjectResult, writing value of type 'System.Collections.Generic.List`1[[backend.Models.Employee, backend, Version=1.0.0.0, Culture=neutral, PublicKeyToken=null]]'.
2026-03-20 14:27:50.143 [INF] Microsoft.AspNetCore.Mvc.Infrastructure.ControllerActionInvoker | Executed action backend.Controllers.EmployeesController.GetEmployees (backend) in 17.3459ms
2026-03-20 14:27:50.143 [INF] Microsoft.AspNetCore.Routing.EndpointMiddleware | Executed endpoint 'backend.Controllers.EmployeesController.GetEmployees (backend)'
2026-03-20 14:27:50.143 [INF] Serilog.AspNetCore.RequestLoggingMiddleware | HTTP GET /api/employees → 200 (17.6ms)
2026-03-20 14:27:50.143 [INF] Microsoft.AspNetCore.Hosting.Diagnostics | Request finished HTTP/1.1 GET http://localhost:5217/api/employees?organizationId=2 - 200 null application/json; charset=utf-8 18.3433ms
2026-03-20 14:28:42.478 [INF] Microsoft.AspNetCore.Hosting.Diagnostics | Request starting HTTP/1.1 OPTIONS http://localhost:5217/api/organizations - null null
2026-03-20 14:28:42.478 [INF] Microsoft.AspNetCore.Cors.Infrastructure.CorsService | CORS policy execution successful.
2026-03-20 14:28:42.479 [INF] Microsoft.AspNetCore.Hosting.Diagnostics | Request finished HTTP/1.1 OPTIONS http://localhost:5217/api/organizations - 204 null null 0.4682ms
2026-03-20 14:28:42.481 [INF] Microsoft.AspNetCore.Hosting.Diagnostics | Request starting HTTP/1.1 GET http://localhost:5217/api/organizations - application/json null
2026-03-20 14:28:42.481 [INF] Microsoft.AspNetCore.Cors.Infrastructure.CorsService | CORS policy execution successful.
2026-03-20 14:28:42.481 [INF] Microsoft.AspNetCore.Cors.Infrastructure.CorsService | CORS policy execution successful.
2026-03-20 14:28:42.481 [INF] Microsoft.AspNetCore.Routing.EndpointMiddleware | Executing endpoint 'backend.Controllers.OrganizationsController.GetOrganizations (backend)'
2026-03-20 14:28:42.481 [INF] Microsoft.AspNetCore.Mvc.Infrastructure.ControllerActionInvoker | Route matched with {action = "GetOrganizations", controller = "Organizations"}. Executing controller action with signature System.Threading.Tasks.Task`1[Microsoft.AspNetCore.Mvc.IActionResult] GetOrganizations() on controller backend.Controllers.OrganizationsController (backend).
2026-03-20 14:28:42.481 [INF] backend.Controllers.OrganizationsController | [Orgs] GET all requested | Role=SuperAdmin | UserId=18
2026-03-20 14:28:42.493 [INF] Microsoft.AspNetCore.Mvc.Infrastructure.ObjectResultExecutor | Executing OkObjectResult, writing value of type 'System.Collections.Generic.List`1[[backend.Models.Organization, backend, Version=1.0.0.0, Culture=neutral, PublicKeyToken=null]]'.
2026-03-20 14:28:42.493 [INF] Microsoft.AspNetCore.Mvc.Infrastructure.ControllerActionInvoker | Executed action backend.Controllers.OrganizationsController.GetOrganizations (backend) in 12.353ms
2026-03-20 14:28:42.494 [INF] Microsoft.AspNetCore.Routing.EndpointMiddleware | Executed endpoint 'backend.Controllers.OrganizationsController.GetOrganizations (backend)'
2026-03-20 14:28:42.494 [INF] Serilog.AspNetCore.RequestLoggingMiddleware | HTTP GET /api/organizations → 200 (12.5ms)
2026-03-20 14:28:42.494 [INF] Microsoft.AspNetCore.Hosting.Diagnostics | Request finished HTTP/1.1 GET http://localhost:5217/api/organizations - 200 null application/json; charset=utf-8 12.9545ms
2026-03-20 14:28:42.507 [INF] Microsoft.AspNetCore.Hosting.Diagnostics | Request starting HTTP/1.1 OPTIONS http://localhost:5217/api/leads - null null
2026-03-20 14:28:42.507 [INF] Microsoft.AspNetCore.Cors.Infrastructure.CorsService | CORS policy execution successful.
2026-03-20 14:28:42.507 [INF] Microsoft.AspNetCore.Hosting.Diagnostics | Request finished HTTP/1.1 OPTIONS http://localhost:5217/api/leads - 204 null null 0.1464ms
2026-03-20 14:28:42.508 [INF] Microsoft.AspNetCore.Hosting.Diagnostics | Request starting HTTP/1.1 GET http://localhost:5217/api/leads - application/json null
2026-03-20 14:28:42.508 [INF] Microsoft.AspNetCore.Cors.Infrastructure.CorsService | CORS policy execution successful.
2026-03-20 14:28:42.508 [INF] Microsoft.AspNetCore.Cors.Infrastructure.CorsService | CORS policy execution successful.
2026-03-20 14:28:42.508 [INF] Microsoft.AspNetCore.Routing.EndpointMiddleware | Executing endpoint 'backend.Controllers.LeadsController.GetLeads (backend)'
2026-03-20 14:28:42.509 [INF] Microsoft.AspNetCore.Mvc.Infrastructure.ControllerActionInvoker | Route matched with {action = "GetLeads", controller = "Leads"}. Executing controller action with signature System.Threading.Tasks.Task`1[System.Collections.Generic.IEnumerable`1[backend.Models.Lead]] GetLeads() on controller backend.Controllers.LeadsController (backend).
2026-03-20 14:28:42.519 [INF] Microsoft.AspNetCore.Mvc.Infrastructure.ObjectResultExecutor | Executing ObjectResult, writing value of type 'System.Collections.Generic.List`1[[backend.Models.Lead, backend, Version=1.0.0.0, Culture=neutral, PublicKeyToken=null]]'.
2026-03-20 14:28:42.519 [INF] Microsoft.AspNetCore.Mvc.Infrastructure.ControllerActionInvoker | Executed action backend.Controllers.LeadsController.GetLeads (backend) in 10.0673ms
2026-03-20 14:28:42.519 [INF] Microsoft.AspNetCore.Routing.EndpointMiddleware | Executed endpoint 'backend.Controllers.LeadsController.GetLeads (backend)'
2026-03-20 14:28:42.519 [INF] Serilog.AspNetCore.RequestLoggingMiddleware | HTTP GET /api/leads → 200 (10.7ms)
2026-03-20 14:28:42.519 [INF] Microsoft.AspNetCore.Hosting.Diagnostics | Request finished HTTP/1.1 GET http://localhost:5217/api/leads - 200 null application/json; charset=utf-8 10.9644ms
2026-03-20 14:28:42.573 [INF] Microsoft.AspNetCore.Hosting.Diagnostics | Request starting HTTP/1.1 OPTIONS http://localhost:5217/api/employees?organizationId=2 - null null
2026-03-20 14:28:42.573 [INF] Microsoft.AspNetCore.Cors.Infrastructure.CorsService | CORS policy execution successful.
2026-03-20 14:28:42.573 [INF] Microsoft.AspNetCore.Hosting.Diagnostics | Request finished HTTP/1.1 OPTIONS http://localhost:5217/api/employees?organizationId=2 - 204 null null 0.2008ms
2026-03-20 14:28:42.575 [INF] Microsoft.AspNetCore.Hosting.Diagnostics | Request starting HTTP/1.1 GET http://localhost:5217/api/employees?organizationId=2 - application/json null
2026-03-20 14:28:42.575 [INF] Microsoft.AspNetCore.Cors.Infrastructure.CorsService | CORS policy execution successful.
2026-03-20 14:28:42.575 [INF] Microsoft.AspNetCore.Cors.Infrastructure.CorsService | CORS policy execution successful.
2026-03-20 14:28:42.575 [INF] Microsoft.AspNetCore.Routing.EndpointMiddleware | Executing endpoint 'backend.Controllers.EmployeesController.GetEmployees (backend)'
2026-03-20 14:28:42.575 [INF] Microsoft.AspNetCore.Mvc.Infrastructure.ControllerActionInvoker | Route matched with {action = "GetEmployees", controller = "Employees"}. Executing controller action with signature System.Threading.Tasks.Task`1[Microsoft.AspNetCore.Mvc.IActionResult] GetEmployees(System.Nullable`1[System.Int32]) on controller backend.Controllers.EmployeesController (backend).
2026-03-20 14:28:42.576 [INF] backend.Controllers.EmployeesController | [Employees] GET all | TargetOrgId=2 | UserOrgId=2
2026-03-20 14:28:42.604 [INF] Microsoft.AspNetCore.Mvc.Infrastructure.ObjectResultExecutor | Executing OkObjectResult, writing value of type 'System.Collections.Generic.List`1[[backend.Models.Employee, backend, Version=1.0.0.0, Culture=neutral, PublicKeyToken=null]]'.
2026-03-20 14:28:42.604 [INF] Microsoft.AspNetCore.Mvc.Infrastructure.ControllerActionInvoker | Executed action backend.Controllers.EmployeesController.GetEmployees (backend) in 28.297ms
2026-03-20 14:28:42.604 [INF] Microsoft.AspNetCore.Routing.EndpointMiddleware | Executed endpoint 'backend.Controllers.EmployeesController.GetEmployees (backend)'
2026-03-20 14:28:42.604 [INF] Serilog.AspNetCore.RequestLoggingMiddleware | HTTP GET /api/employees → 200 (28.5ms)
2026-03-20 14:28:42.604 [INF] Microsoft.AspNetCore.Hosting.Diagnostics | Request finished HTTP/1.1 GET http://localhost:5217/api/employees?organizationId=2 - 200 null application/json; charset=utf-8 28.7523ms
2026-03-20 14:28:42.671 [INF] Microsoft.AspNetCore.Hosting.Diagnostics | Request starting HTTP/1.1 OPTIONS http://localhost:5217/api/ShiftAssignments/roster?start=2026-03-20&end=2026-03-27&orgId=2 - null null
2026-03-20 14:28:42.671 [INF] Microsoft.AspNetCore.Cors.Infrastructure.CorsService | CORS policy execution successful.
2026-03-20 14:28:42.671 [INF] Microsoft.AspNetCore.Hosting.Diagnostics | Request finished HTTP/1.1 OPTIONS http://localhost:5217/api/ShiftAssignments/roster?start=2026-03-20&end=2026-03-27&orgId=2 - 204 null null 0.1892ms
2026-03-20 14:28:42.683 [INF] Microsoft.AspNetCore.Hosting.Diagnostics | Request starting HTTP/1.1 GET http://localhost:5217/api/ShiftAssignments/roster?start=2026-03-20&end=2026-03-27&orgId=2 - application/json null
2026-03-20 14:28:42.684 [INF] Microsoft.AspNetCore.Cors.Infrastructure.CorsService | CORS policy execution successful.
2026-03-20 14:28:42.688 [INF] Microsoft.AspNetCore.Cors.Infrastructure.CorsService | CORS policy execution successful.
2026-03-20 14:28:42.688 [INF] Microsoft.AspNetCore.Routing.EndpointMiddleware | Executing endpoint 'backend.Controllers.ShiftAssignmentsController.GetMonthlyRosterFixed (backend)'
2026-03-20 14:28:42.689 [INF] Microsoft.AspNetCore.Mvc.Infrastructure.ControllerActionInvoker | Route matched with {action = "GetMonthlyRosterFixed", controller = "ShiftAssignments"}. Executing controller action with signature System.Threading.Tasks.Task`1[Microsoft.AspNetCore.Mvc.IActionResult] GetMonthlyRosterFixed(System.String, System.String, System.Nullable`1[System.Int32]) on controller backend.Controllers.ShiftAssignmentsController (backend).
2026-03-20 14:28:42.705 [INF] Microsoft.AspNetCore.Mvc.Infrastructure.ObjectResultExecutor | Executing OkObjectResult, writing value of type 'System.Collections.Generic.List`1[[backend.Models.EmployeeSchedule, backend, Version=1.0.0.0, Culture=neutral, PublicKeyToken=null]]'.
2026-03-20 14:28:42.706 [INF] Microsoft.AspNetCore.Mvc.Infrastructure.ControllerActionInvoker | Executed action backend.Controllers.ShiftAssignmentsController.GetMonthlyRosterFixed (backend) in 16.9808ms
2026-03-20 14:28:42.706 [INF] Microsoft.AspNetCore.Routing.EndpointMiddleware | Executed endpoint 'backend.Controllers.ShiftAssignmentsController.GetMonthlyRosterFixed (backend)'
2026-03-20 14:28:42.706 [INF] Serilog.AspNetCore.RequestLoggingMiddleware | HTTP GET /api/ShiftAssignments/roster → 200 (17.2ms)
2026-03-20 14:28:42.706 [INF] Microsoft.AspNetCore.Hosting.Diagnostics | Request finished HTTP/1.1 GET http://localhost:5217/api/ShiftAssignments/roster?start=2026-03-20&end=2026-03-27&orgId=2 - 200 null application/json; charset=utf-8 22.2375ms
2026-03-20 14:28:42.792 [INF] Microsoft.AspNetCore.Hosting.Diagnostics | Request starting HTTP/1.1 OPTIONS http://localhost:5217/api/Attendance/status?employeeId=31&orgId=2 - null null
2026-03-20 14:28:42.792 [INF] Microsoft.AspNetCore.Cors.Infrastructure.CorsService | CORS policy execution successful.
2026-03-20 14:28:42.792 [INF] Microsoft.AspNetCore.Hosting.Diagnostics | Request finished HTTP/1.1 OPTIONS http://localhost:5217/api/Attendance/status?employeeId=31&orgId=2 - 204 null null 0.1972ms
2026-03-20 14:28:42.794 [INF] Microsoft.AspNetCore.Hosting.Diagnostics | Request starting HTTP/1.1 GET http://localhost:5217/api/Attendance/status?employeeId=31&orgId=2 - application/json null
2026-03-20 14:28:42.794 [INF] Microsoft.AspNetCore.Cors.Infrastructure.CorsService | CORS policy execution successful.
2026-03-20 14:28:42.794 [INF] Microsoft.AspNetCore.Cors.Infrastructure.CorsService | CORS policy execution successful.
2026-03-20 14:28:42.794 [INF] Microsoft.AspNetCore.Routing.EndpointMiddleware | Executing endpoint 'backend.Controllers.AttendanceController.GetTodayStatus (backend)'
2026-03-20 14:28:42.794 [INF] Microsoft.AspNetCore.Mvc.Infrastructure.ControllerActionInvoker | Route matched with {action = "GetTodayStatus", controller = "Attendance"}. Executing controller action with signature System.Threading.Tasks.Task`1[Microsoft.AspNetCore.Mvc.IActionResult] GetTodayStatus(Int32, System.Nullable`1[System.Int32]) on controller backend.Controllers.AttendanceController (backend).
2026-03-20 14:28:42.805 [INF] Microsoft.AspNetCore.Mvc.Infrastructure.ObjectResultExecutor | Executing OkObjectResult, writing value of type 'backend.Models.AttendanceStatusResponse'.
2026-03-20 14:28:42.805 [INF] Microsoft.AspNetCore.Mvc.Infrastructure.ControllerActionInvoker | Executed action backend.Controllers.AttendanceController.GetTodayStatus (backend) in 10.8634ms
2026-03-20 14:28:42.805 [INF] Microsoft.AspNetCore.Routing.EndpointMiddleware | Executed endpoint 'backend.Controllers.AttendanceController.GetTodayStatus (backend)'
2026-03-20 14:28:42.805 [INF] Serilog.AspNetCore.RequestLoggingMiddleware | HTTP GET /api/Attendance/status → 200 (11.0ms)
2026-03-20 14:28:42.805 [INF] Microsoft.AspNetCore.Hosting.Diagnostics | Request finished HTTP/1.1 GET http://localhost:5217/api/Attendance/status?employeeId=31&orgId=2 - 200 null application/json; charset=utf-8 11.2932ms
2026-03-20 14:49:14.256 [INF] Microsoft.AspNetCore.Hosting.Diagnostics | Request starting HTTP/1.1 OPTIONS http://localhost:5217/api/employees?organizationId=2 - null null
2026-03-20 14:49:14.256 [INF] Microsoft.AspNetCore.Cors.Infrastructure.CorsService | CORS policy execution successful.
2026-03-20 14:49:14.256 [INF] Microsoft.AspNetCore.Hosting.Diagnostics | Request finished HTTP/1.1 OPTIONS http://localhost:5217/api/employees?organizationId=2 - 204 null null 0.2122ms
2026-03-20 14:49:14.262 [INF] Microsoft.AspNetCore.Hosting.Diagnostics | Request starting HTTP/1.1 GET http://localhost:5217/api/employees?organizationId=2 - application/json null
2026-03-20 14:49:14.262 [INF] Microsoft.AspNetCore.Cors.Infrastructure.CorsService | CORS policy execution successful.
2026-03-20 14:49:14.262 [INF] Microsoft.AspNetCore.Cors.Infrastructure.CorsService | CORS policy execution successful.
2026-03-20 14:49:14.262 [INF] Microsoft.AspNetCore.Routing.EndpointMiddleware | Executing endpoint 'backend.Controllers.EmployeesController.GetEmployees (backend)'
2026-03-20 14:49:14.262 [INF] Microsoft.AspNetCore.Mvc.Infrastructure.ControllerActionInvoker | Route matched with {action = "GetEmployees", controller = "Employees"}. Executing controller action with signature System.Threading.Tasks.Task`1[Microsoft.AspNetCore.Mvc.IActionResult] GetEmployees(System.Nullable`1[System.Int32]) on controller backend.Controllers.EmployeesController (backend).
2026-03-20 14:49:14.263 [INF] backend.Controllers.EmployeesController | [Employees] GET all | TargetOrgId=2 | UserOrgId=2
2026-03-20 14:49:14.676 [INF] Microsoft.AspNetCore.Mvc.Infrastructure.ObjectResultExecutor | Executing OkObjectResult, writing value of type 'System.Collections.Generic.List`1[[backend.Models.Employee, backend, Version=1.0.0.0, Culture=neutral, PublicKeyToken=null]]'.
2026-03-20 14:49:14.677 [INF] Microsoft.AspNetCore.Mvc.Infrastructure.ControllerActionInvoker | Executed action backend.Controllers.EmployeesController.GetEmployees (backend) in 414.0556ms
2026-03-20 14:49:14.677 [INF] Microsoft.AspNetCore.Routing.EndpointMiddleware | Executed endpoint 'backend.Controllers.EmployeesController.GetEmployees (backend)'
2026-03-20 14:49:14.677 [INF] Serilog.AspNetCore.RequestLoggingMiddleware | HTTP GET /api/employees → 200 (414.3ms)
2026-03-20 14:49:14.677 [INF] Microsoft.AspNetCore.Hosting.Diagnostics | Request finished HTTP/1.1 GET http://localhost:5217/api/employees?organizationId=2 - 200 null application/json; charset=utf-8 415.2571ms
2026-03-20 14:49:53.156 [INF] Microsoft.AspNetCore.Hosting.Diagnostics | Request starting HTTP/1.1 OPTIONS http://localhost:5217/api/organizations - null null
2026-03-20 14:49:53.156 [INF] Microsoft.AspNetCore.Cors.Infrastructure.CorsService | CORS policy execution successful.
2026-03-20 14:49:53.156 [INF] Microsoft.AspNetCore.Hosting.Diagnostics | Request finished HTTP/1.1 OPTIONS http://localhost:5217/api/organizations - 204 null null 0.1706ms
2026-03-20 14:49:53.158 [INF] Microsoft.AspNetCore.Hosting.Diagnostics | Request starting HTTP/1.1 GET http://localhost:5217/api/organizations - application/json null
2026-03-20 14:49:53.158 [INF] Microsoft.AspNetCore.Cors.Infrastructure.CorsService | CORS policy execution successful.
2026-03-20 14:49:53.158 [INF] Microsoft.AspNetCore.Cors.Infrastructure.CorsService | CORS policy execution successful.
2026-03-20 14:49:53.158 [INF] Microsoft.AspNetCore.Routing.EndpointMiddleware | Executing endpoint 'backend.Controllers.OrganizationsController.GetOrganizations (backend)'
2026-03-20 14:49:53.159 [INF] Microsoft.AspNetCore.Mvc.Infrastructure.ControllerActionInvoker | Route matched with {action = "GetOrganizations", controller = "Organizations"}. Executing controller action with signature System.Threading.Tasks.Task`1[Microsoft.AspNetCore.Mvc.IActionResult] GetOrganizations() on controller backend.Controllers.OrganizationsController (backend).
2026-03-20 14:49:53.159 [INF] backend.Controllers.OrganizationsController | [Orgs] GET all requested | Role=SuperAdmin | UserId=18
2026-03-20 14:49:53.178 [INF] Microsoft.AspNetCore.Mvc.Infrastructure.ObjectResultExecutor | Executing OkObjectResult, writing value of type 'System.Collections.Generic.List`1[[backend.Models.Organization, backend, Version=1.0.0.0, Culture=neutral, PublicKeyToken=null]]'.
2026-03-20 14:49:53.178 [INF] Microsoft.AspNetCore.Mvc.Infrastructure.ControllerActionInvoker | Executed action backend.Controllers.OrganizationsController.GetOrganizations (backend) in 19.6269ms
2026-03-20 14:49:53.178 [INF] Microsoft.AspNetCore.Routing.EndpointMiddleware | Executed endpoint 'backend.Controllers.OrganizationsController.GetOrganizations (backend)'
2026-03-20 14:49:53.178 [INF] Serilog.AspNetCore.RequestLoggingMiddleware | HTTP GET /api/organizations → 200 (20.0ms)
2026-03-20 14:49:53.178 [INF] Microsoft.AspNetCore.Hosting.Diagnostics | Request finished HTTP/1.1 GET http://localhost:5217/api/organizations - 200 null application/json; charset=utf-8 20.9327ms
2026-03-20 14:49:53.359 [INF] Microsoft.AspNetCore.Hosting.Diagnostics | Request starting HTTP/1.1 OPTIONS http://localhost:5217/api/leads - null null
2026-03-20 14:49:53.359 [INF] Microsoft.AspNetCore.Cors.Infrastructure.CorsService | CORS policy execution successful.
2026-03-20 14:49:53.359 [INF] Microsoft.AspNetCore.Hosting.Diagnostics | Request finished HTTP/1.1 OPTIONS http://localhost:5217/api/leads - 204 null null 0.223ms
2026-03-20 14:49:53.362 [INF] Microsoft.AspNetCore.Hosting.Diagnostics | Request starting HTTP/1.1 GET http://localhost:5217/api/leads - application/json null
2026-03-20 14:49:53.362 [INF] Microsoft.AspNetCore.Cors.Infrastructure.CorsService | CORS policy execution successful.
2026-03-20 14:49:53.362 [INF] Microsoft.AspNetCore.Cors.Infrastructure.CorsService | CORS policy execution successful.
2026-03-20 14:49:53.362 [INF] Microsoft.AspNetCore.Routing.EndpointMiddleware | Executing endpoint 'backend.Controllers.LeadsController.GetLeads (backend)'
2026-03-20 14:49:53.362 [INF] Microsoft.AspNetCore.Mvc.Infrastructure.ControllerActionInvoker | Route matched with {action = "GetLeads", controller = "Leads"}. Executing controller action with signature System.Threading.Tasks.Task`1[System.Collections.Generic.IEnumerable`1[backend.Models.Lead]] GetLeads() on controller backend.Controllers.LeadsController (backend).
2026-03-20 14:49:53.421 [INF] Microsoft.AspNetCore.Mvc.Infrastructure.ObjectResultExecutor | Executing ObjectResult, writing value of type 'System.Collections.Generic.List`1[[backend.Models.Lead, backend, Version=1.0.0.0, Culture=neutral, PublicKeyToken=null]]'.
2026-03-20 14:49:53.421 [INF] Microsoft.AspNetCore.Mvc.Infrastructure.ControllerActionInvoker | Executed action backend.Controllers.LeadsController.GetLeads (backend) in 58.6931ms
2026-03-20 14:49:53.421 [INF] Microsoft.AspNetCore.Routing.EndpointMiddleware | Executed endpoint 'backend.Controllers.LeadsController.GetLeads (backend)'
2026-03-20 14:49:53.421 [INF] Serilog.AspNetCore.RequestLoggingMiddleware | HTTP GET /api/leads → 200 (58.9ms)
2026-03-20 14:49:53.421 [INF] Microsoft.AspNetCore.Hosting.Diagnostics | Request finished HTTP/1.1 GET http://localhost:5217/api/leads - 200 null application/json; charset=utf-8 59.4046ms
2026-03-20 14:49:53.483 [INF] Microsoft.AspNetCore.Hosting.Diagnostics | Request starting HTTP/1.1 OPTIONS http://localhost:5217/api/employees?organizationId=2 - null null
2026-03-20 14:49:53.484 [INF] Microsoft.AspNetCore.Cors.Infrastructure.CorsService | CORS policy execution successful.
2026-03-20 14:49:53.484 [INF] Microsoft.AspNetCore.Hosting.Diagnostics | Request finished HTTP/1.1 OPTIONS http://localhost:5217/api/employees?organizationId=2 - 204 null null 0.2338ms
2026-03-20 14:49:53.486 [INF] Microsoft.AspNetCore.Hosting.Diagnostics | Request starting HTTP/1.1 GET http://localhost:5217/api/employees?organizationId=2 - application/json null
2026-03-20 14:49:53.486 [INF] Microsoft.AspNetCore.Cors.Infrastructure.CorsService | CORS policy execution successful.
2026-03-20 14:49:53.486 [INF] Microsoft.AspNetCore.Cors.Infrastructure.CorsService | CORS policy execution successful.
2026-03-20 14:49:53.487 [INF] Microsoft.AspNetCore.Routing.EndpointMiddleware | Executing endpoint 'backend.Controllers.EmployeesController.GetEmployees (backend)'
2026-03-20 14:49:53.488 [INF] Microsoft.AspNetCore.Mvc.Infrastructure.ControllerActionInvoker | Route matched with {action = "GetEmployees", controller = "Employees"}. Executing controller action with signature System.Threading.Tasks.Task`1[Microsoft.AspNetCore.Mvc.IActionResult] GetEmployees(System.Nullable`1[System.Int32]) on controller backend.Controllers.EmployeesController (backend).
2026-03-20 14:49:53.488 [INF] backend.Controllers.EmployeesController | [Employees] GET all | TargetOrgId=2 | UserOrgId=2
2026-03-20 14:49:53.498 [INF] Microsoft.AspNetCore.Mvc.Infrastructure.ObjectResultExecutor | Executing OkObjectResult, writing value of type 'System.Collections.Generic.List`1[[backend.Models.Employee, backend, Version=1.0.0.0, Culture=neutral, PublicKeyToken=null]]'.
2026-03-20 14:49:53.499 [INF] Microsoft.AspNetCore.Mvc.Infrastructure.ControllerActionInvoker | Executed action backend.Controllers.EmployeesController.GetEmployees (backend) in 10.8608ms
2026-03-20 14:49:53.499 [INF] Microsoft.AspNetCore.Routing.EndpointMiddleware | Executed endpoint 'backend.Controllers.EmployeesController.GetEmployees (backend)'
2026-03-20 14:49:53.499 [INF] Serilog.AspNetCore.RequestLoggingMiddleware | HTTP GET /api/employees → 200 (12.0ms)
2026-03-20 14:49:53.499 [INF] Microsoft.AspNetCore.Hosting.Diagnostics | Request finished HTTP/1.1 GET http://localhost:5217/api/employees?organizationId=2 - 200 null application/json; charset=utf-8 13.069ms
2026-03-20 14:49:53.568 [INF] Microsoft.AspNetCore.Hosting.Diagnostics | Request starting HTTP/1.1 OPTIONS http://localhost:5217/api/ShiftAssignments/roster?start=2026-03-20&end=2026-03-27&orgId=2 - null null
2026-03-20 14:49:53.568 [INF] Microsoft.AspNetCore.Cors.Infrastructure.CorsService | CORS policy execution successful.
2026-03-20 14:49:53.568 [INF] Microsoft.AspNetCore.Hosting.Diagnostics | Request finished HTTP/1.1 OPTIONS http://localhost:5217/api/ShiftAssignments/roster?start=2026-03-20&end=2026-03-27&orgId=2 - 204 null null 0.2527ms
2026-03-20 14:49:53.570 [INF] Microsoft.AspNetCore.Hosting.Diagnostics | Request starting HTTP/1.1 GET http://localhost:5217/api/ShiftAssignments/roster?start=2026-03-20&end=2026-03-27&orgId=2 - application/json null
2026-03-20 14:49:53.570 [INF] Microsoft.AspNetCore.Cors.Infrastructure.CorsService | CORS policy execution successful.
2026-03-20 14:49:53.570 [INF] Microsoft.AspNetCore.Cors.Infrastructure.CorsService | CORS policy execution successful.
2026-03-20 14:49:53.571 [INF] Microsoft.AspNetCore.Routing.EndpointMiddleware | Executing endpoint 'backend.Controllers.ShiftAssignmentsController.GetMonthlyRosterFixed (backend)'
2026-03-20 14:49:53.571 [INF] Microsoft.AspNetCore.Mvc.Infrastructure.ControllerActionInvoker | Route matched with {action = "GetMonthlyRosterFixed", controller = "ShiftAssignments"}. Executing controller action with signature System.Threading.Tasks.Task`1[Microsoft.AspNetCore.Mvc.IActionResult] GetMonthlyRosterFixed(System.String, System.String, System.Nullable`1[System.Int32]) on controller backend.Controllers.ShiftAssignmentsController (backend).
2026-03-20 14:49:53.607 [INF] Microsoft.AspNetCore.Mvc.Infrastructure.ObjectResultExecutor | Executing OkObjectResult, writing value of type 'System.Collections.Generic.List`1[[backend.Models.EmployeeSchedule, backend, Version=1.0.0.0, Culture=neutral, PublicKeyToken=null]]'.
2026-03-20 14:49:53.607 [INF] Microsoft.AspNetCore.Mvc.Infrastructure.ControllerActionInvoker | Executed action backend.Controllers.ShiftAssignmentsController.GetMonthlyRosterFixed (backend) in 36.5251ms
2026-03-20 14:49:53.607 [INF] Microsoft.AspNetCore.Routing.EndpointMiddleware | Executed endpoint 'backend.Controllers.ShiftAssignmentsController.GetMonthlyRosterFixed (backend)'
2026-03-20 14:49:53.607 [INF] Serilog.AspNetCore.RequestLoggingMiddleware | HTTP GET /api/ShiftAssignments/roster → 200 (36.7ms)
2026-03-20 14:49:53.607 [INF] Microsoft.AspNetCore.Hosting.Diagnostics | Request finished HTTP/1.1 GET http://localhost:5217/api/ShiftAssignments/roster?start=2026-03-20&end=2026-03-27&orgId=2 - 200 null application/json; charset=utf-8 37.0972ms
2026-03-20 14:49:53.653 [INF] Microsoft.AspNetCore.Hosting.Diagnostics | Request starting HTTP/1.1 OPTIONS http://localhost:5217/api/Attendance/status?employeeId=31&orgId=2 - null null
2026-03-20 14:49:53.653 [INF] Microsoft.AspNetCore.Cors.Infrastructure.CorsService | CORS policy execution successful.
2026-03-20 14:49:53.653 [INF] Microsoft.AspNetCore.Hosting.Diagnostics | Request finished HTTP/1.1 OPTIONS http://localhost:5217/api/Attendance/status?employeeId=31&orgId=2 - 204 null null 0.1556ms
2026-03-20 14:49:53.655 [INF] Microsoft.AspNetCore.Hosting.Diagnostics | Request starting HTTP/1.1 GET http://localhost:5217/api/Attendance/status?employeeId=31&orgId=2 - application/json null
2026-03-20 14:49:53.655 [INF] Microsoft.AspNetCore.Cors.Infrastructure.CorsService | CORS policy execution successful.
2026-03-20 14:49:53.655 [INF] Microsoft.AspNetCore.Cors.Infrastructure.CorsService | CORS policy execution successful.
2026-03-20 14:49:53.655 [INF] Microsoft.AspNetCore.Routing.EndpointMiddleware | Executing endpoint 'backend.Controllers.AttendanceController.GetTodayStatus (backend)'
2026-03-20 14:49:53.655 [INF] Microsoft.AspNetCore.Mvc.Infrastructure.ControllerActionInvoker | Route matched with {action = "GetTodayStatus", controller = "Attendance"}. Executing controller action with signature System.Threading.Tasks.Task`1[Microsoft.AspNetCore.Mvc.IActionResult] GetTodayStatus(Int32, System.Nullable`1[System.Int32]) on controller backend.Controllers.AttendanceController (backend).
2026-03-20 14:49:53.693 [INF] Microsoft.AspNetCore.Mvc.Infrastructure.ObjectResultExecutor | Executing OkObjectResult, writing value of type 'backend.Models.AttendanceStatusResponse'.
2026-03-20 14:49:53.693 [INF] Microsoft.AspNetCore.Mvc.Infrastructure.ControllerActionInvoker | Executed action backend.Controllers.AttendanceController.GetTodayStatus (backend) in 37.6553ms
2026-03-20 14:49:53.693 [INF] Microsoft.AspNetCore.Routing.EndpointMiddleware | Executed endpoint 'backend.Controllers.AttendanceController.GetTodayStatus (backend)'
2026-03-20 14:49:53.693 [INF] Serilog.AspNetCore.RequestLoggingMiddleware | HTTP GET /api/Attendance/status → 200 (37.8ms)
2026-03-20 14:49:53.693 [INF] Microsoft.AspNetCore.Hosting.Diagnostics | Request finished HTTP/1.1 GET http://localhost:5217/api/Attendance/status?employeeId=31&orgId=2 - 200 null application/json; charset=utf-8 38.1062ms
2026-03-20 14:49:57.533 [INF] Microsoft.AspNetCore.Hosting.Diagnostics | Request starting HTTP/1.1 GET http://localhost:5217/api/employees?organizationId=2 - application/json null
2026-03-20 14:49:57.533 [INF] Microsoft.AspNetCore.Cors.Infrastructure.CorsService | CORS policy execution successful.
2026-03-20 14:49:57.533 [INF] Microsoft.AspNetCore.Cors.Infrastructure.CorsService | CORS policy execution successful.
2026-03-20 14:49:57.533 [INF] Microsoft.AspNetCore.Routing.EndpointMiddleware | Executing endpoint 'backend.Controllers.EmployeesController.GetEmployees (backend)'
2026-03-20 14:49:57.533 [INF] Microsoft.AspNetCore.Mvc.Infrastructure.ControllerActionInvoker | Route matched with {action = "GetEmployees", controller = "Employees"}. Executing controller action with signature System.Threading.Tasks.Task`1[Microsoft.AspNetCore.Mvc.IActionResult] GetEmployees(System.Nullable`1[System.Int32]) on controller backend.Controllers.EmployeesController (backend).
2026-03-20 14:49:57.533 [INF] backend.Controllers.EmployeesController | [Employees] GET all | TargetOrgId=2 | UserOrgId=2
2026-03-20 14:49:57.545 [INF] Microsoft.AspNetCore.Mvc.Infrastructure.ObjectResultExecutor | Executing OkObjectResult, writing value of type 'System.Collections.Generic.List`1[[backend.Models.Employee, backend, Version=1.0.0.0, Culture=neutral, PublicKeyToken=null]]'.
2026-03-20 14:49:57.545 [INF] Microsoft.AspNetCore.Mvc.Infrastructure.ControllerActionInvoker | Executed action backend.Controllers.EmployeesController.GetEmployees (backend) in 12.0636ms
2026-03-20 14:49:57.545 [INF] Microsoft.AspNetCore.Routing.EndpointMiddleware | Executed endpoint 'backend.Controllers.EmployeesController.GetEmployees (backend)'
2026-03-20 14:49:57.545 [INF] Serilog.AspNetCore.RequestLoggingMiddleware | HTTP GET /api/employees → 200 (12.3ms)
2026-03-20 14:49:57.546 [INF] Microsoft.AspNetCore.Hosting.Diagnostics | Request finished HTTP/1.1 GET http://localhost:5217/api/employees?organizationId=2 - 200 null application/json; charset=utf-8 12.6233ms
2026-03-20 14:53:56.255 [INF] Microsoft.AspNetCore.Hosting.Diagnostics | Request starting HTTP/1.1 OPTIONS http://localhost:5217/api/auth/login - null null
2026-03-20 14:53:56.255 [INF] Microsoft.AspNetCore.Cors.Infrastructure.CorsService | CORS policy execution successful.
2026-03-20 14:53:56.255 [INF] Microsoft.AspNetCore.Hosting.Diagnostics | Request finished HTTP/1.1 OPTIONS http://localhost:5217/api/auth/login - 204 null null 0.2582ms
2026-03-20 14:53:56.257 [INF] Microsoft.AspNetCore.Hosting.Diagnostics | Request starting HTTP/1.1 POST http://localhost:5217/api/auth/login - application/json 62
2026-03-20 14:53:56.257 [INF] Microsoft.AspNetCore.Cors.Infrastructure.CorsService | CORS policy execution successful.
2026-03-20 14:53:56.257 [INF] Microsoft.AspNetCore.Cors.Infrastructure.CorsService | CORS policy execution successful.
2026-03-20 14:53:56.257 [INF] Microsoft.AspNetCore.Routing.EndpointMiddleware | Executing endpoint 'backend.Controllers.AuthController.Login (backend)'
2026-03-20 14:53:56.257 [INF] Microsoft.AspNetCore.Mvc.Infrastructure.ControllerActionInvoker | Route matched with {action = "Login", controller = "Auth"}. Executing controller action with signature System.Threading.Tasks.Task`1[Microsoft.AspNetCore.Mvc.IActionResult] Login(backend.Models.LoginRequest) on controller backend.Controllers.AuthController (backend).
2026-03-20 14:53:56.259 [INF] backend.Controllers.AuthController | [Auth] Login attempt | Email=vasanth2004vk@gmail.com
2026-03-20 14:53:56.738 [INF] backend.Controllers.AuthController | [Auth] User login session recorded | UserId=18 | TokenExpiry="2026-03-21T09:23:56.7129833Z"
2026-03-20 14:53:56.738 [INF] backend.Controllers.AuthController | [Auth] Login SUCCESS | Email=vasanth2004vk@gmail.com | EffectiveRole=SuperAdmin | OrgId=2
2026-03-20 14:53:56.738 [INF] Microsoft.AspNetCore.Mvc.Infrastructure.ObjectResultExecutor | Executing OkObjectResult, writing value of type '<>f__AnonymousType13`2[[System.String, System.Private.CoreLib, Version=10.0.0.0, Culture=neutral, PublicKeyToken=7cec85d7bea7798e],[<>f__AnonymousType14`6[[System.Int32, System.Private.CoreLib, Version=10.0.0.0, Culture=neutral, PublicKeyToken=7cec85d7bea7798e],[System.String, System.Private.CoreLib, Version=10.0.0.0, Culture=neutral, PublicKeyToken=7cec85d7bea7798e],[System.String, System.Private.CoreLib, Version=10.0.0.0, Culture=neutral, PublicKeyToken=7cec85d7bea7798e],[System.String, System.Private.CoreLib, Version=10.0.0.0, Culture=neutral, PublicKeyToken=7cec85d7bea7798e],[System.Nullable`1[[System.Int32, System.Private.CoreLib, Version=10.0.0.0, Culture=neutral, PublicKeyToken=7cec85d7bea7798e]], System.Private.CoreLib, Version=10.0.0.0, Culture=neutral, PublicKeyToken=7cec85d7bea7798e],[System.String, System.Private.CoreLib, Version=10.0.0.0, Culture=neutral, PublicKeyToken=7cec85d7bea7798e]], backend, Version=1.0.0.0, Culture=neutral, PublicKeyToken=null]]'.
2026-03-20 14:53:56.738 [INF] Microsoft.AspNetCore.Mvc.Infrastructure.ControllerActionInvoker | Executed action backend.Controllers.AuthController.Login (backend) in 480.8656ms
2026-03-20 14:53:56.738 [INF] Microsoft.AspNetCore.Routing.EndpointMiddleware | Executed endpoint 'backend.Controllers.AuthController.Login (backend)'
2026-03-20 14:53:56.738 [INF] Serilog.AspNetCore.RequestLoggingMiddleware | HTTP POST /api/auth/login → 200 (481.0ms)
2026-03-20 14:53:56.738 [INF] Microsoft.AspNetCore.Hosting.Diagnostics | Request finished HTTP/1.1 POST http://localhost:5217/api/auth/login - 200 null application/json; charset=utf-8 481.7711ms
2026-03-20 14:53:58.654 [INF] Microsoft.AspNetCore.Hosting.Diagnostics | Request starting HTTP/1.1 OPTIONS http://localhost:5217/api/organizations - null null
2026-03-20 14:53:58.654 [INF] Microsoft.AspNetCore.Cors.Infrastructure.CorsService | CORS policy execution successful.
2026-03-20 14:53:58.654 [INF] Microsoft.AspNetCore.Hosting.Diagnostics | Request finished HTTP/1.1 OPTIONS http://localhost:5217/api/organizations - 204 null null 0.177ms
2026-03-20 14:53:58.657 [INF] Microsoft.AspNetCore.Hosting.Diagnostics | Request starting HTTP/1.1 OPTIONS http://localhost:5217/api/organizations - null null
2026-03-20 14:53:58.657 [INF] Microsoft.AspNetCore.Cors.Infrastructure.CorsService | CORS policy execution successful.
2026-03-20 14:53:58.657 [INF] Microsoft.AspNetCore.Hosting.Diagnostics | Request finished HTTP/1.1 OPTIONS http://localhost:5217/api/organizations - 204 null null 0.415ms
2026-03-20 14:53:58.659 [INF] Microsoft.AspNetCore.Hosting.Diagnostics | Request starting HTTP/1.1 GET http://localhost:5217/api/organizations - application/json null
2026-03-20 14:53:58.659 [INF] Microsoft.AspNetCore.Cors.Infrastructure.CorsService | CORS policy execution successful.
2026-03-20 14:53:58.659 [INF] Microsoft.AspNetCore.Cors.Infrastructure.CorsService | CORS policy execution successful.
2026-03-20 14:53:58.659 [INF] Microsoft.AspNetCore.Routing.EndpointMiddleware | Executing endpoint 'backend.Controllers.OrganizationsController.GetOrganizations (backend)'
2026-03-20 14:53:58.659 [INF] Microsoft.AspNetCore.Mvc.Infrastructure.ControllerActionInvoker | Route matched with {action = "GetOrganizations", controller = "Organizations"}. Executing controller action with signature System.Threading.Tasks.Task`1[Microsoft.AspNetCore.Mvc.IActionResult] GetOrganizations() on controller backend.Controllers.OrganizationsController (backend).
2026-03-20 14:53:58.660 [INF] backend.Controllers.OrganizationsController | [Orgs] GET all requested | Role=SuperAdmin | UserId=18
2026-03-20 14:53:58.684 [INF] Microsoft.AspNetCore.Mvc.Infrastructure.ObjectResultExecutor | Executing OkObjectResult, writing value of type 'System.Collections.Generic.List`1[[backend.Models.Organization, backend, Version=1.0.0.0, Culture=neutral, PublicKeyToken=null]]'.
2026-03-20 14:53:58.684 [INF] Microsoft.AspNetCore.Mvc.Infrastructure.ControllerActionInvoker | Executed action backend.Controllers.OrganizationsController.GetOrganizations (backend) in 24.6726ms
2026-03-20 14:53:58.684 [INF] Microsoft.AspNetCore.Routing.EndpointMiddleware | Executed endpoint 'backend.Controllers.OrganizationsController.GetOrganizations (backend)'
2026-03-20 14:53:58.684 [INF] Serilog.AspNetCore.RequestLoggingMiddleware | HTTP GET /api/organizations → 200 (25.0ms)
2026-03-20 14:53:58.684 [INF] Microsoft.AspNetCore.Hosting.Diagnostics | Request finished HTTP/1.1 GET http://localhost:5217/api/organizations - 200 null application/json; charset=utf-8 25.5765ms
2026-03-20 14:53:58.695 [INF] Microsoft.AspNetCore.Hosting.Diagnostics | Request starting HTTP/1.1 GET http://localhost:5217/api/organizations - application/json null
2026-03-20 14:53:58.696 [INF] Microsoft.AspNetCore.Cors.Infrastructure.CorsService | CORS policy execution successful.
2026-03-20 14:53:58.696 [INF] Microsoft.AspNetCore.Cors.Infrastructure.CorsService | CORS policy execution successful.
2026-03-20 14:53:58.697 [INF] Microsoft.AspNetCore.Routing.EndpointMiddleware | Executing endpoint 'backend.Controllers.OrganizationsController.GetOrganizations (backend)'
2026-03-20 14:53:58.697 [INF] Microsoft.AspNetCore.Mvc.Infrastructure.ControllerActionInvoker | Route matched with {action = "GetOrganizations", controller = "Organizations"}. Executing controller action with signature System.Threading.Tasks.Task`1[Microsoft.AspNetCore.Mvc.IActionResult] GetOrganizations() on controller backend.Controllers.OrganizationsController (backend).
2026-03-20 14:53:58.697 [INF] backend.Controllers.OrganizationsController | [Orgs] GET all requested | Role=SuperAdmin | UserId=18
2026-03-20 14:53:58.709 [INF] Microsoft.AspNetCore.Mvc.Infrastructure.ObjectResultExecutor | Executing OkObjectResult, writing value of type 'System.Collections.Generic.List`1[[backend.Models.Organization, backend, Version=1.0.0.0, Culture=neutral, PublicKeyToken=null]]'.
2026-03-20 14:53:58.709 [INF] Microsoft.AspNetCore.Mvc.Infrastructure.ControllerActionInvoker | Executed action backend.Controllers.OrganizationsController.GetOrganizations (backend) in 12.58ms
2026-03-20 14:53:58.709 [INF] Microsoft.AspNetCore.Routing.EndpointMiddleware | Executed endpoint 'backend.Controllers.OrganizationsController.GetOrganizations (backend)'
2026-03-20 14:53:58.710 [INF] Serilog.AspNetCore.RequestLoggingMiddleware | HTTP GET /api/organizations → 200 (13.1ms)
2026-03-20 14:53:58.710 [INF] Microsoft.AspNetCore.Hosting.Diagnostics | Request finished HTTP/1.1 GET http://localhost:5217/api/organizations - 200 null application/json; charset=utf-8 14.2611ms
2026-03-20 14:53:58.773 [INF] Microsoft.AspNetCore.Hosting.Diagnostics | Request starting HTTP/1.1 OPTIONS http://localhost:5217/api/leads - null null
2026-03-20 14:53:58.773 [INF] Microsoft.AspNetCore.Cors.Infrastructure.CorsService | CORS policy execution successful.
2026-03-20 14:53:58.773 [INF] Microsoft.AspNetCore.Hosting.Diagnostics | Request finished HTTP/1.1 OPTIONS http://localhost:5217/api/leads - 204 null null 0.1529ms
2026-03-20 14:53:58.776 [INF] Microsoft.AspNetCore.Hosting.Diagnostics | Request starting HTTP/1.1 GET http://localhost:5217/api/leads - application/json null
2026-03-20 14:53:58.776 [INF] Microsoft.AspNetCore.Cors.Infrastructure.CorsService | CORS policy execution successful.
2026-03-20 14:53:58.776 [INF] Microsoft.AspNetCore.Cors.Infrastructure.CorsService | CORS policy execution successful.
2026-03-20 14:53:58.776 [INF] Microsoft.AspNetCore.Routing.EndpointMiddleware | Executing endpoint 'backend.Controllers.LeadsController.GetLeads (backend)'
2026-03-20 14:53:58.776 [INF] Microsoft.AspNetCore.Mvc.Infrastructure.ControllerActionInvoker | Route matched with {action = "GetLeads", controller = "Leads"}. Executing controller action with signature System.Threading.Tasks.Task`1[System.Collections.Generic.IEnumerable`1[backend.Models.Lead]] GetLeads() on controller backend.Controllers.LeadsController (backend).
2026-03-20 14:53:58.806 [INF] Microsoft.AspNetCore.Mvc.Infrastructure.ObjectResultExecutor | Executing ObjectResult, writing value of type 'System.Collections.Generic.List`1[[backend.Models.Lead, backend, Version=1.0.0.0, Culture=neutral, PublicKeyToken=null]]'.
2026-03-20 14:53:58.807 [INF] Microsoft.AspNetCore.Mvc.Infrastructure.ControllerActionInvoker | Executed action backend.Controllers.LeadsController.GetLeads (backend) in 30.633ms
2026-03-20 14:53:58.807 [INF] Microsoft.AspNetCore.Routing.EndpointMiddleware | Executed endpoint 'backend.Controllers.LeadsController.GetLeads (backend)'
2026-03-20 14:53:58.807 [INF] Serilog.AspNetCore.RequestLoggingMiddleware | HTTP GET /api/leads → 200 (30.8ms)
2026-03-20 14:53:58.807 [INF] Microsoft.AspNetCore.Hosting.Diagnostics | Request finished HTTP/1.1 GET http://localhost:5217/api/leads - 200 null application/json; charset=utf-8 31.1164ms
2026-03-20 14:53:58.809 [INF] Microsoft.AspNetCore.Hosting.Diagnostics | Request starting HTTP/1.1 GET http://localhost:5217/api/leads - application/json null
2026-03-20 14:53:58.810 [INF] Microsoft.AspNetCore.Cors.Infrastructure.CorsService | CORS policy execution successful.
2026-03-20 14:53:58.810 [INF] Microsoft.AspNetCore.Cors.Infrastructure.CorsService | CORS policy execution successful.
2026-03-20 14:53:58.813 [INF] Microsoft.AspNetCore.Routing.EndpointMiddleware | Executing endpoint 'backend.Controllers.LeadsController.GetLeads (backend)'
2026-03-20 14:53:58.813 [INF] Microsoft.AspNetCore.Mvc.Infrastructure.ControllerActionInvoker | Route matched with {action = "GetLeads", controller = "Leads"}. Executing controller action with signature System.Threading.Tasks.Task`1[System.Collections.Generic.IEnumerable`1[backend.Models.Lead]] GetLeads() on controller backend.Controllers.LeadsController (backend).
2026-03-20 14:53:58.819 [INF] Microsoft.AspNetCore.Hosting.Diagnostics | Request starting HTTP/1.1 GET http://localhost:5217/uploads/org-logos/org-logo-5873c475d91d4bbd9046deec667d136c.jpg - null null
2026-03-20 14:53:58.819 [INF] Microsoft.AspNetCore.Cors.Infrastructure.CorsService | CORS policy execution successful.
2026-03-20 14:53:58.821 [INF] Microsoft.AspNetCore.StaticFiles.StaticFileMiddleware | The file /uploads/org-logos/org-logo-5873c475d91d4bbd9046deec667d136c.jpg was not modified
2026-03-20 14:53:58.821 [INF] Microsoft.AspNetCore.Hosting.Diagnostics | Request finished HTTP/1.1 GET http://localhost:5217/uploads/org-logos/org-logo-5873c475d91d4bbd9046deec667d136c.jpg - 304 null image/jpeg 2.1623ms
2026-03-20 14:53:58.830 [INF] Microsoft.AspNetCore.Mvc.Infrastructure.ObjectResultExecutor | Executing ObjectResult, writing value of type 'System.Collections.Generic.List`1[[backend.Models.Lead, backend, Version=1.0.0.0, Culture=neutral, PublicKeyToken=null]]'.
2026-03-20 14:53:58.830 [INF] Microsoft.AspNetCore.Mvc.Infrastructure.ControllerActionInvoker | Executed action backend.Controllers.LeadsController.GetLeads (backend) in 17.293ms
2026-03-20 14:53:58.830 [INF] Microsoft.AspNetCore.Routing.EndpointMiddleware | Executed endpoint 'backend.Controllers.LeadsController.GetLeads (backend)'
2026-03-20 14:53:58.830 [INF] Serilog.AspNetCore.RequestLoggingMiddleware | HTTP GET /api/leads → 200 (17.5ms)
2026-03-20 14:53:58.830 [INF] Microsoft.AspNetCore.Hosting.Diagnostics | Request finished HTTP/1.1 GET http://localhost:5217/api/leads - 200 null application/json; charset=utf-8 21.1658ms
2026-03-20 14:53:58.831 [INF] Microsoft.AspNetCore.Hosting.Diagnostics | Request starting HTTP/1.1 GET http://localhost:5217/uploads/org-logos/org-logo-f3e5c29a5727487a9d6c2a5527e8919d.png - null null
2026-03-20 14:53:58.831 [INF] Microsoft.AspNetCore.Cors.Infrastructure.CorsService | CORS policy execution successful.
2026-03-20 14:53:58.831 [INF] Microsoft.AspNetCore.StaticFiles.StaticFileMiddleware | The file /uploads/org-logos/org-logo-f3e5c29a5727487a9d6c2a5527e8919d.png was not modified
2026-03-20 14:53:58.831 [INF] Microsoft.AspNetCore.Hosting.Diagnostics | Request finished HTTP/1.1 GET http://localhost:5217/uploads/org-logos/org-logo-f3e5c29a5727487a9d6c2a5527e8919d.png - 304 null image/png 0.5208ms
2026-03-20 14:53:58.839 [INF] Microsoft.AspNetCore.Hosting.Diagnostics | Request starting HTTP/1.1 GET http://localhost:5217/uploads/org-logos/org-logo-6fcb4a5d7f2e442f800ddd9bde90c680.jpg - null null
2026-03-20 14:53:58.839 [INF] Microsoft.AspNetCore.Cors.Infrastructure.CorsService | CORS policy execution successful.
2026-03-20 14:53:58.843 [INF] Microsoft.AspNetCore.StaticFiles.StaticFileMiddleware | The file /uploads/org-logos/org-logo-6fcb4a5d7f2e442f800ddd9bde90c680.jpg was not modified
2026-03-20 14:53:58.843 [INF] Microsoft.AspNetCore.Hosting.Diagnostics | Request finished HTTP/1.1 GET http://localhost:5217/uploads/org-logos/org-logo-6fcb4a5d7f2e442f800ddd9bde90c680.jpg - 304 null image/jpeg 3.7398ms
2026-03-20 14:53:58.923 [INF] Microsoft.AspNetCore.Hosting.Diagnostics | Request starting HTTP/1.1 OPTIONS http://localhost:5217/api/employees?organizationId=2 - null null
2026-03-20 14:53:58.923 [INF] Microsoft.AspNetCore.Cors.Infrastructure.CorsService | CORS policy execution successful.
2026-03-20 14:53:58.923 [INF] Microsoft.AspNetCore.Hosting.Diagnostics | Request finished HTTP/1.1 OPTIONS http://localhost:5217/api/employees?organizationId=2 - 204 null null 0.1851ms
2026-03-20 14:53:58.925 [INF] Microsoft.AspNetCore.Hosting.Diagnostics | Request starting HTTP/1.1 GET http://localhost:5217/api/employees?organizationId=2 - application/json null
2026-03-20 14:53:58.925 [INF] Microsoft.AspNetCore.Cors.Infrastructure.CorsService | CORS policy execution successful.
2026-03-20 14:53:58.925 [INF] Microsoft.AspNetCore.Cors.Infrastructure.CorsService | CORS policy execution successful.
2026-03-20 14:53:58.925 [INF] Microsoft.AspNetCore.Routing.EndpointMiddleware | Executing endpoint 'backend.Controllers.EmployeesController.GetEmployees (backend)'
2026-03-20 14:53:58.925 [INF] Microsoft.AspNetCore.Mvc.Infrastructure.ControllerActionInvoker | Route matched with {action = "GetEmployees", controller = "Employees"}. Executing controller action with signature System.Threading.Tasks.Task`1[Microsoft.AspNetCore.Mvc.IActionResult] GetEmployees(System.Nullable`1[System.Int32]) on controller backend.Controllers.EmployeesController (backend).
2026-03-20 14:53:58.925 [INF] backend.Controllers.EmployeesController | [Employees] GET all | TargetOrgId=2 | UserOrgId=2
2026-03-20 14:53:58.930 [INF] Microsoft.AspNetCore.Hosting.Diagnostics | Request starting HTTP/1.1 OPTIONS http://localhost:5217/api/ShiftAssignments/roster?start=2026-03-20&end=2026-03-27 - null null
2026-03-20 14:53:58.930 [INF] Microsoft.AspNetCore.Cors.Infrastructure.CorsService | CORS policy execution successful.
2026-03-20 14:53:58.930 [INF] Microsoft.AspNetCore.Hosting.Diagnostics | Request finished HTTP/1.1 OPTIONS http://localhost:5217/api/ShiftAssignments/roster?start=2026-03-20&end=2026-03-27 - 204 null null 0.3471ms
2026-03-20 14:53:58.933 [INF] Microsoft.AspNetCore.Hosting.Diagnostics | Request starting HTTP/1.1 GET http://localhost:5217/api/ShiftAssignments/roster?start=2026-03-20&end=2026-03-27 - application/json null
2026-03-20 14:53:58.933 [INF] Microsoft.AspNetCore.Cors.Infrastructure.CorsService | CORS policy execution successful.
2026-03-20 14:53:58.933 [INF] Microsoft.AspNetCore.Cors.Infrastructure.CorsService | CORS policy execution successful.
2026-03-20 14:53:58.933 [INF] Microsoft.AspNetCore.Routing.EndpointMiddleware | Executing endpoint 'backend.Controllers.ShiftAssignmentsController.GetMonthlyRosterFixed (backend)'
2026-03-20 14:53:58.933 [INF] Microsoft.AspNetCore.Mvc.Infrastructure.ControllerActionInvoker | Route matched with {action = "GetMonthlyRosterFixed", controller = "ShiftAssignments"}. Executing controller action with signature System.Threading.Tasks.Task`1[Microsoft.AspNetCore.Mvc.IActionResult] GetMonthlyRosterFixed(System.String, System.String, System.Nullable`1[System.Int32]) on controller backend.Controllers.ShiftAssignmentsController (backend).
2026-03-20 14:53:58.973 [INF] Microsoft.AspNetCore.Mvc.Infrastructure.ObjectResultExecutor | Executing OkObjectResult, writing value of type 'System.Collections.Generic.List`1[[backend.Models.Employee, backend, Version=1.0.0.0, Culture=neutral, PublicKeyToken=null]]'.
2026-03-20 14:53:58.973 [INF] Microsoft.AspNetCore.Mvc.Infrastructure.ControllerActionInvoker | Executed action backend.Controllers.EmployeesController.GetEmployees (backend) in 48.1493ms
2026-03-20 14:53:58.973 [INF] Microsoft.AspNetCore.Routing.EndpointMiddleware | Executed endpoint 'backend.Controllers.EmployeesController.GetEmployees (backend)'
2026-03-20 14:53:58.973 [INF] Serilog.AspNetCore.RequestLoggingMiddleware | HTTP GET /api/employees → 200 (48.4ms)
2026-03-20 14:53:58.973 [INF] Microsoft.AspNetCore.Hosting.Diagnostics | Request finished HTTP/1.1 GET http://localhost:5217/api/employees?organizationId=2 - 200 null application/json; charset=utf-8 48.7017ms
2026-03-20 14:53:58.995 [INF] Microsoft.AspNetCore.Hosting.Diagnostics | Request starting HTTP/1.1 OPTIONS http://localhost:5217/api/ShiftAssignments/roster?start=2026-03-20&end=2026-03-27&orgId=2 - null null
2026-03-20 14:53:58.995 [INF] Microsoft.AspNetCore.Cors.Infrastructure.CorsService | CORS policy execution successful.
2026-03-20 14:53:58.995 [INF] Microsoft.AspNetCore.Hosting.Diagnostics | Request finished HTTP/1.1 OPTIONS http://localhost:5217/api/ShiftAssignments/roster?start=2026-03-20&end=2026-03-27&orgId=2 - 204 null null 0.1675ms
2026-03-20 14:53:58.997 [INF] Microsoft.AspNetCore.Hosting.Diagnostics | Request starting HTTP/1.1 GET http://localhost:5217/api/ShiftAssignments/roster?start=2026-03-20&end=2026-03-27&orgId=2 - application/json null
2026-03-20 14:53:58.997 [INF] Microsoft.AspNetCore.Cors.Infrastructure.CorsService | CORS policy execution successful.
2026-03-20 14:53:58.997 [INF] Microsoft.AspNetCore.Cors.Infrastructure.CorsService | CORS policy execution successful.
2026-03-20 14:53:58.997 [INF] Microsoft.AspNetCore.Routing.EndpointMiddleware | Executing endpoint 'backend.Controllers.ShiftAssignmentsController.GetMonthlyRosterFixed (backend)'
2026-03-20 14:53:58.997 [INF] Microsoft.AspNetCore.Mvc.Infrastructure.ControllerActionInvoker | Route matched with {action = "GetMonthlyRosterFixed", controller = "ShiftAssignments"}. Executing controller action with signature System.Threading.Tasks.Task`1[Microsoft.AspNetCore.Mvc.IActionResult] GetMonthlyRosterFixed(System.String, System.String, System.Nullable`1[System.Int32]) on controller backend.Controllers.ShiftAssignmentsController (backend).
2026-03-20 14:53:59.021 [INF] Microsoft.AspNetCore.Hosting.Diagnostics | Request starting HTTP/1.1 GET http://localhost:5217/uploads/employee-photos/emp-31.jpg - null null
2026-03-20 14:53:59.021 [INF] Microsoft.AspNetCore.Cors.Infrastructure.CorsService | CORS policy execution successful.
2026-03-20 14:53:59.022 [INF] Microsoft.AspNetCore.StaticFiles.StaticFileMiddleware | The file /uploads/employee-photos/emp-31.jpg was not modified
2026-03-20 14:53:59.022 [INF] Microsoft.AspNetCore.Hosting.Diagnostics | Request finished HTTP/1.1 GET http://localhost:5217/uploads/employee-photos/emp-31.jpg - 304 null image/jpeg 0.899ms
2026-03-20 14:53:59.024 [INF] Microsoft.AspNetCore.Mvc.Infrastructure.ObjectResultExecutor | Executing OkObjectResult, writing value of type 'System.Collections.Generic.List`1[[backend.Models.EmployeeSchedule, backend, Version=1.0.0.0, Culture=neutral, PublicKeyToken=null]]'.
2026-03-20 14:53:59.024 [INF] Microsoft.AspNetCore.Mvc.Infrastructure.ControllerActionInvoker | Executed action backend.Controllers.ShiftAssignmentsController.GetMonthlyRosterFixed (backend) in 27.0238ms
2026-03-20 14:53:59.024 [INF] Microsoft.AspNetCore.Routing.EndpointMiddleware | Executed endpoint 'backend.Controllers.ShiftAssignmentsController.GetMonthlyRosterFixed (backend)'
2026-03-20 14:53:59.025 [INF] Serilog.AspNetCore.RequestLoggingMiddleware | HTTP GET /api/ShiftAssignments/roster → 200 (27.3ms)
2026-03-20 14:53:59.025 [INF] Microsoft.AspNetCore.Hosting.Diagnostics | Request finished HTTP/1.1 GET http://localhost:5217/api/ShiftAssignments/roster?start=2026-03-20&end=2026-03-27&orgId=2 - 200 null application/json; charset=utf-8 27.7169ms
2026-03-20 14:53:59.030 [INF] Microsoft.AspNetCore.Mvc.Infrastructure.ObjectResultExecutor | Executing OkObjectResult, writing value of type 'System.Collections.Generic.List`1[[backend.Models.EmployeeSchedule, backend, Version=1.0.0.0, Culture=neutral, PublicKeyToken=null]]'.
2026-03-20 14:53:59.031 [INF] Microsoft.AspNetCore.Mvc.Infrastructure.ControllerActionInvoker | Executed action backend.Controllers.ShiftAssignmentsController.GetMonthlyRosterFixed (backend) in 97.1957ms
2026-03-20 14:53:59.031 [INF] Microsoft.AspNetCore.Routing.EndpointMiddleware | Executed endpoint 'backend.Controllers.ShiftAssignmentsController.GetMonthlyRosterFixed (backend)'
2026-03-20 14:53:59.031 [INF] Serilog.AspNetCore.RequestLoggingMiddleware | HTTP GET /api/ShiftAssignments/roster → 200 (97.5ms)
2026-03-20 14:53:59.031 [INF] Microsoft.AspNetCore.Hosting.Diagnostics | Request finished HTTP/1.1 GET http://localhost:5217/api/ShiftAssignments/roster?start=2026-03-20&end=2026-03-27 - 200 null application/json; charset=utf-8 97.8844ms
2026-03-20 14:53:59.126 [INF] Microsoft.AspNetCore.Hosting.Diagnostics | Request starting HTTP/1.1 OPTIONS http://localhost:5217/api/Attendance/status?employeeId=31&orgId=2 - null null
2026-03-20 14:53:59.127 [INF] Microsoft.AspNetCore.Cors.Infrastructure.CorsService | CORS policy execution successful.
2026-03-20 14:53:59.127 [INF] Microsoft.AspNetCore.Hosting.Diagnostics | Request finished HTTP/1.1 OPTIONS http://localhost:5217/api/Attendance/status?employeeId=31&orgId=2 - 204 null null 1.0243ms
2026-03-20 14:53:59.141 [INF] Microsoft.AspNetCore.Hosting.Diagnostics | Request starting HTTP/1.1 GET http://localhost:5217/api/Attendance/status?employeeId=31&orgId=2 - application/json null
2026-03-20 14:53:59.142 [INF] Microsoft.AspNetCore.Cors.Infrastructure.CorsService | CORS policy execution successful.
2026-03-20 14:53:59.142 [INF] Microsoft.AspNetCore.Cors.Infrastructure.CorsService | CORS policy execution successful.
2026-03-20 14:53:59.143 [INF] Microsoft.AspNetCore.Routing.EndpointMiddleware | Executing endpoint 'backend.Controllers.AttendanceController.GetTodayStatus (backend)'
2026-03-20 14:53:59.143 [INF] Microsoft.AspNetCore.Mvc.Infrastructure.ControllerActionInvoker | Route matched with {action = "GetTodayStatus", controller = "Attendance"}. Executing controller action with signature System.Threading.Tasks.Task`1[Microsoft.AspNetCore.Mvc.IActionResult] GetTodayStatus(Int32, System.Nullable`1[System.Int32]) on controller backend.Controllers.AttendanceController (backend).
2026-03-20 14:53:59.195 [INF] Microsoft.AspNetCore.Mvc.Infrastructure.ObjectResultExecutor | Executing OkObjectResult, writing value of type 'backend.Models.AttendanceStatusResponse'.
2026-03-20 14:53:59.195 [INF] Microsoft.AspNetCore.Mvc.Infrastructure.ControllerActionInvoker | Executed action backend.Controllers.AttendanceController.GetTodayStatus (backend) in 52.546ms
2026-03-20 14:53:59.195 [INF] Microsoft.AspNetCore.Routing.EndpointMiddleware | Executed endpoint 'backend.Controllers.AttendanceController.GetTodayStatus (backend)'
2026-03-20 14:53:59.195 [INF] Serilog.AspNetCore.RequestLoggingMiddleware | HTTP GET /api/Attendance/status → 200 (52.7ms)
2026-03-20 14:53:59.195 [INF] Microsoft.AspNetCore.Hosting.Diagnostics | Request finished HTTP/1.1 GET http://localhost:5217/api/Attendance/status?employeeId=31&orgId=2 - 200 null application/json; charset=utf-8 54.4761ms
2026-03-20 14:54:02.688 [INF] Microsoft.AspNetCore.Hosting.Diagnostics | Request starting HTTP/1.1 GET http://localhost:5217/api/employees?organizationId=2 - application/json null
2026-03-20 14:54:02.688 [INF] Microsoft.AspNetCore.Cors.Infrastructure.CorsService | CORS policy execution successful.
2026-03-20 14:54:02.688 [INF] Microsoft.AspNetCore.Cors.Infrastructure.CorsService | CORS policy execution successful.
2026-03-20 14:54:02.689 [INF] Microsoft.AspNetCore.Routing.EndpointMiddleware | Executing endpoint 'backend.Controllers.EmployeesController.GetEmployees (backend)'
2026-03-20 14:54:02.689 [INF] Microsoft.AspNetCore.Mvc.Infrastructure.ControllerActionInvoker | Route matched with {action = "GetEmployees", controller = "Employees"}. Executing controller action with signature System.Threading.Tasks.Task`1[Microsoft.AspNetCore.Mvc.IActionResult] GetEmployees(System.Nullable`1[System.Int32]) on controller backend.Controllers.EmployeesController (backend).
2026-03-20 14:54:02.689 [INF] backend.Controllers.EmployeesController | [Employees] GET all | TargetOrgId=2 | UserOrgId=2
2026-03-20 14:54:02.706 [INF] Microsoft.AspNetCore.Mvc.Infrastructure.ObjectResultExecutor | Executing OkObjectResult, writing value of type 'System.Collections.Generic.List`1[[backend.Models.Employee, backend, Version=1.0.0.0, Culture=neutral, PublicKeyToken=null]]'.
2026-03-20 14:54:02.706 [INF] Microsoft.AspNetCore.Mvc.Infrastructure.ControllerActionInvoker | Executed action backend.Controllers.EmployeesController.GetEmployees (backend) in 17.4144ms
2026-03-20 14:54:02.706 [INF] Microsoft.AspNetCore.Routing.EndpointMiddleware | Executed endpoint 'backend.Controllers.EmployeesController.GetEmployees (backend)'
2026-03-20 14:54:02.706 [INF] Serilog.AspNetCore.RequestLoggingMiddleware | HTTP GET /api/employees → 200 (17.6ms)
2026-03-20 14:54:02.706 [INF] Microsoft.AspNetCore.Hosting.Diagnostics | Request finished HTTP/1.1 GET http://localhost:5217/api/employees?organizationId=2 - 200 null application/json; charset=utf-8 17.9797ms
2026-03-20 14:59:33.172 [INF] Microsoft.AspNetCore.Hosting.Diagnostics | Request starting HTTP/1.1 OPTIONS http://localhost:5217/api/organizations - null null
2026-03-20 14:59:33.173 [INF] Microsoft.AspNetCore.Cors.Infrastructure.CorsService | CORS policy execution successful.
2026-03-20 14:59:33.173 [INF] Microsoft.AspNetCore.Hosting.Diagnostics | Request finished HTTP/1.1 OPTIONS http://localhost:5217/api/organizations - 204 null null 0.3137ms
2026-03-20 14:59:33.178 [INF] Microsoft.AspNetCore.Hosting.Diagnostics | Request starting HTTP/1.1 GET http://localhost:5217/api/organizations - application/json null
2026-03-20 14:59:33.178 [INF] Microsoft.AspNetCore.Cors.Infrastructure.CorsService | CORS policy execution successful.
2026-03-20 14:59:33.178 [INF] Microsoft.AspNetCore.Cors.Infrastructure.CorsService | CORS policy execution successful.
2026-03-20 14:59:33.179 [INF] Microsoft.AspNetCore.Routing.EndpointMiddleware | Executing endpoint 'backend.Controllers.OrganizationsController.GetOrganizations (backend)'
2026-03-20 14:59:33.179 [INF] Microsoft.AspNetCore.Mvc.Infrastructure.ControllerActionInvoker | Route matched with {action = "GetOrganizations", controller = "Organizations"}. Executing controller action with signature System.Threading.Tasks.Task`1[Microsoft.AspNetCore.Mvc.IActionResult] GetOrganizations() on controller backend.Controllers.OrganizationsController (backend).
2026-03-20 14:59:33.179 [INF] backend.Controllers.OrganizationsController | [Orgs] GET all requested | Role=SuperAdmin | UserId=18
2026-03-20 14:59:33.190 [INF] Microsoft.AspNetCore.Mvc.Infrastructure.ObjectResultExecutor | Executing OkObjectResult, writing value of type 'System.Collections.Generic.List`1[[backend.Models.Organization, backend, Version=1.0.0.0, Culture=neutral, PublicKeyToken=null]]'.
2026-03-20 14:59:33.190 [INF] Microsoft.AspNetCore.Mvc.Infrastructure.ControllerActionInvoker | Executed action backend.Controllers.OrganizationsController.GetOrganizations (backend) in 10.8644ms
2026-03-20 14:59:33.190 [INF] Microsoft.AspNetCore.Routing.EndpointMiddleware | Executed endpoint 'backend.Controllers.OrganizationsController.GetOrganizations (backend)'
2026-03-20 14:59:33.190 [INF] Serilog.AspNetCore.RequestLoggingMiddleware | HTTP GET /api/organizations → 200 (11.1ms)
2026-03-20 14:59:33.190 [INF] Microsoft.AspNetCore.Hosting.Diagnostics | Request finished HTTP/1.1 GET http://localhost:5217/api/organizations - 200 null application/json; charset=utf-8 11.5877ms
2026-03-20 14:59:33.238 [INF] Microsoft.AspNetCore.Hosting.Diagnostics | Request starting HTTP/1.1 OPTIONS http://localhost:5217/api/leads - null null
2026-03-20 14:59:33.238 [INF] Microsoft.AspNetCore.Cors.Infrastructure.CorsService | CORS policy execution successful.
2026-03-20 14:59:33.239 [INF] Microsoft.AspNetCore.Hosting.Diagnostics | Request finished HTTP/1.1 OPTIONS http://localhost:5217/api/leads - 204 null null 0.2013ms
2026-03-20 14:59:33.243 [INF] Microsoft.AspNetCore.Hosting.Diagnostics | Request starting HTTP/1.1 GET http://localhost:5217/api/leads - application/json null
2026-03-20 14:59:33.243 [INF] Microsoft.AspNetCore.Cors.Infrastructure.CorsService | CORS policy execution successful.
2026-03-20 14:59:33.243 [INF] Microsoft.AspNetCore.Cors.Infrastructure.CorsService | CORS policy execution successful.
2026-03-20 14:59:33.243 [INF] Microsoft.AspNetCore.Routing.EndpointMiddleware | Executing endpoint 'backend.Controllers.LeadsController.GetLeads (backend)'
2026-03-20 14:59:33.243 [INF] Microsoft.AspNetCore.Mvc.Infrastructure.ControllerActionInvoker | Route matched with {action = "GetLeads", controller = "Leads"}. Executing controller action with signature System.Threading.Tasks.Task`1[System.Collections.Generic.IEnumerable`1[backend.Models.Lead]] GetLeads() on controller backend.Controllers.LeadsController (backend).
2026-03-20 14:59:33.260 [INF] Microsoft.AspNetCore.Mvc.Infrastructure.ObjectResultExecutor | Executing ObjectResult, writing value of type 'System.Collections.Generic.List`1[[backend.Models.Lead, backend, Version=1.0.0.0, Culture=neutral, PublicKeyToken=null]]'.
2026-03-20 14:59:33.260 [INF] Microsoft.AspNetCore.Mvc.Infrastructure.ControllerActionInvoker | Executed action backend.Controllers.LeadsController.GetLeads (backend) in 16.9904ms
2026-03-20 14:59:33.260 [INF] Microsoft.AspNetCore.Routing.EndpointMiddleware | Executed endpoint 'backend.Controllers.LeadsController.GetLeads (backend)'
2026-03-20 14:59:33.260 [INF] Serilog.AspNetCore.RequestLoggingMiddleware | HTTP GET /api/leads → 200 (17.1ms)
2026-03-20 14:59:33.260 [INF] Microsoft.AspNetCore.Hosting.Diagnostics | Request finished HTTP/1.1 GET http://localhost:5217/api/leads - 200 null application/json; charset=utf-8 17.4867ms
2026-03-20 14:59:33.385 [INF] Microsoft.AspNetCore.Hosting.Diagnostics | Request starting HTTP/1.1 OPTIONS http://localhost:5217/api/employees?organizationId=2 - null null
2026-03-20 14:59:33.385 [INF] Microsoft.AspNetCore.Cors.Infrastructure.CorsService | CORS policy execution successful.
2026-03-20 14:59:33.385 [INF] Microsoft.AspNetCore.Hosting.Diagnostics | Request finished HTTP/1.1 OPTIONS http://localhost:5217/api/employees?organizationId=2 - 204 null null 0.1681ms
2026-03-20 14:59:33.388 [INF] Microsoft.AspNetCore.Hosting.Diagnostics | Request starting HTTP/1.1 GET http://localhost:5217/api/employees?organizationId=2 - application/json null
2026-03-20 14:59:33.388 [INF] Microsoft.AspNetCore.Cors.Infrastructure.CorsService | CORS policy execution successful.
2026-03-20 14:59:33.388 [INF] Microsoft.AspNetCore.Cors.Infrastructure.CorsService | CORS policy execution successful.
2026-03-20 14:59:33.389 [INF] Microsoft.AspNetCore.Routing.EndpointMiddleware | Executing endpoint 'backend.Controllers.EmployeesController.GetEmployees (backend)'
2026-03-20 14:59:33.389 [INF] Microsoft.AspNetCore.Mvc.Infrastructure.ControllerActionInvoker | Route matched with {action = "GetEmployees", controller = "Employees"}. Executing controller action with signature System.Threading.Tasks.Task`1[Microsoft.AspNetCore.Mvc.IActionResult] GetEmployees(System.Nullable`1[System.Int32]) on controller backend.Controllers.EmployeesController (backend).
2026-03-20 14:59:33.389 [INF] backend.Controllers.EmployeesController | [Employees] GET all | TargetOrgId=2 | UserOrgId=2
2026-03-20 14:59:33.400 [INF] Microsoft.AspNetCore.Mvc.Infrastructure.ObjectResultExecutor | Executing OkObjectResult, writing value of type 'System.Collections.Generic.List`1[[backend.Models.Employee, backend, Version=1.0.0.0, Culture=neutral, PublicKeyToken=null]]'.
2026-03-20 14:59:33.400 [INF] Microsoft.AspNetCore.Mvc.Infrastructure.ControllerActionInvoker | Executed action backend.Controllers.EmployeesController.GetEmployees (backend) in 11.5524ms
2026-03-20 14:59:33.400 [INF] Microsoft.AspNetCore.Routing.EndpointMiddleware | Executed endpoint 'backend.Controllers.EmployeesController.GetEmployees (backend)'
2026-03-20 14:59:33.400 [INF] Serilog.AspNetCore.RequestLoggingMiddleware | HTTP GET /api/employees → 200 (11.7ms)
2026-03-20 14:59:33.400 [INF] Microsoft.AspNetCore.Hosting.Diagnostics | Request finished HTTP/1.1 GET http://localhost:5217/api/employees?organizationId=2 - 200 null application/json; charset=utf-8 12.1713ms
2026-03-20 14:59:33.470 [INF] Microsoft.AspNetCore.Hosting.Diagnostics | Request starting HTTP/1.1 OPTIONS http://localhost:5217/api/ShiftAssignments/roster?start=2026-03-20&end=2026-03-27&orgId=2 - null null
2026-03-20 14:59:33.471 [INF] Microsoft.AspNetCore.Cors.Infrastructure.CorsService | CORS policy execution successful.
2026-03-20 14:59:33.471 [INF] Microsoft.AspNetCore.Hosting.Diagnostics | Request finished HTTP/1.1 OPTIONS http://localhost:5217/api/ShiftAssignments/roster?start=2026-03-20&end=2026-03-27&orgId=2 - 204 null null 0.2896ms
2026-03-20 14:59:33.477 [INF] Microsoft.AspNetCore.Hosting.Diagnostics | Request starting HTTP/1.1 GET http://localhost:5217/api/ShiftAssignments/roster?start=2026-03-20&end=2026-03-27&orgId=2 - application/json null
2026-03-20 14:59:33.477 [INF] Microsoft.AspNetCore.Cors.Infrastructure.CorsService | CORS policy execution successful.
2026-03-20 14:59:33.477 [INF] Microsoft.AspNetCore.Cors.Infrastructure.CorsService | CORS policy execution successful.
2026-03-20 14:59:33.477 [INF] Microsoft.AspNetCore.Routing.EndpointMiddleware | Executing endpoint 'backend.Controllers.ShiftAssignmentsController.GetMonthlyRosterFixed (backend)'
2026-03-20 14:59:33.477 [INF] Microsoft.AspNetCore.Mvc.Infrastructure.ControllerActionInvoker | Route matched with {action = "GetMonthlyRosterFixed", controller = "ShiftAssignments"}. Executing controller action with signature System.Threading.Tasks.Task`1[Microsoft.AspNetCore.Mvc.IActionResult] GetMonthlyRosterFixed(System.String, System.String, System.Nullable`1[System.Int32]) on controller backend.Controllers.ShiftAssignmentsController (backend).
2026-03-20 14:59:33.489 [INF] Microsoft.AspNetCore.Mvc.Infrastructure.ObjectResultExecutor | Executing OkObjectResult, writing value of type 'System.Collections.Generic.List`1[[backend.Models.EmployeeSchedule, backend, Version=1.0.0.0, Culture=neutral, PublicKeyToken=null]]'.
2026-03-20 14:59:33.489 [INF] Microsoft.AspNetCore.Mvc.Infrastructure.ControllerActionInvoker | Executed action backend.Controllers.ShiftAssignmentsController.GetMonthlyRosterFixed (backend) in 11.8698ms
2026-03-20 14:59:33.489 [INF] Microsoft.AspNetCore.Routing.EndpointMiddleware | Executed endpoint 'backend.Controllers.ShiftAssignmentsController.GetMonthlyRosterFixed (backend)'
2026-03-20 14:59:33.489 [INF] Serilog.AspNetCore.RequestLoggingMiddleware | HTTP GET /api/ShiftAssignments/roster → 200 (12.1ms)
2026-03-20 14:59:33.489 [INF] Microsoft.AspNetCore.Hosting.Diagnostics | Request finished HTTP/1.1 GET http://localhost:5217/api/ShiftAssignments/roster?start=2026-03-20&end=2026-03-27&orgId=2 - 200 null application/json; charset=utf-8 12.535ms
2026-03-20 14:59:33.607 [INF] Microsoft.AspNetCore.Hosting.Diagnostics | Request starting HTTP/1.1 OPTIONS http://localhost:5217/api/Attendance/status?employeeId=31&orgId=2 - null null
2026-03-20 14:59:33.607 [INF] Microsoft.AspNetCore.Cors.Infrastructure.CorsService | CORS policy execution successful.
2026-03-20 14:59:33.607 [INF] Microsoft.AspNetCore.Hosting.Diagnostics | Request finished HTTP/1.1 OPTIONS http://localhost:5217/api/Attendance/status?employeeId=31&orgId=2 - 204 null null 0.2052ms
2026-03-20 14:59:33.610 [INF] Microsoft.AspNetCore.Hosting.Diagnostics | Request starting HTTP/1.1 GET http://localhost:5217/api/Attendance/status?employeeId=31&orgId=2 - application/json null
2026-03-20 14:59:33.610 [INF] Microsoft.AspNetCore.Cors.Infrastructure.CorsService | CORS policy execution successful.
2026-03-20 14:59:33.610 [INF] Microsoft.AspNetCore.Cors.Infrastructure.CorsService | CORS policy execution successful.
2026-03-20 14:59:33.610 [INF] Microsoft.AspNetCore.Routing.EndpointMiddleware | Executing endpoint 'backend.Controllers.AttendanceController.GetTodayStatus (backend)'
2026-03-20 14:59:33.610 [INF] Microsoft.AspNetCore.Mvc.Infrastructure.ControllerActionInvoker | Route matched with {action = "GetTodayStatus", controller = "Attendance"}. Executing controller action with signature System.Threading.Tasks.Task`1[Microsoft.AspNetCore.Mvc.IActionResult] GetTodayStatus(Int32, System.Nullable`1[System.Int32]) on controller backend.Controllers.AttendanceController (backend).
2026-03-20 14:59:33.621 [INF] Microsoft.AspNetCore.Mvc.Infrastructure.ObjectResultExecutor | Executing OkObjectResult, writing value of type 'backend.Models.AttendanceStatusResponse'.
2026-03-20 14:59:33.621 [INF] Microsoft.AspNetCore.Mvc.Infrastructure.ControllerActionInvoker | Executed action backend.Controllers.AttendanceController.GetTodayStatus (backend) in 10.9756ms
2026-03-20 14:59:33.621 [INF] Microsoft.AspNetCore.Routing.EndpointMiddleware | Executed endpoint 'backend.Controllers.AttendanceController.GetTodayStatus (backend)'
2026-03-20 14:59:33.621 [INF] Serilog.AspNetCore.RequestLoggingMiddleware | HTTP GET /api/Attendance/status → 200 (11.1ms)
2026-03-20 14:59:33.621 [INF] Microsoft.AspNetCore.Hosting.Diagnostics | Request finished HTTP/1.1 GET http://localhost:5217/api/Attendance/status?employeeId=31&orgId=2 - 200 null application/json; charset=utf-8 11.5269ms
2026-03-20 14:59:47.645 [INF] Microsoft.AspNetCore.Hosting.Diagnostics | Request starting HTTP/1.1 OPTIONS http://localhost:5217/api/employees?organizationId=2 - null null
2026-03-20 14:59:47.645 [INF] Microsoft.AspNetCore.Cors.Infrastructure.CorsService | CORS policy execution successful.
2026-03-20 14:59:47.645 [INF] Microsoft.AspNetCore.Hosting.Diagnostics | Request finished HTTP/1.1 OPTIONS http://localhost:5217/api/employees?organizationId=2 - 204 null null 0.2341ms
2026-03-20 14:59:47.665 [INF] Microsoft.AspNetCore.Hosting.Diagnostics | Request starting HTTP/1.1 GET http://localhost:5217/api/employees?organizationId=2 - application/json null
2026-03-20 14:59:47.666 [INF] Microsoft.AspNetCore.Cors.Infrastructure.CorsService | CORS policy execution successful.
2026-03-20 14:59:47.666 [INF] Microsoft.AspNetCore.Cors.Infrastructure.CorsService | CORS policy execution successful.
2026-03-20 14:59:47.666 [INF] Microsoft.AspNetCore.Routing.EndpointMiddleware | Executing endpoint 'backend.Controllers.EmployeesController.GetEmployees (backend)'
2026-03-20 14:59:47.666 [INF] Microsoft.AspNetCore.Mvc.Infrastructure.ControllerActionInvoker | Route matched with {action = "GetEmployees", controller = "Employees"}. Executing controller action with signature System.Threading.Tasks.Task`1[Microsoft.AspNetCore.Mvc.IActionResult] GetEmployees(System.Nullable`1[System.Int32]) on controller backend.Controllers.EmployeesController (backend).
2026-03-20 14:59:47.666 [INF] backend.Controllers.EmployeesController | [Employees] GET all | TargetOrgId=2 | UserOrgId=2
2026-03-20 14:59:47.678 [INF] Microsoft.AspNetCore.Mvc.Infrastructure.ObjectResultExecutor | Executing OkObjectResult, writing value of type 'System.Collections.Generic.List`1[[backend.Models.Employee, backend, Version=1.0.0.0, Culture=neutral, PublicKeyToken=null]]'.
2026-03-20 14:59:47.679 [INF] Microsoft.AspNetCore.Mvc.Infrastructure.ControllerActionInvoker | Executed action backend.Controllers.EmployeesController.GetEmployees (backend) in 13.3727ms
2026-03-20 14:59:47.679 [INF] Microsoft.AspNetCore.Routing.EndpointMiddleware | Executed endpoint 'backend.Controllers.EmployeesController.GetEmployees (backend)'
2026-03-20 14:59:47.679 [INF] Serilog.AspNetCore.RequestLoggingMiddleware | HTTP GET /api/employees → 200 (13.7ms)
2026-03-20 14:59:47.679 [INF] Microsoft.AspNetCore.Hosting.Diagnostics | Request finished HTTP/1.1 GET http://localhost:5217/api/employees?organizationId=2 - 200 null application/json; charset=utf-8 13.98ms
2026-03-20 15:00:08.648 [INF] Microsoft.AspNetCore.Hosting.Diagnostics | Request starting HTTP/1.1 OPTIONS http://localhost:5217/api/organizations - null null
2026-03-20 15:00:08.648 [INF] Microsoft.AspNetCore.Cors.Infrastructure.CorsService | CORS policy execution successful.
2026-03-20 15:00:08.648 [INF] Microsoft.AspNetCore.Hosting.Diagnostics | Request finished HTTP/1.1 OPTIONS http://localhost:5217/api/organizations - 204 null null 0.2141ms
2026-03-20 15:00:08.653 [INF] Microsoft.AspNetCore.Hosting.Diagnostics | Request starting HTTP/1.1 GET http://localhost:5217/api/organizations - application/json null
2026-03-20 15:00:08.653 [INF] Microsoft.AspNetCore.Cors.Infrastructure.CorsService | CORS policy execution successful.
2026-03-20 15:00:08.653 [INF] Microsoft.AspNetCore.Cors.Infrastructure.CorsService | CORS policy execution successful.
2026-03-20 15:00:08.654 [INF] Microsoft.AspNetCore.Routing.EndpointMiddleware | Executing endpoint 'backend.Controllers.OrganizationsController.GetOrganizations (backend)'
2026-03-20 15:00:08.654 [INF] Microsoft.AspNetCore.Mvc.Infrastructure.ControllerActionInvoker | Route matched with {action = "GetOrganizations", controller = "Organizations"}. Executing controller action with signature System.Threading.Tasks.Task`1[Microsoft.AspNetCore.Mvc.IActionResult] GetOrganizations() on controller backend.Controllers.OrganizationsController (backend).
2026-03-20 15:00:08.654 [INF] backend.Controllers.OrganizationsController | [Orgs] GET all requested | Role=SuperAdmin | UserId=18
2026-03-20 15:00:08.665 [INF] Microsoft.AspNetCore.Mvc.Infrastructure.ObjectResultExecutor | Executing OkObjectResult, writing value of type 'System.Collections.Generic.List`1[[backend.Models.Organization, backend, Version=1.0.0.0, Culture=neutral, PublicKeyToken=null]]'.
2026-03-20 15:00:08.665 [INF] Microsoft.AspNetCore.Mvc.Infrastructure.ControllerActionInvoker | Executed action backend.Controllers.OrganizationsController.GetOrganizations (backend) in 10.9353ms
2026-03-20 15:00:08.665 [INF] Microsoft.AspNetCore.Routing.EndpointMiddleware | Executed endpoint 'backend.Controllers.OrganizationsController.GetOrganizations (backend)'
2026-03-20 15:00:08.665 [INF] Serilog.AspNetCore.RequestLoggingMiddleware | HTTP GET /api/organizations → 200 (11.1ms)
2026-03-20 15:00:08.665 [INF] Microsoft.AspNetCore.Hosting.Diagnostics | Request finished HTTP/1.1 GET http://localhost:5217/api/organizations - 200 null application/json; charset=utf-8 11.519ms
2026-03-20 15:00:08.700 [INF] Microsoft.AspNetCore.Hosting.Diagnostics | Request starting HTTP/1.1 OPTIONS http://localhost:5217/api/leads - null null
2026-03-20 15:00:08.700 [INF] Microsoft.AspNetCore.Cors.Infrastructure.CorsService | CORS policy execution successful.
2026-03-20 15:00:08.700 [INF] Microsoft.AspNetCore.Hosting.Diagnostics | Request finished HTTP/1.1 OPTIONS http://localhost:5217/api/leads - 204 null null 0.1771ms
2026-03-20 15:00:08.702 [INF] Microsoft.AspNetCore.Hosting.Diagnostics | Request starting HTTP/1.1 GET http://localhost:5217/api/leads - application/json null
2026-03-20 15:00:08.702 [INF] Microsoft.AspNetCore.Cors.Infrastructure.CorsService | CORS policy execution successful.
2026-03-20 15:00:08.702 [INF] Microsoft.AspNetCore.Cors.Infrastructure.CorsService | CORS policy execution successful.
2026-03-20 15:00:08.703 [INF] Microsoft.AspNetCore.Routing.EndpointMiddleware | Executing endpoint 'backend.Controllers.LeadsController.GetLeads (backend)'
2026-03-20 15:00:08.703 [INF] Microsoft.AspNetCore.Mvc.Infrastructure.ControllerActionInvoker | Route matched with {action = "GetLeads", controller = "Leads"}. Executing controller action with signature System.Threading.Tasks.Task`1[System.Collections.Generic.IEnumerable`1[backend.Models.Lead]] GetLeads() on controller backend.Controllers.LeadsController (backend).
2026-03-20 15:00:08.713 [INF] Microsoft.AspNetCore.Mvc.Infrastructure.ObjectResultExecutor | Executing ObjectResult, writing value of type 'System.Collections.Generic.List`1[[backend.Models.Lead, backend, Version=1.0.0.0, Culture=neutral, PublicKeyToken=null]]'.
2026-03-20 15:00:08.713 [INF] Microsoft.AspNetCore.Mvc.Infrastructure.ControllerActionInvoker | Executed action backend.Controllers.LeadsController.GetLeads (backend) in 10.2021ms
2026-03-20 15:00:08.713 [INF] Microsoft.AspNetCore.Routing.EndpointMiddleware | Executed endpoint 'backend.Controllers.LeadsController.GetLeads (backend)'
2026-03-20 15:00:08.713 [INF] Serilog.AspNetCore.RequestLoggingMiddleware | HTTP GET /api/leads → 200 (10.4ms)
2026-03-20 15:00:08.713 [INF] Microsoft.AspNetCore.Hosting.Diagnostics | Request finished HTTP/1.1 GET http://localhost:5217/api/leads - 200 null application/json; charset=utf-8 10.9737ms
2026-03-20 15:00:08.796 [INF] Microsoft.AspNetCore.Hosting.Diagnostics | Request starting HTTP/1.1 OPTIONS http://localhost:5217/api/employees?organizationId=2 - null null
2026-03-20 15:00:08.796 [INF] Microsoft.AspNetCore.Cors.Infrastructure.CorsService | CORS policy execution successful.
2026-03-20 15:00:08.796 [INF] Microsoft.AspNetCore.Hosting.Diagnostics | Request finished HTTP/1.1 OPTIONS http://localhost:5217/api/employees?organizationId=2 - 204 null null 0.1726ms
2026-03-20 15:00:08.831 [INF] Microsoft.AspNetCore.Hosting.Diagnostics | Request starting HTTP/1.1 GET http://localhost:5217/api/employees?organizationId=2 - application/json null
2026-03-20 15:00:08.831 [INF] Microsoft.AspNetCore.Cors.Infrastructure.CorsService | CORS policy execution successful.
2026-03-20 15:00:08.831 [INF] Microsoft.AspNetCore.Cors.Infrastructure.CorsService | CORS policy execution successful.
2026-03-20 15:00:08.831 [INF] Microsoft.AspNetCore.Routing.EndpointMiddleware | Executing endpoint 'backend.Controllers.EmployeesController.GetEmployees (backend)'
2026-03-20 15:00:08.831 [INF] Microsoft.AspNetCore.Mvc.Infrastructure.ControllerActionInvoker | Route matched with {action = "GetEmployees", controller = "Employees"}. Executing controller action with signature System.Threading.Tasks.Task`1[Microsoft.AspNetCore.Mvc.IActionResult] GetEmployees(System.Nullable`1[System.Int32]) on controller backend.Controllers.EmployeesController (backend).
2026-03-20 15:00:08.831 [INF] backend.Controllers.EmployeesController | [Employees] GET all | TargetOrgId=2 | UserOrgId=2
2026-03-20 15:00:08.847 [INF] Microsoft.AspNetCore.Mvc.Infrastructure.ObjectResultExecutor | Executing OkObjectResult, writing value of type 'System.Collections.Generic.List`1[[backend.Models.Employee, backend, Version=1.0.0.0, Culture=neutral, PublicKeyToken=null]]'.
2026-03-20 15:00:08.847 [INF] Microsoft.AspNetCore.Mvc.Infrastructure.ControllerActionInvoker | Executed action backend.Controllers.EmployeesController.GetEmployees (backend) in 16.1344ms
2026-03-20 15:00:08.847 [INF] Microsoft.AspNetCore.Routing.EndpointMiddleware | Executed endpoint 'backend.Controllers.EmployeesController.GetEmployees (backend)'
2026-03-20 15:00:08.847 [INF] Serilog.AspNetCore.RequestLoggingMiddleware | HTTP GET /api/employees → 200 (16.3ms)
2026-03-20 15:00:08.847 [INF] Microsoft.AspNetCore.Hosting.Diagnostics | Request finished HTTP/1.1 GET http://localhost:5217/api/employees?organizationId=2 - 200 null application/json; charset=utf-8 16.5984ms
2026-03-20 15:00:08.926 [INF] Microsoft.AspNetCore.Hosting.Diagnostics | Request starting HTTP/1.1 OPTIONS http://localhost:5217/api/ShiftAssignments/roster?start=2026-03-20&end=2026-03-27&orgId=2 - null null
2026-03-20 15:00:08.926 [INF] Microsoft.AspNetCore.Cors.Infrastructure.CorsService | CORS policy execution successful.
2026-03-20 15:00:08.926 [INF] Microsoft.AspNetCore.Hosting.Diagnostics | Request finished HTTP/1.1 OPTIONS http://localhost:5217/api/ShiftAssignments/roster?start=2026-03-20&end=2026-03-27&orgId=2 - 204 null null 0.1686ms
2026-03-20 15:00:08.928 [INF] Microsoft.AspNetCore.Hosting.Diagnostics | Request starting HTTP/1.1 GET http://localhost:5217/api/ShiftAssignments/roster?start=2026-03-20&end=2026-03-27&orgId=2 - application/json null
2026-03-20 15:00:08.928 [INF] Microsoft.AspNetCore.Cors.Infrastructure.CorsService | CORS policy execution successful.
2026-03-20 15:00:08.928 [INF] Microsoft.AspNetCore.Cors.Infrastructure.CorsService | CORS policy execution successful.
2026-03-20 15:00:08.929 [INF] Microsoft.AspNetCore.Routing.EndpointMiddleware | Executing endpoint 'backend.Controllers.ShiftAssignmentsController.GetMonthlyRosterFixed (backend)'
2026-03-20 15:00:08.929 [INF] Microsoft.AspNetCore.Mvc.Infrastructure.ControllerActionInvoker | Route matched with {action = "GetMonthlyRosterFixed", controller = "ShiftAssignments"}. Executing controller action with signature System.Threading.Tasks.Task`1[Microsoft.AspNetCore.Mvc.IActionResult] GetMonthlyRosterFixed(System.String, System.String, System.Nullable`1[System.Int32]) on controller backend.Controllers.ShiftAssignmentsController (backend).
2026-03-20 15:00:08.944 [INF] Microsoft.AspNetCore.Mvc.Infrastructure.ObjectResultExecutor | Executing OkObjectResult, writing value of type 'System.Collections.Generic.List`1[[backend.Models.EmployeeSchedule, backend, Version=1.0.0.0, Culture=neutral, PublicKeyToken=null]]'.
2026-03-20 15:00:08.944 [INF] Microsoft.AspNetCore.Mvc.Infrastructure.ControllerActionInvoker | Executed action backend.Controllers.ShiftAssignmentsController.GetMonthlyRosterFixed (backend) in 15.5863ms
2026-03-20 15:00:08.945 [INF] Microsoft.AspNetCore.Routing.EndpointMiddleware | Executed endpoint 'backend.Controllers.ShiftAssignmentsController.GetMonthlyRosterFixed (backend)'
2026-03-20 15:00:08.945 [INF] Serilog.AspNetCore.RequestLoggingMiddleware | HTTP GET /api/ShiftAssignments/roster → 200 (15.8ms)
2026-03-20 15:00:08.945 [INF] Microsoft.AspNetCore.Hosting.Diagnostics | Request finished HTTP/1.1 GET http://localhost:5217/api/ShiftAssignments/roster?start=2026-03-20&end=2026-03-27&orgId=2 - 200 null application/json; charset=utf-8 16.4749ms
2026-03-20 15:00:09.044 [INF] Microsoft.AspNetCore.Hosting.Diagnostics | Request starting HTTP/1.1 OPTIONS http://localhost:5217/api/Attendance/status?employeeId=31&orgId=2 - null null
2026-03-20 15:00:09.044 [INF] Microsoft.AspNetCore.Cors.Infrastructure.CorsService | CORS policy execution successful.
2026-03-20 15:00:09.044 [INF] Microsoft.AspNetCore.Hosting.Diagnostics | Request finished HTTP/1.1 OPTIONS http://localhost:5217/api/Attendance/status?employeeId=31&orgId=2 - 204 null null 0.1632ms
2026-03-20 15:00:09.046 [INF] Microsoft.AspNetCore.Hosting.Diagnostics | Request starting HTTP/1.1 GET http://localhost:5217/api/Attendance/status?employeeId=31&orgId=2 - application/json null
2026-03-20 15:00:09.046 [INF] Microsoft.AspNetCore.Cors.Infrastructure.CorsService | CORS policy execution successful.
2026-03-20 15:00:09.046 [INF] Microsoft.AspNetCore.Cors.Infrastructure.CorsService | CORS policy execution successful.
2026-03-20 15:00:09.046 [INF] Microsoft.AspNetCore.Routing.EndpointMiddleware | Executing endpoint 'backend.Controllers.AttendanceController.GetTodayStatus (backend)'
2026-03-20 15:00:09.046 [INF] Microsoft.AspNetCore.Mvc.Infrastructure.ControllerActionInvoker | Route matched with {action = "GetTodayStatus", controller = "Attendance"}. Executing controller action with signature System.Threading.Tasks.Task`1[Microsoft.AspNetCore.Mvc.IActionResult] GetTodayStatus(Int32, System.Nullable`1[System.Int32]) on controller backend.Controllers.AttendanceController (backend).
2026-03-20 15:00:09.056 [INF] Microsoft.AspNetCore.Mvc.Infrastructure.ObjectResultExecutor | Executing OkObjectResult, writing value of type 'backend.Models.AttendanceStatusResponse'.
2026-03-20 15:00:09.056 [INF] Microsoft.AspNetCore.Mvc.Infrastructure.ControllerActionInvoker | Executed action backend.Controllers.AttendanceController.GetTodayStatus (backend) in 9.7591ms
2026-03-20 15:00:09.056 [INF] Microsoft.AspNetCore.Routing.EndpointMiddleware | Executed endpoint 'backend.Controllers.AttendanceController.GetTodayStatus (backend)'
2026-03-20 15:00:09.056 [INF] Serilog.AspNetCore.RequestLoggingMiddleware | HTTP GET /api/Attendance/status → 200 (9.9ms)
2026-03-20 15:00:09.056 [INF] Microsoft.AspNetCore.Hosting.Diagnostics | Request finished HTTP/1.1 GET http://localhost:5217/api/Attendance/status?employeeId=31&orgId=2 - 200 null application/json; charset=utf-8 10.2258ms
2026-03-20 15:01:25.843 [INF] Microsoft.AspNetCore.Hosting.Diagnostics | Request starting HTTP/1.1 OPTIONS http://localhost:5217/api/employees?organizationId=2 - null null
2026-03-20 15:01:25.843 [INF] Microsoft.AspNetCore.Cors.Infrastructure.CorsService | CORS policy execution successful.
2026-03-20 15:01:25.844 [INF] Microsoft.AspNetCore.Hosting.Diagnostics | Request finished HTTP/1.1 OPTIONS http://localhost:5217/api/employees?organizationId=2 - 204 null null 0.4754ms
2026-03-20 15:01:25.846 [INF] Microsoft.AspNetCore.Hosting.Diagnostics | Request starting HTTP/1.1 GET http://localhost:5217/api/employees?organizationId=2 - application/json null
2026-03-20 15:01:25.846 [INF] Microsoft.AspNetCore.Cors.Infrastructure.CorsService | CORS policy execution successful.
2026-03-20 15:01:25.846 [INF] Microsoft.AspNetCore.Cors.Infrastructure.CorsService | CORS policy execution successful.
2026-03-20 15:01:25.846 [INF] Microsoft.AspNetCore.Routing.EndpointMiddleware | Executing endpoint 'backend.Controllers.EmployeesController.GetEmployees (backend)'
2026-03-20 15:01:25.846 [INF] Microsoft.AspNetCore.Mvc.Infrastructure.ControllerActionInvoker | Route matched with {action = "GetEmployees", controller = "Employees"}. Executing controller action with signature System.Threading.Tasks.Task`1[Microsoft.AspNetCore.Mvc.IActionResult] GetEmployees(System.Nullable`1[System.Int32]) on controller backend.Controllers.EmployeesController (backend).
2026-03-20 15:01:25.846 [INF] backend.Controllers.EmployeesController | [Employees] GET all | TargetOrgId=2 | UserOrgId=2
2026-03-20 15:01:25.859 [INF] Microsoft.AspNetCore.Mvc.Infrastructure.ObjectResultExecutor | Executing OkObjectResult, writing value of type 'System.Collections.Generic.List`1[[backend.Models.Employee, backend, Version=1.0.0.0, Culture=neutral, PublicKeyToken=null]]'.
2026-03-20 15:01:25.859 [INF] Microsoft.AspNetCore.Mvc.Infrastructure.ControllerActionInvoker | Executed action backend.Controllers.EmployeesController.GetEmployees (backend) in 12.5296ms
2026-03-20 15:01:25.859 [INF] Microsoft.AspNetCore.Routing.EndpointMiddleware | Executed endpoint 'backend.Controllers.EmployeesController.GetEmployees (backend)'
2026-03-20 15:01:25.859 [INF] Serilog.AspNetCore.RequestLoggingMiddleware | HTTP GET /api/employees → 200 (12.7ms)
2026-03-20 15:01:25.859 [INF] Microsoft.AspNetCore.Hosting.Diagnostics | Request finished HTTP/1.1 GET http://localhost:5217/api/employees?organizationId=2 - 200 null application/json; charset=utf-8 13.0451ms
2026-03-20 15:04:27.043 [INF] Microsoft.AspNetCore.Hosting.Diagnostics | Request starting HTTP/1.1 OPTIONS http://localhost:5217/api/organizations - null null
2026-03-20 15:04:27.043 [INF] Microsoft.AspNetCore.Cors.Infrastructure.CorsService | CORS policy execution successful.
2026-03-20 15:04:27.043 [INF] Microsoft.AspNetCore.Hosting.Diagnostics | Request finished HTTP/1.1 OPTIONS http://localhost:5217/api/organizations - 204 null null 0.1568ms
2026-03-20 15:04:27.045 [INF] Microsoft.AspNetCore.Hosting.Diagnostics | Request starting HTTP/1.1 GET http://localhost:5217/api/organizations - application/json null
2026-03-20 15:04:27.046 [INF] Microsoft.AspNetCore.Cors.Infrastructure.CorsService | CORS policy execution successful.
2026-03-20 15:04:27.046 [INF] Microsoft.AspNetCore.Cors.Infrastructure.CorsService | CORS policy execution successful.
2026-03-20 15:04:27.046 [INF] Microsoft.AspNetCore.Routing.EndpointMiddleware | Executing endpoint 'backend.Controllers.OrganizationsController.GetOrganizations (backend)'
2026-03-20 15:04:27.047 [INF] Microsoft.AspNetCore.Mvc.Infrastructure.ControllerActionInvoker | Route matched with {action = "GetOrganizations", controller = "Organizations"}. Executing controller action with signature System.Threading.Tasks.Task`1[Microsoft.AspNetCore.Mvc.IActionResult] GetOrganizations() on controller backend.Controllers.OrganizationsController (backend).
2026-03-20 15:04:27.047 [INF] backend.Controllers.OrganizationsController | [Orgs] GET all requested | Role=SuperAdmin | UserId=18
2026-03-20 15:04:27.057 [INF] Microsoft.AspNetCore.Mvc.Infrastructure.ObjectResultExecutor | Executing OkObjectResult, writing value of type 'System.Collections.Generic.List`1[[backend.Models.Organization, backend, Version=1.0.0.0, Culture=neutral, PublicKeyToken=null]]'.
2026-03-20 15:04:27.057 [INF] Microsoft.AspNetCore.Mvc.Infrastructure.ControllerActionInvoker | Executed action backend.Controllers.OrganizationsController.GetOrganizations (backend) in 10.7557ms
2026-03-20 15:04:27.058 [INF] Microsoft.AspNetCore.Routing.EndpointMiddleware | Executed endpoint 'backend.Controllers.OrganizationsController.GetOrganizations (backend)'
2026-03-20 15:04:27.058 [INF] Serilog.AspNetCore.RequestLoggingMiddleware | HTTP GET /api/organizations → 200 (11.2ms)
2026-03-20 15:04:27.058 [INF] Microsoft.AspNetCore.Hosting.Diagnostics | Request finished HTTP/1.1 GET http://localhost:5217/api/organizations - 200 null application/json; charset=utf-8 12.2585ms
2026-03-20 15:04:27.072 [INF] Microsoft.AspNetCore.Hosting.Diagnostics | Request starting HTTP/1.1 OPTIONS http://localhost:5217/api/leads - null null
2026-03-20 15:04:27.072 [INF] Microsoft.AspNetCore.Cors.Infrastructure.CorsService | CORS policy execution successful.
2026-03-20 15:04:27.072 [INF] Microsoft.AspNetCore.Hosting.Diagnostics | Request finished HTTP/1.1 OPTIONS http://localhost:5217/api/leads - 204 null null 0.1656ms
2026-03-20 15:04:27.074 [INF] Microsoft.AspNetCore.Hosting.Diagnostics | Request starting HTTP/1.1 GET http://localhost:5217/api/leads - application/json null
2026-03-20 15:04:27.074 [INF] Microsoft.AspNetCore.Cors.Infrastructure.CorsService | CORS policy execution successful.
2026-03-20 15:04:27.074 [INF] Microsoft.AspNetCore.Cors.Infrastructure.CorsService | CORS policy execution successful.
2026-03-20 15:04:27.075 [INF] Microsoft.AspNetCore.Routing.EndpointMiddleware | Executing endpoint 'backend.Controllers.LeadsController.GetLeads (backend)'
2026-03-20 15:04:27.075 [INF] Microsoft.AspNetCore.Mvc.Infrastructure.ControllerActionInvoker | Route matched with {action = "GetLeads", controller = "Leads"}. Executing controller action with signature System.Threading.Tasks.Task`1[System.Collections.Generic.IEnumerable`1[backend.Models.Lead]] GetLeads() on controller backend.Controllers.LeadsController (backend).
2026-03-20 15:04:27.089 [INF] Microsoft.AspNetCore.Mvc.Infrastructure.ObjectResultExecutor | Executing ObjectResult, writing value of type 'System.Collections.Generic.List`1[[backend.Models.Lead, backend, Version=1.0.0.0, Culture=neutral, PublicKeyToken=null]]'.
2026-03-20 15:04:27.089 [INF] Microsoft.AspNetCore.Mvc.Infrastructure.ControllerActionInvoker | Executed action backend.Controllers.LeadsController.GetLeads (backend) in 13.9372ms
2026-03-20 15:04:27.089 [INF] Microsoft.AspNetCore.Routing.EndpointMiddleware | Executed endpoint 'backend.Controllers.LeadsController.GetLeads (backend)'
2026-03-20 15:04:27.089 [INF] Serilog.AspNetCore.RequestLoggingMiddleware | HTTP GET /api/leads → 200 (14.2ms)
2026-03-20 15:04:27.089 [INF] Microsoft.AspNetCore.Hosting.Diagnostics | Request finished HTTP/1.1 GET http://localhost:5217/api/leads - 200 null application/json; charset=utf-8 14.9319ms
2026-03-20 15:04:27.206 [INF] Microsoft.AspNetCore.Hosting.Diagnostics | Request starting HTTP/1.1 OPTIONS http://localhost:5217/api/employees?organizationId=2 - null null
2026-03-20 15:04:27.206 [INF] Microsoft.AspNetCore.Cors.Infrastructure.CorsService | CORS policy execution successful.
2026-03-20 15:04:27.206 [INF] Microsoft.AspNetCore.Hosting.Diagnostics | Request finished HTTP/1.1 OPTIONS http://localhost:5217/api/employees?organizationId=2 - 204 null null 0.1527ms
2026-03-20 15:04:27.208 [INF] Microsoft.AspNetCore.Hosting.Diagnostics | Request starting HTTP/1.1 GET http://localhost:5217/api/employees?organizationId=2 - application/json null
2026-03-20 15:04:27.208 [INF] Microsoft.AspNetCore.Cors.Infrastructure.CorsService | CORS policy execution successful.
2026-03-20 15:04:27.208 [INF] Microsoft.AspNetCore.Cors.Infrastructure.CorsService | CORS policy execution successful.
2026-03-20 15:04:27.208 [INF] Microsoft.AspNetCore.Routing.EndpointMiddleware | Executing endpoint 'backend.Controllers.EmployeesController.GetEmployees (backend)'
2026-03-20 15:04:27.208 [INF] Microsoft.AspNetCore.Mvc.Infrastructure.ControllerActionInvoker | Route matched with {action = "GetEmployees", controller = "Employees"}. Executing controller action with signature System.Threading.Tasks.Task`1[Microsoft.AspNetCore.Mvc.IActionResult] GetEmployees(System.Nullable`1[System.Int32]) on controller backend.Controllers.EmployeesController (backend).
2026-03-20 15:04:27.209 [INF] backend.Controllers.EmployeesController | [Employees] GET all | TargetOrgId=2 | UserOrgId=2
2026-03-20 15:04:27.223 [INF] Microsoft.AspNetCore.Mvc.Infrastructure.ObjectResultExecutor | Executing OkObjectResult, writing value of type 'System.Collections.Generic.List`1[[backend.Models.Employee, backend, Version=1.0.0.0, Culture=neutral, PublicKeyToken=null]]'.
2026-03-20 15:04:27.224 [INF] Microsoft.AspNetCore.Mvc.Infrastructure.ControllerActionInvoker | Executed action backend.Controllers.EmployeesController.GetEmployees (backend) in 15.95ms
2026-03-20 15:04:27.225 [INF] Microsoft.AspNetCore.Routing.EndpointMiddleware | Executed endpoint 'backend.Controllers.EmployeesController.GetEmployees (backend)'
2026-03-20 15:04:27.225 [INF] Serilog.AspNetCore.RequestLoggingMiddleware | HTTP GET /api/employees → 200 (16.2ms)
2026-03-20 15:04:27.225 [INF] Microsoft.AspNetCore.Hosting.Diagnostics | Request finished HTTP/1.1 GET http://localhost:5217/api/employees?organizationId=2 - 200 null application/json; charset=utf-8 16.7307ms
2026-03-20 15:04:27.264 [INF] Microsoft.AspNetCore.Hosting.Diagnostics | Request starting HTTP/1.1 OPTIONS http://localhost:5217/api/ShiftAssignments/roster?start=2026-03-20&end=2026-03-27&orgId=2 - null null
2026-03-20 15:04:27.264 [INF] Microsoft.AspNetCore.Cors.Infrastructure.CorsService | CORS policy execution successful.
2026-03-20 15:04:27.264 [INF] Microsoft.AspNetCore.Hosting.Diagnostics | Request finished HTTP/1.1 OPTIONS http://localhost:5217/api/ShiftAssignments/roster?start=2026-03-20&end=2026-03-27&orgId=2 - 204 null null 0.1297ms
2026-03-20 15:04:27.265 [INF] Microsoft.AspNetCore.Hosting.Diagnostics | Request starting HTTP/1.1 GET http://localhost:5217/api/ShiftAssignments/roster?start=2026-03-20&end=2026-03-27&orgId=2 - application/json null
2026-03-20 15:04:27.265 [INF] Microsoft.AspNetCore.Cors.Infrastructure.CorsService | CORS policy execution successful.
2026-03-20 15:04:27.265 [INF] Microsoft.AspNetCore.Cors.Infrastructure.CorsService | CORS policy execution successful.
2026-03-20 15:04:27.266 [INF] Microsoft.AspNetCore.Routing.EndpointMiddleware | Executing endpoint 'backend.Controllers.ShiftAssignmentsController.GetMonthlyRosterFixed (backend)'
2026-03-20 15:04:27.266 [INF] Microsoft.AspNetCore.Mvc.Infrastructure.ControllerActionInvoker | Route matched with {action = "GetMonthlyRosterFixed", controller = "ShiftAssignments"}. Executing controller action with signature System.Threading.Tasks.Task`1[Microsoft.AspNetCore.Mvc.IActionResult] GetMonthlyRosterFixed(System.String, System.String, System.Nullable`1[System.Int32]) on controller backend.Controllers.ShiftAssignmentsController (backend).
2026-03-20 15:04:27.277 [INF] Microsoft.AspNetCore.Mvc.Infrastructure.ObjectResultExecutor | Executing OkObjectResult, writing value of type 'System.Collections.Generic.List`1[[backend.Models.EmployeeSchedule, backend, Version=1.0.0.0, Culture=neutral, PublicKeyToken=null]]'.
2026-03-20 15:04:27.277 [INF] Microsoft.AspNetCore.Mvc.Infrastructure.ControllerActionInvoker | Executed action backend.Controllers.ShiftAssignmentsController.GetMonthlyRosterFixed (backend) in 11.0482ms
2026-03-20 15:04:27.277 [INF] Microsoft.AspNetCore.Routing.EndpointMiddleware | Executed endpoint 'backend.Controllers.ShiftAssignmentsController.GetMonthlyRosterFixed (backend)'
2026-03-20 15:04:27.277 [INF] Serilog.AspNetCore.RequestLoggingMiddleware | HTTP GET /api/ShiftAssignments/roster → 200 (11.2ms)
2026-03-20 15:04:27.277 [INF] Microsoft.AspNetCore.Hosting.Diagnostics | Request finished HTTP/1.1 GET http://localhost:5217/api/ShiftAssignments/roster?start=2026-03-20&end=2026-03-27&orgId=2 - 200 null application/json; charset=utf-8 11.4304ms
2026-03-20 15:04:27.414 [INF] Microsoft.AspNetCore.Hosting.Diagnostics | Request starting HTTP/1.1 OPTIONS http://localhost:5217/api/Attendance/status?employeeId=31&orgId=2 - null null
2026-03-20 15:04:27.414 [INF] Microsoft.AspNetCore.Cors.Infrastructure.CorsService | CORS policy execution successful.
2026-03-20 15:04:27.414 [INF] Microsoft.AspNetCore.Hosting.Diagnostics | Request finished HTTP/1.1 OPTIONS http://localhost:5217/api/Attendance/status?employeeId=31&orgId=2 - 204 null null 0.4449ms
2026-03-20 15:04:27.418 [INF] Microsoft.AspNetCore.Hosting.Diagnostics | Request starting HTTP/1.1 GET http://localhost:5217/api/Attendance/status?employeeId=31&orgId=2 - application/json null
2026-03-20 15:04:27.418 [INF] Microsoft.AspNetCore.Cors.Infrastructure.CorsService | CORS policy execution successful.
2026-03-20 15:04:27.418 [INF] Microsoft.AspNetCore.Cors.Infrastructure.CorsService | CORS policy execution successful.
2026-03-20 15:04:27.419 [INF] Microsoft.AspNetCore.Routing.EndpointMiddleware | Executing endpoint 'backend.Controllers.AttendanceController.GetTodayStatus (backend)'
2026-03-20 15:04:27.419 [INF] Microsoft.AspNetCore.Mvc.Infrastructure.ControllerActionInvoker | Route matched with {action = "GetTodayStatus", controller = "Attendance"}. Executing controller action with signature System.Threading.Tasks.Task`1[Microsoft.AspNetCore.Mvc.IActionResult] GetTodayStatus(Int32, System.Nullable`1[System.Int32]) on controller backend.Controllers.AttendanceController (backend).
2026-03-20 15:04:27.429 [INF] Microsoft.AspNetCore.Mvc.Infrastructure.ObjectResultExecutor | Executing OkObjectResult, writing value of type 'backend.Models.AttendanceStatusResponse'.
2026-03-20 15:04:27.430 [INF] Microsoft.AspNetCore.Mvc.Infrastructure.ControllerActionInvoker | Executed action backend.Controllers.AttendanceController.GetTodayStatus (backend) in 10.6011ms
2026-03-20 15:04:27.430 [INF] Microsoft.AspNetCore.Routing.EndpointMiddleware | Executed endpoint 'backend.Controllers.AttendanceController.GetTodayStatus (backend)'
2026-03-20 15:04:27.430 [INF] Serilog.AspNetCore.RequestLoggingMiddleware | HTTP GET /api/Attendance/status → 200 (10.8ms)
2026-03-20 15:04:27.430 [INF] Microsoft.AspNetCore.Hosting.Diagnostics | Request finished HTTP/1.1 GET http://localhost:5217/api/Attendance/status?employeeId=31&orgId=2 - 200 null application/json; charset=utf-8 12.0972ms
2026-03-20 15:05:06.757 [INF] Microsoft.AspNetCore.Hosting.Diagnostics | Request starting HTTP/1.1 OPTIONS http://localhost:5217/api/employees?organizationId=2 - null null
2026-03-20 15:05:06.758 [INF] Microsoft.AspNetCore.Cors.Infrastructure.CorsService | CORS policy execution successful.
2026-03-20 15:05:06.758 [INF] Microsoft.AspNetCore.Hosting.Diagnostics | Request finished HTTP/1.1 OPTIONS http://localhost:5217/api/employees?organizationId=2 - 204 null null 0.1421ms
2026-03-20 15:05:06.761 [INF] Microsoft.AspNetCore.Hosting.Diagnostics | Request starting HTTP/1.1 GET http://localhost:5217/api/employees?organizationId=2 - application/json null
2026-03-20 15:05:06.761 [INF] Microsoft.AspNetCore.Cors.Infrastructure.CorsService | CORS policy execution successful.
2026-03-20 15:05:06.761 [INF] Microsoft.AspNetCore.Cors.Infrastructure.CorsService | CORS policy execution successful.
2026-03-20 15:05:06.787 [INF] Microsoft.AspNetCore.Routing.EndpointMiddleware | Executing endpoint 'backend.Controllers.EmployeesController.GetEmployees (backend)'
2026-03-20 15:05:06.787 [INF] Microsoft.AspNetCore.Mvc.Infrastructure.ControllerActionInvoker | Route matched with {action = "GetEmployees", controller = "Employees"}. Executing controller action with signature System.Threading.Tasks.Task`1[Microsoft.AspNetCore.Mvc.IActionResult] GetEmployees(System.Nullable`1[System.Int32]) on controller backend.Controllers.EmployeesController (backend).
2026-03-20 15:05:06.787 [INF] backend.Controllers.EmployeesController | [Employees] GET all | TargetOrgId=2 | UserOrgId=2
2026-03-20 15:05:06.799 [INF] Microsoft.AspNetCore.Mvc.Infrastructure.ObjectResultExecutor | Executing OkObjectResult, writing value of type 'System.Collections.Generic.List`1[[backend.Models.Employee, backend, Version=1.0.0.0, Culture=neutral, PublicKeyToken=null]]'.
2026-03-20 15:05:06.800 [INF] Microsoft.AspNetCore.Mvc.Infrastructure.ControllerActionInvoker | Executed action backend.Controllers.EmployeesController.GetEmployees (backend) in 12.5375ms
2026-03-20 15:05:06.800 [INF] Microsoft.AspNetCore.Routing.EndpointMiddleware | Executed endpoint 'backend.Controllers.EmployeesController.GetEmployees (backend)'
2026-03-20 15:05:06.800 [INF] Serilog.AspNetCore.RequestLoggingMiddleware | HTTP GET /api/employees → 200 (38.8ms)
2026-03-20 15:05:06.800 [INF] Microsoft.AspNetCore.Hosting.Diagnostics | Request finished HTTP/1.1 GET http://localhost:5217/api/employees?organizationId=2 - 200 null application/json; charset=utf-8 39.3094ms
2026-03-20 15:07:34.367 [INF] Microsoft.AspNetCore.Hosting.Diagnostics | Request starting HTTP/1.1 OPTIONS http://localhost:5217/api/organizations - null null
2026-03-20 15:07:34.367 [INF] Microsoft.AspNetCore.Cors.Infrastructure.CorsService | CORS policy execution successful.
2026-03-20 15:07:34.367 [INF] Microsoft.AspNetCore.Hosting.Diagnostics | Request finished HTTP/1.1 OPTIONS http://localhost:5217/api/organizations - 204 null null 0.144ms
2026-03-20 15:07:34.369 [INF] Microsoft.AspNetCore.Hosting.Diagnostics | Request starting HTTP/1.1 GET http://localhost:5217/api/organizations - application/json null
2026-03-20 15:07:34.369 [INF] Microsoft.AspNetCore.Cors.Infrastructure.CorsService | CORS policy execution successful.
2026-03-20 15:07:34.369 [INF] Microsoft.AspNetCore.Cors.Infrastructure.CorsService | CORS policy execution successful.
2026-03-20 15:07:34.370 [INF] Microsoft.AspNetCore.Routing.EndpointMiddleware | Executing endpoint 'backend.Controllers.OrganizationsController.GetOrganizations (backend)'
2026-03-20 15:07:34.370 [INF] Microsoft.AspNetCore.Mvc.Infrastructure.ControllerActionInvoker | Route matched with {action = "GetOrganizations", controller = "Organizations"}. Executing controller action with signature System.Threading.Tasks.Task`1[Microsoft.AspNetCore.Mvc.IActionResult] GetOrganizations() on controller backend.Controllers.OrganizationsController (backend).
2026-03-20 15:07:34.370 [INF] backend.Controllers.OrganizationsController | [Orgs] GET all requested | Role=SuperAdmin | UserId=18
2026-03-20 15:07:34.380 [INF] Microsoft.AspNetCore.Mvc.Infrastructure.ObjectResultExecutor | Executing OkObjectResult, writing value of type 'System.Collections.Generic.List`1[[backend.Models.Organization, backend, Version=1.0.0.0, Culture=neutral, PublicKeyToken=null]]'.
2026-03-20 15:07:34.380 [INF] Microsoft.AspNetCore.Mvc.Infrastructure.ControllerActionInvoker | Executed action backend.Controllers.OrganizationsController.GetOrganizations (backend) in 10.1576ms
2026-03-20 15:07:34.380 [INF] Microsoft.AspNetCore.Routing.EndpointMiddleware | Executed endpoint 'backend.Controllers.OrganizationsController.GetOrganizations (backend)'
2026-03-20 15:07:34.380 [INF] Serilog.AspNetCore.RequestLoggingMiddleware | HTTP GET /api/organizations → 200 (10.4ms)
2026-03-20 15:07:34.380 [INF] Microsoft.AspNetCore.Hosting.Diagnostics | Request finished HTTP/1.1 GET http://localhost:5217/api/organizations - 200 null application/json; charset=utf-8 10.898ms
2026-03-20 15:07:34.406 [INF] Microsoft.AspNetCore.Hosting.Diagnostics | Request starting HTTP/1.1 OPTIONS http://localhost:5217/api/leads - null null
2026-03-20 15:07:34.406 [INF] Microsoft.AspNetCore.Cors.Infrastructure.CorsService | CORS policy execution successful.
2026-03-20 15:07:34.406 [INF] Microsoft.AspNetCore.Hosting.Diagnostics | Request finished HTTP/1.1 OPTIONS http://localhost:5217/api/leads - 204 null null 0.1497ms
2026-03-20 15:07:34.408 [INF] Microsoft.AspNetCore.Hosting.Diagnostics | Request starting HTTP/1.1 GET http://localhost:5217/api/leads - application/json null
2026-03-20 15:07:34.408 [INF] Microsoft.AspNetCore.Cors.Infrastructure.CorsService | CORS policy execution successful.
2026-03-20 15:07:34.408 [INF] Microsoft.AspNetCore.Cors.Infrastructure.CorsService | CORS policy execution successful.
2026-03-20 15:07:34.408 [INF] Microsoft.AspNetCore.Routing.EndpointMiddleware | Executing endpoint 'backend.Controllers.LeadsController.GetLeads (backend)'
2026-03-20 15:07:34.408 [INF] Microsoft.AspNetCore.Mvc.Infrastructure.ControllerActionInvoker | Route matched with {action = "GetLeads", controller = "Leads"}. Executing controller action with signature System.Threading.Tasks.Task`1[System.Collections.Generic.IEnumerable`1[backend.Models.Lead]] GetLeads() on controller backend.Controllers.LeadsController (backend).
2026-03-20 15:07:34.418 [INF] Microsoft.AspNetCore.Mvc.Infrastructure.ObjectResultExecutor | Executing ObjectResult, writing value of type 'System.Collections.Generic.List`1[[backend.Models.Lead, backend, Version=1.0.0.0, Culture=neutral, PublicKeyToken=null]]'.
2026-03-20 15:07:34.418 [INF] Microsoft.AspNetCore.Mvc.Infrastructure.ControllerActionInvoker | Executed action backend.Controllers.LeadsController.GetLeads (backend) in 10.0386ms
2026-03-20 15:07:34.418 [INF] Microsoft.AspNetCore.Routing.EndpointMiddleware | Executed endpoint 'backend.Controllers.LeadsController.GetLeads (backend)'
2026-03-20 15:07:34.418 [INF] Serilog.AspNetCore.RequestLoggingMiddleware | HTTP GET /api/leads → 200 (10.1ms)
2026-03-20 15:07:34.418 [INF] Microsoft.AspNetCore.Hosting.Diagnostics | Request finished HTTP/1.1 GET http://localhost:5217/api/leads - 200 null application/json; charset=utf-8 10.4656ms
2026-03-20 15:07:34.522 [INF] Microsoft.AspNetCore.Hosting.Diagnostics | Request starting HTTP/1.1 OPTIONS http://localhost:5217/api/employees?organizationId=2 - null null
2026-03-20 15:07:34.524 [INF] Microsoft.AspNetCore.Cors.Infrastructure.CorsService | CORS policy execution successful.
2026-03-20 15:07:34.524 [INF] Microsoft.AspNetCore.Hosting.Diagnostics | Request finished HTTP/1.1 OPTIONS http://localhost:5217/api/employees?organizationId=2 - 204 null null 1.9161ms
2026-03-20 15:07:34.526 [INF] Microsoft.AspNetCore.Hosting.Diagnostics | Request starting HTTP/1.1 GET http://localhost:5217/api/employees?organizationId=2 - application/json null
2026-03-20 15:07:34.527 [INF] Microsoft.AspNetCore.Cors.Infrastructure.CorsService | CORS policy execution successful.
2026-03-20 15:07:34.527 [INF] Microsoft.AspNetCore.Cors.Infrastructure.CorsService | CORS policy execution successful.
2026-03-20 15:07:34.527 [INF] Microsoft.AspNetCore.Routing.EndpointMiddleware | Executing endpoint 'backend.Controllers.EmployeesController.GetEmployees (backend)'
2026-03-20 15:07:34.527 [INF] Microsoft.AspNetCore.Mvc.Infrastructure.ControllerActionInvoker | Route matched with {action = "GetEmployees", controller = "Employees"}. Executing controller action with signature System.Threading.Tasks.Task`1[Microsoft.AspNetCore.Mvc.IActionResult] GetEmployees(System.Nullable`1[System.Int32]) on controller backend.Controllers.EmployeesController (backend).
2026-03-20 15:07:34.527 [INF] backend.Controllers.EmployeesController | [Employees] GET all | TargetOrgId=2 | UserOrgId=2
2026-03-20 15:07:34.538 [INF] Microsoft.AspNetCore.Mvc.Infrastructure.ObjectResultExecutor | Executing OkObjectResult, writing value of type 'System.Collections.Generic.List`1[[backend.Models.Employee, backend, Version=1.0.0.0, Culture=neutral, PublicKeyToken=null]]'.
2026-03-20 15:07:34.538 [INF] Microsoft.AspNetCore.Mvc.Infrastructure.ControllerActionInvoker | Executed action backend.Controllers.EmployeesController.GetEmployees (backend) in 11.1418ms
2026-03-20 15:07:34.538 [INF] Microsoft.AspNetCore.Routing.EndpointMiddleware | Executed endpoint 'backend.Controllers.EmployeesController.GetEmployees (backend)'
2026-03-20 15:07:34.538 [INF] Serilog.AspNetCore.RequestLoggingMiddleware | HTTP GET /api/employees → 200 (11.3ms)
2026-03-20 15:07:34.538 [INF] Microsoft.AspNetCore.Hosting.Diagnostics | Request finished HTTP/1.1 GET http://localhost:5217/api/employees?organizationId=2 - 200 null application/json; charset=utf-8 11.7416ms
2026-03-20 15:07:34.580 [INF] Microsoft.AspNetCore.Hosting.Diagnostics | Request starting HTTP/1.1 OPTIONS http://localhost:5217/api/ShiftAssignments/roster?start=2026-03-20&end=2026-03-27&orgId=2 - null null
2026-03-20 15:07:34.580 [INF] Microsoft.AspNetCore.Cors.Infrastructure.CorsService | CORS policy execution successful.
2026-03-20 15:07:34.580 [INF] Microsoft.AspNetCore.Hosting.Diagnostics | Request finished HTTP/1.1 OPTIONS http://localhost:5217/api/ShiftAssignments/roster?start=2026-03-20&end=2026-03-27&orgId=2 - 204 null null 0.192ms
2026-03-20 15:07:34.582 [INF] Microsoft.AspNetCore.Hosting.Diagnostics | Request starting HTTP/1.1 GET http://localhost:5217/api/ShiftAssignments/roster?start=2026-03-20&end=2026-03-27&orgId=2 - application/json null
2026-03-20 15:07:34.582 [INF] Microsoft.AspNetCore.Cors.Infrastructure.CorsService | CORS policy execution successful.
2026-03-20 15:07:34.582 [INF] Microsoft.AspNetCore.Cors.Infrastructure.CorsService | CORS policy execution successful.
2026-03-20 15:07:34.583 [INF] Microsoft.AspNetCore.Routing.EndpointMiddleware | Executing endpoint 'backend.Controllers.ShiftAssignmentsController.GetMonthlyRosterFixed (backend)'
2026-03-20 15:07:34.583 [INF] Microsoft.AspNetCore.Mvc.Infrastructure.ControllerActionInvoker | Route matched with {action = "GetMonthlyRosterFixed", controller = "ShiftAssignments"}. Executing controller action with signature System.Threading.Tasks.Task`1[Microsoft.AspNetCore.Mvc.IActionResult] GetMonthlyRosterFixed(System.String, System.String, System.Nullable`1[System.Int32]) on controller backend.Controllers.ShiftAssignmentsController (backend).
2026-03-20 15:07:34.595 [INF] Microsoft.AspNetCore.Mvc.Infrastructure.ObjectResultExecutor | Executing OkObjectResult, writing value of type 'System.Collections.Generic.List`1[[backend.Models.EmployeeSchedule, backend, Version=1.0.0.0, Culture=neutral, PublicKeyToken=null]]'.
2026-03-20 15:07:34.596 [INF] Microsoft.AspNetCore.Mvc.Infrastructure.ControllerActionInvoker | Executed action backend.Controllers.ShiftAssignmentsController.GetMonthlyRosterFixed (backend) in 12.8906ms
2026-03-20 15:07:34.596 [INF] Microsoft.AspNetCore.Routing.EndpointMiddleware | Executed endpoint 'backend.Controllers.ShiftAssignmentsController.GetMonthlyRosterFixed (backend)'
2026-03-20 15:07:34.596 [INF] Serilog.AspNetCore.RequestLoggingMiddleware | HTTP GET /api/ShiftAssignments/roster → 200 (13.1ms)
2026-03-20 15:07:34.596 [INF] Microsoft.AspNetCore.Hosting.Diagnostics | Request finished HTTP/1.1 GET http://localhost:5217/api/ShiftAssignments/roster?start=2026-03-20&end=2026-03-27&orgId=2 - 200 null application/json; charset=utf-8 13.4725ms
2026-03-20 15:07:34.704 [INF] Microsoft.AspNetCore.Hosting.Diagnostics | Request starting HTTP/1.1 OPTIONS http://localhost:5217/api/Attendance/status?employeeId=31&orgId=2 - null null
2026-03-20 15:07:34.704 [INF] Microsoft.AspNetCore.Cors.Infrastructure.CorsService | CORS policy execution successful.
2026-03-20 15:07:34.704 [INF] Microsoft.AspNetCore.Hosting.Diagnostics | Request finished HTTP/1.1 OPTIONS http://localhost:5217/api/Attendance/status?employeeId=31&orgId=2 - 204 null null 0.4923ms
2026-03-20 15:07:34.709 [INF] Microsoft.AspNetCore.Hosting.Diagnostics | Request starting HTTP/1.1 GET http://localhost:5217/api/Attendance/status?employeeId=31&orgId=2 - application/json null
2026-03-20 15:07:34.709 [INF] Microsoft.AspNetCore.Cors.Infrastructure.CorsService | CORS policy execution successful.
2026-03-20 15:07:34.709 [INF] Microsoft.AspNetCore.Cors.Infrastructure.CorsService | CORS policy execution successful.
2026-03-20 15:07:34.709 [INF] Microsoft.AspNetCore.Routing.EndpointMiddleware | Executing endpoint 'backend.Controllers.AttendanceController.GetTodayStatus (backend)'
2026-03-20 15:07:34.709 [INF] Microsoft.AspNetCore.Mvc.Infrastructure.ControllerActionInvoker | Route matched with {action = "GetTodayStatus", controller = "Attendance"}. Executing controller action with signature System.Threading.Tasks.Task`1[Microsoft.AspNetCore.Mvc.IActionResult] GetTodayStatus(Int32, System.Nullable`1[System.Int32]) on controller backend.Controllers.AttendanceController (backend).
2026-03-20 15:07:34.722 [INF] Microsoft.AspNetCore.Mvc.Infrastructure.ObjectResultExecutor | Executing OkObjectResult, writing value of type 'backend.Models.AttendanceStatusResponse'.
2026-03-20 15:07:34.722 [INF] Microsoft.AspNetCore.Mvc.Infrastructure.ControllerActionInvoker | Executed action backend.Controllers.AttendanceController.GetTodayStatus (backend) in 12.6871ms
2026-03-20 15:07:34.722 [INF] Microsoft.AspNetCore.Routing.EndpointMiddleware | Executed endpoint 'backend.Controllers.AttendanceController.GetTodayStatus (backend)'
2026-03-20 15:07:34.722 [INF] Serilog.AspNetCore.RequestLoggingMiddleware | HTTP GET /api/Attendance/status → 200 (12.8ms)
2026-03-20 15:07:34.722 [INF] Microsoft.AspNetCore.Hosting.Diagnostics | Request finished HTTP/1.1 GET http://localhost:5217/api/Attendance/status?employeeId=31&orgId=2 - 200 null application/json; charset=utf-8 13.2222ms
2026-03-20 15:08:26.108 [INF] Microsoft.AspNetCore.Hosting.Diagnostics | Request starting HTTP/1.1 OPTIONS http://localhost:5217/api/employees?organizationId=2 - null null
2026-03-20 15:08:26.109 [INF] Microsoft.AspNetCore.Cors.Infrastructure.CorsService | CORS policy execution successful.
2026-03-20 15:08:26.109 [INF] Microsoft.AspNetCore.Hosting.Diagnostics | Request finished HTTP/1.1 OPTIONS http://localhost:5217/api/employees?organizationId=2 - 204 null null 0.1671ms
2026-03-20 15:08:26.111 [INF] Microsoft.AspNetCore.Hosting.Diagnostics | Request starting HTTP/1.1 GET http://localhost:5217/api/employees?organizationId=2 - application/json null
2026-03-20 15:08:26.111 [INF] Microsoft.AspNetCore.Cors.Infrastructure.CorsService | CORS policy execution successful.
2026-03-20 15:08:26.111 [INF] Microsoft.AspNetCore.Cors.Infrastructure.CorsService | CORS policy execution successful.
2026-03-20 15:08:26.111 [INF] Microsoft.AspNetCore.Routing.EndpointMiddleware | Executing endpoint 'backend.Controllers.EmployeesController.GetEmployees (backend)'
2026-03-20 15:08:26.112 [INF] Microsoft.AspNetCore.Mvc.Infrastructure.ControllerActionInvoker | Route matched with {action = "GetEmployees", controller = "Employees"}. Executing controller action with signature System.Threading.Tasks.Task`1[Microsoft.AspNetCore.Mvc.IActionResult] GetEmployees(System.Nullable`1[System.Int32]) on controller backend.Controllers.EmployeesController (backend).
2026-03-20 15:08:26.112 [INF] backend.Controllers.EmployeesController | [Employees] GET all | TargetOrgId=2 | UserOrgId=2
2026-03-20 15:08:26.124 [INF] Microsoft.AspNetCore.Mvc.Infrastructure.ObjectResultExecutor | Executing OkObjectResult, writing value of type 'System.Collections.Generic.List`1[[backend.Models.Employee, backend, Version=1.0.0.0, Culture=neutral, PublicKeyToken=null]]'.
2026-03-20 15:08:26.124 [INF] Microsoft.AspNetCore.Mvc.Infrastructure.ControllerActionInvoker | Executed action backend.Controllers.EmployeesController.GetEmployees (backend) in 12.8235ms
2026-03-20 15:08:26.124 [INF] Microsoft.AspNetCore.Routing.EndpointMiddleware | Executed endpoint 'backend.Controllers.EmployeesController.GetEmployees (backend)'
2026-03-20 15:08:26.125 [INF] Serilog.AspNetCore.RequestLoggingMiddleware | HTTP GET /api/employees → 200 (13.1ms)
2026-03-20 15:08:26.125 [INF] Microsoft.AspNetCore.Hosting.Diagnostics | Request finished HTTP/1.1 GET http://localhost:5217/api/employees?organizationId=2 - 200 null application/json; charset=utf-8 13.642ms
2026-03-20 15:15:46.828 [INF] Microsoft.AspNetCore.Hosting.Diagnostics | Request starting HTTP/1.1 OPTIONS http://localhost:5217/api/organizations - null null
2026-03-20 15:15:46.828 [INF] Microsoft.AspNetCore.Cors.Infrastructure.CorsService | CORS policy execution successful.
2026-03-20 15:15:46.828 [INF] Microsoft.AspNetCore.Hosting.Diagnostics | Request finished HTTP/1.1 OPTIONS http://localhost:5217/api/organizations - 204 null null 0.1991ms
2026-03-20 15:15:46.852 [INF] Microsoft.AspNetCore.Hosting.Diagnostics | Request starting HTTP/1.1 GET http://localhost:5217/api/organizations - application/json null
2026-03-20 15:15:46.852 [INF] Microsoft.AspNetCore.Cors.Infrastructure.CorsService | CORS policy execution successful.
2026-03-20 15:15:46.852 [INF] Microsoft.AspNetCore.Cors.Infrastructure.CorsService | CORS policy execution successful.
2026-03-20 15:15:46.865 [INF] Microsoft.AspNetCore.Routing.EndpointMiddleware | Executing endpoint 'backend.Controllers.OrganizationsController.GetOrganizations (backend)'
2026-03-20 15:15:46.865 [INF] Microsoft.AspNetCore.Mvc.Infrastructure.ControllerActionInvoker | Route matched with {action = "GetOrganizations", controller = "Organizations"}. Executing controller action with signature System.Threading.Tasks.Task`1[Microsoft.AspNetCore.Mvc.IActionResult] GetOrganizations() on controller backend.Controllers.OrganizationsController (backend).
2026-03-20 15:15:46.865 [INF] backend.Controllers.OrganizationsController | [Orgs] GET all requested | Role=SuperAdmin | UserId=18
2026-03-20 15:15:47.077 [INF] Microsoft.AspNetCore.Mvc.Infrastructure.ObjectResultExecutor | Executing OkObjectResult, writing value of type 'System.Collections.Generic.List`1[[backend.Models.Organization, backend, Version=1.0.0.0, Culture=neutral, PublicKeyToken=null]]'.
2026-03-20 15:15:47.078 [INF] Microsoft.AspNetCore.Mvc.Infrastructure.ControllerActionInvoker | Executed action backend.Controllers.OrganizationsController.GetOrganizations (backend) in 212.2834ms
2026-03-20 15:15:47.078 [INF] Microsoft.AspNetCore.Routing.EndpointMiddleware | Executed endpoint 'backend.Controllers.OrganizationsController.GetOrganizations (backend)'
2026-03-20 15:15:47.078 [INF] Serilog.AspNetCore.RequestLoggingMiddleware | HTTP GET /api/organizations → 200 (212.5ms)
2026-03-20 15:15:47.078 [INF] Microsoft.AspNetCore.Hosting.Diagnostics | Request finished HTTP/1.1 GET http://localhost:5217/api/organizations - 200 null application/json; charset=utf-8 225.6208ms
2026-03-20 15:15:47.133 [INF] Microsoft.AspNetCore.Hosting.Diagnostics | Request starting HTTP/1.1 OPTIONS http://localhost:5217/api/leads - null null
2026-03-20 15:15:47.134 [INF] Microsoft.AspNetCore.Cors.Infrastructure.CorsService | CORS policy execution successful.
2026-03-20 15:15:47.134 [INF] Microsoft.AspNetCore.Hosting.Diagnostics | Request finished HTTP/1.1 OPTIONS http://localhost:5217/api/leads - 204 null null 0.3076ms
2026-03-20 15:15:47.136 [INF] Microsoft.AspNetCore.Hosting.Diagnostics | Request starting HTTP/1.1 GET http://localhost:5217/api/leads - application/json null
2026-03-20 15:15:47.136 [INF] Microsoft.AspNetCore.Cors.Infrastructure.CorsService | CORS policy execution successful.
2026-03-20 15:15:47.136 [INF] Microsoft.AspNetCore.Cors.Infrastructure.CorsService | CORS policy execution successful.
2026-03-20 15:15:47.136 [INF] Microsoft.AspNetCore.Routing.EndpointMiddleware | Executing endpoint 'backend.Controllers.LeadsController.GetLeads (backend)'
2026-03-20 15:15:47.136 [INF] Microsoft.AspNetCore.Mvc.Infrastructure.ControllerActionInvoker | Route matched with {action = "GetLeads", controller = "Leads"}. Executing controller action with signature System.Threading.Tasks.Task`1[System.Collections.Generic.IEnumerable`1[backend.Models.Lead]] GetLeads() on controller backend.Controllers.LeadsController (backend).
2026-03-20 15:15:47.167 [INF] Microsoft.AspNetCore.Mvc.Infrastructure.ObjectResultExecutor | Executing ObjectResult, writing value of type 'System.Collections.Generic.List`1[[backend.Models.Lead, backend, Version=1.0.0.0, Culture=neutral, PublicKeyToken=null]]'.
2026-03-20 15:15:47.167 [INF] Microsoft.AspNetCore.Mvc.Infrastructure.ControllerActionInvoker | Executed action backend.Controllers.LeadsController.GetLeads (backend) in 30.924ms
2026-03-20 15:15:47.167 [INF] Microsoft.AspNetCore.Routing.EndpointMiddleware | Executed endpoint 'backend.Controllers.LeadsController.GetLeads (backend)'
2026-03-20 15:15:47.167 [INF] Serilog.AspNetCore.RequestLoggingMiddleware | HTTP GET /api/leads → 200 (31.2ms)
2026-03-20 15:15:47.167 [INF] Microsoft.AspNetCore.Hosting.Diagnostics | Request finished HTTP/1.1 GET http://localhost:5217/api/leads - 200 null application/json; charset=utf-8 31.547ms
2026-03-20 15:15:47.347 [INF] Microsoft.AspNetCore.Hosting.Diagnostics | Request starting HTTP/1.1 OPTIONS http://localhost:5217/api/employees?organizationId=2 - null null
2026-03-20 15:15:47.348 [INF] Microsoft.AspNetCore.Cors.Infrastructure.CorsService | CORS policy execution successful.
2026-03-20 15:15:47.348 [INF] Microsoft.AspNetCore.Hosting.Diagnostics | Request finished HTTP/1.1 OPTIONS http://localhost:5217/api/employees?organizationId=2 - 204 null null 1.0003ms
2026-03-20 15:15:47.351 [INF] Microsoft.AspNetCore.Hosting.Diagnostics | Request starting HTTP/1.1 GET http://localhost:5217/api/employees?organizationId=2 - application/json null
2026-03-20 15:15:47.351 [INF] Microsoft.AspNetCore.Cors.Infrastructure.CorsService | CORS policy execution successful.
2026-03-20 15:15:47.351 [INF] Microsoft.AspNetCore.Cors.Infrastructure.CorsService | CORS policy execution successful.
2026-03-20 15:15:47.351 [INF] Microsoft.AspNetCore.Routing.EndpointMiddleware | Executing endpoint 'backend.Controllers.EmployeesController.GetEmployees (backend)'
2026-03-20 15:15:47.352 [INF] Microsoft.AspNetCore.Mvc.Infrastructure.ControllerActionInvoker | Route matched with {action = "GetEmployees", controller = "Employees"}. Executing controller action with signature System.Threading.Tasks.Task`1[Microsoft.AspNetCore.Mvc.IActionResult] GetEmployees(System.Nullable`1[System.Int32]) on controller backend.Controllers.EmployeesController (backend).
2026-03-20 15:15:47.352 [INF] backend.Controllers.EmployeesController | [Employees] GET all | TargetOrgId=2 | UserOrgId=2
2026-03-20 15:15:47.376 [INF] Microsoft.AspNetCore.Mvc.Infrastructure.ObjectResultExecutor | Executing OkObjectResult, writing value of type 'System.Collections.Generic.List`1[[backend.Models.Employee, backend, Version=1.0.0.0, Culture=neutral, PublicKeyToken=null]]'.
2026-03-20 15:15:47.376 [INF] Microsoft.AspNetCore.Mvc.Infrastructure.ControllerActionInvoker | Executed action backend.Controllers.EmployeesController.GetEmployees (backend) in 24.7035ms
2026-03-20 15:15:47.376 [INF] Microsoft.AspNetCore.Routing.EndpointMiddleware | Executed endpoint 'backend.Controllers.EmployeesController.GetEmployees (backend)'
2026-03-20 15:15:47.376 [INF] Serilog.AspNetCore.RequestLoggingMiddleware | HTTP GET /api/employees → 200 (24.9ms)
2026-03-20 15:15:47.376 [INF] Microsoft.AspNetCore.Hosting.Diagnostics | Request finished HTTP/1.1 GET http://localhost:5217/api/employees?organizationId=2 - 200 null application/json; charset=utf-8 25.1536ms
2026-03-20 15:15:47.437 [INF] Microsoft.AspNetCore.Hosting.Diagnostics | Request starting HTTP/1.1 OPTIONS http://localhost:5217/api/ShiftAssignments/roster?start=2026-03-20&end=2026-03-27&orgId=2 - null null
2026-03-20 15:15:47.437 [INF] Microsoft.AspNetCore.Cors.Infrastructure.CorsService | CORS policy execution successful.
2026-03-20 15:15:47.437 [INF] Microsoft.AspNetCore.Hosting.Diagnostics | Request finished HTTP/1.1 OPTIONS http://localhost:5217/api/ShiftAssignments/roster?start=2026-03-20&end=2026-03-27&orgId=2 - 204 null null 0.2336ms
2026-03-20 15:15:47.439 [INF] Microsoft.AspNetCore.Hosting.Diagnostics | Request starting HTTP/1.1 GET http://localhost:5217/api/ShiftAssignments/roster?start=2026-03-20&end=2026-03-27&orgId=2 - application/json null
2026-03-20 15:15:47.439 [INF] Microsoft.AspNetCore.Cors.Infrastructure.CorsService | CORS policy execution successful.
2026-03-20 15:15:47.439 [INF] Microsoft.AspNetCore.Cors.Infrastructure.CorsService | CORS policy execution successful.
2026-03-20 15:15:47.439 [INF] Microsoft.AspNetCore.Routing.EndpointMiddleware | Executing endpoint 'backend.Controllers.ShiftAssignmentsController.GetMonthlyRosterFixed (backend)'
2026-03-20 15:15:47.439 [INF] Microsoft.AspNetCore.Mvc.Infrastructure.ControllerActionInvoker | Route matched with {action = "GetMonthlyRosterFixed", controller = "ShiftAssignments"}. Executing controller action with signature System.Threading.Tasks.Task`1[Microsoft.AspNetCore.Mvc.IActionResult] GetMonthlyRosterFixed(System.String, System.String, System.Nullable`1[System.Int32]) on controller backend.Controllers.ShiftAssignmentsController (backend).
2026-03-20 15:15:47.465 [INF] Microsoft.AspNetCore.Mvc.Infrastructure.ObjectResultExecutor | Executing OkObjectResult, writing value of type 'System.Collections.Generic.List`1[[backend.Models.EmployeeSchedule, backend, Version=1.0.0.0, Culture=neutral, PublicKeyToken=null]]'.
2026-03-20 15:15:47.465 [INF] Microsoft.AspNetCore.Mvc.Infrastructure.ControllerActionInvoker | Executed action backend.Controllers.ShiftAssignmentsController.GetMonthlyRosterFixed (backend) in 25.7583ms
2026-03-20 15:15:47.465 [INF] Microsoft.AspNetCore.Routing.EndpointMiddleware | Executed endpoint 'backend.Controllers.ShiftAssignmentsController.GetMonthlyRosterFixed (backend)'
2026-03-20 15:15:47.465 [INF] Serilog.AspNetCore.RequestLoggingMiddleware | HTTP GET /api/ShiftAssignments/roster → 200 (25.9ms)
2026-03-20 15:15:47.465 [INF] Microsoft.AspNetCore.Hosting.Diagnostics | Request finished HTTP/1.1 GET http://localhost:5217/api/ShiftAssignments/roster?start=2026-03-20&end=2026-03-27&orgId=2 - 200 null application/json; charset=utf-8 26.227ms
2026-03-20 15:15:47.601 [INF] Microsoft.AspNetCore.Hosting.Diagnostics | Request starting HTTP/1.1 OPTIONS http://localhost:5217/api/Attendance/status?employeeId=31&orgId=2 - null null
2026-03-20 15:15:47.602 [INF] Microsoft.AspNetCore.Cors.Infrastructure.CorsService | CORS policy execution successful.
2026-03-20 15:15:47.602 [INF] Microsoft.AspNetCore.Hosting.Diagnostics | Request finished HTTP/1.1 OPTIONS http://localhost:5217/api/Attendance/status?employeeId=31&orgId=2 - 204 null null 0.5437ms
2026-03-20 15:15:47.604 [INF] Microsoft.AspNetCore.Hosting.Diagnostics | Request starting HTTP/1.1 GET http://localhost:5217/api/Attendance/status?employeeId=31&orgId=2 - application/json null
2026-03-20 15:15:47.604 [INF] Microsoft.AspNetCore.Cors.Infrastructure.CorsService | CORS policy execution successful.
2026-03-20 15:15:47.604 [INF] Microsoft.AspNetCore.Cors.Infrastructure.CorsService | CORS policy execution successful.
2026-03-20 15:15:47.605 [INF] Microsoft.AspNetCore.Routing.EndpointMiddleware | Executing endpoint 'backend.Controllers.AttendanceController.GetTodayStatus (backend)'
2026-03-20 15:15:47.605 [INF] Microsoft.AspNetCore.Mvc.Infrastructure.ControllerActionInvoker | Route matched with {action = "GetTodayStatus", controller = "Attendance"}. Executing controller action with signature System.Threading.Tasks.Task`1[Microsoft.AspNetCore.Mvc.IActionResult] GetTodayStatus(Int32, System.Nullable`1[System.Int32]) on controller backend.Controllers.AttendanceController (backend).
2026-03-20 15:15:47.637 [INF] Microsoft.AspNetCore.Mvc.Infrastructure.ObjectResultExecutor | Executing OkObjectResult, writing value of type 'backend.Models.AttendanceStatusResponse'.
2026-03-20 15:15:47.637 [INF] Microsoft.AspNetCore.Mvc.Infrastructure.ControllerActionInvoker | Executed action backend.Controllers.AttendanceController.GetTodayStatus (backend) in 32.3661ms
2026-03-20 15:15:47.637 [INF] Microsoft.AspNetCore.Routing.EndpointMiddleware | Executed endpoint 'backend.Controllers.AttendanceController.GetTodayStatus (backend)'
2026-03-20 15:15:47.637 [INF] Serilog.AspNetCore.RequestLoggingMiddleware | HTTP GET /api/Attendance/status → 200 (32.6ms)
2026-03-20 15:15:47.637 [INF] Microsoft.AspNetCore.Hosting.Diagnostics | Request finished HTTP/1.1 GET http://localhost:5217/api/Attendance/status?employeeId=31&orgId=2 - 200 null application/json; charset=utf-8 32.9527ms
2026-03-20 15:17:38.834 [INF] Microsoft.AspNetCore.Hosting.Diagnostics | Request starting HTTP/1.1 OPTIONS http://localhost:5217/api/employees?organizationId=2 - null null
2026-03-20 15:17:38.834 [INF] Microsoft.AspNetCore.Cors.Infrastructure.CorsService | CORS policy execution successful.
2026-03-20 15:17:38.834 [INF] Microsoft.AspNetCore.Hosting.Diagnostics | Request finished HTTP/1.1 OPTIONS http://localhost:5217/api/employees?organizationId=2 - 204 null null 0.2857ms
2026-03-20 15:17:38.836 [INF] Microsoft.AspNetCore.Hosting.Diagnostics | Request starting HTTP/1.1 GET http://localhost:5217/api/employees?organizationId=2 - application/json null
2026-03-20 15:17:38.836 [INF] Microsoft.AspNetCore.Cors.Infrastructure.CorsService | CORS policy execution successful.
2026-03-20 15:17:38.836 [INF] Microsoft.AspNetCore.Cors.Infrastructure.CorsService | CORS policy execution successful.
2026-03-20 15:17:38.838 [INF] Microsoft.AspNetCore.Routing.EndpointMiddleware | Executing endpoint 'backend.Controllers.EmployeesController.GetEmployees (backend)'
2026-03-20 15:17:38.838 [INF] Microsoft.AspNetCore.Mvc.Infrastructure.ControllerActionInvoker | Route matched with {action = "GetEmployees", controller = "Employees"}. Executing controller action with signature System.Threading.Tasks.Task`1[Microsoft.AspNetCore.Mvc.IActionResult] GetEmployees(System.Nullable`1[System.Int32]) on controller backend.Controllers.EmployeesController (backend).
2026-03-20 15:17:38.838 [INF] backend.Controllers.EmployeesController | [Employees] GET all | TargetOrgId=2 | UserOrgId=2
2026-03-20 15:17:38.867 [INF] Microsoft.AspNetCore.Mvc.Infrastructure.ObjectResultExecutor | Executing OkObjectResult, writing value of type 'System.Collections.Generic.List`1[[backend.Models.Employee, backend, Version=1.0.0.0, Culture=neutral, PublicKeyToken=null]]'.
2026-03-20 15:17:38.867 [INF] Microsoft.AspNetCore.Mvc.Infrastructure.ControllerActionInvoker | Executed action backend.Controllers.EmployeesController.GetEmployees (backend) in 29.38ms
2026-03-20 15:17:38.867 [INF] Microsoft.AspNetCore.Routing.EndpointMiddleware | Executed endpoint 'backend.Controllers.EmployeesController.GetEmployees (backend)'
2026-03-20 15:17:38.867 [INF] Serilog.AspNetCore.RequestLoggingMiddleware | HTTP GET /api/employees → 200 (29.6ms)
2026-03-20 15:17:38.867 [INF] Microsoft.AspNetCore.Hosting.Diagnostics | Request finished HTTP/1.1 GET http://localhost:5217/api/employees?organizationId=2 - 200 null application/json; charset=utf-8 31.1684ms
2026-03-20 15:17:46.533 [INF] Microsoft.AspNetCore.Hosting.Diagnostics | Request starting HTTP/1.1 OPTIONS http://localhost:5217/api/FaceAttendance/mark - null null
2026-03-20 15:17:46.587 [INF] Microsoft.AspNetCore.Cors.Infrastructure.CorsService | CORS policy execution successful.
2026-03-20 15:17:46.587 [INF] Microsoft.AspNetCore.Hosting.Diagnostics | Request finished HTTP/1.1 OPTIONS http://localhost:5217/api/FaceAttendance/mark - 204 null null 54.2813ms
2026-03-20 15:17:46.589 [INF] Microsoft.AspNetCore.Hosting.Diagnostics | Request starting HTTP/1.1 POST http://localhost:5217/api/FaceAttendance/mark - application/json 56
2026-03-20 15:17:46.590 [INF] Microsoft.AspNetCore.Cors.Infrastructure.CorsService | CORS policy execution successful.
2026-03-20 15:17:46.590 [INF] Microsoft.AspNetCore.Cors.Infrastructure.CorsService | CORS policy execution successful.
2026-03-20 15:17:46.591 [INF] Microsoft.AspNetCore.Routing.EndpointMiddleware | Executing endpoint 'backend.Controllers.FaceAttendanceController.MarkFaceAttendance (backend)'
2026-03-20 15:17:46.664 [INF] Microsoft.AspNetCore.Mvc.Infrastructure.ControllerActionInvoker | Route matched with {action = "MarkFaceAttendance", controller = "FaceAttendance"}. Executing controller action with signature System.Threading.Tasks.Task`1[Microsoft.AspNetCore.Mvc.IActionResult] MarkFaceAttendance(backend.Models.FaceAttendanceRequest) on controller backend.Controllers.FaceAttendanceController (backend).
2026-03-20 15:17:46.759 [INF] Microsoft.AspNetCore.Mvc.Infrastructure.ObjectResultExecutor | Executing OkObjectResult, writing value of type '<>f__AnonymousType3`1[[System.String, System.Private.CoreLib, Version=10.0.0.0, Culture=neutral, PublicKeyToken=7cec85d7bea7798e]]'.
2026-03-20 15:17:46.765 [INF] Microsoft.AspNetCore.Mvc.Infrastructure.ControllerActionInvoker | Executed action backend.Controllers.FaceAttendanceController.MarkFaceAttendance (backend) in 100.3521ms
2026-03-20 15:17:46.765 [INF] Microsoft.AspNetCore.Routing.EndpointMiddleware | Executed endpoint 'backend.Controllers.FaceAttendanceController.MarkFaceAttendance (backend)'
2026-03-20 15:17:46.765 [INF] Serilog.AspNetCore.RequestLoggingMiddleware | HTTP POST /api/FaceAttendance/mark → 200 (173.9ms)
2026-03-20 15:17:46.765 [INF] Microsoft.AspNetCore.Hosting.Diagnostics | Request finished HTTP/1.1 POST http://localhost:5217/api/FaceAttendance/mark - 200 null application/json; charset=utf-8 175.3512ms
2026-03-20 15:24:21.588 [INF] Microsoft.AspNetCore.Hosting.Diagnostics | Request starting HTTP/1.1 OPTIONS http://localhost:5217/api/organizations - null null
2026-03-20 15:24:21.589 [INF] Microsoft.AspNetCore.Cors.Infrastructure.CorsService | CORS policy execution successful.
2026-03-20 15:24:21.589 [INF] Microsoft.AspNetCore.Hosting.Diagnostics | Request finished HTTP/1.1 OPTIONS http://localhost:5217/api/organizations - 204 null null 0.3124ms
2026-03-20 15:24:21.615 [INF] Microsoft.AspNetCore.Hosting.Diagnostics | Request starting HTTP/1.1 GET http://localhost:5217/api/organizations - application/json null
2026-03-20 15:24:21.615 [INF] Microsoft.AspNetCore.Cors.Infrastructure.CorsService | CORS policy execution successful.
2026-03-20 15:24:21.615 [INF] Microsoft.AspNetCore.Cors.Infrastructure.CorsService | CORS policy execution successful.
2026-03-20 15:24:21.615 [INF] Microsoft.AspNetCore.Routing.EndpointMiddleware | Executing endpoint 'backend.Controllers.OrganizationsController.GetOrganizations (backend)'
2026-03-20 15:24:21.615 [INF] Microsoft.AspNetCore.Mvc.Infrastructure.ControllerActionInvoker | Route matched with {action = "GetOrganizations", controller = "Organizations"}. Executing controller action with signature System.Threading.Tasks.Task`1[Microsoft.AspNetCore.Mvc.IActionResult] GetOrganizations() on controller backend.Controllers.OrganizationsController (backend).
2026-03-20 15:24:21.615 [INF] backend.Controllers.OrganizationsController | [Orgs] GET all requested | Role=SuperAdmin | UserId=18
2026-03-20 15:24:21.798 [INF] Microsoft.AspNetCore.Mvc.Infrastructure.ObjectResultExecutor | Executing OkObjectResult, writing value of type 'System.Collections.Generic.List`1[[backend.Models.Organization, backend, Version=1.0.0.0, Culture=neutral, PublicKeyToken=null]]'.
2026-03-20 15:24:21.798 [INF] Microsoft.AspNetCore.Mvc.Infrastructure.ControllerActionInvoker | Executed action backend.Controllers.OrganizationsController.GetOrganizations (backend) in 182.856ms
2026-03-20 15:24:21.798 [INF] Microsoft.AspNetCore.Routing.EndpointMiddleware | Executed endpoint 'backend.Controllers.OrganizationsController.GetOrganizations (backend)'
2026-03-20 15:24:21.798 [INF] Serilog.AspNetCore.RequestLoggingMiddleware | HTTP GET /api/organizations → 200 (183.0ms)
2026-03-20 15:24:21.798 [INF] Microsoft.AspNetCore.Hosting.Diagnostics | Request finished HTTP/1.1 GET http://localhost:5217/api/organizations - 200 null application/json; charset=utf-8 183.3528ms
2026-03-20 15:24:21.835 [INF] Microsoft.AspNetCore.Hosting.Diagnostics | Request starting HTTP/1.1 OPTIONS http://localhost:5217/api/leads - null null
2026-03-20 15:24:21.835 [INF] Microsoft.AspNetCore.Cors.Infrastructure.CorsService | CORS policy execution successful.
2026-03-20 15:24:21.836 [INF] Microsoft.AspNetCore.Hosting.Diagnostics | Request finished HTTP/1.1 OPTIONS http://localhost:5217/api/leads - 204 null null 0.1687ms
2026-03-20 15:24:21.837 [INF] Microsoft.AspNetCore.Hosting.Diagnostics | Request starting HTTP/1.1 GET http://localhost:5217/api/leads - application/json null
2026-03-20 15:24:21.837 [INF] Microsoft.AspNetCore.Cors.Infrastructure.CorsService | CORS policy execution successful.
2026-03-20 15:24:21.837 [INF] Microsoft.AspNetCore.Cors.Infrastructure.CorsService | CORS policy execution successful.
2026-03-20 15:24:21.837 [INF] Microsoft.AspNetCore.Routing.EndpointMiddleware | Executing endpoint 'backend.Controllers.LeadsController.GetLeads (backend)'
2026-03-20 15:24:21.837 [INF] Microsoft.AspNetCore.Mvc.Infrastructure.ControllerActionInvoker | Route matched with {action = "GetLeads", controller = "Leads"}. Executing controller action with signature System.Threading.Tasks.Task`1[System.Collections.Generic.IEnumerable`1[backend.Models.Lead]] GetLeads() on controller backend.Controllers.LeadsController (backend).
2026-03-20 15:24:21.864 [INF] Microsoft.AspNetCore.Mvc.Infrastructure.ObjectResultExecutor | Executing ObjectResult, writing value of type 'System.Collections.Generic.List`1[[backend.Models.Lead, backend, Version=1.0.0.0, Culture=neutral, PublicKeyToken=null]]'.
2026-03-20 15:24:21.865 [INF] Microsoft.AspNetCore.Mvc.Infrastructure.ControllerActionInvoker | Executed action backend.Controllers.LeadsController.GetLeads (backend) in 27.3464ms
2026-03-20 15:24:21.865 [INF] Microsoft.AspNetCore.Routing.EndpointMiddleware | Executed endpoint 'backend.Controllers.LeadsController.GetLeads (backend)'
2026-03-20 15:24:21.865 [INF] Serilog.AspNetCore.RequestLoggingMiddleware | HTTP GET /api/leads → 200 (27.5ms)
2026-03-20 15:24:21.865 [INF] Microsoft.AspNetCore.Hosting.Diagnostics | Request finished HTTP/1.1 GET http://localhost:5217/api/leads - 200 null application/json; charset=utf-8 27.8141ms
2026-03-20 15:24:22.012 [INF] Microsoft.AspNetCore.Hosting.Diagnostics | Request starting HTTP/1.1 OPTIONS http://localhost:5217/api/employees?organizationId=2 - null null
2026-03-20 15:24:22.012 [INF] Microsoft.AspNetCore.Cors.Infrastructure.CorsService | CORS policy execution successful.
2026-03-20 15:24:22.012 [INF] Microsoft.AspNetCore.Hosting.Diagnostics | Request finished HTTP/1.1 OPTIONS http://localhost:5217/api/employees?organizationId=2 - 204 null null 0.2664ms
2026-03-20 15:24:22.016 [INF] Microsoft.AspNetCore.Hosting.Diagnostics | Request starting HTTP/1.1 GET http://localhost:5217/api/employees?organizationId=2 - application/json null
2026-03-20 15:24:22.016 [INF] Microsoft.AspNetCore.Cors.Infrastructure.CorsService | CORS policy execution successful.
2026-03-20 15:24:22.016 [INF] Microsoft.AspNetCore.Cors.Infrastructure.CorsService | CORS policy execution successful.
2026-03-20 15:24:22.016 [INF] Microsoft.AspNetCore.Routing.EndpointMiddleware | Executing endpoint 'backend.Controllers.EmployeesController.GetEmployees (backend)'
2026-03-20 15:24:22.016 [INF] Microsoft.AspNetCore.Mvc.Infrastructure.ControllerActionInvoker | Route matched with {action = "GetEmployees", controller = "Employees"}. Executing controller action with signature System.Threading.Tasks.Task`1[Microsoft.AspNetCore.Mvc.IActionResult] GetEmployees(System.Nullable`1[System.Int32]) on controller backend.Controllers.EmployeesController (backend).
2026-03-20 15:24:22.017 [INF] backend.Controllers.EmployeesController | [Employees] GET all | TargetOrgId=2 | UserOrgId=2
2026-03-20 15:24:22.048 [INF] Microsoft.AspNetCore.Mvc.Infrastructure.ObjectResultExecutor | Executing OkObjectResult, writing value of type 'System.Collections.Generic.List`1[[backend.Models.Employee, backend, Version=1.0.0.0, Culture=neutral, PublicKeyToken=null]]'.
2026-03-20 15:24:22.049 [INF] Microsoft.AspNetCore.Mvc.Infrastructure.ControllerActionInvoker | Executed action backend.Controllers.EmployeesController.GetEmployees (backend) in 32.0184ms
2026-03-20 15:24:22.049 [INF] Microsoft.AspNetCore.Routing.EndpointMiddleware | Executed endpoint 'backend.Controllers.EmployeesController.GetEmployees (backend)'
2026-03-20 15:24:22.049 [INF] Serilog.AspNetCore.RequestLoggingMiddleware | HTTP GET /api/employees → 200 (32.4ms)
2026-03-20 15:24:22.049 [INF] Microsoft.AspNetCore.Hosting.Diagnostics | Request finished HTTP/1.1 GET http://localhost:5217/api/employees?organizationId=2 - 200 null application/json; charset=utf-8 32.7497ms
2026-03-20 15:24:22.085 [INF] Microsoft.AspNetCore.Hosting.Diagnostics | Request starting HTTP/1.1 OPTIONS http://localhost:5217/api/ShiftAssignments/roster?start=2026-03-20&end=2026-03-27&orgId=2 - null null
2026-03-20 15:24:22.085 [INF] Microsoft.AspNetCore.Cors.Infrastructure.CorsService | CORS policy execution successful.
2026-03-20 15:24:22.086 [INF] Microsoft.AspNetCore.Hosting.Diagnostics | Request finished HTTP/1.1 OPTIONS http://localhost:5217/api/ShiftAssignments/roster?start=2026-03-20&end=2026-03-27&orgId=2 - 204 null null 0.1927ms
2026-03-20 15:24:22.087 [INF] Microsoft.AspNetCore.Hosting.Diagnostics | Request starting HTTP/1.1 GET http://localhost:5217/api/ShiftAssignments/roster?start=2026-03-20&end=2026-03-27&orgId=2 - application/json null
2026-03-20 15:24:22.087 [INF] Microsoft.AspNetCore.Cors.Infrastructure.CorsService | CORS policy execution successful.
2026-03-20 15:24:22.087 [INF] Microsoft.AspNetCore.Cors.Infrastructure.CorsService | CORS policy execution successful.
2026-03-20 15:24:22.087 [INF] Microsoft.AspNetCore.Routing.EndpointMiddleware | Executing endpoint 'backend.Controllers.ShiftAssignmentsController.GetMonthlyRosterFixed (backend)'
2026-03-20 15:24:22.087 [INF] Microsoft.AspNetCore.Mvc.Infrastructure.ControllerActionInvoker | Route matched with {action = "GetMonthlyRosterFixed", controller = "ShiftAssignments"}. Executing controller action with signature System.Threading.Tasks.Task`1[Microsoft.AspNetCore.Mvc.IActionResult] GetMonthlyRosterFixed(System.String, System.String, System.Nullable`1[System.Int32]) on controller backend.Controllers.ShiftAssignmentsController (backend).
2026-03-20 15:24:22.115 [INF] Microsoft.AspNetCore.Mvc.Infrastructure.ObjectResultExecutor | Executing OkObjectResult, writing value of type 'System.Collections.Generic.List`1[[backend.Models.EmployeeSchedule, backend, Version=1.0.0.0, Culture=neutral, PublicKeyToken=null]]'.
2026-03-20 15:24:22.115 [INF] Microsoft.AspNetCore.Mvc.Infrastructure.ControllerActionInvoker | Executed action backend.Controllers.ShiftAssignmentsController.GetMonthlyRosterFixed (backend) in 27.8696ms
2026-03-20 15:24:22.115 [INF] Microsoft.AspNetCore.Routing.EndpointMiddleware | Executed endpoint 'backend.Controllers.ShiftAssignmentsController.GetMonthlyRosterFixed (backend)'
2026-03-20 15:24:22.115 [INF] Serilog.AspNetCore.RequestLoggingMiddleware | HTTP GET /api/ShiftAssignments/roster → 200 (28.0ms)
2026-03-20 15:24:22.115 [INF] Microsoft.AspNetCore.Hosting.Diagnostics | Request finished HTTP/1.1 GET http://localhost:5217/api/ShiftAssignments/roster?start=2026-03-20&end=2026-03-27&orgId=2 - 200 null application/json; charset=utf-8 28.3142ms
2026-03-20 15:24:22.228 [INF] Microsoft.AspNetCore.Hosting.Diagnostics | Request starting HTTP/1.1 OPTIONS http://localhost:5217/api/Attendance/status?employeeId=31&orgId=2 - null null
2026-03-20 15:24:22.228 [INF] Microsoft.AspNetCore.Cors.Infrastructure.CorsService | CORS policy execution successful.
2026-03-20 15:24:22.229 [INF] Microsoft.AspNetCore.Hosting.Diagnostics | Request finished HTTP/1.1 OPTIONS http://localhost:5217/api/Attendance/status?employeeId=31&orgId=2 - 204 null null 0.1651ms
2026-03-20 15:24:22.231 [INF] Microsoft.AspNetCore.Hosting.Diagnostics | Request starting HTTP/1.1 GET http://localhost:5217/api/Attendance/status?employeeId=31&orgId=2 - application/json null
2026-03-20 15:24:22.231 [INF] Microsoft.AspNetCore.Cors.Infrastructure.CorsService | CORS policy execution successful.
2026-03-20 15:24:22.231 [INF] Microsoft.AspNetCore.Cors.Infrastructure.CorsService | CORS policy execution successful.
2026-03-20 15:24:22.231 [INF] Microsoft.AspNetCore.Routing.EndpointMiddleware | Executing endpoint 'backend.Controllers.AttendanceController.GetTodayStatus (backend)'
2026-03-20 15:24:22.231 [INF] Microsoft.AspNetCore.Mvc.Infrastructure.ControllerActionInvoker | Route matched with {action = "GetTodayStatus", controller = "Attendance"}. Executing controller action with signature System.Threading.Tasks.Task`1[Microsoft.AspNetCore.Mvc.IActionResult] GetTodayStatus(Int32, System.Nullable`1[System.Int32]) on controller backend.Controllers.AttendanceController (backend).
2026-03-20 15:24:22.243 [INF] Microsoft.AspNetCore.Mvc.Infrastructure.ObjectResultExecutor | Executing OkObjectResult, writing value of type 'backend.Models.AttendanceStatusResponse'.
2026-03-20 15:24:22.243 [INF] Microsoft.AspNetCore.Mvc.Infrastructure.ControllerActionInvoker | Executed action backend.Controllers.AttendanceController.GetTodayStatus (backend) in 11.4027ms
2026-03-20 15:24:22.243 [INF] Microsoft.AspNetCore.Routing.EndpointMiddleware | Executed endpoint 'backend.Controllers.AttendanceController.GetTodayStatus (backend)'
2026-03-20 15:24:22.243 [INF] Serilog.AspNetCore.RequestLoggingMiddleware | HTTP GET /api/Attendance/status → 200 (11.6ms)
2026-03-20 15:24:22.243 [INF] Microsoft.AspNetCore.Hosting.Diagnostics | Request finished HTTP/1.1 GET http://localhost:5217/api/Attendance/status?employeeId=31&orgId=2 - 200 null application/json; charset=utf-8 11.9597ms
2026-03-20 15:25:46.818 [INF] Microsoft.AspNetCore.Hosting.Diagnostics | Request starting HTTP/1.1 OPTIONS http://localhost:5217/api/employees?organizationId=2 - null null
2026-03-20 15:25:46.819 [INF] Microsoft.AspNetCore.Cors.Infrastructure.CorsService | CORS policy execution successful.
2026-03-20 15:25:46.819 [INF] Microsoft.AspNetCore.Hosting.Diagnostics | Request finished HTTP/1.1 OPTIONS http://localhost:5217/api/employees?organizationId=2 - 204 null null 0.2142ms
2026-03-20 15:25:46.821 [INF] Microsoft.AspNetCore.Hosting.Diagnostics | Request starting HTTP/1.1 GET http://localhost:5217/api/employees?organizationId=2 - application/json null
2026-03-20 15:25:46.821 [INF] Microsoft.AspNetCore.Cors.Infrastructure.CorsService | CORS policy execution successful.
2026-03-20 15:25:46.821 [INF] Microsoft.AspNetCore.Cors.Infrastructure.CorsService | CORS policy execution successful.
2026-03-20 15:25:46.821 [INF] Microsoft.AspNetCore.Routing.EndpointMiddleware | Executing endpoint 'backend.Controllers.EmployeesController.GetEmployees (backend)'
2026-03-20 15:25:46.821 [INF] Microsoft.AspNetCore.Mvc.Infrastructure.ControllerActionInvoker | Route matched with {action = "GetEmployees", controller = "Employees"}. Executing controller action with signature System.Threading.Tasks.Task`1[Microsoft.AspNetCore.Mvc.IActionResult] GetEmployees(System.Nullable`1[System.Int32]) on controller backend.Controllers.EmployeesController (backend).
2026-03-20 15:25:46.821 [INF] backend.Controllers.EmployeesController | [Employees] GET all | TargetOrgId=2 | UserOrgId=2
2026-03-20 15:25:46.833 [INF] Microsoft.AspNetCore.Mvc.Infrastructure.ObjectResultExecutor | Executing OkObjectResult, writing value of type 'System.Collections.Generic.List`1[[backend.Models.Employee, backend, Version=1.0.0.0, Culture=neutral, PublicKeyToken=null]]'.
2026-03-20 15:25:46.833 [INF] Microsoft.AspNetCore.Mvc.Infrastructure.ControllerActionInvoker | Executed action backend.Controllers.EmployeesController.GetEmployees (backend) in 12.3789ms
2026-03-20 15:25:46.834 [INF] Microsoft.AspNetCore.Routing.EndpointMiddleware | Executed endpoint 'backend.Controllers.EmployeesController.GetEmployees (backend)'
2026-03-20 15:25:46.834 [INF] Serilog.AspNetCore.RequestLoggingMiddleware | HTTP GET /api/employees → 200 (12.6ms)
2026-03-20 15:25:46.834 [INF] Microsoft.AspNetCore.Hosting.Diagnostics | Request finished HTTP/1.1 GET http://localhost:5217/api/employees?organizationId=2 - 200 null application/json; charset=utf-8 12.9256ms
2026-03-20 15:25:54.654 [INF] Microsoft.AspNetCore.Hosting.Diagnostics | Request starting HTTP/1.1 OPTIONS http://localhost:5217/api/FaceAttendance/mark - null null
2026-03-20 15:25:54.655 [INF] Microsoft.AspNetCore.Cors.Infrastructure.CorsService | CORS policy execution successful.
2026-03-20 15:25:54.655 [INF] Microsoft.AspNetCore.Hosting.Diagnostics | Request finished HTTP/1.1 OPTIONS http://localhost:5217/api/FaceAttendance/mark - 204 null null 0.2012ms
2026-03-20 15:25:54.656 [INF] Microsoft.AspNetCore.Hosting.Diagnostics | Request starting HTTP/1.1 POST http://localhost:5217/api/FaceAttendance/mark - application/json 56
2026-03-20 15:25:54.657 [INF] Microsoft.AspNetCore.Cors.Infrastructure.CorsService | CORS policy execution successful.
2026-03-20 15:25:54.657 [INF] Microsoft.AspNetCore.Cors.Infrastructure.CorsService | CORS policy execution successful.
2026-03-20 15:25:54.657 [INF] Microsoft.AspNetCore.Routing.EndpointMiddleware | Executing endpoint 'backend.Controllers.FaceAttendanceController.MarkFaceAttendance (backend)'
2026-03-20 15:25:54.657 [INF] Microsoft.AspNetCore.Mvc.Infrastructure.ControllerActionInvoker | Route matched with {action = "MarkFaceAttendance", controller = "FaceAttendance"}. Executing controller action with signature System.Threading.Tasks.Task`1[Microsoft.AspNetCore.Mvc.IActionResult] MarkFaceAttendance(backend.Models.FaceAttendanceRequest) on controller backend.Controllers.FaceAttendanceController (backend).
2026-03-20 15:25:54.671 [INF] Microsoft.AspNetCore.Mvc.Infrastructure.ObjectResultExecutor | Executing OkObjectResult, writing value of type '<>f__AnonymousType3`1[[System.String, System.Private.CoreLib, Version=10.0.0.0, Culture=neutral, PublicKeyToken=7cec85d7bea7798e]]'.
2026-03-20 15:25:54.671 [INF] Microsoft.AspNetCore.Mvc.Infrastructure.ControllerActionInvoker | Executed action backend.Controllers.FaceAttendanceController.MarkFaceAttendance (backend) in 14.259ms
2026-03-20 15:25:54.671 [INF] Microsoft.AspNetCore.Routing.EndpointMiddleware | Executed endpoint 'backend.Controllers.FaceAttendanceController.MarkFaceAttendance (backend)'
2026-03-20 15:25:54.671 [INF] Serilog.AspNetCore.RequestLoggingMiddleware | HTTP POST /api/FaceAttendance/mark → 200 (14.6ms)
2026-03-20 15:25:54.671 [INF] Microsoft.AspNetCore.Hosting.Diagnostics | Request finished HTTP/1.1 POST http://localhost:5217/api/FaceAttendance/mark - 200 null application/json; charset=utf-8 15.0324ms
2026-03-20 15:26:48.166 [INF] Microsoft.AspNetCore.Hosting.Diagnostics | Request starting HTTP/1.1 OPTIONS http://localhost:5217/api/FaceAttendance/mark - null null
2026-03-20 15:26:48.166 [INF] Microsoft.AspNetCore.Cors.Infrastructure.CorsService | CORS policy execution successful.
2026-03-20 15:26:48.166 [INF] Microsoft.AspNetCore.Hosting.Diagnostics | Request finished HTTP/1.1 OPTIONS http://localhost:5217/api/FaceAttendance/mark - 204 null null 0.1643ms
2026-03-20 15:26:48.167 [INF] Microsoft.AspNetCore.Hosting.Diagnostics | Request starting HTTP/1.1 POST http://localhost:5217/api/FaceAttendance/mark - application/json 56
2026-03-20 15:26:48.167 [INF] Microsoft.AspNetCore.Cors.Infrastructure.CorsService | CORS policy execution successful.
2026-03-20 15:26:48.167 [INF] Microsoft.AspNetCore.Cors.Infrastructure.CorsService | CORS policy execution successful.
2026-03-20 15:26:48.167 [INF] Microsoft.AspNetCore.Routing.EndpointMiddleware | Executing endpoint 'backend.Controllers.FaceAttendanceController.MarkFaceAttendance (backend)'
2026-03-20 15:26:48.167 [INF] Microsoft.AspNetCore.Mvc.Infrastructure.ControllerActionInvoker | Route matched with {action = "MarkFaceAttendance", controller = "FaceAttendance"}. Executing controller action with signature System.Threading.Tasks.Task`1[Microsoft.AspNetCore.Mvc.IActionResult] MarkFaceAttendance(backend.Models.FaceAttendanceRequest) on controller backend.Controllers.FaceAttendanceController (backend).
2026-03-20 15:26:48.198 [INF] Microsoft.AspNetCore.Mvc.Infrastructure.ObjectResultExecutor | Executing OkObjectResult, writing value of type '<>f__AnonymousType3`1[[System.String, System.Private.CoreLib, Version=10.0.0.0, Culture=neutral, PublicKeyToken=7cec85d7bea7798e]]'.
2026-03-20 15:26:48.198 [INF] Microsoft.AspNetCore.Mvc.Infrastructure.ControllerActionInvoker | Executed action backend.Controllers.FaceAttendanceController.MarkFaceAttendance (backend) in 31.1907ms
2026-03-20 15:26:48.200 [INF] Microsoft.AspNetCore.Routing.EndpointMiddleware | Executed endpoint 'backend.Controllers.FaceAttendanceController.MarkFaceAttendance (backend)'
2026-03-20 15:26:48.200 [INF] Serilog.AspNetCore.RequestLoggingMiddleware | HTTP POST /api/FaceAttendance/mark → 200 (32.6ms)
2026-03-20 15:26:48.200 [INF] Microsoft.AspNetCore.Hosting.Diagnostics | Request finished HTTP/1.1 POST http://localhost:5217/api/FaceAttendance/mark - 200 null application/json; charset=utf-8 32.838ms
2026-03-20 15:27:40.112 [INF] Microsoft.AspNetCore.Hosting.Diagnostics | Request starting HTTP/1.1 OPTIONS http://localhost:5217/api/FaceAttendance/mark - null null
2026-03-20 15:27:40.112 [INF] Microsoft.AspNetCore.Cors.Infrastructure.CorsService | CORS policy execution successful.
2026-03-20 15:27:40.112 [INF] Microsoft.AspNetCore.Hosting.Diagnostics | Request finished HTTP/1.1 OPTIONS http://localhost:5217/api/FaceAttendance/mark - 204 null null 0.1752ms
2026-03-20 15:27:40.113 [INF] Microsoft.AspNetCore.Hosting.Diagnostics | Request starting HTTP/1.1 POST http://localhost:5217/api/FaceAttendance/mark - application/json 56
2026-03-20 15:27:40.114 [INF] Microsoft.AspNetCore.Cors.Infrastructure.CorsService | CORS policy execution successful.
2026-03-20 15:27:40.114 [INF] Microsoft.AspNetCore.Cors.Infrastructure.CorsService | CORS policy execution successful.
2026-03-20 15:27:40.114 [INF] Microsoft.AspNetCore.Routing.EndpointMiddleware | Executing endpoint 'backend.Controllers.FaceAttendanceController.MarkFaceAttendance (backend)'
2026-03-20 15:27:40.114 [INF] Microsoft.AspNetCore.Mvc.Infrastructure.ControllerActionInvoker | Route matched with {action = "MarkFaceAttendance", controller = "FaceAttendance"}. Executing controller action with signature System.Threading.Tasks.Task`1[Microsoft.AspNetCore.Mvc.IActionResult] MarkFaceAttendance(backend.Models.FaceAttendanceRequest) on controller backend.Controllers.FaceAttendanceController (backend).
2026-03-20 15:27:40.152 [INF] Microsoft.AspNetCore.Mvc.Infrastructure.ObjectResultExecutor | Executing OkObjectResult, writing value of type '<>f__AnonymousType3`1[[System.String, System.Private.CoreLib, Version=10.0.0.0, Culture=neutral, PublicKeyToken=7cec85d7bea7798e]]'.
2026-03-20 15:27:40.152 [INF] Microsoft.AspNetCore.Mvc.Infrastructure.ControllerActionInvoker | Executed action backend.Controllers.FaceAttendanceController.MarkFaceAttendance (backend) in 38.2898ms
2026-03-20 15:27:40.152 [INF] Microsoft.AspNetCore.Routing.EndpointMiddleware | Executed endpoint 'backend.Controllers.FaceAttendanceController.MarkFaceAttendance (backend)'
2026-03-20 15:27:40.152 [INF] Serilog.AspNetCore.RequestLoggingMiddleware | HTTP POST /api/FaceAttendance/mark → 200 (38.4ms)
2026-03-20 15:27:40.152 [INF] Microsoft.AspNetCore.Hosting.Diagnostics | Request finished HTTP/1.1 POST http://localhost:5217/api/FaceAttendance/mark - 200 null application/json; charset=utf-8 38.62ms
2026-03-20 15:28:05.265 [INF] Microsoft.AspNetCore.Hosting.Diagnostics | Request starting HTTP/1.1 OPTIONS http://localhost:5217/api/FaceAttendance/mark - null null
2026-03-20 15:28:05.265 [INF] Microsoft.AspNetCore.Cors.Infrastructure.CorsService | CORS policy execution successful.
2026-03-20 15:28:05.265 [INF] Microsoft.AspNetCore.Hosting.Diagnostics | Request finished HTTP/1.1 OPTIONS http://localhost:5217/api/FaceAttendance/mark - 204 null null 0.4244ms
2026-03-20 15:28:05.268 [INF] Microsoft.AspNetCore.Hosting.Diagnostics | Request starting HTTP/1.1 POST http://localhost:5217/api/FaceAttendance/mark - application/json 56
2026-03-20 15:28:05.268 [INF] Microsoft.AspNetCore.Cors.Infrastructure.CorsService | CORS policy execution successful.
2026-03-20 15:28:05.268 [INF] Microsoft.AspNetCore.Cors.Infrastructure.CorsService | CORS policy execution successful.
2026-03-20 15:28:05.268 [INF] Microsoft.AspNetCore.Routing.EndpointMiddleware | Executing endpoint 'backend.Controllers.FaceAttendanceController.MarkFaceAttendance (backend)'
2026-03-20 15:28:05.268 [INF] Microsoft.AspNetCore.Mvc.Infrastructure.ControllerActionInvoker | Route matched with {action = "MarkFaceAttendance", controller = "FaceAttendance"}. Executing controller action with signature System.Threading.Tasks.Task`1[Microsoft.AspNetCore.Mvc.IActionResult] MarkFaceAttendance(backend.Models.FaceAttendanceRequest) on controller backend.Controllers.FaceAttendanceController (backend).
2026-03-20 15:28:05.533 [INF] Microsoft.AspNetCore.Mvc.Infrastructure.ObjectResultExecutor | Executing OkObjectResult, writing value of type '<>f__AnonymousType3`1[[System.String, System.Private.CoreLib, Version=10.0.0.0, Culture=neutral, PublicKeyToken=7cec85d7bea7798e]]'.
2026-03-20 15:28:05.533 [INF] Microsoft.AspNetCore.Mvc.Infrastructure.ControllerActionInvoker | Executed action backend.Controllers.FaceAttendanceController.MarkFaceAttendance (backend) in 264.5569ms
2026-03-20 15:28:05.533 [INF] Microsoft.AspNetCore.Routing.EndpointMiddleware | Executed endpoint 'backend.Controllers.FaceAttendanceController.MarkFaceAttendance (backend)'
2026-03-20 15:28:05.533 [INF] Serilog.AspNetCore.RequestLoggingMiddleware | HTTP POST /api/FaceAttendance/mark → 200 (264.8ms)
2026-03-20 15:28:05.533 [INF] Microsoft.AspNetCore.Hosting.Diagnostics | Request finished HTTP/1.1 POST http://localhost:5217/api/FaceAttendance/mark - 200 null application/json; charset=utf-8 265.0848ms
2026-03-20 15:28:15.998 [INF] Microsoft.AspNetCore.Hosting.Diagnostics | Request starting HTTP/1.1 OPTIONS http://localhost:5217/api/FaceAttendance/mark - null null
2026-03-20 15:28:15.998 [INF] Microsoft.AspNetCore.Cors.Infrastructure.CorsService | CORS policy execution successful.
2026-03-20 15:28:15.999 [INF] Microsoft.AspNetCore.Hosting.Diagnostics | Request finished HTTP/1.1 OPTIONS http://localhost:5217/api/FaceAttendance/mark - 204 null null 0.236ms
2026-03-20 15:28:16.000 [INF] Microsoft.AspNetCore.Hosting.Diagnostics | Request starting HTTP/1.1 POST http://localhost:5217/api/FaceAttendance/mark - application/json 56
2026-03-20 15:28:16.000 [INF] Microsoft.AspNetCore.Cors.Infrastructure.CorsService | CORS policy execution successful.
2026-03-20 15:28:16.000 [INF] Microsoft.AspNetCore.Cors.Infrastructure.CorsService | CORS policy execution successful.
2026-03-20 15:28:16.000 [INF] Microsoft.AspNetCore.Routing.EndpointMiddleware | Executing endpoint 'backend.Controllers.FaceAttendanceController.MarkFaceAttendance (backend)'
2026-03-20 15:28:16.000 [INF] Microsoft.AspNetCore.Mvc.Infrastructure.ControllerActionInvoker | Route matched with {action = "MarkFaceAttendance", controller = "FaceAttendance"}. Executing controller action with signature System.Threading.Tasks.Task`1[Microsoft.AspNetCore.Mvc.IActionResult] MarkFaceAttendance(backend.Models.FaceAttendanceRequest) on controller backend.Controllers.FaceAttendanceController (backend).
2026-03-20 15:28:16.134 [INF] Microsoft.AspNetCore.Mvc.Infrastructure.ObjectResultExecutor | Executing OkObjectResult, writing value of type '<>f__AnonymousType3`1[[System.String, System.Private.CoreLib, Version=10.0.0.0, Culture=neutral, PublicKeyToken=7cec85d7bea7798e]]'.
2026-03-20 15:28:16.134 [INF] Microsoft.AspNetCore.Mvc.Infrastructure.ControllerActionInvoker | Executed action backend.Controllers.FaceAttendanceController.MarkFaceAttendance (backend) in 134.1527ms
2026-03-20 15:28:16.134 [INF] Microsoft.AspNetCore.Routing.EndpointMiddleware | Executed endpoint 'backend.Controllers.FaceAttendanceController.MarkFaceAttendance (backend)'
2026-03-20 15:28:16.134 [INF] Serilog.AspNetCore.RequestLoggingMiddleware | HTTP POST /api/FaceAttendance/mark → 200 (134.4ms)
2026-03-20 15:28:16.134 [INF] Microsoft.AspNetCore.Hosting.Diagnostics | Request finished HTTP/1.1 POST http://localhost:5217/api/FaceAttendance/mark - 200 null application/json; charset=utf-8 134.6103ms
2026-03-20 15:30:08.705 [INF] Microsoft.AspNetCore.Hosting.Diagnostics | Request starting HTTP/1.1 OPTIONS http://localhost:5217/api/FaceAttendance/mark - null null
2026-03-20 15:30:08.706 [INF] Microsoft.AspNetCore.Cors.Infrastructure.CorsService | CORS policy execution successful.
2026-03-20 15:30:08.706 [INF] Microsoft.AspNetCore.Hosting.Diagnostics | Request finished HTTP/1.1 OPTIONS http://localhost:5217/api/FaceAttendance/mark - 204 null null 0.3146ms
2026-03-20 15:30:08.708 [INF] Microsoft.AspNetCore.Hosting.Diagnostics | Request starting HTTP/1.1 POST http://localhost:5217/api/FaceAttendance/mark - application/json 56
2026-03-20 15:30:08.708 [INF] Microsoft.AspNetCore.Cors.Infrastructure.CorsService | CORS policy execution successful.
2026-03-20 15:30:08.708 [INF] Microsoft.AspNetCore.Cors.Infrastructure.CorsService | CORS policy execution successful.
2026-03-20 15:30:08.708 [INF] Microsoft.AspNetCore.Routing.EndpointMiddleware | Executing endpoint 'backend.Controllers.FaceAttendanceController.MarkFaceAttendance (backend)'
2026-03-20 15:30:08.708 [INF] Microsoft.AspNetCore.Mvc.Infrastructure.ControllerActionInvoker | Route matched with {action = "MarkFaceAttendance", controller = "FaceAttendance"}. Executing controller action with signature System.Threading.Tasks.Task`1[Microsoft.AspNetCore.Mvc.IActionResult] MarkFaceAttendance(backend.Models.FaceAttendanceRequest) on controller backend.Controllers.FaceAttendanceController (backend).
2026-03-20 15:30:08.769 [INF] Microsoft.AspNetCore.Mvc.Infrastructure.ObjectResultExecutor | Executing OkObjectResult, writing value of type '<>f__AnonymousType3`1[[System.String, System.Private.CoreLib, Version=10.0.0.0, Culture=neutral, PublicKeyToken=7cec85d7bea7798e]]'.
2026-03-20 15:30:08.769 [INF] Microsoft.AspNetCore.Mvc.Infrastructure.ControllerActionInvoker | Executed action backend.Controllers.FaceAttendanceController.MarkFaceAttendance (backend) in 61.2082ms
2026-03-20 15:30:08.769 [INF] Microsoft.AspNetCore.Routing.EndpointMiddleware | Executed endpoint 'backend.Controllers.FaceAttendanceController.MarkFaceAttendance (backend)'
2026-03-20 15:30:08.769 [INF] Serilog.AspNetCore.RequestLoggingMiddleware | HTTP POST /api/FaceAttendance/mark → 200 (61.4ms)
2026-03-20 15:30:08.769 [INF] Microsoft.AspNetCore.Hosting.Diagnostics | Request finished HTTP/1.1 POST http://localhost:5217/api/FaceAttendance/mark - 200 null application/json; charset=utf-8 61.646ms
2026-03-20 15:41:12.505 [INF] Microsoft.AspNetCore.Hosting.Diagnostics | Request starting HTTP/1.1 OPTIONS http://localhost:5217/api/organizations - null null
2026-03-20 15:41:12.505 [INF] Microsoft.AspNetCore.Cors.Infrastructure.CorsService | CORS policy execution successful.
2026-03-20 15:41:12.505 [INF] Microsoft.AspNetCore.Hosting.Diagnostics | Request finished HTTP/1.1 OPTIONS http://localhost:5217/api/organizations - 204 null null 0.4076ms
2026-03-20 15:41:12.508 [INF] Microsoft.AspNetCore.Hosting.Diagnostics | Request starting HTTP/1.1 GET http://localhost:5217/api/organizations - application/json null
2026-03-20 15:41:12.508 [INF] Microsoft.AspNetCore.Cors.Infrastructure.CorsService | CORS policy execution successful.
2026-03-20 15:41:12.508 [INF] Microsoft.AspNetCore.Cors.Infrastructure.CorsService | CORS policy execution successful.
2026-03-20 15:41:12.508 [INF] Microsoft.AspNetCore.Routing.EndpointMiddleware | Executing endpoint 'backend.Controllers.OrganizationsController.GetOrganizations (backend)'
2026-03-20 15:41:12.508 [INF] Microsoft.AspNetCore.Mvc.Infrastructure.ControllerActionInvoker | Route matched with {action = "GetOrganizations", controller = "Organizations"}. Executing controller action with signature System.Threading.Tasks.Task`1[Microsoft.AspNetCore.Mvc.IActionResult] GetOrganizations() on controller backend.Controllers.OrganizationsController (backend).
2026-03-20 15:41:12.508 [INF] backend.Controllers.OrganizationsController | [Orgs] GET all requested | Role=SuperAdmin | UserId=18
2026-03-20 15:41:12.610 [INF] Microsoft.AspNetCore.Mvc.Infrastructure.ObjectResultExecutor | Executing OkObjectResult, writing value of type 'System.Collections.Generic.List`1[[backend.Models.Organization, backend, Version=1.0.0.0, Culture=neutral, PublicKeyToken=null]]'.
2026-03-20 15:41:12.610 [INF] Microsoft.AspNetCore.Mvc.Infrastructure.ControllerActionInvoker | Executed action backend.Controllers.OrganizationsController.GetOrganizations (backend) in 102.0118ms
2026-03-20 15:41:12.610 [INF] Microsoft.AspNetCore.Routing.EndpointMiddleware | Executed endpoint 'backend.Controllers.OrganizationsController.GetOrganizations (backend)'
2026-03-20 15:41:12.610 [INF] Serilog.AspNetCore.RequestLoggingMiddleware | HTTP GET /api/organizations → 200 (102.2ms)
2026-03-20 15:41:12.610 [INF] Microsoft.AspNetCore.Hosting.Diagnostics | Request finished HTTP/1.1 GET http://localhost:5217/api/organizations - 200 null application/json; charset=utf-8 102.6617ms
2026-03-20 15:41:13.539 [INF] Microsoft.AspNetCore.Hosting.Diagnostics | Request starting HTTP/1.1 OPTIONS http://localhost:5217/api/leads - null null
2026-03-20 15:41:13.539 [INF] Microsoft.AspNetCore.Cors.Infrastructure.CorsService | CORS policy execution successful.
2026-03-20 15:41:13.540 [INF] Microsoft.AspNetCore.Hosting.Diagnostics | Request finished HTTP/1.1 OPTIONS http://localhost:5217/api/leads - 204 null null 0.3358ms
2026-03-20 15:41:13.547 [INF] Microsoft.AspNetCore.Hosting.Diagnostics | Request starting HTTP/1.1 GET http://localhost:5217/api/leads - application/json null
2026-03-20 15:41:13.547 [INF] Microsoft.AspNetCore.Cors.Infrastructure.CorsService | CORS policy execution successful.
2026-03-20 15:41:13.547 [INF] Microsoft.AspNetCore.Cors.Infrastructure.CorsService | CORS policy execution successful.
2026-03-20 15:41:13.547 [INF] Microsoft.AspNetCore.Routing.EndpointMiddleware | Executing endpoint 'backend.Controllers.LeadsController.GetLeads (backend)'
2026-03-20 15:41:13.548 [INF] Microsoft.AspNetCore.Mvc.Infrastructure.ControllerActionInvoker | Route matched with {action = "GetLeads", controller = "Leads"}. Executing controller action with signature System.Threading.Tasks.Task`1[System.Collections.Generic.IEnumerable`1[backend.Models.Lead]] GetLeads() on controller backend.Controllers.LeadsController (backend).
2026-03-20 15:41:13.563 [INF] Microsoft.AspNetCore.Mvc.Infrastructure.ObjectResultExecutor | Executing ObjectResult, writing value of type 'System.Collections.Generic.List`1[[backend.Models.Lead, backend, Version=1.0.0.0, Culture=neutral, PublicKeyToken=null]]'.
2026-03-20 15:41:13.567 [INF] Microsoft.AspNetCore.Mvc.Infrastructure.ControllerActionInvoker | Executed action backend.Controllers.LeadsController.GetLeads (backend) in 19.7202ms
2026-03-20 15:41:13.567 [INF] Microsoft.AspNetCore.Routing.EndpointMiddleware | Executed endpoint 'backend.Controllers.LeadsController.GetLeads (backend)'
2026-03-20 15:41:13.567 [INF] Serilog.AspNetCore.RequestLoggingMiddleware | HTTP GET /api/leads → 200 (20.1ms)
2026-03-20 15:41:13.568 [INF] Microsoft.AspNetCore.Hosting.Diagnostics | Request finished HTTP/1.1 GET http://localhost:5217/api/leads - 200 null application/json; charset=utf-8 20.6238ms
2026-03-20 15:41:13.778 [INF] Microsoft.AspNetCore.Hosting.Diagnostics | Request starting HTTP/1.1 OPTIONS http://localhost:5217/api/employees?organizationId=2 - null null
2026-03-20 15:41:13.778 [INF] Microsoft.AspNetCore.Cors.Infrastructure.CorsService | CORS policy execution successful.
2026-03-20 15:41:13.779 [INF] Microsoft.AspNetCore.Hosting.Diagnostics | Request finished HTTP/1.1 OPTIONS http://localhost:5217/api/employees?organizationId=2 - 204 null null 0.221ms
2026-03-20 15:41:13.781 [INF] Microsoft.AspNetCore.Hosting.Diagnostics | Request starting HTTP/1.1 GET http://localhost:5217/api/employees?organizationId=2 - application/json null
2026-03-20 15:41:13.781 [INF] Microsoft.AspNetCore.Cors.Infrastructure.CorsService | CORS policy execution successful.
2026-03-20 15:41:13.781 [INF] Microsoft.AspNetCore.Cors.Infrastructure.CorsService | CORS policy execution successful.
2026-03-20 15:41:13.782 [INF] Microsoft.AspNetCore.Routing.EndpointMiddleware | Executing endpoint 'backend.Controllers.EmployeesController.GetEmployees (backend)'
2026-03-20 15:41:13.782 [INF] Microsoft.AspNetCore.Mvc.Infrastructure.ControllerActionInvoker | Route matched with {action = "GetEmployees", controller = "Employees"}. Executing controller action with signature System.Threading.Tasks.Task`1[Microsoft.AspNetCore.Mvc.IActionResult] GetEmployees(System.Nullable`1[System.Int32]) on controller backend.Controllers.EmployeesController (backend).
2026-03-20 15:41:13.782 [INF] backend.Controllers.EmployeesController | [Employees] GET all | TargetOrgId=2 | UserOrgId=2
2026-03-20 15:41:13.843 [INF] Microsoft.AspNetCore.Mvc.Infrastructure.ObjectResultExecutor | Executing OkObjectResult, writing value of type 'System.Collections.Generic.List`1[[backend.Models.Employee, backend, Version=1.0.0.0, Culture=neutral, PublicKeyToken=null]]'.
2026-03-20 15:41:13.844 [INF] Microsoft.AspNetCore.Mvc.Infrastructure.ControllerActionInvoker | Executed action backend.Controllers.EmployeesController.GetEmployees (backend) in 62.2367ms
2026-03-20 15:41:13.844 [INF] Microsoft.AspNetCore.Routing.EndpointMiddleware | Executed endpoint 'backend.Controllers.EmployeesController.GetEmployees (backend)'
2026-03-20 15:41:13.844 [INF] Serilog.AspNetCore.RequestLoggingMiddleware | HTTP GET /api/employees → 200 (62.6ms)
2026-03-20 15:41:13.844 [INF] Microsoft.AspNetCore.Hosting.Diagnostics | Request finished HTTP/1.1 GET http://localhost:5217/api/employees?organizationId=2 - 200 null application/json; charset=utf-8 63.4951ms
2026-03-20 15:41:13.891 [INF] Microsoft.AspNetCore.Hosting.Diagnostics | Request starting HTTP/1.1 OPTIONS http://localhost:5217/api/ShiftAssignments/roster?start=2026-03-20&end=2026-03-27&orgId=2 - null null
2026-03-20 15:41:13.891 [INF] Microsoft.AspNetCore.Cors.Infrastructure.CorsService | CORS policy execution successful.
2026-03-20 15:41:13.891 [INF] Microsoft.AspNetCore.Hosting.Diagnostics | Request finished HTTP/1.1 OPTIONS http://localhost:5217/api/ShiftAssignments/roster?start=2026-03-20&end=2026-03-27&orgId=2 - 204 null null 0.1966ms
2026-03-20 15:41:13.896 [INF] Microsoft.AspNetCore.Hosting.Diagnostics | Request starting HTTP/1.1 GET http://localhost:5217/api/ShiftAssignments/roster?start=2026-03-20&end=2026-03-27&orgId=2 - application/json null
2026-03-20 15:41:13.896 [INF] Microsoft.AspNetCore.Cors.Infrastructure.CorsService | CORS policy execution successful.
2026-03-20 15:41:13.896 [INF] Microsoft.AspNetCore.Cors.Infrastructure.CorsService | CORS policy execution successful.
2026-03-20 15:41:13.896 [INF] Microsoft.AspNetCore.Routing.EndpointMiddleware | Executing endpoint 'backend.Controllers.ShiftAssignmentsController.GetMonthlyRosterFixed (backend)'
2026-03-20 15:41:13.896 [INF] Microsoft.AspNetCore.Mvc.Infrastructure.ControllerActionInvoker | Route matched with {action = "GetMonthlyRosterFixed", controller = "ShiftAssignments"}. Executing controller action with signature System.Threading.Tasks.Task`1[Microsoft.AspNetCore.Mvc.IActionResult] GetMonthlyRosterFixed(System.String, System.String, System.Nullable`1[System.Int32]) on controller backend.Controllers.ShiftAssignmentsController (backend).
2026-03-20 15:41:13.909 [INF] Microsoft.AspNetCore.Mvc.Infrastructure.ObjectResultExecutor | Executing OkObjectResult, writing value of type 'System.Collections.Generic.List`1[[backend.Models.EmployeeSchedule, backend, Version=1.0.0.0, Culture=neutral, PublicKeyToken=null]]'.
2026-03-20 15:41:13.909 [INF] Microsoft.AspNetCore.Mvc.Infrastructure.ControllerActionInvoker | Executed action backend.Controllers.ShiftAssignmentsController.GetMonthlyRosterFixed (backend) in 12.7971ms
2026-03-20 15:41:13.909 [INF] Microsoft.AspNetCore.Routing.EndpointMiddleware | Executed endpoint 'backend.Controllers.ShiftAssignmentsController.GetMonthlyRosterFixed (backend)'
2026-03-20 15:41:13.909 [INF] Serilog.AspNetCore.RequestLoggingMiddleware | HTTP GET /api/ShiftAssignments/roster → 200 (13.0ms)
2026-03-20 15:41:13.909 [INF] Microsoft.AspNetCore.Hosting.Diagnostics | Request finished HTTP/1.1 GET http://localhost:5217/api/ShiftAssignments/roster?start=2026-03-20&end=2026-03-27&orgId=2 - 200 null application/json; charset=utf-8 13.4603ms
2026-03-20 15:41:14.057 [INF] Microsoft.AspNetCore.Hosting.Diagnostics | Request starting HTTP/1.1 OPTIONS http://localhost:5217/api/Attendance/status?employeeId=31&orgId=2 - null null
2026-03-20 15:41:14.058 [INF] Microsoft.AspNetCore.Cors.Infrastructure.CorsService | CORS policy execution successful.
2026-03-20 15:41:14.058 [INF] Microsoft.AspNetCore.Hosting.Diagnostics | Request finished HTTP/1.1 OPTIONS http://localhost:5217/api/Attendance/status?employeeId=31&orgId=2 - 204 null null 0.4183ms
2026-03-20 15:41:14.061 [INF] Microsoft.AspNetCore.Hosting.Diagnostics | Request starting HTTP/1.1 GET http://localhost:5217/api/Attendance/status?employeeId=31&orgId=2 - application/json null
2026-03-20 15:41:14.061 [INF] Microsoft.AspNetCore.Cors.Infrastructure.CorsService | CORS policy execution successful.
2026-03-20 15:41:14.061 [INF] Microsoft.AspNetCore.Cors.Infrastructure.CorsService | CORS policy execution successful.
2026-03-20 15:41:14.061 [INF] Microsoft.AspNetCore.Routing.EndpointMiddleware | Executing endpoint 'backend.Controllers.AttendanceController.GetTodayStatus (backend)'
2026-03-20 15:41:14.061 [INF] Microsoft.AspNetCore.Mvc.Infrastructure.ControllerActionInvoker | Route matched with {action = "GetTodayStatus", controller = "Attendance"}. Executing controller action with signature System.Threading.Tasks.Task`1[Microsoft.AspNetCore.Mvc.IActionResult] GetTodayStatus(Int32, System.Nullable`1[System.Int32]) on controller backend.Controllers.AttendanceController (backend).
2026-03-20 15:41:14.078 [INF] Microsoft.AspNetCore.Mvc.Infrastructure.ObjectResultExecutor | Executing OkObjectResult, writing value of type 'backend.Models.AttendanceStatusResponse'.
2026-03-20 15:41:14.078 [INF] Microsoft.AspNetCore.Mvc.Infrastructure.ControllerActionInvoker | Executed action backend.Controllers.AttendanceController.GetTodayStatus (backend) in 16.9134ms
2026-03-20 15:41:14.078 [INF] Microsoft.AspNetCore.Routing.EndpointMiddleware | Executed endpoint 'backend.Controllers.AttendanceController.GetTodayStatus (backend)'
2026-03-20 15:41:14.078 [INF] Serilog.AspNetCore.RequestLoggingMiddleware | HTTP GET /api/Attendance/status → 200 (17.1ms)
2026-03-20 15:41:14.078 [INF] Microsoft.AspNetCore.Hosting.Diagnostics | Request finished HTTP/1.1 GET http://localhost:5217/api/Attendance/status?employeeId=31&orgId=2 - 200 null application/json; charset=utf-8 17.6302ms
2026-03-20 15:41:25.908 [INF] Microsoft.AspNetCore.Hosting.Diagnostics | Request starting HTTP/1.1 OPTIONS http://localhost:5217/api/employees?organizationId=2 - null null
2026-03-20 15:41:25.909 [INF] Microsoft.AspNetCore.Cors.Infrastructure.CorsService | CORS policy execution successful.
2026-03-20 15:41:25.909 [INF] Microsoft.AspNetCore.Hosting.Diagnostics | Request finished HTTP/1.1 OPTIONS http://localhost:5217/api/employees?organizationId=2 - 204 null null 0.1659ms
2026-03-20 15:41:25.910 [INF] Microsoft.AspNetCore.Hosting.Diagnostics | Request starting HTTP/1.1 GET http://localhost:5217/api/employees?organizationId=2 - application/json null
2026-03-20 15:41:25.910 [INF] Microsoft.AspNetCore.Cors.Infrastructure.CorsService | CORS policy execution successful.
2026-03-20 15:41:25.910 [INF] Microsoft.AspNetCore.Cors.Infrastructure.CorsService | CORS policy execution successful.
2026-03-20 15:41:25.911 [INF] Microsoft.AspNetCore.Routing.EndpointMiddleware | Executing endpoint 'backend.Controllers.EmployeesController.GetEmployees (backend)'
2026-03-20 15:41:25.911 [INF] Microsoft.AspNetCore.Mvc.Infrastructure.ControllerActionInvoker | Route matched with {action = "GetEmployees", controller = "Employees"}. Executing controller action with signature System.Threading.Tasks.Task`1[Microsoft.AspNetCore.Mvc.IActionResult] GetEmployees(System.Nullable`1[System.Int32]) on controller backend.Controllers.EmployeesController (backend).
2026-03-20 15:41:25.911 [INF] backend.Controllers.EmployeesController | [Employees] GET all | TargetOrgId=2 | UserOrgId=2
2026-03-20 15:41:25.923 [INF] Microsoft.AspNetCore.Mvc.Infrastructure.ObjectResultExecutor | Executing OkObjectResult, writing value of type 'System.Collections.Generic.List`1[[backend.Models.Employee, backend, Version=1.0.0.0, Culture=neutral, PublicKeyToken=null]]'.
2026-03-20 15:41:25.925 [INF] Microsoft.AspNetCore.Mvc.Infrastructure.ControllerActionInvoker | Executed action backend.Controllers.EmployeesController.GetEmployees (backend) in 13.8258ms
2026-03-20 15:41:25.925 [INF] Microsoft.AspNetCore.Routing.EndpointMiddleware | Executed endpoint 'backend.Controllers.EmployeesController.GetEmployees (backend)'
2026-03-20 15:41:25.925 [INF] Serilog.AspNetCore.RequestLoggingMiddleware | HTTP GET /api/employees → 200 (14.0ms)
2026-03-20 15:41:25.925 [INF] Microsoft.AspNetCore.Hosting.Diagnostics | Request finished HTTP/1.1 GET http://localhost:5217/api/employees?organizationId=2 - 200 null application/json; charset=utf-8 14.4004ms
2026-03-20 15:41:33.350 [INF] Microsoft.AspNetCore.Hosting.Diagnostics | Request starting HTTP/1.1 OPTIONS http://localhost:5217/api/FaceAttendance/mark - null null
2026-03-20 15:41:33.350 [INF] Microsoft.AspNetCore.Cors.Infrastructure.CorsService | CORS policy execution successful.
2026-03-20 15:41:33.350 [INF] Microsoft.AspNetCore.Hosting.Diagnostics | Request finished HTTP/1.1 OPTIONS http://localhost:5217/api/FaceAttendance/mark - 204 null null 0.2216ms
2026-03-20 15:41:33.352 [INF] Microsoft.AspNetCore.Hosting.Diagnostics | Request starting HTTP/1.1 POST http://localhost:5217/api/FaceAttendance/mark - application/json 56
2026-03-20 15:41:33.352 [INF] Microsoft.AspNetCore.Cors.Infrastructure.CorsService | CORS policy execution successful.
2026-03-20 15:41:33.352 [INF] Microsoft.AspNetCore.Cors.Infrastructure.CorsService | CORS policy execution successful.
2026-03-20 15:41:33.352 [INF] Microsoft.AspNetCore.Routing.EndpointMiddleware | Executing endpoint 'backend.Controllers.FaceAttendanceController.MarkFaceAttendance (backend)'
2026-03-20 15:41:33.352 [INF] Microsoft.AspNetCore.Mvc.Infrastructure.ControllerActionInvoker | Route matched with {action = "MarkFaceAttendance", controller = "FaceAttendance"}. Executing controller action with signature System.Threading.Tasks.Task`1[Microsoft.AspNetCore.Mvc.IActionResult] MarkFaceAttendance(backend.Models.FaceAttendanceRequest) on controller backend.Controllers.FaceAttendanceController (backend).
2026-03-20 15:41:33.369 [INF] Microsoft.AspNetCore.Mvc.Infrastructure.ObjectResultExecutor | Executing OkObjectResult, writing value of type '<>f__AnonymousType3`1[[System.String, System.Private.CoreLib, Version=10.0.0.0, Culture=neutral, PublicKeyToken=7cec85d7bea7798e]]'.
2026-03-20 15:41:33.369 [INF] Microsoft.AspNetCore.Mvc.Infrastructure.ControllerActionInvoker | Executed action backend.Controllers.FaceAttendanceController.MarkFaceAttendance (backend) in 16.5235ms
2026-03-20 15:41:33.369 [INF] Microsoft.AspNetCore.Routing.EndpointMiddleware | Executed endpoint 'backend.Controllers.FaceAttendanceController.MarkFaceAttendance (backend)'
2026-03-20 15:41:33.369 [INF] Serilog.AspNetCore.RequestLoggingMiddleware | HTTP POST /api/FaceAttendance/mark → 200 (16.7ms)
2026-03-20 15:41:33.369 [INF] Microsoft.AspNetCore.Hosting.Diagnostics | Request finished HTTP/1.1 POST http://localhost:5217/api/FaceAttendance/mark - 200 null application/json; charset=utf-8 16.9906ms
2026-03-20 15:43:32.243 [INF] Microsoft.AspNetCore.Hosting.Diagnostics | Request starting HTTP/1.1 OPTIONS http://localhost:5217/api/FaceAttendance/mark - null null
2026-03-20 15:43:32.243 [INF] Microsoft.AspNetCore.Cors.Infrastructure.CorsService | CORS policy execution successful.
2026-03-20 15:43:32.243 [INF] Microsoft.AspNetCore.Hosting.Diagnostics | Request finished HTTP/1.1 OPTIONS http://localhost:5217/api/FaceAttendance/mark - 204 null null 0.1702ms
2026-03-20 15:43:32.245 [INF] Microsoft.AspNetCore.Hosting.Diagnostics | Request starting HTTP/1.1 POST http://localhost:5217/api/FaceAttendance/mark - application/json 56
2026-03-20 15:43:32.245 [INF] Microsoft.AspNetCore.Cors.Infrastructure.CorsService | CORS policy execution successful.
2026-03-20 15:43:32.245 [INF] Microsoft.AspNetCore.Cors.Infrastructure.CorsService | CORS policy execution successful.
2026-03-20 15:43:32.246 [INF] Microsoft.AspNetCore.Routing.EndpointMiddleware | Executing endpoint 'backend.Controllers.FaceAttendanceController.MarkFaceAttendance (backend)'
2026-03-20 15:43:32.246 [INF] Microsoft.AspNetCore.Mvc.Infrastructure.ControllerActionInvoker | Route matched with {action = "MarkFaceAttendance", controller = "FaceAttendance"}. Executing controller action with signature System.Threading.Tasks.Task`1[Microsoft.AspNetCore.Mvc.IActionResult] MarkFaceAttendance(backend.Models.FaceAttendanceRequest) on controller backend.Controllers.FaceAttendanceController (backend).
2026-03-20 15:43:32.275 [INF] Microsoft.AspNetCore.Mvc.Infrastructure.ObjectResultExecutor | Executing OkObjectResult, writing value of type '<>f__AnonymousType3`1[[System.String, System.Private.CoreLib, Version=10.0.0.0, Culture=neutral, PublicKeyToken=7cec85d7bea7798e]]'.
2026-03-20 15:43:32.275 [INF] Microsoft.AspNetCore.Mvc.Infrastructure.ControllerActionInvoker | Executed action backend.Controllers.FaceAttendanceController.MarkFaceAttendance (backend) in 29.6207ms
2026-03-20 15:43:32.275 [INF] Microsoft.AspNetCore.Routing.EndpointMiddleware | Executed endpoint 'backend.Controllers.FaceAttendanceController.MarkFaceAttendance (backend)'
2026-03-20 15:43:32.275 [INF] Serilog.AspNetCore.RequestLoggingMiddleware | HTTP POST /api/FaceAttendance/mark → 200 (29.8ms)
2026-03-20 15:43:32.276 [INF] Microsoft.AspNetCore.Hosting.Diagnostics | Request finished HTTP/1.1 POST http://localhost:5217/api/FaceAttendance/mark - 200 null application/json; charset=utf-8 30.4828ms
2026-03-20 16:22:01.054 [INF] Microsoft.AspNetCore.Hosting.Diagnostics | Request starting HTTP/1.1 OPTIONS http://localhost:5217/api/auth/login - null null
2026-03-20 16:22:01.056 [INF] Microsoft.AspNetCore.Cors.Infrastructure.CorsService | CORS policy execution successful.
2026-03-20 16:22:01.056 [INF] Microsoft.AspNetCore.Hosting.Diagnostics | Request finished HTTP/1.1 OPTIONS http://localhost:5217/api/auth/login - 204 null null 1.9042ms
2026-03-20 16:22:01.058 [INF] Microsoft.AspNetCore.Hosting.Diagnostics | Request starting HTTP/1.1 POST http://localhost:5217/api/auth/login - application/json 62
2026-03-20 16:22:01.062 [INF] Microsoft.AspNetCore.Cors.Infrastructure.CorsService | CORS policy execution successful.
2026-03-20 16:22:01.062 [INF] Microsoft.AspNetCore.Cors.Infrastructure.CorsService | CORS policy execution successful.
2026-03-20 16:22:01.062 [INF] Microsoft.AspNetCore.Routing.EndpointMiddleware | Executing endpoint 'backend.Controllers.AuthController.Login (backend)'
2026-03-20 16:22:01.081 [INF] Microsoft.AspNetCore.Mvc.Infrastructure.ControllerActionInvoker | Route matched with {action = "Login", controller = "Auth"}. Executing controller action with signature System.Threading.Tasks.Task`1[Microsoft.AspNetCore.Mvc.IActionResult] Login(backend.Models.LoginRequest) on controller backend.Controllers.AuthController (backend).
2026-03-20 16:22:01.088 [INF] backend.Controllers.AuthController | [Auth] Login attempt | Email=vasanth2004vk@gmail.com
2026-03-20 16:22:01.287 [INF] backend.Controllers.AuthController | [Auth] User login session recorded | UserId=18 | TokenExpiry="2026-03-21T10:52:01.2720997Z"
2026-03-20 16:22:01.287 [INF] backend.Controllers.AuthController | [Auth] Login SUCCESS | Email=vasanth2004vk@gmail.com | EffectiveRole=SuperAdmin | OrgId=2
2026-03-20 16:22:01.288 [INF] Microsoft.AspNetCore.Mvc.Infrastructure.ObjectResultExecutor | Executing OkObjectResult, writing value of type '<>f__AnonymousType13`2[[System.String, System.Private.CoreLib, Version=10.0.0.0, Culture=neutral, PublicKeyToken=7cec85d7bea7798e],[<>f__AnonymousType14`6[[System.Int32, System.Private.CoreLib, Version=10.0.0.0, Culture=neutral, PublicKeyToken=7cec85d7bea7798e],[System.String, System.Private.CoreLib, Version=10.0.0.0, Culture=neutral, PublicKeyToken=7cec85d7bea7798e],[System.String, System.Private.CoreLib, Version=10.0.0.0, Culture=neutral, PublicKeyToken=7cec85d7bea7798e],[System.String, System.Private.CoreLib, Version=10.0.0.0, Culture=neutral, PublicKeyToken=7cec85d7bea7798e],[System.Nullable`1[[System.Int32, System.Private.CoreLib, Version=10.0.0.0, Culture=neutral, PublicKeyToken=7cec85d7bea7798e]], System.Private.CoreLib, Version=10.0.0.0, Culture=neutral, PublicKeyToken=7cec85d7bea7798e],[System.String, System.Private.CoreLib, Version=10.0.0.0, Culture=neutral, PublicKeyToken=7cec85d7bea7798e]], backend, Version=1.0.0.0, Culture=neutral, PublicKeyToken=null]]'.
2026-03-20 16:22:01.293 [INF] Microsoft.AspNetCore.Mvc.Infrastructure.ControllerActionInvoker | Executed action backend.Controllers.AuthController.Login (backend) in 212.5153ms
2026-03-20 16:22:01.293 [INF] Microsoft.AspNetCore.Routing.EndpointMiddleware | Executed endpoint 'backend.Controllers.AuthController.Login (backend)'
2026-03-20 16:22:01.293 [INF] Serilog.AspNetCore.RequestLoggingMiddleware | HTTP POST /api/auth/login → 200 (231.2ms)
2026-03-20 16:22:01.293 [INF] Microsoft.AspNetCore.Hosting.Diagnostics | Request finished HTTP/1.1 POST http://localhost:5217/api/auth/login - 200 null application/json; charset=utf-8 234.9407ms
2026-03-20 16:22:01.840 [INF] Microsoft.AspNetCore.Hosting.Diagnostics | Request starting HTTP/1.1 OPTIONS http://localhost:5217/api/organizations - null null
2026-03-20 16:22:01.840 [INF] Microsoft.AspNetCore.Cors.Infrastructure.CorsService | CORS policy execution successful.
2026-03-20 16:22:01.841 [INF] Microsoft.AspNetCore.Hosting.Diagnostics | Request finished HTTP/1.1 OPTIONS http://localhost:5217/api/organizations - 204 null null 0.1372ms
2026-03-20 16:22:01.843 [INF] Microsoft.AspNetCore.Hosting.Diagnostics | Request starting HTTP/1.1 OPTIONS http://localhost:5217/api/organizations - null null
2026-03-20 16:22:01.843 [INF] Microsoft.AspNetCore.Cors.Infrastructure.CorsService | CORS policy execution successful.
2026-03-20 16:22:01.843 [INF] Microsoft.AspNetCore.Hosting.Diagnostics | Request finished HTTP/1.1 OPTIONS http://localhost:5217/api/organizations - 204 null null 0.3759ms
2026-03-20 16:22:01.845 [INF] Microsoft.AspNetCore.Hosting.Diagnostics | Request starting HTTP/1.1 GET http://localhost:5217/api/organizations - application/json null
2026-03-20 16:22:01.845 [INF] Microsoft.AspNetCore.Cors.Infrastructure.CorsService | CORS policy execution successful.
2026-03-20 16:22:01.845 [INF] Microsoft.AspNetCore.Cors.Infrastructure.CorsService | CORS policy execution successful.
2026-03-20 16:22:01.846 [INF] Microsoft.AspNetCore.Routing.EndpointMiddleware | Executing endpoint 'backend.Controllers.OrganizationsController.GetOrganizations (backend)'
2026-03-20 16:22:01.853 [INF] Microsoft.AspNetCore.Mvc.Infrastructure.ControllerActionInvoker | Route matched with {action = "GetOrganizations", controller = "Organizations"}. Executing controller action with signature System.Threading.Tasks.Task`1[Microsoft.AspNetCore.Mvc.IActionResult] GetOrganizations() on controller backend.Controllers.OrganizationsController (backend).
2026-03-20 16:22:01.853 [INF] backend.Controllers.OrganizationsController | [Orgs] GET all requested | Role=SuperAdmin | UserId=18
2026-03-20 16:22:01.863 [INF] Microsoft.AspNetCore.Mvc.Infrastructure.ObjectResultExecutor | Executing OkObjectResult, writing value of type 'System.Collections.Generic.List`1[[backend.Models.Organization, backend, Version=1.0.0.0, Culture=neutral, PublicKeyToken=null]]'.
2026-03-20 16:22:01.865 [INF] Microsoft.AspNetCore.Mvc.Infrastructure.ControllerActionInvoker | Executed action backend.Controllers.OrganizationsController.GetOrganizations (backend) in 11.7463ms
2026-03-20 16:22:01.865 [INF] Microsoft.AspNetCore.Routing.EndpointMiddleware | Executed endpoint 'backend.Controllers.OrganizationsController.GetOrganizations (backend)'
2026-03-20 16:22:01.865 [INF] Serilog.AspNetCore.RequestLoggingMiddleware | HTTP GET /api/organizations → 200 (18.9ms)
2026-03-20 16:22:01.865 [INF] Microsoft.AspNetCore.Hosting.Diagnostics | Request finished HTTP/1.1 GET http://localhost:5217/api/organizations - 200 null application/json; charset=utf-8 19.944ms
2026-03-20 16:22:01.866 [INF] Microsoft.AspNetCore.Hosting.Diagnostics | Request starting HTTP/1.1 GET http://localhost:5217/api/organizations - application/json null
2026-03-20 16:22:01.866 [INF] Microsoft.AspNetCore.Cors.Infrastructure.CorsService | CORS policy execution successful.
2026-03-20 16:22:01.866 [INF] Microsoft.AspNetCore.Cors.Infrastructure.CorsService | CORS policy execution successful.
2026-03-20 16:22:01.866 [INF] Microsoft.AspNetCore.Routing.EndpointMiddleware | Executing endpoint 'backend.Controllers.OrganizationsController.GetOrganizations (backend)'
2026-03-20 16:22:01.866 [INF] Microsoft.AspNetCore.Mvc.Infrastructure.ControllerActionInvoker | Route matched with {action = "GetOrganizations", controller = "Organizations"}. Executing controller action with signature System.Threading.Tasks.Task`1[Microsoft.AspNetCore.Mvc.IActionResult] GetOrganizations() on controller backend.Controllers.OrganizationsController (backend).
2026-03-20 16:22:01.866 [INF] backend.Controllers.OrganizationsController | [Orgs] GET all requested | Role=SuperAdmin | UserId=18
2026-03-20 16:22:01.876 [INF] Microsoft.AspNetCore.Mvc.Infrastructure.ObjectResultExecutor | Executing OkObjectResult, writing value of type 'System.Collections.Generic.List`1[[backend.Models.Organization, backend, Version=1.0.0.0, Culture=neutral, PublicKeyToken=null]]'.
2026-03-20 16:22:01.877 [INF] Microsoft.AspNetCore.Mvc.Infrastructure.ControllerActionInvoker | Executed action backend.Controllers.OrganizationsController.GetOrganizations (backend) in 10.066ms
2026-03-20 16:22:01.877 [INF] Microsoft.AspNetCore.Routing.EndpointMiddleware | Executed endpoint 'backend.Controllers.OrganizationsController.GetOrganizations (backend)'
2026-03-20 16:22:01.877 [INF] Serilog.AspNetCore.RequestLoggingMiddleware | HTTP GET /api/organizations → 200 (10.2ms)
2026-03-20 16:22:01.877 [INF] Microsoft.AspNetCore.Hosting.Diagnostics | Request finished HTTP/1.1 GET http://localhost:5217/api/organizations - 200 null application/json; charset=utf-8 10.5389ms
2026-03-20 16:22:01.945 [INF] Microsoft.AspNetCore.Hosting.Diagnostics | Request starting HTTP/1.1 OPTIONS http://localhost:5217/api/leads - null null
2026-03-20 16:22:01.945 [INF] Microsoft.AspNetCore.Cors.Infrastructure.CorsService | CORS policy execution successful.
2026-03-20 16:22:01.945 [INF] Microsoft.AspNetCore.Hosting.Diagnostics | Request finished HTTP/1.1 OPTIONS http://localhost:5217/api/leads - 204 null null 0.1339ms
2026-03-20 16:22:01.947 [INF] Microsoft.AspNetCore.Hosting.Diagnostics | Request starting HTTP/1.1 GET http://localhost:5217/uploads/org-logos/org-logo-5873c475d91d4bbd9046deec667d136c.jpg - null null
2026-03-20 16:22:01.948 [INF] Microsoft.AspNetCore.Cors.Infrastructure.CorsService | CORS policy execution successful.
2026-03-20 16:22:01.950 [INF] Microsoft.AspNetCore.Hosting.Diagnostics | Request starting HTTP/1.1 GET http://localhost:5217/api/leads - application/json null
2026-03-20 16:22:01.951 [INF] Microsoft.AspNetCore.Cors.Infrastructure.CorsService | CORS policy execution successful.
2026-03-20 16:22:01.951 [INF] Microsoft.AspNetCore.Cors.Infrastructure.CorsService | CORS policy execution successful.
2026-03-20 16:22:01.951 [INF] Microsoft.AspNetCore.Routing.EndpointMiddleware | Executing endpoint 'backend.Controllers.LeadsController.GetLeads (backend)'
2026-03-20 16:22:01.952 [INF] Microsoft.AspNetCore.Hosting.Diagnostics | Request starting HTTP/1.1 GET http://localhost:5217/uploads/org-logos/org-logo-f3e5c29a5727487a9d6c2a5527e8919d.png - null null
2026-03-20 16:22:01.952 [INF] Microsoft.AspNetCore.Cors.Infrastructure.CorsService | CORS policy execution successful.
2026-03-20 16:22:01.954 [INF] Microsoft.AspNetCore.StaticFiles.StaticFileMiddleware | The file /uploads/org-logos/org-logo-f3e5c29a5727487a9d6c2a5527e8919d.png was not modified
2026-03-20 16:22:01.954 [INF] Microsoft.AspNetCore.StaticFiles.StaticFileMiddleware | The file /uploads/org-logos/org-logo-5873c475d91d4bbd9046deec667d136c.jpg was not modified
2026-03-20 16:22:01.954 [INF] Microsoft.AspNetCore.Hosting.Diagnostics | Request finished HTTP/1.1 GET http://localhost:5217/uploads/org-logos/org-logo-f3e5c29a5727487a9d6c2a5527e8919d.png - 304 null image/png 2.6792ms
2026-03-20 16:22:01.954 [INF] Microsoft.AspNetCore.Hosting.Diagnostics | Request finished HTTP/1.1 GET http://localhost:5217/uploads/org-logos/org-logo-5873c475d91d4bbd9046deec667d136c.jpg - 304 null image/jpeg 7.9446ms
2026-03-20 16:22:01.958 [INF] Microsoft.AspNetCore.Hosting.Diagnostics | Request starting HTTP/1.1 GET http://localhost:5217/uploads/org-logos/org-logo-6fcb4a5d7f2e442f800ddd9bde90c680.jpg - null null
2026-03-20 16:22:01.958 [INF] Microsoft.AspNetCore.Cors.Infrastructure.CorsService | CORS policy execution successful.
2026-03-20 16:22:01.958 [INF] Microsoft.AspNetCore.StaticFiles.StaticFileMiddleware | The file /uploads/org-logos/org-logo-6fcb4a5d7f2e442f800ddd9bde90c680.jpg was not modified
2026-03-20 16:22:01.958 [INF] Microsoft.AspNetCore.Mvc.Infrastructure.ControllerActionInvoker | Route matched with {action = "GetLeads", controller = "Leads"}. Executing controller action with signature System.Threading.Tasks.Task`1[System.Collections.Generic.IEnumerable`1[backend.Models.Lead]] GetLeads() on controller backend.Controllers.LeadsController (backend).
2026-03-20 16:22:01.958 [INF] Microsoft.AspNetCore.Hosting.Diagnostics | Request finished HTTP/1.1 GET http://localhost:5217/uploads/org-logos/org-logo-6fcb4a5d7f2e442f800ddd9bde90c680.jpg - 304 null image/jpeg 0.4609ms
2026-03-20 16:22:01.969 [INF] Microsoft.AspNetCore.Mvc.Infrastructure.ObjectResultExecutor | Executing ObjectResult, writing value of type 'System.Collections.Generic.List`1[[backend.Models.Lead, backend, Version=1.0.0.0, Culture=neutral, PublicKeyToken=null]]'.
2026-03-20 16:22:01.973 [INF] Microsoft.AspNetCore.Mvc.Infrastructure.ControllerActionInvoker | Executed action backend.Controllers.LeadsController.GetLeads (backend) in 15.0139ms
2026-03-20 16:22:01.973 [INF] Microsoft.AspNetCore.Routing.EndpointMiddleware | Executed endpoint 'backend.Controllers.LeadsController.GetLeads (backend)'
2026-03-20 16:22:01.973 [INF] Serilog.AspNetCore.RequestLoggingMiddleware | HTTP GET /api/leads → 200 (22.5ms)
2026-03-20 16:22:01.973 [INF] Microsoft.AspNetCore.Hosting.Diagnostics | Request finished HTTP/1.1 GET http://localhost:5217/api/leads - 200 null application/json; charset=utf-8 22.7398ms
2026-03-20 16:22:02.034 [INF] Microsoft.AspNetCore.Hosting.Diagnostics | Request starting HTTP/1.1 GET http://localhost:5217/api/leads - application/json null
2026-03-20 16:22:02.034 [INF] Microsoft.AspNetCore.Cors.Infrastructure.CorsService | CORS policy execution successful.
2026-03-20 16:22:02.034 [INF] Microsoft.AspNetCore.Cors.Infrastructure.CorsService | CORS policy execution successful.
2026-03-20 16:22:02.034 [INF] Microsoft.AspNetCore.Routing.EndpointMiddleware | Executing endpoint 'backend.Controllers.LeadsController.GetLeads (backend)'
2026-03-20 16:22:02.034 [INF] Microsoft.AspNetCore.Mvc.Infrastructure.ControllerActionInvoker | Route matched with {action = "GetLeads", controller = "Leads"}. Executing controller action with signature System.Threading.Tasks.Task`1[System.Collections.Generic.IEnumerable`1[backend.Models.Lead]] GetLeads() on controller backend.Controllers.LeadsController (backend).
2026-03-20 16:22:02.044 [INF] Microsoft.AspNetCore.Mvc.Infrastructure.ObjectResultExecutor | Executing ObjectResult, writing value of type 'System.Collections.Generic.List`1[[backend.Models.Lead, backend, Version=1.0.0.0, Culture=neutral, PublicKeyToken=null]]'.
2026-03-20 16:22:02.044 [INF] Microsoft.AspNetCore.Mvc.Infrastructure.ControllerActionInvoker | Executed action backend.Controllers.LeadsController.GetLeads (backend) in 9.5989ms
2026-03-20 16:22:02.044 [INF] Microsoft.AspNetCore.Routing.EndpointMiddleware | Executed endpoint 'backend.Controllers.LeadsController.GetLeads (backend)'
2026-03-20 16:22:02.044 [INF] Serilog.AspNetCore.RequestLoggingMiddleware | HTTP GET /api/leads → 200 (9.7ms)
2026-03-20 16:22:02.044 [INF] Microsoft.AspNetCore.Hosting.Diagnostics | Request finished HTTP/1.1 GET http://localhost:5217/api/leads - 200 null application/json; charset=utf-8 10.0961ms
2026-03-20 16:22:02.062 [INF] Microsoft.AspNetCore.Hosting.Diagnostics | Request starting HTTP/1.1 OPTIONS http://localhost:5217/api/employees?organizationId=2 - null null
2026-03-20 16:22:02.062 [INF] Microsoft.AspNetCore.Cors.Infrastructure.CorsService | CORS policy execution successful.
2026-03-20 16:22:02.062 [INF] Microsoft.AspNetCore.Hosting.Diagnostics | Request finished HTTP/1.1 OPTIONS http://localhost:5217/api/employees?organizationId=2 - 204 null null 0.1698ms
2026-03-20 16:22:02.064 [INF] Microsoft.AspNetCore.Hosting.Diagnostics | Request starting HTTP/1.1 GET http://localhost:5217/api/employees?organizationId=2 - application/json null
2026-03-20 16:22:02.064 [INF] Microsoft.AspNetCore.Cors.Infrastructure.CorsService | CORS policy execution successful.
2026-03-20 16:22:02.064 [INF] Microsoft.AspNetCore.Cors.Infrastructure.CorsService | CORS policy execution successful.
2026-03-20 16:22:02.064 [INF] Microsoft.AspNetCore.Routing.EndpointMiddleware | Executing endpoint 'backend.Controllers.EmployeesController.GetEmployees (backend)'
2026-03-20 16:22:02.077 [INF] Microsoft.AspNetCore.Mvc.Infrastructure.ControllerActionInvoker | Route matched with {action = "GetEmployees", controller = "Employees"}. Executing controller action with signature System.Threading.Tasks.Task`1[Microsoft.AspNetCore.Mvc.IActionResult] GetEmployees(System.Nullable`1[System.Int32]) on controller backend.Controllers.EmployeesController (backend).
2026-03-20 16:22:02.077 [INF] backend.Controllers.EmployeesController | [Employees] GET all | TargetOrgId=2 | UserOrgId=2
2026-03-20 16:22:02.096 [INF] Microsoft.AspNetCore.Mvc.Infrastructure.ObjectResultExecutor | Executing OkObjectResult, writing value of type 'System.Collections.Generic.List`1[[backend.Models.Employee, backend, Version=1.0.0.0, Culture=neutral, PublicKeyToken=null]]'.
2026-03-20 16:22:02.102 [INF] Microsoft.AspNetCore.Mvc.Infrastructure.ControllerActionInvoker | Executed action backend.Controllers.EmployeesController.GetEmployees (backend) in 25.0326ms
2026-03-20 16:22:02.102 [INF] Microsoft.AspNetCore.Routing.EndpointMiddleware | Executed endpoint 'backend.Controllers.EmployeesController.GetEmployees (backend)'
2026-03-20 16:22:02.102 [INF] Serilog.AspNetCore.RequestLoggingMiddleware | HTTP GET /api/employees → 200 (37.7ms)
2026-03-20 16:22:02.102 [INF] Microsoft.AspNetCore.Hosting.Diagnostics | Request finished HTTP/1.1 GET http://localhost:5217/api/employees?organizationId=2 - 200 null application/json; charset=utf-8 38.0895ms
2026-03-20 16:22:02.119 [INF] Microsoft.AspNetCore.Hosting.Diagnostics | Request starting HTTP/1.1 OPTIONS http://localhost:5217/api/ShiftAssignments/roster?start=2026-03-20&end=2026-03-27 - null null
2026-03-20 16:22:02.119 [INF] Microsoft.AspNetCore.Cors.Infrastructure.CorsService | CORS policy execution successful.
2026-03-20 16:22:02.119 [INF] Microsoft.AspNetCore.Hosting.Diagnostics | Request finished HTTP/1.1 OPTIONS http://localhost:5217/api/ShiftAssignments/roster?start=2026-03-20&end=2026-03-27 - 204 null null 0.1485ms
2026-03-20 16:22:02.120 [INF] Microsoft.AspNetCore.Hosting.Diagnostics | Request starting HTTP/1.1 GET http://localhost:5217/api/ShiftAssignments/roster?start=2026-03-20&end=2026-03-27 - application/json null
2026-03-20 16:22:02.121 [INF] Microsoft.AspNetCore.Cors.Infrastructure.CorsService | CORS policy execution successful.
2026-03-20 16:22:02.121 [INF] Microsoft.AspNetCore.Cors.Infrastructure.CorsService | CORS policy execution successful.
2026-03-20 16:22:02.122 [INF] Microsoft.AspNetCore.Routing.EndpointMiddleware | Executing endpoint 'backend.Controllers.ShiftAssignmentsController.GetMonthlyRosterFixed (backend)'
2026-03-20 16:22:02.128 [INF] Microsoft.AspNetCore.Mvc.Infrastructure.ControllerActionInvoker | Route matched with {action = "GetMonthlyRosterFixed", controller = "ShiftAssignments"}. Executing controller action with signature System.Threading.Tasks.Task`1[Microsoft.AspNetCore.Mvc.IActionResult] GetMonthlyRosterFixed(System.String, System.String, System.Nullable`1[System.Int32]) on controller backend.Controllers.ShiftAssignmentsController (backend).
2026-03-20 16:22:02.132 [INF] Microsoft.AspNetCore.Hosting.Diagnostics | Request starting HTTP/1.1 OPTIONS http://localhost:5217/api/ShiftAssignments/roster?start=2026-03-20&end=2026-03-27&orgId=2 - null null
2026-03-20 16:22:02.133 [INF] Microsoft.AspNetCore.Cors.Infrastructure.CorsService | CORS policy execution successful.
2026-03-20 16:22:02.133 [INF] Microsoft.AspNetCore.Hosting.Diagnostics | Request finished HTTP/1.1 OPTIONS http://localhost:5217/api/ShiftAssignments/roster?start=2026-03-20&end=2026-03-27&orgId=2 - 204 null null 0.2017ms
2026-03-20 16:22:02.134 [INF] Microsoft.AspNetCore.Hosting.Diagnostics | Request starting HTTP/1.1 GET http://localhost:5217/api/ShiftAssignments/roster?start=2026-03-20&end=2026-03-27&orgId=2 - application/json null
2026-03-20 16:22:02.134 [INF] Microsoft.AspNetCore.Cors.Infrastructure.CorsService | CORS policy execution successful.
2026-03-20 16:22:02.134 [INF] Microsoft.AspNetCore.Cors.Infrastructure.CorsService | CORS policy execution successful.
2026-03-20 16:22:02.135 [INF] Microsoft.AspNetCore.Routing.EndpointMiddleware | Executing endpoint 'backend.Controllers.ShiftAssignmentsController.GetMonthlyRosterFixed (backend)'
2026-03-20 16:22:02.135 [INF] Microsoft.AspNetCore.Mvc.Infrastructure.ControllerActionInvoker | Route matched with {action = "GetMonthlyRosterFixed", controller = "ShiftAssignments"}. Executing controller action with signature System.Threading.Tasks.Task`1[Microsoft.AspNetCore.Mvc.IActionResult] GetMonthlyRosterFixed(System.String, System.String, System.Nullable`1[System.Int32]) on controller backend.Controllers.ShiftAssignmentsController (backend).
2026-03-20 16:22:02.148 [INF] Microsoft.AspNetCore.Mvc.Infrastructure.ObjectResultExecutor | Executing OkObjectResult, writing value of type 'System.Collections.Generic.List`1[[backend.Models.EmployeeSchedule, backend, Version=1.0.0.0, Culture=neutral, PublicKeyToken=null]]'.
2026-03-20 16:22:02.152 [INF] Microsoft.AspNetCore.Mvc.Infrastructure.ControllerActionInvoker | Executed action backend.Controllers.ShiftAssignmentsController.GetMonthlyRosterFixed (backend) in 23.9704ms
2026-03-20 16:22:02.152 [INF] Microsoft.AspNetCore.Routing.EndpointMiddleware | Executed endpoint 'backend.Controllers.ShiftAssignmentsController.GetMonthlyRosterFixed (backend)'
2026-03-20 16:22:02.152 [INF] Serilog.AspNetCore.RequestLoggingMiddleware | HTTP GET /api/ShiftAssignments/roster → 200 (30.2ms)
2026-03-20 16:22:02.152 [INF] Microsoft.AspNetCore.Hosting.Diagnostics | Request finished HTTP/1.1 GET http://localhost:5217/api/ShiftAssignments/roster?start=2026-03-20&end=2026-03-27 - 200 null application/json; charset=utf-8 31.4399ms
2026-03-20 16:22:02.160 [INF] Microsoft.AspNetCore.Hosting.Diagnostics | Request starting HTTP/1.1 GET http://localhost:5217/uploads/employee-photos/emp-31.jpg - null null
2026-03-20 16:22:02.160 [INF] Microsoft.AspNetCore.Cors.Infrastructure.CorsService | CORS policy execution successful.
2026-03-20 16:22:02.161 [INF] Microsoft.AspNetCore.StaticFiles.StaticFileMiddleware | The file /uploads/employee-photos/emp-31.jpg was not modified
2026-03-20 16:22:02.161 [INF] Microsoft.AspNetCore.Hosting.Diagnostics | Request finished HTTP/1.1 GET http://localhost:5217/uploads/employee-photos/emp-31.jpg - 304 null image/jpeg 0.4669ms
2026-03-20 16:22:02.219 [INF] Microsoft.AspNetCore.Mvc.Infrastructure.ObjectResultExecutor | Executing OkObjectResult, writing value of type 'System.Collections.Generic.List`1[[backend.Models.EmployeeSchedule, backend, Version=1.0.0.0, Culture=neutral, PublicKeyToken=null]]'.
2026-03-20 16:22:02.219 [INF] Microsoft.AspNetCore.Mvc.Infrastructure.ControllerActionInvoker | Executed action backend.Controllers.ShiftAssignmentsController.GetMonthlyRosterFixed (backend) in 84.4077ms
2026-03-20 16:22:02.219 [INF] Microsoft.AspNetCore.Routing.EndpointMiddleware | Executed endpoint 'backend.Controllers.ShiftAssignmentsController.GetMonthlyRosterFixed (backend)'
2026-03-20 16:22:02.219 [INF] Serilog.AspNetCore.RequestLoggingMiddleware | HTTP GET /api/ShiftAssignments/roster → 200 (84.6ms)
2026-03-20 16:22:02.219 [INF] Microsoft.AspNetCore.Hosting.Diagnostics | Request finished HTTP/1.1 GET http://localhost:5217/api/ShiftAssignments/roster?start=2026-03-20&end=2026-03-27&orgId=2 - 200 null application/json; charset=utf-8 84.8347ms
2026-03-20 16:22:02.240 [INF] Microsoft.AspNetCore.Hosting.Diagnostics | Request starting HTTP/1.1 OPTIONS http://localhost:5217/api/Attendance/status?employeeId=31&orgId=2 - null null
2026-03-20 16:22:02.240 [INF] Microsoft.AspNetCore.Cors.Infrastructure.CorsService | CORS policy execution successful.
2026-03-20 16:22:02.240 [INF] Microsoft.AspNetCore.Hosting.Diagnostics | Request finished HTTP/1.1 OPTIONS http://localhost:5217/api/Attendance/status?employeeId=31&orgId=2 - 204 null null 0.1823ms
2026-03-20 16:22:02.242 [INF] Microsoft.AspNetCore.Hosting.Diagnostics | Request starting HTTP/1.1 GET http://localhost:5217/api/Attendance/status?employeeId=31&orgId=2 - application/json null
2026-03-20 16:22:02.242 [INF] Microsoft.AspNetCore.Cors.Infrastructure.CorsService | CORS policy execution successful.
2026-03-20 16:22:02.242 [INF] Microsoft.AspNetCore.Cors.Infrastructure.CorsService | CORS policy execution successful.
2026-03-20 16:22:02.243 [INF] Microsoft.AspNetCore.Routing.EndpointMiddleware | Executing endpoint 'backend.Controllers.AttendanceController.GetTodayStatus (backend)'
2026-03-20 16:22:02.248 [INF] Microsoft.AspNetCore.Mvc.Infrastructure.ControllerActionInvoker | Route matched with {action = "GetTodayStatus", controller = "Attendance"}. Executing controller action with signature System.Threading.Tasks.Task`1[Microsoft.AspNetCore.Mvc.IActionResult] GetTodayStatus(Int32, System.Nullable`1[System.Int32]) on controller backend.Controllers.AttendanceController (backend).
2026-03-20 16:22:02.266 [INF] Microsoft.AspNetCore.Mvc.Infrastructure.ObjectResultExecutor | Executing OkObjectResult, writing value of type 'backend.Models.AttendanceStatusResponse'.
2026-03-20 16:22:02.268 [INF] Microsoft.AspNetCore.Mvc.Infrastructure.ControllerActionInvoker | Executed action backend.Controllers.AttendanceController.GetTodayStatus (backend) in 20.2328ms
2026-03-20 16:22:02.268 [INF] Microsoft.AspNetCore.Routing.EndpointMiddleware | Executed endpoint 'backend.Controllers.AttendanceController.GetTodayStatus (backend)'
2026-03-20 16:22:02.268 [INF] Serilog.AspNetCore.RequestLoggingMiddleware | HTTP GET /api/Attendance/status → 200 (25.7ms)
2026-03-20 16:22:02.268 [INF] Microsoft.AspNetCore.Hosting.Diagnostics | Request finished HTTP/1.1 GET http://localhost:5217/api/Attendance/status?employeeId=31&orgId=2 - 200 null application/json; charset=utf-8 26.7294ms
2026-03-20 16:22:10.047 [INF] Microsoft.AspNetCore.Hosting.Diagnostics | Request starting HTTP/1.1 OPTIONS http://localhost:5217/api/employees?organizationId=2 - null null
2026-03-20 16:22:10.047 [INF] Microsoft.AspNetCore.Cors.Infrastructure.CorsService | CORS policy execution successful.
2026-03-20 16:22:10.047 [INF] Microsoft.AspNetCore.Hosting.Diagnostics | Request finished HTTP/1.1 OPTIONS http://localhost:5217/api/employees?organizationId=2 - 204 null null 0.1965ms
2026-03-20 16:22:10.048 [INF] Microsoft.AspNetCore.Hosting.Diagnostics | Request starting HTTP/1.1 GET http://localhost:5217/api/employees?organizationId=2 - application/json null
2026-03-20 16:22:10.048 [INF] Microsoft.AspNetCore.Cors.Infrastructure.CorsService | CORS policy execution successful.
2026-03-20 16:22:10.048 [INF] Microsoft.AspNetCore.Cors.Infrastructure.CorsService | CORS policy execution successful.
2026-03-20 16:22:10.048 [INF] Microsoft.AspNetCore.Routing.EndpointMiddleware | Executing endpoint 'backend.Controllers.EmployeesController.GetEmployees (backend)'
2026-03-20 16:22:10.048 [INF] Microsoft.AspNetCore.Mvc.Infrastructure.ControllerActionInvoker | Route matched with {action = "GetEmployees", controller = "Employees"}. Executing controller action with signature System.Threading.Tasks.Task`1[Microsoft.AspNetCore.Mvc.IActionResult] GetEmployees(System.Nullable`1[System.Int32]) on controller backend.Controllers.EmployeesController (backend).
2026-03-20 16:22:10.048 [INF] backend.Controllers.EmployeesController | [Employees] GET all | TargetOrgId=2 | UserOrgId=2
2026-03-20 16:22:10.067 [INF] Microsoft.AspNetCore.Mvc.Infrastructure.ObjectResultExecutor | Executing OkObjectResult, writing value of type 'System.Collections.Generic.List`1[[backend.Models.Employee, backend, Version=1.0.0.0, Culture=neutral, PublicKeyToken=null]]'.
2026-03-20 16:22:10.068 [INF] Microsoft.AspNetCore.Mvc.Infrastructure.ControllerActionInvoker | Executed action backend.Controllers.EmployeesController.GetEmployees (backend) in 19.2463ms
2026-03-20 16:22:10.068 [INF] Microsoft.AspNetCore.Routing.EndpointMiddleware | Executed endpoint 'backend.Controllers.EmployeesController.GetEmployees (backend)'
2026-03-20 16:22:10.068 [INF] Serilog.AspNetCore.RequestLoggingMiddleware | HTTP GET /api/employees → 200 (19.3ms)
2026-03-20 16:22:10.068 [INF] Microsoft.AspNetCore.Hosting.Diagnostics | Request finished HTTP/1.1 GET http://localhost:5217/api/employees?organizationId=2 - 200 null application/json; charset=utf-8 19.5739ms
2026-03-20 16:22:39.554 [INF] Microsoft.AspNetCore.Hosting.Diagnostics | Request starting HTTP/1.1 OPTIONS http://localhost:5217/api/FaceAttendance/register-embedding - null null
2026-03-20 16:22:39.554 [INF] Microsoft.AspNetCore.Cors.Infrastructure.CorsService | CORS policy execution successful.
2026-03-20 16:22:39.554 [INF] Microsoft.AspNetCore.Hosting.Diagnostics | Request finished HTTP/1.1 OPTIONS http://localhost:5217/api/FaceAttendance/register-embedding - 204 null null 0.1331ms
2026-03-20 16:22:39.555 [INF] Microsoft.AspNetCore.Hosting.Diagnostics | Request starting HTTP/1.1 POST http://localhost:5217/api/FaceAttendance/register-embedding - application/json 2592
2026-03-20 16:22:39.557 [INF] Microsoft.AspNetCore.Cors.Infrastructure.CorsService | CORS policy execution successful.
2026-03-20 16:22:39.557 [INF] Microsoft.AspNetCore.Cors.Infrastructure.CorsService | CORS policy execution successful.
2026-03-20 16:22:39.557 [INF] Microsoft.AspNetCore.Routing.EndpointMiddleware | Executing endpoint 'backend.Controllers.FaceAttendanceController.RegisterEmbedding (backend)'
2026-03-20 16:22:39.563 [INF] Microsoft.AspNetCore.Mvc.Infrastructure.ControllerActionInvoker | Route matched with {action = "RegisterEmbedding", controller = "FaceAttendance"}. Executing controller action with signature System.Threading.Tasks.Task`1[Microsoft.AspNetCore.Mvc.IActionResult] RegisterEmbedding(FaceEmbeddingRequest) on controller backend.Controllers.FaceAttendanceController (backend).
2026-03-20 16:22:39.626 [INF] Microsoft.AspNetCore.Mvc.Infrastructure.ObjectResultExecutor | Executing OkObjectResult, writing value of type '<>f__AnonymousType3`1[[System.String, System.Private.CoreLib, Version=10.0.0.0, Culture=neutral, PublicKeyToken=7cec85d7bea7798e]]'.
2026-03-20 16:22:39.627 [INF] Microsoft.AspNetCore.Mvc.Infrastructure.ControllerActionInvoker | Executed action backend.Controllers.FaceAttendanceController.RegisterEmbedding (backend) in 64.0954ms
2026-03-20 16:22:39.627 [INF] Microsoft.AspNetCore.Routing.EndpointMiddleware | Executed endpoint 'backend.Controllers.FaceAttendanceController.RegisterEmbedding (backend)'
2026-03-20 16:22:39.627 [INF] Serilog.AspNetCore.RequestLoggingMiddleware | HTTP POST /api/FaceAttendance/register-embedding → 200 (70.0ms)
2026-03-20 16:22:39.627 [INF] Microsoft.AspNetCore.Hosting.Diagnostics | Request finished HTTP/1.1 POST http://localhost:5217/api/FaceAttendance/register-embedding - 200 null application/json; charset=utf-8 71.7876ms
2026-03-20 16:23:26.062 [INF] Microsoft.AspNetCore.Hosting.Diagnostics | Request starting HTTP/1.1 OPTIONS http://localhost:5217/api/FaceAttendance/match-embedding - null null
2026-03-20 16:23:26.063 [INF] Microsoft.AspNetCore.Cors.Infrastructure.CorsService | CORS policy execution successful.
2026-03-20 16:23:26.063 [INF] Microsoft.AspNetCore.Hosting.Diagnostics | Request finished HTTP/1.1 OPTIONS http://localhost:5217/api/FaceAttendance/match-embedding - 204 null null 0.1726ms
2026-03-20 16:23:26.066 [INF] Microsoft.AspNetCore.Hosting.Diagnostics | Request starting HTTP/1.1 POST http://localhost:5217/api/FaceAttendance/match-embedding - application/json 2597
2026-03-20 16:23:26.066 [INF] Microsoft.AspNetCore.Cors.Infrastructure.CorsService | CORS policy execution successful.
2026-03-20 16:23:26.066 [INF] Microsoft.AspNetCore.Cors.Infrastructure.CorsService | CORS policy execution successful.
2026-03-20 16:23:26.066 [INF] Microsoft.AspNetCore.Routing.EndpointMiddleware | Executing endpoint 'backend.Controllers.FaceAttendanceController.MatchEmbedding (backend)'
2026-03-20 16:23:26.074 [INF] Microsoft.AspNetCore.Mvc.Infrastructure.ControllerActionInvoker | Route matched with {action = "MatchEmbedding", controller = "FaceAttendance"}. Executing controller action with signature System.Threading.Tasks.Task`1[Microsoft.AspNetCore.Mvc.IActionResult] MatchEmbedding(FaceMatchRequest) on controller backend.Controllers.FaceAttendanceController (backend).
2026-03-20 16:23:26.221 [INF] Microsoft.AspNetCore.Mvc.Infrastructure.ObjectResultExecutor | Executing OkObjectResult, writing value of type '<>f__AnonymousType3`4[[System.String, System.Private.CoreLib, Version=10.0.0.0, Culture=neutral, PublicKeyToken=7cec85d7bea7798e],[System.String, System.Private.CoreLib, Version=10.0.0.0, Culture=neutral, PublicKeyToken=7cec85d7bea7798e],[System.String, System.Private.CoreLib, Version=10.0.0.0, Culture=neutral, PublicKeyToken=7cec85d7bea7798e],[System.Double, System.Private.CoreLib, Version=10.0.0.0, Culture=neutral, PublicKeyToken=7cec85d7bea7798e]]'.
2026-03-20 16:23:26.229 [INF] Microsoft.AspNetCore.Mvc.Infrastructure.ControllerActionInvoker | Executed action backend.Controllers.FaceAttendanceController.MatchEmbedding (backend) in 155.0143ms
2026-03-20 16:23:26.229 [INF] Microsoft.AspNetCore.Routing.EndpointMiddleware | Executed endpoint 'backend.Controllers.FaceAttendanceController.MatchEmbedding (backend)'
2026-03-20 16:23:26.229 [INF] Serilog.AspNetCore.RequestLoggingMiddleware | HTTP POST /api/FaceAttendance/match-embedding → 200 (162.5ms)
2026-03-20 16:23:26.229 [INF] Microsoft.AspNetCore.Hosting.Diagnostics | Request finished HTTP/1.1 POST http://localhost:5217/api/FaceAttendance/match-embedding - 200 null application/json; charset=utf-8 163.0706ms
2026-03-20 16:23:26.273 [INF] Microsoft.AspNetCore.Hosting.Diagnostics | Request starting HTTP/1.1 OPTIONS http://localhost:5217/api/FaceAttendance/mark - null null
2026-03-20 16:23:26.273 [INF] Microsoft.AspNetCore.Cors.Infrastructure.CorsService | CORS policy execution successful.
2026-03-20 16:23:26.273 [INF] Microsoft.AspNetCore.Hosting.Diagnostics | Request finished HTTP/1.1 OPTIONS http://localhost:5217/api/FaceAttendance/mark - 204 null null 0.1909ms
2026-03-20 16:23:26.275 [INF] Microsoft.AspNetCore.Hosting.Diagnostics | Request starting HTTP/1.1 POST http://localhost:5217/api/FaceAttendance/mark - application/json 56
2026-03-20 16:23:26.288 [ERR] Microsoft.AspNetCore.Diagnostics.DeveloperExceptionPageMiddleware | An unhandled exception has occurred while executing the request.
Microsoft.AspNetCore.Routing.Matching.AmbiguousMatchException: The request matched multiple endpoints. Matches: 

backend.Controllers.FaceAttendanceController.MarkFaceAttendance (backend)
backend.Controllers.FaceAttendanceController.MarkFaceAttendance (backend)
   at Microsoft.AspNetCore.Routing.Matching.DefaultEndpointSelector.ReportAmbiguity(Span`1 candidateState)
   at Microsoft.AspNetCore.Routing.Matching.DefaultEndpointSelector.ProcessFinalCandidates(HttpContext httpContext, Span`1 candidateState)
   at Microsoft.AspNetCore.Routing.Matching.DfaMatcher.MatchAsync(HttpContext httpContext)
   at Microsoft.AspNetCore.Diagnostics.DeveloperExceptionPageMiddlewareImpl.Invoke(HttpContext context)
2026-03-20 16:23:26.333 [INF] Microsoft.AspNetCore.Hosting.Diagnostics | Request finished HTTP/1.1 POST http://localhost:5217/api/FaceAttendance/mark - 500 null text/plain; charset=utf-8 57.8569ms
2026-03-20 16:23:41.568 [INF] Microsoft.AspNetCore.Hosting.Diagnostics | Request starting HTTP/1.1 OPTIONS http://localhost:5217/api/FaceAttendance/match-embedding - null null
2026-03-20 16:23:41.568 [INF] Microsoft.AspNetCore.Cors.Infrastructure.CorsService | CORS policy execution successful.
2026-03-20 16:23:41.568 [INF] Microsoft.AspNetCore.Hosting.Diagnostics | Request finished HTTP/1.1 OPTIONS http://localhost:5217/api/FaceAttendance/match-embedding - 204 null null 0.1532ms
2026-03-20 16:23:41.569 [INF] Microsoft.AspNetCore.Hosting.Diagnostics | Request starting HTTP/1.1 POST http://localhost:5217/api/FaceAttendance/match-embedding - application/json 2605
2026-03-20 16:23:41.569 [INF] Microsoft.AspNetCore.Cors.Infrastructure.CorsService | CORS policy execution successful.
2026-03-20 16:23:41.569 [INF] Microsoft.AspNetCore.Cors.Infrastructure.CorsService | CORS policy execution successful.
2026-03-20 16:23:41.569 [INF] Microsoft.AspNetCore.Routing.EndpointMiddleware | Executing endpoint 'backend.Controllers.FaceAttendanceController.MatchEmbedding (backend)'
2026-03-20 16:23:41.569 [INF] Microsoft.AspNetCore.Mvc.Infrastructure.ControllerActionInvoker | Route matched with {action = "MatchEmbedding", controller = "FaceAttendance"}. Executing controller action with signature System.Threading.Tasks.Task`1[Microsoft.AspNetCore.Mvc.IActionResult] MatchEmbedding(FaceMatchRequest) on controller backend.Controllers.FaceAttendanceController (backend).
2026-03-20 16:23:41.596 [INF] Microsoft.AspNetCore.Mvc.Infrastructure.ObjectResultExecutor | Executing OkObjectResult, writing value of type '<>f__AnonymousType3`4[[System.String, System.Private.CoreLib, Version=10.0.0.0, Culture=neutral, PublicKeyToken=7cec85d7bea7798e],[System.String, System.Private.CoreLib, Version=10.0.0.0, Culture=neutral, PublicKeyToken=7cec85d7bea7798e],[System.String, System.Private.CoreLib, Version=10.0.0.0, Culture=neutral, PublicKeyToken=7cec85d7bea7798e],[System.Double, System.Private.CoreLib, Version=10.0.0.0, Culture=neutral, PublicKeyToken=7cec85d7bea7798e]]'.
2026-03-20 16:23:41.596 [INF] Microsoft.AspNetCore.Mvc.Infrastructure.ControllerActionInvoker | Executed action backend.Controllers.FaceAttendanceController.MatchEmbedding (backend) in 27.4008ms
2026-03-20 16:23:41.597 [INF] Microsoft.AspNetCore.Routing.EndpointMiddleware | Executed endpoint 'backend.Controllers.FaceAttendanceController.MatchEmbedding (backend)'
2026-03-20 16:23:41.597 [INF] Serilog.AspNetCore.RequestLoggingMiddleware | HTTP POST /api/FaceAttendance/match-embedding → 200 (27.6ms)
2026-03-20 16:23:41.597 [INF] Microsoft.AspNetCore.Hosting.Diagnostics | Request finished HTTP/1.1 POST http://localhost:5217/api/FaceAttendance/match-embedding - 200 null application/json; charset=utf-8 28.1587ms
2026-03-20 16:23:41.642 [INF] Microsoft.AspNetCore.Hosting.Diagnostics | Request starting HTTP/1.1 OPTIONS http://localhost:5217/api/FaceAttendance/mark - null null
2026-03-20 16:23:41.642 [INF] Microsoft.AspNetCore.Cors.Infrastructure.CorsService | CORS policy execution successful.
2026-03-20 16:23:41.642 [INF] Microsoft.AspNetCore.Hosting.Diagnostics | Request finished HTTP/1.1 OPTIONS http://localhost:5217/api/FaceAttendance/mark - 204 null null 0.1555ms
2026-03-20 16:23:41.644 [INF] Microsoft.AspNetCore.Hosting.Diagnostics | Request starting HTTP/1.1 POST http://localhost:5217/api/FaceAttendance/mark - application/json 56
2026-03-20 16:23:41.644 [ERR] Microsoft.AspNetCore.Diagnostics.DeveloperExceptionPageMiddleware | An unhandled exception has occurred while executing the request.
Microsoft.AspNetCore.Routing.Matching.AmbiguousMatchException: The request matched multiple endpoints. Matches: 

backend.Controllers.FaceAttendanceController.MarkFaceAttendance (backend)
backend.Controllers.FaceAttendanceController.MarkFaceAttendance (backend)
   at Microsoft.AspNetCore.Routing.Matching.DefaultEndpointSelector.ReportAmbiguity(Span`1 candidateState)
   at Microsoft.AspNetCore.Routing.Matching.DefaultEndpointSelector.ProcessFinalCandidates(HttpContext httpContext, Span`1 candidateState)
   at Microsoft.AspNetCore.Routing.Matching.DfaMatcher.MatchAsync(HttpContext httpContext)
   at Microsoft.AspNetCore.Diagnostics.DeveloperExceptionPageMiddlewareImpl.Invoke(HttpContext context)
2026-03-20 16:23:41.646 [INF] Microsoft.AspNetCore.Hosting.Diagnostics | Request finished HTTP/1.1 POST http://localhost:5217/api/FaceAttendance/mark - 500 null text/plain; charset=utf-8 2.1126ms
2026-03-20 16:23:44.024 [INF] Microsoft.AspNetCore.Hosting.Diagnostics | Request starting HTTP/1.1 OPTIONS http://localhost:5217/api/organizations - null null
2026-03-20 16:23:44.024 [INF] Microsoft.AspNetCore.Cors.Infrastructure.CorsService | CORS policy execution successful.
2026-03-20 16:23:44.024 [INF] Microsoft.AspNetCore.Hosting.Diagnostics | Request finished HTTP/1.1 OPTIONS http://localhost:5217/api/organizations - 204 null null 0.125ms
2026-03-20 16:23:44.025 [INF] Microsoft.AspNetCore.Hosting.Diagnostics | Request starting HTTP/1.1 GET http://localhost:5217/api/organizations - application/json null
2026-03-20 16:23:44.025 [INF] Microsoft.AspNetCore.Cors.Infrastructure.CorsService | CORS policy execution successful.
2026-03-20 16:23:44.025 [INF] Microsoft.AspNetCore.Cors.Infrastructure.CorsService | CORS policy execution successful.
2026-03-20 16:23:44.026 [INF] Microsoft.AspNetCore.Routing.EndpointMiddleware | Executing endpoint 'backend.Controllers.OrganizationsController.GetOrganizations (backend)'
2026-03-20 16:23:44.026 [INF] Microsoft.AspNetCore.Mvc.Infrastructure.ControllerActionInvoker | Route matched with {action = "GetOrganizations", controller = "Organizations"}. Executing controller action with signature System.Threading.Tasks.Task`1[Microsoft.AspNetCore.Mvc.IActionResult] GetOrganizations() on controller backend.Controllers.OrganizationsController (backend).
2026-03-20 16:23:44.026 [INF] backend.Controllers.OrganizationsController | [Orgs] GET all requested | Role=SuperAdmin | UserId=18
2026-03-20 16:23:44.049 [INF] Microsoft.AspNetCore.Mvc.Infrastructure.ObjectResultExecutor | Executing OkObjectResult, writing value of type 'System.Collections.Generic.List`1[[backend.Models.Organization, backend, Version=1.0.0.0, Culture=neutral, PublicKeyToken=null]]'.
2026-03-20 16:23:44.049 [INF] Microsoft.AspNetCore.Mvc.Infrastructure.ControllerActionInvoker | Executed action backend.Controllers.OrganizationsController.GetOrganizations (backend) in 22.9967ms
2026-03-20 16:23:44.049 [INF] Microsoft.AspNetCore.Routing.EndpointMiddleware | Executed endpoint 'backend.Controllers.OrganizationsController.GetOrganizations (backend)'
2026-03-20 16:23:44.049 [INF] Serilog.AspNetCore.RequestLoggingMiddleware | HTTP GET /api/organizations → 200 (23.1ms)
2026-03-20 16:23:44.049 [INF] Microsoft.AspNetCore.Hosting.Diagnostics | Request finished HTTP/1.1 GET http://localhost:5217/api/organizations - 200 null application/json; charset=utf-8 23.5296ms
2026-03-20 16:23:44.066 [INF] Microsoft.AspNetCore.Hosting.Diagnostics | Request starting HTTP/1.1 OPTIONS http://localhost:5217/api/leads - null null
2026-03-20 16:23:44.067 [INF] Microsoft.AspNetCore.Cors.Infrastructure.CorsService | CORS policy execution successful.
2026-03-20 16:23:44.067 [INF] Microsoft.AspNetCore.Hosting.Diagnostics | Request finished HTTP/1.1 OPTIONS http://localhost:5217/api/leads - 204 null null 0.1398ms
2026-03-20 16:23:44.068 [INF] Microsoft.AspNetCore.Hosting.Diagnostics | Request starting HTTP/1.1 GET http://localhost:5217/api/leads - application/json null
2026-03-20 16:23:44.068 [INF] Microsoft.AspNetCore.Cors.Infrastructure.CorsService | CORS policy execution successful.
2026-03-20 16:23:44.068 [INF] Microsoft.AspNetCore.Cors.Infrastructure.CorsService | CORS policy execution successful.
2026-03-20 16:23:44.068 [INF] Microsoft.AspNetCore.Routing.EndpointMiddleware | Executing endpoint 'backend.Controllers.LeadsController.GetLeads (backend)'
2026-03-20 16:23:44.068 [INF] Microsoft.AspNetCore.Mvc.Infrastructure.ControllerActionInvoker | Route matched with {action = "GetLeads", controller = "Leads"}. Executing controller action with signature System.Threading.Tasks.Task`1[System.Collections.Generic.IEnumerable`1[backend.Models.Lead]] GetLeads() on controller backend.Controllers.LeadsController (backend).
2026-03-20 16:23:44.104 [INF] Microsoft.AspNetCore.Mvc.Infrastructure.ObjectResultExecutor | Executing ObjectResult, writing value of type 'System.Collections.Generic.List`1[[backend.Models.Lead, backend, Version=1.0.0.0, Culture=neutral, PublicKeyToken=null]]'.
2026-03-20 16:23:44.104 [INF] Microsoft.AspNetCore.Mvc.Infrastructure.ControllerActionInvoker | Executed action backend.Controllers.LeadsController.GetLeads (backend) in 36.1125ms
2026-03-20 16:23:44.104 [INF] Microsoft.AspNetCore.Routing.EndpointMiddleware | Executed endpoint 'backend.Controllers.LeadsController.GetLeads (backend)'
2026-03-20 16:23:44.104 [INF] Serilog.AspNetCore.RequestLoggingMiddleware | HTTP GET /api/leads → 200 (36.2ms)
2026-03-20 16:23:44.104 [INF] Microsoft.AspNetCore.Hosting.Diagnostics | Request finished HTTP/1.1 GET http://localhost:5217/api/leads - 200 null application/json; charset=utf-8 36.448ms
2026-03-20 16:23:44.149 [INF] Microsoft.AspNetCore.Hosting.Diagnostics | Request starting HTTP/1.1 OPTIONS http://localhost:5217/api/employees?organizationId=2 - null null
2026-03-20 16:23:44.149 [INF] Microsoft.AspNetCore.Cors.Infrastructure.CorsService | CORS policy execution successful.
2026-03-20 16:23:44.149 [INF] Microsoft.AspNetCore.Hosting.Diagnostics | Request finished HTTP/1.1 OPTIONS http://localhost:5217/api/employees?organizationId=2 - 204 null null 0.1504ms
2026-03-20 16:23:44.150 [INF] Microsoft.AspNetCore.Hosting.Diagnostics | Request starting HTTP/1.1 GET http://localhost:5217/api/employees?organizationId=2 - application/json null
2026-03-20 16:23:44.150 [INF] Microsoft.AspNetCore.Cors.Infrastructure.CorsService | CORS policy execution successful.
2026-03-20 16:23:44.150 [INF] Microsoft.AspNetCore.Cors.Infrastructure.CorsService | CORS policy execution successful.
2026-03-20 16:23:44.150 [INF] Microsoft.AspNetCore.Routing.EndpointMiddleware | Executing endpoint 'backend.Controllers.EmployeesController.GetEmployees (backend)'
2026-03-20 16:23:44.150 [INF] Microsoft.AspNetCore.Mvc.Infrastructure.ControllerActionInvoker | Route matched with {action = "GetEmployees", controller = "Employees"}. Executing controller action with signature System.Threading.Tasks.Task`1[Microsoft.AspNetCore.Mvc.IActionResult] GetEmployees(System.Nullable`1[System.Int32]) on controller backend.Controllers.EmployeesController (backend).
2026-03-20 16:23:44.150 [INF] backend.Controllers.EmployeesController | [Employees] GET all | TargetOrgId=2 | UserOrgId=2
2026-03-20 16:23:44.179 [INF] Microsoft.AspNetCore.Mvc.Infrastructure.ObjectResultExecutor | Executing OkObjectResult, writing value of type 'System.Collections.Generic.List`1[[backend.Models.Employee, backend, Version=1.0.0.0, Culture=neutral, PublicKeyToken=null]]'.
2026-03-20 16:23:44.179 [INF] Microsoft.AspNetCore.Mvc.Infrastructure.ControllerActionInvoker | Executed action backend.Controllers.EmployeesController.GetEmployees (backend) in 28.9789ms
2026-03-20 16:23:44.180 [INF] Microsoft.AspNetCore.Routing.EndpointMiddleware | Executed endpoint 'backend.Controllers.EmployeesController.GetEmployees (backend)'
2026-03-20 16:23:44.180 [INF] Serilog.AspNetCore.RequestLoggingMiddleware | HTTP GET /api/employees → 200 (29.2ms)
2026-03-20 16:23:44.180 [INF] Microsoft.AspNetCore.Hosting.Diagnostics | Request finished HTTP/1.1 GET http://localhost:5217/api/employees?organizationId=2 - 200 null application/json; charset=utf-8 29.5357ms
2026-03-20 16:23:44.185 [INF] Microsoft.AspNetCore.Hosting.Diagnostics | Request starting HTTP/1.1 OPTIONS http://localhost:5217/api/ShiftAssignments/roster?start=2026-03-20&end=2026-03-27&orgId=2 - null null
2026-03-20 16:23:44.185 [INF] Microsoft.AspNetCore.Cors.Infrastructure.CorsService | CORS policy execution successful.
2026-03-20 16:23:44.185 [INF] Microsoft.AspNetCore.Hosting.Diagnostics | Request finished HTTP/1.1 OPTIONS http://localhost:5217/api/ShiftAssignments/roster?start=2026-03-20&end=2026-03-27&orgId=2 - 204 null null 0.2405ms
2026-03-20 16:23:44.188 [INF] Microsoft.AspNetCore.Hosting.Diagnostics | Request starting HTTP/1.1 GET http://localhost:5217/api/ShiftAssignments/roster?start=2026-03-20&end=2026-03-27&orgId=2 - application/json null
2026-03-20 16:23:44.189 [INF] Microsoft.AspNetCore.Cors.Infrastructure.CorsService | CORS policy execution successful.
2026-03-20 16:23:44.189 [INF] Microsoft.AspNetCore.Cors.Infrastructure.CorsService | CORS policy execution successful.
2026-03-20 16:23:44.189 [INF] Microsoft.AspNetCore.Routing.EndpointMiddleware | Executing endpoint 'backend.Controllers.ShiftAssignmentsController.GetMonthlyRosterFixed (backend)'
2026-03-20 16:23:44.189 [INF] Microsoft.AspNetCore.Mvc.Infrastructure.ControllerActionInvoker | Route matched with {action = "GetMonthlyRosterFixed", controller = "ShiftAssignments"}. Executing controller action with signature System.Threading.Tasks.Task`1[Microsoft.AspNetCore.Mvc.IActionResult] GetMonthlyRosterFixed(System.String, System.String, System.Nullable`1[System.Int32]) on controller backend.Controllers.ShiftAssignmentsController (backend).
2026-03-20 16:23:44.228 [INF] Microsoft.AspNetCore.Mvc.Infrastructure.ObjectResultExecutor | Executing OkObjectResult, writing value of type 'System.Collections.Generic.List`1[[backend.Models.EmployeeSchedule, backend, Version=1.0.0.0, Culture=neutral, PublicKeyToken=null]]'.
2026-03-20 16:23:44.228 [INF] Microsoft.AspNetCore.Mvc.Infrastructure.ControllerActionInvoker | Executed action backend.Controllers.ShiftAssignmentsController.GetMonthlyRosterFixed (backend) in 39.6472ms
2026-03-20 16:23:44.228 [INF] Microsoft.AspNetCore.Routing.EndpointMiddleware | Executed endpoint 'backend.Controllers.ShiftAssignmentsController.GetMonthlyRosterFixed (backend)'
2026-03-20 16:23:44.228 [INF] Serilog.AspNetCore.RequestLoggingMiddleware | HTTP GET /api/ShiftAssignments/roster → 200 (39.8ms)
2026-03-20 16:23:44.229 [INF] Microsoft.AspNetCore.Hosting.Diagnostics | Request finished HTTP/1.1 GET http://localhost:5217/api/ShiftAssignments/roster?start=2026-03-20&end=2026-03-27&orgId=2 - 200 null application/json; charset=utf-8 40.2252ms
2026-03-20 16:23:44.250 [INF] Microsoft.AspNetCore.Hosting.Diagnostics | Request starting HTTP/1.1 OPTIONS http://localhost:5217/api/Attendance/status?employeeId=31&orgId=2 - null null
2026-03-20 16:23:44.250 [INF] Microsoft.AspNetCore.Cors.Infrastructure.CorsService | CORS policy execution successful.
2026-03-20 16:23:44.250 [INF] Microsoft.AspNetCore.Hosting.Diagnostics | Request finished HTTP/1.1 OPTIONS http://localhost:5217/api/Attendance/status?employeeId=31&orgId=2 - 204 null null 0.7957ms
2026-03-20 16:23:44.254 [INF] Microsoft.AspNetCore.Hosting.Diagnostics | Request starting HTTP/1.1 GET http://localhost:5217/api/Attendance/status?employeeId=31&orgId=2 - application/json null
2026-03-20 16:23:44.254 [INF] Microsoft.AspNetCore.Cors.Infrastructure.CorsService | CORS policy execution successful.
2026-03-20 16:23:44.254 [INF] Microsoft.AspNetCore.Cors.Infrastructure.CorsService | CORS policy execution successful.
2026-03-20 16:23:44.255 [INF] Microsoft.AspNetCore.Routing.EndpointMiddleware | Executing endpoint 'backend.Controllers.AttendanceController.GetTodayStatus (backend)'
2026-03-20 16:23:44.255 [INF] Microsoft.AspNetCore.Mvc.Infrastructure.ControllerActionInvoker | Route matched with {action = "GetTodayStatus", controller = "Attendance"}. Executing controller action with signature System.Threading.Tasks.Task`1[Microsoft.AspNetCore.Mvc.IActionResult] GetTodayStatus(Int32, System.Nullable`1[System.Int32]) on controller backend.Controllers.AttendanceController (backend).
2026-03-20 16:23:44.287 [INF] Microsoft.AspNetCore.Mvc.Infrastructure.ObjectResultExecutor | Executing OkObjectResult, writing value of type 'backend.Models.AttendanceStatusResponse'.
2026-03-20 16:23:44.287 [INF] Microsoft.AspNetCore.Mvc.Infrastructure.ControllerActionInvoker | Executed action backend.Controllers.AttendanceController.GetTodayStatus (backend) in 32.49ms
2026-03-20 16:23:44.287 [INF] Microsoft.AspNetCore.Routing.EndpointMiddleware | Executed endpoint 'backend.Controllers.AttendanceController.GetTodayStatus (backend)'
2026-03-20 16:23:44.287 [INF] Serilog.AspNetCore.RequestLoggingMiddleware | HTTP GET /api/Attendance/status → 200 (32.6ms)
2026-03-20 16:23:44.287 [INF] Microsoft.AspNetCore.Hosting.Diagnostics | Request finished HTTP/1.1 GET http://localhost:5217/api/Attendance/status?employeeId=31&orgId=2 - 200 null application/json; charset=utf-8 32.8427ms
2026-03-20 16:24:16.040 [INF] Microsoft.AspNetCore.Hosting.Diagnostics | Request starting HTTP/1.1 OPTIONS http://localhost:5217/api/employees?organizationId=2 - null null
2026-03-20 16:24:16.040 [INF] Microsoft.AspNetCore.Cors.Infrastructure.CorsService | CORS policy execution successful.
2026-03-20 16:24:16.040 [INF] Microsoft.AspNetCore.Hosting.Diagnostics | Request finished HTTP/1.1 OPTIONS http://localhost:5217/api/employees?organizationId=2 - 204 null null 0.1802ms
2026-03-20 16:24:16.042 [INF] Microsoft.AspNetCore.Hosting.Diagnostics | Request starting HTTP/1.1 GET http://localhost:5217/api/employees?organizationId=2 - application/json null
2026-03-20 16:24:16.042 [INF] Microsoft.AspNetCore.Cors.Infrastructure.CorsService | CORS policy execution successful.
2026-03-20 16:24:16.042 [INF] Microsoft.AspNetCore.Cors.Infrastructure.CorsService | CORS policy execution successful.
2026-03-20 16:24:16.042 [INF] Microsoft.AspNetCore.Routing.EndpointMiddleware | Executing endpoint 'backend.Controllers.EmployeesController.GetEmployees (backend)'
2026-03-20 16:24:16.042 [INF] Microsoft.AspNetCore.Mvc.Infrastructure.ControllerActionInvoker | Route matched with {action = "GetEmployees", controller = "Employees"}. Executing controller action with signature System.Threading.Tasks.Task`1[Microsoft.AspNetCore.Mvc.IActionResult] GetEmployees(System.Nullable`1[System.Int32]) on controller backend.Controllers.EmployeesController (backend).
2026-03-20 16:24:16.042 [INF] backend.Controllers.EmployeesController | [Employees] GET all | TargetOrgId=2 | UserOrgId=2
2026-03-20 16:24:16.055 [INF] Microsoft.AspNetCore.Mvc.Infrastructure.ObjectResultExecutor | Executing OkObjectResult, writing value of type 'System.Collections.Generic.List`1[[backend.Models.Employee, backend, Version=1.0.0.0, Culture=neutral, PublicKeyToken=null]]'.
2026-03-20 16:24:16.055 [INF] Microsoft.AspNetCore.Mvc.Infrastructure.ControllerActionInvoker | Executed action backend.Controllers.EmployeesController.GetEmployees (backend) in 12.8406ms
2026-03-20 16:24:16.055 [INF] Microsoft.AspNetCore.Routing.EndpointMiddleware | Executed endpoint 'backend.Controllers.EmployeesController.GetEmployees (backend)'
2026-03-20 16:24:16.055 [INF] Serilog.AspNetCore.RequestLoggingMiddleware | HTTP GET /api/employees → 200 (13.0ms)
2026-03-20 16:24:16.055 [INF] Microsoft.AspNetCore.Hosting.Diagnostics | Request finished HTTP/1.1 GET http://localhost:5217/api/employees?organizationId=2 - 200 null application/json; charset=utf-8 13.3378ms
2026-03-20 16:24:20.356 [INF] Microsoft.AspNetCore.Hosting.Diagnostics | Request starting HTTP/1.1 OPTIONS http://localhost:5217/api/FaceAttendance/match-embedding - null null
2026-03-20 16:24:20.356 [INF] Microsoft.AspNetCore.Cors.Infrastructure.CorsService | CORS policy execution successful.
2026-03-20 16:24:20.356 [INF] Microsoft.AspNetCore.Hosting.Diagnostics | Request finished HTTP/1.1 OPTIONS http://localhost:5217/api/FaceAttendance/match-embedding - 204 null null 0.1375ms
2026-03-20 16:24:20.357 [INF] Microsoft.AspNetCore.Hosting.Diagnostics | Request starting HTTP/1.1 POST http://localhost:5217/api/FaceAttendance/match-embedding - application/json 2611
2026-03-20 16:24:20.357 [INF] Microsoft.AspNetCore.Cors.Infrastructure.CorsService | CORS policy execution successful.
2026-03-20 16:24:20.357 [INF] Microsoft.AspNetCore.Cors.Infrastructure.CorsService | CORS policy execution successful.
2026-03-20 16:24:20.357 [INF] Microsoft.AspNetCore.Routing.EndpointMiddleware | Executing endpoint 'backend.Controllers.FaceAttendanceController.MatchEmbedding (backend)'
2026-03-20 16:24:20.357 [INF] Microsoft.AspNetCore.Mvc.Infrastructure.ControllerActionInvoker | Route matched with {action = "MatchEmbedding", controller = "FaceAttendance"}. Executing controller action with signature System.Threading.Tasks.Task`1[Microsoft.AspNetCore.Mvc.IActionResult] MatchEmbedding(FaceMatchRequest) on controller backend.Controllers.FaceAttendanceController (backend).
2026-03-20 16:24:20.422 [INF] Microsoft.AspNetCore.Mvc.Infrastructure.ObjectResultExecutor | Executing OkObjectResult, writing value of type '<>f__AnonymousType3`4[[System.String, System.Private.CoreLib, Version=10.0.0.0, Culture=neutral, PublicKeyToken=7cec85d7bea7798e],[System.String, System.Private.CoreLib, Version=10.0.0.0, Culture=neutral, PublicKeyToken=7cec85d7bea7798e],[System.String, System.Private.CoreLib, Version=10.0.0.0, Culture=neutral, PublicKeyToken=7cec85d7bea7798e],[System.Double, System.Private.CoreLib, Version=10.0.0.0, Culture=neutral, PublicKeyToken=7cec85d7bea7798e]]'.
2026-03-20 16:24:20.422 [INF] Microsoft.AspNetCore.Mvc.Infrastructure.ControllerActionInvoker | Executed action backend.Controllers.FaceAttendanceController.MatchEmbedding (backend) in 64.6055ms
2026-03-20 16:24:20.422 [INF] Microsoft.AspNetCore.Routing.EndpointMiddleware | Executed endpoint 'backend.Controllers.FaceAttendanceController.MatchEmbedding (backend)'
2026-03-20 16:24:20.422 [INF] Serilog.AspNetCore.RequestLoggingMiddleware | HTTP POST /api/FaceAttendance/match-embedding → 200 (64.8ms)
2026-03-20 16:24:20.422 [INF] Microsoft.AspNetCore.Hosting.Diagnostics | Request finished HTTP/1.1 POST http://localhost:5217/api/FaceAttendance/match-embedding - 200 null application/json; charset=utf-8 64.9688ms
2026-03-20 16:24:20.471 [INF] Microsoft.AspNetCore.Hosting.Diagnostics | Request starting HTTP/1.1 OPTIONS http://localhost:5217/api/FaceAttendance/mark - null null
2026-03-20 16:24:20.471 [INF] Microsoft.AspNetCore.Cors.Infrastructure.CorsService | CORS policy execution successful.
2026-03-20 16:24:20.471 [INF] Microsoft.AspNetCore.Hosting.Diagnostics | Request finished HTTP/1.1 OPTIONS http://localhost:5217/api/FaceAttendance/mark - 204 null null 0.1631ms
2026-03-20 16:24:20.472 [INF] Microsoft.AspNetCore.Hosting.Diagnostics | Request starting HTTP/1.1 POST http://localhost:5217/api/FaceAttendance/mark - application/json 56
2026-03-20 16:24:20.473 [ERR] Microsoft.AspNetCore.Diagnostics.DeveloperExceptionPageMiddleware | An unhandled exception has occurred while executing the request.
Microsoft.AspNetCore.Routing.Matching.AmbiguousMatchException: The request matched multiple endpoints. Matches: 

backend.Controllers.FaceAttendanceController.MarkFaceAttendance (backend)
backend.Controllers.FaceAttendanceController.MarkFaceAttendance (backend)
   at Microsoft.AspNetCore.Routing.Matching.DefaultEndpointSelector.ReportAmbiguity(Span`1 candidateState)
   at Microsoft.AspNetCore.Routing.Matching.DefaultEndpointSelector.ProcessFinalCandidates(HttpContext httpContext, Span`1 candidateState)
   at Microsoft.AspNetCore.Routing.Matching.DfaMatcher.MatchAsync(HttpContext httpContext)
   at Microsoft.AspNetCore.Diagnostics.DeveloperExceptionPageMiddlewareImpl.Invoke(HttpContext context)
2026-03-20 16:24:20.473 [INF] Microsoft.AspNetCore.Hosting.Diagnostics | Request finished HTTP/1.1 POST http://localhost:5217/api/FaceAttendance/mark - 500 null text/plain; charset=utf-8 1.2086ms
2026-03-20 16:28:26.385 [INF] Microsoft.AspNetCore.Hosting.Diagnostics | Request starting HTTP/1.1 OPTIONS http://localhost:5217/api/organizations - null null
2026-03-20 16:28:26.386 [INF] Microsoft.AspNetCore.Cors.Infrastructure.CorsService | CORS policy execution successful.
2026-03-20 16:28:26.386 [INF] Microsoft.AspNetCore.Hosting.Diagnostics | Request finished HTTP/1.1 OPTIONS http://localhost:5217/api/organizations - 204 null null 0.1763ms
2026-03-20 16:28:26.387 [INF] Microsoft.AspNetCore.Hosting.Diagnostics | Request starting HTTP/1.1 GET http://localhost:5217/api/organizations - application/json null
2026-03-20 16:28:26.387 [INF] Microsoft.AspNetCore.Cors.Infrastructure.CorsService | CORS policy execution successful.
2026-03-20 16:28:26.387 [INF] Microsoft.AspNetCore.Cors.Infrastructure.CorsService | CORS policy execution successful.
2026-03-20 16:28:26.387 [INF] Microsoft.AspNetCore.Routing.EndpointMiddleware | Executing endpoint 'backend.Controllers.OrganizationsController.GetOrganizations (backend)'
2026-03-20 16:28:26.388 [INF] Microsoft.AspNetCore.Mvc.Infrastructure.ControllerActionInvoker | Route matched with {action = "GetOrganizations", controller = "Organizations"}. Executing controller action with signature System.Threading.Tasks.Task`1[Microsoft.AspNetCore.Mvc.IActionResult] GetOrganizations() on controller backend.Controllers.OrganizationsController (backend).
2026-03-20 16:28:26.388 [INF] backend.Controllers.OrganizationsController | [Orgs] GET all requested | Role=SuperAdmin | UserId=18
2026-03-20 16:28:26.446 [INF] Microsoft.AspNetCore.Mvc.Infrastructure.ObjectResultExecutor | Executing OkObjectResult, writing value of type 'System.Collections.Generic.List`1[[backend.Models.Organization, backend, Version=1.0.0.0, Culture=neutral, PublicKeyToken=null]]'.
2026-03-20 16:28:26.446 [INF] Microsoft.AspNetCore.Mvc.Infrastructure.ControllerActionInvoker | Executed action backend.Controllers.OrganizationsController.GetOrganizations (backend) in 58.3553ms
2026-03-20 16:28:26.446 [INF] Microsoft.AspNetCore.Routing.EndpointMiddleware | Executed endpoint 'backend.Controllers.OrganizationsController.GetOrganizations (backend)'
2026-03-20 16:28:26.446 [INF] Serilog.AspNetCore.RequestLoggingMiddleware | HTTP GET /api/organizations → 200 (58.5ms)
2026-03-20 16:28:26.446 [INF] Microsoft.AspNetCore.Hosting.Diagnostics | Request finished HTTP/1.1 GET http://localhost:5217/api/organizations - 200 null application/json; charset=utf-8 58.8491ms
2026-03-20 16:28:26.558 [INF] Microsoft.AspNetCore.Hosting.Diagnostics | Request starting HTTP/1.1 OPTIONS http://localhost:5217/api/leads - null null
2026-03-20 16:28:26.558 [INF] Microsoft.AspNetCore.Cors.Infrastructure.CorsService | CORS policy execution successful.
2026-03-20 16:28:26.558 [INF] Microsoft.AspNetCore.Hosting.Diagnostics | Request finished HTTP/1.1 OPTIONS http://localhost:5217/api/leads - 204 null null 0.204ms
2026-03-20 16:28:26.560 [INF] Microsoft.AspNetCore.Hosting.Diagnostics | Request starting HTTP/1.1 GET http://localhost:5217/api/leads - application/json null
2026-03-20 16:28:26.560 [INF] Microsoft.AspNetCore.Cors.Infrastructure.CorsService | CORS policy execution successful.
2026-03-20 16:28:26.560 [INF] Microsoft.AspNetCore.Cors.Infrastructure.CorsService | CORS policy execution successful.
2026-03-20 16:28:26.560 [INF] Microsoft.AspNetCore.Routing.EndpointMiddleware | Executing endpoint 'backend.Controllers.LeadsController.GetLeads (backend)'
2026-03-20 16:28:26.560 [INF] Microsoft.AspNetCore.Mvc.Infrastructure.ControllerActionInvoker | Route matched with {action = "GetLeads", controller = "Leads"}. Executing controller action with signature System.Threading.Tasks.Task`1[System.Collections.Generic.IEnumerable`1[backend.Models.Lead]] GetLeads() on controller backend.Controllers.LeadsController (backend).
2026-03-20 16:28:26.570 [INF] Microsoft.AspNetCore.Mvc.Infrastructure.ObjectResultExecutor | Executing ObjectResult, writing value of type 'System.Collections.Generic.List`1[[backend.Models.Lead, backend, Version=1.0.0.0, Culture=neutral, PublicKeyToken=null]]'.
2026-03-20 16:28:26.570 [INF] Microsoft.AspNetCore.Mvc.Infrastructure.ControllerActionInvoker | Executed action backend.Controllers.LeadsController.GetLeads (backend) in 10.138ms
2026-03-20 16:28:26.570 [INF] Microsoft.AspNetCore.Routing.EndpointMiddleware | Executed endpoint 'backend.Controllers.LeadsController.GetLeads (backend)'
2026-03-20 16:28:26.570 [INF] Serilog.AspNetCore.RequestLoggingMiddleware | HTTP GET /api/leads → 200 (10.3ms)
2026-03-20 16:28:26.570 [INF] Microsoft.AspNetCore.Hosting.Diagnostics | Request finished HTTP/1.1 GET http://localhost:5217/api/leads - 200 null application/json; charset=utf-8 10.7039ms
2026-03-20 16:28:26.657 [INF] Microsoft.AspNetCore.Hosting.Diagnostics | Request starting HTTP/1.1 OPTIONS http://localhost:5217/api/employees?organizationId=2 - null null
2026-03-20 16:28:26.657 [INF] Microsoft.AspNetCore.Cors.Infrastructure.CorsService | CORS policy execution successful.
2026-03-20 16:28:26.657 [INF] Microsoft.AspNetCore.Hosting.Diagnostics | Request finished HTTP/1.1 OPTIONS http://localhost:5217/api/employees?organizationId=2 - 204 null null 0.1679ms
2026-03-20 16:28:26.659 [INF] Microsoft.AspNetCore.Hosting.Diagnostics | Request starting HTTP/1.1 GET http://localhost:5217/api/employees?organizationId=2 - application/json null
2026-03-20 16:28:26.659 [INF] Microsoft.AspNetCore.Cors.Infrastructure.CorsService | CORS policy execution successful.
2026-03-20 16:28:26.659 [INF] Microsoft.AspNetCore.Cors.Infrastructure.CorsService | CORS policy execution successful.
2026-03-20 16:28:26.659 [INF] Microsoft.AspNetCore.Routing.EndpointMiddleware | Executing endpoint 'backend.Controllers.EmployeesController.GetEmployees (backend)'
2026-03-20 16:28:26.659 [INF] Microsoft.AspNetCore.Mvc.Infrastructure.ControllerActionInvoker | Route matched with {action = "GetEmployees", controller = "Employees"}. Executing controller action with signature System.Threading.Tasks.Task`1[Microsoft.AspNetCore.Mvc.IActionResult] GetEmployees(System.Nullable`1[System.Int32]) on controller backend.Controllers.EmployeesController (backend).
2026-03-20 16:28:26.659 [INF] backend.Controllers.EmployeesController | [Employees] GET all | TargetOrgId=2 | UserOrgId=2
2026-03-20 16:28:26.699 [INF] Microsoft.AspNetCore.Mvc.Infrastructure.ObjectResultExecutor | Executing OkObjectResult, writing value of type 'System.Collections.Generic.List`1[[backend.Models.Employee, backend, Version=1.0.0.0, Culture=neutral, PublicKeyToken=null]]'.
2026-03-20 16:28:26.699 [INF] Microsoft.AspNetCore.Mvc.Infrastructure.ControllerActionInvoker | Executed action backend.Controllers.EmployeesController.GetEmployees (backend) in 39.6881ms
2026-03-20 16:28:26.699 [INF] Microsoft.AspNetCore.Routing.EndpointMiddleware | Executed endpoint 'backend.Controllers.EmployeesController.GetEmployees (backend)'
2026-03-20 16:28:26.699 [INF] Serilog.AspNetCore.RequestLoggingMiddleware | HTTP GET /api/employees → 200 (39.8ms)
2026-03-20 16:28:26.699 [INF] Microsoft.AspNetCore.Hosting.Diagnostics | Request finished HTTP/1.1 GET http://localhost:5217/api/employees?organizationId=2 - 200 null application/json; charset=utf-8 40.2617ms
2026-03-20 16:28:26.740 [INF] Microsoft.AspNetCore.Hosting.Diagnostics | Request starting HTTP/1.1 OPTIONS http://localhost:5217/api/ShiftAssignments/roster?start=2026-03-20&end=2026-03-27&orgId=2 - null null
2026-03-20 16:28:26.740 [INF] Microsoft.AspNetCore.Cors.Infrastructure.CorsService | CORS policy execution successful.
2026-03-20 16:28:26.740 [INF] Microsoft.AspNetCore.Hosting.Diagnostics | Request finished HTTP/1.1 OPTIONS http://localhost:5217/api/ShiftAssignments/roster?start=2026-03-20&end=2026-03-27&orgId=2 - 204 null null 0.2317ms
2026-03-20 16:28:26.742 [INF] Microsoft.AspNetCore.Hosting.Diagnostics | Request starting HTTP/1.1 GET http://localhost:5217/api/ShiftAssignments/roster?start=2026-03-20&end=2026-03-27&orgId=2 - application/json null
2026-03-20 16:28:26.742 [INF] Microsoft.AspNetCore.Cors.Infrastructure.CorsService | CORS policy execution successful.
2026-03-20 16:28:26.742 [INF] Microsoft.AspNetCore.Cors.Infrastructure.CorsService | CORS policy execution successful.
2026-03-20 16:28:26.742 [INF] Microsoft.AspNetCore.Routing.EndpointMiddleware | Executing endpoint 'backend.Controllers.ShiftAssignmentsController.GetMonthlyRosterFixed (backend)'
2026-03-20 16:28:26.742 [INF] Microsoft.AspNetCore.Mvc.Infrastructure.ControllerActionInvoker | Route matched with {action = "GetMonthlyRosterFixed", controller = "ShiftAssignments"}. Executing controller action with signature System.Threading.Tasks.Task`1[Microsoft.AspNetCore.Mvc.IActionResult] GetMonthlyRosterFixed(System.String, System.String, System.Nullable`1[System.Int32]) on controller backend.Controllers.ShiftAssignmentsController (backend).
2026-03-20 16:28:26.756 [INF] Microsoft.AspNetCore.Mvc.Infrastructure.ObjectResultExecutor | Executing OkObjectResult, writing value of type 'System.Collections.Generic.List`1[[backend.Models.EmployeeSchedule, backend, Version=1.0.0.0, Culture=neutral, PublicKeyToken=null]]'.
2026-03-20 16:28:26.757 [INF] Microsoft.AspNetCore.Mvc.Infrastructure.ControllerActionInvoker | Executed action backend.Controllers.ShiftAssignmentsController.GetMonthlyRosterFixed (backend) in 14.1291ms
2026-03-20 16:28:26.757 [INF] Microsoft.AspNetCore.Routing.EndpointMiddleware | Executed endpoint 'backend.Controllers.ShiftAssignmentsController.GetMonthlyRosterFixed (backend)'
2026-03-20 16:28:26.757 [INF] Serilog.AspNetCore.RequestLoggingMiddleware | HTTP GET /api/ShiftAssignments/roster → 200 (14.4ms)
2026-03-20 16:28:26.757 [INF] Microsoft.AspNetCore.Hosting.Diagnostics | Request finished HTTP/1.1 GET http://localhost:5217/api/ShiftAssignments/roster?start=2026-03-20&end=2026-03-27&orgId=2 - 200 null application/json; charset=utf-8 14.8225ms
2026-03-20 16:28:26.804 [INF] Microsoft.AspNetCore.Hosting.Diagnostics | Request starting HTTP/1.1 OPTIONS http://localhost:5217/api/Attendance/status?employeeId=31&orgId=2 - null null
2026-03-20 16:28:26.805 [INF] Microsoft.AspNetCore.Cors.Infrastructure.CorsService | CORS policy execution successful.
2026-03-20 16:28:26.805 [INF] Microsoft.AspNetCore.Hosting.Diagnostics | Request finished HTTP/1.1 OPTIONS http://localhost:5217/api/Attendance/status?employeeId=31&orgId=2 - 204 null null 0.1518ms
2026-03-20 16:28:26.806 [INF] Microsoft.AspNetCore.Hosting.Diagnostics | Request starting HTTP/1.1 GET http://localhost:5217/api/Attendance/status?employeeId=31&orgId=2 - application/json null
2026-03-20 16:28:26.806 [INF] Microsoft.AspNetCore.Cors.Infrastructure.CorsService | CORS policy execution successful.
2026-03-20 16:28:26.806 [INF] Microsoft.AspNetCore.Cors.Infrastructure.CorsService | CORS policy execution successful.
2026-03-20 16:28:26.806 [INF] Microsoft.AspNetCore.Routing.EndpointMiddleware | Executing endpoint 'backend.Controllers.AttendanceController.GetTodayStatus (backend)'
2026-03-20 16:28:26.806 [INF] Microsoft.AspNetCore.Mvc.Infrastructure.ControllerActionInvoker | Route matched with {action = "GetTodayStatus", controller = "Attendance"}. Executing controller action with signature System.Threading.Tasks.Task`1[Microsoft.AspNetCore.Mvc.IActionResult] GetTodayStatus(Int32, System.Nullable`1[System.Int32]) on controller backend.Controllers.AttendanceController (backend).
2026-03-20 16:28:26.818 [INF] Microsoft.AspNetCore.Mvc.Infrastructure.ObjectResultExecutor | Executing OkObjectResult, writing value of type 'backend.Models.AttendanceStatusResponse'.
2026-03-20 16:28:26.818 [INF] Microsoft.AspNetCore.Mvc.Infrastructure.ControllerActionInvoker | Executed action backend.Controllers.AttendanceController.GetTodayStatus (backend) in 11.7769ms
2026-03-20 16:28:26.818 [INF] Microsoft.AspNetCore.Routing.EndpointMiddleware | Executed endpoint 'backend.Controllers.AttendanceController.GetTodayStatus (backend)'
2026-03-20 16:28:26.818 [INF] Serilog.AspNetCore.RequestLoggingMiddleware | HTTP GET /api/Attendance/status → 200 (11.9ms)
2026-03-20 16:28:26.818 [INF] Microsoft.AspNetCore.Hosting.Diagnostics | Request finished HTTP/1.1 GET http://localhost:5217/api/Attendance/status?employeeId=31&orgId=2 - 200 null application/json; charset=utf-8 12.1534ms
2026-03-20 16:28:29.844 [INF] Microsoft.AspNetCore.Hosting.Diagnostics | Request starting HTTP/1.1 GET http://localhost:5217/api/employees?organizationId=2 - application/json null
2026-03-20 16:28:29.844 [INF] Microsoft.AspNetCore.Cors.Infrastructure.CorsService | CORS policy execution successful.
2026-03-20 16:28:29.844 [INF] Microsoft.AspNetCore.Cors.Infrastructure.CorsService | CORS policy execution successful.
2026-03-20 16:28:29.844 [INF] Microsoft.AspNetCore.Routing.EndpointMiddleware | Executing endpoint 'backend.Controllers.EmployeesController.GetEmployees (backend)'
2026-03-20 16:28:29.844 [INF] Microsoft.AspNetCore.Mvc.Infrastructure.ControllerActionInvoker | Route matched with {action = "GetEmployees", controller = "Employees"}. Executing controller action with signature System.Threading.Tasks.Task`1[Microsoft.AspNetCore.Mvc.IActionResult] GetEmployees(System.Nullable`1[System.Int32]) on controller backend.Controllers.EmployeesController (backend).
2026-03-20 16:28:29.844 [INF] backend.Controllers.EmployeesController | [Employees] GET all | TargetOrgId=2 | UserOrgId=2
2026-03-20 16:28:29.855 [INF] Microsoft.AspNetCore.Mvc.Infrastructure.ObjectResultExecutor | Executing OkObjectResult, writing value of type 'System.Collections.Generic.List`1[[backend.Models.Employee, backend, Version=1.0.0.0, Culture=neutral, PublicKeyToken=null]]'.
2026-03-20 16:28:29.855 [INF] Microsoft.AspNetCore.Mvc.Infrastructure.ControllerActionInvoker | Executed action backend.Controllers.EmployeesController.GetEmployees (backend) in 10.9415ms
2026-03-20 16:28:29.855 [INF] Microsoft.AspNetCore.Routing.EndpointMiddleware | Executed endpoint 'backend.Controllers.EmployeesController.GetEmployees (backend)'
2026-03-20 16:28:29.855 [INF] Serilog.AspNetCore.RequestLoggingMiddleware | HTTP GET /api/employees → 200 (11.1ms)
2026-03-20 16:28:29.855 [INF] Microsoft.AspNetCore.Hosting.Diagnostics | Request finished HTTP/1.1 GET http://localhost:5217/api/employees?organizationId=2 - 200 null application/json; charset=utf-8 11.6045ms
2026-03-20 16:28:34.037 [INF] Microsoft.AspNetCore.Hosting.Diagnostics | Request starting HTTP/1.1 OPTIONS http://localhost:5217/api/FaceAttendance/match-embedding - null null
2026-03-20 16:28:34.037 [INF] Microsoft.AspNetCore.Cors.Infrastructure.CorsService | CORS policy execution successful.
2026-03-20 16:28:34.037 [INF] Microsoft.AspNetCore.Hosting.Diagnostics | Request finished HTTP/1.1 OPTIONS http://localhost:5217/api/FaceAttendance/match-embedding - 204 null null 0.1512ms
2026-03-20 16:28:34.039 [INF] Microsoft.AspNetCore.Hosting.Diagnostics | Request starting HTTP/1.1 POST http://localhost:5217/api/FaceAttendance/match-embedding - application/json 2629
2026-03-20 16:28:34.039 [INF] Microsoft.AspNetCore.Cors.Infrastructure.CorsService | CORS policy execution successful.
2026-03-20 16:28:34.039 [INF] Microsoft.AspNetCore.Cors.Infrastructure.CorsService | CORS policy execution successful.
2026-03-20 16:28:34.039 [INF] Microsoft.AspNetCore.Routing.EndpointMiddleware | Executing endpoint 'backend.Controllers.FaceAttendanceController.MatchEmbedding (backend)'
2026-03-20 16:28:34.039 [INF] Microsoft.AspNetCore.Mvc.Infrastructure.ControllerActionInvoker | Route matched with {action = "MatchEmbedding", controller = "FaceAttendance"}. Executing controller action with signature System.Threading.Tasks.Task`1[Microsoft.AspNetCore.Mvc.IActionResult] MatchEmbedding(FaceMatchRequest) on controller backend.Controllers.FaceAttendanceController (backend).
2026-03-20 16:28:34.049 [INF] Microsoft.AspNetCore.Mvc.Infrastructure.ObjectResultExecutor | Executing OkObjectResult, writing value of type '<>f__AnonymousType3`4[[System.String, System.Private.CoreLib, Version=10.0.0.0, Culture=neutral, PublicKeyToken=7cec85d7bea7798e],[System.String, System.Private.CoreLib, Version=10.0.0.0, Culture=neutral, PublicKeyToken=7cec85d7bea7798e],[System.String, System.Private.CoreLib, Version=10.0.0.0, Culture=neutral, PublicKeyToken=7cec85d7bea7798e],[System.Double, System.Private.CoreLib, Version=10.0.0.0, Culture=neutral, PublicKeyToken=7cec85d7bea7798e]]'.
2026-03-20 16:28:34.049 [INF] Microsoft.AspNetCore.Mvc.Infrastructure.ControllerActionInvoker | Executed action backend.Controllers.FaceAttendanceController.MatchEmbedding (backend) in 10.2984ms
2026-03-20 16:28:34.050 [INF] Microsoft.AspNetCore.Routing.EndpointMiddleware | Executed endpoint 'backend.Controllers.FaceAttendanceController.MatchEmbedding (backend)'
2026-03-20 16:28:34.050 [INF] Serilog.AspNetCore.RequestLoggingMiddleware | HTTP POST /api/FaceAttendance/match-embedding → 200 (10.9ms)
2026-03-20 16:28:34.050 [INF] Microsoft.AspNetCore.Hosting.Diagnostics | Request finished HTTP/1.1 POST http://localhost:5217/api/FaceAttendance/match-embedding - 200 null application/json; charset=utf-8 11.1536ms
2026-03-20 16:28:34.095 [INF] Microsoft.AspNetCore.Hosting.Diagnostics | Request starting HTTP/1.1 OPTIONS http://localhost:5217/api/FaceAttendance/mark - null null
2026-03-20 16:28:34.095 [INF] Microsoft.AspNetCore.Cors.Infrastructure.CorsService | CORS policy execution successful.
2026-03-20 16:28:34.095 [INF] Microsoft.AspNetCore.Hosting.Diagnostics | Request finished HTTP/1.1 OPTIONS http://localhost:5217/api/FaceAttendance/mark - 204 null null 0.2038ms
2026-03-20 16:28:34.097 [INF] Microsoft.AspNetCore.Hosting.Diagnostics | Request starting HTTP/1.1 POST http://localhost:5217/api/FaceAttendance/mark - application/json 56
2026-03-20 16:28:34.097 [ERR] Microsoft.AspNetCore.Diagnostics.DeveloperExceptionPageMiddleware | An unhandled exception has occurred while executing the request.
Microsoft.AspNetCore.Routing.Matching.AmbiguousMatchException: The request matched multiple endpoints. Matches: 

backend.Controllers.FaceAttendanceController.MarkFaceAttendance (backend)
backend.Controllers.FaceAttendanceController.MarkFaceAttendance (backend)
   at Microsoft.AspNetCore.Routing.Matching.DefaultEndpointSelector.ReportAmbiguity(Span`1 candidateState)
   at Microsoft.AspNetCore.Routing.Matching.DefaultEndpointSelector.ProcessFinalCandidates(HttpContext httpContext, Span`1 candidateState)
   at Microsoft.AspNetCore.Routing.Matching.DfaMatcher.MatchAsync(HttpContext httpContext)
   at Microsoft.AspNetCore.Diagnostics.DeveloperExceptionPageMiddlewareImpl.Invoke(HttpContext context)
2026-03-20 16:28:34.097 [INF] Microsoft.AspNetCore.Hosting.Diagnostics | Request finished HTTP/1.1 POST http://localhost:5217/api/FaceAttendance/mark - 500 null text/plain; charset=utf-8 0.53ms
2026-03-20 16:28:41.749 [INF] Microsoft.AspNetCore.Hosting.Diagnostics | Request starting HTTP/1.1 OPTIONS http://localhost:5217/api/FaceAttendance/match-embedding - null null
2026-03-20 16:28:41.749 [INF] Microsoft.AspNetCore.Cors.Infrastructure.CorsService | CORS policy execution successful.
2026-03-20 16:28:41.749 [INF] Microsoft.AspNetCore.Hosting.Diagnostics | Request finished HTTP/1.1 OPTIONS http://localhost:5217/api/FaceAttendance/match-embedding - 204 null null 0.1388ms
2026-03-20 16:28:41.750 [INF] Microsoft.AspNetCore.Hosting.Diagnostics | Request starting HTTP/1.1 POST http://localhost:5217/api/FaceAttendance/match-embedding - application/json 2599
2026-03-20 16:28:41.751 [INF] Microsoft.AspNetCore.Cors.Infrastructure.CorsService | CORS policy execution successful.
2026-03-20 16:28:41.751 [INF] Microsoft.AspNetCore.Cors.Infrastructure.CorsService | CORS policy execution successful.
2026-03-20 16:28:41.751 [INF] Microsoft.AspNetCore.Routing.EndpointMiddleware | Executing endpoint 'backend.Controllers.FaceAttendanceController.MatchEmbedding (backend)'
2026-03-20 16:28:41.751 [INF] Microsoft.AspNetCore.Mvc.Infrastructure.ControllerActionInvoker | Route matched with {action = "MatchEmbedding", controller = "FaceAttendance"}. Executing controller action with signature System.Threading.Tasks.Task`1[Microsoft.AspNetCore.Mvc.IActionResult] MatchEmbedding(FaceMatchRequest) on controller backend.Controllers.FaceAttendanceController (backend).
2026-03-20 16:28:41.768 [INF] Microsoft.AspNetCore.Mvc.Infrastructure.ObjectResultExecutor | Executing OkObjectResult, writing value of type '<>f__AnonymousType3`4[[System.String, System.Private.CoreLib, Version=10.0.0.0, Culture=neutral, PublicKeyToken=7cec85d7bea7798e],[System.String, System.Private.CoreLib, Version=10.0.0.0, Culture=neutral, PublicKeyToken=7cec85d7bea7798e],[System.String, System.Private.CoreLib, Version=10.0.0.0, Culture=neutral, PublicKeyToken=7cec85d7bea7798e],[System.Double, System.Private.CoreLib, Version=10.0.0.0, Culture=neutral, PublicKeyToken=7cec85d7bea7798e]]'.
2026-03-20 16:28:41.768 [INF] Microsoft.AspNetCore.Mvc.Infrastructure.ControllerActionInvoker | Executed action backend.Controllers.FaceAttendanceController.MatchEmbedding (backend) in 17.3408ms
2026-03-20 16:28:41.768 [INF] Microsoft.AspNetCore.Routing.EndpointMiddleware | Executed endpoint 'backend.Controllers.FaceAttendanceController.MatchEmbedding (backend)'
2026-03-20 16:28:41.768 [INF] Serilog.AspNetCore.RequestLoggingMiddleware | HTTP POST /api/FaceAttendance/match-embedding → 200 (17.6ms)
2026-03-20 16:28:41.768 [INF] Microsoft.AspNetCore.Hosting.Diagnostics | Request finished HTTP/1.1 POST http://localhost:5217/api/FaceAttendance/match-embedding - 200 null application/json; charset=utf-8 17.852ms
2026-03-20 16:28:41.815 [INF] Microsoft.AspNetCore.Hosting.Diagnostics | Request starting HTTP/1.1 OPTIONS http://localhost:5217/api/FaceAttendance/mark - null null
2026-03-20 16:28:41.816 [INF] Microsoft.AspNetCore.Cors.Infrastructure.CorsService | CORS policy execution successful.
2026-03-20 16:28:41.816 [INF] Microsoft.AspNetCore.Hosting.Diagnostics | Request finished HTTP/1.1 OPTIONS http://localhost:5217/api/FaceAttendance/mark - 204 null null 0.179ms
2026-03-20 16:28:41.817 [INF] Microsoft.AspNetCore.Hosting.Diagnostics | Request starting HTTP/1.1 POST http://localhost:5217/api/FaceAttendance/mark - application/json 56
2026-03-20 16:28:41.817 [ERR] Microsoft.AspNetCore.Diagnostics.DeveloperExceptionPageMiddleware | An unhandled exception has occurred while executing the request.
Microsoft.AspNetCore.Routing.Matching.AmbiguousMatchException: The request matched multiple endpoints. Matches: 

backend.Controllers.FaceAttendanceController.MarkFaceAttendance (backend)
backend.Controllers.FaceAttendanceController.MarkFaceAttendance (backend)
   at Microsoft.AspNetCore.Routing.Matching.DefaultEndpointSelector.ReportAmbiguity(Span`1 candidateState)
   at Microsoft.AspNetCore.Routing.Matching.DefaultEndpointSelector.ProcessFinalCandidates(HttpContext httpContext, Span`1 candidateState)
   at Microsoft.AspNetCore.Routing.Matching.DfaMatcher.MatchAsync(HttpContext httpContext)
   at Microsoft.AspNetCore.Diagnostics.DeveloperExceptionPageMiddlewareImpl.Invoke(HttpContext context)
2026-03-20 16:28:41.818 [INF] Microsoft.AspNetCore.Hosting.Diagnostics | Request finished HTTP/1.1 POST http://localhost:5217/api/FaceAttendance/mark - 500 null text/plain; charset=utf-8 0.6672ms
2026-03-20 16:29:03.110 [INF] Microsoft.Hosting.Lifetime | Application is shutting down...
2026-03-20 16:33:39.757 [INF]  | === ProDesX-HRM Backend Starting (Migrations Rev 5: Explicit Columns) ===
2026-03-20 16:33:40.012 [INF]  | === ProDesX-HRM Backend Starting (Migrations Rev 4: Clean GOs) ===
2026-03-20 16:33:40.170 [INF]  | [DB] Connected to: 103.235.104.197 | proxPayroll
2026-03-20 16:33:40.229 [INF]  | [DB] Database exists. Running migrations.sql...
2026-03-20 16:33:41.271 [WRN]  | [DB] Batch skipped in migrations.sql: Invalid column name 'EmployeeId'.
2026-03-20 16:33:41.292 [WRN]  | [DB] Batch skipped in migrations.sql: Invalid column name 'EmployeeId'.
2026-03-20 16:33:42.487 [INF]  | [DB] Finished running migrations.sql. 116 batches applied, 2 skipped.
2026-03-20 16:33:42.775 [WRN]  | [DB] Procedure apply skipped: Invalid column name 'EmployeeId'.
2026-03-20 16:33:42.785 [WRN]  | [DB] Procedure apply skipped: Invalid column name 'EmployeeId'.
2026-03-20 16:33:44.216 [INF]  | [DB] Procedures refreshed (CREATE OR ALTER). 96 applied, 2 skipped.
2026-03-20 16:33:44.217 [INF]  | [DB] Migrations complete.
2026-03-20 16:33:44.475 [INF]  | === Backend running at http://localhost:5217 ===
2026-03-20 16:33:44.490 [INF] Microsoft.AspNetCore.DataProtection.KeyManagement.XmlKeyManager | User profile is available. Using 'C:\Users\vasanth\AppData\Local\ASP.NET\DataProtection-Keys' as key repository and Windows DPAPI to encrypt keys at rest.
2026-03-20 16:33:44.498 [INF] backend.Services.ShiftScheduleBackgroundService | Shift Schedule Background Service is starting.
2026-03-20 16:33:44.577 [INF] Microsoft.Hosting.Lifetime | Now listening on: http://localhost:5217
2026-03-20 16:33:44.578 [INF] Microsoft.Hosting.Lifetime | Application started. Press Ctrl+C to shut down.
2026-03-20 16:33:44.578 [INF] Microsoft.Hosting.Lifetime | Hosting environment: Development
2026-03-20 16:33:44.578 [INF] Microsoft.Hosting.Lifetime | Content root path: C:\Repos_Work\Prodesx_HRM_Mobile_Application\backend
2026-03-20 16:33:54.510 [INF] backend.Services.ShiftScheduleBackgroundService | Shift Schedule Background Service is running...
2026-03-20 16:33:56.140 [INF] backend.Services.ShiftScheduleBackgroundService | Shift Schedule Background Service completed. Inserted 0 new schedules for the rolling 30-day window.
2026-03-20 16:34:00.946 [INF] Microsoft.AspNetCore.Hosting.Diagnostics | Request starting HTTP/1.1 OPTIONS http://localhost:5217/api/FaceAttendance/match-embedding - null null
2026-03-20 16:34:01.003 [INF] Microsoft.AspNetCore.Cors.Infrastructure.CorsService | CORS policy execution successful.
2026-03-20 16:34:01.011 [INF] Microsoft.AspNetCore.Hosting.Diagnostics | Request finished HTTP/1.1 OPTIONS http://localhost:5217/api/FaceAttendance/match-embedding - 204 null null 66.0717ms
2026-03-20 16:34:01.017 [INF] Microsoft.AspNetCore.Hosting.Diagnostics | Request starting HTTP/1.1 POST http://localhost:5217/api/FaceAttendance/match-embedding - application/json 2615
2026-03-20 16:34:01.023 [INF] Microsoft.AspNetCore.Cors.Infrastructure.CorsService | CORS policy execution successful.
2026-03-20 16:34:01.047 [WRN] Microsoft.AspNetCore.HttpsPolicy.HttpsRedirectionMiddleware | Failed to determine the https port for redirect.
2026-03-20 16:34:01.099 [INF] Microsoft.AspNetCore.Routing.EndpointMiddleware | Executing endpoint 'backend.Controllers.FaceAttendanceController.MatchEmbedding (backend)'
2026-03-20 16:34:01.126 [INF] Microsoft.AspNetCore.Mvc.Infrastructure.ControllerActionInvoker | Route matched with {action = "MatchEmbedding", controller = "FaceAttendance"}. Executing controller action with signature System.Threading.Tasks.Task`1[Microsoft.AspNetCore.Mvc.IActionResult] MatchEmbedding(FaceMatchRequest) on controller backend.Controllers.FaceAttendanceController (backend).
2026-03-20 16:34:01.159 [INF] backend.Controllers.FaceAttendanceController | Face recognition tables verified/created.
2026-03-20 16:34:01.226 [INF] backend.Controllers.FaceAttendanceController | Matching face embedding...
2026-03-20 16:34:01.330 [INF] backend.Controllers.FaceAttendanceController | Match found: 22 (Conf: 95.24%)
2026-03-20 16:34:01.342 [INF] Microsoft.AspNetCore.Mvc.Infrastructure.ObjectResultExecutor | Executing OkObjectResult, writing value of type '<>f__AnonymousType47`4[[System.String, System.Private.CoreLib, Version=10.0.0.0, Culture=neutral, PublicKeyToken=7cec85d7bea7798e],[System.String, System.Private.CoreLib, Version=10.0.0.0, Culture=neutral, PublicKeyToken=7cec85d7bea7798e],[System.String, System.Private.CoreLib, Version=10.0.0.0, Culture=neutral, PublicKeyToken=7cec85d7bea7798e],[System.Double, System.Private.CoreLib, Version=10.0.0.0, Culture=neutral, PublicKeyToken=7cec85d7bea7798e]]'.
2026-03-20 16:34:01.362 [INF] Microsoft.AspNetCore.Mvc.Infrastructure.ControllerActionInvoker | Executed action backend.Controllers.FaceAttendanceController.MatchEmbedding (backend) in 231.326ms
2026-03-20 16:34:01.363 [INF] Microsoft.AspNetCore.Routing.EndpointMiddleware | Executed endpoint 'backend.Controllers.FaceAttendanceController.MatchEmbedding (backend)'
2026-03-20 16:34:01.366 [INF] Serilog.AspNetCore.RequestLoggingMiddleware | HTTP POST /api/FaceAttendance/match-embedding → 200 (268.9ms)
2026-03-20 16:34:01.372 [INF] Microsoft.AspNetCore.Hosting.Diagnostics | Request finished HTTP/1.1 POST http://localhost:5217/api/FaceAttendance/match-embedding - 200 null application/json; charset=utf-8 355.448ms
2026-03-20 16:34:01.418 [INF] Microsoft.AspNetCore.Hosting.Diagnostics | Request starting HTTP/1.1 OPTIONS http://localhost:5217/api/FaceAttendance/mark - null null
2026-03-20 16:34:01.419 [INF] Microsoft.AspNetCore.Cors.Infrastructure.CorsService | CORS policy execution successful.
2026-03-20 16:34:01.420 [INF] Microsoft.AspNetCore.Hosting.Diagnostics | Request finished HTTP/1.1 OPTIONS http://localhost:5217/api/FaceAttendance/mark - 204 null null 1.353ms
2026-03-20 16:34:01.421 [INF] Microsoft.AspNetCore.Hosting.Diagnostics | Request starting HTTP/1.1 POST http://localhost:5217/api/FaceAttendance/mark - application/json 56
2026-03-20 16:34:01.422 [INF] Microsoft.AspNetCore.Cors.Infrastructure.CorsService | CORS policy execution successful.
2026-03-20 16:34:01.424 [INF] Microsoft.AspNetCore.Routing.EndpointMiddleware | Executing endpoint 'backend.Controllers.FaceAttendanceController.MarkFaceAttendance (backend)'
2026-03-20 16:34:01.431 [INF] Microsoft.AspNetCore.Mvc.Infrastructure.ControllerActionInvoker | Route matched with {action = "MarkFaceAttendance", controller = "FaceAttendance"}. Executing controller action with signature System.Threading.Tasks.Task`1[Microsoft.AspNetCore.Mvc.IActionResult] MarkFaceAttendance(FaceAttendanceRequest) on controller backend.Controllers.FaceAttendanceController (backend).
2026-03-20 16:34:01.460 [INF] backend.Controllers.FaceAttendanceController | Face recognition tables verified/created.
2026-03-20 16:34:01.468 [INF] backend.Controllers.FaceAttendanceController | Marking attendance for 22
2026-03-20 16:34:01.493 [INF] Microsoft.AspNetCore.Mvc.Infrastructure.ObjectResultExecutor | Executing OkObjectResult, writing value of type '<>f__AnonymousType45`2[[System.String, System.Private.CoreLib, Version=10.0.0.0, Culture=neutral, PublicKeyToken=7cec85d7bea7798e],[System.String, System.Private.CoreLib, Version=10.0.0.0, Culture=neutral, PublicKeyToken=7cec85d7bea7798e]]'.
2026-03-20 16:34:01.498 [INF] Microsoft.AspNetCore.Mvc.Infrastructure.ControllerActionInvoker | Executed action backend.Controllers.FaceAttendanceController.MarkFaceAttendance (backend) in 66.3637ms
2026-03-20 16:34:01.498 [INF] Microsoft.AspNetCore.Routing.EndpointMiddleware | Executed endpoint 'backend.Controllers.FaceAttendanceController.MarkFaceAttendance (backend)'
2026-03-20 16:34:01.498 [INF] Serilog.AspNetCore.RequestLoggingMiddleware | HTTP POST /api/FaceAttendance/mark → 200 (74.7ms)
2026-03-20 16:34:01.498 [INF] Microsoft.AspNetCore.Hosting.Diagnostics | Request finished HTTP/1.1 POST http://localhost:5217/api/FaceAttendance/mark - 200 null application/json; charset=utf-8 77.2058ms
2026-03-20 16:35:39.520 [INF] Microsoft.AspNetCore.Hosting.Diagnostics | Request starting HTTP/1.1 OPTIONS http://localhost:5217/api/FaceAttendance/match-embedding - null null
2026-03-20 16:35:39.520 [INF] Microsoft.AspNetCore.Cors.Infrastructure.CorsService | CORS policy execution successful.
2026-03-20 16:35:39.520 [INF] Microsoft.AspNetCore.Hosting.Diagnostics | Request finished HTTP/1.1 OPTIONS http://localhost:5217/api/FaceAttendance/match-embedding - 204 null null 0.3913ms
2026-03-20 16:35:39.521 [INF] Microsoft.AspNetCore.Hosting.Diagnostics | Request starting HTTP/1.1 POST http://localhost:5217/api/FaceAttendance/match-embedding - application/json 2617
2026-03-20 16:35:39.521 [INF] Microsoft.AspNetCore.Cors.Infrastructure.CorsService | CORS policy execution successful.
2026-03-20 16:35:39.526 [INF] Microsoft.AspNetCore.Routing.EndpointMiddleware | Executing endpoint 'backend.Controllers.FaceAttendanceController.MatchEmbedding (backend)'
2026-03-20 16:35:39.526 [INF] Microsoft.AspNetCore.Mvc.Infrastructure.ControllerActionInvoker | Route matched with {action = "MatchEmbedding", controller = "FaceAttendance"}. Executing controller action with signature System.Threading.Tasks.Task`1[Microsoft.AspNetCore.Mvc.IActionResult] MatchEmbedding(FaceMatchRequest) on controller backend.Controllers.FaceAttendanceController (backend).
2026-03-20 16:35:39.624 [INF] backend.Controllers.FaceAttendanceController | Face recognition tables verified/created.
2026-03-20 16:35:39.625 [INF] backend.Controllers.FaceAttendanceController | Matching face embedding...
2026-03-20 16:35:39.639 [INF] backend.Controllers.FaceAttendanceController | Match found: 22 (Conf: 87.97%)
2026-03-20 16:35:39.639 [INF] Microsoft.AspNetCore.Mvc.Infrastructure.ObjectResultExecutor | Executing OkObjectResult, writing value of type '<>f__AnonymousType47`4[[System.String, System.Private.CoreLib, Version=10.0.0.0, Culture=neutral, PublicKeyToken=7cec85d7bea7798e],[System.String, System.Private.CoreLib, Version=10.0.0.0, Culture=neutral, PublicKeyToken=7cec85d7bea7798e],[System.String, System.Private.CoreLib, Version=10.0.0.0, Culture=neutral, PublicKeyToken=7cec85d7bea7798e],[System.Double, System.Private.CoreLib, Version=10.0.0.0, Culture=neutral, PublicKeyToken=7cec85d7bea7798e]]'.
2026-03-20 16:35:39.640 [INF] Microsoft.AspNetCore.Mvc.Infrastructure.ControllerActionInvoker | Executed action backend.Controllers.FaceAttendanceController.MatchEmbedding (backend) in 113.0756ms
2026-03-20 16:35:39.640 [INF] Microsoft.AspNetCore.Routing.EndpointMiddleware | Executed endpoint 'backend.Controllers.FaceAttendanceController.MatchEmbedding (backend)'
2026-03-20 16:35:39.640 [INF] Serilog.AspNetCore.RequestLoggingMiddleware | HTTP POST /api/FaceAttendance/match-embedding → 200 (113.7ms)
2026-03-20 16:35:39.640 [INF] Microsoft.AspNetCore.Hosting.Diagnostics | Request finished HTTP/1.1 POST http://localhost:5217/api/FaceAttendance/match-embedding - 200 null application/json; charset=utf-8 118.6175ms
2026-03-20 16:35:39.675 [INF] Microsoft.AspNetCore.Hosting.Diagnostics | Request starting HTTP/1.1 OPTIONS http://localhost:5217/api/FaceAttendance/mark - null null
2026-03-20 16:35:39.675 [INF] Microsoft.AspNetCore.Cors.Infrastructure.CorsService | CORS policy execution successful.
2026-03-20 16:35:39.675 [INF] Microsoft.AspNetCore.Hosting.Diagnostics | Request finished HTTP/1.1 OPTIONS http://localhost:5217/api/FaceAttendance/mark - 204 null null 0.3294ms
2026-03-20 16:35:39.676 [INF] Microsoft.AspNetCore.Hosting.Diagnostics | Request starting HTTP/1.1 POST http://localhost:5217/api/FaceAttendance/mark - application/json 56
2026-03-20 16:35:39.676 [INF] Microsoft.AspNetCore.Cors.Infrastructure.CorsService | CORS policy execution successful.
2026-03-20 16:35:39.677 [INF] Microsoft.AspNetCore.Routing.EndpointMiddleware | Executing endpoint 'backend.Controllers.FaceAttendanceController.MarkFaceAttendance (backend)'
2026-03-20 16:35:39.677 [INF] Microsoft.AspNetCore.Mvc.Infrastructure.ControllerActionInvoker | Route matched with {action = "MarkFaceAttendance", controller = "FaceAttendance"}. Executing controller action with signature System.Threading.Tasks.Task`1[Microsoft.AspNetCore.Mvc.IActionResult] MarkFaceAttendance(FaceAttendanceRequest) on controller backend.Controllers.FaceAttendanceController (backend).
2026-03-20 16:35:39.717 [INF] backend.Controllers.FaceAttendanceController | Face recognition tables verified/created.
2026-03-20 16:35:39.718 [INF] backend.Controllers.FaceAttendanceController | Marking attendance for 22
2026-03-20 16:35:39.731 [INF] Microsoft.AspNetCore.Mvc.Infrastructure.ObjectResultExecutor | Executing OkObjectResult, writing value of type '<>f__AnonymousType45`2[[System.String, System.Private.CoreLib, Version=10.0.0.0, Culture=neutral, PublicKeyToken=7cec85d7bea7798e],[System.String, System.Private.CoreLib, Version=10.0.0.0, Culture=neutral, PublicKeyToken=7cec85d7bea7798e]]'.
2026-03-20 16:35:39.731 [INF] Microsoft.AspNetCore.Mvc.Infrastructure.ControllerActionInvoker | Executed action backend.Controllers.FaceAttendanceController.MarkFaceAttendance (backend) in 54.3899ms
2026-03-20 16:35:39.731 [INF] Microsoft.AspNetCore.Routing.EndpointMiddleware | Executed endpoint 'backend.Controllers.FaceAttendanceController.MarkFaceAttendance (backend)'
2026-03-20 16:35:39.731 [INF] Serilog.AspNetCore.RequestLoggingMiddleware | HTTP POST /api/FaceAttendance/mark → 200 (54.6ms)
2026-03-20 16:35:39.731 [INF] Microsoft.AspNetCore.Hosting.Diagnostics | Request finished HTTP/1.1 POST http://localhost:5217/api/FaceAttendance/mark - 200 null application/json; charset=utf-8 54.9624ms
2026-03-20 16:38:47.086 [INF] Microsoft.AspNetCore.Hosting.Diagnostics | Request starting HTTP/1.1 OPTIONS http://localhost:5217/api/FaceAttendance/match-embedding - null null
2026-03-20 16:38:47.086 [INF] Microsoft.AspNetCore.Cors.Infrastructure.CorsService | CORS policy execution successful.
2026-03-20 16:38:47.087 [INF] Microsoft.AspNetCore.Hosting.Diagnostics | Request finished HTTP/1.1 OPTIONS http://localhost:5217/api/FaceAttendance/match-embedding - 204 null null 0.7133ms
2026-03-20 16:38:47.089 [INF] Microsoft.AspNetCore.Hosting.Diagnostics | Request starting HTTP/1.1 POST http://localhost:5217/api/FaceAttendance/match-embedding - application/json 2619
2026-03-20 16:38:47.094 [INF] Microsoft.AspNetCore.Cors.Infrastructure.CorsService | CORS policy execution successful.
2026-03-20 16:38:47.094 [INF] Microsoft.AspNetCore.Routing.EndpointMiddleware | Executing endpoint 'backend.Controllers.FaceAttendanceController.MatchEmbedding (backend)'
2026-03-20 16:38:47.105 [INF] Microsoft.AspNetCore.Mvc.Infrastructure.ControllerActionInvoker | Route matched with {action = "MatchEmbedding", controller = "FaceAttendance"}. Executing controller action with signature System.Threading.Tasks.Task`1[Microsoft.AspNetCore.Mvc.IActionResult] MatchEmbedding(FaceMatchRequest) on controller backend.Controllers.FaceAttendanceController (backend).
2026-03-20 16:38:47.139 [INF] backend.Controllers.FaceAttendanceController | Face recognition tables verified/created.
2026-03-20 16:38:47.147 [INF] backend.Controllers.FaceAttendanceController | Matching face embedding...
2026-03-20 16:38:47.167 [INF] backend.Controllers.FaceAttendanceController | Match found: VASANTHAKUMAR B (Emp1235) Conf: 87.25%
2026-03-20 16:38:47.167 [INF] Microsoft.AspNetCore.Mvc.Infrastructure.ObjectResultExecutor | Executing OkObjectResult, writing value of type '<>f__AnonymousType100`6[[System.String, System.Private.CoreLib, Version=10.0.0.0, Culture=neutral, PublicKeyToken=7cec85d7bea7798e],[System.String, System.Private.CoreLib, Version=10.0.0.0, Culture=neutral, PublicKeyToken=7cec85d7bea7798e],[System.String, System.Private.CoreLib, Version=10.0.0.0, Culture=neutral, PublicKeyToken=7cec85d7bea7798e],[System.String, System.Private.CoreLib, Version=10.0.0.0, Culture=neutral, PublicKeyToken=7cec85d7bea7798e],[System.String, System.Private.CoreLib, Version=10.0.0.0, Culture=neutral, PublicKeyToken=7cec85d7bea7798e],[System.Double, System.Private.CoreLib, Version=10.0.0.0, Culture=neutral, PublicKeyToken=7cec85d7bea7798e]]'.
2026-03-20 16:38:47.173 [INF] Microsoft.AspNetCore.Mvc.Infrastructure.ControllerActionInvoker | Executed action backend.Controllers.FaceAttendanceController.MatchEmbedding (backend) in 68.2823ms
2026-03-20 16:38:47.173 [INF] Microsoft.AspNetCore.Routing.EndpointMiddleware | Executed endpoint 'backend.Controllers.FaceAttendanceController.MatchEmbedding (backend)'
2026-03-20 16:38:47.173 [INF] Serilog.AspNetCore.RequestLoggingMiddleware | HTTP POST /api/FaceAttendance/match-embedding → 200 (79.0ms)
2026-03-20 16:38:47.173 [INF] Microsoft.AspNetCore.Hosting.Diagnostics | Request finished HTTP/1.1 POST http://localhost:5217/api/FaceAttendance/match-embedding - 200 null application/json; charset=utf-8 84.5106ms
2026-03-20 16:38:47.221 [INF] Microsoft.AspNetCore.Hosting.Diagnostics | Request starting HTTP/1.1 OPTIONS http://localhost:5217/api/FaceAttendance/mark - null null
2026-03-20 16:38:47.221 [INF] Microsoft.AspNetCore.Cors.Infrastructure.CorsService | CORS policy execution successful.
2026-03-20 16:38:47.221 [INF] Microsoft.AspNetCore.Hosting.Diagnostics | Request finished HTTP/1.1 OPTIONS http://localhost:5217/api/FaceAttendance/mark - 204 null null 0.4718ms
2026-03-20 16:38:47.223 [INF] Microsoft.AspNetCore.Hosting.Diagnostics | Request starting HTTP/1.1 POST http://localhost:5217/api/FaceAttendance/mark - application/json 56
2026-03-20 16:38:47.223 [INF] Microsoft.AspNetCore.Cors.Infrastructure.CorsService | CORS policy execution successful.
2026-03-20 16:38:47.223 [INF] Microsoft.AspNetCore.Routing.EndpointMiddleware | Executing endpoint 'backend.Controllers.FaceAttendanceController.MarkFaceAttendance (backend)'
2026-03-20 16:38:47.230 [INF] Microsoft.AspNetCore.Mvc.Infrastructure.ControllerActionInvoker | Route matched with {action = "MarkFaceAttendance", controller = "FaceAttendance"}. Executing controller action with signature System.Threading.Tasks.Task`1[Microsoft.AspNetCore.Mvc.IActionResult] MarkFaceAttendance(FaceAttendanceRequest) on controller backend.Controllers.FaceAttendanceController (backend).
2026-03-20 16:38:47.256 [INF] backend.Controllers.FaceAttendanceController | Face recognition tables verified/created.
2026-03-20 16:38:47.260 [INF] backend.Controllers.FaceAttendanceController | Marking attendance for 22
2026-03-20 16:38:47.275 [INF] Microsoft.AspNetCore.Mvc.Infrastructure.ObjectResultExecutor | Executing OkObjectResult, writing value of type '<>f__AnonymousType45`2[[System.String, System.Private.CoreLib, Version=10.0.0.0, Culture=neutral, PublicKeyToken=7cec85d7bea7798e],[System.String, System.Private.CoreLib, Version=10.0.0.0, Culture=neutral, PublicKeyToken=7cec85d7bea7798e]]'.
2026-03-20 16:38:47.276 [INF] Microsoft.AspNetCore.Mvc.Infrastructure.ControllerActionInvoker | Executed action backend.Controllers.FaceAttendanceController.MarkFaceAttendance (backend) in 45.3493ms
2026-03-20 16:38:47.276 [INF] Microsoft.AspNetCore.Routing.EndpointMiddleware | Executed endpoint 'backend.Controllers.FaceAttendanceController.MarkFaceAttendance (backend)'
2026-03-20 16:38:47.276 [INF] Serilog.AspNetCore.RequestLoggingMiddleware | HTTP POST /api/FaceAttendance/mark → 200 (53.0ms)
2026-03-20 16:38:47.276 [INF] Microsoft.AspNetCore.Hosting.Diagnostics | Request finished HTTP/1.1 POST http://localhost:5217/api/FaceAttendance/mark - 200 null application/json; charset=utf-8 53.4627ms
2026-03-20 16:39:43.911 [INF] Microsoft.AspNetCore.Hosting.Diagnostics | Request starting HTTP/1.1 OPTIONS http://localhost:5217/api/FaceAttendance/match-embedding - null null
2026-03-20 16:39:43.912 [INF] Microsoft.AspNetCore.Cors.Infrastructure.CorsService | CORS policy execution successful.
2026-03-20 16:39:43.912 [INF] Microsoft.AspNetCore.Hosting.Diagnostics | Request finished HTTP/1.1 OPTIONS http://localhost:5217/api/FaceAttendance/match-embedding - 204 null null 0.4365ms
2026-03-20 16:39:43.913 [INF] Microsoft.AspNetCore.Hosting.Diagnostics | Request starting HTTP/1.1 POST http://localhost:5217/api/FaceAttendance/match-embedding - application/json 2612
2026-03-20 16:39:43.913 [INF] Microsoft.AspNetCore.Cors.Infrastructure.CorsService | CORS policy execution successful.
2026-03-20 16:39:43.914 [INF] Microsoft.AspNetCore.Routing.EndpointMiddleware | Executing endpoint 'backend.Controllers.FaceAttendanceController.MatchEmbedding (backend)'
2026-03-20 16:39:43.914 [INF] Microsoft.AspNetCore.Mvc.Infrastructure.ControllerActionInvoker | Route matched with {action = "MatchEmbedding", controller = "FaceAttendance"}. Executing controller action with signature System.Threading.Tasks.Task`1[Microsoft.AspNetCore.Mvc.IActionResult] MatchEmbedding(FaceMatchRequest) on controller backend.Controllers.FaceAttendanceController (backend).
2026-03-20 16:39:43.936 [INF] backend.Controllers.FaceAttendanceController | Face recognition tables verified/created.
2026-03-20 16:39:43.936 [INF] backend.Controllers.FaceAttendanceController | Matching face embedding...
2026-03-20 16:39:43.950 [INF] backend.Controllers.FaceAttendanceController | Match found: VASANTHAKUMAR B (Emp1235) Conf: 87.93%
2026-03-20 16:39:43.950 [INF] Microsoft.AspNetCore.Mvc.Infrastructure.ObjectResultExecutor | Executing OkObjectResult, writing value of type '<>f__AnonymousType100`6[[System.String, System.Private.CoreLib, Version=10.0.0.0, Culture=neutral, PublicKeyToken=7cec85d7bea7798e],[System.String, System.Private.CoreLib, Version=10.0.0.0, Culture=neutral, PublicKeyToken=7cec85d7bea7798e],[System.String, System.Private.CoreLib, Version=10.0.0.0, Culture=neutral, PublicKeyToken=7cec85d7bea7798e],[System.String, System.Private.CoreLib, Version=10.0.0.0, Culture=neutral, PublicKeyToken=7cec85d7bea7798e],[System.String, System.Private.CoreLib, Version=10.0.0.0, Culture=neutral, PublicKeyToken=7cec85d7bea7798e],[System.Double, System.Private.CoreLib, Version=10.0.0.0, Culture=neutral, PublicKeyToken=7cec85d7bea7798e]]'.
2026-03-20 16:39:43.951 [INF] Microsoft.AspNetCore.Mvc.Infrastructure.ControllerActionInvoker | Executed action backend.Controllers.FaceAttendanceController.MatchEmbedding (backend) in 36.912ms
2026-03-20 16:39:43.951 [INF] Microsoft.AspNetCore.Routing.EndpointMiddleware | Executed endpoint 'backend.Controllers.FaceAttendanceController.MatchEmbedding (backend)'
2026-03-20 16:39:43.951 [INF] Serilog.AspNetCore.RequestLoggingMiddleware | HTTP POST /api/FaceAttendance/match-embedding → 200 (37.2ms)
2026-03-20 16:39:43.951 [INF] Microsoft.AspNetCore.Hosting.Diagnostics | Request finished HTTP/1.1 POST http://localhost:5217/api/FaceAttendance/match-embedding - 200 null application/json; charset=utf-8 37.572ms
2026-03-20 16:39:44.007 [INF] Microsoft.AspNetCore.Hosting.Diagnostics | Request starting HTTP/1.1 OPTIONS http://localhost:5217/api/FaceAttendance/mark - null null
2026-03-20 16:39:44.008 [INF] Microsoft.AspNetCore.Cors.Infrastructure.CorsService | CORS policy execution successful.
2026-03-20 16:39:44.008 [INF] Microsoft.AspNetCore.Hosting.Diagnostics | Request finished HTTP/1.1 OPTIONS http://localhost:5217/api/FaceAttendance/mark - 204 null null 0.3911ms
2026-03-20 16:39:44.009 [INF] Microsoft.AspNetCore.Hosting.Diagnostics | Request starting HTTP/1.1 POST http://localhost:5217/api/FaceAttendance/mark - application/json 56
2026-03-20 16:39:44.009 [INF] Microsoft.AspNetCore.Cors.Infrastructure.CorsService | CORS policy execution successful.
2026-03-20 16:39:44.009 [INF] Microsoft.AspNetCore.Routing.EndpointMiddleware | Executing endpoint 'backend.Controllers.FaceAttendanceController.MarkFaceAttendance (backend)'
2026-03-20 16:39:44.009 [INF] Microsoft.AspNetCore.Mvc.Infrastructure.ControllerActionInvoker | Route matched with {action = "MarkFaceAttendance", controller = "FaceAttendance"}. Executing controller action with signature System.Threading.Tasks.Task`1[Microsoft.AspNetCore.Mvc.IActionResult] MarkFaceAttendance(FaceAttendanceRequest) on controller backend.Controllers.FaceAttendanceController (backend).
2026-03-20 16:39:44.048 [INF] backend.Controllers.FaceAttendanceController | Face recognition tables verified/created.
2026-03-20 16:39:44.048 [INF] backend.Controllers.FaceAttendanceController | Marking attendance for 22
2026-03-20 16:39:44.064 [INF] Microsoft.AspNetCore.Mvc.Infrastructure.ObjectResultExecutor | Executing OkObjectResult, writing value of type '<>f__AnonymousType45`2[[System.String, System.Private.CoreLib, Version=10.0.0.0, Culture=neutral, PublicKeyToken=7cec85d7bea7798e],[System.String, System.Private.CoreLib, Version=10.0.0.0, Culture=neutral, PublicKeyToken=7cec85d7bea7798e]]'.
2026-03-20 16:39:44.064 [INF] Microsoft.AspNetCore.Mvc.Infrastructure.ControllerActionInvoker | Executed action backend.Controllers.FaceAttendanceController.MarkFaceAttendance (backend) in 54.9468ms
2026-03-20 16:39:44.064 [INF] Microsoft.AspNetCore.Routing.EndpointMiddleware | Executed endpoint 'backend.Controllers.FaceAttendanceController.MarkFaceAttendance (backend)'
2026-03-20 16:39:44.064 [INF] Serilog.AspNetCore.RequestLoggingMiddleware | HTTP POST /api/FaceAttendance/mark → 200 (55.2ms)
2026-03-20 16:39:44.065 [INF] Microsoft.AspNetCore.Hosting.Diagnostics | Request finished HTTP/1.1 POST http://localhost:5217/api/FaceAttendance/mark - 200 null application/json; charset=utf-8 55.538ms
2026-03-20 16:48:13.326 [INF] Microsoft.AspNetCore.Hosting.Diagnostics | Request starting HTTP/1.1 OPTIONS http://localhost:5217/api/FaceAttendance/match-embedding - null null
2026-03-20 16:48:13.327 [INF] Microsoft.AspNetCore.Cors.Infrastructure.CorsService | CORS policy execution successful.
2026-03-20 16:48:13.327 [INF] Microsoft.AspNetCore.Hosting.Diagnostics | Request finished HTTP/1.1 OPTIONS http://localhost:5217/api/FaceAttendance/match-embedding - 204 null null 0.4857ms
2026-03-20 16:48:13.328 [INF] Microsoft.AspNetCore.Hosting.Diagnostics | Request starting HTTP/1.1 POST http://localhost:5217/api/FaceAttendance/match-embedding - application/json 2610
2026-03-20 16:48:13.333 [INF] Microsoft.AspNetCore.Cors.Infrastructure.CorsService | CORS policy execution successful.
2026-03-20 16:48:13.334 [INF] Microsoft.AspNetCore.Routing.EndpointMiddleware | Executing endpoint 'backend.Controllers.FaceAttendanceController.MatchEmbedding (backend)'
2026-03-20 16:48:13.341 [INF] Microsoft.AspNetCore.Mvc.Infrastructure.ControllerActionInvoker | Route matched with {action = "MatchEmbedding", controller = "FaceAttendance"}. Executing controller action with signature System.Threading.Tasks.Task`1[Microsoft.AspNetCore.Mvc.IActionResult] MatchEmbedding(FaceMatchRequest) on controller backend.Controllers.FaceAttendanceController (backend).
2026-03-20 16:48:13.457 [INF] backend.Controllers.FaceAttendanceController | Face recognition tables verified/created.
2026-03-20 16:48:13.463 [INF] backend.Controllers.FaceAttendanceController | Matching face embedding...
2026-03-20 16:48:13.486 [INF] backend.Controllers.FaceAttendanceController | Match found: VASANTHAKUMAR B (Emp1235) Conf: 95.68%
2026-03-20 16:48:13.486 [INF] Microsoft.AspNetCore.Mvc.Infrastructure.ObjectResultExecutor | Executing OkObjectResult, writing value of type '<>f__AnonymousType100`6[[System.String, System.Private.CoreLib, Version=10.0.0.0, Culture=neutral, PublicKeyToken=7cec85d7bea7798e],[System.String, System.Private.CoreLib, Version=10.0.0.0, Culture=neutral, PublicKeyToken=7cec85d7bea7798e],[System.String, System.Private.CoreLib, Version=10.0.0.0, Culture=neutral, PublicKeyToken=7cec85d7bea7798e],[System.String, System.Private.CoreLib, Version=10.0.0.0, Culture=neutral, PublicKeyToken=7cec85d7bea7798e],[System.String, System.Private.CoreLib, Version=10.0.0.0, Culture=neutral, PublicKeyToken=7cec85d7bea7798e],[System.Double, System.Private.CoreLib, Version=10.0.0.0, Culture=neutral, PublicKeyToken=7cec85d7bea7798e]]'.
2026-03-20 16:48:13.487 [INF] Microsoft.AspNetCore.Mvc.Infrastructure.ControllerActionInvoker | Executed action backend.Controllers.FaceAttendanceController.MatchEmbedding (backend) in 146.1893ms
2026-03-20 16:48:13.488 [INF] Microsoft.AspNetCore.Routing.EndpointMiddleware | Executed endpoint 'backend.Controllers.FaceAttendanceController.MatchEmbedding (backend)'
2026-03-20 16:48:13.488 [INF] Serilog.AspNetCore.RequestLoggingMiddleware | HTTP POST /api/FaceAttendance/match-embedding → 200 (154.1ms)
2026-03-20 16:48:13.488 [INF] Microsoft.AspNetCore.Hosting.Diagnostics | Request finished HTTP/1.1 POST http://localhost:5217/api/FaceAttendance/match-embedding - 200 null application/json; charset=utf-8 159.3566ms
2026-03-20 16:48:13.537 [INF] Microsoft.AspNetCore.Hosting.Diagnostics | Request starting HTTP/1.1 OPTIONS http://localhost:5217/api/FaceAttendance/mark - null null
2026-03-20 16:48:13.537 [INF] Microsoft.AspNetCore.Cors.Infrastructure.CorsService | CORS policy execution successful.
2026-03-20 16:48:13.537 [INF] Microsoft.AspNetCore.Hosting.Diagnostics | Request finished HTTP/1.1 OPTIONS http://localhost:5217/api/FaceAttendance/mark - 204 null null 0.2672ms
2026-03-20 16:48:13.538 [INF] Microsoft.AspNetCore.Hosting.Diagnostics | Request starting HTTP/1.1 POST http://localhost:5217/api/FaceAttendance/mark - application/json 56
2026-03-20 16:48:13.538 [INF] Microsoft.AspNetCore.Cors.Infrastructure.CorsService | CORS policy execution successful.
2026-03-20 16:48:13.538 [INF] Microsoft.AspNetCore.Routing.EndpointMiddleware | Executing endpoint 'backend.Controllers.FaceAttendanceController.MarkFaceAttendance (backend)'
2026-03-20 16:48:13.546 [INF] Microsoft.AspNetCore.Mvc.Infrastructure.ControllerActionInvoker | Route matched with {action = "MarkFaceAttendance", controller = "FaceAttendance"}. Executing controller action with signature System.Threading.Tasks.Task`1[Microsoft.AspNetCore.Mvc.IActionResult] MarkFaceAttendance(FaceAttendanceRequest) on controller backend.Controllers.FaceAttendanceController (backend).
2026-03-20 16:48:13.566 [INF] backend.Controllers.FaceAttendanceController | Face recognition tables verified/created.
2026-03-20 16:48:13.569 [INF] backend.Controllers.FaceAttendanceController | Marking attendance for 22
2026-03-20 16:48:13.579 [INF] Microsoft.AspNetCore.Mvc.Infrastructure.ObjectResultExecutor | Executing OkObjectResult, writing value of type '<>f__AnonymousType45`2[[System.String, System.Private.CoreLib, Version=10.0.0.0, Culture=neutral, PublicKeyToken=7cec85d7bea7798e],[System.String, System.Private.CoreLib, Version=10.0.0.0, Culture=neutral, PublicKeyToken=7cec85d7bea7798e]]'.
2026-03-20 16:48:13.581 [INF] Microsoft.AspNetCore.Mvc.Infrastructure.ControllerActionInvoker | Executed action backend.Controllers.FaceAttendanceController.MarkFaceAttendance (backend) in 34.1078ms
2026-03-20 16:48:13.581 [INF] Microsoft.AspNetCore.Routing.EndpointMiddleware | Executed endpoint 'backend.Controllers.FaceAttendanceController.MarkFaceAttendance (backend)'
2026-03-20 16:48:13.581 [INF] Serilog.AspNetCore.RequestLoggingMiddleware | HTTP POST /api/FaceAttendance/mark → 200 (42.5ms)
2026-03-20 16:48:13.581 [INF] Microsoft.AspNetCore.Hosting.Diagnostics | Request finished HTTP/1.1 POST http://localhost:5217/api/FaceAttendance/mark - 200 null application/json; charset=utf-8 42.9079ms
2026-03-20 16:48:50.169 [INF] Microsoft.AspNetCore.Hosting.Diagnostics | Request starting HTTP/1.1 OPTIONS http://localhost:5217/api/FaceAttendance/match-embedding - null null
2026-03-20 16:48:50.169 [INF] Microsoft.AspNetCore.Cors.Infrastructure.CorsService | CORS policy execution successful.
2026-03-20 16:48:50.170 [INF] Microsoft.AspNetCore.Hosting.Diagnostics | Request finished HTTP/1.1 OPTIONS http://localhost:5217/api/FaceAttendance/match-embedding - 204 null null 0.398ms
2026-03-20 16:48:50.171 [INF] Microsoft.AspNetCore.Hosting.Diagnostics | Request starting HTTP/1.1 POST http://localhost:5217/api/FaceAttendance/match-embedding - application/json 2561
2026-03-20 16:48:50.171 [INF] Microsoft.AspNetCore.Cors.Infrastructure.CorsService | CORS policy execution successful.
2026-03-20 16:48:50.171 [INF] Microsoft.AspNetCore.Routing.EndpointMiddleware | Executing endpoint 'backend.Controllers.FaceAttendanceController.MatchEmbedding (backend)'
2026-03-20 16:48:50.171 [INF] Microsoft.AspNetCore.Mvc.Infrastructure.ControllerActionInvoker | Route matched with {action = "MatchEmbedding", controller = "FaceAttendance"}. Executing controller action with signature System.Threading.Tasks.Task`1[Microsoft.AspNetCore.Mvc.IActionResult] MatchEmbedding(FaceMatchRequest) on controller backend.Controllers.FaceAttendanceController (backend).
2026-03-20 16:48:50.192 [INF] backend.Controllers.FaceAttendanceController | Face recognition tables verified/created.
2026-03-20 16:48:50.192 [INF] backend.Controllers.FaceAttendanceController | Matching face embedding...
2026-03-20 16:48:50.203 [INF] backend.Controllers.FaceAttendanceController | Match found: VASANTHAKUMAR B (Emp1235) Conf: 97.78%
2026-03-20 16:48:50.204 [INF] Microsoft.AspNetCore.Mvc.Infrastructure.ObjectResultExecutor | Executing OkObjectResult, writing value of type '<>f__AnonymousType100`6[[System.String, System.Private.CoreLib, Version=10.0.0.0, Culture=neutral, PublicKeyToken=7cec85d7bea7798e],[System.String, System.Private.CoreLib, Version=10.0.0.0, Culture=neutral, PublicKeyToken=7cec85d7bea7798e],[System.String, System.Private.CoreLib, Version=10.0.0.0, Culture=neutral, PublicKeyToken=7cec85d7bea7798e],[System.String, System.Private.CoreLib, Version=10.0.0.0, Culture=neutral, PublicKeyToken=7cec85d7bea7798e],[System.String, System.Private.CoreLib, Version=10.0.0.0, Culture=neutral, PublicKeyToken=7cec85d7bea7798e],[System.Double, System.Private.CoreLib, Version=10.0.0.0, Culture=neutral, PublicKeyToken=7cec85d7bea7798e]]'.
2026-03-20 16:48:50.204 [INF] Microsoft.AspNetCore.Mvc.Infrastructure.ControllerActionInvoker | Executed action backend.Controllers.FaceAttendanceController.MatchEmbedding (backend) in 32.8511ms
2026-03-20 16:48:50.204 [INF] Microsoft.AspNetCore.Routing.EndpointMiddleware | Executed endpoint 'backend.Controllers.FaceAttendanceController.MatchEmbedding (backend)'
2026-03-20 16:48:50.204 [INF] Serilog.AspNetCore.RequestLoggingMiddleware | HTTP POST /api/FaceAttendance/match-embedding → 200 (33.1ms)
2026-03-20 16:48:50.204 [INF] Microsoft.AspNetCore.Hosting.Diagnostics | Request finished HTTP/1.1 POST http://localhost:5217/api/FaceAttendance/match-embedding - 200 null application/json; charset=utf-8 33.3656ms
2026-03-20 16:48:50.244 [INF] Microsoft.AspNetCore.Hosting.Diagnostics | Request starting HTTP/1.1 OPTIONS http://localhost:5217/api/FaceAttendance/mark - null null
2026-03-20 16:48:50.245 [INF] Microsoft.AspNetCore.Cors.Infrastructure.CorsService | CORS policy execution successful.
2026-03-20 16:48:50.245 [INF] Microsoft.AspNetCore.Hosting.Diagnostics | Request finished HTTP/1.1 OPTIONS http://localhost:5217/api/FaceAttendance/mark - 204 null null 0.2149ms
2026-03-20 16:48:50.246 [INF] Microsoft.AspNetCore.Hosting.Diagnostics | Request starting HTTP/1.1 POST http://localhost:5217/api/FaceAttendance/mark - application/json 61
2026-03-20 16:48:50.246 [INF] Microsoft.AspNetCore.Cors.Infrastructure.CorsService | CORS policy execution successful.
2026-03-20 16:48:50.246 [INF] Microsoft.AspNetCore.Routing.EndpointMiddleware | Executing endpoint 'backend.Controllers.FaceAttendanceController.MarkFaceAttendance (backend)'
2026-03-20 16:48:50.246 [INF] Microsoft.AspNetCore.Mvc.Infrastructure.ControllerActionInvoker | Route matched with {action = "MarkFaceAttendance", controller = "FaceAttendance"}. Executing controller action with signature System.Threading.Tasks.Task`1[Microsoft.AspNetCore.Mvc.IActionResult] MarkFaceAttendance(FaceAttendanceRequest) on controller backend.Controllers.FaceAttendanceController (backend).
2026-03-20 16:48:50.265 [INF] backend.Controllers.FaceAttendanceController | Face recognition tables verified/created.
2026-03-20 16:48:50.266 [INF] backend.Controllers.FaceAttendanceController | Marking attendance for Emp1235
2026-03-20 16:48:50.276 [INF] Microsoft.AspNetCore.Mvc.Infrastructure.ObjectResultExecutor | Executing OkObjectResult, writing value of type '<>f__AnonymousType45`2[[System.String, System.Private.CoreLib, Version=10.0.0.0, Culture=neutral, PublicKeyToken=7cec85d7bea7798e],[System.String, System.Private.CoreLib, Version=10.0.0.0, Culture=neutral, PublicKeyToken=7cec85d7bea7798e]]'.
2026-03-20 16:48:50.277 [INF] Microsoft.AspNetCore.Mvc.Infrastructure.ControllerActionInvoker | Executed action backend.Controllers.FaceAttendanceController.MarkFaceAttendance (backend) in 30.7732ms
2026-03-20 16:48:50.277 [INF] Microsoft.AspNetCore.Routing.EndpointMiddleware | Executed endpoint 'backend.Controllers.FaceAttendanceController.MarkFaceAttendance (backend)'
2026-03-20 16:48:50.277 [INF] Serilog.AspNetCore.RequestLoggingMiddleware | HTTP POST /api/FaceAttendance/mark → 200 (31.0ms)
2026-03-20 16:48:50.277 [INF] Microsoft.AspNetCore.Hosting.Diagnostics | Request finished HTTP/1.1 POST http://localhost:5217/api/FaceAttendance/mark - 200 null application/json; charset=utf-8 31.2443ms
2026-03-20 16:49:28.768 [INF] Microsoft.AspNetCore.Hosting.Diagnostics | Request starting HTTP/1.1 OPTIONS http://localhost:5217/api/FaceAttendance/match-embedding - null null
2026-03-20 16:49:28.768 [INF] Microsoft.AspNetCore.Cors.Infrastructure.CorsService | CORS policy execution successful.
2026-03-20 16:49:28.768 [INF] Microsoft.AspNetCore.Hosting.Diagnostics | Request finished HTTP/1.1 OPTIONS http://localhost:5217/api/FaceAttendance/match-embedding - 204 null null 0.2478ms
2026-03-20 16:49:28.770 [INF] Microsoft.AspNetCore.Hosting.Diagnostics | Request starting HTTP/1.1 POST http://localhost:5217/api/FaceAttendance/match-embedding - application/json 2619
2026-03-20 16:49:28.770 [INF] Microsoft.AspNetCore.Cors.Infrastructure.CorsService | CORS policy execution successful.
2026-03-20 16:49:28.770 [INF] Microsoft.AspNetCore.Routing.EndpointMiddleware | Executing endpoint 'backend.Controllers.FaceAttendanceController.MatchEmbedding (backend)'
2026-03-20 16:49:28.770 [INF] Microsoft.AspNetCore.Mvc.Infrastructure.ControllerActionInvoker | Route matched with {action = "MatchEmbedding", controller = "FaceAttendance"}. Executing controller action with signature System.Threading.Tasks.Task`1[Microsoft.AspNetCore.Mvc.IActionResult] MatchEmbedding(FaceMatchRequest) on controller backend.Controllers.FaceAttendanceController (backend).
2026-03-20 16:49:28.790 [INF] backend.Controllers.FaceAttendanceController | Face recognition tables verified/created.
2026-03-20 16:49:28.791 [INF] backend.Controllers.FaceAttendanceController | Matching face embedding...
2026-03-20 16:49:28.801 [INF] backend.Controllers.FaceAttendanceController | Match found: VASANTHAKUMAR B (Emp1235) Conf: 95.82%
2026-03-20 16:49:28.801 [INF] Microsoft.AspNetCore.Mvc.Infrastructure.ObjectResultExecutor | Executing OkObjectResult, writing value of type '<>f__AnonymousType100`6[[System.String, System.Private.CoreLib, Version=10.0.0.0, Culture=neutral, PublicKeyToken=7cec85d7bea7798e],[System.String, System.Private.CoreLib, Version=10.0.0.0, Culture=neutral, PublicKeyToken=7cec85d7bea7798e],[System.String, System.Private.CoreLib, Version=10.0.0.0, Culture=neutral, PublicKeyToken=7cec85d7bea7798e],[System.String, System.Private.CoreLib, Version=10.0.0.0, Culture=neutral, PublicKeyToken=7cec85d7bea7798e],[System.String, System.Private.CoreLib, Version=10.0.0.0, Culture=neutral, PublicKeyToken=7cec85d7bea7798e],[System.Double, System.Private.CoreLib, Version=10.0.0.0, Culture=neutral, PublicKeyToken=7cec85d7bea7798e]]'.
2026-03-20 16:49:28.802 [INF] Microsoft.AspNetCore.Mvc.Infrastructure.ControllerActionInvoker | Executed action backend.Controllers.FaceAttendanceController.MatchEmbedding (backend) in 31.3036ms
2026-03-20 16:49:28.802 [INF] Microsoft.AspNetCore.Routing.EndpointMiddleware | Executed endpoint 'backend.Controllers.FaceAttendanceController.MatchEmbedding (backend)'
2026-03-20 16:49:28.802 [INF] Serilog.AspNetCore.RequestLoggingMiddleware | HTTP POST /api/FaceAttendance/match-embedding → 200 (31.5ms)
2026-03-20 16:49:28.802 [INF] Microsoft.AspNetCore.Hosting.Diagnostics | Request finished HTTP/1.1 POST http://localhost:5217/api/FaceAttendance/match-embedding - 200 null application/json; charset=utf-8 31.879ms
2026-03-20 16:49:28.845 [INF] Microsoft.AspNetCore.Hosting.Diagnostics | Request starting HTTP/1.1 OPTIONS http://localhost:5217/api/FaceAttendance/mark - null null
2026-03-20 16:49:28.845 [INF] Microsoft.AspNetCore.Cors.Infrastructure.CorsService | CORS policy execution successful.
2026-03-20 16:49:28.845 [INF] Microsoft.AspNetCore.Hosting.Diagnostics | Request finished HTTP/1.1 OPTIONS http://localhost:5217/api/FaceAttendance/mark - 204 null null 0.2982ms
2026-03-20 16:49:28.847 [INF] Microsoft.AspNetCore.Hosting.Diagnostics | Request starting HTTP/1.1 POST http://localhost:5217/api/FaceAttendance/mark - application/json 61
2026-03-20 16:49:28.847 [INF] Microsoft.AspNetCore.Cors.Infrastructure.CorsService | CORS policy execution successful.
2026-03-20 16:49:28.848 [INF] Microsoft.AspNetCore.Routing.EndpointMiddleware | Executing endpoint 'backend.Controllers.FaceAttendanceController.MarkFaceAttendance (backend)'
2026-03-20 16:49:28.848 [INF] Microsoft.AspNetCore.Mvc.Infrastructure.ControllerActionInvoker | Route matched with {action = "MarkFaceAttendance", controller = "FaceAttendance"}. Executing controller action with signature System.Threading.Tasks.Task`1[Microsoft.AspNetCore.Mvc.IActionResult] MarkFaceAttendance(FaceAttendanceRequest) on controller backend.Controllers.FaceAttendanceController (backend).
2026-03-20 16:49:28.870 [INF] backend.Controllers.FaceAttendanceController | Face recognition tables verified/created.
2026-03-20 16:49:28.870 [INF] backend.Controllers.FaceAttendanceController | Marking attendance for Emp1235
2026-03-20 16:49:28.882 [INF] Microsoft.AspNetCore.Mvc.Infrastructure.ObjectResultExecutor | Executing OkObjectResult, writing value of type '<>f__AnonymousType45`2[[System.String, System.Private.CoreLib, Version=10.0.0.0, Culture=neutral, PublicKeyToken=7cec85d7bea7798e],[System.String, System.Private.CoreLib, Version=10.0.0.0, Culture=neutral, PublicKeyToken=7cec85d7bea7798e]]'.
2026-03-20 16:49:28.882 [INF] Microsoft.AspNetCore.Mvc.Infrastructure.ControllerActionInvoker | Executed action backend.Controllers.FaceAttendanceController.MarkFaceAttendance (backend) in 34.1751ms
2026-03-20 16:49:28.882 [INF] Microsoft.AspNetCore.Routing.EndpointMiddleware | Executed endpoint 'backend.Controllers.FaceAttendanceController.MarkFaceAttendance (backend)'
2026-03-20 16:49:28.882 [INF] Serilog.AspNetCore.RequestLoggingMiddleware | HTTP POST /api/FaceAttendance/mark → 200 (34.4ms)
2026-03-20 16:49:28.882 [INF] Microsoft.AspNetCore.Hosting.Diagnostics | Request finished HTTP/1.1 POST http://localhost:5217/api/FaceAttendance/mark - 200 null application/json; charset=utf-8 34.7134ms
2026-03-20 16:51:31.690 [INF] Microsoft.AspNetCore.Hosting.Diagnostics | Request starting HTTP/1.1 OPTIONS http://localhost:5217/api/FaceAttendance/match-embedding - null null
2026-03-20 16:51:31.690 [INF] Microsoft.AspNetCore.Cors.Infrastructure.CorsService | CORS policy execution successful.
2026-03-20 16:51:31.690 [INF] Microsoft.AspNetCore.Hosting.Diagnostics | Request finished HTTP/1.1 OPTIONS http://localhost:5217/api/FaceAttendance/match-embedding - 204 null null 0.2839ms
2026-03-20 16:51:31.691 [INF] Microsoft.AspNetCore.Hosting.Diagnostics | Request starting HTTP/1.1 POST http://localhost:5217/api/FaceAttendance/match-embedding - application/json 2617
2026-03-20 16:51:31.697 [INF] Microsoft.AspNetCore.Cors.Infrastructure.CorsService | CORS policy execution successful.
2026-03-20 16:51:31.697 [INF] Microsoft.AspNetCore.Routing.EndpointMiddleware | Executing endpoint 'backend.Controllers.FaceAttendanceController.MatchEmbedding (backend)'
2026-03-20 16:51:31.705 [INF] Microsoft.AspNetCore.Mvc.Infrastructure.ControllerActionInvoker | Route matched with {action = "MatchEmbedding", controller = "FaceAttendance"}. Executing controller action with signature System.Threading.Tasks.Task`1[Microsoft.AspNetCore.Mvc.IActionResult] MatchEmbedding(FaceMatchRequest) on controller backend.Controllers.FaceAttendanceController (backend).
2026-03-20 16:51:31.737 [INF] backend.Controllers.FaceAttendanceController | Face recognition tables verified/created.
2026-03-20 16:51:31.744 [INF] backend.Controllers.FaceAttendanceController | Matching face embedding...
2026-03-20 16:51:31.766 [INF] backend.Controllers.FaceAttendanceController | Match found: VASANTHAKUMAR B (Emp1235) Conf: 95.2%
2026-03-20 16:51:31.767 [INF] Microsoft.AspNetCore.Mvc.Infrastructure.ObjectResultExecutor | Executing OkObjectResult, writing value of type '<>f__AnonymousType100`6[[System.String, System.Private.CoreLib, Version=10.0.0.0, Culture=neutral, PublicKeyToken=7cec85d7bea7798e],[System.String, System.Private.CoreLib, Version=10.0.0.0, Culture=neutral, PublicKeyToken=7cec85d7bea7798e],[System.String, System.Private.CoreLib, Version=10.0.0.0, Culture=neutral, PublicKeyToken=7cec85d7bea7798e],[System.String, System.Private.CoreLib, Version=10.0.0.0, Culture=neutral, PublicKeyToken=7cec85d7bea7798e],[System.String, System.Private.CoreLib, Version=10.0.0.0, Culture=neutral, PublicKeyToken=7cec85d7bea7798e],[System.Double, System.Private.CoreLib, Version=10.0.0.0, Culture=neutral, PublicKeyToken=7cec85d7bea7798e]]'.
2026-03-20 16:51:31.768 [INF] Microsoft.AspNetCore.Mvc.Infrastructure.ControllerActionInvoker | Executed action backend.Controllers.FaceAttendanceController.MatchEmbedding (backend) in 62.5212ms
2026-03-20 16:51:31.768 [INF] Microsoft.AspNetCore.Routing.EndpointMiddleware | Executed endpoint 'backend.Controllers.FaceAttendanceController.MatchEmbedding (backend)'
2026-03-20 16:51:31.768 [INF] Serilog.AspNetCore.RequestLoggingMiddleware | HTTP POST /api/FaceAttendance/match-embedding → 200 (71.0ms)
2026-03-20 16:51:31.768 [INF] Microsoft.AspNetCore.Hosting.Diagnostics | Request finished HTTP/1.1 POST http://localhost:5217/api/FaceAttendance/match-embedding - 200 null application/json; charset=utf-8 77.0639ms
2026-03-20 16:51:31.818 [INF] Microsoft.AspNetCore.Hosting.Diagnostics | Request starting HTTP/1.1 OPTIONS http://localhost:5217/api/FaceAttendance/mark - null null
2026-03-20 16:51:31.819 [INF] Microsoft.AspNetCore.Cors.Infrastructure.CorsService | CORS policy execution successful.
2026-03-20 16:51:31.819 [INF] Microsoft.AspNetCore.Hosting.Diagnostics | Request finished HTTP/1.1 OPTIONS http://localhost:5217/api/FaceAttendance/mark - 204 null null 0.373ms
2026-03-20 16:51:31.820 [INF] Microsoft.AspNetCore.Hosting.Diagnostics | Request starting HTTP/1.1 POST http://localhost:5217/api/FaceAttendance/mark - application/json 61
2026-03-20 16:51:31.820 [INF] Microsoft.AspNetCore.Cors.Infrastructure.CorsService | CORS policy execution successful.
2026-03-20 16:51:31.820 [INF] Microsoft.AspNetCore.Routing.EndpointMiddleware | Executing endpoint 'backend.Controllers.FaceAttendanceController.MarkFaceAttendance (backend)'
2026-03-20 16:51:31.830 [INF] Microsoft.AspNetCore.Mvc.Infrastructure.ControllerActionInvoker | Route matched with {action = "MarkFaceAttendance", controller = "FaceAttendance"}. Executing controller action with signature System.Threading.Tasks.Task`1[Microsoft.AspNetCore.Mvc.IActionResult] MarkFaceAttendance(FaceAttendanceRequest) on controller backend.Controllers.FaceAttendanceController (backend).
2026-03-20 16:51:31.855 [INF] backend.Controllers.FaceAttendanceController | Face recognition tables verified/created.
2026-03-20 16:51:31.857 [INF] backend.Controllers.FaceAttendanceController | Marking attendance for Emp1235
2026-03-20 16:51:31.876 [INF] Microsoft.AspNetCore.Mvc.Infrastructure.ObjectResultExecutor | Executing OkObjectResult, writing value of type '<>f__AnonymousType45`2[[System.String, System.Private.CoreLib, Version=10.0.0.0, Culture=neutral, PublicKeyToken=7cec85d7bea7798e],[System.String, System.Private.CoreLib, Version=10.0.0.0, Culture=neutral, PublicKeyToken=7cec85d7bea7798e]]'.
2026-03-20 16:51:31.877 [INF] Microsoft.AspNetCore.Mvc.Infrastructure.ControllerActionInvoker | Executed action backend.Controllers.FaceAttendanceController.MarkFaceAttendance (backend) in 47.0028ms
2026-03-20 16:51:31.877 [INF] Microsoft.AspNetCore.Routing.EndpointMiddleware | Executed endpoint 'backend.Controllers.FaceAttendanceController.MarkFaceAttendance (backend)'
2026-03-20 16:51:31.877 [INF] Serilog.AspNetCore.RequestLoggingMiddleware | HTTP POST /api/FaceAttendance/mark → 200 (56.5ms)
2026-03-20 16:51:31.877 [INF] Microsoft.AspNetCore.Hosting.Diagnostics | Request finished HTTP/1.1 POST http://localhost:5217/api/FaceAttendance/mark - 200 null application/json; charset=utf-8 56.8429ms
2026-03-20 16:52:20.513 [INF] Microsoft.AspNetCore.Hosting.Diagnostics | Request starting HTTP/1.1 OPTIONS http://localhost:5217/api/FaceAttendance/match-embedding - null null
2026-03-20 16:52:20.513 [INF] Microsoft.AspNetCore.Cors.Infrastructure.CorsService | CORS policy execution successful.
2026-03-20 16:52:20.514 [INF] Microsoft.AspNetCore.Hosting.Diagnostics | Request finished HTTP/1.1 OPTIONS http://localhost:5217/api/FaceAttendance/match-embedding - 204 null null 0.3907ms
2026-03-20 16:52:20.515 [INF] Microsoft.AspNetCore.Hosting.Diagnostics | Request starting HTTP/1.1 POST http://localhost:5217/api/FaceAttendance/match-embedding - application/json 2605
2026-03-20 16:52:20.521 [INF] Microsoft.AspNetCore.Cors.Infrastructure.CorsService | CORS policy execution successful.
2026-03-20 16:52:20.521 [INF] Microsoft.AspNetCore.Routing.EndpointMiddleware | Executing endpoint 'backend.Controllers.FaceAttendanceController.MatchEmbedding (backend)'
2026-03-20 16:52:20.530 [INF] Microsoft.AspNetCore.Mvc.Infrastructure.ControllerActionInvoker | Route matched with {action = "MatchEmbedding", controller = "FaceAttendance"}. Executing controller action with signature System.Threading.Tasks.Task`1[Microsoft.AspNetCore.Mvc.IActionResult] MatchEmbedding(FaceMatchRequest) on controller backend.Controllers.FaceAttendanceController (backend).
2026-03-20 16:52:20.551 [INF] backend.Controllers.FaceAttendanceController | Face recognition tables verified/created.
2026-03-20 16:52:20.563 [INF] backend.Controllers.FaceAttendanceController | Matching face embedding...
2026-03-20 16:52:20.573 [WRN] backend.Controllers.FaceAttendanceController | No match found above threshold 1. Best was 0.8482
2026-03-20 16:52:20.575 [INF] Microsoft.AspNetCore.Mvc.Infrastructure.ObjectResultExecutor | Executing OkObjectResult, writing value of type '<>f__AnonymousType45`2[[System.String, System.Private.CoreLib, Version=10.0.0.0, Culture=neutral, PublicKeyToken=7cec85d7bea7798e],[System.String, System.Private.CoreLib, Version=10.0.0.0, Culture=neutral, PublicKeyToken=7cec85d7bea7798e]]'.
2026-03-20 16:52:20.576 [INF] Microsoft.AspNetCore.Mvc.Infrastructure.ControllerActionInvoker | Executed action backend.Controllers.FaceAttendanceController.MatchEmbedding (backend) in 45.6805ms
2026-03-20 16:52:20.576 [INF] Microsoft.AspNetCore.Routing.EndpointMiddleware | Executed endpoint 'backend.Controllers.FaceAttendanceController.MatchEmbedding (backend)'
2026-03-20 16:52:20.576 [INF] Serilog.AspNetCore.RequestLoggingMiddleware | HTTP POST /api/FaceAttendance/match-embedding → 200 (54.9ms)
2026-03-20 16:52:20.576 [INF] Microsoft.AspNetCore.Hosting.Diagnostics | Request finished HTTP/1.1 POST http://localhost:5217/api/FaceAttendance/match-embedding - 200 null application/json; charset=utf-8 61.2586ms
2026-03-20 16:52:28.568 [INF] Microsoft.AspNetCore.Hosting.Diagnostics | Request starting HTTP/1.1 OPTIONS http://localhost:5217/api/FaceAttendance/match-embedding - null null
2026-03-20 16:52:28.568 [INF] Microsoft.AspNetCore.Cors.Infrastructure.CorsService | CORS policy execution successful.
2026-03-20 16:52:28.568 [INF] Microsoft.AspNetCore.Hosting.Diagnostics | Request finished HTTP/1.1 OPTIONS http://localhost:5217/api/FaceAttendance/match-embedding - 204 null null 0.4344ms
2026-03-20 16:52:28.570 [INF] Microsoft.AspNetCore.Hosting.Diagnostics | Request starting HTTP/1.1 POST http://localhost:5217/api/FaceAttendance/match-embedding - application/json 2608
2026-03-20 16:52:28.570 [INF] Microsoft.AspNetCore.Cors.Infrastructure.CorsService | CORS policy execution successful.
2026-03-20 16:52:28.570 [INF] Microsoft.AspNetCore.Routing.EndpointMiddleware | Executing endpoint 'backend.Controllers.FaceAttendanceController.MatchEmbedding (backend)'
2026-03-20 16:52:28.570 [INF] Microsoft.AspNetCore.Mvc.Infrastructure.ControllerActionInvoker | Route matched with {action = "MatchEmbedding", controller = "FaceAttendance"}. Executing controller action with signature System.Threading.Tasks.Task`1[Microsoft.AspNetCore.Mvc.IActionResult] MatchEmbedding(FaceMatchRequest) on controller backend.Controllers.FaceAttendanceController (backend).
2026-03-20 16:52:28.595 [INF] backend.Controllers.FaceAttendanceController | Face recognition tables verified/created.
2026-03-20 16:52:28.596 [INF] backend.Controllers.FaceAttendanceController | Matching face embedding...
2026-03-20 16:52:28.606 [WRN] backend.Controllers.FaceAttendanceController | No match found above threshold 1. Best was 0.953
2026-03-20 16:52:28.606 [INF] Microsoft.AspNetCore.Mvc.Infrastructure.ObjectResultExecutor | Executing OkObjectResult, writing value of type '<>f__AnonymousType45`2[[System.String, System.Private.CoreLib, Version=10.0.0.0, Culture=neutral, PublicKeyToken=7cec85d7bea7798e],[System.String, System.Private.CoreLib, Version=10.0.0.0, Culture=neutral, PublicKeyToken=7cec85d7bea7798e]]'.
2026-03-20 16:52:28.607 [INF] Microsoft.AspNetCore.Mvc.Infrastructure.ControllerActionInvoker | Executed action backend.Controllers.FaceAttendanceController.MatchEmbedding (backend) in 36.4957ms
2026-03-20 16:52:28.607 [INF] Microsoft.AspNetCore.Routing.EndpointMiddleware | Executed endpoint 'backend.Controllers.FaceAttendanceController.MatchEmbedding (backend)'
2026-03-20 16:52:28.607 [INF] Serilog.AspNetCore.RequestLoggingMiddleware | HTTP POST /api/FaceAttendance/match-embedding → 200 (36.7ms)
2026-03-20 16:52:28.607 [INF] Microsoft.AspNetCore.Hosting.Diagnostics | Request finished HTTP/1.1 POST http://localhost:5217/api/FaceAttendance/match-embedding - 200 null application/json; charset=utf-8 36.993ms
2026-03-20 16:52:36.054 [INF] Microsoft.AspNetCore.Hosting.Diagnostics | Request starting HTTP/1.1 OPTIONS http://localhost:5217/api/FaceAttendance/match-embedding - null null
2026-03-20 16:52:36.054 [INF] Microsoft.AspNetCore.Cors.Infrastructure.CorsService | CORS policy execution successful.
2026-03-20 16:52:36.054 [INF] Microsoft.AspNetCore.Hosting.Diagnostics | Request finished HTTP/1.1 OPTIONS http://localhost:5217/api/FaceAttendance/match-embedding - 204 null null 0.3666ms
2026-03-20 16:52:36.056 [INF] Microsoft.AspNetCore.Hosting.Diagnostics | Request starting HTTP/1.1 POST http://localhost:5217/api/FaceAttendance/match-embedding - application/json 2604
2026-03-20 16:52:36.056 [INF] Microsoft.AspNetCore.Cors.Infrastructure.CorsService | CORS policy execution successful.
2026-03-20 16:52:36.056 [INF] Microsoft.AspNetCore.Routing.EndpointMiddleware | Executing endpoint 'backend.Controllers.FaceAttendanceController.MatchEmbedding (backend)'
2026-03-20 16:52:36.056 [INF] Microsoft.AspNetCore.Mvc.Infrastructure.ControllerActionInvoker | Route matched with {action = "MatchEmbedding", controller = "FaceAttendance"}. Executing controller action with signature System.Threading.Tasks.Task`1[Microsoft.AspNetCore.Mvc.IActionResult] MatchEmbedding(FaceMatchRequest) on controller backend.Controllers.FaceAttendanceController (backend).
2026-03-20 16:52:36.076 [INF] backend.Controllers.FaceAttendanceController | Face recognition tables verified/created.
2026-03-20 16:52:36.077 [INF] backend.Controllers.FaceAttendanceController | Matching face embedding...
2026-03-20 16:52:36.087 [WRN] backend.Controllers.FaceAttendanceController | No match found above threshold 1. Best was 0.8731
2026-03-20 16:52:36.088 [INF] Microsoft.AspNetCore.Mvc.Infrastructure.ObjectResultExecutor | Executing OkObjectResult, writing value of type '<>f__AnonymousType45`2[[System.String, System.Private.CoreLib, Version=10.0.0.0, Culture=neutral, PublicKeyToken=7cec85d7bea7798e],[System.String, System.Private.CoreLib, Version=10.0.0.0, Culture=neutral, PublicKeyToken=7cec85d7bea7798e]]'.
2026-03-20 16:52:36.088 [INF] Microsoft.AspNetCore.Mvc.Infrastructure.ControllerActionInvoker | Executed action backend.Controllers.FaceAttendanceController.MatchEmbedding (backend) in 32.0288ms
2026-03-20 16:52:36.088 [INF] Microsoft.AspNetCore.Routing.EndpointMiddleware | Executed endpoint 'backend.Controllers.FaceAttendanceController.MatchEmbedding (backend)'
2026-03-20 16:52:36.088 [INF] Serilog.AspNetCore.RequestLoggingMiddleware | HTTP POST /api/FaceAttendance/match-embedding → 200 (32.2ms)
2026-03-20 16:52:36.088 [INF] Microsoft.AspNetCore.Hosting.Diagnostics | Request finished HTTP/1.1 POST http://localhost:5217/api/FaceAttendance/match-embedding - 200 null application/json; charset=utf-8 32.6155ms
2026-03-20 16:52:45.989 [INF] Microsoft.AspNetCore.Hosting.Diagnostics | Request starting HTTP/1.1 OPTIONS http://localhost:5217/api/FaceAttendance/match-embedding - null null
2026-03-20 16:52:45.990 [INF] Microsoft.AspNetCore.Cors.Infrastructure.CorsService | CORS policy execution successful.
2026-03-20 16:52:45.990 [INF] Microsoft.AspNetCore.Hosting.Diagnostics | Request finished HTTP/1.1 OPTIONS http://localhost:5217/api/FaceAttendance/match-embedding - 204 null null 0.2145ms
2026-03-20 16:52:45.991 [INF] Microsoft.AspNetCore.Hosting.Diagnostics | Request starting HTTP/1.1 POST http://localhost:5217/api/FaceAttendance/match-embedding - application/json 2610
2026-03-20 16:52:45.991 [INF] Microsoft.AspNetCore.Cors.Infrastructure.CorsService | CORS policy execution successful.
2026-03-20 16:52:45.991 [INF] Microsoft.AspNetCore.Routing.EndpointMiddleware | Executing endpoint 'backend.Controllers.FaceAttendanceController.MatchEmbedding (backend)'
2026-03-20 16:52:45.991 [INF] Microsoft.AspNetCore.Mvc.Infrastructure.ControllerActionInvoker | Route matched with {action = "MatchEmbedding", controller = "FaceAttendance"}. Executing controller action with signature System.Threading.Tasks.Task`1[Microsoft.AspNetCore.Mvc.IActionResult] MatchEmbedding(FaceMatchRequest) on controller backend.Controllers.FaceAttendanceController (backend).
2026-03-20 16:52:46.013 [INF] backend.Controllers.FaceAttendanceController | Face recognition tables verified/created.
2026-03-20 16:52:46.013 [INF] backend.Controllers.FaceAttendanceController | Matching face embedding...
2026-03-20 16:52:46.023 [WRN] backend.Controllers.FaceAttendanceController | No match found above threshold 1. Best was 0.7787
2026-03-20 16:52:46.023 [INF] Microsoft.AspNetCore.Mvc.Infrastructure.ObjectResultExecutor | Executing OkObjectResult, writing value of type '<>f__AnonymousType45`2[[System.String, System.Private.CoreLib, Version=10.0.0.0, Culture=neutral, PublicKeyToken=7cec85d7bea7798e],[System.String, System.Private.CoreLib, Version=10.0.0.0, Culture=neutral, PublicKeyToken=7cec85d7bea7798e]]'.
2026-03-20 16:52:46.024 [INF] Microsoft.AspNetCore.Mvc.Infrastructure.ControllerActionInvoker | Executed action backend.Controllers.FaceAttendanceController.MatchEmbedding (backend) in 31.9986ms
2026-03-20 16:52:46.024 [INF] Microsoft.AspNetCore.Routing.EndpointMiddleware | Executed endpoint 'backend.Controllers.FaceAttendanceController.MatchEmbedding (backend)'
2026-03-20 16:52:46.024 [INF] Serilog.AspNetCore.RequestLoggingMiddleware | HTTP POST /api/FaceAttendance/match-embedding → 200 (32.2ms)
2026-03-20 16:52:46.024 [INF] Microsoft.AspNetCore.Hosting.Diagnostics | Request finished HTTP/1.1 POST http://localhost:5217/api/FaceAttendance/match-embedding - 200 null application/json; charset=utf-8 32.4995ms
2026-03-20 16:52:59.502 [INF] Microsoft.AspNetCore.Hosting.Diagnostics | Request starting HTTP/1.1 OPTIONS http://localhost:5217/api/FaceAttendance/match-embedding - null null
2026-03-20 16:52:59.502 [INF] Microsoft.AspNetCore.Cors.Infrastructure.CorsService | CORS policy execution successful.
2026-03-20 16:52:59.502 [INF] Microsoft.AspNetCore.Hosting.Diagnostics | Request finished HTTP/1.1 OPTIONS http://localhost:5217/api/FaceAttendance/match-embedding - 204 null null 0.2231ms
2026-03-20 16:52:59.503 [INF] Microsoft.AspNetCore.Hosting.Diagnostics | Request starting HTTP/1.1 POST http://localhost:5217/api/FaceAttendance/match-embedding - application/json 2611
2026-03-20 16:52:59.508 [INF] Microsoft.AspNetCore.Cors.Infrastructure.CorsService | CORS policy execution successful.
2026-03-20 16:52:59.508 [INF] Microsoft.AspNetCore.Routing.EndpointMiddleware | Executing endpoint 'backend.Controllers.FaceAttendanceController.MatchEmbedding (backend)'
2026-03-20 16:52:59.515 [INF] Microsoft.AspNetCore.Mvc.Infrastructure.ControllerActionInvoker | Route matched with {action = "MatchEmbedding", controller = "FaceAttendance"}. Executing controller action with signature System.Threading.Tasks.Task`1[Microsoft.AspNetCore.Mvc.IActionResult] MatchEmbedding(FaceMatchRequest) on controller backend.Controllers.FaceAttendanceController (backend).
2026-03-20 16:52:59.535 [INF] backend.Controllers.FaceAttendanceController | Face recognition tables verified/created.
2026-03-20 16:52:59.541 [INF] backend.Controllers.FaceAttendanceController | Matching face embedding...
2026-03-20 16:52:59.551 [WRN] backend.Controllers.FaceAttendanceController | No match found above threshold 0.99. Best was 0.9672
2026-03-20 16:52:59.551 [INF] Microsoft.AspNetCore.Mvc.Infrastructure.ObjectResultExecutor | Executing OkObjectResult, writing value of type '<>f__AnonymousType45`2[[System.String, System.Private.CoreLib, Version=10.0.0.0, Culture=neutral, PublicKeyToken=7cec85d7bea7798e],[System.String, System.Private.CoreLib, Version=10.0.0.0, Culture=neutral, PublicKeyToken=7cec85d7bea7798e]]'.
2026-03-20 16:52:59.552 [INF] Microsoft.AspNetCore.Mvc.Infrastructure.ControllerActionInvoker | Executed action backend.Controllers.FaceAttendanceController.MatchEmbedding (backend) in 36.5835ms
2026-03-20 16:52:59.552 [INF] Microsoft.AspNetCore.Routing.EndpointMiddleware | Executed endpoint 'backend.Controllers.FaceAttendanceController.MatchEmbedding (backend)'
2026-03-20 16:52:59.552 [INF] Serilog.AspNetCore.RequestLoggingMiddleware | HTTP POST /api/FaceAttendance/match-embedding → 200 (44.1ms)
2026-03-20 16:52:59.552 [INF] Microsoft.AspNetCore.Hosting.Diagnostics | Request finished HTTP/1.1 POST http://localhost:5217/api/FaceAttendance/match-embedding - 200 null application/json; charset=utf-8 49.1062ms
2026-03-20 16:53:10.299 [INF] Microsoft.AspNetCore.Hosting.Diagnostics | Request starting HTTP/1.1 OPTIONS http://localhost:5217/api/FaceAttendance/match-embedding - null null
2026-03-20 16:53:10.299 [INF] Microsoft.AspNetCore.Cors.Infrastructure.CorsService | CORS policy execution successful.
2026-03-20 16:53:10.299 [INF] Microsoft.AspNetCore.Hosting.Diagnostics | Request finished HTTP/1.1 OPTIONS http://localhost:5217/api/FaceAttendance/match-embedding - 204 null null 0.2063ms
2026-03-20 16:53:10.301 [INF] Microsoft.AspNetCore.Hosting.Diagnostics | Request starting HTTP/1.1 POST http://localhost:5217/api/FaceAttendance/match-embedding - application/json 2608
2026-03-20 16:53:10.306 [INF] Microsoft.AspNetCore.Cors.Infrastructure.CorsService | CORS policy execution successful.
2026-03-20 16:53:10.306 [INF] Microsoft.AspNetCore.Routing.EndpointMiddleware | Executing endpoint 'backend.Controllers.FaceAttendanceController.MatchEmbedding (backend)'
2026-03-20 16:53:10.314 [INF] Microsoft.AspNetCore.Mvc.Infrastructure.ControllerActionInvoker | Route matched with {action = "MatchEmbedding", controller = "FaceAttendance"}. Executing controller action with signature System.Threading.Tasks.Task`1[Microsoft.AspNetCore.Mvc.IActionResult] MatchEmbedding(FaceMatchRequest) on controller backend.Controllers.FaceAttendanceController (backend).
2026-03-20 16:53:10.334 [INF] backend.Controllers.FaceAttendanceController | Face recognition tables verified/created.
2026-03-20 16:53:10.340 [INF] backend.Controllers.FaceAttendanceController | Matching face embedding...
2026-03-20 16:53:10.350 [INF] backend.Controllers.FaceAttendanceController | Match found: VASANTHAKUMAR B (Emp1235) Conf: 96.79%
2026-03-20 16:53:10.351 [INF] Microsoft.AspNetCore.Mvc.Infrastructure.ObjectResultExecutor | Executing OkObjectResult, writing value of type '<>f__AnonymousType100`6[[System.String, System.Private.CoreLib, Version=10.0.0.0, Culture=neutral, PublicKeyToken=7cec85d7bea7798e],[System.String, System.Private.CoreLib, Version=10.0.0.0, Culture=neutral, PublicKeyToken=7cec85d7bea7798e],[System.String, System.Private.CoreLib, Version=10.0.0.0, Culture=neutral, PublicKeyToken=7cec85d7bea7798e],[System.String, System.Private.CoreLib, Version=10.0.0.0, Culture=neutral, PublicKeyToken=7cec85d7bea7798e],[System.String, System.Private.CoreLib, Version=10.0.0.0, Culture=neutral, PublicKeyToken=7cec85d7bea7798e],[System.Double, System.Private.CoreLib, Version=10.0.0.0, Culture=neutral, PublicKeyToken=7cec85d7bea7798e]]'.
2026-03-20 16:53:10.353 [INF] Microsoft.AspNetCore.Mvc.Infrastructure.ControllerActionInvoker | Executed action backend.Controllers.FaceAttendanceController.MatchEmbedding (backend) in 38.9923ms
2026-03-20 16:53:10.353 [INF] Microsoft.AspNetCore.Routing.EndpointMiddleware | Executed endpoint 'backend.Controllers.FaceAttendanceController.MatchEmbedding (backend)'
2026-03-20 16:53:10.353 [INF] Serilog.AspNetCore.RequestLoggingMiddleware | HTTP POST /api/FaceAttendance/match-embedding → 200 (47.1ms)
2026-03-20 16:53:10.353 [INF] Microsoft.AspNetCore.Hosting.Diagnostics | Request finished HTTP/1.1 POST http://localhost:5217/api/FaceAttendance/match-embedding - 200 null application/json; charset=utf-8 52.0678ms
2026-03-20 16:53:10.405 [INF] Microsoft.AspNetCore.Hosting.Diagnostics | Request starting HTTP/1.1 OPTIONS http://localhost:5217/api/FaceAttendance/mark - null null
2026-03-20 16:53:10.405 [INF] Microsoft.AspNetCore.Cors.Infrastructure.CorsService | CORS policy execution successful.
2026-03-20 16:53:10.405 [INF] Microsoft.AspNetCore.Hosting.Diagnostics | Request finished HTTP/1.1 OPTIONS http://localhost:5217/api/FaceAttendance/mark - 204 null null 0.2585ms
2026-03-20 16:53:10.407 [INF] Microsoft.AspNetCore.Hosting.Diagnostics | Request starting HTTP/1.1 POST http://localhost:5217/api/FaceAttendance/mark - application/json 61
2026-03-20 16:53:10.407 [INF] Microsoft.AspNetCore.Cors.Infrastructure.CorsService | CORS policy execution successful.
2026-03-20 16:53:10.407 [INF] Microsoft.AspNetCore.Routing.EndpointMiddleware | Executing endpoint 'backend.Controllers.FaceAttendanceController.MarkFaceAttendance (backend)'
2026-03-20 16:53:10.415 [INF] Microsoft.AspNetCore.Mvc.Infrastructure.ControllerActionInvoker | Route matched with {action = "MarkFaceAttendance", controller = "FaceAttendance"}. Executing controller action with signature System.Threading.Tasks.Task`1[Microsoft.AspNetCore.Mvc.IActionResult] MarkFaceAttendance(FaceAttendanceRequest) on controller backend.Controllers.FaceAttendanceController (backend).
2026-03-20 16:53:10.436 [INF] backend.Controllers.FaceAttendanceController | Face recognition tables verified/created.
2026-03-20 16:53:10.438 [INF] backend.Controllers.FaceAttendanceController | Marking attendance for Emp1235
2026-03-20 16:53:10.448 [INF] Microsoft.AspNetCore.Mvc.Infrastructure.ObjectResultExecutor | Executing OkObjectResult, writing value of type '<>f__AnonymousType45`2[[System.String, System.Private.CoreLib, Version=10.0.0.0, Culture=neutral, PublicKeyToken=7cec85d7bea7798e],[System.String, System.Private.CoreLib, Version=10.0.0.0, Culture=neutral, PublicKeyToken=7cec85d7bea7798e]]'.
2026-03-20 16:53:10.449 [INF] Microsoft.AspNetCore.Mvc.Infrastructure.ControllerActionInvoker | Executed action backend.Controllers.FaceAttendanceController.MarkFaceAttendance (backend) in 33.0446ms
2026-03-20 16:53:10.449 [INF] Microsoft.AspNetCore.Routing.EndpointMiddleware | Executed endpoint 'backend.Controllers.FaceAttendanceController.MarkFaceAttendance (backend)'
2026-03-20 16:53:10.449 [INF] Serilog.AspNetCore.RequestLoggingMiddleware | HTTP POST /api/FaceAttendance/mark → 200 (41.7ms)
2026-03-20 16:53:10.449 [INF] Microsoft.AspNetCore.Hosting.Diagnostics | Request finished HTTP/1.1 POST http://localhost:5217/api/FaceAttendance/mark - 200 null application/json; charset=utf-8 41.9911ms
2026-03-20 16:53:24.620 [INF] Microsoft.AspNetCore.Hosting.Diagnostics | Request starting HTTP/1.1 OPTIONS http://localhost:5217/api/organizations - null null
2026-03-20 16:53:24.620 [INF] Microsoft.AspNetCore.Cors.Infrastructure.CorsService | CORS policy execution successful.
2026-03-20 16:53:24.620 [INF] Microsoft.AspNetCore.Hosting.Diagnostics | Request finished HTTP/1.1 OPTIONS http://localhost:5217/api/organizations - 204 null null 0.338ms
2026-03-20 16:53:24.622 [INF] Microsoft.AspNetCore.Hosting.Diagnostics | Request starting HTTP/1.1 GET http://localhost:5217/api/organizations - application/json null
2026-03-20 16:53:24.622 [INF] Microsoft.AspNetCore.Cors.Infrastructure.CorsService | CORS policy execution successful.
2026-03-20 16:53:24.667 [INF] Microsoft.AspNetCore.Routing.EndpointMiddleware | Executing endpoint 'backend.Controllers.OrganizationsController.GetOrganizations (backend)'
2026-03-20 16:53:24.672 [INF] Microsoft.AspNetCore.Mvc.Infrastructure.ControllerActionInvoker | Route matched with {action = "GetOrganizations", controller = "Organizations"}. Executing controller action with signature System.Threading.Tasks.Task`1[Microsoft.AspNetCore.Mvc.IActionResult] GetOrganizations() on controller backend.Controllers.OrganizationsController (backend).
2026-03-20 16:53:24.674 [INF] backend.Controllers.OrganizationsController | [Orgs] GET all requested | Role=SuperAdmin | UserId=18
2026-03-20 16:53:24.687 [INF] Microsoft.AspNetCore.Mvc.Infrastructure.ObjectResultExecutor | Executing OkObjectResult, writing value of type 'System.Collections.Generic.List`1[[backend.Models.Organization, backend, Version=1.0.0.0, Culture=neutral, PublicKeyToken=null]]'.
2026-03-20 16:53:24.694 [INF] Microsoft.AspNetCore.Mvc.Infrastructure.ControllerActionInvoker | Executed action backend.Controllers.OrganizationsController.GetOrganizations (backend) in 21.8922ms
2026-03-20 16:53:24.694 [INF] Microsoft.AspNetCore.Routing.EndpointMiddleware | Executed endpoint 'backend.Controllers.OrganizationsController.GetOrganizations (backend)'
2026-03-20 16:53:24.694 [INF] Serilog.AspNetCore.RequestLoggingMiddleware | HTTP GET /api/organizations → 200 (26.3ms)
2026-03-20 16:53:24.694 [INF] Microsoft.AspNetCore.Hosting.Diagnostics | Request finished HTTP/1.1 GET http://localhost:5217/api/organizations - 200 null application/json; charset=utf-8 71.7998ms
2026-03-20 16:53:24.810 [INF] Microsoft.AspNetCore.Hosting.Diagnostics | Request starting HTTP/1.1 OPTIONS http://localhost:5217/api/leads - null null
2026-03-20 16:53:24.810 [INF] Microsoft.AspNetCore.Cors.Infrastructure.CorsService | CORS policy execution successful.
2026-03-20 16:53:24.810 [INF] Microsoft.AspNetCore.Hosting.Diagnostics | Request finished HTTP/1.1 OPTIONS http://localhost:5217/api/leads - 204 null null 0.2407ms
2026-03-20 16:53:24.812 [INF] Microsoft.AspNetCore.Hosting.Diagnostics | Request starting HTTP/1.1 GET http://localhost:5217/api/leads - application/json null
2026-03-20 16:53:24.812 [INF] Microsoft.AspNetCore.Cors.Infrastructure.CorsService | CORS policy execution successful.
2026-03-20 16:53:24.814 [INF] Microsoft.AspNetCore.Routing.EndpointMiddleware | Executing endpoint 'backend.Controllers.LeadsController.GetLeads (backend)'
2026-03-20 16:53:24.821 [INF] Microsoft.AspNetCore.Mvc.Infrastructure.ControllerActionInvoker | Route matched with {action = "GetLeads", controller = "Leads"}. Executing controller action with signature System.Threading.Tasks.Task`1[System.Collections.Generic.IEnumerable`1[backend.Models.Lead]] GetLeads() on controller backend.Controllers.LeadsController (backend).
2026-03-20 16:53:24.839 [INF] Microsoft.AspNetCore.Mvc.Infrastructure.ObjectResultExecutor | Executing ObjectResult, writing value of type 'System.Collections.Generic.List`1[[backend.Models.Lead, backend, Version=1.0.0.0, Culture=neutral, PublicKeyToken=null]]'.
2026-03-20 16:53:24.850 [INF] Microsoft.AspNetCore.Mvc.Infrastructure.ControllerActionInvoker | Executed action backend.Controllers.LeadsController.GetLeads (backend) in 29.3788ms
2026-03-20 16:53:24.850 [INF] Microsoft.AspNetCore.Routing.EndpointMiddleware | Executed endpoint 'backend.Controllers.LeadsController.GetLeads (backend)'
2026-03-20 16:53:24.850 [INF] Serilog.AspNetCore.RequestLoggingMiddleware | HTTP GET /api/leads → 200 (36.3ms)
2026-03-20 16:53:24.851 [INF] Microsoft.AspNetCore.Hosting.Diagnostics | Request finished HTTP/1.1 GET http://localhost:5217/api/leads - 200 null application/json; charset=utf-8 38.6016ms
2026-03-20 16:53:24.926 [INF] Microsoft.AspNetCore.Hosting.Diagnostics | Request starting HTTP/1.1 OPTIONS http://localhost:5217/api/employees?organizationId=2 - null null
2026-03-20 16:53:24.927 [INF] Microsoft.AspNetCore.Cors.Infrastructure.CorsService | CORS policy execution successful.
2026-03-20 16:53:24.927 [INF] Microsoft.AspNetCore.Hosting.Diagnostics | Request finished HTTP/1.1 OPTIONS http://localhost:5217/api/employees?organizationId=2 - 204 null null 0.334ms
2026-03-20 16:53:24.931 [INF] Microsoft.AspNetCore.Hosting.Diagnostics | Request starting HTTP/1.1 GET http://localhost:5217/api/employees?organizationId=2 - application/json null
2026-03-20 16:53:24.931 [INF] Microsoft.AspNetCore.Cors.Infrastructure.CorsService | CORS policy execution successful.
2026-03-20 16:53:24.933 [INF] Microsoft.AspNetCore.Routing.EndpointMiddleware | Executing endpoint 'backend.Controllers.EmployeesController.GetEmployees (backend)'
2026-03-20 16:53:24.940 [INF] Microsoft.AspNetCore.Mvc.Infrastructure.ControllerActionInvoker | Route matched with {action = "GetEmployees", controller = "Employees"}. Executing controller action with signature System.Threading.Tasks.Task`1[Microsoft.AspNetCore.Mvc.IActionResult] GetEmployees(System.Nullable`1[System.Int32]) on controller backend.Controllers.EmployeesController (backend).
2026-03-20 16:53:24.947 [INF] backend.Controllers.EmployeesController | [Employees] GET all | TargetOrgId=2 | UserOrgId=2
2026-03-20 16:53:24.966 [INF] Microsoft.AspNetCore.Mvc.Infrastructure.ObjectResultExecutor | Executing OkObjectResult, writing value of type 'System.Collections.Generic.List`1[[backend.Models.Employee, backend, Version=1.0.0.0, Culture=neutral, PublicKeyToken=null]]'.
2026-03-20 16:53:24.988 [INF] Microsoft.AspNetCore.Mvc.Infrastructure.ControllerActionInvoker | Executed action backend.Controllers.EmployeesController.GetEmployees (backend) in 48.5422ms
2026-03-20 16:53:24.988 [INF] Microsoft.AspNetCore.Routing.EndpointMiddleware | Executed endpoint 'backend.Controllers.EmployeesController.GetEmployees (backend)'
2026-03-20 16:53:24.988 [INF] Serilog.AspNetCore.RequestLoggingMiddleware | HTTP GET /api/employees → 200 (55.1ms)
2026-03-20 16:53:24.988 [INF] Microsoft.AspNetCore.Hosting.Diagnostics | Request finished HTTP/1.1 GET http://localhost:5217/api/employees?organizationId=2 - 200 null application/json; charset=utf-8 57.8721ms
2026-03-20 16:53:25.019 [INF] Microsoft.AspNetCore.Hosting.Diagnostics | Request starting HTTP/1.1 OPTIONS http://localhost:5217/api/ShiftAssignments/roster?start=2026-03-20&end=2026-03-27&orgId=2 - null null
2026-03-20 16:53:25.019 [INF] Microsoft.AspNetCore.Cors.Infrastructure.CorsService | CORS policy execution successful.
2026-03-20 16:53:25.019 [INF] Microsoft.AspNetCore.Hosting.Diagnostics | Request finished HTTP/1.1 OPTIONS http://localhost:5217/api/ShiftAssignments/roster?start=2026-03-20&end=2026-03-27&orgId=2 - 204 null null 0.2897ms
2026-03-20 16:53:25.021 [INF] Microsoft.AspNetCore.Hosting.Diagnostics | Request starting HTTP/1.1 GET http://localhost:5217/api/ShiftAssignments/roster?start=2026-03-20&end=2026-03-27&orgId=2 - application/json null
2026-03-20 16:53:25.022 [INF] Microsoft.AspNetCore.Cors.Infrastructure.CorsService | CORS policy execution successful.
2026-03-20 16:53:25.022 [INF] Microsoft.AspNetCore.Routing.EndpointMiddleware | Executing endpoint 'backend.Controllers.ShiftAssignmentsController.GetMonthlyRosterFixed (backend)'
2026-03-20 16:53:25.029 [INF] Microsoft.AspNetCore.Mvc.Infrastructure.ControllerActionInvoker | Route matched with {action = "GetMonthlyRosterFixed", controller = "ShiftAssignments"}. Executing controller action with signature System.Threading.Tasks.Task`1[Microsoft.AspNetCore.Mvc.IActionResult] GetMonthlyRosterFixed(System.String, System.String, System.Nullable`1[System.Int32]) on controller backend.Controllers.ShiftAssignmentsController (backend).
2026-03-20 16:53:25.053 [INF] Microsoft.AspNetCore.Mvc.Infrastructure.ObjectResultExecutor | Executing OkObjectResult, writing value of type 'System.Collections.Generic.List`1[[backend.Models.EmployeeSchedule, backend, Version=1.0.0.0, Culture=neutral, PublicKeyToken=null]]'.
2026-03-20 16:53:25.059 [INF] Microsoft.AspNetCore.Mvc.Infrastructure.ControllerActionInvoker | Executed action backend.Controllers.ShiftAssignmentsController.GetMonthlyRosterFixed (backend) in 29.971ms
2026-03-20 16:53:25.059 [INF] Microsoft.AspNetCore.Routing.EndpointMiddleware | Executed endpoint 'backend.Controllers.ShiftAssignmentsController.GetMonthlyRosterFixed (backend)'
2026-03-20 16:53:25.059 [INF] Serilog.AspNetCore.RequestLoggingMiddleware | HTTP GET /api/ShiftAssignments/roster → 200 (36.8ms)
2026-03-20 16:53:25.059 [INF] Microsoft.AspNetCore.Hosting.Diagnostics | Request finished HTTP/1.1 GET http://localhost:5217/api/ShiftAssignments/roster?start=2026-03-20&end=2026-03-27&orgId=2 - 200 null application/json; charset=utf-8 38.3545ms
2026-03-20 16:53:25.100 [INF] Microsoft.AspNetCore.Hosting.Diagnostics | Request starting HTTP/1.1 OPTIONS http://localhost:5217/api/Attendance/status?employeeId=31&orgId=2 - null null
2026-03-20 16:53:25.100 [INF] Microsoft.AspNetCore.Cors.Infrastructure.CorsService | CORS policy execution successful.
2026-03-20 16:53:25.100 [INF] Microsoft.AspNetCore.Hosting.Diagnostics | Request finished HTTP/1.1 OPTIONS http://localhost:5217/api/Attendance/status?employeeId=31&orgId=2 - 204 null null 0.1935ms
2026-03-20 16:53:25.101 [INF] Microsoft.AspNetCore.Hosting.Diagnostics | Request starting HTTP/1.1 GET http://localhost:5217/api/Attendance/status?employeeId=31&orgId=2 - application/json null
2026-03-20 16:53:25.102 [INF] Microsoft.AspNetCore.Cors.Infrastructure.CorsService | CORS policy execution successful.
2026-03-20 16:53:25.102 [INF] Microsoft.AspNetCore.Routing.EndpointMiddleware | Executing endpoint 'backend.Controllers.AttendanceController.GetTodayStatus (backend)'
2026-03-20 16:53:25.108 [INF] Microsoft.AspNetCore.Mvc.Infrastructure.ControllerActionInvoker | Route matched with {action = "GetTodayStatus", controller = "Attendance"}. Executing controller action with signature System.Threading.Tasks.Task`1[Microsoft.AspNetCore.Mvc.IActionResult] GetTodayStatus(Int32, System.Nullable`1[System.Int32]) on controller backend.Controllers.AttendanceController (backend).
2026-03-20 16:53:25.127 [INF] Microsoft.AspNetCore.Mvc.Infrastructure.ObjectResultExecutor | Executing OkObjectResult, writing value of type 'backend.Models.AttendanceStatusResponse'.
2026-03-20 16:53:25.129 [INF] Microsoft.AspNetCore.Mvc.Infrastructure.ControllerActionInvoker | Executed action backend.Controllers.AttendanceController.GetTodayStatus (backend) in 21.2716ms
2026-03-20 16:53:25.129 [INF] Microsoft.AspNetCore.Routing.EndpointMiddleware | Executed endpoint 'backend.Controllers.AttendanceController.GetTodayStatus (backend)'
2026-03-20 16:53:25.129 [INF] Serilog.AspNetCore.RequestLoggingMiddleware | HTTP GET /api/Attendance/status → 200 (26.9ms)
2026-03-20 16:53:25.129 [INF] Microsoft.AspNetCore.Hosting.Diagnostics | Request finished HTTP/1.1 GET http://localhost:5217/api/Attendance/status?employeeId=31&orgId=2 - 200 null application/json; charset=utf-8 28.0631ms
2026-03-20 16:53:27.958 [INF] Microsoft.AspNetCore.Hosting.Diagnostics | Request starting HTTP/1.1 GET http://localhost:5217/api/employees?organizationId=2 - application/json null
2026-03-20 16:53:27.958 [INF] Microsoft.AspNetCore.Cors.Infrastructure.CorsService | CORS policy execution successful.
2026-03-20 16:53:27.959 [INF] Microsoft.AspNetCore.Routing.EndpointMiddleware | Executing endpoint 'backend.Controllers.EmployeesController.GetEmployees (backend)'
2026-03-20 16:53:27.959 [INF] Microsoft.AspNetCore.Mvc.Infrastructure.ControllerActionInvoker | Route matched with {action = "GetEmployees", controller = "Employees"}. Executing controller action with signature System.Threading.Tasks.Task`1[Microsoft.AspNetCore.Mvc.IActionResult] GetEmployees(System.Nullable`1[System.Int32]) on controller backend.Controllers.EmployeesController (backend).
2026-03-20 16:53:27.959 [INF] backend.Controllers.EmployeesController | [Employees] GET all | TargetOrgId=2 | UserOrgId=2
2026-03-20 16:53:27.969 [INF] Microsoft.AspNetCore.Mvc.Infrastructure.ObjectResultExecutor | Executing OkObjectResult, writing value of type 'System.Collections.Generic.List`1[[backend.Models.Employee, backend, Version=1.0.0.0, Culture=neutral, PublicKeyToken=null]]'.
2026-03-20 16:53:27.970 [INF] Microsoft.AspNetCore.Mvc.Infrastructure.ControllerActionInvoker | Executed action backend.Controllers.EmployeesController.GetEmployees (backend) in 11.0647ms
2026-03-20 16:53:27.970 [INF] Microsoft.AspNetCore.Routing.EndpointMiddleware | Executed endpoint 'backend.Controllers.EmployeesController.GetEmployees (backend)'
2026-03-20 16:53:27.970 [INF] Serilog.AspNetCore.RequestLoggingMiddleware | HTTP GET /api/employees → 200 (11.3ms)
2026-03-20 16:53:27.970 [INF] Microsoft.AspNetCore.Hosting.Diagnostics | Request finished HTTP/1.1 GET http://localhost:5217/api/employees?organizationId=2 - 200 null application/json; charset=utf-8 11.9847ms
2026-03-20 16:53:33.491 [INF] Microsoft.AspNetCore.Hosting.Diagnostics | Request starting HTTP/1.1 OPTIONS http://localhost:5217/api/FaceAttendance/match-embedding - null null
2026-03-20 16:53:33.491 [INF] Microsoft.AspNetCore.Cors.Infrastructure.CorsService | CORS policy execution successful.
2026-03-20 16:53:33.491 [INF] Microsoft.AspNetCore.Hosting.Diagnostics | Request finished HTTP/1.1 OPTIONS http://localhost:5217/api/FaceAttendance/match-embedding - 204 null null 0.2659ms
2026-03-20 16:53:33.493 [INF] Microsoft.AspNetCore.Hosting.Diagnostics | Request starting HTTP/1.1 POST http://localhost:5217/api/FaceAttendance/match-embedding - application/json 2619
2026-03-20 16:53:33.493 [INF] Microsoft.AspNetCore.Cors.Infrastructure.CorsService | CORS policy execution successful.
2026-03-20 16:53:33.493 [INF] Microsoft.AspNetCore.Routing.EndpointMiddleware | Executing endpoint 'backend.Controllers.FaceAttendanceController.MatchEmbedding (backend)'
2026-03-20 16:53:33.493 [INF] Microsoft.AspNetCore.Mvc.Infrastructure.ControllerActionInvoker | Route matched with {action = "MatchEmbedding", controller = "FaceAttendance"}. Executing controller action with signature System.Threading.Tasks.Task`1[Microsoft.AspNetCore.Mvc.IActionResult] MatchEmbedding(FaceMatchRequest) on controller backend.Controllers.FaceAttendanceController (backend).
2026-03-20 16:53:33.520 [INF] backend.Controllers.FaceAttendanceController | Face recognition tables verified/created.
2026-03-20 16:53:33.521 [INF] backend.Controllers.FaceAttendanceController | Matching face embedding...
2026-03-20 16:53:33.533 [WRN] backend.Controllers.FaceAttendanceController | No match found above threshold 0.95. Best was 0.9336
2026-03-20 16:53:33.533 [INF] Microsoft.AspNetCore.Mvc.Infrastructure.ObjectResultExecutor | Executing OkObjectResult, writing value of type '<>f__AnonymousType45`2[[System.String, System.Private.CoreLib, Version=10.0.0.0, Culture=neutral, PublicKeyToken=7cec85d7bea7798e],[System.String, System.Private.CoreLib, Version=10.0.0.0, Culture=neutral, PublicKeyToken=7cec85d7bea7798e]]'.
2026-03-20 16:53:33.533 [INF] Microsoft.AspNetCore.Mvc.Infrastructure.ControllerActionInvoker | Executed action backend.Controllers.FaceAttendanceController.MatchEmbedding (backend) in 40.6597ms
2026-03-20 16:53:33.534 [INF] Microsoft.AspNetCore.Routing.EndpointMiddleware | Executed endpoint 'backend.Controllers.FaceAttendanceController.MatchEmbedding (backend)'
2026-03-20 16:53:33.534 [INF] Serilog.AspNetCore.RequestLoggingMiddleware | HTTP POST /api/FaceAttendance/match-embedding → 200 (40.8ms)
2026-03-20 16:53:33.534 [INF] Microsoft.AspNetCore.Hosting.Diagnostics | Request finished HTTP/1.1 POST http://localhost:5217/api/FaceAttendance/match-embedding - 200 null application/json; charset=utf-8 41.0846ms
2026-03-20 16:53:41.587 [INF] Microsoft.AspNetCore.Hosting.Diagnostics | Request starting HTTP/1.1 OPTIONS http://localhost:5217/api/FaceAttendance/match-embedding - null null
2026-03-20 16:53:41.587 [INF] Microsoft.AspNetCore.Cors.Infrastructure.CorsService | CORS policy execution successful.
2026-03-20 16:53:41.587 [INF] Microsoft.AspNetCore.Hosting.Diagnostics | Request finished HTTP/1.1 OPTIONS http://localhost:5217/api/FaceAttendance/match-embedding - 204 null null 0.4525ms
2026-03-20 16:53:41.588 [INF] Microsoft.AspNetCore.Hosting.Diagnostics | Request starting HTTP/1.1 POST http://localhost:5217/api/FaceAttendance/match-embedding - application/json 2607
2026-03-20 16:53:41.588 [INF] Microsoft.AspNetCore.Cors.Infrastructure.CorsService | CORS policy execution successful.
2026-03-20 16:53:41.589 [INF] Microsoft.AspNetCore.Routing.EndpointMiddleware | Executing endpoint 'backend.Controllers.FaceAttendanceController.MatchEmbedding (backend)'
2026-03-20 16:53:41.589 [INF] Microsoft.AspNetCore.Mvc.Infrastructure.ControllerActionInvoker | Route matched with {action = "MatchEmbedding", controller = "FaceAttendance"}. Executing controller action with signature System.Threading.Tasks.Task`1[Microsoft.AspNetCore.Mvc.IActionResult] MatchEmbedding(FaceMatchRequest) on controller backend.Controllers.FaceAttendanceController (backend).
2026-03-20 16:53:41.787 [INF] backend.Controllers.FaceAttendanceController | Face recognition tables verified/created.
2026-03-20 16:53:41.787 [INF] backend.Controllers.FaceAttendanceController | Matching face embedding...
2026-03-20 16:53:41.797 [WRN] backend.Controllers.FaceAttendanceController | No match found above threshold 0.95. Best was 0.9313
2026-03-20 16:53:41.798 [INF] Microsoft.AspNetCore.Mvc.Infrastructure.ObjectResultExecutor | Executing OkObjectResult, writing value of type '<>f__AnonymousType45`2[[System.String, System.Private.CoreLib, Version=10.0.0.0, Culture=neutral, PublicKeyToken=7cec85d7bea7798e],[System.String, System.Private.CoreLib, Version=10.0.0.0, Culture=neutral, PublicKeyToken=7cec85d7bea7798e]]'.
2026-03-20 16:53:41.798 [INF] Microsoft.AspNetCore.Mvc.Infrastructure.ControllerActionInvoker | Executed action backend.Controllers.FaceAttendanceController.MatchEmbedding (backend) in 208.9874ms
2026-03-20 16:53:41.798 [INF] Microsoft.AspNetCore.Routing.EndpointMiddleware | Executed endpoint 'backend.Controllers.FaceAttendanceController.MatchEmbedding (backend)'
2026-03-20 16:53:41.798 [INF] Serilog.AspNetCore.RequestLoggingMiddleware | HTTP POST /api/FaceAttendance/match-embedding → 200 (209.1ms)
2026-03-20 16:53:41.798 [INF] Microsoft.AspNetCore.Hosting.Diagnostics | Request finished HTTP/1.1 POST http://localhost:5217/api/FaceAttendance/match-embedding - 200 null application/json; charset=utf-8 209.4106ms
2026-03-20 16:53:48.944 [INF] Microsoft.AspNetCore.Hosting.Diagnostics | Request starting HTTP/1.1 OPTIONS http://localhost:5217/api/FaceAttendance/match-embedding - null null
2026-03-20 16:53:48.944 [INF] Microsoft.AspNetCore.Cors.Infrastructure.CorsService | CORS policy execution successful.
2026-03-20 16:53:48.945 [INF] Microsoft.AspNetCore.Hosting.Diagnostics | Request finished HTTP/1.1 OPTIONS http://localhost:5217/api/FaceAttendance/match-embedding - 204 null null 0.1966ms
2026-03-20 16:53:48.946 [INF] Microsoft.AspNetCore.Hosting.Diagnostics | Request starting HTTP/1.1 POST http://localhost:5217/api/FaceAttendance/match-embedding - application/json 2637
2026-03-20 16:53:48.946 [INF] Microsoft.AspNetCore.Cors.Infrastructure.CorsService | CORS policy execution successful.
2026-03-20 16:53:48.946 [INF] Microsoft.AspNetCore.Routing.EndpointMiddleware | Executing endpoint 'backend.Controllers.FaceAttendanceController.MatchEmbedding (backend)'
2026-03-20 16:53:48.946 [INF] Microsoft.AspNetCore.Mvc.Infrastructure.ControllerActionInvoker | Route matched with {action = "MatchEmbedding", controller = "FaceAttendance"}. Executing controller action with signature System.Threading.Tasks.Task`1[Microsoft.AspNetCore.Mvc.IActionResult] MatchEmbedding(FaceMatchRequest) on controller backend.Controllers.FaceAttendanceController (backend).
2026-03-20 16:53:48.983 [INF] backend.Controllers.FaceAttendanceController | Face recognition tables verified/created.
2026-03-20 16:53:48.983 [INF] backend.Controllers.FaceAttendanceController | Matching face embedding...
2026-03-20 16:53:48.993 [INF] backend.Controllers.FaceAttendanceController | Match found: VASANTHAKUMAR B (Emp1235) Conf: 95.53%
2026-03-20 16:53:48.993 [INF] Microsoft.AspNetCore.Mvc.Infrastructure.ObjectResultExecutor | Executing OkObjectResult, writing value of type '<>f__AnonymousType100`6[[System.String, System.Private.CoreLib, Version=10.0.0.0, Culture=neutral, PublicKeyToken=7cec85d7bea7798e],[System.String, System.Private.CoreLib, Version=10.0.0.0, Culture=neutral, PublicKeyToken=7cec85d7bea7798e],[System.String, System.Private.CoreLib, Version=10.0.0.0, Culture=neutral, PublicKeyToken=7cec85d7bea7798e],[System.String, System.Private.CoreLib, Version=10.0.0.0, Culture=neutral, PublicKeyToken=7cec85d7bea7798e],[System.String, System.Private.CoreLib, Version=10.0.0.0, Culture=neutral, PublicKeyToken=7cec85d7bea7798e],[System.Double, System.Private.CoreLib, Version=10.0.0.0, Culture=neutral, PublicKeyToken=7cec85d7bea7798e]]'.
2026-03-20 16:53:48.994 [INF] Microsoft.AspNetCore.Mvc.Infrastructure.ControllerActionInvoker | Executed action backend.Controllers.FaceAttendanceController.MatchEmbedding (backend) in 47.24ms
2026-03-20 16:53:48.994 [INF] Microsoft.AspNetCore.Routing.EndpointMiddleware | Executed endpoint 'backend.Controllers.FaceAttendanceController.MatchEmbedding (backend)'
2026-03-20 16:53:48.994 [INF] Serilog.AspNetCore.RequestLoggingMiddleware | HTTP POST /api/FaceAttendance/match-embedding → 200 (47.5ms)
2026-03-20 16:53:48.994 [INF] Microsoft.AspNetCore.Hosting.Diagnostics | Request finished HTTP/1.1 POST http://localhost:5217/api/FaceAttendance/match-embedding - 200 null application/json; charset=utf-8 48.0487ms
2026-03-20 16:53:49.026 [INF] Microsoft.AspNetCore.Hosting.Diagnostics | Request starting HTTP/1.1 OPTIONS http://localhost:5217/api/FaceAttendance/mark - null null
2026-03-20 16:53:49.026 [INF] Microsoft.AspNetCore.Cors.Infrastructure.CorsService | CORS policy execution successful.
2026-03-20 16:53:49.026 [INF] Microsoft.AspNetCore.Hosting.Diagnostics | Request finished HTTP/1.1 OPTIONS http://localhost:5217/api/FaceAttendance/mark - 204 null null 0.2647ms
2026-03-20 16:53:49.028 [INF] Microsoft.AspNetCore.Hosting.Diagnostics | Request starting HTTP/1.1 POST http://localhost:5217/api/FaceAttendance/mark - application/json 61
2026-03-20 16:53:49.028 [INF] Microsoft.AspNetCore.Cors.Infrastructure.CorsService | CORS policy execution successful.
2026-03-20 16:53:49.028 [INF] Microsoft.AspNetCore.Routing.EndpointMiddleware | Executing endpoint 'backend.Controllers.FaceAttendanceController.MarkFaceAttendance (backend)'
2026-03-20 16:53:49.028 [INF] Microsoft.AspNetCore.Mvc.Infrastructure.ControllerActionInvoker | Route matched with {action = "MarkFaceAttendance", controller = "FaceAttendance"}. Executing controller action with signature System.Threading.Tasks.Task`1[Microsoft.AspNetCore.Mvc.IActionResult] MarkFaceAttendance(FaceAttendanceRequest) on controller backend.Controllers.FaceAttendanceController (backend).
2026-03-20 16:53:49.062 [INF] backend.Controllers.FaceAttendanceController | Face recognition tables verified/created.
2026-03-20 16:53:49.063 [INF] backend.Controllers.FaceAttendanceController | Marking attendance for Emp1235
2026-03-20 16:53:49.077 [INF] Microsoft.AspNetCore.Mvc.Infrastructure.ObjectResultExecutor | Executing OkObjectResult, writing value of type '<>f__AnonymousType45`2[[System.String, System.Private.CoreLib, Version=10.0.0.0, Culture=neutral, PublicKeyToken=7cec85d7bea7798e],[System.String, System.Private.CoreLib, Version=10.0.0.0, Culture=neutral, PublicKeyToken=7cec85d7bea7798e]]'.
2026-03-20 16:53:49.077 [INF] Microsoft.AspNetCore.Mvc.Infrastructure.ControllerActionInvoker | Executed action backend.Controllers.FaceAttendanceController.MarkFaceAttendance (backend) in 48.9038ms
2026-03-20 16:53:49.077 [INF] Microsoft.AspNetCore.Routing.EndpointMiddleware | Executed endpoint 'backend.Controllers.FaceAttendanceController.MarkFaceAttendance (backend)'
2026-03-20 16:53:49.077 [INF] Serilog.AspNetCore.RequestLoggingMiddleware | HTTP POST /api/FaceAttendance/mark → 200 (49.0ms)
2026-03-20 16:53:49.077 [INF] Microsoft.AspNetCore.Hosting.Diagnostics | Request finished HTTP/1.1 POST http://localhost:5217/api/FaceAttendance/mark - 200 null application/json; charset=utf-8 49.2559ms
2026-03-20 16:54:39.048 [INF] Microsoft.AspNetCore.Hosting.Diagnostics | Request starting HTTP/1.1 OPTIONS http://localhost:5217/api/FaceAttendance/register-embedding - null null
2026-03-20 16:54:39.048 [INF] Microsoft.AspNetCore.Cors.Infrastructure.CorsService | CORS policy execution successful.
2026-03-20 16:54:39.048 [INF] Microsoft.AspNetCore.Hosting.Diagnostics | Request finished HTTP/1.1 OPTIONS http://localhost:5217/api/FaceAttendance/register-embedding - 204 null null 0.2349ms
2026-03-20 16:54:39.049 [INF] Microsoft.AspNetCore.Hosting.Diagnostics | Request starting HTTP/1.1 POST http://localhost:5217/api/FaceAttendance/register-embedding - application/json 2649
2026-03-20 16:54:39.049 [INF] Microsoft.AspNetCore.Cors.Infrastructure.CorsService | CORS policy execution successful.
2026-03-20 16:54:39.049 [INF] Microsoft.AspNetCore.Routing.EndpointMiddleware | Executing endpoint 'backend.Controllers.FaceAttendanceController.RegisterEmbedding (backend)'
2026-03-20 16:54:39.055 [INF] Microsoft.AspNetCore.Mvc.Infrastructure.ControllerActionInvoker | Route matched with {action = "RegisterEmbedding", controller = "FaceAttendance"}. Executing controller action with signature System.Threading.Tasks.Task`1[Microsoft.AspNetCore.Mvc.IActionResult] RegisterEmbedding(FaceEmbeddingRequest) on controller backend.Controllers.FaceAttendanceController (backend).
2026-03-20 16:54:39.076 [INF] backend.Controllers.FaceAttendanceController | Face recognition tables verified/created.
2026-03-20 16:54:39.084 [INF] backend.Controllers.FaceAttendanceController | Registering embedding for Emp202611
2026-03-20 16:54:39.100 [INF] Microsoft.AspNetCore.Mvc.Infrastructure.ObjectResultExecutor | Executing OkObjectResult, writing value of type '<>f__AnonymousType45`2[[System.String, System.Private.CoreLib, Version=10.0.0.0, Culture=neutral, PublicKeyToken=7cec85d7bea7798e],[System.String, System.Private.CoreLib, Version=10.0.0.0, Culture=neutral, PublicKeyToken=7cec85d7bea7798e]]'.
2026-03-20 16:54:39.100 [INF] Microsoft.AspNetCore.Mvc.Infrastructure.ControllerActionInvoker | Executed action backend.Controllers.FaceAttendanceController.RegisterEmbedding (backend) in 44.5913ms
2026-03-20 16:54:39.100 [INF] Microsoft.AspNetCore.Routing.EndpointMiddleware | Executed endpoint 'backend.Controllers.FaceAttendanceController.RegisterEmbedding (backend)'
2026-03-20 16:54:39.100 [INF] Serilog.AspNetCore.RequestLoggingMiddleware | HTTP POST /api/FaceAttendance/register-embedding → 200 (50.7ms)
2026-03-20 16:54:39.100 [INF] Microsoft.AspNetCore.Hosting.Diagnostics | Request finished HTTP/1.1 POST http://localhost:5217/api/FaceAttendance/register-embedding - 200 null application/json; charset=utf-8 51.1022ms
2026-03-20 16:55:03.177 [INF] Microsoft.AspNetCore.Hosting.Diagnostics | Request starting HTTP/1.1 OPTIONS http://localhost:5217/api/FaceAttendance/match-embedding - null null
2026-03-20 16:55:03.177 [INF] Microsoft.AspNetCore.Cors.Infrastructure.CorsService | CORS policy execution successful.
2026-03-20 16:55:03.178 [INF] Microsoft.AspNetCore.Hosting.Diagnostics | Request finished HTTP/1.1 OPTIONS http://localhost:5217/api/FaceAttendance/match-embedding - 204 null null 0.1264ms
2026-03-20 16:55:03.179 [INF] Microsoft.AspNetCore.Hosting.Diagnostics | Request starting HTTP/1.1 POST http://localhost:5217/api/FaceAttendance/match-embedding - application/json 2610
2026-03-20 16:55:03.179 [INF] Microsoft.AspNetCore.Cors.Infrastructure.CorsService | CORS policy execution successful.
2026-03-20 16:55:03.179 [INF] Microsoft.AspNetCore.Routing.EndpointMiddleware | Executing endpoint 'backend.Controllers.FaceAttendanceController.MatchEmbedding (backend)'
2026-03-20 16:55:03.179 [INF] Microsoft.AspNetCore.Mvc.Infrastructure.ControllerActionInvoker | Route matched with {action = "MatchEmbedding", controller = "FaceAttendance"}. Executing controller action with signature System.Threading.Tasks.Task`1[Microsoft.AspNetCore.Mvc.IActionResult] MatchEmbedding(FaceMatchRequest) on controller backend.Controllers.FaceAttendanceController (backend).
2026-03-20 16:55:03.201 [INF] backend.Controllers.FaceAttendanceController | Face recognition tables verified/created.
2026-03-20 16:55:03.201 [INF] backend.Controllers.FaceAttendanceController | Matching face embedding...
2026-03-20 16:55:03.211 [INF] backend.Controllers.FaceAttendanceController | Match found: Aravind (Emp202611) Conf: 98.25%
2026-03-20 16:55:03.212 [INF] Microsoft.AspNetCore.Mvc.Infrastructure.ObjectResultExecutor | Executing OkObjectResult, writing value of type '<>f__AnonymousType100`6[[System.String, System.Private.CoreLib, Version=10.0.0.0, Culture=neutral, PublicKeyToken=7cec85d7bea7798e],[System.String, System.Private.CoreLib, Version=10.0.0.0, Culture=neutral, PublicKeyToken=7cec85d7bea7798e],[System.String, System.Private.CoreLib, Version=10.0.0.0, Culture=neutral, PublicKeyToken=7cec85d7bea7798e],[System.String, System.Private.CoreLib, Version=10.0.0.0, Culture=neutral, PublicKeyToken=7cec85d7bea7798e],[System.String, System.Private.CoreLib, Version=10.0.0.0, Culture=neutral, PublicKeyToken=7cec85d7bea7798e],[System.Double, System.Private.CoreLib, Version=10.0.0.0, Culture=neutral, PublicKeyToken=7cec85d7bea7798e]]'.
2026-03-20 16:55:03.212 [INF] Microsoft.AspNetCore.Mvc.Infrastructure.ControllerActionInvoker | Executed action backend.Controllers.FaceAttendanceController.MatchEmbedding (backend) in 32.8923ms
2026-03-20 16:55:03.212 [INF] Microsoft.AspNetCore.Routing.EndpointMiddleware | Executed endpoint 'backend.Controllers.FaceAttendanceController.MatchEmbedding (backend)'
2026-03-20 16:55:03.212 [INF] Serilog.AspNetCore.RequestLoggingMiddleware | HTTP POST /api/FaceAttendance/match-embedding → 200 (33.0ms)
2026-03-20 16:55:03.212 [INF] Microsoft.AspNetCore.Hosting.Diagnostics | Request finished HTTP/1.1 POST http://localhost:5217/api/FaceAttendance/match-embedding - 200 null application/json; charset=utf-8 33.2676ms
2026-03-20 16:55:03.250 [INF] Microsoft.AspNetCore.Hosting.Diagnostics | Request starting HTTP/1.1 OPTIONS http://localhost:5217/api/FaceAttendance/mark - null null
2026-03-20 16:55:03.250 [INF] Microsoft.AspNetCore.Cors.Infrastructure.CorsService | CORS policy execution successful.
2026-03-20 16:55:03.250 [INF] Microsoft.AspNetCore.Hosting.Diagnostics | Request finished HTTP/1.1 OPTIONS http://localhost:5217/api/FaceAttendance/mark - 204 null null 0.138ms
2026-03-20 16:55:03.253 [INF] Microsoft.AspNetCore.Hosting.Diagnostics | Request starting HTTP/1.1 POST http://localhost:5217/api/FaceAttendance/mark - application/json 63
2026-03-20 16:55:03.253 [INF] Microsoft.AspNetCore.Cors.Infrastructure.CorsService | CORS policy execution successful.
2026-03-20 16:55:03.253 [INF] Microsoft.AspNetCore.Routing.EndpointMiddleware | Executing endpoint 'backend.Controllers.FaceAttendanceController.MarkFaceAttendance (backend)'
2026-03-20 16:55:03.253 [INF] Microsoft.AspNetCore.Mvc.Infrastructure.ControllerActionInvoker | Route matched with {action = "MarkFaceAttendance", controller = "FaceAttendance"}. Executing controller action with signature System.Threading.Tasks.Task`1[Microsoft.AspNetCore.Mvc.IActionResult] MarkFaceAttendance(FaceAttendanceRequest) on controller backend.Controllers.FaceAttendanceController (backend).
2026-03-20 16:55:03.283 [INF] backend.Controllers.FaceAttendanceController | Face recognition tables verified/created.
2026-03-20 16:55:03.283 [INF] backend.Controllers.FaceAttendanceController | Marking attendance for Emp202611
2026-03-20 16:55:03.294 [INF] Microsoft.AspNetCore.Mvc.Infrastructure.ObjectResultExecutor | Executing OkObjectResult, writing value of type '<>f__AnonymousType45`2[[System.String, System.Private.CoreLib, Version=10.0.0.0, Culture=neutral, PublicKeyToken=7cec85d7bea7798e],[System.String, System.Private.CoreLib, Version=10.0.0.0, Culture=neutral, PublicKeyToken=7cec85d7bea7798e]]'.
2026-03-20 16:55:03.294 [INF] Microsoft.AspNetCore.Mvc.Infrastructure.ControllerActionInvoker | Executed action backend.Controllers.FaceAttendanceController.MarkFaceAttendance (backend) in 41.1503ms
2026-03-20 16:55:03.294 [INF] Microsoft.AspNetCore.Routing.EndpointMiddleware | Executed endpoint 'backend.Controllers.FaceAttendanceController.MarkFaceAttendance (backend)'
2026-03-20 16:55:03.294 [INF] Serilog.AspNetCore.RequestLoggingMiddleware | HTTP POST /api/FaceAttendance/mark → 200 (41.3ms)
2026-03-20 16:55:03.294 [INF] Microsoft.AspNetCore.Hosting.Diagnostics | Request finished HTTP/1.1 POST http://localhost:5217/api/FaceAttendance/mark - 200 null application/json; charset=utf-8 41.5877ms
2026-03-20 16:57:10.073 [INF] Microsoft.AspNetCore.Hosting.Diagnostics | Request starting HTTP/1.1 OPTIONS http://localhost:5217/api/organizations - null null
2026-03-20 16:57:10.073 [INF] Microsoft.AspNetCore.Cors.Infrastructure.CorsService | CORS policy execution successful.
2026-03-20 16:57:10.073 [INF] Microsoft.AspNetCore.Hosting.Diagnostics | Request finished HTTP/1.1 OPTIONS http://localhost:5217/api/organizations - 204 null null 0.1602ms
2026-03-20 16:57:10.074 [INF] Microsoft.AspNetCore.Hosting.Diagnostics | Request starting HTTP/1.1 GET http://localhost:5217/api/organizations - application/json null
2026-03-20 16:57:10.074 [INF] Microsoft.AspNetCore.Cors.Infrastructure.CorsService | CORS policy execution successful.
2026-03-20 16:57:10.075 [INF] Microsoft.AspNetCore.Routing.EndpointMiddleware | Executing endpoint 'backend.Controllers.OrganizationsController.GetOrganizations (backend)'
2026-03-20 16:57:10.075 [INF] Microsoft.AspNetCore.Mvc.Infrastructure.ControllerActionInvoker | Route matched with {action = "GetOrganizations", controller = "Organizations"}. Executing controller action with signature System.Threading.Tasks.Task`1[Microsoft.AspNetCore.Mvc.IActionResult] GetOrganizations() on controller backend.Controllers.OrganizationsController (backend).
2026-03-20 16:57:10.075 [INF] backend.Controllers.OrganizationsController | [Orgs] GET all requested | Role=SuperAdmin | UserId=18
2026-03-20 16:57:10.105 [INF] Microsoft.AspNetCore.Mvc.Infrastructure.ObjectResultExecutor | Executing OkObjectResult, writing value of type 'System.Collections.Generic.List`1[[backend.Models.Organization, backend, Version=1.0.0.0, Culture=neutral, PublicKeyToken=null]]'.
2026-03-20 16:57:10.105 [INF] Microsoft.AspNetCore.Mvc.Infrastructure.ControllerActionInvoker | Executed action backend.Controllers.OrganizationsController.GetOrganizations (backend) in 30.3876ms
2026-03-20 16:57:10.105 [INF] Microsoft.AspNetCore.Routing.EndpointMiddleware | Executed endpoint 'backend.Controllers.OrganizationsController.GetOrganizations (backend)'
2026-03-20 16:57:10.105 [INF] Serilog.AspNetCore.RequestLoggingMiddleware | HTTP GET /api/organizations → 200 (30.5ms)
2026-03-20 16:57:10.105 [INF] Microsoft.AspNetCore.Hosting.Diagnostics | Request finished HTTP/1.1 GET http://localhost:5217/api/organizations - 200 null application/json; charset=utf-8 30.9845ms
2026-03-20 16:57:10.114 [INF] Microsoft.AspNetCore.Hosting.Diagnostics | Request starting HTTP/1.1 OPTIONS http://localhost:5217/api/leads - null null
2026-03-20 16:57:10.114 [INF] Microsoft.AspNetCore.Cors.Infrastructure.CorsService | CORS policy execution successful.
2026-03-20 16:57:10.114 [INF] Microsoft.AspNetCore.Hosting.Diagnostics | Request finished HTTP/1.1 OPTIONS http://localhost:5217/api/leads - 204 null null 0.1451ms
2026-03-20 16:57:10.115 [INF] Microsoft.AspNetCore.Hosting.Diagnostics | Request starting HTTP/1.1 GET http://localhost:5217/api/leads - application/json null
2026-03-20 16:57:10.115 [INF] Microsoft.AspNetCore.Cors.Infrastructure.CorsService | CORS policy execution successful.
2026-03-20 16:57:10.115 [INF] Microsoft.AspNetCore.Routing.EndpointMiddleware | Executing endpoint 'backend.Controllers.LeadsController.GetLeads (backend)'
2026-03-20 16:57:10.116 [INF] Microsoft.AspNetCore.Mvc.Infrastructure.ControllerActionInvoker | Route matched with {action = "GetLeads", controller = "Leads"}. Executing controller action with signature System.Threading.Tasks.Task`1[System.Collections.Generic.IEnumerable`1[backend.Models.Lead]] GetLeads() on controller backend.Controllers.LeadsController (backend).
2026-03-20 16:57:10.125 [INF] Microsoft.AspNetCore.Mvc.Infrastructure.ObjectResultExecutor | Executing ObjectResult, writing value of type 'System.Collections.Generic.List`1[[backend.Models.Lead, backend, Version=1.0.0.0, Culture=neutral, PublicKeyToken=null]]'.
2026-03-20 16:57:10.125 [INF] Microsoft.AspNetCore.Mvc.Infrastructure.ControllerActionInvoker | Executed action backend.Controllers.LeadsController.GetLeads (backend) in 9.7097ms
2026-03-20 16:57:10.125 [INF] Microsoft.AspNetCore.Routing.EndpointMiddleware | Executed endpoint 'backend.Controllers.LeadsController.GetLeads (backend)'
2026-03-20 16:57:10.125 [INF] Serilog.AspNetCore.RequestLoggingMiddleware | HTTP GET /api/leads → 200 (9.8ms)
2026-03-20 16:57:10.125 [INF] Microsoft.AspNetCore.Hosting.Diagnostics | Request finished HTTP/1.1 GET http://localhost:5217/api/leads - 200 null application/json; charset=utf-8 10.2145ms
2026-03-20 16:57:10.133 [INF] Microsoft.AspNetCore.Hosting.Diagnostics | Request starting HTTP/1.1 OPTIONS http://localhost:5217/api/employees?organizationId=2 - null null
2026-03-20 16:57:10.133 [INF] Microsoft.AspNetCore.Cors.Infrastructure.CorsService | CORS policy execution successful.
2026-03-20 16:57:10.133 [INF] Microsoft.AspNetCore.Hosting.Diagnostics | Request finished HTTP/1.1 OPTIONS http://localhost:5217/api/employees?organizationId=2 - 204 null null 0.2178ms
2026-03-20 16:57:10.134 [INF] Microsoft.AspNetCore.Hosting.Diagnostics | Request starting HTTP/1.1 GET http://localhost:5217/api/employees?organizationId=2 - application/json null
2026-03-20 16:57:10.134 [INF] Microsoft.AspNetCore.Cors.Infrastructure.CorsService | CORS policy execution successful.
2026-03-20 16:57:10.135 [INF] Microsoft.AspNetCore.Routing.EndpointMiddleware | Executing endpoint 'backend.Controllers.EmployeesController.GetEmployees (backend)'
2026-03-20 16:57:10.135 [INF] Microsoft.AspNetCore.Mvc.Infrastructure.ControllerActionInvoker | Route matched with {action = "GetEmployees", controller = "Employees"}. Executing controller action with signature System.Threading.Tasks.Task`1[Microsoft.AspNetCore.Mvc.IActionResult] GetEmployees(System.Nullable`1[System.Int32]) on controller backend.Controllers.EmployeesController (backend).
2026-03-20 16:57:10.136 [INF] backend.Controllers.EmployeesController | [Employees] GET all | TargetOrgId=2 | UserOrgId=2
2026-03-20 16:57:10.146 [INF] Microsoft.AspNetCore.Mvc.Infrastructure.ObjectResultExecutor | Executing OkObjectResult, writing value of type 'System.Collections.Generic.List`1[[backend.Models.Employee, backend, Version=1.0.0.0, Culture=neutral, PublicKeyToken=null]]'.
2026-03-20 16:57:10.146 [INF] Microsoft.AspNetCore.Mvc.Infrastructure.ControllerActionInvoker | Executed action backend.Controllers.EmployeesController.GetEmployees (backend) in 11.3915ms
2026-03-20 16:57:10.146 [INF] Microsoft.AspNetCore.Routing.EndpointMiddleware | Executed endpoint 'backend.Controllers.EmployeesController.GetEmployees (backend)'
2026-03-20 16:57:10.146 [INF] Serilog.AspNetCore.RequestLoggingMiddleware | HTTP GET /api/employees → 200 (11.6ms)
2026-03-20 16:57:10.146 [INF] Microsoft.AspNetCore.Hosting.Diagnostics | Request finished HTTP/1.1 GET http://localhost:5217/api/employees?organizationId=2 - 200 null application/json; charset=utf-8 12.1212ms
2026-03-20 16:57:10.156 [INF] Microsoft.AspNetCore.Hosting.Diagnostics | Request starting HTTP/1.1 OPTIONS http://localhost:5217/api/ShiftAssignments/roster?start=2026-03-20&end=2026-03-27&orgId=2 - null null
2026-03-20 16:57:10.156 [INF] Microsoft.AspNetCore.Cors.Infrastructure.CorsService | CORS policy execution successful.
2026-03-20 16:57:10.156 [INF] Microsoft.AspNetCore.Hosting.Diagnostics | Request finished HTTP/1.1 OPTIONS http://localhost:5217/api/ShiftAssignments/roster?start=2026-03-20&end=2026-03-27&orgId=2 - 204 null null 0.2428ms
2026-03-20 16:57:10.157 [INF] Microsoft.AspNetCore.Hosting.Diagnostics | Request starting HTTP/1.1 GET http://localhost:5217/api/ShiftAssignments/roster?start=2026-03-20&end=2026-03-27&orgId=2 - application/json null
2026-03-20 16:57:10.157 [INF] Microsoft.AspNetCore.Cors.Infrastructure.CorsService | CORS policy execution successful.
2026-03-20 16:57:10.158 [INF] Microsoft.AspNetCore.Routing.EndpointMiddleware | Executing endpoint 'backend.Controllers.ShiftAssignmentsController.GetMonthlyRosterFixed (backend)'
2026-03-20 16:57:10.158 [INF] Microsoft.AspNetCore.Mvc.Infrastructure.ControllerActionInvoker | Route matched with {action = "GetMonthlyRosterFixed", controller = "ShiftAssignments"}. Executing controller action with signature System.Threading.Tasks.Task`1[Microsoft.AspNetCore.Mvc.IActionResult] GetMonthlyRosterFixed(System.String, System.String, System.Nullable`1[System.Int32]) on controller backend.Controllers.ShiftAssignmentsController (backend).
2026-03-20 16:57:10.170 [INF] Microsoft.AspNetCore.Mvc.Infrastructure.ObjectResultExecutor | Executing OkObjectResult, writing value of type 'System.Collections.Generic.List`1[[backend.Models.EmployeeSchedule, backend, Version=1.0.0.0, Culture=neutral, PublicKeyToken=null]]'.
2026-03-20 16:57:10.170 [INF] Microsoft.AspNetCore.Mvc.Infrastructure.ControllerActionInvoker | Executed action backend.Controllers.ShiftAssignmentsController.GetMonthlyRosterFixed (backend) in 12.3198ms
2026-03-20 16:57:10.170 [INF] Microsoft.AspNetCore.Routing.EndpointMiddleware | Executed endpoint 'backend.Controllers.ShiftAssignmentsController.GetMonthlyRosterFixed (backend)'
2026-03-20 16:57:10.170 [INF] Serilog.AspNetCore.RequestLoggingMiddleware | HTTP GET /api/ShiftAssignments/roster → 200 (12.5ms)
2026-03-20 16:57:10.170 [INF] Microsoft.AspNetCore.Hosting.Diagnostics | Request finished HTTP/1.1 GET http://localhost:5217/api/ShiftAssignments/roster?start=2026-03-20&end=2026-03-27&orgId=2 - 200 null application/json; charset=utf-8 13.0132ms
2026-03-20 16:57:10.177 [INF] Microsoft.AspNetCore.Hosting.Diagnostics | Request starting HTTP/1.1 OPTIONS http://localhost:5217/api/Attendance/status?employeeId=31&orgId=2 - null null
2026-03-20 16:57:10.177 [INF] Microsoft.AspNetCore.Cors.Infrastructure.CorsService | CORS policy execution successful.
2026-03-20 16:57:10.177 [INF] Microsoft.AspNetCore.Hosting.Diagnostics | Request finished HTTP/1.1 OPTIONS http://localhost:5217/api/Attendance/status?employeeId=31&orgId=2 - 204 null null 0.1446ms
2026-03-20 16:57:10.179 [INF] Microsoft.AspNetCore.Hosting.Diagnostics | Request starting HTTP/1.1 GET http://localhost:5217/api/Attendance/status?employeeId=31&orgId=2 - application/json null
2026-03-20 16:57:10.179 [INF] Microsoft.AspNetCore.Cors.Infrastructure.CorsService | CORS policy execution successful.
2026-03-20 16:57:10.179 [INF] Microsoft.AspNetCore.Routing.EndpointMiddleware | Executing endpoint 'backend.Controllers.AttendanceController.GetTodayStatus (backend)'
2026-03-20 16:57:10.179 [INF] Microsoft.AspNetCore.Mvc.Infrastructure.ControllerActionInvoker | Route matched with {action = "GetTodayStatus", controller = "Attendance"}. Executing controller action with signature System.Threading.Tasks.Task`1[Microsoft.AspNetCore.Mvc.IActionResult] GetTodayStatus(Int32, System.Nullable`1[System.Int32]) on controller backend.Controllers.AttendanceController (backend).
2026-03-20 16:57:10.189 [INF] Microsoft.AspNetCore.Mvc.Infrastructure.ObjectResultExecutor | Executing OkObjectResult, writing value of type 'backend.Models.AttendanceStatusResponse'.
2026-03-20 16:57:10.190 [INF] Microsoft.AspNetCore.Mvc.Infrastructure.ControllerActionInvoker | Executed action backend.Controllers.AttendanceController.GetTodayStatus (backend) in 10.3441ms
2026-03-20 16:57:10.190 [INF] Microsoft.AspNetCore.Routing.EndpointMiddleware | Executed endpoint 'backend.Controllers.AttendanceController.GetTodayStatus (backend)'
2026-03-20 16:57:10.190 [INF] Serilog.AspNetCore.RequestLoggingMiddleware | HTTP GET /api/Attendance/status → 200 (10.5ms)
2026-03-20 16:57:10.190 [INF] Microsoft.AspNetCore.Hosting.Diagnostics | Request finished HTTP/1.1 GET http://localhost:5217/api/Attendance/status?employeeId=31&orgId=2 - 200 null application/json; charset=utf-8 10.8911ms
2026-03-20 17:01:27.030 [INF] Microsoft.AspNetCore.Hosting.Diagnostics | Request starting HTTP/1.1 OPTIONS http://localhost:5217/api/employees?organizationId=2 - null null
2026-03-20 17:01:27.030 [INF] Microsoft.AspNetCore.Cors.Infrastructure.CorsService | CORS policy execution successful.
2026-03-20 17:01:27.030 [INF] Microsoft.AspNetCore.Hosting.Diagnostics | Request finished HTTP/1.1 OPTIONS http://localhost:5217/api/employees?organizationId=2 - 204 null null 0.157ms
2026-03-20 17:01:27.033 [INF] Microsoft.AspNetCore.Hosting.Diagnostics | Request starting HTTP/1.1 GET http://localhost:5217/api/employees?organizationId=2 - application/json null
2026-03-20 17:01:27.036 [INF] Microsoft.AspNetCore.Cors.Infrastructure.CorsService | CORS policy execution successful.
2026-03-20 17:01:27.036 [INF] Microsoft.AspNetCore.Routing.EndpointMiddleware | Executing endpoint 'backend.Controllers.EmployeesController.GetEmployees (backend)'
2026-03-20 17:01:27.043 [INF] Microsoft.AspNetCore.Mvc.Infrastructure.ControllerActionInvoker | Route matched with {action = "GetEmployees", controller = "Employees"}. Executing controller action with signature System.Threading.Tasks.Task`1[Microsoft.AspNetCore.Mvc.IActionResult] GetEmployees(System.Nullable`1[System.Int32]) on controller backend.Controllers.EmployeesController (backend).
2026-03-20 17:01:27.043 [INF] backend.Controllers.EmployeesController | [Employees] GET all | TargetOrgId=2 | UserOrgId=2
2026-03-20 17:01:27.053 [INF] Microsoft.AspNetCore.Mvc.Infrastructure.ObjectResultExecutor | Executing OkObjectResult, writing value of type 'System.Collections.Generic.List`1[[backend.Models.Employee, backend, Version=1.0.0.0, Culture=neutral, PublicKeyToken=null]]'.
2026-03-20 17:01:27.061 [INF] Microsoft.AspNetCore.Mvc.Infrastructure.ControllerActionInvoker | Executed action backend.Controllers.EmployeesController.GetEmployees (backend) in 18.0043ms
2026-03-20 17:01:27.061 [INF] Microsoft.AspNetCore.Routing.EndpointMiddleware | Executed endpoint 'backend.Controllers.EmployeesController.GetEmployees (backend)'
2026-03-20 17:01:27.061 [INF] Serilog.AspNetCore.RequestLoggingMiddleware | HTTP GET /api/employees → 200 (24.8ms)
2026-03-20 17:01:27.061 [INF] Microsoft.AspNetCore.Hosting.Diagnostics | Request finished HTTP/1.1 GET http://localhost:5217/api/employees?organizationId=2 - 200 null application/json; charset=utf-8 28.2953ms
2026-03-20 17:01:53.844 [INF] Microsoft.AspNetCore.Hosting.Diagnostics | Request starting HTTP/1.1 OPTIONS http://localhost:5217/api/FaceAttendance/register-embedding - null null
2026-03-20 17:01:53.844 [INF] Microsoft.AspNetCore.Cors.Infrastructure.CorsService | CORS policy execution successful.
2026-03-20 17:01:53.844 [INF] Microsoft.AspNetCore.Hosting.Diagnostics | Request finished HTTP/1.1 OPTIONS http://localhost:5217/api/FaceAttendance/register-embedding - 204 null null 0.1762ms
2026-03-20 17:01:53.846 [INF] Microsoft.AspNetCore.Hosting.Diagnostics | Request starting HTTP/1.1 POST http://localhost:5217/api/FaceAttendance/register-embedding - application/json 2659
2026-03-20 17:01:53.847 [INF] Microsoft.AspNetCore.Cors.Infrastructure.CorsService | CORS policy execution successful.
2026-03-20 17:01:53.847 [INF] Microsoft.AspNetCore.Routing.EndpointMiddleware | Executing endpoint 'backend.Controllers.FaceAttendanceController.RegisterEmbedding (backend)'
2026-03-20 17:01:53.854 [INF] Microsoft.AspNetCore.Mvc.Infrastructure.ControllerActionInvoker | Route matched with {action = "RegisterEmbedding", controller = "FaceAttendance"}. Executing controller action with signature System.Threading.Tasks.Task`1[Microsoft.AspNetCore.Mvc.IActionResult] RegisterEmbedding(FaceEmbeddingRequest) on controller backend.Controllers.FaceAttendanceController (backend).
2026-03-20 17:01:53.858 [INF] backend.Controllers.FaceAttendanceController | Registering embedding for Emp1235
2026-03-20 17:01:53.876 [INF] Microsoft.AspNetCore.Mvc.Infrastructure.ObjectResultExecutor | Executing OkObjectResult, writing value of type '<>f__AnonymousType45`2[[System.String, System.Private.CoreLib, Version=10.0.0.0, Culture=neutral, PublicKeyToken=7cec85d7bea7798e],[System.String, System.Private.CoreLib, Version=10.0.0.0, Culture=neutral, PublicKeyToken=7cec85d7bea7798e]]'.
2026-03-20 17:01:53.877 [INF] Microsoft.AspNetCore.Mvc.Infrastructure.ControllerActionInvoker | Executed action backend.Controllers.FaceAttendanceController.RegisterEmbedding (backend) in 22.9554ms
2026-03-20 17:01:53.877 [INF] Microsoft.AspNetCore.Routing.EndpointMiddleware | Executed endpoint 'backend.Controllers.FaceAttendanceController.RegisterEmbedding (backend)'
2026-03-20 17:01:53.877 [INF] Serilog.AspNetCore.RequestLoggingMiddleware | HTTP POST /api/FaceAttendance/register-embedding → 200 (30.4ms)
2026-03-20 17:01:53.877 [INF] Microsoft.AspNetCore.Hosting.Diagnostics | Request finished HTTP/1.1 POST http://localhost:5217/api/FaceAttendance/register-embedding - 200 null application/json; charset=utf-8 31.7829ms
2026-03-20 17:04:11.788 [INF] Microsoft.AspNetCore.Hosting.Diagnostics | Request starting HTTP/1.1 OPTIONS http://localhost:5217/api/FaceAttendance/match-embedding - null null
2026-03-20 17:04:11.788 [INF] Microsoft.AspNetCore.Cors.Infrastructure.CorsService | CORS policy execution successful.
2026-03-20 17:04:11.788 [INF] Microsoft.AspNetCore.Hosting.Diagnostics | Request finished HTTP/1.1 OPTIONS http://localhost:5217/api/FaceAttendance/match-embedding - 204 null null 0.233ms
2026-03-20 17:04:11.789 [INF] Microsoft.AspNetCore.Hosting.Diagnostics | Request starting HTTP/1.1 POST http://localhost:5217/api/FaceAttendance/match-embedding - application/json 2619
2026-03-20 17:04:11.789 [INF] Microsoft.AspNetCore.Cors.Infrastructure.CorsService | CORS policy execution successful.
2026-03-20 17:04:11.789 [INF] Microsoft.AspNetCore.Routing.EndpointMiddleware | Executing endpoint 'backend.Controllers.FaceAttendanceController.MatchEmbedding (backend)'
2026-03-20 17:04:11.797 [INF] Microsoft.AspNetCore.Mvc.Infrastructure.ControllerActionInvoker | Route matched with {action = "MatchEmbedding", controller = "FaceAttendance"}. Executing controller action with signature System.Threading.Tasks.Task`1[Microsoft.AspNetCore.Mvc.IActionResult] MatchEmbedding(FaceMatchRequest) on controller backend.Controllers.FaceAttendanceController (backend).
2026-03-20 17:04:11.803 [INF] backend.Controllers.FaceAttendanceController | Matching face embedding using stored procedure...
2026-03-20 17:04:11.817 [WRN] backend.Controllers.FaceAttendanceController | No match found above threshold 0.95. Best was -1
2026-03-20 17:04:11.818 [INF] Microsoft.AspNetCore.Mvc.Infrastructure.ObjectResultExecutor | Executing OkObjectResult, writing value of type '<>f__AnonymousType45`2[[System.String, System.Private.CoreLib, Version=10.0.0.0, Culture=neutral, PublicKeyToken=7cec85d7bea7798e],[System.String, System.Private.CoreLib, Version=10.0.0.0, Culture=neutral, PublicKeyToken=7cec85d7bea7798e]]'.
2026-03-20 17:04:11.818 [INF] Microsoft.AspNetCore.Mvc.Infrastructure.ControllerActionInvoker | Executed action backend.Controllers.FaceAttendanceController.MatchEmbedding (backend) in 20.63ms
2026-03-20 17:04:11.818 [INF] Microsoft.AspNetCore.Routing.EndpointMiddleware | Executed endpoint 'backend.Controllers.FaceAttendanceController.MatchEmbedding (backend)'
2026-03-20 17:04:11.818 [INF] Serilog.AspNetCore.RequestLoggingMiddleware | HTTP POST /api/FaceAttendance/match-embedding → 200 (28.7ms)
2026-03-20 17:04:11.818 [INF] Microsoft.AspNetCore.Hosting.Diagnostics | Request finished HTTP/1.1 POST http://localhost:5217/api/FaceAttendance/match-embedding - 200 null application/json; charset=utf-8 28.9581ms
2026-03-20 17:04:21.466 [INF] Microsoft.AspNetCore.Hosting.Diagnostics | Request starting HTTP/1.1 OPTIONS http://localhost:5217/api/organizations - null null
2026-03-20 17:04:21.466 [INF] Microsoft.AspNetCore.Cors.Infrastructure.CorsService | CORS policy execution successful.
2026-03-20 17:04:21.466 [INF] Microsoft.AspNetCore.Hosting.Diagnostics | Request finished HTTP/1.1 OPTIONS http://localhost:5217/api/organizations - 204 null null 0.2154ms
2026-03-20 17:04:21.467 [INF] Microsoft.AspNetCore.Hosting.Diagnostics | Request starting HTTP/1.1 GET http://localhost:5217/api/organizations - application/json null
2026-03-20 17:04:21.468 [INF] Microsoft.AspNetCore.Cors.Infrastructure.CorsService | CORS policy execution successful.
2026-03-20 17:04:21.468 [INF] Microsoft.AspNetCore.Routing.EndpointMiddleware | Executing endpoint 'backend.Controllers.OrganizationsController.GetOrganizations (backend)'
2026-03-20 17:04:21.475 [INF] Microsoft.AspNetCore.Mvc.Infrastructure.ControllerActionInvoker | Route matched with {action = "GetOrganizations", controller = "Organizations"}. Executing controller action with signature System.Threading.Tasks.Task`1[Microsoft.AspNetCore.Mvc.IActionResult] GetOrganizations() on controller backend.Controllers.OrganizationsController (backend).
2026-03-20 17:04:21.475 [INF] backend.Controllers.OrganizationsController | [Orgs] GET all requested | Role=SuperAdmin | UserId=18
2026-03-20 17:04:21.492 [INF] Microsoft.AspNetCore.Mvc.Infrastructure.ObjectResultExecutor | Executing OkObjectResult, writing value of type 'System.Collections.Generic.List`1[[backend.Models.Organization, backend, Version=1.0.0.0, Culture=neutral, PublicKeyToken=null]]'.
2026-03-20 17:04:21.495 [INF] Microsoft.AspNetCore.Mvc.Infrastructure.ControllerActionInvoker | Executed action backend.Controllers.OrganizationsController.GetOrganizations (backend) in 19.3132ms
2026-03-20 17:04:21.495 [INF] Microsoft.AspNetCore.Routing.EndpointMiddleware | Executed endpoint 'backend.Controllers.OrganizationsController.GetOrganizations (backend)'
2026-03-20 17:04:21.495 [INF] Serilog.AspNetCore.RequestLoggingMiddleware | HTTP GET /api/organizations → 200 (26.7ms)
2026-03-20 17:04:21.495 [INF] Microsoft.AspNetCore.Hosting.Diagnostics | Request finished HTTP/1.1 GET http://localhost:5217/api/organizations - 200 null application/json; charset=utf-8 27.351ms
2026-03-20 17:04:21.517 [INF] Microsoft.AspNetCore.Hosting.Diagnostics | Request starting HTTP/1.1 OPTIONS http://localhost:5217/api/leads - null null
2026-03-20 17:04:21.517 [INF] Microsoft.AspNetCore.Cors.Infrastructure.CorsService | CORS policy execution successful.
2026-03-20 17:04:21.517 [INF] Microsoft.AspNetCore.Hosting.Diagnostics | Request finished HTTP/1.1 OPTIONS http://localhost:5217/api/leads - 204 null null 0.1929ms
2026-03-20 17:04:21.520 [INF] Microsoft.AspNetCore.Hosting.Diagnostics | Request starting HTTP/1.1 GET http://localhost:5217/api/leads - application/json null
2026-03-20 17:04:21.520 [INF] Microsoft.AspNetCore.Cors.Infrastructure.CorsService | CORS policy execution successful.
2026-03-20 17:04:21.520 [INF] Microsoft.AspNetCore.Routing.EndpointMiddleware | Executing endpoint 'backend.Controllers.LeadsController.GetLeads (backend)'
2026-03-20 17:04:21.528 [INF] Microsoft.AspNetCore.Mvc.Infrastructure.ControllerActionInvoker | Route matched with {action = "GetLeads", controller = "Leads"}. Executing controller action with signature System.Threading.Tasks.Task`1[System.Collections.Generic.IEnumerable`1[backend.Models.Lead]] GetLeads() on controller backend.Controllers.LeadsController (backend).
2026-03-20 17:04:21.538 [INF] Microsoft.AspNetCore.Mvc.Infrastructure.ObjectResultExecutor | Executing ObjectResult, writing value of type 'System.Collections.Generic.List`1[[backend.Models.Lead, backend, Version=1.0.0.0, Culture=neutral, PublicKeyToken=null]]'.
2026-03-20 17:04:21.539 [INF] Microsoft.AspNetCore.Mvc.Infrastructure.ControllerActionInvoker | Executed action backend.Controllers.LeadsController.GetLeads (backend) in 11.0294ms
2026-03-20 17:04:21.539 [INF] Microsoft.AspNetCore.Routing.EndpointMiddleware | Executed endpoint 'backend.Controllers.LeadsController.GetLeads (backend)'
2026-03-20 17:04:21.539 [INF] Serilog.AspNetCore.RequestLoggingMiddleware | HTTP GET /api/leads → 200 (18.8ms)
2026-03-20 17:04:21.539 [INF] Microsoft.AspNetCore.Hosting.Diagnostics | Request finished HTTP/1.1 GET http://localhost:5217/api/leads - 200 null application/json; charset=utf-8 19.4097ms
2026-03-20 17:04:21.586 [INF] Microsoft.AspNetCore.Hosting.Diagnostics | Request starting HTTP/1.1 OPTIONS http://localhost:5217/api/employees?organizationId=2 - null null
2026-03-20 17:04:21.586 [INF] Microsoft.AspNetCore.Cors.Infrastructure.CorsService | CORS policy execution successful.
2026-03-20 17:04:21.586 [INF] Microsoft.AspNetCore.Hosting.Diagnostics | Request finished HTTP/1.1 OPTIONS http://localhost:5217/api/employees?organizationId=2 - 204 null null 0.1396ms
2026-03-20 17:04:21.588 [INF] Microsoft.AspNetCore.Hosting.Diagnostics | Request starting HTTP/1.1 GET http://localhost:5217/api/employees?organizationId=2 - application/json null
2026-03-20 17:04:21.588 [INF] Microsoft.AspNetCore.Cors.Infrastructure.CorsService | CORS policy execution successful.
2026-03-20 17:04:21.589 [INF] Microsoft.AspNetCore.Routing.EndpointMiddleware | Executing endpoint 'backend.Controllers.EmployeesController.GetEmployees (backend)'
2026-03-20 17:04:21.589 [INF] Microsoft.AspNetCore.Mvc.Infrastructure.ControllerActionInvoker | Route matched with {action = "GetEmployees", controller = "Employees"}. Executing controller action with signature System.Threading.Tasks.Task`1[Microsoft.AspNetCore.Mvc.IActionResult] GetEmployees(System.Nullable`1[System.Int32]) on controller backend.Controllers.EmployeesController (backend).
2026-03-20 17:04:21.589 [INF] backend.Controllers.EmployeesController | [Employees] GET all | TargetOrgId=2 | UserOrgId=2
2026-03-20 17:04:21.604 [INF] Microsoft.AspNetCore.Mvc.Infrastructure.ObjectResultExecutor | Executing OkObjectResult, writing value of type 'System.Collections.Generic.List`1[[backend.Models.Employee, backend, Version=1.0.0.0, Culture=neutral, PublicKeyToken=null]]'.
2026-03-20 17:04:21.604 [INF] Microsoft.AspNetCore.Mvc.Infrastructure.ControllerActionInvoker | Executed action backend.Controllers.EmployeesController.GetEmployees (backend) in 15.1412ms
2026-03-20 17:04:21.604 [INF] Microsoft.AspNetCore.Routing.EndpointMiddleware | Executed endpoint 'backend.Controllers.EmployeesController.GetEmployees (backend)'
2026-03-20 17:04:21.604 [INF] Serilog.AspNetCore.RequestLoggingMiddleware | HTTP GET /api/employees → 200 (15.3ms)
2026-03-20 17:04:21.604 [INF] Microsoft.AspNetCore.Hosting.Diagnostics | Request finished HTTP/1.1 GET http://localhost:5217/api/employees?organizationId=2 - 200 null application/json; charset=utf-8 15.7749ms
2026-03-20 17:04:21.618 [INF] Microsoft.AspNetCore.Hosting.Diagnostics | Request starting HTTP/1.1 OPTIONS http://localhost:5217/api/ShiftAssignments/roster?start=2026-03-20&end=2026-03-27&orgId=2 - null null
2026-03-20 17:04:21.618 [INF] Microsoft.AspNetCore.Cors.Infrastructure.CorsService | CORS policy execution successful.
2026-03-20 17:04:21.618 [INF] Microsoft.AspNetCore.Hosting.Diagnostics | Request finished HTTP/1.1 OPTIONS http://localhost:5217/api/ShiftAssignments/roster?start=2026-03-20&end=2026-03-27&orgId=2 - 204 null null 0.2402ms
2026-03-20 17:04:21.621 [INF] Microsoft.AspNetCore.Hosting.Diagnostics | Request starting HTTP/1.1 GET http://localhost:5217/api/ShiftAssignments/roster?start=2026-03-20&end=2026-03-27&orgId=2 - application/json null
2026-03-20 17:04:21.621 [INF] Microsoft.AspNetCore.Cors.Infrastructure.CorsService | CORS policy execution successful.
2026-03-20 17:04:21.622 [INF] Microsoft.AspNetCore.Routing.EndpointMiddleware | Executing endpoint 'backend.Controllers.ShiftAssignmentsController.GetMonthlyRosterFixed (backend)'
2026-03-20 17:04:21.629 [INF] Microsoft.AspNetCore.Mvc.Infrastructure.ControllerActionInvoker | Route matched with {action = "GetMonthlyRosterFixed", controller = "ShiftAssignments"}. Executing controller action with signature System.Threading.Tasks.Task`1[Microsoft.AspNetCore.Mvc.IActionResult] GetMonthlyRosterFixed(System.String, System.String, System.Nullable`1[System.Int32]) on controller backend.Controllers.ShiftAssignmentsController (backend).
2026-03-20 17:04:21.641 [INF] Microsoft.AspNetCore.Mvc.Infrastructure.ObjectResultExecutor | Executing OkObjectResult, writing value of type 'System.Collections.Generic.List`1[[backend.Models.EmployeeSchedule, backend, Version=1.0.0.0, Culture=neutral, PublicKeyToken=null]]'.
2026-03-20 17:04:21.644 [INF] Microsoft.AspNetCore.Mvc.Infrastructure.ControllerActionInvoker | Executed action backend.Controllers.ShiftAssignmentsController.GetMonthlyRosterFixed (backend) in 15.6058ms
2026-03-20 17:04:21.644 [INF] Microsoft.AspNetCore.Routing.EndpointMiddleware | Executed endpoint 'backend.Controllers.ShiftAssignmentsController.GetMonthlyRosterFixed (backend)'
2026-03-20 17:04:21.644 [INF] Serilog.AspNetCore.RequestLoggingMiddleware | HTTP GET /api/ShiftAssignments/roster → 200 (22.6ms)
2026-03-20 17:04:21.644 [INF] Microsoft.AspNetCore.Hosting.Diagnostics | Request finished HTTP/1.1 GET http://localhost:5217/api/ShiftAssignments/roster?start=2026-03-20&end=2026-03-27&orgId=2 - 200 null application/json; charset=utf-8 23.9202ms
2026-03-20 17:04:21.685 [INF] Microsoft.AspNetCore.Hosting.Diagnostics | Request starting HTTP/1.1 OPTIONS http://localhost:5217/api/Attendance/status?employeeId=31&orgId=2 - null null
2026-03-20 17:04:21.685 [INF] Microsoft.AspNetCore.Cors.Infrastructure.CorsService | CORS policy execution successful.
2026-03-20 17:04:21.685 [INF] Microsoft.AspNetCore.Hosting.Diagnostics | Request finished HTTP/1.1 OPTIONS http://localhost:5217/api/Attendance/status?employeeId=31&orgId=2 - 204 null null 0.2113ms
2026-03-20 17:04:21.688 [INF] Microsoft.AspNetCore.Hosting.Diagnostics | Request starting HTTP/1.1 GET http://localhost:5217/api/Attendance/status?employeeId=31&orgId=2 - application/json null
2026-03-20 17:04:21.689 [INF] Microsoft.AspNetCore.Cors.Infrastructure.CorsService | CORS policy execution successful.
2026-03-20 17:04:21.690 [INF] Microsoft.AspNetCore.Routing.EndpointMiddleware | Executing endpoint 'backend.Controllers.AttendanceController.GetTodayStatus (backend)'
2026-03-20 17:04:21.697 [INF] Microsoft.AspNetCore.Mvc.Infrastructure.ControllerActionInvoker | Route matched with {action = "GetTodayStatus", controller = "Attendance"}. Executing controller action with signature System.Threading.Tasks.Task`1[Microsoft.AspNetCore.Mvc.IActionResult] GetTodayStatus(Int32, System.Nullable`1[System.Int32]) on controller backend.Controllers.AttendanceController (backend).
2026-03-20 17:04:21.711 [INF] Microsoft.AspNetCore.Mvc.Infrastructure.ObjectResultExecutor | Executing OkObjectResult, writing value of type 'backend.Models.AttendanceStatusResponse'.
2026-03-20 17:04:21.712 [INF] Microsoft.AspNetCore.Mvc.Infrastructure.ControllerActionInvoker | Executed action backend.Controllers.AttendanceController.GetTodayStatus (backend) in 15.4439ms
2026-03-20 17:04:21.712 [INF] Microsoft.AspNetCore.Routing.EndpointMiddleware | Executed endpoint 'backend.Controllers.AttendanceController.GetTodayStatus (backend)'
2026-03-20 17:04:21.713 [INF] Serilog.AspNetCore.RequestLoggingMiddleware | HTTP GET /api/Attendance/status → 200 (23.0ms)
2026-03-20 17:04:21.713 [INF] Microsoft.AspNetCore.Hosting.Diagnostics | Request finished HTTP/1.1 GET http://localhost:5217/api/Attendance/status?employeeId=31&orgId=2 - 200 null application/json; charset=utf-8 24.6829ms
2026-03-20 17:04:23.663 [INF] Microsoft.AspNetCore.Hosting.Diagnostics | Request starting HTTP/1.1 GET http://localhost:5217/api/employees?organizationId=2 - application/json null
2026-03-20 17:04:23.664 [INF] Microsoft.AspNetCore.Cors.Infrastructure.CorsService | CORS policy execution successful.
2026-03-20 17:04:23.664 [INF] Microsoft.AspNetCore.Routing.EndpointMiddleware | Executing endpoint 'backend.Controllers.EmployeesController.GetEmployees (backend)'
2026-03-20 17:04:23.664 [INF] Microsoft.AspNetCore.Mvc.Infrastructure.ControllerActionInvoker | Route matched with {action = "GetEmployees", controller = "Employees"}. Executing controller action with signature System.Threading.Tasks.Task`1[Microsoft.AspNetCore.Mvc.IActionResult] GetEmployees(System.Nullable`1[System.Int32]) on controller backend.Controllers.EmployeesController (backend).
2026-03-20 17:04:23.664 [INF] backend.Controllers.EmployeesController | [Employees] GET all | TargetOrgId=2 | UserOrgId=2
2026-03-20 17:04:23.675 [INF] Microsoft.AspNetCore.Mvc.Infrastructure.ObjectResultExecutor | Executing OkObjectResult, writing value of type 'System.Collections.Generic.List`1[[backend.Models.Employee, backend, Version=1.0.0.0, Culture=neutral, PublicKeyToken=null]]'.
2026-03-20 17:04:23.675 [INF] Microsoft.AspNetCore.Mvc.Infrastructure.ControllerActionInvoker | Executed action backend.Controllers.EmployeesController.GetEmployees (backend) in 10.8148ms
2026-03-20 17:04:23.675 [INF] Microsoft.AspNetCore.Routing.EndpointMiddleware | Executed endpoint 'backend.Controllers.EmployeesController.GetEmployees (backend)'
2026-03-20 17:04:23.675 [INF] Serilog.AspNetCore.RequestLoggingMiddleware | HTTP GET /api/employees → 200 (11.0ms)
2026-03-20 17:04:23.675 [INF] Microsoft.AspNetCore.Hosting.Diagnostics | Request finished HTTP/1.1 GET http://localhost:5217/api/employees?organizationId=2 - 200 null application/json; charset=utf-8 11.6732ms
2026-03-20 17:04:53.014 [INF] Microsoft.AspNetCore.Hosting.Diagnostics | Request starting HTTP/1.1 OPTIONS http://localhost:5217/api/FaceAttendance/register-embedding - null null
2026-03-20 17:04:53.015 [INF] Microsoft.AspNetCore.Cors.Infrastructure.CorsService | CORS policy execution successful.
2026-03-20 17:04:53.015 [INF] Microsoft.AspNetCore.Hosting.Diagnostics | Request finished HTTP/1.1 OPTIONS http://localhost:5217/api/FaceAttendance/register-embedding - 204 null null 0.1504ms
2026-03-20 17:04:53.016 [INF] Microsoft.AspNetCore.Hosting.Diagnostics | Request starting HTTP/1.1 POST http://localhost:5217/api/FaceAttendance/register-embedding - application/json 2643
2026-03-20 17:04:53.016 [INF] Microsoft.AspNetCore.Cors.Infrastructure.CorsService | CORS policy execution successful.
2026-03-20 17:04:53.016 [INF] Microsoft.AspNetCore.Routing.EndpointMiddleware | Executing endpoint 'backend.Controllers.FaceAttendanceController.RegisterEmbedding (backend)'
2026-03-20 17:04:53.016 [INF] Microsoft.AspNetCore.Mvc.Infrastructure.ControllerActionInvoker | Route matched with {action = "RegisterEmbedding", controller = "FaceAttendance"}. Executing controller action with signature System.Threading.Tasks.Task`1[Microsoft.AspNetCore.Mvc.IActionResult] RegisterEmbedding(FaceEmbeddingRequest) on controller backend.Controllers.FaceAttendanceController (backend).
2026-03-20 17:04:53.017 [INF] backend.Controllers.FaceAttendanceController | Registering embedding for Emp1235
2026-03-20 17:04:53.029 [INF] Microsoft.AspNetCore.Mvc.Infrastructure.ObjectResultExecutor | Executing OkObjectResult, writing value of type '<>f__AnonymousType45`2[[System.String, System.Private.CoreLib, Version=10.0.0.0, Culture=neutral, PublicKeyToken=7cec85d7bea7798e],[System.String, System.Private.CoreLib, Version=10.0.0.0, Culture=neutral, PublicKeyToken=7cec85d7bea7798e]]'.
2026-03-20 17:04:53.030 [INF] Microsoft.AspNetCore.Mvc.Infrastructure.ControllerActionInvoker | Executed action backend.Controllers.FaceAttendanceController.RegisterEmbedding (backend) in 13.5167ms
2026-03-20 17:04:53.030 [INF] Microsoft.AspNetCore.Routing.EndpointMiddleware | Executed endpoint 'backend.Controllers.FaceAttendanceController.RegisterEmbedding (backend)'
2026-03-20 17:04:53.030 [INF] Serilog.AspNetCore.RequestLoggingMiddleware | HTTP POST /api/FaceAttendance/register-embedding → 200 (13.7ms)
2026-03-20 17:04:53.030 [INF] Microsoft.AspNetCore.Hosting.Diagnostics | Request finished HTTP/1.1 POST http://localhost:5217/api/FaceAttendance/register-embedding - 200 null application/json; charset=utf-8 13.8869ms
2026-03-20 17:05:15.568 [INF] Microsoft.AspNetCore.Hosting.Diagnostics | Request starting HTTP/1.1 OPTIONS http://localhost:5217/api/organizations - null null
2026-03-20 17:05:15.568 [INF] Microsoft.AspNetCore.Cors.Infrastructure.CorsService | CORS policy execution successful.
2026-03-20 17:05:15.568 [INF] Microsoft.AspNetCore.Hosting.Diagnostics | Request finished HTTP/1.1 OPTIONS http://localhost:5217/api/organizations - 204 null null 0.2461ms
2026-03-20 17:05:15.570 [INF] Microsoft.AspNetCore.Hosting.Diagnostics | Request starting HTTP/1.1 GET http://localhost:5217/api/organizations - application/json null
2026-03-20 17:05:15.570 [INF] Microsoft.AspNetCore.Cors.Infrastructure.CorsService | CORS policy execution successful.
2026-03-20 17:05:15.570 [INF] Microsoft.AspNetCore.Routing.EndpointMiddleware | Executing endpoint 'backend.Controllers.OrganizationsController.GetOrganizations (backend)'
2026-03-20 17:05:15.570 [INF] Microsoft.AspNetCore.Mvc.Infrastructure.ControllerActionInvoker | Route matched with {action = "GetOrganizations", controller = "Organizations"}. Executing controller action with signature System.Threading.Tasks.Task`1[Microsoft.AspNetCore.Mvc.IActionResult] GetOrganizations() on controller backend.Controllers.OrganizationsController (backend).
2026-03-20 17:05:15.570 [INF] backend.Controllers.OrganizationsController | [Orgs] GET all requested | Role=SuperAdmin | UserId=18
2026-03-20 17:05:15.582 [INF] Microsoft.AspNetCore.Mvc.Infrastructure.ObjectResultExecutor | Executing OkObjectResult, writing value of type 'System.Collections.Generic.List`1[[backend.Models.Organization, backend, Version=1.0.0.0, Culture=neutral, PublicKeyToken=null]]'.
2026-03-20 17:05:15.582 [INF] Microsoft.AspNetCore.Mvc.Infrastructure.ControllerActionInvoker | Executed action backend.Controllers.OrganizationsController.GetOrganizations (backend) in 11.5106ms
2026-03-20 17:05:15.582 [INF] Microsoft.AspNetCore.Routing.EndpointMiddleware | Executed endpoint 'backend.Controllers.OrganizationsController.GetOrganizations (backend)'
2026-03-20 17:05:15.582 [INF] Serilog.AspNetCore.RequestLoggingMiddleware | HTTP GET /api/organizations → 200 (11.7ms)
2026-03-20 17:05:15.582 [INF] Microsoft.AspNetCore.Hosting.Diagnostics | Request finished HTTP/1.1 GET http://localhost:5217/api/organizations - 200 null application/json; charset=utf-8 12.3357ms
2026-03-20 17:05:15.612 [INF] Microsoft.AspNetCore.Hosting.Diagnostics | Request starting HTTP/1.1 OPTIONS http://localhost:5217/api/leads - null null
2026-03-20 17:05:15.612 [INF] Microsoft.AspNetCore.Cors.Infrastructure.CorsService | CORS policy execution successful.
2026-03-20 17:05:15.612 [INF] Microsoft.AspNetCore.Hosting.Diagnostics | Request finished HTTP/1.1 OPTIONS http://localhost:5217/api/leads - 204 null null 0.1468ms
2026-03-20 17:05:15.615 [INF] Microsoft.AspNetCore.Hosting.Diagnostics | Request starting HTTP/1.1 GET http://localhost:5217/api/leads - application/json null
2026-03-20 17:05:15.615 [INF] Microsoft.AspNetCore.Cors.Infrastructure.CorsService | CORS policy execution successful.
2026-03-20 17:05:15.615 [INF] Microsoft.AspNetCore.Routing.EndpointMiddleware | Executing endpoint 'backend.Controllers.LeadsController.GetLeads (backend)'
2026-03-20 17:05:15.615 [INF] Microsoft.AspNetCore.Mvc.Infrastructure.ControllerActionInvoker | Route matched with {action = "GetLeads", controller = "Leads"}. Executing controller action with signature System.Threading.Tasks.Task`1[System.Collections.Generic.IEnumerable`1[backend.Models.Lead]] GetLeads() on controller backend.Controllers.LeadsController (backend).
2026-03-20 17:05:15.625 [INF] Microsoft.AspNetCore.Mvc.Infrastructure.ObjectResultExecutor | Executing ObjectResult, writing value of type 'System.Collections.Generic.List`1[[backend.Models.Lead, backend, Version=1.0.0.0, Culture=neutral, PublicKeyToken=null]]'.
2026-03-20 17:05:15.625 [INF] Microsoft.AspNetCore.Mvc.Infrastructure.ControllerActionInvoker | Executed action backend.Controllers.LeadsController.GetLeads (backend) in 9.9173ms
2026-03-20 17:05:15.625 [INF] Microsoft.AspNetCore.Routing.EndpointMiddleware | Executed endpoint 'backend.Controllers.LeadsController.GetLeads (backend)'
2026-03-20 17:05:15.625 [INF] Serilog.AspNetCore.RequestLoggingMiddleware | HTTP GET /api/leads → 200 (10.1ms)
2026-03-20 17:05:15.625 [INF] Microsoft.AspNetCore.Hosting.Diagnostics | Request finished HTTP/1.1 GET http://localhost:5217/api/leads - 200 null application/json; charset=utf-8 10.5544ms
2026-03-20 17:05:15.759 [INF] Microsoft.AspNetCore.Hosting.Diagnostics | Request starting HTTP/1.1 OPTIONS http://localhost:5217/api/employees?organizationId=2 - null null
2026-03-20 17:05:15.759 [INF] Microsoft.AspNetCore.Cors.Infrastructure.CorsService | CORS policy execution successful.
2026-03-20 17:05:15.760 [INF] Microsoft.AspNetCore.Hosting.Diagnostics | Request finished HTTP/1.1 OPTIONS http://localhost:5217/api/employees?organizationId=2 - 204 null null 0.138ms
2026-03-20 17:05:15.762 [INF] Microsoft.AspNetCore.Hosting.Diagnostics | Request starting HTTP/1.1 GET http://localhost:5217/api/employees?organizationId=2 - application/json null
2026-03-20 17:05:15.762 [INF] Microsoft.AspNetCore.Cors.Infrastructure.CorsService | CORS policy execution successful.
2026-03-20 17:05:15.763 [INF] Microsoft.AspNetCore.Routing.EndpointMiddleware | Executing endpoint 'backend.Controllers.EmployeesController.GetEmployees (backend)'
2026-03-20 17:05:15.763 [INF] Microsoft.AspNetCore.Mvc.Infrastructure.ControllerActionInvoker | Route matched with {action = "GetEmployees", controller = "Employees"}. Executing controller action with signature System.Threading.Tasks.Task`1[Microsoft.AspNetCore.Mvc.IActionResult] GetEmployees(System.Nullable`1[System.Int32]) on controller backend.Controllers.EmployeesController (backend).
2026-03-20 17:05:15.763 [INF] backend.Controllers.EmployeesController | [Employees] GET all | TargetOrgId=2 | UserOrgId=2
2026-03-20 17:05:15.775 [INF] Microsoft.AspNetCore.Mvc.Infrastructure.ObjectResultExecutor | Executing OkObjectResult, writing value of type 'System.Collections.Generic.List`1[[backend.Models.Employee, backend, Version=1.0.0.0, Culture=neutral, PublicKeyToken=null]]'.
2026-03-20 17:05:15.775 [INF] Microsoft.AspNetCore.Mvc.Infrastructure.ControllerActionInvoker | Executed action backend.Controllers.EmployeesController.GetEmployees (backend) in 12.7251ms
2026-03-20 17:05:15.776 [INF] Microsoft.AspNetCore.Routing.EndpointMiddleware | Executed endpoint 'backend.Controllers.EmployeesController.GetEmployees (backend)'
2026-03-20 17:05:15.776 [INF] Serilog.AspNetCore.RequestLoggingMiddleware | HTTP GET /api/employees → 200 (12.9ms)
2026-03-20 17:05:15.776 [INF] Microsoft.AspNetCore.Hosting.Diagnostics | Request finished HTTP/1.1 GET http://localhost:5217/api/employees?organizationId=2 - 200 null application/json; charset=utf-8 13.6055ms
2026-03-20 17:05:15.827 [INF] Microsoft.AspNetCore.Hosting.Diagnostics | Request starting HTTP/1.1 OPTIONS http://localhost:5217/api/ShiftAssignments/roster?start=2026-03-20&end=2026-03-27&orgId=2 - null null
2026-03-20 17:05:15.827 [INF] Microsoft.AspNetCore.Cors.Infrastructure.CorsService | CORS policy execution successful.
2026-03-20 17:05:15.827 [INF] Microsoft.AspNetCore.Hosting.Diagnostics | Request finished HTTP/1.1 OPTIONS http://localhost:5217/api/ShiftAssignments/roster?start=2026-03-20&end=2026-03-27&orgId=2 - 204 null null 0.1407ms
2026-03-20 17:05:15.829 [INF] Microsoft.AspNetCore.Hosting.Diagnostics | Request starting HTTP/1.1 GET http://localhost:5217/api/ShiftAssignments/roster?start=2026-03-20&end=2026-03-27&orgId=2 - application/json null
2026-03-20 17:05:15.829 [INF] Microsoft.AspNetCore.Cors.Infrastructure.CorsService | CORS policy execution successful.
2026-03-20 17:05:15.829 [INF] Microsoft.AspNetCore.Routing.EndpointMiddleware | Executing endpoint 'backend.Controllers.ShiftAssignmentsController.GetMonthlyRosterFixed (backend)'
2026-03-20 17:05:15.830 [INF] Microsoft.AspNetCore.Mvc.Infrastructure.ControllerActionInvoker | Route matched with {action = "GetMonthlyRosterFixed", controller = "ShiftAssignments"}. Executing controller action with signature System.Threading.Tasks.Task`1[Microsoft.AspNetCore.Mvc.IActionResult] GetMonthlyRosterFixed(System.String, System.String, System.Nullable`1[System.Int32]) on controller backend.Controllers.ShiftAssignmentsController (backend).
2026-03-20 17:05:15.840 [INF] Microsoft.AspNetCore.Mvc.Infrastructure.ObjectResultExecutor | Executing OkObjectResult, writing value of type 'System.Collections.Generic.List`1[[backend.Models.EmployeeSchedule, backend, Version=1.0.0.0, Culture=neutral, PublicKeyToken=null]]'.
2026-03-20 17:05:15.840 [INF] Microsoft.AspNetCore.Mvc.Infrastructure.ControllerActionInvoker | Executed action backend.Controllers.ShiftAssignmentsController.GetMonthlyRosterFixed (backend) in 10.9534ms
2026-03-20 17:05:15.841 [INF] Microsoft.AspNetCore.Routing.EndpointMiddleware | Executed endpoint 'backend.Controllers.ShiftAssignmentsController.GetMonthlyRosterFixed (backend)'
2026-03-20 17:05:15.841 [INF] Serilog.AspNetCore.RequestLoggingMiddleware | HTTP GET /api/ShiftAssignments/roster → 200 (11.1ms)
2026-03-20 17:05:15.841 [INF] Microsoft.AspNetCore.Hosting.Diagnostics | Request finished HTTP/1.1 GET http://localhost:5217/api/ShiftAssignments/roster?start=2026-03-20&end=2026-03-27&orgId=2 - 200 null application/json; charset=utf-8 11.5611ms
2026-03-20 17:05:15.957 [INF] Microsoft.AspNetCore.Hosting.Diagnostics | Request starting HTTP/1.1 OPTIONS http://localhost:5217/api/Attendance/status?employeeId=31&orgId=2 - null null
2026-03-20 17:05:15.958 [INF] Microsoft.AspNetCore.Cors.Infrastructure.CorsService | CORS policy execution successful.
2026-03-20 17:05:15.958 [INF] Microsoft.AspNetCore.Hosting.Diagnostics | Request finished HTTP/1.1 OPTIONS http://localhost:5217/api/Attendance/status?employeeId=31&orgId=2 - 204 null null 0.8847ms
2026-03-20 17:05:15.960 [INF] Microsoft.AspNetCore.Hosting.Diagnostics | Request starting HTTP/1.1 GET http://localhost:5217/api/Attendance/status?employeeId=31&orgId=2 - application/json null
2026-03-20 17:05:15.960 [INF] Microsoft.AspNetCore.Cors.Infrastructure.CorsService | CORS policy execution successful.
2026-03-20 17:05:15.961 [INF] Microsoft.AspNetCore.Routing.EndpointMiddleware | Executing endpoint 'backend.Controllers.AttendanceController.GetTodayStatus (backend)'
2026-03-20 17:05:15.961 [INF] Microsoft.AspNetCore.Mvc.Infrastructure.ControllerActionInvoker | Route matched with {action = "GetTodayStatus", controller = "Attendance"}. Executing controller action with signature System.Threading.Tasks.Task`1[Microsoft.AspNetCore.Mvc.IActionResult] GetTodayStatus(Int32, System.Nullable`1[System.Int32]) on controller backend.Controllers.AttendanceController (backend).
2026-03-20 17:05:15.971 [INF] Microsoft.AspNetCore.Mvc.Infrastructure.ObjectResultExecutor | Executing OkObjectResult, writing value of type 'backend.Models.AttendanceStatusResponse'.
2026-03-20 17:05:15.972 [INF] Microsoft.AspNetCore.Mvc.Infrastructure.ControllerActionInvoker | Executed action backend.Controllers.AttendanceController.GetTodayStatus (backend) in 10.6693ms
2026-03-20 17:05:15.972 [INF] Microsoft.AspNetCore.Routing.EndpointMiddleware | Executed endpoint 'backend.Controllers.AttendanceController.GetTodayStatus (backend)'
2026-03-20 17:05:15.972 [INF] Serilog.AspNetCore.RequestLoggingMiddleware | HTTP GET /api/Attendance/status → 200 (10.9ms)
2026-03-20 17:05:15.972 [INF] Microsoft.AspNetCore.Hosting.Diagnostics | Request finished HTTP/1.1 GET http://localhost:5217/api/Attendance/status?employeeId=31&orgId=2 - 200 null application/json; charset=utf-8 11.7917ms
2026-03-20 17:05:20.568 [INF] Microsoft.AspNetCore.Hosting.Diagnostics | Request starting HTTP/1.1 GET http://localhost:5217/api/employees?organizationId=2 - application/json null
2026-03-20 17:05:20.568 [INF] Microsoft.AspNetCore.Cors.Infrastructure.CorsService | CORS policy execution successful.
2026-03-20 17:05:20.569 [INF] Microsoft.AspNetCore.Routing.EndpointMiddleware | Executing endpoint 'backend.Controllers.EmployeesController.GetEmployees (backend)'
2026-03-20 17:05:20.569 [INF] Microsoft.AspNetCore.Mvc.Infrastructure.ControllerActionInvoker | Route matched with {action = "GetEmployees", controller = "Employees"}. Executing controller action with signature System.Threading.Tasks.Task`1[Microsoft.AspNetCore.Mvc.IActionResult] GetEmployees(System.Nullable`1[System.Int32]) on controller backend.Controllers.EmployeesController (backend).
2026-03-20 17:05:20.569 [INF] backend.Controllers.EmployeesController | [Employees] GET all | TargetOrgId=2 | UserOrgId=2
2026-03-20 17:05:20.579 [INF] Microsoft.AspNetCore.Mvc.Infrastructure.ObjectResultExecutor | Executing OkObjectResult, writing value of type 'System.Collections.Generic.List`1[[backend.Models.Employee, backend, Version=1.0.0.0, Culture=neutral, PublicKeyToken=null]]'.
2026-03-20 17:05:20.579 [INF] Microsoft.AspNetCore.Mvc.Infrastructure.ControllerActionInvoker | Executed action backend.Controllers.EmployeesController.GetEmployees (backend) in 9.9938ms
2026-03-20 17:05:20.579 [INF] Microsoft.AspNetCore.Routing.EndpointMiddleware | Executed endpoint 'backend.Controllers.EmployeesController.GetEmployees (backend)'
2026-03-20 17:05:20.579 [INF] Serilog.AspNetCore.RequestLoggingMiddleware | HTTP GET /api/employees → 200 (10.1ms)
2026-03-20 17:05:20.579 [INF] Microsoft.AspNetCore.Hosting.Diagnostics | Request finished HTTP/1.1 GET http://localhost:5217/api/employees?organizationId=2 - 200 null application/json; charset=utf-8 10.7851ms
2026-03-20 17:05:29.439 [INF] Microsoft.AspNetCore.Hosting.Diagnostics | Request starting HTTP/1.1 OPTIONS http://localhost:5217/api/FaceAttendance/match-embedding - null null
2026-03-20 17:05:29.439 [INF] Microsoft.AspNetCore.Cors.Infrastructure.CorsService | CORS policy execution successful.
2026-03-20 17:05:29.440 [INF] Microsoft.AspNetCore.Hosting.Diagnostics | Request finished HTTP/1.1 OPTIONS http://localhost:5217/api/FaceAttendance/match-embedding - 204 null null 0.223ms
2026-03-20 17:05:29.441 [INF] Microsoft.AspNetCore.Hosting.Diagnostics | Request starting HTTP/1.1 POST http://localhost:5217/api/FaceAttendance/match-embedding - application/json 2609
2026-03-20 17:05:29.441 [INF] Microsoft.AspNetCore.Cors.Infrastructure.CorsService | CORS policy execution successful.
2026-03-20 17:05:29.441 [INF] Microsoft.AspNetCore.Routing.EndpointMiddleware | Executing endpoint 'backend.Controllers.FaceAttendanceController.MatchEmbedding (backend)'
2026-03-20 17:05:29.441 [INF] Microsoft.AspNetCore.Mvc.Infrastructure.ControllerActionInvoker | Route matched with {action = "MatchEmbedding", controller = "FaceAttendance"}. Executing controller action with signature System.Threading.Tasks.Task`1[Microsoft.AspNetCore.Mvc.IActionResult] MatchEmbedding(FaceMatchRequest) on controller backend.Controllers.FaceAttendanceController (backend).
2026-03-20 17:05:29.441 [INF] backend.Controllers.FaceAttendanceController | Matching face embedding using stored procedure...
2026-03-20 17:05:29.451 [WRN] backend.Controllers.FaceAttendanceController | No match found above threshold 0.95. Best was -1
2026-03-20 17:05:29.451 [INF] Microsoft.AspNetCore.Mvc.Infrastructure.ObjectResultExecutor | Executing OkObjectResult, writing value of type '<>f__AnonymousType45`2[[System.String, System.Private.CoreLib, Version=10.0.0.0, Culture=neutral, PublicKeyToken=7cec85d7bea7798e],[System.String, System.Private.CoreLib, Version=10.0.0.0, Culture=neutral, PublicKeyToken=7cec85d7bea7798e]]'.
2026-03-20 17:05:29.452 [INF] Microsoft.AspNetCore.Mvc.Infrastructure.ControllerActionInvoker | Executed action backend.Controllers.FaceAttendanceController.MatchEmbedding (backend) in 10.8413ms
2026-03-20 17:05:29.452 [INF] Microsoft.AspNetCore.Routing.EndpointMiddleware | Executed endpoint 'backend.Controllers.FaceAttendanceController.MatchEmbedding (backend)'
2026-03-20 17:05:29.452 [INF] Serilog.AspNetCore.RequestLoggingMiddleware | HTTP POST /api/FaceAttendance/match-embedding → 200 (11.0ms)
2026-03-20 17:05:29.452 [INF] Microsoft.AspNetCore.Hosting.Diagnostics | Request finished HTTP/1.1 POST http://localhost:5217/api/FaceAttendance/match-embedding - 200 null application/json; charset=utf-8 11.1499ms
2026-03-20 17:05:40.703 [INF] Microsoft.AspNetCore.Hosting.Diagnostics | Request starting HTTP/1.1 OPTIONS http://localhost:5217/api/organizations - null null
2026-03-20 17:05:40.704 [INF] Microsoft.AspNetCore.Cors.Infrastructure.CorsService | CORS policy execution successful.
2026-03-20 17:05:40.704 [INF] Microsoft.AspNetCore.Hosting.Diagnostics | Request finished HTTP/1.1 OPTIONS http://localhost:5217/api/organizations - 204 null null 0.3275ms
2026-03-20 17:05:40.706 [INF] Microsoft.AspNetCore.Hosting.Diagnostics | Request starting HTTP/1.1 GET http://localhost:5217/api/organizations - application/json null
2026-03-20 17:05:40.706 [INF] Microsoft.AspNetCore.Cors.Infrastructure.CorsService | CORS policy execution successful.
2026-03-20 17:05:40.707 [INF] Microsoft.AspNetCore.Routing.EndpointMiddleware | Executing endpoint 'backend.Controllers.OrganizationsController.GetOrganizations (backend)'
2026-03-20 17:05:40.707 [INF] Microsoft.AspNetCore.Mvc.Infrastructure.ControllerActionInvoker | Route matched with {action = "GetOrganizations", controller = "Organizations"}. Executing controller action with signature System.Threading.Tasks.Task`1[Microsoft.AspNetCore.Mvc.IActionResult] GetOrganizations() on controller backend.Controllers.OrganizationsController (backend).
2026-03-20 17:05:40.707 [INF] backend.Controllers.OrganizationsController | [Orgs] GET all requested | Role=SuperAdmin | UserId=18
2026-03-20 17:05:40.718 [INF] Microsoft.AspNetCore.Mvc.Infrastructure.ObjectResultExecutor | Executing OkObjectResult, writing value of type 'System.Collections.Generic.List`1[[backend.Models.Organization, backend, Version=1.0.0.0, Culture=neutral, PublicKeyToken=null]]'.
2026-03-20 17:05:40.718 [INF] Microsoft.AspNetCore.Mvc.Infrastructure.ControllerActionInvoker | Executed action backend.Controllers.OrganizationsController.GetOrganizations (backend) in 10.7288ms
2026-03-20 17:05:40.718 [INF] Microsoft.AspNetCore.Routing.EndpointMiddleware | Executed endpoint 'backend.Controllers.OrganizationsController.GetOrganizations (backend)'
2026-03-20 17:05:40.718 [INF] Serilog.AspNetCore.RequestLoggingMiddleware | HTTP GET /api/organizations → 200 (11.0ms)
2026-03-20 17:05:40.718 [INF] Microsoft.AspNetCore.Hosting.Diagnostics | Request finished HTTP/1.1 GET http://localhost:5217/api/organizations - 200 null application/json; charset=utf-8 11.6802ms
2026-03-20 17:05:40.741 [INF] Microsoft.AspNetCore.Hosting.Diagnostics | Request starting HTTP/1.1 OPTIONS http://localhost:5217/api/leads - null null
2026-03-20 17:05:40.741 [INF] Microsoft.AspNetCore.Cors.Infrastructure.CorsService | CORS policy execution successful.
2026-03-20 17:05:40.741 [INF] Microsoft.AspNetCore.Hosting.Diagnostics | Request finished HTTP/1.1 OPTIONS http://localhost:5217/api/leads - 204 null null 0.1282ms
2026-03-20 17:05:40.742 [INF] Microsoft.AspNetCore.Hosting.Diagnostics | Request starting HTTP/1.1 GET http://localhost:5217/api/leads - application/json null
2026-03-20 17:05:40.742 [INF] Microsoft.AspNetCore.Cors.Infrastructure.CorsService | CORS policy execution successful.
2026-03-20 17:05:40.743 [INF] Microsoft.AspNetCore.Routing.EndpointMiddleware | Executing endpoint 'backend.Controllers.LeadsController.GetLeads (backend)'
2026-03-20 17:05:40.743 [INF] Microsoft.AspNetCore.Mvc.Infrastructure.ControllerActionInvoker | Route matched with {action = "GetLeads", controller = "Leads"}. Executing controller action with signature System.Threading.Tasks.Task`1[System.Collections.Generic.IEnumerable`1[backend.Models.Lead]] GetLeads() on controller backend.Controllers.LeadsController (backend).
2026-03-20 17:05:40.753 [INF] Microsoft.AspNetCore.Mvc.Infrastructure.ObjectResultExecutor | Executing ObjectResult, writing value of type 'System.Collections.Generic.List`1[[backend.Models.Lead, backend, Version=1.0.0.0, Culture=neutral, PublicKeyToken=null]]'.
2026-03-20 17:05:40.753 [INF] Microsoft.AspNetCore.Mvc.Infrastructure.ControllerActionInvoker | Executed action backend.Controllers.LeadsController.GetLeads (backend) in 10.0596ms
2026-03-20 17:05:40.753 [INF] Microsoft.AspNetCore.Routing.EndpointMiddleware | Executed endpoint 'backend.Controllers.LeadsController.GetLeads (backend)'
2026-03-20 17:05:40.753 [INF] Serilog.AspNetCore.RequestLoggingMiddleware | HTTP GET /api/leads → 200 (10.2ms)
2026-03-20 17:05:40.753 [INF] Microsoft.AspNetCore.Hosting.Diagnostics | Request finished HTTP/1.1 GET http://localhost:5217/api/leads - 200 null application/json; charset=utf-8 10.6232ms
2026-03-20 17:05:40.817 [INF] Microsoft.AspNetCore.Hosting.Diagnostics | Request starting HTTP/1.1 OPTIONS http://localhost:5217/api/employees?organizationId=2 - null null
2026-03-20 17:05:40.817 [INF] Microsoft.AspNetCore.Cors.Infrastructure.CorsService | CORS policy execution successful.
2026-03-20 17:05:40.817 [INF] Microsoft.AspNetCore.Hosting.Diagnostics | Request finished HTTP/1.1 OPTIONS http://localhost:5217/api/employees?organizationId=2 - 204 null null 0.2402ms
2026-03-20 17:05:40.819 [INF] Microsoft.AspNetCore.Hosting.Diagnostics | Request starting HTTP/1.1 GET http://localhost:5217/api/employees?organizationId=2 - application/json null
2026-03-20 17:05:40.819 [INF] Microsoft.AspNetCore.Cors.Infrastructure.CorsService | CORS policy execution successful.
2026-03-20 17:05:40.819 [INF] Microsoft.AspNetCore.Routing.EndpointMiddleware | Executing endpoint 'backend.Controllers.EmployeesController.GetEmployees (backend)'
2026-03-20 17:05:40.819 [INF] Microsoft.AspNetCore.Mvc.Infrastructure.ControllerActionInvoker | Route matched with {action = "GetEmployees", controller = "Employees"}. Executing controller action with signature System.Threading.Tasks.Task`1[Microsoft.AspNetCore.Mvc.IActionResult] GetEmployees(System.Nullable`1[System.Int32]) on controller backend.Controllers.EmployeesController (backend).
2026-03-20 17:05:40.819 [INF] backend.Controllers.EmployeesController | [Employees] GET all | TargetOrgId=2 | UserOrgId=2
2026-03-20 17:05:40.830 [INF] Microsoft.AspNetCore.Mvc.Infrastructure.ObjectResultExecutor | Executing OkObjectResult, writing value of type 'System.Collections.Generic.List`1[[backend.Models.Employee, backend, Version=1.0.0.0, Culture=neutral, PublicKeyToken=null]]'.
2026-03-20 17:05:40.830 [INF] Microsoft.AspNetCore.Mvc.Infrastructure.ControllerActionInvoker | Executed action backend.Controllers.EmployeesController.GetEmployees (backend) in 10.9747ms
2026-03-20 17:05:40.830 [INF] Microsoft.AspNetCore.Routing.EndpointMiddleware | Executed endpoint 'backend.Controllers.EmployeesController.GetEmployees (backend)'
2026-03-20 17:05:40.830 [INF] Serilog.AspNetCore.RequestLoggingMiddleware | HTTP GET /api/employees → 200 (11.2ms)
2026-03-20 17:05:40.830 [INF] Microsoft.AspNetCore.Hosting.Diagnostics | Request finished HTTP/1.1 GET http://localhost:5217/api/employees?organizationId=2 - 200 null application/json; charset=utf-8 11.6658ms
2026-03-20 17:05:40.855 [INF] Microsoft.AspNetCore.Hosting.Diagnostics | Request starting HTTP/1.1 OPTIONS http://localhost:5217/api/ShiftAssignments/roster?start=2026-03-20&end=2026-03-27&orgId=2 - null null
2026-03-20 17:05:40.855 [INF] Microsoft.AspNetCore.Cors.Infrastructure.CorsService | CORS policy execution successful.
2026-03-20 17:05:40.855 [INF] Microsoft.AspNetCore.Hosting.Diagnostics | Request finished HTTP/1.1 OPTIONS http://localhost:5217/api/ShiftAssignments/roster?start=2026-03-20&end=2026-03-27&orgId=2 - 204 null null 0.1618ms
2026-03-20 17:05:40.856 [INF] Microsoft.AspNetCore.Hosting.Diagnostics | Request starting HTTP/1.1 GET http://localhost:5217/api/ShiftAssignments/roster?start=2026-03-20&end=2026-03-27&orgId=2 - application/json null
2026-03-20 17:05:40.856 [INF] Microsoft.AspNetCore.Cors.Infrastructure.CorsService | CORS policy execution successful.
2026-03-20 17:05:40.856 [INF] Microsoft.AspNetCore.Routing.EndpointMiddleware | Executing endpoint 'backend.Controllers.ShiftAssignmentsController.GetMonthlyRosterFixed (backend)'
2026-03-20 17:05:40.856 [INF] Microsoft.AspNetCore.Mvc.Infrastructure.ControllerActionInvoker | Route matched with {action = "GetMonthlyRosterFixed", controller = "ShiftAssignments"}. Executing controller action with signature System.Threading.Tasks.Task`1[Microsoft.AspNetCore.Mvc.IActionResult] GetMonthlyRosterFixed(System.String, System.String, System.Nullable`1[System.Int32]) on controller backend.Controllers.ShiftAssignmentsController (backend).
2026-03-20 17:05:40.867 [INF] Microsoft.AspNetCore.Mvc.Infrastructure.ObjectResultExecutor | Executing OkObjectResult, writing value of type 'System.Collections.Generic.List`1[[backend.Models.EmployeeSchedule, backend, Version=1.0.0.0, Culture=neutral, PublicKeyToken=null]]'.
2026-03-20 17:05:40.867 [INF] Microsoft.AspNetCore.Mvc.Infrastructure.ControllerActionInvoker | Executed action backend.Controllers.ShiftAssignmentsController.GetMonthlyRosterFixed (backend) in 10.5123ms
2026-03-20 17:05:40.867 [INF] Microsoft.AspNetCore.Routing.EndpointMiddleware | Executed endpoint 'backend.Controllers.ShiftAssignmentsController.GetMonthlyRosterFixed (backend)'
2026-03-20 17:05:40.867 [INF] Serilog.AspNetCore.RequestLoggingMiddleware | HTTP GET /api/ShiftAssignments/roster → 200 (10.7ms)
2026-03-20 17:05:40.867 [INF] Microsoft.AspNetCore.Hosting.Diagnostics | Request finished HTTP/1.1 GET http://localhost:5217/api/ShiftAssignments/roster?start=2026-03-20&end=2026-03-27&orgId=2 - 200 null application/json; charset=utf-8 11.1348ms
2026-03-20 17:05:40.931 [INF] Microsoft.AspNetCore.Hosting.Diagnostics | Request starting HTTP/1.1 OPTIONS http://localhost:5217/api/Attendance/status?employeeId=31&orgId=2 - null null
2026-03-20 17:05:40.931 [INF] Microsoft.AspNetCore.Cors.Infrastructure.CorsService | CORS policy execution successful.
2026-03-20 17:05:40.931 [INF] Microsoft.AspNetCore.Hosting.Diagnostics | Request finished HTTP/1.1 OPTIONS http://localhost:5217/api/Attendance/status?employeeId=31&orgId=2 - 204 null null 0.159ms
2026-03-20 17:05:40.933 [INF] Microsoft.AspNetCore.Hosting.Diagnostics | Request starting HTTP/1.1 GET http://localhost:5217/api/Attendance/status?employeeId=31&orgId=2 - application/json null
2026-03-20 17:05:40.933 [INF] Microsoft.AspNetCore.Cors.Infrastructure.CorsService | CORS policy execution successful.
2026-03-20 17:05:40.934 [INF] Microsoft.AspNetCore.Routing.EndpointMiddleware | Executing endpoint 'backend.Controllers.AttendanceController.GetTodayStatus (backend)'
2026-03-20 17:05:40.934 [INF] Microsoft.AspNetCore.Mvc.Infrastructure.ControllerActionInvoker | Route matched with {action = "GetTodayStatus", controller = "Attendance"}. Executing controller action with signature System.Threading.Tasks.Task`1[Microsoft.AspNetCore.Mvc.IActionResult] GetTodayStatus(Int32, System.Nullable`1[System.Int32]) on controller backend.Controllers.AttendanceController (backend).
2026-03-20 17:05:40.945 [INF] Microsoft.AspNetCore.Mvc.Infrastructure.ObjectResultExecutor | Executing OkObjectResult, writing value of type 'backend.Models.AttendanceStatusResponse'.
2026-03-20 17:05:40.946 [INF] Microsoft.AspNetCore.Mvc.Infrastructure.ControllerActionInvoker | Executed action backend.Controllers.AttendanceController.GetTodayStatus (backend) in 11.7797ms
2026-03-20 17:05:40.946 [INF] Microsoft.AspNetCore.Routing.EndpointMiddleware | Executed endpoint 'backend.Controllers.AttendanceController.GetTodayStatus (backend)'
2026-03-20 17:05:40.946 [INF] Serilog.AspNetCore.RequestLoggingMiddleware | HTTP GET /api/Attendance/status → 200 (12.0ms)
2026-03-20 17:05:40.946 [INF] Microsoft.AspNetCore.Hosting.Diagnostics | Request finished HTTP/1.1 GET http://localhost:5217/api/Attendance/status?employeeId=31&orgId=2 - 200 null application/json; charset=utf-8 12.4963ms
2026-03-20 17:06:56.317 [INF] Microsoft.AspNetCore.Hosting.Diagnostics | Request starting HTTP/1.1 OPTIONS http://localhost:5217/api/employees?organizationId=2 - null null
2026-03-20 17:06:56.317 [INF] Microsoft.AspNetCore.Cors.Infrastructure.CorsService | CORS policy execution successful.
2026-03-20 17:06:56.317 [INF] Microsoft.AspNetCore.Hosting.Diagnostics | Request finished HTTP/1.1 OPTIONS http://localhost:5217/api/employees?organizationId=2 - 204 null null 0.4766ms
2026-03-20 17:06:56.322 [INF] Microsoft.AspNetCore.Hosting.Diagnostics | Request starting HTTP/1.1 GET http://localhost:5217/api/employees?organizationId=2 - application/json null
2026-03-20 17:06:56.322 [INF] Microsoft.AspNetCore.Cors.Infrastructure.CorsService | CORS policy execution successful.
2026-03-20 17:06:56.322 [INF] Microsoft.AspNetCore.Routing.EndpointMiddleware | Executing endpoint 'backend.Controllers.EmployeesController.GetEmployees (backend)'
2026-03-20 17:06:56.322 [INF] Microsoft.AspNetCore.Mvc.Infrastructure.ControllerActionInvoker | Route matched with {action = "GetEmployees", controller = "Employees"}. Executing controller action with signature System.Threading.Tasks.Task`1[Microsoft.AspNetCore.Mvc.IActionResult] GetEmployees(System.Nullable`1[System.Int32]) on controller backend.Controllers.EmployeesController (backend).
2026-03-20 17:06:56.322 [INF] backend.Controllers.EmployeesController | [Employees] GET all | TargetOrgId=2 | UserOrgId=2
2026-03-20 17:06:56.358 [INF] Microsoft.AspNetCore.Mvc.Infrastructure.ObjectResultExecutor | Executing OkObjectResult, writing value of type 'System.Collections.Generic.List`1[[backend.Models.Employee, backend, Version=1.0.0.0, Culture=neutral, PublicKeyToken=null]]'.
2026-03-20 17:06:56.358 [INF] Microsoft.AspNetCore.Mvc.Infrastructure.ControllerActionInvoker | Executed action backend.Controllers.EmployeesController.GetEmployees (backend) in 35.696ms
2026-03-20 17:06:56.358 [INF] Microsoft.AspNetCore.Routing.EndpointMiddleware | Executed endpoint 'backend.Controllers.EmployeesController.GetEmployees (backend)'
2026-03-20 17:06:56.358 [INF] Serilog.AspNetCore.RequestLoggingMiddleware | HTTP GET /api/employees → 200 (35.8ms)
2026-03-20 17:06:56.358 [INF] Microsoft.AspNetCore.Hosting.Diagnostics | Request finished HTTP/1.1 GET http://localhost:5217/api/employees?organizationId=2 - 200 null application/json; charset=utf-8 36.3359ms
2026-03-20 17:07:28.884 [INF] Microsoft.AspNetCore.Hosting.Diagnostics | Request starting HTTP/1.1 OPTIONS http://localhost:5217/api/FaceAttendance/register-embedding - null null
2026-03-20 17:07:28.884 [INF] Microsoft.AspNetCore.Cors.Infrastructure.CorsService | CORS policy execution successful.
2026-03-20 17:07:28.885 [INF] Microsoft.AspNetCore.Hosting.Diagnostics | Request finished HTTP/1.1 OPTIONS http://localhost:5217/api/FaceAttendance/register-embedding - 204 null null 0.2727ms
2026-03-20 17:07:28.885 [INF] Microsoft.AspNetCore.Hosting.Diagnostics | Request starting HTTP/1.1 POST http://localhost:5217/api/FaceAttendance/register-embedding - application/json 2643
2026-03-20 17:07:28.886 [INF] Microsoft.AspNetCore.Cors.Infrastructure.CorsService | CORS policy execution successful.
2026-03-20 17:07:28.886 [INF] Microsoft.AspNetCore.Routing.EndpointMiddleware | Executing endpoint 'backend.Controllers.FaceAttendanceController.RegisterEmbedding (backend)'
2026-03-20 17:07:28.886 [INF] Microsoft.AspNetCore.Mvc.Infrastructure.ControllerActionInvoker | Route matched with {action = "RegisterEmbedding", controller = "FaceAttendance"}. Executing controller action with signature System.Threading.Tasks.Task`1[Microsoft.AspNetCore.Mvc.IActionResult] RegisterEmbedding(FaceEmbeddingRequest) on controller backend.Controllers.FaceAttendanceController (backend).
2026-03-20 17:07:28.886 [INF] backend.Controllers.FaceAttendanceController | Registering embedding for Emp1235
2026-03-20 17:07:28.896 [INF] Microsoft.AspNetCore.Mvc.Infrastructure.ObjectResultExecutor | Executing OkObjectResult, writing value of type '<>f__AnonymousType45`2[[System.String, System.Private.CoreLib, Version=10.0.0.0, Culture=neutral, PublicKeyToken=7cec85d7bea7798e],[System.String, System.Private.CoreLib, Version=10.0.0.0, Culture=neutral, PublicKeyToken=7cec85d7bea7798e]]'.
2026-03-20 17:07:28.896 [INF] Microsoft.AspNetCore.Mvc.Infrastructure.ControllerActionInvoker | Executed action backend.Controllers.FaceAttendanceController.RegisterEmbedding (backend) in 10.7681ms
2026-03-20 17:07:28.896 [INF] Microsoft.AspNetCore.Routing.EndpointMiddleware | Executed endpoint 'backend.Controllers.FaceAttendanceController.RegisterEmbedding (backend)'
2026-03-20 17:07:28.897 [INF] Serilog.AspNetCore.RequestLoggingMiddleware | HTTP POST /api/FaceAttendance/register-embedding → 200 (10.9ms)
2026-03-20 17:07:28.897 [INF] Microsoft.AspNetCore.Hosting.Diagnostics | Request finished HTTP/1.1 POST http://localhost:5217/api/FaceAttendance/register-embedding - 200 null application/json; charset=utf-8 11.0732ms
2026-03-20 17:08:25.680 [INF] Microsoft.AspNetCore.Hosting.Diagnostics | Request starting HTTP/1.1 OPTIONS http://localhost:5217/api/FaceAttendance/match-embedding - null null
2026-03-20 17:08:25.680 [INF] Microsoft.AspNetCore.Cors.Infrastructure.CorsService | CORS policy execution successful.
2026-03-20 17:08:25.680 [INF] Microsoft.AspNetCore.Hosting.Diagnostics | Request finished HTTP/1.1 OPTIONS http://localhost:5217/api/FaceAttendance/match-embedding - 204 null null 0.1466ms
2026-03-20 17:08:25.681 [INF] Microsoft.AspNetCore.Hosting.Diagnostics | Request starting HTTP/1.1 POST http://localhost:5217/api/FaceAttendance/match-embedding - application/json 2611
2026-03-20 17:08:25.681 [INF] Microsoft.AspNetCore.Cors.Infrastructure.CorsService | CORS policy execution successful.
2026-03-20 17:08:25.681 [INF] Microsoft.AspNetCore.Routing.EndpointMiddleware | Executing endpoint 'backend.Controllers.FaceAttendanceController.MatchEmbedding (backend)'
2026-03-20 17:08:25.682 [INF] Microsoft.AspNetCore.Mvc.Infrastructure.ControllerActionInvoker | Route matched with {action = "MatchEmbedding", controller = "FaceAttendance"}. Executing controller action with signature System.Threading.Tasks.Task`1[Microsoft.AspNetCore.Mvc.IActionResult] MatchEmbedding(FaceMatchRequest) on controller backend.Controllers.FaceAttendanceController (backend).
2026-03-20 17:08:25.682 [INF] backend.Controllers.FaceAttendanceController | Matching face embedding using stored procedure...
2026-03-20 17:08:25.699 [INF] backend.Controllers.FaceAttendanceController | Match found: VASANTHAKUMAR B (Emp1235) Conf: 98.93%
2026-03-20 17:08:25.699 [INF] Microsoft.AspNetCore.Mvc.Infrastructure.ObjectResultExecutor | Executing OkObjectResult, writing value of type '<>f__AnonymousType100`6[[System.String, System.Private.CoreLib, Version=10.0.0.0, Culture=neutral, PublicKeyToken=7cec85d7bea7798e],[System.String, System.Private.CoreLib, Version=10.0.0.0, Culture=neutral, PublicKeyToken=7cec85d7bea7798e],[System.String, System.Private.CoreLib, Version=10.0.0.0, Culture=neutral, PublicKeyToken=7cec85d7bea7798e],[System.String, System.Private.CoreLib, Version=10.0.0.0, Culture=neutral, PublicKeyToken=7cec85d7bea7798e],[System.String, System.Private.CoreLib, Version=10.0.0.0, Culture=neutral, PublicKeyToken=7cec85d7bea7798e],[System.Double, System.Private.CoreLib, Version=10.0.0.0, Culture=neutral, PublicKeyToken=7cec85d7bea7798e]]'.
2026-03-20 17:08:25.701 [INF] Microsoft.AspNetCore.Mvc.Infrastructure.ControllerActionInvoker | Executed action backend.Controllers.FaceAttendanceController.MatchEmbedding (backend) in 19.657ms
2026-03-20 17:08:25.701 [INF] Microsoft.AspNetCore.Routing.EndpointMiddleware | Executed endpoint 'backend.Controllers.FaceAttendanceController.MatchEmbedding (backend)'
2026-03-20 17:08:25.701 [INF] Serilog.AspNetCore.RequestLoggingMiddleware | HTTP POST /api/FaceAttendance/match-embedding → 200 (19.8ms)
2026-03-20 17:08:25.701 [INF] Microsoft.AspNetCore.Hosting.Diagnostics | Request finished HTTP/1.1 POST http://localhost:5217/api/FaceAttendance/match-embedding - 200 null application/json; charset=utf-8 19.9654ms
2026-03-20 17:08:25.759 [INF] Microsoft.AspNetCore.Hosting.Diagnostics | Request starting HTTP/1.1 OPTIONS http://localhost:5217/api/FaceAttendance/mark - null null
2026-03-20 17:08:25.759 [INF] Microsoft.AspNetCore.Cors.Infrastructure.CorsService | CORS policy execution successful.
2026-03-20 17:08:25.759 [INF] Microsoft.AspNetCore.Hosting.Diagnostics | Request finished HTTP/1.1 OPTIONS http://localhost:5217/api/FaceAttendance/mark - 204 null null 0.1449ms
2026-03-20 17:08:25.761 [INF] Microsoft.AspNetCore.Hosting.Diagnostics | Request starting HTTP/1.1 POST http://localhost:5217/api/FaceAttendance/mark - application/json 61
2026-03-20 17:08:25.762 [INF] Microsoft.AspNetCore.Cors.Infrastructure.CorsService | CORS policy execution successful.
2026-03-20 17:08:25.762 [INF] Microsoft.AspNetCore.Routing.EndpointMiddleware | Executing endpoint 'backend.Controllers.FaceAttendanceController.MarkFaceAttendance (backend)'
2026-03-20 17:08:25.770 [INF] Microsoft.AspNetCore.Mvc.Infrastructure.ControllerActionInvoker | Route matched with {action = "MarkFaceAttendance", controller = "FaceAttendance"}. Executing controller action with signature System.Threading.Tasks.Task`1[Microsoft.AspNetCore.Mvc.IActionResult] MarkFaceAttendance(FaceAttendanceRequest) on controller backend.Controllers.FaceAttendanceController (backend).
2026-03-20 17:08:25.774 [INF] backend.Controllers.FaceAttendanceController | Marking attendance for Emp1235
2026-03-20 17:08:25.805 [INF] Microsoft.AspNetCore.Mvc.Infrastructure.ObjectResultExecutor | Executing OkObjectResult, writing value of type '<>f__AnonymousType45`2[[System.String, System.Private.CoreLib, Version=10.0.0.0, Culture=neutral, PublicKeyToken=7cec85d7bea7798e],[System.String, System.Private.CoreLib, Version=10.0.0.0, Culture=neutral, PublicKeyToken=7cec85d7bea7798e]]'.
2026-03-20 17:08:25.805 [INF] Microsoft.AspNetCore.Mvc.Infrastructure.ControllerActionInvoker | Executed action backend.Controllers.FaceAttendanceController.MarkFaceAttendance (backend) in 35.0766ms
2026-03-20 17:08:25.805 [INF] Microsoft.AspNetCore.Routing.EndpointMiddleware | Executed endpoint 'backend.Controllers.FaceAttendanceController.MarkFaceAttendance (backend)'
2026-03-20 17:08:25.805 [INF] Serilog.AspNetCore.RequestLoggingMiddleware | HTTP POST /api/FaceAttendance/mark → 200 (43.6ms)
2026-03-20 17:08:25.805 [INF] Microsoft.AspNetCore.Hosting.Diagnostics | Request finished HTTP/1.1 POST http://localhost:5217/api/FaceAttendance/mark - 200 null application/json; charset=utf-8 43.8812ms
2026-03-20 17:08:35.478 [INF] Microsoft.AspNetCore.Hosting.Diagnostics | Request starting HTTP/1.1 OPTIONS http://localhost:5217/api/organizations - null null
2026-03-20 17:08:35.478 [INF] Microsoft.AspNetCore.Cors.Infrastructure.CorsService | CORS policy execution successful.
2026-03-20 17:08:35.478 [INF] Microsoft.AspNetCore.Hosting.Diagnostics | Request finished HTTP/1.1 OPTIONS http://localhost:5217/api/organizations - 204 null null 0.1549ms
2026-03-20 17:08:35.483 [INF] Microsoft.AspNetCore.Hosting.Diagnostics | Request starting HTTP/1.1 GET http://localhost:5217/api/organizations - application/json null
2026-03-20 17:08:35.483 [INF] Microsoft.AspNetCore.Cors.Infrastructure.CorsService | CORS policy execution successful.
2026-03-20 17:08:35.484 [INF] Microsoft.AspNetCore.Routing.EndpointMiddleware | Executing endpoint 'backend.Controllers.OrganizationsController.GetOrganizations (backend)'
2026-03-20 17:08:35.484 [INF] Microsoft.AspNetCore.Mvc.Infrastructure.ControllerActionInvoker | Route matched with {action = "GetOrganizations", controller = "Organizations"}. Executing controller action with signature System.Threading.Tasks.Task`1[Microsoft.AspNetCore.Mvc.IActionResult] GetOrganizations() on controller backend.Controllers.OrganizationsController (backend).
2026-03-20 17:08:35.484 [INF] backend.Controllers.OrganizationsController | [Orgs] GET all requested | Role=SuperAdmin | UserId=18
2026-03-20 17:08:35.494 [INF] Microsoft.AspNetCore.Mvc.Infrastructure.ObjectResultExecutor | Executing OkObjectResult, writing value of type 'System.Collections.Generic.List`1[[backend.Models.Organization, backend, Version=1.0.0.0, Culture=neutral, PublicKeyToken=null]]'.
2026-03-20 17:08:35.494 [INF] Microsoft.AspNetCore.Mvc.Infrastructure.ControllerActionInvoker | Executed action backend.Controllers.OrganizationsController.GetOrganizations (backend) in 10.756ms
2026-03-20 17:08:35.494 [INF] Microsoft.AspNetCore.Routing.EndpointMiddleware | Executed endpoint 'backend.Controllers.OrganizationsController.GetOrganizations (backend)'
2026-03-20 17:08:35.495 [INF] Serilog.AspNetCore.RequestLoggingMiddleware | HTTP GET /api/organizations → 200 (10.9ms)
2026-03-20 17:08:35.495 [INF] Microsoft.AspNetCore.Hosting.Diagnostics | Request finished HTTP/1.1 GET http://localhost:5217/api/organizations - 200 null application/json; charset=utf-8 11.591ms
2026-03-20 17:08:35.550 [INF] Microsoft.AspNetCore.Hosting.Diagnostics | Request starting HTTP/1.1 OPTIONS http://localhost:5217/api/leads - null null
2026-03-20 17:08:35.550 [INF] Microsoft.AspNetCore.Cors.Infrastructure.CorsService | CORS policy execution successful.
2026-03-20 17:08:35.550 [INF] Microsoft.AspNetCore.Hosting.Diagnostics | Request finished HTTP/1.1 OPTIONS http://localhost:5217/api/leads - 204 null null 0.1507ms
2026-03-20 17:08:35.552 [INF] Microsoft.AspNetCore.Hosting.Diagnostics | Request starting HTTP/1.1 GET http://localhost:5217/api/leads - application/json null
2026-03-20 17:08:35.552 [INF] Microsoft.AspNetCore.Cors.Infrastructure.CorsService | CORS policy execution successful.
2026-03-20 17:08:35.552 [INF] Microsoft.AspNetCore.Routing.EndpointMiddleware | Executing endpoint 'backend.Controllers.LeadsController.GetLeads (backend)'
2026-03-20 17:08:35.552 [INF] Microsoft.AspNetCore.Mvc.Infrastructure.ControllerActionInvoker | Route matched with {action = "GetLeads", controller = "Leads"}. Executing controller action with signature System.Threading.Tasks.Task`1[System.Collections.Generic.IEnumerable`1[backend.Models.Lead]] GetLeads() on controller backend.Controllers.LeadsController (backend).
2026-03-20 17:08:35.562 [INF] Microsoft.AspNetCore.Mvc.Infrastructure.ObjectResultExecutor | Executing ObjectResult, writing value of type 'System.Collections.Generic.List`1[[backend.Models.Lead, backend, Version=1.0.0.0, Culture=neutral, PublicKeyToken=null]]'.
2026-03-20 17:08:35.562 [INF] Microsoft.AspNetCore.Mvc.Infrastructure.ControllerActionInvoker | Executed action backend.Controllers.LeadsController.GetLeads (backend) in 9.7512ms
2026-03-20 17:08:35.562 [INF] Microsoft.AspNetCore.Routing.EndpointMiddleware | Executed endpoint 'backend.Controllers.LeadsController.GetLeads (backend)'
2026-03-20 17:08:35.562 [INF] Serilog.AspNetCore.RequestLoggingMiddleware | HTTP GET /api/leads → 200 (9.9ms)
2026-03-20 17:08:35.562 [INF] Microsoft.AspNetCore.Hosting.Diagnostics | Request finished HTTP/1.1 GET http://localhost:5217/api/leads - 200 null application/json; charset=utf-8 10.3133ms
2026-03-20 17:08:35.633 [INF] Microsoft.AspNetCore.Hosting.Diagnostics | Request starting HTTP/1.1 OPTIONS http://localhost:5217/api/employees?organizationId=2 - null null
2026-03-20 17:08:35.633 [INF] Microsoft.AspNetCore.Cors.Infrastructure.CorsService | CORS policy execution successful.
2026-03-20 17:08:35.633 [INF] Microsoft.AspNetCore.Hosting.Diagnostics | Request finished HTTP/1.1 OPTIONS http://localhost:5217/api/employees?organizationId=2 - 204 null null 0.1402ms
2026-03-20 17:08:35.635 [INF] Microsoft.AspNetCore.Hosting.Diagnostics | Request starting HTTP/1.1 GET http://localhost:5217/api/employees?organizationId=2 - application/json null
2026-03-20 17:08:35.635 [INF] Microsoft.AspNetCore.Cors.Infrastructure.CorsService | CORS policy execution successful.
2026-03-20 17:08:35.635 [INF] Microsoft.AspNetCore.Routing.EndpointMiddleware | Executing endpoint 'backend.Controllers.EmployeesController.GetEmployees (backend)'
2026-03-20 17:08:35.635 [INF] Microsoft.AspNetCore.Mvc.Infrastructure.ControllerActionInvoker | Route matched with {action = "GetEmployees", controller = "Employees"}. Executing controller action with signature System.Threading.Tasks.Task`1[Microsoft.AspNetCore.Mvc.IActionResult] GetEmployees(System.Nullable`1[System.Int32]) on controller backend.Controllers.EmployeesController (backend).
2026-03-20 17:08:35.635 [INF] backend.Controllers.EmployeesController | [Employees] GET all | TargetOrgId=2 | UserOrgId=2
2026-03-20 17:08:35.653 [INF] Microsoft.AspNetCore.Mvc.Infrastructure.ObjectResultExecutor | Executing OkObjectResult, writing value of type 'System.Collections.Generic.List`1[[backend.Models.Employee, backend, Version=1.0.0.0, Culture=neutral, PublicKeyToken=null]]'.
2026-03-20 17:08:35.653 [INF] Microsoft.AspNetCore.Mvc.Infrastructure.ControllerActionInvoker | Executed action backend.Controllers.EmployeesController.GetEmployees (backend) in 17.5102ms
2026-03-20 17:08:35.653 [INF] Microsoft.AspNetCore.Routing.EndpointMiddleware | Executed endpoint 'backend.Controllers.EmployeesController.GetEmployees (backend)'
2026-03-20 17:08:35.653 [INF] Serilog.AspNetCore.RequestLoggingMiddleware | HTTP GET /api/employees → 200 (17.6ms)
2026-03-20 17:08:35.653 [INF] Microsoft.AspNetCore.Hosting.Diagnostics | Request finished HTTP/1.1 GET http://localhost:5217/api/employees?organizationId=2 - 200 null application/json; charset=utf-8 18.0171ms
2026-03-20 17:08:35.672 [INF] Microsoft.AspNetCore.Hosting.Diagnostics | Request starting HTTP/1.1 OPTIONS http://localhost:5217/api/ShiftAssignments/roster?start=2026-03-20&end=2026-03-27&orgId=2 - null null
2026-03-20 17:08:35.672 [INF] Microsoft.AspNetCore.Cors.Infrastructure.CorsService | CORS policy execution successful.
2026-03-20 17:08:35.672 [INF] Microsoft.AspNetCore.Hosting.Diagnostics | Request finished HTTP/1.1 OPTIONS http://localhost:5217/api/ShiftAssignments/roster?start=2026-03-20&end=2026-03-27&orgId=2 - 204 null null 0.1261ms
2026-03-20 17:08:35.675 [INF] Microsoft.AspNetCore.Hosting.Diagnostics | Request starting HTTP/1.1 GET http://localhost:5217/api/ShiftAssignments/roster?start=2026-03-20&end=2026-03-27&orgId=2 - application/json null
2026-03-20 17:08:35.675 [INF] Microsoft.AspNetCore.Cors.Infrastructure.CorsService | CORS policy execution successful.
2026-03-20 17:08:35.675 [INF] Microsoft.AspNetCore.Routing.EndpointMiddleware | Executing endpoint 'backend.Controllers.ShiftAssignmentsController.GetMonthlyRosterFixed (backend)'
2026-03-20 17:08:35.675 [INF] Microsoft.AspNetCore.Mvc.Infrastructure.ControllerActionInvoker | Route matched with {action = "GetMonthlyRosterFixed", controller = "ShiftAssignments"}. Executing controller action with signature System.Threading.Tasks.Task`1[Microsoft.AspNetCore.Mvc.IActionResult] GetMonthlyRosterFixed(System.String, System.String, System.Nullable`1[System.Int32]) on controller backend.Controllers.ShiftAssignmentsController (backend).
2026-03-20 17:08:35.686 [INF] Microsoft.AspNetCore.Mvc.Infrastructure.ObjectResultExecutor | Executing OkObjectResult, writing value of type 'System.Collections.Generic.List`1[[backend.Models.EmployeeSchedule, backend, Version=1.0.0.0, Culture=neutral, PublicKeyToken=null]]'.
2026-03-20 17:08:35.686 [INF] Microsoft.AspNetCore.Mvc.Infrastructure.ControllerActionInvoker | Executed action backend.Controllers.ShiftAssignmentsController.GetMonthlyRosterFixed (backend) in 10.8858ms
2026-03-20 17:08:35.686 [INF] Microsoft.AspNetCore.Routing.EndpointMiddleware | Executed endpoint 'backend.Controllers.ShiftAssignmentsController.GetMonthlyRosterFixed (backend)'
2026-03-20 17:08:35.686 [INF] Serilog.AspNetCore.RequestLoggingMiddleware | HTTP GET /api/ShiftAssignments/roster → 200 (11.0ms)
2026-03-20 17:08:35.686 [INF] Microsoft.AspNetCore.Hosting.Diagnostics | Request finished HTTP/1.1 GET http://localhost:5217/api/ShiftAssignments/roster?start=2026-03-20&end=2026-03-27&orgId=2 - 200 null application/json; charset=utf-8 11.499ms
2026-03-20 17:08:35.751 [INF] Microsoft.AspNetCore.Hosting.Diagnostics | Request starting HTTP/1.1 OPTIONS http://localhost:5217/api/Attendance/status?employeeId=31&orgId=2 - null null
2026-03-20 17:08:35.751 [INF] Microsoft.AspNetCore.Cors.Infrastructure.CorsService | CORS policy execution successful.
2026-03-20 17:08:35.751 [INF] Microsoft.AspNetCore.Hosting.Diagnostics | Request finished HTTP/1.1 OPTIONS http://localhost:5217/api/Attendance/status?employeeId=31&orgId=2 - 204 null null 0.1433ms
2026-03-20 17:08:35.754 [INF] Microsoft.AspNetCore.Hosting.Diagnostics | Request starting HTTP/1.1 GET http://localhost:5217/api/Attendance/status?employeeId=31&orgId=2 - application/json null
2026-03-20 17:08:35.754 [INF] Microsoft.AspNetCore.Cors.Infrastructure.CorsService | CORS policy execution successful.
2026-03-20 17:08:35.755 [INF] Microsoft.AspNetCore.Routing.EndpointMiddleware | Executing endpoint 'backend.Controllers.AttendanceController.GetTodayStatus (backend)'
2026-03-20 17:08:35.755 [INF] Microsoft.AspNetCore.Mvc.Infrastructure.ControllerActionInvoker | Route matched with {action = "GetTodayStatus", controller = "Attendance"}. Executing controller action with signature System.Threading.Tasks.Task`1[Microsoft.AspNetCore.Mvc.IActionResult] GetTodayStatus(Int32, System.Nullable`1[System.Int32]) on controller backend.Controllers.AttendanceController (backend).
2026-03-20 17:08:35.766 [INF] Microsoft.AspNetCore.Mvc.Infrastructure.ObjectResultExecutor | Executing OkObjectResult, writing value of type 'backend.Models.AttendanceStatusResponse'.
2026-03-20 17:08:35.766 [INF] Microsoft.AspNetCore.Mvc.Infrastructure.ControllerActionInvoker | Executed action backend.Controllers.AttendanceController.GetTodayStatus (backend) in 10.3566ms
2026-03-20 17:08:35.766 [INF] Microsoft.AspNetCore.Routing.EndpointMiddleware | Executed endpoint 'backend.Controllers.AttendanceController.GetTodayStatus (backend)'
2026-03-20 17:08:35.766 [INF] Serilog.AspNetCore.RequestLoggingMiddleware | HTTP GET /api/Attendance/status → 200 (10.5ms)
2026-03-20 17:08:35.766 [INF] Microsoft.AspNetCore.Hosting.Diagnostics | Request finished HTTP/1.1 GET http://localhost:5217/api/Attendance/status?employeeId=31&orgId=2 - 200 null application/json; charset=utf-8 11.9052ms
2026-03-20 17:10:30.845 [INF] Microsoft.AspNetCore.Hosting.Diagnostics | Request starting HTTP/1.1 OPTIONS http://localhost:5217/api/employees?organizationId=2 - null null
2026-03-20 17:10:30.845 [INF] Microsoft.AspNetCore.Cors.Infrastructure.CorsService | CORS policy execution successful.
2026-03-20 17:10:30.845 [INF] Microsoft.AspNetCore.Hosting.Diagnostics | Request finished HTTP/1.1 OPTIONS http://localhost:5217/api/employees?organizationId=2 - 204 null null 0.2439ms
2026-03-20 17:10:30.846 [INF] Microsoft.AspNetCore.Hosting.Diagnostics | Request starting HTTP/1.1 GET http://localhost:5217/api/employees?organizationId=2 - application/json null
2026-03-20 17:10:30.846 [INF] Microsoft.AspNetCore.Cors.Infrastructure.CorsService | CORS policy execution successful.
2026-03-20 17:10:30.847 [INF] Microsoft.AspNetCore.Routing.EndpointMiddleware | Executing endpoint 'backend.Controllers.EmployeesController.GetEmployees (backend)'
2026-03-20 17:10:30.847 [INF] Microsoft.AspNetCore.Mvc.Infrastructure.ControllerActionInvoker | Route matched with {action = "GetEmployees", controller = "Employees"}. Executing controller action with signature System.Threading.Tasks.Task`1[Microsoft.AspNetCore.Mvc.IActionResult] GetEmployees(System.Nullable`1[System.Int32]) on controller backend.Controllers.EmployeesController (backend).
2026-03-20 17:10:30.847 [INF] backend.Controllers.EmployeesController | [Employees] GET all | TargetOrgId=2 | UserOrgId=2
2026-03-20 17:10:30.859 [INF] Microsoft.AspNetCore.Mvc.Infrastructure.ObjectResultExecutor | Executing OkObjectResult, writing value of type 'System.Collections.Generic.List`1[[backend.Models.Employee, backend, Version=1.0.0.0, Culture=neutral, PublicKeyToken=null]]'.
2026-03-20 17:10:30.860 [INF] Microsoft.AspNetCore.Mvc.Infrastructure.ControllerActionInvoker | Executed action backend.Controllers.EmployeesController.GetEmployees (backend) in 12.3949ms
2026-03-20 17:10:30.860 [INF] Microsoft.AspNetCore.Routing.EndpointMiddleware | Executed endpoint 'backend.Controllers.EmployeesController.GetEmployees (backend)'
2026-03-20 17:10:30.860 [INF] Serilog.AspNetCore.RequestLoggingMiddleware | HTTP GET /api/employees → 200 (12.6ms)
2026-03-20 17:10:30.860 [INF] Microsoft.AspNetCore.Hosting.Diagnostics | Request finished HTTP/1.1 GET http://localhost:5217/api/employees?organizationId=2 - 200 null application/json; charset=utf-8 13.4619ms
2026-03-20 17:15:53.918 [INF] Microsoft.AspNetCore.Hosting.Diagnostics | Request starting HTTP/1.1 OPTIONS http://localhost:5217/api/organizations - null null
2026-03-20 17:15:53.918 [INF] Microsoft.AspNetCore.Cors.Infrastructure.CorsService | CORS policy execution successful.
2026-03-20 17:15:53.918 [INF] Microsoft.AspNetCore.Hosting.Diagnostics | Request finished HTTP/1.1 OPTIONS http://localhost:5217/api/organizations - 204 null null 0.1771ms
2026-03-20 17:15:53.919 [INF] Microsoft.AspNetCore.Hosting.Diagnostics | Request starting HTTP/1.1 GET http://localhost:5217/api/organizations - application/json null
2026-03-20 17:15:53.922 [INF] Microsoft.AspNetCore.Cors.Infrastructure.CorsService | CORS policy execution successful.
2026-03-20 17:15:53.923 [INF] Microsoft.AspNetCore.Routing.EndpointMiddleware | Executing endpoint 'backend.Controllers.OrganizationsController.GetOrganizations (backend)'
2026-03-20 17:15:53.927 [INF] Microsoft.AspNetCore.Mvc.Infrastructure.ControllerActionInvoker | Route matched with {action = "GetOrganizations", controller = "Organizations"}. Executing controller action with signature System.Threading.Tasks.Task`1[Microsoft.AspNetCore.Mvc.IActionResult] GetOrganizations() on controller backend.Controllers.OrganizationsController (backend).
2026-03-20 17:15:53.927 [INF] backend.Controllers.OrganizationsController | [Orgs] GET all requested | Role=SuperAdmin | UserId=18
2026-03-20 17:15:54.003 [INF] Microsoft.AspNetCore.Mvc.Infrastructure.ObjectResultExecutor | Executing OkObjectResult, writing value of type 'System.Collections.Generic.List`1[[backend.Models.Organization, backend, Version=1.0.0.0, Culture=neutral, PublicKeyToken=null]]'.
2026-03-20 17:15:54.004 [INF] Microsoft.AspNetCore.Mvc.Infrastructure.ControllerActionInvoker | Executed action backend.Controllers.OrganizationsController.GetOrganizations (backend) in 77.0744ms
2026-03-20 17:15:54.004 [INF] Microsoft.AspNetCore.Routing.EndpointMiddleware | Executed endpoint 'backend.Controllers.OrganizationsController.GetOrganizations (backend)'
2026-03-20 17:15:54.004 [INF] Serilog.AspNetCore.RequestLoggingMiddleware | HTTP GET /api/organizations → 200 (81.9ms)
2026-03-20 17:15:54.004 [INF] Microsoft.AspNetCore.Hosting.Diagnostics | Request finished HTTP/1.1 GET http://localhost:5217/api/organizations - 200 null application/json; charset=utf-8 85.1292ms
2026-03-20 17:15:54.068 [INF] Microsoft.AspNetCore.Hosting.Diagnostics | Request starting HTTP/1.1 OPTIONS http://localhost:5217/api/leads - null null
2026-03-20 17:15:54.068 [INF] Microsoft.AspNetCore.Cors.Infrastructure.CorsService | CORS policy execution successful.
2026-03-20 17:15:54.068 [INF] Microsoft.AspNetCore.Hosting.Diagnostics | Request finished HTTP/1.1 OPTIONS http://localhost:5217/api/leads - 204 null null 0.1222ms
2026-03-20 17:15:54.069 [INF] Microsoft.AspNetCore.Hosting.Diagnostics | Request starting HTTP/1.1 GET http://localhost:5217/api/leads - application/json null
2026-03-20 17:15:54.069 [INF] Microsoft.AspNetCore.Cors.Infrastructure.CorsService | CORS policy execution successful.
2026-03-20 17:15:54.069 [INF] Microsoft.AspNetCore.Routing.EndpointMiddleware | Executing endpoint 'backend.Controllers.LeadsController.GetLeads (backend)'
2026-03-20 17:15:54.073 [INF] Microsoft.AspNetCore.Mvc.Infrastructure.ControllerActionInvoker | Route matched with {action = "GetLeads", controller = "Leads"}. Executing controller action with signature System.Threading.Tasks.Task`1[System.Collections.Generic.IEnumerable`1[backend.Models.Lead]] GetLeads() on controller backend.Controllers.LeadsController (backend).
2026-03-20 17:15:54.129 [INF] Microsoft.AspNetCore.Mvc.Infrastructure.ObjectResultExecutor | Executing ObjectResult, writing value of type 'System.Collections.Generic.List`1[[backend.Models.Lead, backend, Version=1.0.0.0, Culture=neutral, PublicKeyToken=null]]'.
2026-03-20 17:15:54.131 [INF] Microsoft.AspNetCore.Mvc.Infrastructure.ControllerActionInvoker | Executed action backend.Controllers.LeadsController.GetLeads (backend) in 58.1848ms
2026-03-20 17:15:54.131 [INF] Microsoft.AspNetCore.Routing.EndpointMiddleware | Executed endpoint 'backend.Controllers.LeadsController.GetLeads (backend)'
2026-03-20 17:15:54.131 [INF] Serilog.AspNetCore.RequestLoggingMiddleware | HTTP GET /api/leads → 200 (62.1ms)
2026-03-20 17:15:54.131 [INF] Microsoft.AspNetCore.Hosting.Diagnostics | Request finished HTTP/1.1 GET http://localhost:5217/api/leads - 200 null application/json; charset=utf-8 62.4076ms
2026-03-20 17:15:54.139 [INF] Microsoft.AspNetCore.Hosting.Diagnostics | Request starting HTTP/1.1 OPTIONS http://localhost:5217/api/employees?organizationId=2 - null null
2026-03-20 17:15:54.139 [INF] Microsoft.AspNetCore.Cors.Infrastructure.CorsService | CORS policy execution successful.
2026-03-20 17:15:54.139 [INF] Microsoft.AspNetCore.Hosting.Diagnostics | Request finished HTTP/1.1 OPTIONS http://localhost:5217/api/employees?organizationId=2 - 204 null null 0.107ms
2026-03-20 17:15:54.140 [INF] Microsoft.AspNetCore.Hosting.Diagnostics | Request starting HTTP/1.1 GET http://localhost:5217/api/employees?organizationId=2 - application/json null
2026-03-20 17:15:54.140 [INF] Microsoft.AspNetCore.Cors.Infrastructure.CorsService | CORS policy execution successful.
2026-03-20 17:15:54.140 [INF] Microsoft.AspNetCore.Routing.EndpointMiddleware | Executing endpoint 'backend.Controllers.EmployeesController.GetEmployees (backend)'
2026-03-20 17:15:54.146 [INF] Microsoft.AspNetCore.Mvc.Infrastructure.ControllerActionInvoker | Route matched with {action = "GetEmployees", controller = "Employees"}. Executing controller action with signature System.Threading.Tasks.Task`1[Microsoft.AspNetCore.Mvc.IActionResult] GetEmployees(System.Nullable`1[System.Int32]) on controller backend.Controllers.EmployeesController (backend).
2026-03-20 17:15:54.146 [INF] backend.Controllers.EmployeesController | [Employees] GET all | TargetOrgId=2 | UserOrgId=2
2026-03-20 17:15:54.190 [INF] Microsoft.AspNetCore.Mvc.Infrastructure.ObjectResultExecutor | Executing OkObjectResult, writing value of type 'System.Collections.Generic.List`1[[backend.Models.Employee, backend, Version=1.0.0.0, Culture=neutral, PublicKeyToken=null]]'.
2026-03-20 17:15:54.194 [INF] Microsoft.AspNetCore.Mvc.Infrastructure.ControllerActionInvoker | Executed action backend.Controllers.EmployeesController.GetEmployees (backend) in 48.5341ms
2026-03-20 17:15:54.194 [INF] Microsoft.AspNetCore.Routing.EndpointMiddleware | Executed endpoint 'backend.Controllers.EmployeesController.GetEmployees (backend)'
2026-03-20 17:15:54.194 [INF] Serilog.AspNetCore.RequestLoggingMiddleware | HTTP GET /api/employees → 200 (54.1ms)
2026-03-20 17:15:54.194 [INF] Microsoft.AspNetCore.Hosting.Diagnostics | Request finished HTTP/1.1 GET http://localhost:5217/api/employees?organizationId=2 - 200 null application/json; charset=utf-8 54.4559ms
2026-03-20 17:15:54.206 [INF] Microsoft.AspNetCore.Hosting.Diagnostics | Request starting HTTP/1.1 OPTIONS http://localhost:5217/api/ShiftAssignments/roster?start=2026-03-20&end=2026-03-27&orgId=2 - null null
2026-03-20 17:15:54.206 [INF] Microsoft.AspNetCore.Cors.Infrastructure.CorsService | CORS policy execution successful.
2026-03-20 17:15:54.206 [INF] Microsoft.AspNetCore.Hosting.Diagnostics | Request finished HTTP/1.1 OPTIONS http://localhost:5217/api/ShiftAssignments/roster?start=2026-03-20&end=2026-03-27&orgId=2 - 204 null null 0.1752ms
2026-03-20 17:15:54.207 [INF] Microsoft.AspNetCore.Hosting.Diagnostics | Request starting HTTP/1.1 GET http://localhost:5217/api/ShiftAssignments/roster?start=2026-03-20&end=2026-03-27&orgId=2 - application/json null
2026-03-20 17:15:54.208 [INF] Microsoft.AspNetCore.Cors.Infrastructure.CorsService | CORS policy execution successful.
2026-03-20 17:15:54.208 [INF] Microsoft.AspNetCore.Routing.EndpointMiddleware | Executing endpoint 'backend.Controllers.ShiftAssignmentsController.GetMonthlyRosterFixed (backend)'
2026-03-20 17:15:54.212 [INF] Microsoft.AspNetCore.Mvc.Infrastructure.ControllerActionInvoker | Route matched with {action = "GetMonthlyRosterFixed", controller = "ShiftAssignments"}. Executing controller action with signature System.Threading.Tasks.Task`1[Microsoft.AspNetCore.Mvc.IActionResult] GetMonthlyRosterFixed(System.String, System.String, System.Nullable`1[System.Int32]) on controller backend.Controllers.ShiftAssignmentsController (backend).
2026-03-20 17:15:54.253 [INF] Microsoft.AspNetCore.Mvc.Infrastructure.ObjectResultExecutor | Executing OkObjectResult, writing value of type 'System.Collections.Generic.List`1[[backend.Models.EmployeeSchedule, backend, Version=1.0.0.0, Culture=neutral, PublicKeyToken=null]]'.
2026-03-20 17:15:54.255 [INF] Microsoft.AspNetCore.Mvc.Infrastructure.ControllerActionInvoker | Executed action backend.Controllers.ShiftAssignmentsController.GetMonthlyRosterFixed (backend) in 42.7333ms
2026-03-20 17:15:54.255 [INF] Microsoft.AspNetCore.Routing.EndpointMiddleware | Executed endpoint 'backend.Controllers.ShiftAssignmentsController.GetMonthlyRosterFixed (backend)'
2026-03-20 17:15:54.255 [INF] Serilog.AspNetCore.RequestLoggingMiddleware | HTTP GET /api/ShiftAssignments/roster → 200 (46.6ms)
2026-03-20 17:15:54.255 [INF] Microsoft.AspNetCore.Hosting.Diagnostics | Request finished HTTP/1.1 GET http://localhost:5217/api/ShiftAssignments/roster?start=2026-03-20&end=2026-03-27&orgId=2 - 200 null application/json; charset=utf-8 47.6353ms
2026-03-20 17:15:54.261 [INF] Microsoft.AspNetCore.Hosting.Diagnostics | Request starting HTTP/1.1 OPTIONS http://localhost:5217/api/Attendance/status?employeeId=31&orgId=2 - null null
2026-03-20 17:15:54.261 [INF] Microsoft.AspNetCore.Cors.Infrastructure.CorsService | CORS policy execution successful.
2026-03-20 17:15:54.261 [INF] Microsoft.AspNetCore.Hosting.Diagnostics | Request finished HTTP/1.1 OPTIONS http://localhost:5217/api/Attendance/status?employeeId=31&orgId=2 - 204 null null 0.1565ms
2026-03-20 17:15:54.262 [INF] Microsoft.AspNetCore.Hosting.Diagnostics | Request starting HTTP/1.1 GET http://localhost:5217/api/Attendance/status?employeeId=31&orgId=2 - application/json null
2026-03-20 17:15:54.263 [INF] Microsoft.AspNetCore.Cors.Infrastructure.CorsService | CORS policy execution successful.
2026-03-20 17:15:54.263 [INF] Microsoft.AspNetCore.Routing.EndpointMiddleware | Executing endpoint 'backend.Controllers.AttendanceController.GetTodayStatus (backend)'
2026-03-20 17:15:54.274 [INF] Microsoft.AspNetCore.Mvc.Infrastructure.ControllerActionInvoker | Route matched with {action = "GetTodayStatus", controller = "Attendance"}. Executing controller action with signature System.Threading.Tasks.Task`1[Microsoft.AspNetCore.Mvc.IActionResult] GetTodayStatus(Int32, System.Nullable`1[System.Int32]) on controller backend.Controllers.AttendanceController (backend).
2026-03-20 17:15:54.318 [INF] Microsoft.AspNetCore.Mvc.Infrastructure.ObjectResultExecutor | Executing OkObjectResult, writing value of type 'backend.Models.AttendanceStatusResponse'.
2026-03-20 17:15:54.320 [INF] Microsoft.AspNetCore.Mvc.Infrastructure.ControllerActionInvoker | Executed action backend.Controllers.AttendanceController.GetTodayStatus (backend) in 46.4716ms
2026-03-20 17:15:54.320 [INF] Microsoft.AspNetCore.Routing.EndpointMiddleware | Executed endpoint 'backend.Controllers.AttendanceController.GetTodayStatus (backend)'
2026-03-20 17:15:54.320 [INF] Serilog.AspNetCore.RequestLoggingMiddleware | HTTP GET /api/Attendance/status → 200 (57.5ms)
2026-03-20 17:15:54.321 [INF] Microsoft.AspNetCore.Hosting.Diagnostics | Request finished HTTP/1.1 GET http://localhost:5217/api/Attendance/status?employeeId=31&orgId=2 - 200 null application/json; charset=utf-8 58.3487ms
2026-03-20 17:19:33.427 [INF] Microsoft.AspNetCore.Hosting.Diagnostics | Request starting HTTP/1.1 OPTIONS http://localhost:5217/api/organizations - null null
2026-03-20 17:19:33.427 [INF] Microsoft.AspNetCore.Cors.Infrastructure.CorsService | CORS policy execution successful.
2026-03-20 17:19:33.428 [INF] Microsoft.AspNetCore.Hosting.Diagnostics | Request finished HTTP/1.1 OPTIONS http://localhost:5217/api/organizations - 204 null null 0.1277ms
2026-03-20 17:19:33.429 [INF] Microsoft.AspNetCore.Hosting.Diagnostics | Request starting HTTP/1.1 GET http://localhost:5217/api/organizations - application/json null
2026-03-20 17:19:33.429 [INF] Microsoft.AspNetCore.Cors.Infrastructure.CorsService | CORS policy execution successful.
2026-03-20 17:19:33.429 [INF] Microsoft.AspNetCore.Routing.EndpointMiddleware | Executing endpoint 'backend.Controllers.OrganizationsController.GetOrganizations (backend)'
2026-03-20 17:19:33.429 [INF] Microsoft.AspNetCore.Mvc.Infrastructure.ControllerActionInvoker | Route matched with {action = "GetOrganizations", controller = "Organizations"}. Executing controller action with signature System.Threading.Tasks.Task`1[Microsoft.AspNetCore.Mvc.IActionResult] GetOrganizations() on controller backend.Controllers.OrganizationsController (backend).
2026-03-20 17:19:33.429 [INF] backend.Controllers.OrganizationsController | [Orgs] GET all requested | Role=SuperAdmin | UserId=18
2026-03-20 17:19:33.440 [INF] Microsoft.AspNetCore.Mvc.Infrastructure.ObjectResultExecutor | Executing OkObjectResult, writing value of type 'System.Collections.Generic.List`1[[backend.Models.Organization, backend, Version=1.0.0.0, Culture=neutral, PublicKeyToken=null]]'.
2026-03-20 17:19:33.440 [INF] Microsoft.AspNetCore.Mvc.Infrastructure.ControllerActionInvoker | Executed action backend.Controllers.OrganizationsController.GetOrganizations (backend) in 10.6643ms
2026-03-20 17:19:33.440 [INF] Microsoft.AspNetCore.Routing.EndpointMiddleware | Executed endpoint 'backend.Controllers.OrganizationsController.GetOrganizations (backend)'
2026-03-20 17:19:33.440 [INF] Serilog.AspNetCore.RequestLoggingMiddleware | HTTP GET /api/organizations → 200 (10.8ms)
2026-03-20 17:19:33.440 [INF] Microsoft.AspNetCore.Hosting.Diagnostics | Request finished HTTP/1.1 GET http://localhost:5217/api/organizations - 200 null application/json; charset=utf-8 11.1061ms
2026-03-20 17:19:33.562 [INF] Microsoft.AspNetCore.Hosting.Diagnostics | Request starting HTTP/1.1 OPTIONS http://localhost:5217/api/leads - null null
2026-03-20 17:19:33.562 [INF] Microsoft.AspNetCore.Cors.Infrastructure.CorsService | CORS policy execution successful.
2026-03-20 17:19:33.562 [INF] Microsoft.AspNetCore.Hosting.Diagnostics | Request finished HTTP/1.1 OPTIONS http://localhost:5217/api/leads - 204 null null 0.1791ms
2026-03-20 17:19:33.564 [INF] Microsoft.AspNetCore.Hosting.Diagnostics | Request starting HTTP/1.1 GET http://localhost:5217/api/leads - application/json null
2026-03-20 17:19:33.564 [INF] Microsoft.AspNetCore.Cors.Infrastructure.CorsService | CORS policy execution successful.
2026-03-20 17:19:33.564 [INF] Microsoft.AspNetCore.Routing.EndpointMiddleware | Executing endpoint 'backend.Controllers.LeadsController.GetLeads (backend)'
2026-03-20 17:19:33.564 [INF] Microsoft.AspNetCore.Mvc.Infrastructure.ControllerActionInvoker | Route matched with {action = "GetLeads", controller = "Leads"}. Executing controller action with signature System.Threading.Tasks.Task`1[System.Collections.Generic.IEnumerable`1[backend.Models.Lead]] GetLeads() on controller backend.Controllers.LeadsController (backend).
2026-03-20 17:19:33.576 [INF] Microsoft.AspNetCore.Mvc.Infrastructure.ObjectResultExecutor | Executing ObjectResult, writing value of type 'System.Collections.Generic.List`1[[backend.Models.Lead, backend, Version=1.0.0.0, Culture=neutral, PublicKeyToken=null]]'.
2026-03-20 17:19:33.576 [INF] Microsoft.AspNetCore.Mvc.Infrastructure.ControllerActionInvoker | Executed action backend.Controllers.LeadsController.GetLeads (backend) in 11.5197ms
2026-03-20 17:19:33.576 [INF] Microsoft.AspNetCore.Routing.EndpointMiddleware | Executed endpoint 'backend.Controllers.LeadsController.GetLeads (backend)'
2026-03-20 17:19:33.576 [INF] Serilog.AspNetCore.RequestLoggingMiddleware | HTTP GET /api/leads → 200 (11.7ms)
2026-03-20 17:19:33.576 [INF] Microsoft.AspNetCore.Hosting.Diagnostics | Request finished HTTP/1.1 GET http://localhost:5217/api/leads - 200 null application/json; charset=utf-8 12.0577ms
2026-03-20 17:19:33.645 [INF] Microsoft.AspNetCore.Hosting.Diagnostics | Request starting HTTP/1.1 OPTIONS http://localhost:5217/api/employees?organizationId=2 - null null
2026-03-20 17:19:33.645 [INF] Microsoft.AspNetCore.Cors.Infrastructure.CorsService | CORS policy execution successful.
2026-03-20 17:19:33.645 [INF] Microsoft.AspNetCore.Hosting.Diagnostics | Request finished HTTP/1.1 OPTIONS http://localhost:5217/api/employees?organizationId=2 - 204 null null 0.1255ms
2026-03-20 17:19:33.646 [INF] Microsoft.AspNetCore.Hosting.Diagnostics | Request starting HTTP/1.1 GET http://localhost:5217/api/employees?organizationId=2 - application/json null
2026-03-20 17:19:33.646 [INF] Microsoft.AspNetCore.Cors.Infrastructure.CorsService | CORS policy execution successful.
2026-03-20 17:19:33.646 [INF] Microsoft.AspNetCore.Routing.EndpointMiddleware | Executing endpoint 'backend.Controllers.EmployeesController.GetEmployees (backend)'
2026-03-20 17:19:33.646 [INF] Microsoft.AspNetCore.Mvc.Infrastructure.ControllerActionInvoker | Route matched with {action = "GetEmployees", controller = "Employees"}. Executing controller action with signature System.Threading.Tasks.Task`1[Microsoft.AspNetCore.Mvc.IActionResult] GetEmployees(System.Nullable`1[System.Int32]) on controller backend.Controllers.EmployeesController (backend).
2026-03-20 17:19:33.646 [INF] backend.Controllers.EmployeesController | [Employees] GET all | TargetOrgId=2 | UserOrgId=2
2026-03-20 17:19:33.657 [INF] Microsoft.AspNetCore.Mvc.Infrastructure.ObjectResultExecutor | Executing OkObjectResult, writing value of type 'System.Collections.Generic.List`1[[backend.Models.Employee, backend, Version=1.0.0.0, Culture=neutral, PublicKeyToken=null]]'.
2026-03-20 17:19:33.657 [INF] Microsoft.AspNetCore.Mvc.Infrastructure.ControllerActionInvoker | Executed action backend.Controllers.EmployeesController.GetEmployees (backend) in 10.9907ms
2026-03-20 17:19:33.657 [INF] Microsoft.AspNetCore.Routing.EndpointMiddleware | Executed endpoint 'backend.Controllers.EmployeesController.GetEmployees (backend)'
2026-03-20 17:19:33.657 [INF] Serilog.AspNetCore.RequestLoggingMiddleware | HTTP GET /api/employees → 200 (11.1ms)
2026-03-20 17:19:33.657 [INF] Microsoft.AspNetCore.Hosting.Diagnostics | Request finished HTTP/1.1 GET http://localhost:5217/api/employees?organizationId=2 - 200 null application/json; charset=utf-8 11.3759ms
2026-03-20 17:19:33.695 [INF] Microsoft.AspNetCore.Hosting.Diagnostics | Request starting HTTP/1.1 OPTIONS http://localhost:5217/api/ShiftAssignments/roster?start=2026-03-20&end=2026-03-27&orgId=2 - null null
2026-03-20 17:19:33.695 [INF] Microsoft.AspNetCore.Cors.Infrastructure.CorsService | CORS policy execution successful.
2026-03-20 17:19:33.695 [INF] Microsoft.AspNetCore.Hosting.Diagnostics | Request finished HTTP/1.1 OPTIONS http://localhost:5217/api/ShiftAssignments/roster?start=2026-03-20&end=2026-03-27&orgId=2 - 204 null null 0.1186ms
2026-03-20 17:19:33.696 [INF] Microsoft.AspNetCore.Hosting.Diagnostics | Request starting HTTP/1.1 GET http://localhost:5217/api/ShiftAssignments/roster?start=2026-03-20&end=2026-03-27&orgId=2 - application/json null
2026-03-20 17:19:33.696 [INF] Microsoft.AspNetCore.Cors.Infrastructure.CorsService | CORS policy execution successful.
2026-03-20 17:19:33.696 [INF] Microsoft.AspNetCore.Routing.EndpointMiddleware | Executing endpoint 'backend.Controllers.ShiftAssignmentsController.GetMonthlyRosterFixed (backend)'
2026-03-20 17:19:33.696 [INF] Microsoft.AspNetCore.Mvc.Infrastructure.ControllerActionInvoker | Route matched with {action = "GetMonthlyRosterFixed", controller = "ShiftAssignments"}. Executing controller action with signature System.Threading.Tasks.Task`1[Microsoft.AspNetCore.Mvc.IActionResult] GetMonthlyRosterFixed(System.String, System.String, System.Nullable`1[System.Int32]) on controller backend.Controllers.ShiftAssignmentsController (backend).
2026-03-20 17:19:33.708 [INF] Microsoft.AspNetCore.Mvc.Infrastructure.ObjectResultExecutor | Executing OkObjectResult, writing value of type 'System.Collections.Generic.List`1[[backend.Models.EmployeeSchedule, backend, Version=1.0.0.0, Culture=neutral, PublicKeyToken=null]]'.
2026-03-20 17:19:33.708 [INF] Microsoft.AspNetCore.Mvc.Infrastructure.ControllerActionInvoker | Executed action backend.Controllers.ShiftAssignmentsController.GetMonthlyRosterFixed (backend) in 11.6174ms
2026-03-20 17:19:33.708 [INF] Microsoft.AspNetCore.Routing.EndpointMiddleware | Executed endpoint 'backend.Controllers.ShiftAssignmentsController.GetMonthlyRosterFixed (backend)'
2026-03-20 17:19:33.708 [INF] Serilog.AspNetCore.RequestLoggingMiddleware | HTTP GET /api/ShiftAssignments/roster → 200 (11.7ms)
2026-03-20 17:19:33.708 [INF] Microsoft.AspNetCore.Hosting.Diagnostics | Request finished HTTP/1.1 GET http://localhost:5217/api/ShiftAssignments/roster?start=2026-03-20&end=2026-03-27&orgId=2 - 200 null application/json; charset=utf-8 11.9825ms
2026-03-20 17:19:33.756 [INF] Microsoft.AspNetCore.Hosting.Diagnostics | Request starting HTTP/1.1 OPTIONS http://localhost:5217/api/Attendance/status?employeeId=31&orgId=2 - null null
2026-03-20 17:19:33.757 [INF] Microsoft.AspNetCore.Cors.Infrastructure.CorsService | CORS policy execution successful.
2026-03-20 17:19:33.757 [INF] Microsoft.AspNetCore.Hosting.Diagnostics | Request finished HTTP/1.1 OPTIONS http://localhost:5217/api/Attendance/status?employeeId=31&orgId=2 - 204 null null 0.1311ms
2026-03-20 17:19:33.758 [INF] Microsoft.AspNetCore.Hosting.Diagnostics | Request starting HTTP/1.1 GET http://localhost:5217/api/Attendance/status?employeeId=31&orgId=2 - application/json null
2026-03-20 17:19:33.758 [INF] Microsoft.AspNetCore.Cors.Infrastructure.CorsService | CORS policy execution successful.
2026-03-20 17:19:33.758 [INF] Microsoft.AspNetCore.Routing.EndpointMiddleware | Executing endpoint 'backend.Controllers.AttendanceController.GetTodayStatus (backend)'
2026-03-20 17:19:33.758 [INF] Microsoft.AspNetCore.Mvc.Infrastructure.ControllerActionInvoker | Route matched with {action = "GetTodayStatus", controller = "Attendance"}. Executing controller action with signature System.Threading.Tasks.Task`1[Microsoft.AspNetCore.Mvc.IActionResult] GetTodayStatus(Int32, System.Nullable`1[System.Int32]) on controller backend.Controllers.AttendanceController (backend).
2026-03-20 17:19:33.769 [INF] Microsoft.AspNetCore.Mvc.Infrastructure.ObjectResultExecutor | Executing OkObjectResult, writing value of type 'backend.Models.AttendanceStatusResponse'.
2026-03-20 17:19:33.769 [INF] Microsoft.AspNetCore.Mvc.Infrastructure.ControllerActionInvoker | Executed action backend.Controllers.AttendanceController.GetTodayStatus (backend) in 10.475ms
2026-03-20 17:19:33.769 [INF] Microsoft.AspNetCore.Routing.EndpointMiddleware | Executed endpoint 'backend.Controllers.AttendanceController.GetTodayStatus (backend)'
2026-03-20 17:19:33.769 [INF] Serilog.AspNetCore.RequestLoggingMiddleware | HTTP GET /api/Attendance/status → 200 (10.6ms)
2026-03-20 17:19:33.769 [INF] Microsoft.AspNetCore.Hosting.Diagnostics | Request finished HTTP/1.1 GET http://localhost:5217/api/Attendance/status?employeeId=31&orgId=2 - 200 null application/json; charset=utf-8 10.883ms
2026-03-20 17:19:38.679 [INF] Microsoft.AspNetCore.Hosting.Diagnostics | Request starting HTTP/1.1 OPTIONS http://localhost:5217/api/organizations - null null
2026-03-20 17:19:38.679 [INF] Microsoft.AspNetCore.Cors.Infrastructure.CorsService | CORS policy execution successful.
2026-03-20 17:19:38.679 [INF] Microsoft.AspNetCore.Hosting.Diagnostics | Request finished HTTP/1.1 OPTIONS http://localhost:5217/api/organizations - 204 null null 0.2426ms
2026-03-20 17:19:38.683 [INF] Microsoft.AspNetCore.Hosting.Diagnostics | Request starting HTTP/1.1 GET http://localhost:5217/api/organizations - application/json null
2026-03-20 17:19:38.684 [INF] Microsoft.AspNetCore.Cors.Infrastructure.CorsService | CORS policy execution successful.
2026-03-20 17:19:38.684 [INF] Microsoft.AspNetCore.Routing.EndpointMiddleware | Executing endpoint 'backend.Controllers.OrganizationsController.GetOrganizations (backend)'
2026-03-20 17:19:38.684 [INF] Microsoft.AspNetCore.Mvc.Infrastructure.ControllerActionInvoker | Route matched with {action = "GetOrganizations", controller = "Organizations"}. Executing controller action with signature System.Threading.Tasks.Task`1[Microsoft.AspNetCore.Mvc.IActionResult] GetOrganizations() on controller backend.Controllers.OrganizationsController (backend).
2026-03-20 17:19:38.684 [INF] backend.Controllers.OrganizationsController | [Orgs] GET all requested | Role=SuperAdmin | UserId=18
2026-03-20 17:19:38.694 [INF] Microsoft.AspNetCore.Mvc.Infrastructure.ObjectResultExecutor | Executing OkObjectResult, writing value of type 'System.Collections.Generic.List`1[[backend.Models.Organization, backend, Version=1.0.0.0, Culture=neutral, PublicKeyToken=null]]'.
2026-03-20 17:19:38.694 [INF] Microsoft.AspNetCore.Mvc.Infrastructure.ControllerActionInvoker | Executed action backend.Controllers.OrganizationsController.GetOrganizations (backend) in 10.0073ms
2026-03-20 17:19:38.694 [INF] Microsoft.AspNetCore.Routing.EndpointMiddleware | Executed endpoint 'backend.Controllers.OrganizationsController.GetOrganizations (backend)'
2026-03-20 17:19:38.694 [INF] Serilog.AspNetCore.RequestLoggingMiddleware | HTTP GET /api/organizations → 200 (10.1ms)
2026-03-20 17:19:38.694 [INF] Microsoft.AspNetCore.Hosting.Diagnostics | Request finished HTTP/1.1 GET http://localhost:5217/api/organizations - 200 null application/json; charset=utf-8 10.4364ms
2026-03-20 17:19:39.442 [INF] Microsoft.AspNetCore.Hosting.Diagnostics | Request starting HTTP/1.1 OPTIONS http://localhost:5217/api/leads - null null
2026-03-20 17:19:39.442 [INF] Microsoft.AspNetCore.Cors.Infrastructure.CorsService | CORS policy execution successful.
2026-03-20 17:19:39.442 [INF] Microsoft.AspNetCore.Hosting.Diagnostics | Request finished HTTP/1.1 OPTIONS http://localhost:5217/api/leads - 204 null null 0.1491ms
2026-03-20 17:19:39.474 [INF] Microsoft.AspNetCore.Hosting.Diagnostics | Request starting HTTP/1.1 GET http://localhost:5217/api/leads - application/json null
2026-03-20 17:19:39.474 [INF] Microsoft.AspNetCore.Cors.Infrastructure.CorsService | CORS policy execution successful.
2026-03-20 17:19:39.474 [INF] Microsoft.AspNetCore.Routing.EndpointMiddleware | Executing endpoint 'backend.Controllers.LeadsController.GetLeads (backend)'
2026-03-20 17:19:39.474 [INF] Microsoft.AspNetCore.Mvc.Infrastructure.ControllerActionInvoker | Route matched with {action = "GetLeads", controller = "Leads"}. Executing controller action with signature System.Threading.Tasks.Task`1[System.Collections.Generic.IEnumerable`1[backend.Models.Lead]] GetLeads() on controller backend.Controllers.LeadsController (backend).
2026-03-20 17:19:39.484 [INF] Microsoft.AspNetCore.Mvc.Infrastructure.ObjectResultExecutor | Executing ObjectResult, writing value of type 'System.Collections.Generic.List`1[[backend.Models.Lead, backend, Version=1.0.0.0, Culture=neutral, PublicKeyToken=null]]'.
2026-03-20 17:19:39.485 [INF] Microsoft.AspNetCore.Mvc.Infrastructure.ControllerActionInvoker | Executed action backend.Controllers.LeadsController.GetLeads (backend) in 10.2385ms
2026-03-20 17:19:39.485 [INF] Microsoft.AspNetCore.Routing.EndpointMiddleware | Executed endpoint 'backend.Controllers.LeadsController.GetLeads (backend)'
2026-03-20 17:19:39.485 [INF] Serilog.AspNetCore.RequestLoggingMiddleware | HTTP GET /api/leads → 200 (10.4ms)
2026-03-20 17:19:39.485 [INF] Microsoft.AspNetCore.Hosting.Diagnostics | Request finished HTTP/1.1 GET http://localhost:5217/api/leads - 200 null application/json; charset=utf-8 10.9076ms
2026-03-20 17:19:39.492 [INF] Microsoft.AspNetCore.Hosting.Diagnostics | Request starting HTTP/1.1 OPTIONS http://localhost:5217/api/employees?organizationId=2 - null null
2026-03-20 17:19:39.492 [INF] Microsoft.AspNetCore.Cors.Infrastructure.CorsService | CORS policy execution successful.
2026-03-20 17:19:39.492 [INF] Microsoft.AspNetCore.Hosting.Diagnostics | Request finished HTTP/1.1 OPTIONS http://localhost:5217/api/employees?organizationId=2 - 204 null null 0.1212ms
2026-03-20 17:19:39.494 [INF] Microsoft.AspNetCore.Hosting.Diagnostics | Request starting HTTP/1.1 GET http://localhost:5217/api/employees?organizationId=2 - application/json null
2026-03-20 17:19:39.494 [INF] Microsoft.AspNetCore.Cors.Infrastructure.CorsService | CORS policy execution successful.
2026-03-20 17:19:39.494 [INF] Microsoft.AspNetCore.Routing.EndpointMiddleware | Executing endpoint 'backend.Controllers.EmployeesController.GetEmployees (backend)'
2026-03-20 17:19:39.494 [INF] Microsoft.AspNetCore.Mvc.Infrastructure.ControllerActionInvoker | Route matched with {action = "GetEmployees", controller = "Employees"}. Executing controller action with signature System.Threading.Tasks.Task`1[Microsoft.AspNetCore.Mvc.IActionResult] GetEmployees(System.Nullable`1[System.Int32]) on controller backend.Controllers.EmployeesController (backend).
2026-03-20 17:19:39.494 [INF] backend.Controllers.EmployeesController | [Employees] GET all | TargetOrgId=2 | UserOrgId=2
2026-03-20 17:19:39.508 [INF] Microsoft.AspNetCore.Mvc.Infrastructure.ObjectResultExecutor | Executing OkObjectResult, writing value of type 'System.Collections.Generic.List`1[[backend.Models.Employee, backend, Version=1.0.0.0, Culture=neutral, PublicKeyToken=null]]'.
2026-03-20 17:19:39.508 [INF] Microsoft.AspNetCore.Mvc.Infrastructure.ControllerActionInvoker | Executed action backend.Controllers.EmployeesController.GetEmployees (backend) in 13.8971ms
2026-03-20 17:19:39.508 [INF] Microsoft.AspNetCore.Routing.EndpointMiddleware | Executed endpoint 'backend.Controllers.EmployeesController.GetEmployees (backend)'
2026-03-20 17:19:39.508 [INF] Serilog.AspNetCore.RequestLoggingMiddleware | HTTP GET /api/employees → 200 (14.0ms)
2026-03-20 17:19:39.508 [INF] Microsoft.AspNetCore.Hosting.Diagnostics | Request finished HTTP/1.1 GET http://localhost:5217/api/employees?organizationId=2 - 200 null application/json; charset=utf-8 14.3181ms
2026-03-20 17:19:39.532 [INF] Microsoft.AspNetCore.Hosting.Diagnostics | Request starting HTTP/1.1 OPTIONS http://localhost:5217/api/ShiftAssignments/roster?start=2026-03-20&end=2026-03-27&orgId=2 - null null
2026-03-20 17:19:39.532 [INF] Microsoft.AspNetCore.Cors.Infrastructure.CorsService | CORS policy execution successful.
2026-03-20 17:19:39.532 [INF] Microsoft.AspNetCore.Hosting.Diagnostics | Request finished HTTP/1.1 OPTIONS http://localhost:5217/api/ShiftAssignments/roster?start=2026-03-20&end=2026-03-27&orgId=2 - 204 null null 0.1762ms
2026-03-20 17:19:39.534 [INF] Microsoft.AspNetCore.Hosting.Diagnostics | Request starting HTTP/1.1 GET http://localhost:5217/api/ShiftAssignments/roster?start=2026-03-20&end=2026-03-27&orgId=2 - application/json null
2026-03-20 17:19:39.534 [INF] Microsoft.AspNetCore.Cors.Infrastructure.CorsService | CORS policy execution successful.
2026-03-20 17:19:39.534 [INF] Microsoft.AspNetCore.Routing.EndpointMiddleware | Executing endpoint 'backend.Controllers.ShiftAssignmentsController.GetMonthlyRosterFixed (backend)'
2026-03-20 17:19:39.534 [INF] Microsoft.AspNetCore.Mvc.Infrastructure.ControllerActionInvoker | Route matched with {action = "GetMonthlyRosterFixed", controller = "ShiftAssignments"}. Executing controller action with signature System.Threading.Tasks.Task`1[Microsoft.AspNetCore.Mvc.IActionResult] GetMonthlyRosterFixed(System.String, System.String, System.Nullable`1[System.Int32]) on controller backend.Controllers.ShiftAssignmentsController (backend).
2026-03-20 17:19:39.545 [INF] Microsoft.AspNetCore.Mvc.Infrastructure.ObjectResultExecutor | Executing OkObjectResult, writing value of type 'System.Collections.Generic.List`1[[backend.Models.EmployeeSchedule, backend, Version=1.0.0.0, Culture=neutral, PublicKeyToken=null]]'.
2026-03-20 17:19:39.545 [INF] Microsoft.AspNetCore.Mvc.Infrastructure.ControllerActionInvoker | Executed action backend.Controllers.ShiftAssignmentsController.GetMonthlyRosterFixed (backend) in 10.8554ms
2026-03-20 17:19:39.545 [INF] Microsoft.AspNetCore.Routing.EndpointMiddleware | Executed endpoint 'backend.Controllers.ShiftAssignmentsController.GetMonthlyRosterFixed (backend)'
2026-03-20 17:19:39.545 [INF] Serilog.AspNetCore.RequestLoggingMiddleware | HTTP GET /api/ShiftAssignments/roster → 200 (11.0ms)
2026-03-20 17:19:39.545 [INF] Microsoft.AspNetCore.Hosting.Diagnostics | Request finished HTTP/1.1 GET http://localhost:5217/api/ShiftAssignments/roster?start=2026-03-20&end=2026-03-27&orgId=2 - 200 null application/json; charset=utf-8 11.3063ms
2026-03-20 17:19:39.603 [INF] Microsoft.AspNetCore.Hosting.Diagnostics | Request starting HTTP/1.1 OPTIONS http://localhost:5217/api/Attendance/status?employeeId=31&orgId=2 - null null
2026-03-20 17:19:39.603 [INF] Microsoft.AspNetCore.Cors.Infrastructure.CorsService | CORS policy execution successful.
2026-03-20 17:19:39.603 [INF] Microsoft.AspNetCore.Hosting.Diagnostics | Request finished HTTP/1.1 OPTIONS http://localhost:5217/api/Attendance/status?employeeId=31&orgId=2 - 204 null null 0.1325ms
2026-03-20 17:19:39.605 [INF] Microsoft.AspNetCore.Hosting.Diagnostics | Request starting HTTP/1.1 GET http://localhost:5217/api/Attendance/status?employeeId=31&orgId=2 - application/json null
2026-03-20 17:19:39.605 [INF] Microsoft.AspNetCore.Cors.Infrastructure.CorsService | CORS policy execution successful.
2026-03-20 17:19:39.605 [INF] Microsoft.AspNetCore.Routing.EndpointMiddleware | Executing endpoint 'backend.Controllers.AttendanceController.GetTodayStatus (backend)'
2026-03-20 17:19:39.605 [INF] Microsoft.AspNetCore.Mvc.Infrastructure.ControllerActionInvoker | Route matched with {action = "GetTodayStatus", controller = "Attendance"}. Executing controller action with signature System.Threading.Tasks.Task`1[Microsoft.AspNetCore.Mvc.IActionResult] GetTodayStatus(Int32, System.Nullable`1[System.Int32]) on controller backend.Controllers.AttendanceController (backend).
2026-03-20 17:19:39.616 [INF] Microsoft.AspNetCore.Mvc.Infrastructure.ObjectResultExecutor | Executing OkObjectResult, writing value of type 'backend.Models.AttendanceStatusResponse'.
2026-03-20 17:19:39.616 [INF] Microsoft.AspNetCore.Mvc.Infrastructure.ControllerActionInvoker | Executed action backend.Controllers.AttendanceController.GetTodayStatus (backend) in 11.0747ms
2026-03-20 17:19:39.616 [INF] Microsoft.AspNetCore.Routing.EndpointMiddleware | Executed endpoint 'backend.Controllers.AttendanceController.GetTodayStatus (backend)'
2026-03-20 17:19:39.616 [INF] Serilog.AspNetCore.RequestLoggingMiddleware | HTTP GET /api/Attendance/status → 200 (11.3ms)
2026-03-20 17:19:39.616 [INF] Microsoft.AspNetCore.Hosting.Diagnostics | Request finished HTTP/1.1 GET http://localhost:5217/api/Attendance/status?employeeId=31&orgId=2 - 200 null application/json; charset=utf-8 11.7087ms
2026-03-20 17:19:41.719 [INF] Microsoft.AspNetCore.Hosting.Diagnostics | Request starting HTTP/1.1 GET http://localhost:5217/api/employees?organizationId=2 - application/json null
2026-03-20 17:19:41.719 [INF] Microsoft.AspNetCore.Cors.Infrastructure.CorsService | CORS policy execution successful.
2026-03-20 17:19:41.719 [INF] Microsoft.AspNetCore.Routing.EndpointMiddleware | Executing endpoint 'backend.Controllers.EmployeesController.GetEmployees (backend)'
2026-03-20 17:19:41.719 [INF] Microsoft.AspNetCore.Mvc.Infrastructure.ControllerActionInvoker | Route matched with {action = "GetEmployees", controller = "Employees"}. Executing controller action with signature System.Threading.Tasks.Task`1[Microsoft.AspNetCore.Mvc.IActionResult] GetEmployees(System.Nullable`1[System.Int32]) on controller backend.Controllers.EmployeesController (backend).
2026-03-20 17:19:41.719 [INF] backend.Controllers.EmployeesController | [Employees] GET all | TargetOrgId=2 | UserOrgId=2
2026-03-20 17:19:41.738 [INF] Microsoft.AspNetCore.Mvc.Infrastructure.ObjectResultExecutor | Executing OkObjectResult, writing value of type 'System.Collections.Generic.List`1[[backend.Models.Employee, backend, Version=1.0.0.0, Culture=neutral, PublicKeyToken=null]]'.
2026-03-20 17:19:41.738 [INF] Microsoft.AspNetCore.Mvc.Infrastructure.ControllerActionInvoker | Executed action backend.Controllers.EmployeesController.GetEmployees (backend) in 18.4592ms
2026-03-20 17:19:41.738 [INF] Microsoft.AspNetCore.Routing.EndpointMiddleware | Executed endpoint 'backend.Controllers.EmployeesController.GetEmployees (backend)'
2026-03-20 17:19:41.738 [INF] Serilog.AspNetCore.RequestLoggingMiddleware | HTTP GET /api/employees → 200 (18.7ms)
2026-03-20 17:19:41.738 [INF] Microsoft.AspNetCore.Hosting.Diagnostics | Request finished HTTP/1.1 GET http://localhost:5217/api/employees?organizationId=2 - 200 null application/json; charset=utf-8 18.961ms
2026-03-20 17:19:50.192 [INF] Microsoft.AspNetCore.Hosting.Diagnostics | Request starting HTTP/1.1 OPTIONS http://localhost:5217/api/FaceAttendance/match-embedding - null null
2026-03-20 17:19:50.192 [INF] Microsoft.AspNetCore.Cors.Infrastructure.CorsService | CORS policy execution successful.
2026-03-20 17:19:50.192 [INF] Microsoft.AspNetCore.Hosting.Diagnostics | Request finished HTTP/1.1 OPTIONS http://localhost:5217/api/FaceAttendance/match-embedding - 204 null null 0.3031ms
2026-03-20 17:19:50.194 [INF] Microsoft.AspNetCore.Hosting.Diagnostics | Request starting HTTP/1.1 POST http://localhost:5217/api/FaceAttendance/match-embedding - application/json 2633
2026-03-20 17:19:50.195 [INF] Microsoft.AspNetCore.Cors.Infrastructure.CorsService | CORS policy execution successful.
2026-03-20 17:19:50.195 [INF] Microsoft.AspNetCore.Routing.EndpointMiddleware | Executing endpoint 'backend.Controllers.FaceAttendanceController.MatchEmbedding (backend)'
2026-03-20 17:19:50.202 [INF] Microsoft.AspNetCore.Mvc.Infrastructure.ControllerActionInvoker | Route matched with {action = "MatchEmbedding", controller = "FaceAttendance"}. Executing controller action with signature System.Threading.Tasks.Task`1[Microsoft.AspNetCore.Mvc.IActionResult] MatchEmbedding(FaceMatchRequest) on controller backend.Controllers.FaceAttendanceController (backend).
2026-03-20 17:19:50.203 [INF] backend.Controllers.FaceAttendanceController | Matching face embedding using stored procedure...
2026-03-20 17:19:50.213 [WRN] backend.Controllers.FaceAttendanceController | No match found above threshold 0.95. Best was -1
2026-03-20 17:19:50.213 [INF] Microsoft.AspNetCore.Mvc.Infrastructure.ObjectResultExecutor | Executing OkObjectResult, writing value of type '<>f__AnonymousType45`2[[System.String, System.Private.CoreLib, Version=10.0.0.0, Culture=neutral, PublicKeyToken=7cec85d7bea7798e],[System.String, System.Private.CoreLib, Version=10.0.0.0, Culture=neutral, PublicKeyToken=7cec85d7bea7798e]]'.
2026-03-20 17:19:50.215 [INF] Microsoft.AspNetCore.Mvc.Infrastructure.ControllerActionInvoker | Executed action backend.Controllers.FaceAttendanceController.MatchEmbedding (backend) in 12.9211ms
2026-03-20 17:19:50.215 [INF] Microsoft.AspNetCore.Routing.EndpointMiddleware | Executed endpoint 'backend.Controllers.FaceAttendanceController.MatchEmbedding (backend)'
2026-03-20 17:19:50.215 [INF] Serilog.AspNetCore.RequestLoggingMiddleware | HTTP POST /api/FaceAttendance/match-embedding → 200 (19.5ms)
2026-03-20 17:19:50.215 [INF] Microsoft.AspNetCore.Hosting.Diagnostics | Request finished HTTP/1.1 POST http://localhost:5217/api/FaceAttendance/match-embedding - 200 null application/json; charset=utf-8 21.1323ms
2026-03-20 17:20:34.218 [INF] Microsoft.AspNetCore.Hosting.Diagnostics | Request starting HTTP/1.1 OPTIONS http://localhost:5217/api/organizations - null null
2026-03-20 17:20:34.218 [INF] Microsoft.AspNetCore.Cors.Infrastructure.CorsService | CORS policy execution successful.
2026-03-20 17:20:34.218 [INF] Microsoft.AspNetCore.Hosting.Diagnostics | Request finished HTTP/1.1 OPTIONS http://localhost:5217/api/organizations - 204 null null 0.1694ms
2026-03-20 17:20:34.222 [INF] Microsoft.AspNetCore.Hosting.Diagnostics | Request starting HTTP/1.1 GET http://localhost:5217/api/organizations - application/json null
2026-03-20 17:20:34.222 [INF] Microsoft.AspNetCore.Cors.Infrastructure.CorsService | CORS policy execution successful.
2026-03-20 17:20:34.222 [INF] Microsoft.AspNetCore.Routing.EndpointMiddleware | Executing endpoint 'backend.Controllers.OrganizationsController.GetOrganizations (backend)'
2026-03-20 17:20:34.222 [INF] Microsoft.AspNetCore.Mvc.Infrastructure.ControllerActionInvoker | Route matched with {action = "GetOrganizations", controller = "Organizations"}. Executing controller action with signature System.Threading.Tasks.Task`1[Microsoft.AspNetCore.Mvc.IActionResult] GetOrganizations() on controller backend.Controllers.OrganizationsController (backend).
2026-03-20 17:20:34.222 [INF] backend.Controllers.OrganizationsController | [Orgs] GET all requested | Role=SuperAdmin | UserId=18
2026-03-20 17:20:34.232 [INF] Microsoft.AspNetCore.Mvc.Infrastructure.ObjectResultExecutor | Executing OkObjectResult, writing value of type 'System.Collections.Generic.List`1[[backend.Models.Organization, backend, Version=1.0.0.0, Culture=neutral, PublicKeyToken=null]]'.
2026-03-20 17:20:34.233 [INF] Microsoft.AspNetCore.Mvc.Infrastructure.ControllerActionInvoker | Executed action backend.Controllers.OrganizationsController.GetOrganizations (backend) in 10.3164ms
2026-03-20 17:20:34.233 [INF] Microsoft.AspNetCore.Routing.EndpointMiddleware | Executed endpoint 'backend.Controllers.OrganizationsController.GetOrganizations (backend)'
2026-03-20 17:20:34.233 [INF] Serilog.AspNetCore.RequestLoggingMiddleware | HTTP GET /api/organizations → 200 (10.5ms)
2026-03-20 17:20:34.233 [INF] Microsoft.AspNetCore.Hosting.Diagnostics | Request finished HTTP/1.1 GET http://localhost:5217/api/organizations - 200 null application/json; charset=utf-8 10.9981ms
2026-03-20 17:20:34.254 [INF] Microsoft.AspNetCore.Hosting.Diagnostics | Request starting HTTP/1.1 OPTIONS http://localhost:5217/api/leads - null null
2026-03-20 17:20:34.254 [INF] Microsoft.AspNetCore.Cors.Infrastructure.CorsService | CORS policy execution successful.
2026-03-20 17:20:34.254 [INF] Microsoft.AspNetCore.Hosting.Diagnostics | Request finished HTTP/1.1 OPTIONS http://localhost:5217/api/leads - 204 null null 0.1304ms
2026-03-20 17:20:34.255 [INF] Microsoft.AspNetCore.Hosting.Diagnostics | Request starting HTTP/1.1 GET http://localhost:5217/api/leads - application/json null
2026-03-20 17:20:34.255 [INF] Microsoft.AspNetCore.Cors.Infrastructure.CorsService | CORS policy execution successful.
2026-03-20 17:20:34.256 [INF] Microsoft.AspNetCore.Routing.EndpointMiddleware | Executing endpoint 'backend.Controllers.LeadsController.GetLeads (backend)'
2026-03-20 17:20:34.256 [INF] Microsoft.AspNetCore.Mvc.Infrastructure.ControllerActionInvoker | Route matched with {action = "GetLeads", controller = "Leads"}. Executing controller action with signature System.Threading.Tasks.Task`1[System.Collections.Generic.IEnumerable`1[backend.Models.Lead]] GetLeads() on controller backend.Controllers.LeadsController (backend).
2026-03-20 17:20:34.265 [INF] Microsoft.AspNetCore.Mvc.Infrastructure.ObjectResultExecutor | Executing ObjectResult, writing value of type 'System.Collections.Generic.List`1[[backend.Models.Lead, backend, Version=1.0.0.0, Culture=neutral, PublicKeyToken=null]]'.
2026-03-20 17:20:34.265 [INF] Microsoft.AspNetCore.Mvc.Infrastructure.ControllerActionInvoker | Executed action backend.Controllers.LeadsController.GetLeads (backend) in 9.4907ms
2026-03-20 17:20:34.265 [INF] Microsoft.AspNetCore.Routing.EndpointMiddleware | Executed endpoint 'backend.Controllers.LeadsController.GetLeads (backend)'
2026-03-20 17:20:34.265 [INF] Serilog.AspNetCore.RequestLoggingMiddleware | HTTP GET /api/leads → 200 (9.6ms)
2026-03-20 17:20:34.265 [INF] Microsoft.AspNetCore.Hosting.Diagnostics | Request finished HTTP/1.1 GET http://localhost:5217/api/leads - 200 null application/json; charset=utf-8 9.877ms
2026-03-20 17:20:34.317 [INF] Microsoft.AspNetCore.Hosting.Diagnostics | Request starting HTTP/1.1 OPTIONS http://localhost:5217/api/employees?organizationId=2 - null null
2026-03-20 17:20:34.317 [INF] Microsoft.AspNetCore.Cors.Infrastructure.CorsService | CORS policy execution successful.
2026-03-20 17:20:34.317 [INF] Microsoft.AspNetCore.Hosting.Diagnostics | Request finished HTTP/1.1 OPTIONS http://localhost:5217/api/employees?organizationId=2 - 204 null null 0.1253ms
2026-03-20 17:20:34.318 [INF] Microsoft.AspNetCore.Hosting.Diagnostics | Request starting HTTP/1.1 GET http://localhost:5217/api/employees?organizationId=2 - application/json null
2026-03-20 17:20:34.318 [INF] Microsoft.AspNetCore.Cors.Infrastructure.CorsService | CORS policy execution successful.
2026-03-20 17:20:34.318 [INF] Microsoft.AspNetCore.Routing.EndpointMiddleware | Executing endpoint 'backend.Controllers.EmployeesController.GetEmployees (backend)'
2026-03-20 17:20:34.318 [INF] Microsoft.AspNetCore.Mvc.Infrastructure.ControllerActionInvoker | Route matched with {action = "GetEmployees", controller = "Employees"}. Executing controller action with signature System.Threading.Tasks.Task`1[Microsoft.AspNetCore.Mvc.IActionResult] GetEmployees(System.Nullable`1[System.Int32]) on controller backend.Controllers.EmployeesController (backend).
2026-03-20 17:20:34.319 [INF] backend.Controllers.EmployeesController | [Employees] GET all | TargetOrgId=2 | UserOrgId=2
2026-03-20 17:20:34.329 [INF] Microsoft.AspNetCore.Mvc.Infrastructure.ObjectResultExecutor | Executing OkObjectResult, writing value of type 'System.Collections.Generic.List`1[[backend.Models.Employee, backend, Version=1.0.0.0, Culture=neutral, PublicKeyToken=null]]'.
2026-03-20 17:20:34.329 [INF] Microsoft.AspNetCore.Mvc.Infrastructure.ControllerActionInvoker | Executed action backend.Controllers.EmployeesController.GetEmployees (backend) in 10.2556ms
2026-03-20 17:20:34.329 [INF] Microsoft.AspNetCore.Routing.EndpointMiddleware | Executed endpoint 'backend.Controllers.EmployeesController.GetEmployees (backend)'
2026-03-20 17:20:34.329 [INF] Serilog.AspNetCore.RequestLoggingMiddleware | HTTP GET /api/employees → 200 (10.4ms)
2026-03-20 17:20:34.329 [INF] Microsoft.AspNetCore.Hosting.Diagnostics | Request finished HTTP/1.1 GET http://localhost:5217/api/employees?organizationId=2 - 200 null application/json; charset=utf-8 10.6377ms
2026-03-20 17:20:34.349 [INF] Microsoft.AspNetCore.Hosting.Diagnostics | Request starting HTTP/1.1 OPTIONS http://localhost:5217/api/ShiftAssignments/roster?start=2026-03-20&end=2026-03-27&orgId=2 - null null
2026-03-20 17:20:34.349 [INF] Microsoft.AspNetCore.Cors.Infrastructure.CorsService | CORS policy execution successful.
2026-03-20 17:20:34.349 [INF] Microsoft.AspNetCore.Hosting.Diagnostics | Request finished HTTP/1.1 OPTIONS http://localhost:5217/api/ShiftAssignments/roster?start=2026-03-20&end=2026-03-27&orgId=2 - 204 null null 0.1341ms
2026-03-20 17:20:34.351 [INF] Microsoft.AspNetCore.Hosting.Diagnostics | Request starting HTTP/1.1 GET http://localhost:5217/api/ShiftAssignments/roster?start=2026-03-20&end=2026-03-27&orgId=2 - application/json null
2026-03-20 17:20:34.351 [INF] Microsoft.AspNetCore.Cors.Infrastructure.CorsService | CORS policy execution successful.
2026-03-20 17:20:34.351 [INF] Microsoft.AspNetCore.Routing.EndpointMiddleware | Executing endpoint 'backend.Controllers.ShiftAssignmentsController.GetMonthlyRosterFixed (backend)'
2026-03-20 17:20:34.351 [INF] Microsoft.AspNetCore.Mvc.Infrastructure.ControllerActionInvoker | Route matched with {action = "GetMonthlyRosterFixed", controller = "ShiftAssignments"}. Executing controller action with signature System.Threading.Tasks.Task`1[Microsoft.AspNetCore.Mvc.IActionResult] GetMonthlyRosterFixed(System.String, System.String, System.Nullable`1[System.Int32]) on controller backend.Controllers.ShiftAssignmentsController (backend).
2026-03-20 17:20:34.364 [INF] Microsoft.AspNetCore.Mvc.Infrastructure.ObjectResultExecutor | Executing OkObjectResult, writing value of type 'System.Collections.Generic.List`1[[backend.Models.EmployeeSchedule, backend, Version=1.0.0.0, Culture=neutral, PublicKeyToken=null]]'.
2026-03-20 17:20:34.364 [INF] Microsoft.AspNetCore.Mvc.Infrastructure.ControllerActionInvoker | Executed action backend.Controllers.ShiftAssignmentsController.GetMonthlyRosterFixed (backend) in 12.9565ms
2026-03-20 17:20:34.364 [INF] Microsoft.AspNetCore.Routing.EndpointMiddleware | Executed endpoint 'backend.Controllers.ShiftAssignmentsController.GetMonthlyRosterFixed (backend)'
2026-03-20 17:20:34.364 [INF] Serilog.AspNetCore.RequestLoggingMiddleware | HTTP GET /api/ShiftAssignments/roster → 200 (13.1ms)
2026-03-20 17:20:34.364 [INF] Microsoft.AspNetCore.Hosting.Diagnostics | Request finished HTTP/1.1 GET http://localhost:5217/api/ShiftAssignments/roster?start=2026-03-20&end=2026-03-27&orgId=2 - 200 null application/json; charset=utf-8 13.369ms
2026-03-20 17:20:34.405 [INF] Microsoft.AspNetCore.Hosting.Diagnostics | Request starting HTTP/1.1 OPTIONS http://localhost:5217/api/Attendance/status?employeeId=31&orgId=2 - null null
2026-03-20 17:20:34.405 [INF] Microsoft.AspNetCore.Cors.Infrastructure.CorsService | CORS policy execution successful.
2026-03-20 17:20:34.405 [INF] Microsoft.AspNetCore.Hosting.Diagnostics | Request finished HTTP/1.1 OPTIONS http://localhost:5217/api/Attendance/status?employeeId=31&orgId=2 - 204 null null 0.1185ms
2026-03-20 17:20:34.408 [INF] Microsoft.AspNetCore.Hosting.Diagnostics | Request starting HTTP/1.1 GET http://localhost:5217/api/Attendance/status?employeeId=31&orgId=2 - application/json null
2026-03-20 17:20:34.408 [INF] Microsoft.AspNetCore.Cors.Infrastructure.CorsService | CORS policy execution successful.
2026-03-20 17:20:34.408 [INF] Microsoft.AspNetCore.Routing.EndpointMiddleware | Executing endpoint 'backend.Controllers.AttendanceController.GetTodayStatus (backend)'
2026-03-20 17:20:34.408 [INF] Microsoft.AspNetCore.Mvc.Infrastructure.ControllerActionInvoker | Route matched with {action = "GetTodayStatus", controller = "Attendance"}. Executing controller action with signature System.Threading.Tasks.Task`1[Microsoft.AspNetCore.Mvc.IActionResult] GetTodayStatus(Int32, System.Nullable`1[System.Int32]) on controller backend.Controllers.AttendanceController (backend).
2026-03-20 17:20:34.420 [INF] Microsoft.AspNetCore.Mvc.Infrastructure.ObjectResultExecutor | Executing OkObjectResult, writing value of type 'backend.Models.AttendanceStatusResponse'.
2026-03-20 17:20:34.420 [INF] Microsoft.AspNetCore.Mvc.Infrastructure.ControllerActionInvoker | Executed action backend.Controllers.AttendanceController.GetTodayStatus (backend) in 11.4818ms
2026-03-20 17:20:34.420 [INF] Microsoft.AspNetCore.Routing.EndpointMiddleware | Executed endpoint 'backend.Controllers.AttendanceController.GetTodayStatus (backend)'
2026-03-20 17:20:34.420 [INF] Serilog.AspNetCore.RequestLoggingMiddleware | HTTP GET /api/Attendance/status → 200 (11.6ms)
2026-03-20 17:20:34.420 [INF] Microsoft.AspNetCore.Hosting.Diagnostics | Request finished HTTP/1.1 GET http://localhost:5217/api/Attendance/status?employeeId=31&orgId=2 - 200 null application/json; charset=utf-8 11.9188ms
2026-03-20 17:20:38.053 [INF] Microsoft.AspNetCore.Hosting.Diagnostics | Request starting HTTP/1.1 GET http://localhost:5217/api/employees?organizationId=2 - application/json null
2026-03-20 17:20:38.053 [INF] Microsoft.AspNetCore.Cors.Infrastructure.CorsService | CORS policy execution successful.
2026-03-20 17:20:38.054 [INF] Microsoft.AspNetCore.Routing.EndpointMiddleware | Executing endpoint 'backend.Controllers.EmployeesController.GetEmployees (backend)'
2026-03-20 17:20:38.054 [INF] Microsoft.AspNetCore.Mvc.Infrastructure.ControllerActionInvoker | Route matched with {action = "GetEmployees", controller = "Employees"}. Executing controller action with signature System.Threading.Tasks.Task`1[Microsoft.AspNetCore.Mvc.IActionResult] GetEmployees(System.Nullable`1[System.Int32]) on controller backend.Controllers.EmployeesController (backend).
2026-03-20 17:20:38.054 [INF] backend.Controllers.EmployeesController | [Employees] GET all | TargetOrgId=2 | UserOrgId=2
2026-03-20 17:20:38.064 [INF] Microsoft.AspNetCore.Mvc.Infrastructure.ObjectResultExecutor | Executing OkObjectResult, writing value of type 'System.Collections.Generic.List`1[[backend.Models.Employee, backend, Version=1.0.0.0, Culture=neutral, PublicKeyToken=null]]'.
2026-03-20 17:20:38.065 [INF] Microsoft.AspNetCore.Mvc.Infrastructure.ControllerActionInvoker | Executed action backend.Controllers.EmployeesController.GetEmployees (backend) in 10.9554ms
2026-03-20 17:20:38.065 [INF] Microsoft.AspNetCore.Routing.EndpointMiddleware | Executed endpoint 'backend.Controllers.EmployeesController.GetEmployees (backend)'
2026-03-20 17:20:38.065 [INF] Serilog.AspNetCore.RequestLoggingMiddleware | HTTP GET /api/employees → 200 (11.1ms)
2026-03-20 17:20:38.065 [INF] Microsoft.AspNetCore.Hosting.Diagnostics | Request finished HTTP/1.1 GET http://localhost:5217/api/employees?organizationId=2 - 200 null application/json; charset=utf-8 11.679ms
2026-03-20 17:21:44.180 [INF] Microsoft.AspNetCore.Hosting.Diagnostics | Request starting HTTP/1.1 OPTIONS http://localhost:5217/api/FaceAttendance/register-embedding - null null
2026-03-20 17:21:44.180 [INF] Microsoft.AspNetCore.Cors.Infrastructure.CorsService | CORS policy execution successful.
2026-03-20 17:21:44.180 [INF] Microsoft.AspNetCore.Hosting.Diagnostics | Request finished HTTP/1.1 OPTIONS http://localhost:5217/api/FaceAttendance/register-embedding - 204 null null 0.1958ms
2026-03-20 17:21:44.181 [INF] Microsoft.AspNetCore.Hosting.Diagnostics | Request starting HTTP/1.1 POST http://localhost:5217/api/FaceAttendance/register-embedding - application/json 2664
2026-03-20 17:21:44.181 [INF] Microsoft.AspNetCore.Cors.Infrastructure.CorsService | CORS policy execution successful.
2026-03-20 17:21:44.181 [INF] Microsoft.AspNetCore.Routing.EndpointMiddleware | Executing endpoint 'backend.Controllers.FaceAttendanceController.RegisterEmbedding (backend)'
2026-03-20 17:21:44.186 [INF] Microsoft.AspNetCore.Mvc.Infrastructure.ControllerActionInvoker | Route matched with {action = "RegisterEmbedding", controller = "FaceAttendance"}. Executing controller action with signature System.Threading.Tasks.Task`1[Microsoft.AspNetCore.Mvc.IActionResult] RegisterEmbedding(FaceEmbeddingRequest) on controller backend.Controllers.FaceAttendanceController (backend).
2026-03-20 17:21:44.189 [INF] backend.Controllers.FaceAttendanceController | Registering embedding for Emp1235
2026-03-20 17:21:44.207 [INF] Microsoft.AspNetCore.Mvc.Infrastructure.ObjectResultExecutor | Executing OkObjectResult, writing value of type '<>f__AnonymousType45`2[[System.String, System.Private.CoreLib, Version=10.0.0.0, Culture=neutral, PublicKeyToken=7cec85d7bea7798e],[System.String, System.Private.CoreLib, Version=10.0.0.0, Culture=neutral, PublicKeyToken=7cec85d7bea7798e]]'.
2026-03-20 17:21:44.207 [INF] Microsoft.AspNetCore.Mvc.Infrastructure.ControllerActionInvoker | Executed action backend.Controllers.FaceAttendanceController.RegisterEmbedding (backend) in 20.8408ms
2026-03-20 17:21:44.207 [INF] Microsoft.AspNetCore.Routing.EndpointMiddleware | Executed endpoint 'backend.Controllers.FaceAttendanceController.RegisterEmbedding (backend)'
2026-03-20 17:21:44.207 [INF] Serilog.AspNetCore.RequestLoggingMiddleware | HTTP POST /api/FaceAttendance/register-embedding → 200 (26.1ms)
2026-03-20 17:21:44.207 [INF] Microsoft.AspNetCore.Hosting.Diagnostics | Request finished HTTP/1.1 POST http://localhost:5217/api/FaceAttendance/register-embedding - 200 null application/json; charset=utf-8 26.3096ms
2026-03-20 17:29:01.298 [INF]  | === ProDesX-HRM Backend Starting (Migrations Rev 5: Explicit Columns) ===
2026-03-20 17:29:01.503 [INF]  | === ProDesX-HRM Backend Starting (Migrations Rev 4: Clean GOs) ===
2026-03-20 17:29:01.677 [INF]  | [DB] Connected to: 103.235.104.197 | proxPayroll
2026-03-20 17:29:01.741 [INF]  | [DB] Database exists. Running migrations.sql...
2026-03-20 17:29:02.547 [WRN]  | [DB] Batch skipped in migrations.sql: Invalid column name 'EmployeeId'.
2026-03-20 17:29:02.565 [WRN]  | [DB] Batch skipped in migrations.sql: Invalid column name 'EmployeeId'.
2026-03-20 17:29:04.444 [INF]  | [DB] Finished running migrations.sql. 116 batches applied, 2 skipped.
2026-03-20 17:29:05.052 [WRN]  | [DB] Procedure apply skipped: Invalid column name 'EmployeeId'.
2026-03-20 17:29:05.074 [WRN]  | [DB] Procedure apply skipped: Invalid column name 'EmployeeId'.
2026-03-20 17:29:06.941 [INF]  | [DB] Procedures refreshed (CREATE OR ALTER). 96 applied, 2 skipped.
2026-03-20 17:29:06.941 [INF]  | [DB] Migrations complete.
2026-03-20 17:29:07.083 [INF]  | === Backend running at http://localhost:5217 ===
2026-03-20 17:29:07.098 [INF] Microsoft.AspNetCore.DataProtection.KeyManagement.XmlKeyManager | User profile is available. Using 'C:\Users\vasanth\AppData\Local\ASP.NET\DataProtection-Keys' as key repository and Windows DPAPI to encrypt keys at rest.
2026-03-20 17:29:07.105 [INF] backend.Services.ShiftScheduleBackgroundService | Shift Schedule Background Service is starting.
2026-03-20 17:29:07.159 [INF] Microsoft.Hosting.Lifetime | Now listening on: http://localhost:5217
2026-03-20 17:29:07.160 [INF] Microsoft.Hosting.Lifetime | Application started. Press Ctrl+C to shut down.
2026-03-20 17:29:07.160 [INF] Microsoft.Hosting.Lifetime | Hosting environment: Development
2026-03-20 17:29:07.160 [INF] Microsoft.Hosting.Lifetime | Content root path: C:\Repos_Work\Prodesx_HRM_Mobile_Application\backend
2026-03-20 17:29:17.120 [INF] backend.Services.ShiftScheduleBackgroundService | Shift Schedule Background Service is running...
2026-03-20 17:29:20.936 [INF] backend.Services.ShiftScheduleBackgroundService | Shift Schedule Background Service completed. Inserted 0 new schedules for the rolling 30-day window.
2026-03-20 17:40:06.985 [INF] Microsoft.AspNetCore.Hosting.Diagnostics | Request starting HTTP/1.1 OPTIONS http://localhost:5217/api/auth/login - null null
2026-03-20 17:40:07.032 [INF] Microsoft.AspNetCore.Cors.Infrastructure.CorsService | CORS policy execution successful.
2026-03-20 17:40:07.039 [INF] Microsoft.AspNetCore.Hosting.Diagnostics | Request finished HTTP/1.1 OPTIONS http://localhost:5217/api/auth/login - 204 null null 56.0641ms
2026-03-20 17:40:07.043 [INF] Microsoft.AspNetCore.Hosting.Diagnostics | Request starting HTTP/1.1 POST http://localhost:5217/api/auth/login - application/json 62
2026-03-20 17:40:07.050 [INF] Microsoft.AspNetCore.Cors.Infrastructure.CorsService | CORS policy execution successful.
2026-03-20 17:40:07.070 [WRN] Microsoft.AspNetCore.HttpsPolicy.HttpsRedirectionMiddleware | Failed to determine the https port for redirect.
2026-03-20 17:40:07.105 [INF] Microsoft.AspNetCore.Routing.EndpointMiddleware | Executing endpoint 'backend.Controllers.AuthController.Login (backend)'
2026-03-20 17:40:07.133 [INF] Microsoft.AspNetCore.Mvc.Infrastructure.ControllerActionInvoker | Route matched with {action = "Login", controller = "Auth"}. Executing controller action with signature System.Threading.Tasks.Task`1[Microsoft.AspNetCore.Mvc.IActionResult] Login(backend.Models.LoginRequest) on controller backend.Controllers.AuthController (backend).
2026-03-20 17:40:07.179 [INF] backend.Controllers.AuthController | [Auth] Login attempt | Email=vasanth2004vk@gmail.com
2026-03-20 17:40:07.787 [INF] backend.Controllers.AuthController | [Auth] User login session recorded | UserId=18 | TokenExpiry="2026-03-21T12:10:07.7316276Z"
2026-03-20 17:40:07.787 [INF] backend.Controllers.AuthController | [Auth] Login SUCCESS | Email=vasanth2004vk@gmail.com | EffectiveRole=SuperAdmin | OrgId=2
2026-03-20 17:40:07.794 [INF] Microsoft.AspNetCore.Mvc.Infrastructure.ObjectResultExecutor | Executing OkObjectResult, writing value of type '<>f__AnonymousType13`2[[System.String, System.Private.CoreLib, Version=10.0.0.0, Culture=neutral, PublicKeyToken=7cec85d7bea7798e],[<>f__AnonymousType14`6[[System.Int32, System.Private.CoreLib, Version=10.0.0.0, Culture=neutral, PublicKeyToken=7cec85d7bea7798e],[System.String, System.Private.CoreLib, Version=10.0.0.0, Culture=neutral, PublicKeyToken=7cec85d7bea7798e],[System.String, System.Private.CoreLib, Version=10.0.0.0, Culture=neutral, PublicKeyToken=7cec85d7bea7798e],[System.String, System.Private.CoreLib, Version=10.0.0.0, Culture=neutral, PublicKeyToken=7cec85d7bea7798e],[System.Nullable`1[[System.Int32, System.Private.CoreLib, Version=10.0.0.0, Culture=neutral, PublicKeyToken=7cec85d7bea7798e]], System.Private.CoreLib, Version=10.0.0.0, Culture=neutral, PublicKeyToken=7cec85d7bea7798e],[System.String, System.Private.CoreLib, Version=10.0.0.0, Culture=neutral, PublicKeyToken=7cec85d7bea7798e]], backend, Version=1.0.0.0, Culture=neutral, PublicKeyToken=null]]'.
2026-03-20 17:40:07.816 [INF] Microsoft.AspNetCore.Mvc.Infrastructure.ControllerActionInvoker | Executed action backend.Controllers.AuthController.Login (backend) in 679.2535ms
2026-03-20 17:40:07.817 [INF] Microsoft.AspNetCore.Routing.EndpointMiddleware | Executed endpoint 'backend.Controllers.AuthController.Login (backend)'
2026-03-20 17:40:07.819 [INF] Serilog.AspNetCore.RequestLoggingMiddleware | HTTP POST /api/auth/login → 200 (714.8ms)
2026-03-20 17:40:07.827 [INF] Microsoft.AspNetCore.Hosting.Diagnostics | Request finished HTTP/1.1 POST http://localhost:5217/api/auth/login - 200 null application/json; charset=utf-8 784.1795ms
2026-03-20 17:40:08.298 [INF] Microsoft.AspNetCore.Hosting.Diagnostics | Request starting HTTP/1.1 OPTIONS http://localhost:5217/api/organizations - null null
2026-03-20 17:40:08.299 [INF] Microsoft.AspNetCore.Cors.Infrastructure.CorsService | CORS policy execution successful.
2026-03-20 17:40:08.299 [INF] Microsoft.AspNetCore.Hosting.Diagnostics | Request finished HTTP/1.1 OPTIONS http://localhost:5217/api/organizations - 204 null null 0.8306ms
2026-03-20 17:40:08.299 [INF] Microsoft.AspNetCore.Hosting.Diagnostics | Request starting HTTP/1.1 OPTIONS http://localhost:5217/api/organizations - null null
2026-03-20 17:40:08.299 [INF] Microsoft.AspNetCore.Cors.Infrastructure.CorsService | CORS policy execution successful.
2026-03-20 17:40:08.299 [INF] Microsoft.AspNetCore.Hosting.Diagnostics | Request finished HTTP/1.1 OPTIONS http://localhost:5217/api/organizations - 204 null null 0.1577ms
2026-03-20 17:40:08.301 [INF] Microsoft.AspNetCore.Hosting.Diagnostics | Request starting HTTP/1.1 GET http://localhost:5217/api/organizations - application/json null
2026-03-20 17:40:08.301 [INF] Microsoft.AspNetCore.Cors.Infrastructure.CorsService | CORS policy execution successful.
2026-03-20 17:40:08.350 [INF] Microsoft.AspNetCore.Routing.EndpointMiddleware | Executing endpoint 'backend.Controllers.OrganizationsController.GetOrganizations (backend)'
2026-03-20 17:40:08.358 [INF] Microsoft.AspNetCore.Mvc.Infrastructure.ControllerActionInvoker | Route matched with {action = "GetOrganizations", controller = "Organizations"}. Executing controller action with signature System.Threading.Tasks.Task`1[Microsoft.AspNetCore.Mvc.IActionResult] GetOrganizations() on controller backend.Controllers.OrganizationsController (backend).
2026-03-20 17:40:08.361 [INF] backend.Controllers.OrganizationsController | [Orgs] GET all requested | Role=SuperAdmin | UserId=18
2026-03-20 17:40:08.376 [INF] Microsoft.AspNetCore.Mvc.Infrastructure.ObjectResultExecutor | Executing OkObjectResult, writing value of type 'System.Collections.Generic.List`1[[backend.Models.Organization, backend, Version=1.0.0.0, Culture=neutral, PublicKeyToken=null]]'.
2026-03-20 17:40:08.386 [INF] Microsoft.AspNetCore.Mvc.Infrastructure.ControllerActionInvoker | Executed action backend.Controllers.OrganizationsController.GetOrganizations (backend) in 27.917ms
2026-03-20 17:40:08.386 [INF] Microsoft.AspNetCore.Routing.EndpointMiddleware | Executed endpoint 'backend.Controllers.OrganizationsController.GetOrganizations (backend)'
2026-03-20 17:40:08.386 [INF] Serilog.AspNetCore.RequestLoggingMiddleware | HTTP GET /api/organizations → 200 (36.9ms)
2026-03-20 17:40:08.386 [INF] Microsoft.AspNetCore.Hosting.Diagnostics | Request finished HTTP/1.1 GET http://localhost:5217/api/organizations - 200 null application/json; charset=utf-8 85.3639ms
2026-03-20 17:40:08.387 [INF] Microsoft.AspNetCore.Hosting.Diagnostics | Request starting HTTP/1.1 GET http://localhost:5217/api/organizations - application/json null
2026-03-20 17:40:08.387 [INF] Microsoft.AspNetCore.Cors.Infrastructure.CorsService | CORS policy execution successful.
2026-03-20 17:40:08.395 [INF] Microsoft.AspNetCore.Routing.EndpointMiddleware | Executing endpoint 'backend.Controllers.OrganizationsController.GetOrganizations (backend)'
2026-03-20 17:40:08.395 [INF] Microsoft.AspNetCore.Mvc.Infrastructure.ControllerActionInvoker | Route matched with {action = "GetOrganizations", controller = "Organizations"}. Executing controller action with signature System.Threading.Tasks.Task`1[Microsoft.AspNetCore.Mvc.IActionResult] GetOrganizations() on controller backend.Controllers.OrganizationsController (backend).
2026-03-20 17:40:08.395 [INF] backend.Controllers.OrganizationsController | [Orgs] GET all requested | Role=SuperAdmin | UserId=18
2026-03-20 17:40:08.405 [INF] Microsoft.AspNetCore.Mvc.Infrastructure.ObjectResultExecutor | Executing OkObjectResult, writing value of type 'System.Collections.Generic.List`1[[backend.Models.Organization, backend, Version=1.0.0.0, Culture=neutral, PublicKeyToken=null]]'.
2026-03-20 17:40:08.406 [INF] Microsoft.AspNetCore.Mvc.Infrastructure.ControllerActionInvoker | Executed action backend.Controllers.OrganizationsController.GetOrganizations (backend) in 10.7165ms
2026-03-20 17:40:08.406 [INF] Microsoft.AspNetCore.Routing.EndpointMiddleware | Executed endpoint 'backend.Controllers.OrganizationsController.GetOrganizations (backend)'
2026-03-20 17:40:08.406 [INF] Serilog.AspNetCore.RequestLoggingMiddleware | HTTP GET /api/organizations → 200 (11.1ms)
2026-03-20 17:40:08.406 [INF] Microsoft.AspNetCore.Hosting.Diagnostics | Request finished HTTP/1.1 GET http://localhost:5217/api/organizations - 200 null application/json; charset=utf-8 18.9911ms
2026-03-20 17:40:08.439 [INF] Microsoft.AspNetCore.Hosting.Diagnostics | Request starting HTTP/1.1 OPTIONS http://localhost:5217/api/leads - null null
2026-03-20 17:40:08.439 [INF] Microsoft.AspNetCore.Cors.Infrastructure.CorsService | CORS policy execution successful.
2026-03-20 17:40:08.439 [INF] Microsoft.AspNetCore.Hosting.Diagnostics | Request finished HTTP/1.1 OPTIONS http://localhost:5217/api/leads - 204 null null 0.2843ms
2026-03-20 17:40:08.441 [INF] Microsoft.AspNetCore.Hosting.Diagnostics | Request starting HTTP/1.1 GET http://localhost:5217/uploads/org-logos/org-logo-5873c475d91d4bbd9046deec667d136c.jpg - null null
2026-03-20 17:40:08.443 [INF] Microsoft.AspNetCore.Hosting.Diagnostics | Request starting HTTP/1.1 GET http://localhost:5217/uploads/org-logos/org-logo-f3e5c29a5727487a9d6c2a5527e8919d.png - null null
2026-03-20 17:40:08.443 [INF] Microsoft.AspNetCore.Cors.Infrastructure.CorsService | CORS policy execution successful.
2026-03-20 17:40:08.443 [INF] Microsoft.AspNetCore.Cors.Infrastructure.CorsService | CORS policy execution successful.
2026-03-20 17:40:08.445 [INF] Microsoft.AspNetCore.Hosting.Diagnostics | Request starting HTTP/1.1 GET http://localhost:5217/uploads/org-logos/org-logo-6fcb4a5d7f2e442f800ddd9bde90c680.jpg - null null
2026-03-20 17:40:08.445 [INF] Microsoft.AspNetCore.Cors.Infrastructure.CorsService | CORS policy execution successful.
2026-03-20 17:40:08.446 [INF] Microsoft.AspNetCore.Hosting.Diagnostics | Request starting HTTP/1.1 GET http://localhost:5217/api/leads - application/json null
2026-03-20 17:40:08.446 [INF] Microsoft.AspNetCore.Cors.Infrastructure.CorsService | CORS policy execution successful.
2026-03-20 17:40:08.448 [INF] Microsoft.AspNetCore.Routing.EndpointMiddleware | Executing endpoint 'backend.Controllers.LeadsController.GetLeads (backend)'
2026-03-20 17:40:08.452 [INF] Microsoft.AspNetCore.StaticFiles.StaticFileMiddleware | The file /uploads/org-logos/org-logo-f3e5c29a5727487a9d6c2a5527e8919d.png was not modified
2026-03-20 17:40:08.453 [INF] Microsoft.AspNetCore.StaticFiles.StaticFileMiddleware | The file /uploads/org-logos/org-logo-6fcb4a5d7f2e442f800ddd9bde90c680.jpg was not modified
2026-03-20 17:40:08.452 [INF] Microsoft.AspNetCore.StaticFiles.StaticFileMiddleware | The file /uploads/org-logos/org-logo-5873c475d91d4bbd9046deec667d136c.jpg was not modified
2026-03-20 17:40:08.453 [INF] Microsoft.AspNetCore.Hosting.Diagnostics | Request finished HTTP/1.1 GET http://localhost:5217/uploads/org-logos/org-logo-f3e5c29a5727487a9d6c2a5527e8919d.png - 304 null image/png 10.4312ms
2026-03-20 17:40:08.453 [INF] Microsoft.AspNetCore.Hosting.Diagnostics | Request finished HTTP/1.1 GET http://localhost:5217/uploads/org-logos/org-logo-6fcb4a5d7f2e442f800ddd9bde90c680.jpg - 304 null image/jpeg 8.4239ms
2026-03-20 17:40:08.453 [INF] Microsoft.AspNetCore.Hosting.Diagnostics | Request finished HTTP/1.1 GET http://localhost:5217/uploads/org-logos/org-logo-5873c475d91d4bbd9046deec667d136c.jpg - 304 null image/jpeg 11.73ms
2026-03-20 17:40:08.455 [INF] Microsoft.AspNetCore.Mvc.Infrastructure.ControllerActionInvoker | Route matched with {action = "GetLeads", controller = "Leads"}. Executing controller action with signature System.Threading.Tasks.Task`1[System.Collections.Generic.IEnumerable`1[backend.Models.Lead]] GetLeads() on controller backend.Controllers.LeadsController (backend).
2026-03-20 17:40:08.476 [INF] Microsoft.AspNetCore.Mvc.Infrastructure.ObjectResultExecutor | Executing ObjectResult, writing value of type 'System.Collections.Generic.List`1[[backend.Models.Lead, backend, Version=1.0.0.0, Culture=neutral, PublicKeyToken=null]]'.
2026-03-20 17:40:08.490 [INF] Microsoft.AspNetCore.Mvc.Infrastructure.ControllerActionInvoker | Executed action backend.Controllers.LeadsController.GetLeads (backend) in 34.9534ms
2026-03-20 17:40:08.491 [INF] Microsoft.AspNetCore.Routing.EndpointMiddleware | Executed endpoint 'backend.Controllers.LeadsController.GetLeads (backend)'
2026-03-20 17:40:08.491 [INF] Serilog.AspNetCore.RequestLoggingMiddleware | HTTP GET /api/leads → 200 (42.9ms)
2026-03-20 17:40:08.491 [INF] Microsoft.AspNetCore.Hosting.Diagnostics | Request finished HTTP/1.1 GET http://localhost:5217/api/leads - 200 null application/json; charset=utf-8 45.0936ms
2026-03-20 17:40:08.532 [INF] Microsoft.AspNetCore.Hosting.Diagnostics | Request starting HTTP/1.1 GET http://localhost:5217/api/leads - application/json null
2026-03-20 17:40:08.533 [INF] Microsoft.AspNetCore.Cors.Infrastructure.CorsService | CORS policy execution successful.
2026-03-20 17:40:08.533 [INF] Microsoft.AspNetCore.Routing.EndpointMiddleware | Executing endpoint 'backend.Controllers.LeadsController.GetLeads (backend)'
2026-03-20 17:40:08.533 [INF] Microsoft.AspNetCore.Mvc.Infrastructure.ControllerActionInvoker | Route matched with {action = "GetLeads", controller = "Leads"}. Executing controller action with signature System.Threading.Tasks.Task`1[System.Collections.Generic.IEnumerable`1[backend.Models.Lead]] GetLeads() on controller backend.Controllers.LeadsController (backend).
2026-03-20 17:40:08.545 [INF] Microsoft.AspNetCore.Hosting.Diagnostics | Request starting HTTP/1.1 OPTIONS http://localhost:5217/api/employees?organizationId=2 - null null
2026-03-20 17:40:08.546 [INF] Microsoft.AspNetCore.Cors.Infrastructure.CorsService | CORS policy execution successful.
2026-03-20 17:40:08.546 [INF] Microsoft.AspNetCore.Hosting.Diagnostics | Request finished HTTP/1.1 OPTIONS http://localhost:5217/api/employees?organizationId=2 - 204 null null 0.8736ms
2026-03-20 17:40:08.549 [INF] Microsoft.AspNetCore.Mvc.Infrastructure.ObjectResultExecutor | Executing ObjectResult, writing value of type 'System.Collections.Generic.List`1[[backend.Models.Lead, backend, Version=1.0.0.0, Culture=neutral, PublicKeyToken=null]]'.
2026-03-20 17:40:08.549 [INF] Microsoft.AspNetCore.Mvc.Infrastructure.ControllerActionInvoker | Executed action backend.Controllers.LeadsController.GetLeads (backend) in 15.9424ms
2026-03-20 17:40:08.549 [INF] Microsoft.AspNetCore.Routing.EndpointMiddleware | Executed endpoint 'backend.Controllers.LeadsController.GetLeads (backend)'
2026-03-20 17:40:08.549 [INF] Serilog.AspNetCore.RequestLoggingMiddleware | HTTP GET /api/leads → 200 (16.4ms)
2026-03-20 17:40:08.550 [INF] Microsoft.AspNetCore.Hosting.Diagnostics | Request finished HTTP/1.1 GET http://localhost:5217/api/leads - 200 null application/json; charset=utf-8 17.301ms
2026-03-20 17:40:08.551 [INF] Microsoft.AspNetCore.Hosting.Diagnostics | Request starting HTTP/1.1 GET http://localhost:5217/api/employees?organizationId=2 - application/json null
2026-03-20 17:40:08.552 [INF] Microsoft.AspNetCore.Cors.Infrastructure.CorsService | CORS policy execution successful.
2026-03-20 17:40:08.554 [INF] Microsoft.AspNetCore.Routing.EndpointMiddleware | Executing endpoint 'backend.Controllers.EmployeesController.GetEmployees (backend)'
2026-03-20 17:40:08.564 [INF] Microsoft.AspNetCore.Mvc.Infrastructure.ControllerActionInvoker | Route matched with {action = "GetEmployees", controller = "Employees"}. Executing controller action with signature System.Threading.Tasks.Task`1[Microsoft.AspNetCore.Mvc.IActionResult] GetEmployees(System.Nullable`1[System.Int32]) on controller backend.Controllers.EmployeesController (backend).
2026-03-20 17:40:08.575 [INF] backend.Controllers.EmployeesController | [Employees] GET all | TargetOrgId=2 | UserOrgId=2
2026-03-20 17:40:08.593 [INF] Microsoft.AspNetCore.Mvc.Infrastructure.ObjectResultExecutor | Executing OkObjectResult, writing value of type 'System.Collections.Generic.List`1[[backend.Models.Employee, backend, Version=1.0.0.0, Culture=neutral, PublicKeyToken=null]]'.
2026-03-20 17:40:08.605 [INF] Microsoft.AspNetCore.Hosting.Diagnostics | Request starting HTTP/1.1 OPTIONS http://localhost:5217/api/ShiftAssignments/roster?start=2026-03-20&end=2026-03-27 - null null
2026-03-20 17:40:08.605 [INF] Microsoft.AspNetCore.Cors.Infrastructure.CorsService | CORS policy execution successful.
2026-03-20 17:40:08.605 [INF] Microsoft.AspNetCore.Hosting.Diagnostics | Request finished HTTP/1.1 OPTIONS http://localhost:5217/api/ShiftAssignments/roster?start=2026-03-20&end=2026-03-27 - 204 null null 0.3667ms
2026-03-20 17:40:08.607 [INF] Microsoft.AspNetCore.Hosting.Diagnostics | Request starting HTTP/1.1 GET http://localhost:5217/api/ShiftAssignments/roster?start=2026-03-20&end=2026-03-27 - application/json null
2026-03-20 17:40:08.608 [INF] Microsoft.AspNetCore.Cors.Infrastructure.CorsService | CORS policy execution successful.
2026-03-20 17:40:08.609 [INF] Microsoft.AspNetCore.Routing.EndpointMiddleware | Executing endpoint 'backend.Controllers.ShiftAssignmentsController.GetMonthlyRosterFixed (backend)'
2026-03-20 17:40:08.614 [INF] Microsoft.AspNetCore.Mvc.Infrastructure.ControllerActionInvoker | Executed action backend.Controllers.EmployeesController.GetEmployees (backend) in 49.5098ms
2026-03-20 17:40:08.614 [INF] Microsoft.AspNetCore.Routing.EndpointMiddleware | Executed endpoint 'backend.Controllers.EmployeesController.GetEmployees (backend)'
2026-03-20 17:40:08.614 [INF] Serilog.AspNetCore.RequestLoggingMiddleware | HTTP GET /api/employees → 200 (60.4ms)
2026-03-20 17:40:08.614 [INF] Microsoft.AspNetCore.Hosting.Diagnostics | Request finished HTTP/1.1 GET http://localhost:5217/api/employees?organizationId=2 - 200 null application/json; charset=utf-8 62.9179ms
2026-03-20 17:40:08.617 [INF] Microsoft.AspNetCore.Mvc.Infrastructure.ControllerActionInvoker | Route matched with {action = "GetMonthlyRosterFixed", controller = "ShiftAssignments"}. Executing controller action with signature System.Threading.Tasks.Task`1[Microsoft.AspNetCore.Mvc.IActionResult] GetMonthlyRosterFixed(System.String, System.String, System.Nullable`1[System.Int32]) on controller backend.Controllers.ShiftAssignmentsController (backend).
2026-03-20 17:40:08.640 [INF] Microsoft.AspNetCore.Mvc.Infrastructure.ObjectResultExecutor | Executing OkObjectResult, writing value of type 'System.Collections.Generic.List`1[[backend.Models.EmployeeSchedule, backend, Version=1.0.0.0, Culture=neutral, PublicKeyToken=null]]'.
2026-03-20 17:40:08.641 [INF] Microsoft.AspNetCore.Hosting.Diagnostics | Request starting HTTP/1.1 OPTIONS http://localhost:5217/api/ShiftAssignments/roster?start=2026-03-20&end=2026-03-27&orgId=2 - null null
2026-03-20 17:40:08.642 [INF] Microsoft.AspNetCore.Cors.Infrastructure.CorsService | CORS policy execution successful.
2026-03-20 17:40:08.642 [INF] Microsoft.AspNetCore.Hosting.Diagnostics | Request finished HTTP/1.1 OPTIONS http://localhost:5217/api/ShiftAssignments/roster?start=2026-03-20&end=2026-03-27&orgId=2 - 204 null null 0.4168ms
2026-03-20 17:40:08.644 [INF] Microsoft.AspNetCore.Hosting.Diagnostics | Request starting HTTP/1.1 GET http://localhost:5217/api/ShiftAssignments/roster?start=2026-03-20&end=2026-03-27&orgId=2 - application/json null
2026-03-20 17:40:08.644 [INF] Microsoft.AspNetCore.Cors.Infrastructure.CorsService | CORS policy execution successful.
2026-03-20 17:40:08.645 [INF] Microsoft.AspNetCore.Routing.EndpointMiddleware | Executing endpoint 'backend.Controllers.ShiftAssignmentsController.GetMonthlyRosterFixed (backend)'
2026-03-20 17:40:08.645 [INF] Microsoft.AspNetCore.Mvc.Infrastructure.ControllerActionInvoker | Route matched with {action = "GetMonthlyRosterFixed", controller = "ShiftAssignments"}. Executing controller action with signature System.Threading.Tasks.Task`1[Microsoft.AspNetCore.Mvc.IActionResult] GetMonthlyRosterFixed(System.String, System.String, System.Nullable`1[System.Int32]) on controller backend.Controllers.ShiftAssignmentsController (backend).
2026-03-20 17:40:08.647 [INF] Microsoft.AspNetCore.Mvc.Infrastructure.ControllerActionInvoker | Executed action backend.Controllers.ShiftAssignmentsController.GetMonthlyRosterFixed (backend) in 30.2191ms
2026-03-20 17:40:08.647 [INF] Microsoft.AspNetCore.Routing.EndpointMiddleware | Executed endpoint 'backend.Controllers.ShiftAssignmentsController.GetMonthlyRosterFixed (backend)'
2026-03-20 17:40:08.647 [INF] Serilog.AspNetCore.RequestLoggingMiddleware | HTTP GET /api/ShiftAssignments/roster → 200 (38.3ms)
2026-03-20 17:40:08.647 [INF] Microsoft.AspNetCore.Hosting.Diagnostics | Request finished HTTP/1.1 GET http://localhost:5217/api/ShiftAssignments/roster?start=2026-03-20&end=2026-03-27 - 200 null application/json; charset=utf-8 40.1975ms
2026-03-20 17:40:08.657 [INF] Microsoft.AspNetCore.Mvc.Infrastructure.ObjectResultExecutor | Executing OkObjectResult, writing value of type 'System.Collections.Generic.List`1[[backend.Models.EmployeeSchedule, backend, Version=1.0.0.0, Culture=neutral, PublicKeyToken=null]]'.
2026-03-20 17:40:08.657 [INF] Microsoft.AspNetCore.Mvc.Infrastructure.ControllerActionInvoker | Executed action backend.Controllers.ShiftAssignmentsController.GetMonthlyRosterFixed (backend) in 11.9621ms
2026-03-20 17:40:08.657 [INF] Microsoft.AspNetCore.Routing.EndpointMiddleware | Executed endpoint 'backend.Controllers.ShiftAssignmentsController.GetMonthlyRosterFixed (backend)'
2026-03-20 17:40:08.658 [INF] Serilog.AspNetCore.RequestLoggingMiddleware | HTTP GET /api/ShiftAssignments/roster → 200 (12.4ms)
2026-03-20 17:40:08.658 [INF] Microsoft.AspNetCore.Hosting.Diagnostics | Request finished HTTP/1.1 GET http://localhost:5217/api/ShiftAssignments/roster?start=2026-03-20&end=2026-03-27&orgId=2 - 200 null application/json; charset=utf-8 13.557ms
2026-03-20 17:40:08.665 [INF] Microsoft.AspNetCore.Hosting.Diagnostics | Request starting HTTP/1.1 GET http://localhost:5217/uploads/employee-photos/emp-31.jpg - null null
2026-03-20 17:40:08.666 [INF] Microsoft.AspNetCore.Cors.Infrastructure.CorsService | CORS policy execution successful.
2026-03-20 17:40:08.666 [INF] Microsoft.AspNetCore.StaticFiles.StaticFileMiddleware | The file /uploads/employee-photos/emp-31.jpg was not modified
2026-03-20 17:40:08.667 [INF] Microsoft.AspNetCore.Hosting.Diagnostics | Request finished HTTP/1.1 GET http://localhost:5217/uploads/employee-photos/emp-31.jpg - 304 null image/jpeg 1.4959ms
2026-03-20 17:40:08.718 [INF] Microsoft.AspNetCore.Hosting.Diagnostics | Request starting HTTP/1.1 OPTIONS http://localhost:5217/api/Attendance/status?employeeId=31&orgId=2 - null null
2026-03-20 17:40:08.719 [INF] Microsoft.AspNetCore.Cors.Infrastructure.CorsService | CORS policy execution successful.
2026-03-20 17:40:08.719 [INF] Microsoft.AspNetCore.Hosting.Diagnostics | Request finished HTTP/1.1 OPTIONS http://localhost:5217/api/Attendance/status?employeeId=31&orgId=2 - 204 null null 0.3355ms
2026-03-20 17:40:08.721 [INF] Microsoft.AspNetCore.Hosting.Diagnostics | Request starting HTTP/1.1 GET http://localhost:5217/api/Attendance/status?employeeId=31&orgId=2 - application/json null
2026-03-20 17:40:08.722 [INF] Microsoft.AspNetCore.Cors.Infrastructure.CorsService | CORS policy execution successful.
2026-03-20 17:40:08.722 [INF] Microsoft.AspNetCore.Routing.EndpointMiddleware | Executing endpoint 'backend.Controllers.AttendanceController.GetTodayStatus (backend)'
2026-03-20 17:40:08.730 [INF] Microsoft.AspNetCore.Mvc.Infrastructure.ControllerActionInvoker | Route matched with {action = "GetTodayStatus", controller = "Attendance"}. Executing controller action with signature System.Threading.Tasks.Task`1[Microsoft.AspNetCore.Mvc.IActionResult] GetTodayStatus(Int32, System.Nullable`1[System.Int32]) on controller backend.Controllers.AttendanceController (backend).
2026-03-20 17:40:08.744 [INF] Microsoft.AspNetCore.Mvc.Infrastructure.ObjectResultExecutor | Executing OkObjectResult, writing value of type 'backend.Models.AttendanceStatusResponse'.
2026-03-20 17:40:08.745 [INF] Microsoft.AspNetCore.Mvc.Infrastructure.ControllerActionInvoker | Executed action backend.Controllers.AttendanceController.GetTodayStatus (backend) in 15.3738ms
2026-03-20 17:40:08.745 [INF] Microsoft.AspNetCore.Routing.EndpointMiddleware | Executed endpoint 'backend.Controllers.AttendanceController.GetTodayStatus (backend)'
2026-03-20 17:40:08.745 [INF] Serilog.AspNetCore.RequestLoggingMiddleware | HTTP GET /api/Attendance/status → 200 (23.2ms)
2026-03-20 17:40:08.746 [INF] Microsoft.AspNetCore.Hosting.Diagnostics | Request finished HTTP/1.1 GET http://localhost:5217/api/Attendance/status?employeeId=31&orgId=2 - 200 null application/json; charset=utf-8 25.0059ms
2026-03-20 17:40:12.571 [INF] Microsoft.AspNetCore.Hosting.Diagnostics | Request starting HTTP/1.1 GET http://localhost:5217/api/employees?organizationId=2 - application/json null
2026-03-20 17:40:12.571 [INF] Microsoft.AspNetCore.Cors.Infrastructure.CorsService | CORS policy execution successful.
2026-03-20 17:40:12.572 [INF] Microsoft.AspNetCore.Routing.EndpointMiddleware | Executing endpoint 'backend.Controllers.EmployeesController.GetEmployees (backend)'
2026-03-20 17:40:12.572 [INF] Microsoft.AspNetCore.Mvc.Infrastructure.ControllerActionInvoker | Route matched with {action = "GetEmployees", controller = "Employees"}. Executing controller action with signature System.Threading.Tasks.Task`1[Microsoft.AspNetCore.Mvc.IActionResult] GetEmployees(System.Nullable`1[System.Int32]) on controller backend.Controllers.EmployeesController (backend).
2026-03-20 17:40:12.572 [INF] backend.Controllers.EmployeesController | [Employees] GET all | TargetOrgId=2 | UserOrgId=2
2026-03-20 17:40:12.584 [INF] Microsoft.AspNetCore.Mvc.Infrastructure.ObjectResultExecutor | Executing OkObjectResult, writing value of type 'System.Collections.Generic.List`1[[backend.Models.Employee, backend, Version=1.0.0.0, Culture=neutral, PublicKeyToken=null]]'.
2026-03-20 17:40:12.584 [INF] Microsoft.AspNetCore.Mvc.Infrastructure.ControllerActionInvoker | Executed action backend.Controllers.EmployeesController.GetEmployees (backend) in 12.749ms
2026-03-20 17:40:12.584 [INF] Microsoft.AspNetCore.Routing.EndpointMiddleware | Executed endpoint 'backend.Controllers.EmployeesController.GetEmployees (backend)'
2026-03-20 17:40:12.585 [INF] Serilog.AspNetCore.RequestLoggingMiddleware | HTTP GET /api/employees → 200 (13.0ms)
2026-03-20 17:40:12.585 [INF] Microsoft.AspNetCore.Hosting.Diagnostics | Request finished HTTP/1.1 GET http://localhost:5217/api/employees?organizationId=2 - 200 null application/json; charset=utf-8 14.0553ms
2026-03-20 17:40:27.316 [INF] Microsoft.AspNetCore.Hosting.Diagnostics | Request starting HTTP/1.1 OPTIONS http://localhost:5217/api/FaceAttendance/match-embedding - null null
2026-03-20 17:40:27.317 [INF] Microsoft.AspNetCore.Cors.Infrastructure.CorsService | CORS policy execution successful.
2026-03-20 17:40:27.317 [INF] Microsoft.AspNetCore.Hosting.Diagnostics | Request finished HTTP/1.1 OPTIONS http://localhost:5217/api/FaceAttendance/match-embedding - 204 null null 0.4125ms
2026-03-20 17:40:27.318 [INF] Microsoft.AspNetCore.Hosting.Diagnostics | Request starting HTTP/1.1 POST http://localhost:5217/api/FaceAttendance/match-embedding - application/json 2602
2026-03-20 17:40:27.320 [INF] Microsoft.AspNetCore.Cors.Infrastructure.CorsService | CORS policy execution successful.
2026-03-20 17:40:27.320 [INF] Microsoft.AspNetCore.Routing.EndpointMiddleware | Executing endpoint 'backend.Controllers.FaceAttendanceController.MatchEmbedding (backend)'
2026-03-20 17:40:27.328 [INF] Microsoft.AspNetCore.Mvc.Infrastructure.ControllerActionInvoker | Route matched with {action = "MatchEmbedding", controller = "FaceAttendance"}. Executing controller action with signature System.Threading.Tasks.Task`1[Microsoft.AspNetCore.Mvc.IActionResult] MatchEmbedding(FaceMatchRequest) on controller backend.Controllers.FaceAttendanceController (backend).
2026-03-20 17:40:27.345 [INF] backend.Controllers.FaceAttendanceController | Matching face embedding using stored procedure...
2026-03-20 17:40:27.473 [INF] backend.Controllers.FaceAttendanceController | Match found: VASANTHAKUMAR B (Emp1235) Conf: 98.39%
2026-03-20 17:40:27.474 [INF] Microsoft.AspNetCore.Mvc.Infrastructure.ObjectResultExecutor | Executing OkObjectResult, writing value of type '<>f__AnonymousType47`6[[System.String, System.Private.CoreLib, Version=10.0.0.0, Culture=neutral, PublicKeyToken=7cec85d7bea7798e],[System.String, System.Private.CoreLib, Version=10.0.0.0, Culture=neutral, PublicKeyToken=7cec85d7bea7798e],[System.String, System.Private.CoreLib, Version=10.0.0.0, Culture=neutral, PublicKeyToken=7cec85d7bea7798e],[System.String, System.Private.CoreLib, Version=10.0.0.0, Culture=neutral, PublicKeyToken=7cec85d7bea7798e],[System.String, System.Private.CoreLib, Version=10.0.0.0, Culture=neutral, PublicKeyToken=7cec85d7bea7798e],[System.Double, System.Private.CoreLib, Version=10.0.0.0, Culture=neutral, PublicKeyToken=7cec85d7bea7798e]]'.
2026-03-20 17:40:27.478 [INF] Microsoft.AspNetCore.Mvc.Infrastructure.ControllerActionInvoker | Executed action backend.Controllers.FaceAttendanceController.MatchEmbedding (backend) in 150.3647ms
2026-03-20 17:40:27.478 [INF] Microsoft.AspNetCore.Routing.EndpointMiddleware | Executed endpoint 'backend.Controllers.FaceAttendanceController.MatchEmbedding (backend)'
2026-03-20 17:40:27.478 [INF] Serilog.AspNetCore.RequestLoggingMiddleware | HTTP POST /api/FaceAttendance/match-embedding → 200 (158.6ms)
2026-03-20 17:40:27.479 [INF] Microsoft.AspNetCore.Hosting.Diagnostics | Request finished HTTP/1.1 POST http://localhost:5217/api/FaceAttendance/match-embedding - 200 null application/json; charset=utf-8 160.2651ms
2026-03-20 17:40:27.537 [INF] Microsoft.AspNetCore.Hosting.Diagnostics | Request starting HTTP/1.1 OPTIONS http://localhost:5217/api/FaceAttendance/mark - null null
2026-03-20 17:40:27.537 [INF] Microsoft.AspNetCore.Cors.Infrastructure.CorsService | CORS policy execution successful.
2026-03-20 17:40:27.537 [INF] Microsoft.AspNetCore.Hosting.Diagnostics | Request finished HTTP/1.1 OPTIONS http://localhost:5217/api/FaceAttendance/mark - 204 null null 0.2515ms
2026-03-20 17:40:27.538 [INF] Microsoft.AspNetCore.Hosting.Diagnostics | Request starting HTTP/1.1 POST http://localhost:5217/api/FaceAttendance/mark - application/json 78
2026-03-20 17:40:27.538 [INF] Microsoft.AspNetCore.Cors.Infrastructure.CorsService | CORS policy execution successful.
2026-03-20 17:40:27.539 [INF] Microsoft.AspNetCore.Routing.EndpointMiddleware | Executing endpoint 'backend.Controllers.FaceAttendanceController.MarkFaceAttendance (backend)'
2026-03-20 17:40:27.547 [INF] Microsoft.AspNetCore.Mvc.Infrastructure.ControllerActionInvoker | Route matched with {action = "MarkFaceAttendance", controller = "FaceAttendance"}. Executing controller action with signature System.Threading.Tasks.Task`1[Microsoft.AspNetCore.Mvc.IActionResult] MarkFaceAttendance(FaceAttendanceRequest) on controller backend.Controllers.FaceAttendanceController (backend).
2026-03-20 17:40:27.555 [INF] backend.Controllers.FaceAttendanceController | Marking attendance for Emp1235
2026-03-20 17:40:27.568 [INF] Microsoft.AspNetCore.Mvc.Infrastructure.ObjectResultExecutor | Executing OkObjectResult, writing value of type '<>f__AnonymousType45`2[[System.String, System.Private.CoreLib, Version=10.0.0.0, Culture=neutral, PublicKeyToken=7cec85d7bea7798e],[System.String, System.Private.CoreLib, Version=10.0.0.0, Culture=neutral, PublicKeyToken=7cec85d7bea7798e]]'.
2026-03-20 17:40:27.570 [INF] Microsoft.AspNetCore.Mvc.Infrastructure.ControllerActionInvoker | Executed action backend.Controllers.FaceAttendanceController.MarkFaceAttendance (backend) in 22.6485ms
2026-03-20 17:40:27.570 [INF] Microsoft.AspNetCore.Routing.EndpointMiddleware | Executed endpoint 'backend.Controllers.FaceAttendanceController.MarkFaceAttendance (backend)'
2026-03-20 17:40:27.570 [INF] Serilog.AspNetCore.RequestLoggingMiddleware | HTTP POST /api/FaceAttendance/mark → 200 (31.2ms)
2026-03-20 17:40:27.570 [INF] Microsoft.AspNetCore.Hosting.Diagnostics | Request finished HTTP/1.1 POST http://localhost:5217/api/FaceAttendance/mark - 200 null application/json; charset=utf-8 31.6159ms
2026-03-20 17:40:37.677 [INF] Microsoft.AspNetCore.Hosting.Diagnostics | Request starting HTTP/1.1 OPTIONS http://localhost:5217/api/organizations - null null
2026-03-20 17:40:37.678 [INF] Microsoft.AspNetCore.Cors.Infrastructure.CorsService | CORS policy execution successful.
2026-03-20 17:40:37.678 [INF] Microsoft.AspNetCore.Hosting.Diagnostics | Request finished HTTP/1.1 OPTIONS http://localhost:5217/api/organizations - 204 null null 0.4195ms
2026-03-20 17:40:37.680 [INF] Microsoft.AspNetCore.Hosting.Diagnostics | Request starting HTTP/1.1 GET http://localhost:5217/api/organizations - application/json null
2026-03-20 17:40:37.680 [INF] Microsoft.AspNetCore.Cors.Infrastructure.CorsService | CORS policy execution successful.
2026-03-20 17:40:37.680 [INF] Microsoft.AspNetCore.Routing.EndpointMiddleware | Executing endpoint 'backend.Controllers.OrganizationsController.GetOrganizations (backend)'
2026-03-20 17:40:37.681 [INF] Microsoft.AspNetCore.Mvc.Infrastructure.ControllerActionInvoker | Route matched with {action = "GetOrganizations", controller = "Organizations"}. Executing controller action with signature System.Threading.Tasks.Task`1[Microsoft.AspNetCore.Mvc.IActionResult] GetOrganizations() on controller backend.Controllers.OrganizationsController (backend).
2026-03-20 17:40:37.681 [INF] backend.Controllers.OrganizationsController | [Orgs] GET all requested | Role=SuperAdmin | UserId=18
2026-03-20 17:40:37.691 [INF] Microsoft.AspNetCore.Mvc.Infrastructure.ObjectResultExecutor | Executing OkObjectResult, writing value of type 'System.Collections.Generic.List`1[[backend.Models.Organization, backend, Version=1.0.0.0, Culture=neutral, PublicKeyToken=null]]'.
2026-03-20 17:40:37.691 [INF] Microsoft.AspNetCore.Mvc.Infrastructure.ControllerActionInvoker | Executed action backend.Controllers.OrganizationsController.GetOrganizations (backend) in 10.3923ms
2026-03-20 17:40:37.691 [INF] Microsoft.AspNetCore.Routing.EndpointMiddleware | Executed endpoint 'backend.Controllers.OrganizationsController.GetOrganizations (backend)'
2026-03-20 17:40:37.691 [INF] Serilog.AspNetCore.RequestLoggingMiddleware | HTTP GET /api/organizations → 200 (10.6ms)
2026-03-20 17:40:37.691 [INF] Microsoft.AspNetCore.Hosting.Diagnostics | Request finished HTTP/1.1 GET http://localhost:5217/api/organizations - 200 null application/json; charset=utf-8 11.2818ms
2026-03-20 17:40:37.705 [INF] Microsoft.AspNetCore.Hosting.Diagnostics | Request starting HTTP/1.1 OPTIONS http://localhost:5217/api/leads - null null
2026-03-20 17:40:37.705 [INF] Microsoft.AspNetCore.Cors.Infrastructure.CorsService | CORS policy execution successful.
2026-03-20 17:40:37.705 [INF] Microsoft.AspNetCore.Hosting.Diagnostics | Request finished HTTP/1.1 OPTIONS http://localhost:5217/api/leads - 204 null null 0.2417ms
2026-03-20 17:40:37.706 [INF] Microsoft.AspNetCore.Hosting.Diagnostics | Request starting HTTP/1.1 GET http://localhost:5217/api/leads - application/json null
2026-03-20 17:40:37.706 [INF] Microsoft.AspNetCore.Cors.Infrastructure.CorsService | CORS policy execution successful.
2026-03-20 17:40:37.707 [INF] Microsoft.AspNetCore.Routing.EndpointMiddleware | Executing endpoint 'backend.Controllers.LeadsController.GetLeads (backend)'
2026-03-20 17:40:37.707 [INF] Microsoft.AspNetCore.Mvc.Infrastructure.ControllerActionInvoker | Route matched with {action = "GetLeads", controller = "Leads"}. Executing controller action with signature System.Threading.Tasks.Task`1[System.Collections.Generic.IEnumerable`1[backend.Models.Lead]] GetLeads() on controller backend.Controllers.LeadsController (backend).
2026-03-20 17:40:37.718 [INF] Microsoft.AspNetCore.Mvc.Infrastructure.ObjectResultExecutor | Executing ObjectResult, writing value of type 'System.Collections.Generic.List`1[[backend.Models.Lead, backend, Version=1.0.0.0, Culture=neutral, PublicKeyToken=null]]'.
2026-03-20 17:40:37.718 [INF] Microsoft.AspNetCore.Mvc.Infrastructure.ControllerActionInvoker | Executed action backend.Controllers.LeadsController.GetLeads (backend) in 11.1577ms
2026-03-20 17:40:37.718 [INF] Microsoft.AspNetCore.Routing.EndpointMiddleware | Executed endpoint 'backend.Controllers.LeadsController.GetLeads (backend)'
2026-03-20 17:40:37.718 [INF] Serilog.AspNetCore.RequestLoggingMiddleware | HTTP GET /api/leads → 200 (11.3ms)
2026-03-20 17:40:37.718 [INF] Microsoft.AspNetCore.Hosting.Diagnostics | Request finished HTTP/1.1 GET http://localhost:5217/api/leads - 200 null application/json; charset=utf-8 11.9045ms
2026-03-20 17:40:37.747 [INF] Microsoft.AspNetCore.Hosting.Diagnostics | Request starting HTTP/1.1 OPTIONS http://localhost:5217/api/employees?organizationId=2 - null null
2026-03-20 17:40:37.747 [INF] Microsoft.AspNetCore.Cors.Infrastructure.CorsService | CORS policy execution successful.
2026-03-20 17:40:37.747 [INF] Microsoft.AspNetCore.Hosting.Diagnostics | Request finished HTTP/1.1 OPTIONS http://localhost:5217/api/employees?organizationId=2 - 204 null null 0.2547ms
2026-03-20 17:40:37.748 [INF] Microsoft.AspNetCore.Hosting.Diagnostics | Request starting HTTP/1.1 GET http://localhost:5217/api/employees?organizationId=2 - application/json null
2026-03-20 17:40:37.749 [INF] Microsoft.AspNetCore.Cors.Infrastructure.CorsService | CORS policy execution successful.
2026-03-20 17:40:37.749 [INF] Microsoft.AspNetCore.Routing.EndpointMiddleware | Executing endpoint 'backend.Controllers.EmployeesController.GetEmployees (backend)'
2026-03-20 17:40:37.749 [INF] Microsoft.AspNetCore.Mvc.Infrastructure.ControllerActionInvoker | Route matched with {action = "GetEmployees", controller = "Employees"}. Executing controller action with signature System.Threading.Tasks.Task`1[Microsoft.AspNetCore.Mvc.IActionResult] GetEmployees(System.Nullable`1[System.Int32]) on controller backend.Controllers.EmployeesController (backend).
2026-03-20 17:40:37.750 [INF] backend.Controllers.EmployeesController | [Employees] GET all | TargetOrgId=2 | UserOrgId=2
2026-03-20 17:40:37.761 [INF] Microsoft.AspNetCore.Mvc.Infrastructure.ObjectResultExecutor | Executing OkObjectResult, writing value of type 'System.Collections.Generic.List`1[[backend.Models.Employee, backend, Version=1.0.0.0, Culture=neutral, PublicKeyToken=null]]'.
2026-03-20 17:40:37.761 [INF] Microsoft.AspNetCore.Mvc.Infrastructure.ControllerActionInvoker | Executed action backend.Controllers.EmployeesController.GetEmployees (backend) in 12.1023ms
2026-03-20 17:40:37.761 [INF] Microsoft.AspNetCore.Routing.EndpointMiddleware | Executed endpoint 'backend.Controllers.EmployeesController.GetEmployees (backend)'
2026-03-20 17:40:37.761 [INF] Serilog.AspNetCore.RequestLoggingMiddleware | HTTP GET /api/employees → 200 (12.3ms)
2026-03-20 17:40:37.761 [INF] Microsoft.AspNetCore.Hosting.Diagnostics | Request finished HTTP/1.1 GET http://localhost:5217/api/employees?organizationId=2 - 200 null application/json; charset=utf-8 12.7983ms
2026-03-20 17:40:37.774 [INF] Microsoft.AspNetCore.Hosting.Diagnostics | Request starting HTTP/1.1 OPTIONS http://localhost:5217/api/ShiftAssignments/roster?start=2026-03-20&end=2026-03-27&orgId=2 - null null
2026-03-20 17:40:37.774 [INF] Microsoft.AspNetCore.Cors.Infrastructure.CorsService | CORS policy execution successful.
2026-03-20 17:40:37.774 [INF] Microsoft.AspNetCore.Hosting.Diagnostics | Request finished HTTP/1.1 OPTIONS http://localhost:5217/api/ShiftAssignments/roster?start=2026-03-20&end=2026-03-27&orgId=2 - 204 null null 0.2439ms
2026-03-20 17:40:37.775 [INF] Microsoft.AspNetCore.Hosting.Diagnostics | Request starting HTTP/1.1 GET http://localhost:5217/api/ShiftAssignments/roster?start=2026-03-20&end=2026-03-27&orgId=2 - application/json null
2026-03-20 17:40:37.775 [INF] Microsoft.AspNetCore.Cors.Infrastructure.CorsService | CORS policy execution successful.
2026-03-20 17:40:37.776 [INF] Microsoft.AspNetCore.Routing.EndpointMiddleware | Executing endpoint 'backend.Controllers.ShiftAssignmentsController.GetMonthlyRosterFixed (backend)'
2026-03-20 17:40:37.776 [INF] Microsoft.AspNetCore.Mvc.Infrastructure.ControllerActionInvoker | Route matched with {action = "GetMonthlyRosterFixed", controller = "ShiftAssignments"}. Executing controller action with signature System.Threading.Tasks.Task`1[Microsoft.AspNetCore.Mvc.IActionResult] GetMonthlyRosterFixed(System.String, System.String, System.Nullable`1[System.Int32]) on controller backend.Controllers.ShiftAssignmentsController (backend).
2026-03-20 17:40:37.786 [INF] Microsoft.AspNetCore.Mvc.Infrastructure.ObjectResultExecutor | Executing OkObjectResult, writing value of type 'System.Collections.Generic.List`1[[backend.Models.EmployeeSchedule, backend, Version=1.0.0.0, Culture=neutral, PublicKeyToken=null]]'.
2026-03-20 17:40:37.786 [INF] Microsoft.AspNetCore.Mvc.Infrastructure.ControllerActionInvoker | Executed action backend.Controllers.ShiftAssignmentsController.GetMonthlyRosterFixed (backend) in 10.572ms
2026-03-20 17:40:37.786 [INF] Microsoft.AspNetCore.Routing.EndpointMiddleware | Executed endpoint 'backend.Controllers.ShiftAssignmentsController.GetMonthlyRosterFixed (backend)'
2026-03-20 17:40:37.786 [INF] Serilog.AspNetCore.RequestLoggingMiddleware | HTTP GET /api/ShiftAssignments/roster → 200 (10.8ms)
2026-03-20 17:40:37.786 [INF] Microsoft.AspNetCore.Hosting.Diagnostics | Request finished HTTP/1.1 GET http://localhost:5217/api/ShiftAssignments/roster?start=2026-03-20&end=2026-03-27&orgId=2 - 200 null application/json; charset=utf-8 11.2905ms
2026-03-20 17:40:37.817 [INF] Microsoft.AspNetCore.Hosting.Diagnostics | Request starting HTTP/1.1 OPTIONS http://localhost:5217/api/Attendance/status?employeeId=31&orgId=2 - null null
2026-03-20 17:40:37.817 [INF] Microsoft.AspNetCore.Cors.Infrastructure.CorsService | CORS policy execution successful.
2026-03-20 17:40:37.817 [INF] Microsoft.AspNetCore.Hosting.Diagnostics | Request finished HTTP/1.1 OPTIONS http://localhost:5217/api/Attendance/status?employeeId=31&orgId=2 - 204 null null 0.2091ms
2026-03-20 17:40:37.818 [INF] Microsoft.AspNetCore.Hosting.Diagnostics | Request starting HTTP/1.1 GET http://localhost:5217/api/Attendance/status?employeeId=31&orgId=2 - application/json null
2026-03-20 17:40:37.818 [INF] Microsoft.AspNetCore.Cors.Infrastructure.CorsService | CORS policy execution successful.
2026-03-20 17:40:37.819 [INF] Microsoft.AspNetCore.Routing.EndpointMiddleware | Executing endpoint 'backend.Controllers.AttendanceController.GetTodayStatus (backend)'
2026-03-20 17:40:37.819 [INF] Microsoft.AspNetCore.Mvc.Infrastructure.ControllerActionInvoker | Route matched with {action = "GetTodayStatus", controller = "Attendance"}. Executing controller action with signature System.Threading.Tasks.Task`1[Microsoft.AspNetCore.Mvc.IActionResult] GetTodayStatus(Int32, System.Nullable`1[System.Int32]) on controller backend.Controllers.AttendanceController (backend).
2026-03-20 17:40:37.829 [INF] Microsoft.AspNetCore.Mvc.Infrastructure.ObjectResultExecutor | Executing OkObjectResult, writing value of type 'backend.Models.AttendanceStatusResponse'.
2026-03-20 17:40:37.829 [INF] Microsoft.AspNetCore.Mvc.Infrastructure.ControllerActionInvoker | Executed action backend.Controllers.AttendanceController.GetTodayStatus (backend) in 10.0491ms
2026-03-20 17:40:37.829 [INF] Microsoft.AspNetCore.Routing.EndpointMiddleware | Executed endpoint 'backend.Controllers.AttendanceController.GetTodayStatus (backend)'
2026-03-20 17:40:37.829 [INF] Serilog.AspNetCore.RequestLoggingMiddleware | HTTP GET /api/Attendance/status → 200 (10.2ms)
2026-03-20 17:40:37.829 [INF] Microsoft.AspNetCore.Hosting.Diagnostics | Request finished HTTP/1.1 GET http://localhost:5217/api/Attendance/status?employeeId=31&orgId=2 - 200 null application/json; charset=utf-8 10.7128ms
2026-03-20 17:40:40.219 [INF] Microsoft.AspNetCore.Hosting.Diagnostics | Request starting HTTP/1.1 GET http://localhost:5217/api/employees?organizationId=2 - application/json null
2026-03-20 17:40:40.220 [INF] Microsoft.AspNetCore.Cors.Infrastructure.CorsService | CORS policy execution successful.
2026-03-20 17:40:40.220 [INF] Microsoft.AspNetCore.Routing.EndpointMiddleware | Executing endpoint 'backend.Controllers.EmployeesController.GetEmployees (backend)'
2026-03-20 17:40:40.220 [INF] Microsoft.AspNetCore.Mvc.Infrastructure.ControllerActionInvoker | Route matched with {action = "GetEmployees", controller = "Employees"}. Executing controller action with signature System.Threading.Tasks.Task`1[Microsoft.AspNetCore.Mvc.IActionResult] GetEmployees(System.Nullable`1[System.Int32]) on controller backend.Controllers.EmployeesController (backend).
2026-03-20 17:40:40.221 [INF] backend.Controllers.EmployeesController | [Employees] GET all | TargetOrgId=2 | UserOrgId=2
2026-03-20 17:40:40.231 [INF] Microsoft.AspNetCore.Mvc.Infrastructure.ObjectResultExecutor | Executing OkObjectResult, writing value of type 'System.Collections.Generic.List`1[[backend.Models.Employee, backend, Version=1.0.0.0, Culture=neutral, PublicKeyToken=null]]'.
2026-03-20 17:40:40.232 [INF] Microsoft.AspNetCore.Mvc.Infrastructure.ControllerActionInvoker | Executed action backend.Controllers.EmployeesController.GetEmployees (backend) in 11.4067ms
2026-03-20 17:40:40.232 [INF] Microsoft.AspNetCore.Routing.EndpointMiddleware | Executed endpoint 'backend.Controllers.EmployeesController.GetEmployees (backend)'
2026-03-20 17:40:40.232 [INF] Serilog.AspNetCore.RequestLoggingMiddleware | HTTP GET /api/employees → 200 (11.6ms)
2026-03-20 17:40:40.232 [INF] Microsoft.AspNetCore.Hosting.Diagnostics | Request finished HTTP/1.1 GET http://localhost:5217/api/employees?organizationId=2 - 200 null application/json; charset=utf-8 12.5264ms
2026-03-20 17:41:01.033 [INF] Microsoft.AspNetCore.Hosting.Diagnostics | Request starting HTTP/1.1 OPTIONS http://localhost:5217/api/FaceAttendance/register-embedding - null null
2026-03-20 17:41:01.033 [INF] Microsoft.AspNetCore.Cors.Infrastructure.CorsService | CORS policy execution successful.
2026-03-20 17:41:01.034 [INF] Microsoft.AspNetCore.Hosting.Diagnostics | Request finished HTTP/1.1 OPTIONS http://localhost:5217/api/FaceAttendance/register-embedding - 204 null null 0.2741ms
2026-03-20 17:41:01.035 [INF] Microsoft.AspNetCore.Hosting.Diagnostics | Request starting HTTP/1.1 POST http://localhost:5217/api/FaceAttendance/register-embedding - application/json 2667
2026-03-20 17:41:01.035 [INF] Microsoft.AspNetCore.Cors.Infrastructure.CorsService | CORS policy execution successful.
2026-03-20 17:41:01.035 [INF] Microsoft.AspNetCore.Routing.EndpointMiddleware | Executing endpoint 'backend.Controllers.FaceAttendanceController.RegisterEmbedding (backend)'
2026-03-20 17:41:01.042 [INF] Microsoft.AspNetCore.Mvc.Infrastructure.ControllerActionInvoker | Route matched with {action = "RegisterEmbedding", controller = "FaceAttendance"}. Executing controller action with signature System.Threading.Tasks.Task`1[Microsoft.AspNetCore.Mvc.IActionResult] RegisterEmbedding(FaceEmbeddingRequest) on controller backend.Controllers.FaceAttendanceController (backend).
2026-03-20 17:41:01.050 [INF] backend.Controllers.FaceAttendanceController | Registering embedding for Emp202611
2026-03-20 17:41:01.069 [INF] Microsoft.AspNetCore.Mvc.Infrastructure.ObjectResultExecutor | Executing OkObjectResult, writing value of type '<>f__AnonymousType45`2[[System.String, System.Private.CoreLib, Version=10.0.0.0, Culture=neutral, PublicKeyToken=7cec85d7bea7798e],[System.String, System.Private.CoreLib, Version=10.0.0.0, Culture=neutral, PublicKeyToken=7cec85d7bea7798e]]'.
2026-03-20 17:41:01.069 [INF] Microsoft.AspNetCore.Mvc.Infrastructure.ControllerActionInvoker | Executed action backend.Controllers.FaceAttendanceController.RegisterEmbedding (backend) in 27.4441ms
2026-03-20 17:41:01.069 [INF] Microsoft.AspNetCore.Routing.EndpointMiddleware | Executed endpoint 'backend.Controllers.FaceAttendanceController.RegisterEmbedding (backend)'
2026-03-20 17:41:01.069 [INF] Serilog.AspNetCore.RequestLoggingMiddleware | HTTP POST /api/FaceAttendance/register-embedding → 200 (34.5ms)
2026-03-20 17:41:01.069 [INF] Microsoft.AspNetCore.Hosting.Diagnostics | Request finished HTTP/1.1 POST http://localhost:5217/api/FaceAttendance/register-embedding - 200 null application/json; charset=utf-8 34.8204ms
2026-03-20 17:41:09.935 [INF] Microsoft.AspNetCore.Hosting.Diagnostics | Request starting HTTP/1.1 OPTIONS http://localhost:5217/api/FaceAttendance/match-embedding - null null
2026-03-20 17:41:09.936 [INF] Microsoft.AspNetCore.Cors.Infrastructure.CorsService | CORS policy execution successful.
2026-03-20 17:41:09.936 [INF] Microsoft.AspNetCore.Hosting.Diagnostics | Request finished HTTP/1.1 OPTIONS http://localhost:5217/api/FaceAttendance/match-embedding - 204 null null 0.1845ms
2026-03-20 17:41:09.937 [INF] Microsoft.AspNetCore.Hosting.Diagnostics | Request starting HTTP/1.1 POST http://localhost:5217/api/FaceAttendance/match-embedding - application/json 2606
2026-03-20 17:41:09.937 [INF] Microsoft.AspNetCore.Cors.Infrastructure.CorsService | CORS policy execution successful.
2026-03-20 17:41:09.937 [INF] Microsoft.AspNetCore.Routing.EndpointMiddleware | Executing endpoint 'backend.Controllers.FaceAttendanceController.MatchEmbedding (backend)'
2026-03-20 17:41:09.937 [INF] Microsoft.AspNetCore.Mvc.Infrastructure.ControllerActionInvoker | Route matched with {action = "MatchEmbedding", controller = "FaceAttendance"}. Executing controller action with signature System.Threading.Tasks.Task`1[Microsoft.AspNetCore.Mvc.IActionResult] MatchEmbedding(FaceMatchRequest) on controller backend.Controllers.FaceAttendanceController (backend).
2026-03-20 17:41:09.937 [INF] backend.Controllers.FaceAttendanceController | Matching face embedding using stored procedure...
2026-03-20 17:41:09.948 [INF] backend.Controllers.FaceAttendanceController | Match found: Aravind (Emp202611) Conf: 97.1%
2026-03-20 17:41:09.948 [INF] Microsoft.AspNetCore.Mvc.Infrastructure.ObjectResultExecutor | Executing OkObjectResult, writing value of type '<>f__AnonymousType47`6[[System.String, System.Private.CoreLib, Version=10.0.0.0, Culture=neutral, PublicKeyToken=7cec85d7bea7798e],[System.String, System.Private.CoreLib, Version=10.0.0.0, Culture=neutral, PublicKeyToken=7cec85d7bea7798e],[System.String, System.Private.CoreLib, Version=10.0.0.0, Culture=neutral, PublicKeyToken=7cec85d7bea7798e],[System.String, System.Private.CoreLib, Version=10.0.0.0, Culture=neutral, PublicKeyToken=7cec85d7bea7798e],[System.String, System.Private.CoreLib, Version=10.0.0.0, Culture=neutral, PublicKeyToken=7cec85d7bea7798e],[System.Double, System.Private.CoreLib, Version=10.0.0.0, Culture=neutral, PublicKeyToken=7cec85d7bea7798e]]'.
2026-03-20 17:41:09.948 [INF] Microsoft.AspNetCore.Mvc.Infrastructure.ControllerActionInvoker | Executed action backend.Controllers.FaceAttendanceController.MatchEmbedding (backend) in 11.027ms
2026-03-20 17:41:09.948 [INF] Microsoft.AspNetCore.Routing.EndpointMiddleware | Executed endpoint 'backend.Controllers.FaceAttendanceController.MatchEmbedding (backend)'
2026-03-20 17:41:09.948 [INF] Serilog.AspNetCore.RequestLoggingMiddleware | HTTP POST /api/FaceAttendance/match-embedding → 200 (11.2ms)
2026-03-20 17:41:09.948 [INF] Microsoft.AspNetCore.Hosting.Diagnostics | Request finished HTTP/1.1 POST http://localhost:5217/api/FaceAttendance/match-embedding - 200 null application/json; charset=utf-8 11.4546ms
2026-03-20 17:41:09.991 [INF] Microsoft.AspNetCore.Hosting.Diagnostics | Request starting HTTP/1.1 OPTIONS http://localhost:5217/api/FaceAttendance/mark - null null
2026-03-20 17:41:09.992 [INF] Microsoft.AspNetCore.Cors.Infrastructure.CorsService | CORS policy execution successful.
2026-03-20 17:41:09.992 [INF] Microsoft.AspNetCore.Hosting.Diagnostics | Request finished HTTP/1.1 OPTIONS http://localhost:5217/api/FaceAttendance/mark - 204 null null 0.2168ms
2026-03-20 17:41:09.993 [INF] Microsoft.AspNetCore.Hosting.Diagnostics | Request starting HTTP/1.1 POST http://localhost:5217/api/FaceAttendance/mark - application/json 80
2026-03-20 17:41:09.993 [INF] Microsoft.AspNetCore.Cors.Infrastructure.CorsService | CORS policy execution successful.
2026-03-20 17:41:09.993 [INF] Microsoft.AspNetCore.Routing.EndpointMiddleware | Executing endpoint 'backend.Controllers.FaceAttendanceController.MarkFaceAttendance (backend)'
2026-03-20 17:41:09.993 [INF] Microsoft.AspNetCore.Mvc.Infrastructure.ControllerActionInvoker | Route matched with {action = "MarkFaceAttendance", controller = "FaceAttendance"}. Executing controller action with signature System.Threading.Tasks.Task`1[Microsoft.AspNetCore.Mvc.IActionResult] MarkFaceAttendance(FaceAttendanceRequest) on controller backend.Controllers.FaceAttendanceController (backend).
2026-03-20 17:41:09.994 [INF] backend.Controllers.FaceAttendanceController | Marking attendance for Emp202611
2026-03-20 17:41:10.004 [INF] Microsoft.AspNetCore.Mvc.Infrastructure.ObjectResultExecutor | Executing OkObjectResult, writing value of type '<>f__AnonymousType45`2[[System.String, System.Private.CoreLib, Version=10.0.0.0, Culture=neutral, PublicKeyToken=7cec85d7bea7798e],[System.String, System.Private.CoreLib, Version=10.0.0.0, Culture=neutral, PublicKeyToken=7cec85d7bea7798e]]'.
2026-03-20 17:41:10.004 [INF] Microsoft.AspNetCore.Mvc.Infrastructure.ControllerActionInvoker | Executed action backend.Controllers.FaceAttendanceController.MarkFaceAttendance (backend) in 10.3457ms
2026-03-20 17:41:10.004 [INF] Microsoft.AspNetCore.Routing.EndpointMiddleware | Executed endpoint 'backend.Controllers.FaceAttendanceController.MarkFaceAttendance (backend)'
2026-03-20 17:41:10.004 [INF] Serilog.AspNetCore.RequestLoggingMiddleware | HTTP POST /api/FaceAttendance/mark → 200 (10.5ms)
2026-03-20 17:41:10.004 [INF] Microsoft.AspNetCore.Hosting.Diagnostics | Request finished HTTP/1.1 POST http://localhost:5217/api/FaceAttendance/mark - 200 null application/json; charset=utf-8 10.8135ms
2026-03-20 18:20:33.245 [INF] Microsoft.AspNetCore.Hosting.Diagnostics | Request starting HTTP/1.1 OPTIONS http://localhost:5217/api/organizations - null null
2026-03-20 18:20:33.245 [INF] Microsoft.AspNetCore.Cors.Infrastructure.CorsService | CORS policy execution successful.
2026-03-20 18:20:33.245 [INF] Microsoft.AspNetCore.Hosting.Diagnostics | Request finished HTTP/1.1 OPTIONS http://localhost:5217/api/organizations - 204 null null 0.2478ms
2026-03-20 18:20:33.247 [INF] Microsoft.AspNetCore.Hosting.Diagnostics | Request starting HTTP/1.1 GET http://localhost:5217/api/organizations - application/json null
2026-03-20 18:20:33.247 [INF] Microsoft.AspNetCore.Cors.Infrastructure.CorsService | CORS policy execution successful.
2026-03-20 18:20:33.247 [INF] Microsoft.AspNetCore.Routing.EndpointMiddleware | Executing endpoint 'backend.Controllers.OrganizationsController.GetOrganizations (backend)'
2026-03-20 18:20:33.247 [INF] Microsoft.AspNetCore.Mvc.Infrastructure.ControllerActionInvoker | Route matched with {action = "GetOrganizations", controller = "Organizations"}. Executing controller action with signature System.Threading.Tasks.Task`1[Microsoft.AspNetCore.Mvc.IActionResult] GetOrganizations() on controller backend.Controllers.OrganizationsController (backend).
2026-03-20 18:20:33.248 [INF] backend.Controllers.OrganizationsController | [Orgs] GET all requested | Role=SuperAdmin | UserId=18
2026-03-20 18:20:35.377 [INF] Microsoft.AspNetCore.Mvc.Infrastructure.ObjectResultExecutor | Executing OkObjectResult, writing value of type 'System.Collections.Generic.List`1[[backend.Models.Organization, backend, Version=1.0.0.0, Culture=neutral, PublicKeyToken=null]]'.
2026-03-20 18:20:35.378 [INF] Microsoft.AspNetCore.Mvc.Infrastructure.ControllerActionInvoker | Executed action backend.Controllers.OrganizationsController.GetOrganizations (backend) in 2130.1728ms
2026-03-20 18:20:35.378 [INF] Microsoft.AspNetCore.Routing.EndpointMiddleware | Executed endpoint 'backend.Controllers.OrganizationsController.GetOrganizations (backend)'
2026-03-20 18:20:35.378 [INF] Serilog.AspNetCore.RequestLoggingMiddleware | HTTP GET /api/organizations → 200 (2130.4ms)
2026-03-20 18:20:35.378 [INF] Microsoft.AspNetCore.Hosting.Diagnostics | Request finished HTTP/1.1 GET http://localhost:5217/api/organizations - 200 null application/json; charset=utf-8 2131.0662ms
2026-03-20 18:20:35.388 [INF] Microsoft.AspNetCore.Hosting.Diagnostics | Request starting HTTP/1.1 OPTIONS http://localhost:5217/api/leads - null null
2026-03-20 18:20:35.388 [INF] Microsoft.AspNetCore.Cors.Infrastructure.CorsService | CORS policy execution successful.
2026-03-20 18:20:35.388 [INF] Microsoft.AspNetCore.Hosting.Diagnostics | Request finished HTTP/1.1 OPTIONS http://localhost:5217/api/leads - 204 null null 0.1532ms
2026-03-20 18:20:35.390 [INF] Microsoft.AspNetCore.Hosting.Diagnostics | Request starting HTTP/1.1 GET http://localhost:5217/api/leads - application/json null
2026-03-20 18:20:35.390 [INF] Microsoft.AspNetCore.Cors.Infrastructure.CorsService | CORS policy execution successful.
2026-03-20 18:20:35.390 [INF] Microsoft.AspNetCore.Routing.EndpointMiddleware | Executing endpoint 'backend.Controllers.LeadsController.GetLeads (backend)'
2026-03-20 18:20:35.390 [INF] Microsoft.AspNetCore.Mvc.Infrastructure.ControllerActionInvoker | Route matched with {action = "GetLeads", controller = "Leads"}. Executing controller action with signature System.Threading.Tasks.Task`1[System.Collections.Generic.IEnumerable`1[backend.Models.Lead]] GetLeads() on controller backend.Controllers.LeadsController (backend).
2026-03-20 18:20:35.527 [INF] Microsoft.AspNetCore.Mvc.Infrastructure.ObjectResultExecutor | Executing ObjectResult, writing value of type 'System.Collections.Generic.List`1[[backend.Models.Lead, backend, Version=1.0.0.0, Culture=neutral, PublicKeyToken=null]]'.
2026-03-20 18:20:35.527 [INF] Microsoft.AspNetCore.Mvc.Infrastructure.ControllerActionInvoker | Executed action backend.Controllers.LeadsController.GetLeads (backend) in 136.9979ms
2026-03-20 18:20:35.527 [INF] Microsoft.AspNetCore.Routing.EndpointMiddleware | Executed endpoint 'backend.Controllers.LeadsController.GetLeads (backend)'
2026-03-20 18:20:35.527 [INF] Serilog.AspNetCore.RequestLoggingMiddleware | HTTP GET /api/leads → 200 (137.2ms)
2026-03-20 18:20:35.527 [INF] Microsoft.AspNetCore.Hosting.Diagnostics | Request finished HTTP/1.1 GET http://localhost:5217/api/leads - 200 null application/json; charset=utf-8 137.7447ms
2026-03-20 18:20:35.533 [INF] Microsoft.AspNetCore.Hosting.Diagnostics | Request starting HTTP/1.1 OPTIONS http://localhost:5217/api/employees?organizationId=2 - null null
2026-03-20 18:20:35.534 [INF] Microsoft.AspNetCore.Cors.Infrastructure.CorsService | CORS policy execution successful.
2026-03-20 18:20:35.534 [INF] Microsoft.AspNetCore.Hosting.Diagnostics | Request finished HTTP/1.1 OPTIONS http://localhost:5217/api/employees?organizationId=2 - 204 null null 0.175ms
2026-03-20 18:20:35.535 [INF] Microsoft.AspNetCore.Hosting.Diagnostics | Request starting HTTP/1.1 GET http://localhost:5217/api/employees?organizationId=2 - application/json null
2026-03-20 18:20:35.535 [INF] Microsoft.AspNetCore.Cors.Infrastructure.CorsService | CORS policy execution successful.
2026-03-20 18:20:35.535 [INF] Microsoft.AspNetCore.Routing.EndpointMiddleware | Executing endpoint 'backend.Controllers.EmployeesController.GetEmployees (backend)'
2026-03-20 18:20:35.535 [INF] Microsoft.AspNetCore.Mvc.Infrastructure.ControllerActionInvoker | Route matched with {action = "GetEmployees", controller = "Employees"}. Executing controller action with signature System.Threading.Tasks.Task`1[Microsoft.AspNetCore.Mvc.IActionResult] GetEmployees(System.Nullable`1[System.Int32]) on controller backend.Controllers.EmployeesController (backend).
2026-03-20 18:20:35.536 [INF] backend.Controllers.EmployeesController | [Employees] GET all | TargetOrgId=2 | UserOrgId=2
2026-03-20 18:20:35.689 [INF] Microsoft.AspNetCore.Mvc.Infrastructure.ObjectResultExecutor | Executing OkObjectResult, writing value of type 'System.Collections.Generic.List`1[[backend.Models.Employee, backend, Version=1.0.0.0, Culture=neutral, PublicKeyToken=null]]'.
2026-03-20 18:20:35.690 [INF] Microsoft.AspNetCore.Mvc.Infrastructure.ControllerActionInvoker | Executed action backend.Controllers.EmployeesController.GetEmployees (backend) in 154.1187ms
2026-03-20 18:20:35.690 [INF] Microsoft.AspNetCore.Routing.EndpointMiddleware | Executed endpoint 'backend.Controllers.EmployeesController.GetEmployees (backend)'
2026-03-20 18:20:35.690 [INF] Serilog.AspNetCore.RequestLoggingMiddleware | HTTP GET /api/employees → 200 (154.3ms)
2026-03-20 18:20:35.690 [INF] Microsoft.AspNetCore.Hosting.Diagnostics | Request finished HTTP/1.1 GET http://localhost:5217/api/employees?organizationId=2 - 200 null application/json; charset=utf-8 154.8073ms
2026-03-20 18:20:35.697 [INF] Microsoft.AspNetCore.Hosting.Diagnostics | Request starting HTTP/1.1 OPTIONS http://localhost:5217/api/ShiftAssignments/roster?start=2026-03-20&end=2026-03-27&orgId=2 - null null
2026-03-20 18:20:35.697 [INF] Microsoft.AspNetCore.Cors.Infrastructure.CorsService | CORS policy execution successful.
2026-03-20 18:20:35.697 [INF] Microsoft.AspNetCore.Hosting.Diagnostics | Request finished HTTP/1.1 OPTIONS http://localhost:5217/api/ShiftAssignments/roster?start=2026-03-20&end=2026-03-27&orgId=2 - 204 null null 0.2056ms
2026-03-20 18:20:35.699 [INF] Microsoft.AspNetCore.Hosting.Diagnostics | Request starting HTTP/1.1 GET http://localhost:5217/api/ShiftAssignments/roster?start=2026-03-20&end=2026-03-27&orgId=2 - application/json null
2026-03-20 18:20:35.699 [INF] Microsoft.AspNetCore.Cors.Infrastructure.CorsService | CORS policy execution successful.
2026-03-20 18:20:35.699 [INF] Microsoft.AspNetCore.Routing.EndpointMiddleware | Executing endpoint 'backend.Controllers.ShiftAssignmentsController.GetMonthlyRosterFixed (backend)'
2026-03-20 18:20:35.699 [INF] Microsoft.AspNetCore.Mvc.Infrastructure.ControllerActionInvoker | Route matched with {action = "GetMonthlyRosterFixed", controller = "ShiftAssignments"}. Executing controller action with signature System.Threading.Tasks.Task`1[Microsoft.AspNetCore.Mvc.IActionResult] GetMonthlyRosterFixed(System.String, System.String, System.Nullable`1[System.Int32]) on controller backend.Controllers.ShiftAssignmentsController (backend).
2026-03-20 18:20:35.836 [INF] Microsoft.AspNetCore.Mvc.Infrastructure.ObjectResultExecutor | Executing OkObjectResult, writing value of type 'System.Collections.Generic.List`1[[backend.Models.EmployeeSchedule, backend, Version=1.0.0.0, Culture=neutral, PublicKeyToken=null]]'.
2026-03-20 18:20:35.836 [INF] Microsoft.AspNetCore.Mvc.Infrastructure.ControllerActionInvoker | Executed action backend.Controllers.ShiftAssignmentsController.GetMonthlyRosterFixed (backend) in 137.1098ms
2026-03-20 18:20:35.836 [INF] Microsoft.AspNetCore.Routing.EndpointMiddleware | Executed endpoint 'backend.Controllers.ShiftAssignmentsController.GetMonthlyRosterFixed (backend)'
2026-03-20 18:20:35.836 [INF] Serilog.AspNetCore.RequestLoggingMiddleware | HTTP GET /api/ShiftAssignments/roster → 200 (137.3ms)
2026-03-20 18:20:35.836 [INF] Microsoft.AspNetCore.Hosting.Diagnostics | Request finished HTTP/1.1 GET http://localhost:5217/api/ShiftAssignments/roster?start=2026-03-20&end=2026-03-27&orgId=2 - 200 null application/json; charset=utf-8 137.9749ms
2026-03-20 18:20:35.887 [INF] Microsoft.AspNetCore.Hosting.Diagnostics | Request starting HTTP/1.1 OPTIONS http://localhost:5217/api/Attendance/status?employeeId=31&orgId=2 - null null
2026-03-20 18:20:35.887 [INF] Microsoft.AspNetCore.Cors.Infrastructure.CorsService | CORS policy execution successful.
2026-03-20 18:20:35.887 [INF] Microsoft.AspNetCore.Hosting.Diagnostics | Request finished HTTP/1.1 OPTIONS http://localhost:5217/api/Attendance/status?employeeId=31&orgId=2 - 204 null null 0.1908ms
2026-03-20 18:20:35.889 [INF] Microsoft.AspNetCore.Hosting.Diagnostics | Request starting HTTP/1.1 GET http://localhost:5217/api/Attendance/status?employeeId=31&orgId=2 - application/json null
2026-03-20 18:20:35.889 [INF] Microsoft.AspNetCore.Cors.Infrastructure.CorsService | CORS policy execution successful.
2026-03-20 18:20:35.890 [INF] Microsoft.AspNetCore.Routing.EndpointMiddleware | Executing endpoint 'backend.Controllers.AttendanceController.GetTodayStatus (backend)'
2026-03-20 18:20:35.890 [INF] Microsoft.AspNetCore.Mvc.Infrastructure.ControllerActionInvoker | Route matched with {action = "GetTodayStatus", controller = "Attendance"}. Executing controller action with signature System.Threading.Tasks.Task`1[Microsoft.AspNetCore.Mvc.IActionResult] GetTodayStatus(Int32, System.Nullable`1[System.Int32]) on controller backend.Controllers.AttendanceController (backend).
2026-03-20 18:20:36.117 [INF] Microsoft.AspNetCore.Mvc.Infrastructure.ObjectResultExecutor | Executing OkObjectResult, writing value of type 'backend.Models.AttendanceStatusResponse'.
2026-03-20 18:20:36.117 [INF] Microsoft.AspNetCore.Mvc.Infrastructure.ControllerActionInvoker | Executed action backend.Controllers.AttendanceController.GetTodayStatus (backend) in 227.1703ms
2026-03-20 18:20:36.117 [INF] Microsoft.AspNetCore.Routing.EndpointMiddleware | Executed endpoint 'backend.Controllers.AttendanceController.GetTodayStatus (backend)'
2026-03-20 18:20:36.117 [INF] Serilog.AspNetCore.RequestLoggingMiddleware | HTTP GET /api/Attendance/status → 200 (227.4ms)
2026-03-20 18:20:36.117 [INF] Microsoft.AspNetCore.Hosting.Diagnostics | Request finished HTTP/1.1 GET http://localhost:5217/api/Attendance/status?employeeId=31&orgId=2 - 200 null application/json; charset=utf-8 227.9074ms
2026-03-20 18:20:40.949 [INF] Microsoft.AspNetCore.Hosting.Diagnostics | Request starting HTTP/1.1 OPTIONS http://localhost:5217/api/organizations - null null
2026-03-20 18:20:40.949 [INF] Microsoft.AspNetCore.Cors.Infrastructure.CorsService | CORS policy execution successful.
2026-03-20 18:20:40.949 [INF] Microsoft.AspNetCore.Hosting.Diagnostics | Request finished HTTP/1.1 OPTIONS http://localhost:5217/api/organizations - 204 null null 0.1797ms
2026-03-20 18:20:40.951 [INF] Microsoft.AspNetCore.Hosting.Diagnostics | Request starting HTTP/1.1 GET http://localhost:5217/api/organizations - application/json null
2026-03-20 18:20:40.951 [INF] Microsoft.AspNetCore.Cors.Infrastructure.CorsService | CORS policy execution successful.
2026-03-20 18:20:40.951 [INF] Microsoft.AspNetCore.Routing.EndpointMiddleware | Executing endpoint 'backend.Controllers.OrganizationsController.GetOrganizations (backend)'
2026-03-20 18:20:40.951 [INF] Microsoft.AspNetCore.Mvc.Infrastructure.ControllerActionInvoker | Route matched with {action = "GetOrganizations", controller = "Organizations"}. Executing controller action with signature System.Threading.Tasks.Task`1[Microsoft.AspNetCore.Mvc.IActionResult] GetOrganizations() on controller backend.Controllers.OrganizationsController (backend).
2026-03-20 18:20:40.952 [INF] backend.Controllers.OrganizationsController | [Orgs] GET all requested | Role=SuperAdmin | UserId=18
2026-03-20 18:20:41.017 [INF] Microsoft.AspNetCore.Mvc.Infrastructure.ObjectResultExecutor | Executing OkObjectResult, writing value of type 'System.Collections.Generic.List`1[[backend.Models.Organization, backend, Version=1.0.0.0, Culture=neutral, PublicKeyToken=null]]'.
2026-03-20 18:20:41.017 [INF] Microsoft.AspNetCore.Mvc.Infrastructure.ControllerActionInvoker | Executed action backend.Controllers.OrganizationsController.GetOrganizations (backend) in 65.9401ms
2026-03-20 18:20:41.018 [INF] Microsoft.AspNetCore.Routing.EndpointMiddleware | Executed endpoint 'backend.Controllers.OrganizationsController.GetOrganizations (backend)'
2026-03-20 18:20:41.018 [INF] Serilog.AspNetCore.RequestLoggingMiddleware | HTTP GET /api/organizations → 200 (66.1ms)
2026-03-20 18:20:41.018 [INF] Microsoft.AspNetCore.Hosting.Diagnostics | Request finished HTTP/1.1 GET http://localhost:5217/api/organizations - 200 null application/json; charset=utf-8 66.9492ms
2026-03-20 18:20:44.603 [INF] Microsoft.AspNetCore.Hosting.Diagnostics | Request starting HTTP/1.1 OPTIONS http://localhost:5217/api/leads - null null
2026-03-20 18:20:44.603 [INF] Microsoft.AspNetCore.Cors.Infrastructure.CorsService | CORS policy execution successful.
2026-03-20 18:20:44.603 [INF] Microsoft.AspNetCore.Hosting.Diagnostics | Request finished HTTP/1.1 OPTIONS http://localhost:5217/api/leads - 204 null null 0.2115ms
2026-03-20 18:20:44.709 [INF] Microsoft.AspNetCore.Hosting.Diagnostics | Request starting HTTP/1.1 GET http://localhost:5217/api/leads - application/json null
2026-03-20 18:20:44.709 [INF] Microsoft.AspNetCore.Cors.Infrastructure.CorsService | CORS policy execution successful.
2026-03-20 18:20:44.709 [INF] Microsoft.AspNetCore.Routing.EndpointMiddleware | Executing endpoint 'backend.Controllers.LeadsController.GetLeads (backend)'
2026-03-20 18:20:44.709 [INF] Microsoft.AspNetCore.Mvc.Infrastructure.ControllerActionInvoker | Route matched with {action = "GetLeads", controller = "Leads"}. Executing controller action with signature System.Threading.Tasks.Task`1[System.Collections.Generic.IEnumerable`1[backend.Models.Lead]] GetLeads() on controller backend.Controllers.LeadsController (backend).
2026-03-20 18:20:44.993 [INF] Microsoft.AspNetCore.Mvc.Infrastructure.ObjectResultExecutor | Executing ObjectResult, writing value of type 'System.Collections.Generic.List`1[[backend.Models.Lead, backend, Version=1.0.0.0, Culture=neutral, PublicKeyToken=null]]'.
2026-03-20 18:20:44.993 [INF] Microsoft.AspNetCore.Mvc.Infrastructure.ControllerActionInvoker | Executed action backend.Controllers.LeadsController.GetLeads (backend) in 283.8445ms
2026-03-20 18:20:44.993 [INF] Microsoft.AspNetCore.Routing.EndpointMiddleware | Executed endpoint 'backend.Controllers.LeadsController.GetLeads (backend)'
2026-03-20 18:20:44.993 [INF] Serilog.AspNetCore.RequestLoggingMiddleware | HTTP GET /api/leads → 200 (284.1ms)
2026-03-20 18:20:44.993 [INF] Microsoft.AspNetCore.Hosting.Diagnostics | Request finished HTTP/1.1 GET http://localhost:5217/api/leads - 200 null application/json; charset=utf-8 284.6594ms
2026-03-20 18:20:45.000 [INF] Microsoft.AspNetCore.Hosting.Diagnostics | Request starting HTTP/1.1 OPTIONS http://localhost:5217/api/employees?organizationId=2 - null null
2026-03-20 18:20:45.000 [INF] Microsoft.AspNetCore.Cors.Infrastructure.CorsService | CORS policy execution successful.
2026-03-20 18:20:45.000 [INF] Microsoft.AspNetCore.Hosting.Diagnostics | Request finished HTTP/1.1 OPTIONS http://localhost:5217/api/employees?organizationId=2 - 204 null null 0.184ms
2026-03-20 18:20:45.002 [INF] Microsoft.AspNetCore.Hosting.Diagnostics | Request starting HTTP/1.1 GET http://localhost:5217/api/employees?organizationId=2 - application/json null
2026-03-20 18:20:45.002 [INF] Microsoft.AspNetCore.Cors.Infrastructure.CorsService | CORS policy execution successful.
2026-03-20 18:20:45.003 [INF] Microsoft.AspNetCore.Routing.EndpointMiddleware | Executing endpoint 'backend.Controllers.EmployeesController.GetEmployees (backend)'
2026-03-20 18:20:45.003 [INF] Microsoft.AspNetCore.Mvc.Infrastructure.ControllerActionInvoker | Route matched with {action = "GetEmployees", controller = "Employees"}. Executing controller action with signature System.Threading.Tasks.Task`1[Microsoft.AspNetCore.Mvc.IActionResult] GetEmployees(System.Nullable`1[System.Int32]) on controller backend.Controllers.EmployeesController (backend).
2026-03-20 18:20:45.003 [INF] backend.Controllers.EmployeesController | [Employees] GET all | TargetOrgId=2 | UserOrgId=2
2026-03-20 18:20:45.145 [INF] Microsoft.AspNetCore.Mvc.Infrastructure.ObjectResultExecutor | Executing OkObjectResult, writing value of type 'System.Collections.Generic.List`1[[backend.Models.Employee, backend, Version=1.0.0.0, Culture=neutral, PublicKeyToken=null]]'.
2026-03-20 18:20:45.146 [INF] Microsoft.AspNetCore.Mvc.Infrastructure.ControllerActionInvoker | Executed action backend.Controllers.EmployeesController.GetEmployees (backend) in 142.6798ms
2026-03-20 18:20:45.146 [INF] Microsoft.AspNetCore.Routing.EndpointMiddleware | Executed endpoint 'backend.Controllers.EmployeesController.GetEmployees (backend)'
2026-03-20 18:20:45.146 [INF] Serilog.AspNetCore.RequestLoggingMiddleware | HTTP GET /api/employees → 200 (142.9ms)
2026-03-20 18:20:45.146 [INF] Microsoft.AspNetCore.Hosting.Diagnostics | Request finished HTTP/1.1 GET http://localhost:5217/api/employees?organizationId=2 - 200 null application/json; charset=utf-8 143.4689ms
2026-03-20 18:20:45.208 [INF] Microsoft.AspNetCore.Hosting.Diagnostics | Request starting HTTP/1.1 OPTIONS http://localhost:5217/api/ShiftAssignments/roster?start=2026-03-20&end=2026-03-27&orgId=2 - null null
2026-03-20 18:20:45.208 [INF] Microsoft.AspNetCore.Cors.Infrastructure.CorsService | CORS policy execution successful.
2026-03-20 18:20:45.208 [INF] Microsoft.AspNetCore.Hosting.Diagnostics | Request finished HTTP/1.1 OPTIONS http://localhost:5217/api/ShiftAssignments/roster?start=2026-03-20&end=2026-03-27&orgId=2 - 204 null null 0.2109ms
2026-03-20 18:20:45.211 [INF] Microsoft.AspNetCore.Hosting.Diagnostics | Request starting HTTP/1.1 GET http://localhost:5217/api/ShiftAssignments/roster?start=2026-03-20&end=2026-03-27&orgId=2 - application/json null
2026-03-20 18:20:45.211 [INF] Microsoft.AspNetCore.Cors.Infrastructure.CorsService | CORS policy execution successful.
2026-03-20 18:20:45.211 [INF] Microsoft.AspNetCore.Routing.EndpointMiddleware | Executing endpoint 'backend.Controllers.ShiftAssignmentsController.GetMonthlyRosterFixed (backend)'
2026-03-20 18:20:45.211 [INF] Microsoft.AspNetCore.Mvc.Infrastructure.ControllerActionInvoker | Route matched with {action = "GetMonthlyRosterFixed", controller = "ShiftAssignments"}. Executing controller action with signature System.Threading.Tasks.Task`1[Microsoft.AspNetCore.Mvc.IActionResult] GetMonthlyRosterFixed(System.String, System.String, System.Nullable`1[System.Int32]) on controller backend.Controllers.ShiftAssignmentsController (backend).
2026-03-20 18:20:45.475 [INF] Microsoft.AspNetCore.Mvc.Infrastructure.ObjectResultExecutor | Executing OkObjectResult, writing value of type 'System.Collections.Generic.List`1[[backend.Models.EmployeeSchedule, backend, Version=1.0.0.0, Culture=neutral, PublicKeyToken=null]]'.
2026-03-20 18:20:45.475 [INF] Microsoft.AspNetCore.Mvc.Infrastructure.ControllerActionInvoker | Executed action backend.Controllers.ShiftAssignmentsController.GetMonthlyRosterFixed (backend) in 263.5262ms
2026-03-20 18:20:45.475 [INF] Microsoft.AspNetCore.Routing.EndpointMiddleware | Executed endpoint 'backend.Controllers.ShiftAssignmentsController.GetMonthlyRosterFixed (backend)'
2026-03-20 18:20:45.475 [INF] Serilog.AspNetCore.RequestLoggingMiddleware | HTTP GET /api/ShiftAssignments/roster → 200 (263.7ms)
2026-03-20 18:20:45.475 [INF] Microsoft.AspNetCore.Hosting.Diagnostics | Request finished HTTP/1.1 GET http://localhost:5217/api/ShiftAssignments/roster?start=2026-03-20&end=2026-03-27&orgId=2 - 200 null application/json; charset=utf-8 264.3605ms
2026-03-20 18:20:45.484 [INF] Microsoft.AspNetCore.Hosting.Diagnostics | Request starting HTTP/1.1 OPTIONS http://localhost:5217/api/Attendance/status?employeeId=31&orgId=2 - null null
2026-03-20 18:20:45.484 [INF] Microsoft.AspNetCore.Cors.Infrastructure.CorsService | CORS policy execution successful.
2026-03-20 18:20:45.484 [INF] Microsoft.AspNetCore.Hosting.Diagnostics | Request finished HTTP/1.1 OPTIONS http://localhost:5217/api/Attendance/status?employeeId=31&orgId=2 - 204 null null 0.3392ms
2026-03-20 18:20:45.488 [INF] Microsoft.AspNetCore.Hosting.Diagnostics | Request starting HTTP/1.1 GET http://localhost:5217/api/Attendance/status?employeeId=31&orgId=2 - application/json null
2026-03-20 18:20:45.489 [INF] Microsoft.AspNetCore.Cors.Infrastructure.CorsService | CORS policy execution successful.
2026-03-20 18:20:45.489 [INF] Microsoft.AspNetCore.Routing.EndpointMiddleware | Executing endpoint 'backend.Controllers.AttendanceController.GetTodayStatus (backend)'
2026-03-20 18:20:45.489 [INF] Microsoft.AspNetCore.Mvc.Infrastructure.ControllerActionInvoker | Route matched with {action = "GetTodayStatus", controller = "Attendance"}. Executing controller action with signature System.Threading.Tasks.Task`1[Microsoft.AspNetCore.Mvc.IActionResult] GetTodayStatus(Int32, System.Nullable`1[System.Int32]) on controller backend.Controllers.AttendanceController (backend).
2026-03-20 18:20:45.638 [INF] Microsoft.AspNetCore.Mvc.Infrastructure.ObjectResultExecutor | Executing OkObjectResult, writing value of type 'backend.Models.AttendanceStatusResponse'.
2026-03-20 18:20:45.639 [INF] Microsoft.AspNetCore.Mvc.Infrastructure.ControllerActionInvoker | Executed action backend.Controllers.AttendanceController.GetTodayStatus (backend) in 149.1683ms
2026-03-20 18:20:45.639 [INF] Microsoft.AspNetCore.Routing.EndpointMiddleware | Executed endpoint 'backend.Controllers.AttendanceController.GetTodayStatus (backend)'
2026-03-20 18:20:45.639 [INF] Serilog.AspNetCore.RequestLoggingMiddleware | HTTP GET /api/Attendance/status → 200 (149.4ms)
2026-03-20 18:20:45.639 [INF] Microsoft.AspNetCore.Hosting.Diagnostics | Request finished HTTP/1.1 GET http://localhost:5217/api/Attendance/status?employeeId=31&orgId=2 - 200 null application/json; charset=utf-8 150.3534ms
2026-03-20 18:21:36.242 [INF] Microsoft.AspNetCore.Hosting.Diagnostics | Request starting HTTP/1.1 OPTIONS http://localhost:5217/api/employees?organizationId=2 - null null
2026-03-20 18:21:36.242 [INF] Microsoft.AspNetCore.Cors.Infrastructure.CorsService | CORS policy execution successful.
2026-03-20 18:21:36.242 [INF] Microsoft.AspNetCore.Hosting.Diagnostics | Request finished HTTP/1.1 OPTIONS http://localhost:5217/api/employees?organizationId=2 - 204 null null 0.2401ms
2026-03-20 18:21:36.247 [INF] Microsoft.AspNetCore.Hosting.Diagnostics | Request starting HTTP/1.1 GET http://localhost:5217/api/employees?organizationId=2 - application/json null
2026-03-20 18:21:36.247 [INF] Microsoft.AspNetCore.Cors.Infrastructure.CorsService | CORS policy execution successful.
2026-03-20 18:21:36.248 [INF] Microsoft.AspNetCore.Routing.EndpointMiddleware | Executing endpoint 'backend.Controllers.EmployeesController.GetEmployees (backend)'
2026-03-20 18:21:36.248 [INF] Microsoft.AspNetCore.Mvc.Infrastructure.ControllerActionInvoker | Route matched with {action = "GetEmployees", controller = "Employees"}. Executing controller action with signature System.Threading.Tasks.Task`1[Microsoft.AspNetCore.Mvc.IActionResult] GetEmployees(System.Nullable`1[System.Int32]) on controller backend.Controllers.EmployeesController (backend).
2026-03-20 18:21:36.248 [INF] backend.Controllers.EmployeesController | [Employees] GET all | TargetOrgId=2 | UserOrgId=2
2026-03-20 18:21:36.320 [INF] Microsoft.AspNetCore.Mvc.Infrastructure.ObjectResultExecutor | Executing OkObjectResult, writing value of type 'System.Collections.Generic.List`1[[backend.Models.Employee, backend, Version=1.0.0.0, Culture=neutral, PublicKeyToken=null]]'.
2026-03-20 18:21:36.320 [INF] Microsoft.AspNetCore.Mvc.Infrastructure.ControllerActionInvoker | Executed action backend.Controllers.EmployeesController.GetEmployees (backend) in 71.9151ms
2026-03-20 18:21:36.320 [INF] Microsoft.AspNetCore.Routing.EndpointMiddleware | Executed endpoint 'backend.Controllers.EmployeesController.GetEmployees (backend)'
2026-03-20 18:21:36.320 [INF] Serilog.AspNetCore.RequestLoggingMiddleware | HTTP GET /api/employees → 200 (72.3ms)
2026-03-20 18:21:36.320 [INF] Microsoft.AspNetCore.Hosting.Diagnostics | Request finished HTTP/1.1 GET http://localhost:5217/api/employees?organizationId=2 - 200 null application/json; charset=utf-8 72.9119ms
2026-03-20 18:23:08.064 [INF] Microsoft.AspNetCore.Hosting.Diagnostics | Request starting HTTP/1.1 OPTIONS http://localhost:5217/api/FaceAttendance/register-embedding - null null
2026-03-20 18:23:08.064 [INF] Microsoft.AspNetCore.Cors.Infrastructure.CorsService | CORS policy execution successful.
2026-03-20 18:23:08.064 [INF] Microsoft.AspNetCore.Hosting.Diagnostics | Request finished HTTP/1.1 OPTIONS http://localhost:5217/api/FaceAttendance/register-embedding - 204 null null 0.4012ms
2026-03-20 18:23:08.066 [INF] Microsoft.AspNetCore.Hosting.Diagnostics | Request starting HTTP/1.1 POST http://localhost:5217/api/FaceAttendance/register-embedding - application/json 2654
2026-03-20 18:23:08.066 [INF] Microsoft.AspNetCore.Cors.Infrastructure.CorsService | CORS policy execution successful.
2026-03-20 18:23:08.066 [INF] Microsoft.AspNetCore.Routing.EndpointMiddleware | Executing endpoint 'backend.Controllers.FaceAttendanceController.RegisterEmbedding (backend)'
2026-03-20 18:23:08.066 [INF] Microsoft.AspNetCore.Mvc.Infrastructure.ControllerActionInvoker | Route matched with {action = "RegisterEmbedding", controller = "FaceAttendance"}. Executing controller action with signature System.Threading.Tasks.Task`1[Microsoft.AspNetCore.Mvc.IActionResult] RegisterEmbedding(FaceEmbeddingRequest) on controller backend.Controllers.FaceAttendanceController (backend).
2026-03-20 18:23:08.067 [INF] backend.Controllers.FaceAttendanceController | Registering embedding for Emp1235
2026-03-20 18:23:08.279 [INF] Microsoft.AspNetCore.Mvc.Infrastructure.ObjectResultExecutor | Executing OkObjectResult, writing value of type '<>f__AnonymousType45`2[[System.String, System.Private.CoreLib, Version=10.0.0.0, Culture=neutral, PublicKeyToken=7cec85d7bea7798e],[System.String, System.Private.CoreLib, Version=10.0.0.0, Culture=neutral, PublicKeyToken=7cec85d7bea7798e]]'.
2026-03-20 18:23:08.279 [INF] Microsoft.AspNetCore.Mvc.Infrastructure.ControllerActionInvoker | Executed action backend.Controllers.FaceAttendanceController.RegisterEmbedding (backend) in 212.6432ms
2026-03-20 18:23:08.279 [INF] Microsoft.AspNetCore.Routing.EndpointMiddleware | Executed endpoint 'backend.Controllers.FaceAttendanceController.RegisterEmbedding (backend)'
2026-03-20 18:23:08.279 [INF] Serilog.AspNetCore.RequestLoggingMiddleware | HTTP POST /api/FaceAttendance/register-embedding → 200 (212.8ms)
2026-03-20 18:23:08.279 [INF] Microsoft.AspNetCore.Hosting.Diagnostics | Request finished HTTP/1.1 POST http://localhost:5217/api/FaceAttendance/register-embedding - 200 null application/json; charset=utf-8 213.301ms
2026-03-20 18:23:45.837 [INF] Microsoft.AspNetCore.Hosting.Diagnostics | Request starting HTTP/1.1 OPTIONS http://localhost:5217/api/FaceAttendance/match-embedding - null null
2026-03-20 18:23:45.838 [INF] Microsoft.AspNetCore.Cors.Infrastructure.CorsService | CORS policy execution successful.
2026-03-20 18:23:45.838 [INF] Microsoft.AspNetCore.Hosting.Diagnostics | Request finished HTTP/1.1 OPTIONS http://localhost:5217/api/FaceAttendance/match-embedding - 204 null null 0.6363ms
2026-03-20 18:23:45.840 [INF] Microsoft.AspNetCore.Hosting.Diagnostics | Request starting HTTP/1.1 POST http://localhost:5217/api/FaceAttendance/match-embedding - application/json 2590
2026-03-20 18:23:45.840 [INF] Microsoft.AspNetCore.Cors.Infrastructure.CorsService | CORS policy execution successful.
2026-03-20 18:23:45.840 [INF] Microsoft.AspNetCore.Routing.EndpointMiddleware | Executing endpoint 'backend.Controllers.FaceAttendanceController.MatchEmbedding (backend)'
2026-03-20 18:23:45.841 [INF] Microsoft.AspNetCore.Mvc.Infrastructure.ControllerActionInvoker | Route matched with {action = "MatchEmbedding", controller = "FaceAttendance"}. Executing controller action with signature System.Threading.Tasks.Task`1[Microsoft.AspNetCore.Mvc.IActionResult] MatchEmbedding(FaceMatchRequest) on controller backend.Controllers.FaceAttendanceController (backend).
2026-03-20 18:23:45.841 [INF] backend.Controllers.FaceAttendanceController | Matching face embedding using stored procedure...
2026-03-20 18:23:45.957 [WRN] backend.Controllers.FaceAttendanceController | No match found above threshold 0.95. Best was 0.8359
2026-03-20 18:23:45.960 [INF] Microsoft.AspNetCore.Mvc.Infrastructure.ObjectResultExecutor | Executing OkObjectResult, writing value of type '<>f__AnonymousType45`2[[System.String, System.Private.CoreLib, Version=10.0.0.0, Culture=neutral, PublicKeyToken=7cec85d7bea7798e],[System.String, System.Private.CoreLib, Version=10.0.0.0, Culture=neutral, PublicKeyToken=7cec85d7bea7798e]]'.
2026-03-20 18:23:45.960 [INF] Microsoft.AspNetCore.Mvc.Infrastructure.ControllerActionInvoker | Executed action backend.Controllers.FaceAttendanceController.MatchEmbedding (backend) in 119.5143ms
2026-03-20 18:23:45.960 [INF] Microsoft.AspNetCore.Routing.EndpointMiddleware | Executed endpoint 'backend.Controllers.FaceAttendanceController.MatchEmbedding (backend)'
2026-03-20 18:23:45.960 [INF] Serilog.AspNetCore.RequestLoggingMiddleware | HTTP POST /api/FaceAttendance/match-embedding → 200 (120.0ms)
2026-03-20 18:23:45.960 [INF] Microsoft.AspNetCore.Hosting.Diagnostics | Request finished HTTP/1.1 POST http://localhost:5217/api/FaceAttendance/match-embedding - 200 null application/json; charset=utf-8 120.4778ms
2026-03-20 18:23:52.811 [INF] Microsoft.AspNetCore.Hosting.Diagnostics | Request starting HTTP/1.1 OPTIONS http://localhost:5217/api/FaceAttendance/match-embedding - null null
2026-03-20 18:23:52.811 [INF] Microsoft.AspNetCore.Cors.Infrastructure.CorsService | CORS policy execution successful.
2026-03-20 18:23:52.811 [INF] Microsoft.AspNetCore.Hosting.Diagnostics | Request finished HTTP/1.1 OPTIONS http://localhost:5217/api/FaceAttendance/match-embedding - 204 null null 0.1948ms
2026-03-20 18:23:52.813 [INF] Microsoft.AspNetCore.Hosting.Diagnostics | Request starting HTTP/1.1 POST http://localhost:5217/api/FaceAttendance/match-embedding - application/json 2593
2026-03-20 18:23:52.813 [INF] Microsoft.AspNetCore.Cors.Infrastructure.CorsService | CORS policy execution successful.
2026-03-20 18:23:52.813 [INF] Microsoft.AspNetCore.Routing.EndpointMiddleware | Executing endpoint 'backend.Controllers.FaceAttendanceController.MatchEmbedding (backend)'
2026-03-20 18:23:52.813 [INF] Microsoft.AspNetCore.Mvc.Infrastructure.ControllerActionInvoker | Route matched with {action = "MatchEmbedding", controller = "FaceAttendance"}. Executing controller action with signature System.Threading.Tasks.Task`1[Microsoft.AspNetCore.Mvc.IActionResult] MatchEmbedding(FaceMatchRequest) on controller backend.Controllers.FaceAttendanceController (backend).
2026-03-20 18:23:52.813 [INF] backend.Controllers.FaceAttendanceController | Matching face embedding using stored procedure...
2026-03-20 18:23:52.920 [WRN] backend.Controllers.FaceAttendanceController | No match found above threshold 0.95. Best was 0.8305
2026-03-20 18:23:52.920 [INF] Microsoft.AspNetCore.Mvc.Infrastructure.ObjectResultExecutor | Executing OkObjectResult, writing value of type '<>f__AnonymousType45`2[[System.String, System.Private.CoreLib, Version=10.0.0.0, Culture=neutral, PublicKeyToken=7cec85d7bea7798e],[System.String, System.Private.CoreLib, Version=10.0.0.0, Culture=neutral, PublicKeyToken=7cec85d7bea7798e]]'.
2026-03-20 18:23:52.921 [INF] Microsoft.AspNetCore.Mvc.Infrastructure.ControllerActionInvoker | Executed action backend.Controllers.FaceAttendanceController.MatchEmbedding (backend) in 107.6644ms
2026-03-20 18:23:52.921 [INF] Microsoft.AspNetCore.Routing.EndpointMiddleware | Executed endpoint 'backend.Controllers.FaceAttendanceController.MatchEmbedding (backend)'
2026-03-20 18:23:52.921 [INF] Serilog.AspNetCore.RequestLoggingMiddleware | HTTP POST /api/FaceAttendance/match-embedding → 200 (107.8ms)
2026-03-20 18:23:52.921 [INF] Microsoft.AspNetCore.Hosting.Diagnostics | Request finished HTTP/1.1 POST http://localhost:5217/api/FaceAttendance/match-embedding - 200 null application/json; charset=utf-8 108.0206ms
2026-03-20 18:24:12.802 [INF] Microsoft.AspNetCore.Hosting.Diagnostics | Request starting HTTP/1.1 OPTIONS http://localhost:5217/api/FaceAttendance/match-embedding - null null
2026-03-20 18:24:12.802 [INF] Microsoft.AspNetCore.Cors.Infrastructure.CorsService | CORS policy execution successful.
2026-03-20 18:24:12.802 [INF] Microsoft.AspNetCore.Hosting.Diagnostics | Request finished HTTP/1.1 OPTIONS http://localhost:5217/api/FaceAttendance/match-embedding - 204 null null 0.2417ms
2026-03-20 18:24:12.805 [INF] Microsoft.AspNetCore.Hosting.Diagnostics | Request starting HTTP/1.1 POST http://localhost:5217/api/FaceAttendance/match-embedding - application/json 2616
2026-03-20 18:24:12.805 [INF] Microsoft.AspNetCore.Cors.Infrastructure.CorsService | CORS policy execution successful.
2026-03-20 18:24:12.805 [INF] Microsoft.AspNetCore.Routing.EndpointMiddleware | Executing endpoint 'backend.Controllers.FaceAttendanceController.MatchEmbedding (backend)'
2026-03-20 18:24:12.805 [INF] Microsoft.AspNetCore.Mvc.Infrastructure.ControllerActionInvoker | Route matched with {action = "MatchEmbedding", controller = "FaceAttendance"}. Executing controller action with signature System.Threading.Tasks.Task`1[Microsoft.AspNetCore.Mvc.IActionResult] MatchEmbedding(FaceMatchRequest) on controller backend.Controllers.FaceAttendanceController (backend).
2026-03-20 18:24:12.806 [INF] backend.Controllers.FaceAttendanceController | Matching face embedding using stored procedure...
2026-03-20 18:24:13.129 [WRN] backend.Controllers.FaceAttendanceController | No match found above threshold 0.95. Best was 0.8326
2026-03-20 18:24:13.129 [INF] Microsoft.AspNetCore.Mvc.Infrastructure.ObjectResultExecutor | Executing OkObjectResult, writing value of type '<>f__AnonymousType45`2[[System.String, System.Private.CoreLib, Version=10.0.0.0, Culture=neutral, PublicKeyToken=7cec85d7bea7798e],[System.String, System.Private.CoreLib, Version=10.0.0.0, Culture=neutral, PublicKeyToken=7cec85d7bea7798e]]'.
2026-03-20 18:24:13.129 [INF] Microsoft.AspNetCore.Mvc.Infrastructure.ControllerActionInvoker | Executed action backend.Controllers.FaceAttendanceController.MatchEmbedding (backend) in 323.8058ms
2026-03-20 18:24:13.129 [INF] Microsoft.AspNetCore.Routing.EndpointMiddleware | Executed endpoint 'backend.Controllers.FaceAttendanceController.MatchEmbedding (backend)'
2026-03-20 18:24:13.129 [INF] Serilog.AspNetCore.RequestLoggingMiddleware | HTTP POST /api/FaceAttendance/match-embedding → 200 (324.1ms)
2026-03-20 18:24:13.129 [INF] Microsoft.AspNetCore.Hosting.Diagnostics | Request finished HTTP/1.1 POST http://localhost:5217/api/FaceAttendance/match-embedding - 200 null application/json; charset=utf-8 324.4866ms
2026-03-20 18:24:25.572 [INF] Microsoft.Hosting.Lifetime | Application is shutting down...
2026-03-20 18:26:43.509 [INF]  | === ProDesX-HRM Backend Starting (Migrations Rev 5: Explicit Columns) ===
2026-03-20 18:26:43.920 [INF]  | === ProDesX-HRM Backend Starting (Migrations Rev 4: Clean GOs) ===
2026-03-20 18:26:44.764 [INF]  | [DB] Connected to: 103.235.104.197 | proxPayroll
2026-03-20 18:26:45.281 [INF]  | [DB] Database exists. Running migrations.sql...
2026-03-20 18:26:53.353 [WRN]  | [DB] Batch skipped in migrations.sql: Invalid column name 'EmployeeId'.
2026-03-20 18:26:53.450 [WRN]  | [DB] Batch skipped in migrations.sql: Invalid column name 'EmployeeId'.
2026-03-20 18:27:02.565 [INF]  | [DB] Finished running migrations.sql. 116 batches applied, 2 skipped.
2026-03-20 18:27:05.231 [WRN]  | [DB] Procedure apply skipped: Invalid column name 'EmployeeId'.
2026-03-20 18:27:05.330 [WRN]  | [DB] Procedure apply skipped: Invalid column name 'EmployeeId'.
2026-03-20 18:34:57.739 [WRN]  | [DB] Procedure apply skipped: A transport-level error has occurred when sending the request to the server. (provider: TCP Provider, error: 0 - An existing connection was forcibly closed by the remote host.)
2026-03-20 18:35:10.111 [INF]  | [DB] Procedures refreshed (CREATE OR ALTER). 95 applied, 3 skipped.
2026-03-20 18:35:10.111 [INF]  | [DB] Migrations complete.
2026-03-20 18:35:10.528 [INF]  | === Backend running at http://localhost:5217 ===
2026-03-20 18:35:10.555 [INF] Microsoft.AspNetCore.DataProtection.KeyManagement.XmlKeyManager | User profile is available. Using 'C:\Users\vasanth\AppData\Local\ASP.NET\DataProtection-Keys' as key repository and Windows DPAPI to encrypt keys at rest.
2026-03-20 18:35:10.570 [INF] backend.Services.ShiftScheduleBackgroundService | Shift Schedule Background Service is starting.
2026-03-20 18:35:10.699 [INF] Microsoft.Hosting.Lifetime | Now listening on: http://localhost:5217
2026-03-20 18:35:10.700 [INF] Microsoft.Hosting.Lifetime | Application started. Press Ctrl+C to shut down.
2026-03-20 18:35:10.700 [INF] Microsoft.Hosting.Lifetime | Hosting environment: Development
2026-03-20 18:35:10.700 [INF] Microsoft.Hosting.Lifetime | Content root path: C:\Repos_Work\Prodesx_HRM_Mobile_Application\backend
2026-03-20 18:35:17.913 [INF] Microsoft.AspNetCore.Hosting.Diagnostics | Request starting HTTP/1.1 OPTIONS http://localhost:5217/api/organizations - null null
2026-03-20 18:35:17.967 [INF] Microsoft.AspNetCore.Cors.Infrastructure.CorsService | CORS policy execution successful.
2026-03-20 18:35:17.974 [INF] Microsoft.AspNetCore.Hosting.Diagnostics | Request finished HTTP/1.1 OPTIONS http://localhost:5217/api/organizations - 204 null null 62.5628ms
2026-03-20 18:35:17.982 [INF] Microsoft.AspNetCore.Hosting.Diagnostics | Request starting HTTP/1.1 GET http://localhost:5217/api/organizations - application/json null
2026-03-20 18:35:17.987 [INF] Microsoft.AspNetCore.Cors.Infrastructure.CorsService | CORS policy execution successful.
2026-03-20 18:35:18.007 [WRN] Microsoft.AspNetCore.HttpsPolicy.HttpsRedirectionMiddleware | Failed to determine the https port for redirect.
2026-03-20 18:35:18.156 [INF] Microsoft.AspNetCore.Routing.EndpointMiddleware | Executing endpoint 'backend.Controllers.OrganizationsController.GetOrganizations (backend)'
2026-03-20 18:35:18.178 [INF] Microsoft.AspNetCore.Mvc.Infrastructure.ControllerActionInvoker | Route matched with {action = "GetOrganizations", controller = "Organizations"}. Executing controller action with signature System.Threading.Tasks.Task`1[Microsoft.AspNetCore.Mvc.IActionResult] GetOrganizations() on controller backend.Controllers.OrganizationsController (backend).
2026-03-20 18:35:18.184 [INF] backend.Controllers.OrganizationsController | [Orgs] GET all requested | Role=SuperAdmin | UserId=18
2026-03-20 18:35:18.331 [INF] Microsoft.AspNetCore.Mvc.Infrastructure.ObjectResultExecutor | Executing OkObjectResult, writing value of type 'System.Collections.Generic.List`1[[backend.Models.Organization, backend, Version=1.0.0.0, Culture=neutral, PublicKeyToken=null]]'.
2026-03-20 18:35:18.377 [INF] Microsoft.AspNetCore.Mvc.Infrastructure.ControllerActionInvoker | Executed action backend.Controllers.OrganizationsController.GetOrganizations (backend) in 191.9961ms
2026-03-20 18:35:18.377 [INF] Microsoft.AspNetCore.Routing.EndpointMiddleware | Executed endpoint 'backend.Controllers.OrganizationsController.GetOrganizations (backend)'
2026-03-20 18:35:18.381 [INF] Serilog.AspNetCore.RequestLoggingMiddleware | HTTP GET /api/organizations → 200 (225.6ms)
2026-03-20 18:35:18.385 [INF] Microsoft.AspNetCore.Hosting.Diagnostics | Request finished HTTP/1.1 GET http://localhost:5217/api/organizations - 200 null application/json; charset=utf-8 403.3466ms
2026-03-20 18:35:18.394 [INF] Microsoft.AspNetCore.Hosting.Diagnostics | Request starting HTTP/1.1 OPTIONS http://localhost:5217/api/leads - null null
2026-03-20 18:35:18.394 [INF] Microsoft.AspNetCore.Cors.Infrastructure.CorsService | CORS policy execution successful.
2026-03-20 18:35:18.395 [INF] Microsoft.AspNetCore.Hosting.Diagnostics | Request finished HTTP/1.1 OPTIONS http://localhost:5217/api/leads - 204 null null 0.7937ms
2026-03-20 18:35:18.396 [INF] Microsoft.AspNetCore.Hosting.Diagnostics | Request starting HTTP/1.1 GET http://localhost:5217/api/leads - application/json null
2026-03-20 18:35:18.396 [INF] Microsoft.AspNetCore.Cors.Infrastructure.CorsService | CORS policy execution successful.
2026-03-20 18:35:18.403 [INF] Microsoft.AspNetCore.Routing.EndpointMiddleware | Executing endpoint 'backend.Controllers.LeadsController.GetLeads (backend)'
2026-03-20 18:35:18.413 [INF] Microsoft.AspNetCore.Mvc.Infrastructure.ControllerActionInvoker | Route matched with {action = "GetLeads", controller = "Leads"}. Executing controller action with signature System.Threading.Tasks.Task`1[System.Collections.Generic.IEnumerable`1[backend.Models.Lead]] GetLeads() on controller backend.Controllers.LeadsController (backend).
2026-03-20 18:35:18.595 [INF] Microsoft.AspNetCore.Mvc.Infrastructure.ObjectResultExecutor | Executing ObjectResult, writing value of type 'System.Collections.Generic.List`1[[backend.Models.Lead, backend, Version=1.0.0.0, Culture=neutral, PublicKeyToken=null]]'.
2026-03-20 18:35:18.618 [INF] Microsoft.AspNetCore.Mvc.Infrastructure.ControllerActionInvoker | Executed action backend.Controllers.LeadsController.GetLeads (backend) in 204.1605ms
2026-03-20 18:35:18.618 [INF] Microsoft.AspNetCore.Routing.EndpointMiddleware | Executed endpoint 'backend.Controllers.LeadsController.GetLeads (backend)'
2026-03-20 18:35:18.618 [INF] Serilog.AspNetCore.RequestLoggingMiddleware | HTTP GET /api/leads → 200 (215.3ms)
2026-03-20 18:35:18.618 [INF] Microsoft.AspNetCore.Hosting.Diagnostics | Request finished HTTP/1.1 GET http://localhost:5217/api/leads - 200 null application/json; charset=utf-8 222.2795ms
2026-03-20 18:35:18.635 [INF] Microsoft.AspNetCore.Hosting.Diagnostics | Request starting HTTP/1.1 OPTIONS http://localhost:5217/api/employees?organizationId=2 - null null
2026-03-20 18:35:18.635 [INF] Microsoft.AspNetCore.Cors.Infrastructure.CorsService | CORS policy execution successful.
2026-03-20 18:35:18.635 [INF] Microsoft.AspNetCore.Hosting.Diagnostics | Request finished HTTP/1.1 OPTIONS http://localhost:5217/api/employees?organizationId=2 - 204 null null 0.3883ms
2026-03-20 18:35:18.638 [INF] Microsoft.AspNetCore.Hosting.Diagnostics | Request starting HTTP/1.1 GET http://localhost:5217/api/employees?organizationId=2 - application/json null
2026-03-20 18:35:18.638 [INF] Microsoft.AspNetCore.Cors.Infrastructure.CorsService | CORS policy execution successful.
2026-03-20 18:35:18.646 [INF] Microsoft.AspNetCore.Routing.EndpointMiddleware | Executing endpoint 'backend.Controllers.EmployeesController.GetEmployees (backend)'
2026-03-20 18:35:18.661 [INF] Microsoft.AspNetCore.Mvc.Infrastructure.ControllerActionInvoker | Route matched with {action = "GetEmployees", controller = "Employees"}. Executing controller action with signature System.Threading.Tasks.Task`1[Microsoft.AspNetCore.Mvc.IActionResult] GetEmployees(System.Nullable`1[System.Int32]) on controller backend.Controllers.EmployeesController (backend).
2026-03-20 18:35:18.677 [INF] backend.Controllers.EmployeesController | [Employees] GET all | TargetOrgId=2 | UserOrgId=2
2026-03-20 18:35:18.778 [INF] Microsoft.AspNetCore.Mvc.Infrastructure.ObjectResultExecutor | Executing OkObjectResult, writing value of type 'System.Collections.Generic.List`1[[backend.Models.Employee, backend, Version=1.0.0.0, Culture=neutral, PublicKeyToken=null]]'.
2026-03-20 18:35:18.799 [INF] Microsoft.AspNetCore.Mvc.Infrastructure.ControllerActionInvoker | Executed action backend.Controllers.EmployeesController.GetEmployees (backend) in 137.5213ms
2026-03-20 18:35:18.799 [INF] Microsoft.AspNetCore.Routing.EndpointMiddleware | Executed endpoint 'backend.Controllers.EmployeesController.GetEmployees (backend)'
2026-03-20 18:35:18.799 [INF] Serilog.AspNetCore.RequestLoggingMiddleware | HTTP GET /api/employees → 200 (153.0ms)
2026-03-20 18:35:18.799 [INF] Microsoft.AspNetCore.Hosting.Diagnostics | Request finished HTTP/1.1 GET http://localhost:5217/api/employees?organizationId=2 - 200 null application/json; charset=utf-8 161.4202ms
2026-03-20 18:35:18.809 [INF] Microsoft.AspNetCore.Hosting.Diagnostics | Request starting HTTP/1.1 OPTIONS http://localhost:5217/api/ShiftAssignments/roster?start=2026-03-20&end=2026-03-27&orgId=2 - null null
2026-03-20 18:35:18.809 [INF] Microsoft.AspNetCore.Cors.Infrastructure.CorsService | CORS policy execution successful.
2026-03-20 18:35:18.810 [INF] Microsoft.AspNetCore.Hosting.Diagnostics | Request finished HTTP/1.1 OPTIONS http://localhost:5217/api/ShiftAssignments/roster?start=2026-03-20&end=2026-03-27&orgId=2 - 204 null null 0.4765ms
2026-03-20 18:35:18.811 [INF] Microsoft.AspNetCore.Hosting.Diagnostics | Request starting HTTP/1.1 GET http://localhost:5217/api/ShiftAssignments/roster?start=2026-03-20&end=2026-03-27&orgId=2 - application/json null
2026-03-20 18:35:18.813 [INF] Microsoft.AspNetCore.Cors.Infrastructure.CorsService | CORS policy execution successful.
2026-03-20 18:35:18.813 [INF] Microsoft.AspNetCore.Routing.EndpointMiddleware | Executing endpoint 'backend.Controllers.ShiftAssignmentsController.GetMonthlyRosterFixed (backend)'
2026-03-20 18:35:18.823 [INF] Microsoft.AspNetCore.Mvc.Infrastructure.ControllerActionInvoker | Route matched with {action = "GetMonthlyRosterFixed", controller = "ShiftAssignments"}. Executing controller action with signature System.Threading.Tasks.Task`1[Microsoft.AspNetCore.Mvc.IActionResult] GetMonthlyRosterFixed(System.String, System.String, System.Nullable`1[System.Int32]) on controller backend.Controllers.ShiftAssignmentsController (backend).
2026-03-20 18:35:18.938 [INF] Microsoft.AspNetCore.Mvc.Infrastructure.ObjectResultExecutor | Executing OkObjectResult, writing value of type 'System.Collections.Generic.List`1[[backend.Models.EmployeeSchedule, backend, Version=1.0.0.0, Culture=neutral, PublicKeyToken=null]]'.
2026-03-20 18:35:18.946 [INF] Microsoft.AspNetCore.Mvc.Infrastructure.ControllerActionInvoker | Executed action backend.Controllers.ShiftAssignmentsController.GetMonthlyRosterFixed (backend) in 122.018ms
2026-03-20 18:35:18.946 [INF] Microsoft.AspNetCore.Routing.EndpointMiddleware | Executed endpoint 'backend.Controllers.ShiftAssignmentsController.GetMonthlyRosterFixed (backend)'
2026-03-20 18:35:18.946 [INF] Serilog.AspNetCore.RequestLoggingMiddleware | HTTP GET /api/ShiftAssignments/roster → 200 (132.4ms)
2026-03-20 18:35:18.946 [INF] Microsoft.AspNetCore.Hosting.Diagnostics | Request finished HTTP/1.1 GET http://localhost:5217/api/ShiftAssignments/roster?start=2026-03-20&end=2026-03-27&orgId=2 - 200 null application/json; charset=utf-8 134.3671ms
2026-03-20 18:35:18.956 [INF] Microsoft.AspNetCore.Hosting.Diagnostics | Request starting HTTP/1.1 OPTIONS http://localhost:5217/api/Attendance/status?employeeId=31&orgId=2 - null null
2026-03-20 18:35:18.956 [INF] Microsoft.AspNetCore.Cors.Infrastructure.CorsService | CORS policy execution successful.
2026-03-20 18:35:18.956 [INF] Microsoft.AspNetCore.Hosting.Diagnostics | Request finished HTTP/1.1 OPTIONS http://localhost:5217/api/Attendance/status?employeeId=31&orgId=2 - 204 null null 0.5313ms
2026-03-20 18:35:18.959 [INF] Microsoft.AspNetCore.Hosting.Diagnostics | Request starting HTTP/1.1 GET http://localhost:5217/api/Attendance/status?employeeId=31&orgId=2 - application/json null
2026-03-20 18:35:18.960 [INF] Microsoft.AspNetCore.Cors.Infrastructure.CorsService | CORS policy execution successful.
2026-03-20 18:35:18.961 [INF] Microsoft.AspNetCore.Routing.EndpointMiddleware | Executing endpoint 'backend.Controllers.AttendanceController.GetTodayStatus (backend)'
2026-03-20 18:35:18.974 [INF] Microsoft.AspNetCore.Mvc.Infrastructure.ControllerActionInvoker | Route matched with {action = "GetTodayStatus", controller = "Attendance"}. Executing controller action with signature System.Threading.Tasks.Task`1[Microsoft.AspNetCore.Mvc.IActionResult] GetTodayStatus(Int32, System.Nullable`1[System.Int32]) on controller backend.Controllers.AttendanceController (backend).
2026-03-20 18:35:19.527 [INF] Microsoft.AspNetCore.Mvc.Infrastructure.ObjectResultExecutor | Executing OkObjectResult, writing value of type 'backend.Models.AttendanceStatusResponse'.
2026-03-20 18:35:19.532 [INF] Microsoft.AspNetCore.Mvc.Infrastructure.ControllerActionInvoker | Executed action backend.Controllers.AttendanceController.GetTodayStatus (backend) in 557.3683ms
2026-03-20 18:35:19.532 [INF] Microsoft.AspNetCore.Routing.EndpointMiddleware | Executed endpoint 'backend.Controllers.AttendanceController.GetTodayStatus (backend)'
2026-03-20 18:35:19.532 [INF] Serilog.AspNetCore.RequestLoggingMiddleware | HTTP GET /api/Attendance/status → 200 (571.3ms)
2026-03-20 18:35:19.532 [INF] Microsoft.AspNetCore.Hosting.Diagnostics | Request finished HTTP/1.1 GET http://localhost:5217/api/Attendance/status?employeeId=31&orgId=2 - 200 null application/json; charset=utf-8 573.3577ms
2026-03-20 18:35:20.582 [INF] backend.Services.ShiftScheduleBackgroundService | Shift Schedule Background Service is running...
2026-03-20 18:35:30.764 [INF] Microsoft.AspNetCore.Hosting.Diagnostics | Request starting HTTP/1.1 OPTIONS http://localhost:5217/api/employees?organizationId=2 - null null
2026-03-20 18:35:30.764 [INF] Microsoft.AspNetCore.Cors.Infrastructure.CorsService | CORS policy execution successful.
2026-03-20 18:35:30.764 [INF] Microsoft.AspNetCore.Hosting.Diagnostics | Request finished HTTP/1.1 OPTIONS http://localhost:5217/api/employees?organizationId=2 - 204 null null 0.7545ms
2026-03-20 18:35:30.768 [INF] Microsoft.AspNetCore.Hosting.Diagnostics | Request starting HTTP/1.1 GET http://localhost:5217/api/employees?organizationId=2 - application/json null
2026-03-20 18:35:30.769 [INF] Microsoft.AspNetCore.Cors.Infrastructure.CorsService | CORS policy execution successful.
2026-03-20 18:35:30.770 [INF] Microsoft.AspNetCore.Routing.EndpointMiddleware | Executing endpoint 'backend.Controllers.EmployeesController.GetEmployees (backend)'
2026-03-20 18:35:30.770 [INF] Microsoft.AspNetCore.Mvc.Infrastructure.ControllerActionInvoker | Route matched with {action = "GetEmployees", controller = "Employees"}. Executing controller action with signature System.Threading.Tasks.Task`1[Microsoft.AspNetCore.Mvc.IActionResult] GetEmployees(System.Nullable`1[System.Int32]) on controller backend.Controllers.EmployeesController (backend).
2026-03-20 18:35:30.771 [INF] backend.Controllers.EmployeesController | [Employees] GET all | TargetOrgId=2 | UserOrgId=2
2026-03-20 18:35:31.347 [INF] Microsoft.AspNetCore.Mvc.Infrastructure.ObjectResultExecutor | Executing OkObjectResult, writing value of type 'System.Collections.Generic.List`1[[backend.Models.Employee, backend, Version=1.0.0.0, Culture=neutral, PublicKeyToken=null]]'.
2026-03-20 18:35:31.348 [INF] Microsoft.AspNetCore.Mvc.Infrastructure.ControllerActionInvoker | Executed action backend.Controllers.EmployeesController.GetEmployees (backend) in 577.5535ms
2026-03-20 18:35:31.348 [INF] Microsoft.AspNetCore.Routing.EndpointMiddleware | Executed endpoint 'backend.Controllers.EmployeesController.GetEmployees (backend)'
2026-03-20 18:35:31.348 [INF] Serilog.AspNetCore.RequestLoggingMiddleware | HTTP GET /api/employees → 200 (578.1ms)
2026-03-20 18:35:31.348 [INF] Microsoft.AspNetCore.Hosting.Diagnostics | Request finished HTTP/1.1 GET http://localhost:5217/api/employees?organizationId=2 - 200 null application/json; charset=utf-8 579.4031ms
2026-03-20 18:35:36.610 [INF] backend.Services.ShiftScheduleBackgroundService | Shift Schedule Background Service completed. Inserted 0 new schedules for the rolling 30-day window.
2026-03-20 18:35:42.316 [INF] Microsoft.AspNetCore.Hosting.Diagnostics | Request starting HTTP/1.1 OPTIONS http://localhost:5217/api/FaceAttendance/match-embedding - null null
2026-03-20 18:35:42.316 [INF] Microsoft.AspNetCore.Cors.Infrastructure.CorsService | CORS policy execution successful.
2026-03-20 18:35:42.316 [INF] Microsoft.AspNetCore.Hosting.Diagnostics | Request finished HTTP/1.1 OPTIONS http://localhost:5217/api/FaceAttendance/match-embedding - 204 null null 0.4079ms
2026-03-20 18:35:42.319 [INF] Microsoft.AspNetCore.Hosting.Diagnostics | Request starting HTTP/1.1 POST http://localhost:5217/api/FaceAttendance/match-embedding - application/json 2616
2026-03-20 18:35:42.321 [INF] Microsoft.AspNetCore.Cors.Infrastructure.CorsService | CORS policy execution successful.
2026-03-20 18:35:42.321 [INF] Microsoft.AspNetCore.Routing.EndpointMiddleware | Executing endpoint 'backend.Controllers.FaceAttendanceController.MatchEmbedding (backend)'
2026-03-20 18:35:42.334 [INF] Microsoft.AspNetCore.Mvc.Infrastructure.ControllerActionInvoker | Route matched with {action = "MatchEmbedding", controller = "FaceAttendance"}. Executing controller action with signature System.Threading.Tasks.Task`1[Microsoft.AspNetCore.Mvc.IActionResult] MatchEmbedding(FaceMatchRequest) on controller backend.Controllers.FaceAttendanceController (backend).
2026-03-20 18:35:42.374 [INF] backend.Controllers.FaceAttendanceController | Matching face embedding using stored procedure...
2026-03-20 18:35:42.701 [WRN] backend.Controllers.FaceAttendanceController | No match found above threshold 0.95. Best was 0.8467
2026-03-20 18:35:42.704 [INF] Microsoft.AspNetCore.Mvc.Infrastructure.ObjectResultExecutor | Executing OkObjectResult, writing value of type '<>f__AnonymousType45`2[[System.String, System.Private.CoreLib, Version=10.0.0.0, Culture=neutral, PublicKeyToken=7cec85d7bea7798e],[System.String, System.Private.CoreLib, Version=10.0.0.0, Culture=neutral, PublicKeyToken=7cec85d7bea7798e]]'.
2026-03-20 18:35:42.711 [INF] Microsoft.AspNetCore.Mvc.Infrastructure.ControllerActionInvoker | Executed action backend.Controllers.FaceAttendanceController.MatchEmbedding (backend) in 376.2696ms
2026-03-20 18:35:42.711 [INF] Microsoft.AspNetCore.Routing.EndpointMiddleware | Executed endpoint 'backend.Controllers.FaceAttendanceController.MatchEmbedding (backend)'
2026-03-20 18:35:42.711 [INF] Serilog.AspNetCore.RequestLoggingMiddleware | HTTP POST /api/FaceAttendance/match-embedding → 200 (389.9ms)
2026-03-20 18:35:42.711 [INF] Microsoft.AspNetCore.Hosting.Diagnostics | Request finished HTTP/1.1 POST http://localhost:5217/api/FaceAttendance/match-embedding - 200 null application/json; charset=utf-8 392.201ms
2026-03-20 18:36:10.667 [INF] Microsoft.AspNetCore.Hosting.Diagnostics | Request starting HTTP/1.1 OPTIONS http://localhost:5217/api/FaceAttendance/match-embedding - null null
2026-03-20 18:36:10.668 [INF] Microsoft.AspNetCore.Cors.Infrastructure.CorsService | CORS policy execution successful.
2026-03-20 18:36:10.668 [INF] Microsoft.AspNetCore.Hosting.Diagnostics | Request finished HTTP/1.1 OPTIONS http://localhost:5217/api/FaceAttendance/match-embedding - 204 null null 1.0563ms
2026-03-20 18:36:10.670 [INF] Microsoft.AspNetCore.Hosting.Diagnostics | Request starting HTTP/1.1 POST http://localhost:5217/api/FaceAttendance/match-embedding - application/json 2628
2026-03-20 18:36:10.674 [INF] Microsoft.AspNetCore.Cors.Infrastructure.CorsService | CORS policy execution successful.
2026-03-20 18:36:10.674 [INF] Microsoft.AspNetCore.Routing.EndpointMiddleware | Executing endpoint 'backend.Controllers.FaceAttendanceController.MatchEmbedding (backend)'
2026-03-20 18:36:10.680 [INF] Microsoft.AspNetCore.Mvc.Infrastructure.ControllerActionInvoker | Route matched with {action = "MatchEmbedding", controller = "FaceAttendance"}. Executing controller action with signature System.Threading.Tasks.Task`1[Microsoft.AspNetCore.Mvc.IActionResult] MatchEmbedding(FaceMatchRequest) on controller backend.Controllers.FaceAttendanceController (backend).
2026-03-20 18:36:10.685 [INF] backend.Controllers.FaceAttendanceController | Matching face embedding using stored procedure...
2026-03-20 18:36:10.803 [INF] backend.Controllers.FaceAttendanceController | Match found: VASANTHAKUMAR B (Emp1235) Conf: 83.63%
2026-03-20 18:36:10.804 [INF] Microsoft.AspNetCore.Mvc.Infrastructure.ObjectResultExecutor | Executing OkObjectResult, writing value of type '<>f__AnonymousType47`6[[System.String, System.Private.CoreLib, Version=10.0.0.0, Culture=neutral, PublicKeyToken=7cec85d7bea7798e],[System.String, System.Private.CoreLib, Version=10.0.0.0, Culture=neutral, PublicKeyToken=7cec85d7bea7798e],[System.String, System.Private.CoreLib, Version=10.0.0.0, Culture=neutral, PublicKeyToken=7cec85d7bea7798e],[System.String, System.Private.CoreLib, Version=10.0.0.0, Culture=neutral, PublicKeyToken=7cec85d7bea7798e],[System.String, System.Private.CoreLib, Version=10.0.0.0, Culture=neutral, PublicKeyToken=7cec85d7bea7798e],[System.Double, System.Private.CoreLib, Version=10.0.0.0, Culture=neutral, PublicKeyToken=7cec85d7bea7798e]]'.
2026-03-20 18:36:10.807 [INF] Microsoft.AspNetCore.Mvc.Infrastructure.ControllerActionInvoker | Executed action backend.Controllers.FaceAttendanceController.MatchEmbedding (backend) in 127.3578ms
2026-03-20 18:36:10.807 [INF] Microsoft.AspNetCore.Routing.EndpointMiddleware | Executed endpoint 'backend.Controllers.FaceAttendanceController.MatchEmbedding (backend)'
2026-03-20 18:36:10.808 [INF] Serilog.AspNetCore.RequestLoggingMiddleware | HTTP POST /api/FaceAttendance/match-embedding → 200 (133.2ms)
2026-03-20 18:36:10.808 [INF] Microsoft.AspNetCore.Hosting.Diagnostics | Request finished HTTP/1.1 POST http://localhost:5217/api/FaceAttendance/match-embedding - 200 null application/json; charset=utf-8 137.3785ms
2026-03-20 18:36:10.869 [INF] Microsoft.AspNetCore.Hosting.Diagnostics | Request starting HTTP/1.1 OPTIONS http://localhost:5217/api/FaceAttendance/mark - null null
2026-03-20 18:36:10.869 [INF] Microsoft.AspNetCore.Cors.Infrastructure.CorsService | CORS policy execution successful.
2026-03-20 18:36:10.869 [INF] Microsoft.AspNetCore.Hosting.Diagnostics | Request finished HTTP/1.1 OPTIONS http://localhost:5217/api/FaceAttendance/mark - 204 null null 0.3944ms
2026-03-20 18:36:10.871 [INF] Microsoft.AspNetCore.Hosting.Diagnostics | Request starting HTTP/1.1 POST http://localhost:5217/api/FaceAttendance/mark - application/json 78
2026-03-20 18:36:10.871 [INF] Microsoft.AspNetCore.Cors.Infrastructure.CorsService | CORS policy execution successful.
2026-03-20 18:36:10.871 [INF] Microsoft.AspNetCore.Routing.EndpointMiddleware | Executing endpoint 'backend.Controllers.FaceAttendanceController.MarkFaceAttendance (backend)'
2026-03-20 18:36:10.877 [INF] Microsoft.AspNetCore.Mvc.Infrastructure.ControllerActionInvoker | Route matched with {action = "MarkFaceAttendance", controller = "FaceAttendance"}. Executing controller action with signature System.Threading.Tasks.Task`1[Microsoft.AspNetCore.Mvc.IActionResult] MarkFaceAttendance(FaceAttendanceRequest) on controller backend.Controllers.FaceAttendanceController (backend).
2026-03-20 18:36:10.885 [INF] backend.Controllers.FaceAttendanceController | Marking attendance for Emp1235
2026-03-20 18:36:10.992 [INF] Microsoft.AspNetCore.Mvc.Infrastructure.ObjectResultExecutor | Executing OkObjectResult, writing value of type '<>f__AnonymousType45`2[[System.String, System.Private.CoreLib, Version=10.0.0.0, Culture=neutral, PublicKeyToken=7cec85d7bea7798e],[System.String, System.Private.CoreLib, Version=10.0.0.0, Culture=neutral, PublicKeyToken=7cec85d7bea7798e]]'.
2026-03-20 18:36:10.993 [INF] Microsoft.AspNetCore.Mvc.Infrastructure.ControllerActionInvoker | Executed action backend.Controllers.FaceAttendanceController.MarkFaceAttendance (backend) in 115.8197ms
2026-03-20 18:36:10.993 [INF] Microsoft.AspNetCore.Routing.EndpointMiddleware | Executed endpoint 'backend.Controllers.FaceAttendanceController.MarkFaceAttendance (backend)'
2026-03-20 18:36:10.993 [INF] Serilog.AspNetCore.RequestLoggingMiddleware | HTTP POST /api/FaceAttendance/mark → 200 (122.2ms)
2026-03-20 18:36:10.994 [INF] Microsoft.AspNetCore.Hosting.Diagnostics | Request finished HTTP/1.1 POST http://localhost:5217/api/FaceAttendance/mark - 200 null application/json; charset=utf-8 122.5101ms
2026-03-20 18:36:35.553 [INF] Microsoft.AspNetCore.Hosting.Diagnostics | Request starting HTTP/1.1 OPTIONS http://localhost:5217/api/FaceAttendance/match-embedding - null null
2026-03-20 18:36:35.553 [INF] Microsoft.AspNetCore.Cors.Infrastructure.CorsService | CORS policy execution successful.
2026-03-20 18:36:35.554 [INF] Microsoft.AspNetCore.Hosting.Diagnostics | Request finished HTTP/1.1 OPTIONS http://localhost:5217/api/FaceAttendance/match-embedding - 204 null null 0.4337ms
2026-03-20 18:36:35.555 [INF] Microsoft.AspNetCore.Hosting.Diagnostics | Request starting HTTP/1.1 POST http://localhost:5217/api/FaceAttendance/match-embedding - application/json 2610
2026-03-20 18:36:35.555 [INF] Microsoft.AspNetCore.Cors.Infrastructure.CorsService | CORS policy execution successful.
2026-03-20 18:36:35.556 [INF] Microsoft.AspNetCore.Routing.EndpointMiddleware | Executing endpoint 'backend.Controllers.FaceAttendanceController.MatchEmbedding (backend)'
2026-03-20 18:36:35.556 [INF] Microsoft.AspNetCore.Mvc.Infrastructure.ControllerActionInvoker | Route matched with {action = "MatchEmbedding", controller = "FaceAttendance"}. Executing controller action with signature System.Threading.Tasks.Task`1[Microsoft.AspNetCore.Mvc.IActionResult] MatchEmbedding(FaceMatchRequest) on controller backend.Controllers.FaceAttendanceController (backend).
2026-03-20 18:36:35.556 [INF] backend.Controllers.FaceAttendanceController | Matching face embedding using stored procedure...
2026-03-20 18:36:35.713 [INF] backend.Controllers.FaceAttendanceController | Match found: VASANTHAKUMAR B (Emp1235) Conf: 79.74%
2026-03-20 18:36:35.713 [INF] Microsoft.AspNetCore.Mvc.Infrastructure.ObjectResultExecutor | Executing OkObjectResult, writing value of type '<>f__AnonymousType47`6[[System.String, System.Private.CoreLib, Version=10.0.0.0, Culture=neutral, PublicKeyToken=7cec85d7bea7798e],[System.String, System.Private.CoreLib, Version=10.0.0.0, Culture=neutral, PublicKeyToken=7cec85d7bea7798e],[System.String, System.Private.CoreLib, Version=10.0.0.0, Culture=neutral, PublicKeyToken=7cec85d7bea7798e],[System.String, System.Private.CoreLib, Version=10.0.0.0, Culture=neutral, PublicKeyToken=7cec85d7bea7798e],[System.String, System.Private.CoreLib, Version=10.0.0.0, Culture=neutral, PublicKeyToken=7cec85d7bea7798e],[System.Double, System.Private.CoreLib, Version=10.0.0.0, Culture=neutral, PublicKeyToken=7cec85d7bea7798e]]'.
2026-03-20 18:36:35.713 [INF] Microsoft.AspNetCore.Mvc.Infrastructure.ControllerActionInvoker | Executed action backend.Controllers.FaceAttendanceController.MatchEmbedding (backend) in 157.6159ms
2026-03-20 18:36:35.714 [INF] Microsoft.AspNetCore.Routing.EndpointMiddleware | Executed endpoint 'backend.Controllers.FaceAttendanceController.MatchEmbedding (backend)'
2026-03-20 18:36:35.714 [INF] Serilog.AspNetCore.RequestLoggingMiddleware | HTTP POST /api/FaceAttendance/match-embedding → 200 (158.0ms)
2026-03-20 18:36:35.714 [INF] Microsoft.AspNetCore.Hosting.Diagnostics | Request finished HTTP/1.1 POST http://localhost:5217/api/FaceAttendance/match-embedding - 200 null application/json; charset=utf-8 158.4608ms
2026-03-20 18:36:35.733 [INF] Microsoft.AspNetCore.Hosting.Diagnostics | Request starting HTTP/1.1 OPTIONS http://localhost:5217/api/FaceAttendance/mark - null null
2026-03-20 18:36:35.734 [INF] Microsoft.AspNetCore.Cors.Infrastructure.CorsService | CORS policy execution successful.
2026-03-20 18:36:35.734 [INF] Microsoft.AspNetCore.Hosting.Diagnostics | Request finished HTTP/1.1 OPTIONS http://localhost:5217/api/FaceAttendance/mark - 204 null null 0.3547ms
2026-03-20 18:36:35.735 [INF] Microsoft.AspNetCore.Hosting.Diagnostics | Request starting HTTP/1.1 POST http://localhost:5217/api/FaceAttendance/mark - application/json 78
2026-03-20 18:36:35.735 [INF] Microsoft.AspNetCore.Cors.Infrastructure.CorsService | CORS policy execution successful.
2026-03-20 18:36:35.736 [INF] Microsoft.AspNetCore.Routing.EndpointMiddleware | Executing endpoint 'backend.Controllers.FaceAttendanceController.MarkFaceAttendance (backend)'
2026-03-20 18:36:35.736 [INF] Microsoft.AspNetCore.Mvc.Infrastructure.ControllerActionInvoker | Route matched with {action = "MarkFaceAttendance", controller = "FaceAttendance"}. Executing controller action with signature System.Threading.Tasks.Task`1[Microsoft.AspNetCore.Mvc.IActionResult] MarkFaceAttendance(FaceAttendanceRequest) on controller backend.Controllers.FaceAttendanceController (backend).
2026-03-20 18:36:35.736 [INF] backend.Controllers.FaceAttendanceController | Marking attendance for Emp1235
2026-03-20 18:36:35.860 [INF] Microsoft.AspNetCore.Mvc.Infrastructure.ObjectResultExecutor | Executing OkObjectResult, writing value of type '<>f__AnonymousType45`2[[System.String, System.Private.CoreLib, Version=10.0.0.0, Culture=neutral, PublicKeyToken=7cec85d7bea7798e],[System.String, System.Private.CoreLib, Version=10.0.0.0, Culture=neutral, PublicKeyToken=7cec85d7bea7798e]]'.
2026-03-20 18:36:35.860 [INF] Microsoft.AspNetCore.Mvc.Infrastructure.ControllerActionInvoker | Executed action backend.Controllers.FaceAttendanceController.MarkFaceAttendance (backend) in 124.2428ms
2026-03-20 18:36:35.860 [INF] Microsoft.AspNetCore.Routing.EndpointMiddleware | Executed endpoint 'backend.Controllers.FaceAttendanceController.MarkFaceAttendance (backend)'
2026-03-20 18:36:35.860 [INF] Serilog.AspNetCore.RequestLoggingMiddleware | HTTP POST /api/FaceAttendance/mark → 200 (124.5ms)
2026-03-20 18:36:35.860 [INF] Microsoft.AspNetCore.Hosting.Diagnostics | Request finished HTTP/1.1 POST http://localhost:5217/api/FaceAttendance/mark - 200 null application/json; charset=utf-8 124.9251ms
2026-03-20 18:36:58.706 [INF] Microsoft.Hosting.Lifetime | Application is shutting down...
2026-03-20 18:37:21.745 [INF]  | === ProDesX-HRM Backend Starting (Migrations Rev 5: Explicit Columns) ===
2026-03-20 18:37:22.136 [INF]  | === ProDesX-HRM Backend Starting (Migrations Rev 4: Clean GOs) ===
2026-03-20 18:37:22.828 [INF]  | [DB] Connected to: 103.235.104.197 | proxPayroll
2026-03-20 18:37:23.018 [INF]  | [DB] Database exists. Running migrations.sql...
2026-03-20 18:37:29.150 [WRN]  | [DB] Batch skipped in migrations.sql: Invalid column name 'EmployeeId'.
2026-03-20 18:37:29.254 [WRN]  | [DB] Batch skipped in migrations.sql: Invalid column name 'EmployeeId'.
2026-03-20 18:37:38.466 [INF]  | [DB] Finished running migrations.sql. 116 batches applied, 2 skipped.
2026-03-20 18:37:41.478 [WRN]  | [DB] Procedure apply skipped: Invalid column name 'EmployeeId'.
2026-03-20 18:37:41.558 [WRN]  | [DB] Procedure apply skipped: Invalid column name 'EmployeeId'.
2026-03-20 18:37:50.857 [INF]  | [DB] Procedures refreshed (CREATE OR ALTER). 96 applied, 2 skipped.
2026-03-20 18:37:50.858 [INF]  | [DB] Migrations complete.
2026-03-20 18:37:51.258 [INF]  | === Backend running at http://localhost:5217 ===
2026-03-20 18:37:51.283 [INF] Microsoft.AspNetCore.DataProtection.KeyManagement.XmlKeyManager | User profile is available. Using 'C:\Users\vasanth\AppData\Local\ASP.NET\DataProtection-Keys' as key repository and Windows DPAPI to encrypt keys at rest.
2026-03-20 18:37:51.298 [INF] backend.Services.ShiftScheduleBackgroundService | Shift Schedule Background Service is starting.
2026-03-20 18:37:51.402 [INF] Microsoft.Hosting.Lifetime | Now listening on: http://localhost:5217
2026-03-20 18:37:51.402 [INF] Microsoft.Hosting.Lifetime | Application started. Press Ctrl+C to shut down.
2026-03-20 18:37:51.402 [INF] Microsoft.Hosting.Lifetime | Hosting environment: Development
2026-03-20 18:37:51.402 [INF] Microsoft.Hosting.Lifetime | Content root path: C:\Repos_Work\Prodesx_HRM_Mobile_Application\backend
2026-03-20 18:37:54.983 [INF] Microsoft.AspNetCore.Hosting.Diagnostics | Request starting HTTP/1.1 OPTIONS http://localhost:5217/api/FaceAttendance/match-embedding - null null
2026-03-20 18:37:55.053 [INF] Microsoft.AspNetCore.Cors.Infrastructure.CorsService | CORS policy execution successful.
2026-03-20 18:37:55.062 [INF] Microsoft.AspNetCore.Hosting.Diagnostics | Request finished HTTP/1.1 OPTIONS http://localhost:5217/api/FaceAttendance/match-embedding - 204 null null 82.5694ms
2026-03-20 18:37:55.071 [INF] Microsoft.AspNetCore.Hosting.Diagnostics | Request starting HTTP/1.1 POST http://localhost:5217/api/FaceAttendance/match-embedding - application/json 2621
2026-03-20 18:37:55.078 [INF] Microsoft.AspNetCore.Cors.Infrastructure.CorsService | CORS policy execution successful.
2026-03-20 18:37:55.106 [WRN] Microsoft.AspNetCore.HttpsPolicy.HttpsRedirectionMiddleware | Failed to determine the https port for redirect.
2026-03-20 18:37:55.151 [INF] Microsoft.AspNetCore.Routing.EndpointMiddleware | Executing endpoint 'backend.Controllers.FaceAttendanceController.MatchEmbedding (backend)'
2026-03-20 18:37:55.190 [INF] Microsoft.AspNetCore.Mvc.Infrastructure.ControllerActionInvoker | Route matched with {action = "MatchEmbedding", controller = "FaceAttendance"}. Executing controller action with signature System.Threading.Tasks.Task`1[Microsoft.AspNetCore.Mvc.IActionResult] MatchEmbedding(FaceMatchRequest) on controller backend.Controllers.FaceAttendanceController (backend).
2026-03-20 18:37:55.311 [INF] backend.Controllers.FaceAttendanceController | Matching face embedding using stored procedure...
2026-03-20 18:37:55.570 [INF] backend.Controllers.FaceAttendanceController | Match found: VASANTHAKUMAR B (Emp1235) Conf: 85.17%
2026-03-20 18:37:55.577 [INF] Microsoft.AspNetCore.Mvc.Infrastructure.ObjectResultExecutor | Executing OkObjectResult, writing value of type '<>f__AnonymousType47`6[[System.String, System.Private.CoreLib, Version=10.0.0.0, Culture=neutral, PublicKeyToken=7cec85d7bea7798e],[System.String, System.Private.CoreLib, Version=10.0.0.0, Culture=neutral, PublicKeyToken=7cec85d7bea7798e],[System.String, System.Private.CoreLib, Version=10.0.0.0, Culture=neutral, PublicKeyToken=7cec85d7bea7798e],[System.String, System.Private.CoreLib, Version=10.0.0.0, Culture=neutral, PublicKeyToken=7cec85d7bea7798e],[System.String, System.Private.CoreLib, Version=10.0.0.0, Culture=neutral, PublicKeyToken=7cec85d7bea7798e],[System.Double, System.Private.CoreLib, Version=10.0.0.0, Culture=neutral, PublicKeyToken=7cec85d7bea7798e]]'.
2026-03-20 18:37:55.596 [INF] Microsoft.AspNetCore.Mvc.Infrastructure.ControllerActionInvoker | Executed action backend.Controllers.FaceAttendanceController.MatchEmbedding (backend) in 401.6991ms
2026-03-20 18:37:55.596 [INF] Microsoft.AspNetCore.Routing.EndpointMiddleware | Executed endpoint 'backend.Controllers.FaceAttendanceController.MatchEmbedding (backend)'
2026-03-20 18:37:55.599 [INF] Serilog.AspNetCore.RequestLoggingMiddleware | HTTP POST /api/FaceAttendance/match-embedding → 200 (450.7ms)
2026-03-20 18:37:55.605 [INF] Microsoft.AspNetCore.Hosting.Diagnostics | Request finished HTTP/1.1 POST http://localhost:5217/api/FaceAttendance/match-embedding - 200 null application/json; charset=utf-8 534.6611ms
2026-03-20 18:37:55.617 [INF] Microsoft.AspNetCore.Hosting.Diagnostics | Request starting HTTP/1.1 OPTIONS http://localhost:5217/api/FaceAttendance/mark - null null
2026-03-20 18:37:55.618 [INF] Microsoft.AspNetCore.Cors.Infrastructure.CorsService | CORS policy execution successful.
2026-03-20 18:37:55.619 [INF] Microsoft.AspNetCore.Hosting.Diagnostics | Request finished HTTP/1.1 OPTIONS http://localhost:5217/api/FaceAttendance/mark - 204 null null 1.4106ms
2026-03-20 18:37:55.621 [INF] Microsoft.AspNetCore.Hosting.Diagnostics | Request starting HTTP/1.1 POST http://localhost:5217/api/FaceAttendance/mark - application/json 78
2026-03-20 18:37:55.621 [INF] Microsoft.AspNetCore.Cors.Infrastructure.CorsService | CORS policy execution successful.
2026-03-20 18:37:55.623 [INF] Microsoft.AspNetCore.Routing.EndpointMiddleware | Executing endpoint 'backend.Controllers.FaceAttendanceController.MarkFaceAttendance (backend)'
2026-03-20 18:37:55.632 [INF] Microsoft.AspNetCore.Mvc.Infrastructure.ControllerActionInvoker | Route matched with {action = "MarkFaceAttendance", controller = "FaceAttendance"}. Executing controller action with signature System.Threading.Tasks.Task`1[Microsoft.AspNetCore.Mvc.IActionResult] MarkFaceAttendance(FaceAttendanceRequest) on controller backend.Controllers.FaceAttendanceController (backend).
2026-03-20 18:37:55.652 [INF] backend.Controllers.FaceAttendanceController | Marking attendance for Emp1235
2026-03-20 18:37:55.781 [INF] Microsoft.AspNetCore.Mvc.Infrastructure.ObjectResultExecutor | Executing OkObjectResult, writing value of type '<>f__AnonymousType45`2[[System.String, System.Private.CoreLib, Version=10.0.0.0, Culture=neutral, PublicKeyToken=7cec85d7bea7798e],[System.String, System.Private.CoreLib, Version=10.0.0.0, Culture=neutral, PublicKeyToken=7cec85d7bea7798e]]'.
2026-03-20 18:37:55.782 [INF] Microsoft.AspNetCore.Mvc.Infrastructure.ControllerActionInvoker | Executed action backend.Controllers.FaceAttendanceController.MarkFaceAttendance (backend) in 150.4723ms
2026-03-20 18:37:55.783 [INF] Microsoft.AspNetCore.Routing.EndpointMiddleware | Executed endpoint 'backend.Controllers.FaceAttendanceController.MarkFaceAttendance (backend)'
2026-03-20 18:37:55.783 [INF] Serilog.AspNetCore.RequestLoggingMiddleware | HTTP POST /api/FaceAttendance/mark → 200 (159.3ms)
2026-03-20 18:37:55.783 [INF] Microsoft.AspNetCore.Hosting.Diagnostics | Request finished HTTP/1.1 POST http://localhost:5217/api/FaceAttendance/mark - 200 null application/json; charset=utf-8 161.728ms
2026-03-20 18:38:01.299 [INF] backend.Services.ShiftScheduleBackgroundService | Shift Schedule Background Service is running...
2026-03-20 18:38:10.736 [INF] Microsoft.AspNetCore.Hosting.Diagnostics | Request starting HTTP/1.1 OPTIONS http://localhost:5217/api/FaceAttendance/match-embedding - null null
2026-03-20 18:38:10.737 [INF] Microsoft.AspNetCore.Cors.Infrastructure.CorsService | CORS policy execution successful.
2026-03-20 18:38:10.737 [INF] Microsoft.AspNetCore.Hosting.Diagnostics | Request finished HTTP/1.1 OPTIONS http://localhost:5217/api/FaceAttendance/match-embedding - 204 null null 0.6082ms
2026-03-20 18:38:10.740 [INF] Microsoft.AspNetCore.Hosting.Diagnostics | Request starting HTTP/1.1 POST http://localhost:5217/api/FaceAttendance/match-embedding - application/json 2610
2026-03-20 18:38:10.740 [INF] Microsoft.AspNetCore.Cors.Infrastructure.CorsService | CORS policy execution successful.
2026-03-20 18:38:10.746 [INF] Microsoft.AspNetCore.Routing.EndpointMiddleware | Executing endpoint 'backend.Controllers.FaceAttendanceController.MatchEmbedding (backend)'
2026-03-20 18:38:10.746 [INF] Microsoft.AspNetCore.Mvc.Infrastructure.ControllerActionInvoker | Route matched with {action = "MatchEmbedding", controller = "FaceAttendance"}. Executing controller action with signature System.Threading.Tasks.Task`1[Microsoft.AspNetCore.Mvc.IActionResult] MatchEmbedding(FaceMatchRequest) on controller backend.Controllers.FaceAttendanceController (backend).
2026-03-20 18:38:10.747 [INF] backend.Controllers.FaceAttendanceController | Matching face embedding using stored procedure...
2026-03-20 18:38:11.941 [INF] backend.Controllers.FaceAttendanceController | Match found: VASANTHAKUMAR B (Emp1235) Conf: 83.73%
2026-03-20 18:38:11.942 [INF] Microsoft.AspNetCore.Mvc.Infrastructure.ObjectResultExecutor | Executing OkObjectResult, writing value of type '<>f__AnonymousType47`6[[System.String, System.Private.CoreLib, Version=10.0.0.0, Culture=neutral, PublicKeyToken=7cec85d7bea7798e],[System.String, System.Private.CoreLib, Version=10.0.0.0, Culture=neutral, PublicKeyToken=7cec85d7bea7798e],[System.String, System.Private.CoreLib, Version=10.0.0.0, Culture=neutral, PublicKeyToken=7cec85d7bea7798e],[System.String, System.Private.CoreLib, Version=10.0.0.0, Culture=neutral, PublicKeyToken=7cec85d7bea7798e],[System.String, System.Private.CoreLib, Version=10.0.0.0, Culture=neutral, PublicKeyToken=7cec85d7bea7798e],[System.Double, System.Private.CoreLib, Version=10.0.0.0, Culture=neutral, PublicKeyToken=7cec85d7bea7798e]]'.
2026-03-20 18:38:11.942 [INF] Microsoft.AspNetCore.Mvc.Infrastructure.ControllerActionInvoker | Executed action backend.Controllers.FaceAttendanceController.MatchEmbedding (backend) in 1195.8069ms
2026-03-20 18:38:11.942 [INF] Microsoft.AspNetCore.Routing.EndpointMiddleware | Executed endpoint 'backend.Controllers.FaceAttendanceController.MatchEmbedding (backend)'
2026-03-20 18:38:11.942 [INF] Serilog.AspNetCore.RequestLoggingMiddleware | HTTP POST /api/FaceAttendance/match-embedding → 200 (1196.3ms)
2026-03-20 18:38:11.942 [INF] Microsoft.AspNetCore.Hosting.Diagnostics | Request finished HTTP/1.1 POST http://localhost:5217/api/FaceAttendance/match-embedding - 200 null application/json; charset=utf-8 1202.7036ms
2026-03-20 18:38:11.950 [INF] Microsoft.AspNetCore.Hosting.Diagnostics | Request starting HTTP/1.1 OPTIONS http://localhost:5217/api/FaceAttendance/mark - null null
2026-03-20 18:38:11.950 [INF] Microsoft.AspNetCore.Cors.Infrastructure.CorsService | CORS policy execution successful.
2026-03-20 18:38:11.950 [INF] Microsoft.AspNetCore.Hosting.Diagnostics | Request finished HTTP/1.1 OPTIONS http://localhost:5217/api/FaceAttendance/mark - 204 null null 0.4759ms
2026-03-20 18:38:11.952 [INF] Microsoft.AspNetCore.Hosting.Diagnostics | Request starting HTTP/1.1 POST http://localhost:5217/api/FaceAttendance/mark - application/json 78
2026-03-20 18:38:11.952 [INF] Microsoft.AspNetCore.Cors.Infrastructure.CorsService | CORS policy execution successful.
2026-03-20 18:38:11.953 [INF] Microsoft.AspNetCore.Routing.EndpointMiddleware | Executing endpoint 'backend.Controllers.FaceAttendanceController.MarkFaceAttendance (backend)'
2026-03-20 18:38:11.953 [INF] Microsoft.AspNetCore.Mvc.Infrastructure.ControllerActionInvoker | Route matched with {action = "MarkFaceAttendance", controller = "FaceAttendance"}. Executing controller action with signature System.Threading.Tasks.Task`1[Microsoft.AspNetCore.Mvc.IActionResult] MarkFaceAttendance(FaceAttendanceRequest) on controller backend.Controllers.FaceAttendanceController (backend).
2026-03-20 18:38:11.953 [INF] backend.Controllers.FaceAttendanceController | Marking attendance for Emp1235
2026-03-20 18:38:12.190 [INF] Microsoft.AspNetCore.Mvc.Infrastructure.ObjectResultExecutor | Executing OkObjectResult, writing value of type '<>f__AnonymousType45`2[[System.String, System.Private.CoreLib, Version=10.0.0.0, Culture=neutral, PublicKeyToken=7cec85d7bea7798e],[System.String, System.Private.CoreLib, Version=10.0.0.0, Culture=neutral, PublicKeyToken=7cec85d7bea7798e]]'.
2026-03-20 18:38:12.190 [INF] Microsoft.AspNetCore.Mvc.Infrastructure.ControllerActionInvoker | Executed action backend.Controllers.FaceAttendanceController.MarkFaceAttendance (backend) in 237.7001ms
2026-03-20 18:38:12.191 [INF] Microsoft.AspNetCore.Routing.EndpointMiddleware | Executed endpoint 'backend.Controllers.FaceAttendanceController.MarkFaceAttendance (backend)'
2026-03-20 18:38:12.191 [INF] Serilog.AspNetCore.RequestLoggingMiddleware | HTTP POST /api/FaceAttendance/mark → 200 (238.0ms)
2026-03-20 18:38:12.191 [INF] Microsoft.AspNetCore.Hosting.Diagnostics | Request finished HTTP/1.1 POST http://localhost:5217/api/FaceAttendance/mark - 200 null application/json; charset=utf-8 238.497ms
2026-03-20 18:38:21.031 [INF] backend.Services.ShiftScheduleBackgroundService | Shift Schedule Background Service completed. Inserted 0 new schedules for the rolling 30-day window.
2026-03-20 19:02:09.924 [INF] Microsoft.AspNetCore.Hosting.Diagnostics | Request starting HTTP/1.1 OPTIONS http://localhost:5217/api/auth/login - null null
2026-03-20 19:02:09.924 [INF] Microsoft.AspNetCore.Cors.Infrastructure.CorsService | CORS policy execution successful.
2026-03-20 19:02:09.925 [INF] Microsoft.AspNetCore.Hosting.Diagnostics | Request finished HTTP/1.1 OPTIONS http://localhost:5217/api/auth/login - 204 null null 0.8111ms
2026-03-20 19:02:09.926 [INF] Microsoft.AspNetCore.Hosting.Diagnostics | Request starting HTTP/1.1 POST http://localhost:5217/api/auth/login - application/json 62
2026-03-20 19:02:09.932 [INF] Microsoft.AspNetCore.Cors.Infrastructure.CorsService | CORS policy execution successful.
2026-03-20 19:02:09.932 [INF] Microsoft.AspNetCore.Routing.EndpointMiddleware | Executing endpoint 'backend.Controllers.AuthController.Login (backend)'
2026-03-20 19:02:09.942 [INF] Microsoft.AspNetCore.Mvc.Infrastructure.ControllerActionInvoker | Route matched with {action = "Login", controller = "Auth"}. Executing controller action with signature System.Threading.Tasks.Task`1[Microsoft.AspNetCore.Mvc.IActionResult] Login(backend.Models.LoginRequest) on controller backend.Controllers.AuthController (backend).
2026-03-20 19:02:09.965 [INF] backend.Controllers.AuthController | [Auth] Login attempt | Email=vasanth2004vk@gmail.com
2026-03-20 19:02:12.786 [INF] backend.Controllers.AuthController | [Auth] User login session recorded | UserId=18 | TokenExpiry="2026-03-21T13:32:12.4751898Z"
2026-03-20 19:02:12.786 [INF] backend.Controllers.AuthController | [Auth] Login SUCCESS | Email=vasanth2004vk@gmail.com | EffectiveRole=SuperAdmin | OrgId=2
2026-03-20 19:02:12.788 [INF] Microsoft.AspNetCore.Mvc.Infrastructure.ObjectResultExecutor | Executing OkObjectResult, writing value of type '<>f__AnonymousType13`2[[System.String, System.Private.CoreLib, Version=10.0.0.0, Culture=neutral, PublicKeyToken=7cec85d7bea7798e],[<>f__AnonymousType14`6[[System.Int32, System.Private.CoreLib, Version=10.0.0.0, Culture=neutral, PublicKeyToken=7cec85d7bea7798e],[System.String, System.Private.CoreLib, Version=10.0.0.0, Culture=neutral, PublicKeyToken=7cec85d7bea7798e],[System.String, System.Private.CoreLib, Version=10.0.0.0, Culture=neutral, PublicKeyToken=7cec85d7bea7798e],[System.String, System.Private.CoreLib, Version=10.0.0.0, Culture=neutral, PublicKeyToken=7cec85d7bea7798e],[System.Nullable`1[[System.Int32, System.Private.CoreLib, Version=10.0.0.0, Culture=neutral, PublicKeyToken=7cec85d7bea7798e]], System.Private.CoreLib, Version=10.0.0.0, Culture=neutral, PublicKeyToken=7cec85d7bea7798e],[System.String, System.Private.CoreLib, Version=10.0.0.0, Culture=neutral, PublicKeyToken=7cec85d7bea7798e]], backend, Version=1.0.0.0, Culture=neutral, PublicKeyToken=null]]'.
2026-03-20 19:02:12.797 [INF] Microsoft.AspNetCore.Mvc.Infrastructure.ControllerActionInvoker | Executed action backend.Controllers.AuthController.Login (backend) in 2854.72ms
2026-03-20 19:02:12.797 [INF] Microsoft.AspNetCore.Routing.EndpointMiddleware | Executed endpoint 'backend.Controllers.AuthController.Login (backend)'
2026-03-20 19:02:12.797 [INF] Serilog.AspNetCore.RequestLoggingMiddleware | HTTP POST /api/auth/login → 200 (2864.7ms)
2026-03-20 19:02:12.797 [INF] Microsoft.AspNetCore.Hosting.Diagnostics | Request finished HTTP/1.1 POST http://localhost:5217/api/auth/login - 200 null application/json; charset=utf-8 2870.8788ms
2026-03-20 19:02:15.423 [INF] Microsoft.AspNetCore.Hosting.Diagnostics | Request starting HTTP/1.1 OPTIONS http://localhost:5217/api/organizations - null null
2026-03-20 19:02:15.424 [INF] Microsoft.AspNetCore.Cors.Infrastructure.CorsService | CORS policy execution successful.
2026-03-20 19:02:15.424 [INF] Microsoft.AspNetCore.Hosting.Diagnostics | Request finished HTTP/1.1 OPTIONS http://localhost:5217/api/organizations - 204 null null 0.5489ms
2026-03-20 19:02:15.432 [INF] Microsoft.AspNetCore.Hosting.Diagnostics | Request starting HTTP/1.1 OPTIONS http://localhost:5217/api/organizations - null null
2026-03-20 19:02:15.432 [INF] Microsoft.AspNetCore.Cors.Infrastructure.CorsService | CORS policy execution successful.
2026-03-20 19:02:15.432 [INF] Microsoft.AspNetCore.Hosting.Diagnostics | Request finished HTTP/1.1 OPTIONS http://localhost:5217/api/organizations - 204 null null 0.4995ms
2026-03-20 19:02:15.432 [INF] Microsoft.AspNetCore.Hosting.Diagnostics | Request starting HTTP/1.1 GET http://localhost:5217/api/organizations - application/json null
2026-03-20 19:02:15.433 [INF] Microsoft.AspNetCore.Cors.Infrastructure.CorsService | CORS policy execution successful.
2026-03-20 19:02:15.537 [INF] Microsoft.AspNetCore.Routing.EndpointMiddleware | Executing endpoint 'backend.Controllers.OrganizationsController.GetOrganizations (backend)'
2026-03-20 19:02:15.548 [INF] Microsoft.AspNetCore.Mvc.Infrastructure.ControllerActionInvoker | Route matched with {action = "GetOrganizations", controller = "Organizations"}. Executing controller action with signature System.Threading.Tasks.Task`1[Microsoft.AspNetCore.Mvc.IActionResult] GetOrganizations() on controller backend.Controllers.OrganizationsController (backend).
2026-03-20 19:02:15.554 [INF] backend.Controllers.OrganizationsController | [Orgs] GET all requested | Role=SuperAdmin | UserId=18
2026-03-20 19:02:17.089 [INF] Microsoft.AspNetCore.Mvc.Infrastructure.ObjectResultExecutor | Executing OkObjectResult, writing value of type 'System.Collections.Generic.List`1[[backend.Models.Organization, backend, Version=1.0.0.0, Culture=neutral, PublicKeyToken=null]]'.
2026-03-20 19:02:17.106 [INF] Microsoft.AspNetCore.Mvc.Infrastructure.ControllerActionInvoker | Executed action backend.Controllers.OrganizationsController.GetOrganizations (backend) in 1558.1768ms
2026-03-20 19:02:17.106 [INF] Microsoft.AspNetCore.Routing.EndpointMiddleware | Executed endpoint 'backend.Controllers.OrganizationsController.GetOrganizations (backend)'
2026-03-20 19:02:17.106 [INF] Serilog.AspNetCore.RequestLoggingMiddleware | HTTP GET /api/organizations → 200 (1569.1ms)
2026-03-20 19:02:17.106 [INF] Microsoft.AspNetCore.Hosting.Diagnostics | Request finished HTTP/1.1 GET http://localhost:5217/api/organizations - 200 null application/json; charset=utf-8 1673.6055ms
2026-03-20 19:02:17.108 [INF] Microsoft.AspNetCore.Hosting.Diagnostics | Request starting HTTP/1.1 GET http://localhost:5217/api/organizations - application/json null
2026-03-20 19:02:17.108 [INF] Microsoft.AspNetCore.Cors.Infrastructure.CorsService | CORS policy execution successful.
2026-03-20 19:02:17.113 [INF] Microsoft.AspNetCore.Routing.EndpointMiddleware | Executing endpoint 'backend.Controllers.OrganizationsController.GetOrganizations (backend)'
2026-03-20 19:02:17.113 [INF] Microsoft.AspNetCore.Mvc.Infrastructure.ControllerActionInvoker | Route matched with {action = "GetOrganizations", controller = "Organizations"}. Executing controller action with signature System.Threading.Tasks.Task`1[Microsoft.AspNetCore.Mvc.IActionResult] GetOrganizations() on controller backend.Controllers.OrganizationsController (backend).
2026-03-20 19:02:17.113 [INF] backend.Controllers.OrganizationsController | [Orgs] GET all requested | Role=SuperAdmin | UserId=18
2026-03-20 19:02:17.119 [INF] Microsoft.AspNetCore.Hosting.Diagnostics | Request starting HTTP/1.1 OPTIONS http://localhost:5217/api/leads - null null
2026-03-20 19:02:17.120 [INF] Microsoft.AspNetCore.Cors.Infrastructure.CorsService | CORS policy execution successful.
2026-03-20 19:02:17.120 [INF] Microsoft.AspNetCore.Hosting.Diagnostics | Request finished HTTP/1.1 OPTIONS http://localhost:5217/api/leads - 204 null null 0.4914ms
2026-03-20 19:02:17.123 [INF] Microsoft.AspNetCore.Hosting.Diagnostics | Request starting HTTP/1.1 GET http://localhost:5217/api/leads - application/json null
2026-03-20 19:02:17.123 [INF] Microsoft.AspNetCore.Cors.Infrastructure.CorsService | CORS policy execution successful.
2026-03-20 19:02:17.126 [INF] Microsoft.AspNetCore.Routing.EndpointMiddleware | Executing endpoint 'backend.Controllers.LeadsController.GetLeads (backend)'
2026-03-20 19:02:17.138 [INF] Microsoft.AspNetCore.Mvc.Infrastructure.ControllerActionInvoker | Route matched with {action = "GetLeads", controller = "Leads"}. Executing controller action with signature System.Threading.Tasks.Task`1[System.Collections.Generic.IEnumerable`1[backend.Models.Lead]] GetLeads() on controller backend.Controllers.LeadsController (backend).
2026-03-20 19:02:17.392 [INF] Microsoft.AspNetCore.Mvc.Infrastructure.ObjectResultExecutor | Executing OkObjectResult, writing value of type 'System.Collections.Generic.List`1[[backend.Models.Organization, backend, Version=1.0.0.0, Culture=neutral, PublicKeyToken=null]]'.
2026-03-20 19:02:17.392 [INF] Microsoft.AspNetCore.Mvc.Infrastructure.ControllerActionInvoker | Executed action backend.Controllers.OrganizationsController.GetOrganizations (backend) in 279.2904ms
2026-03-20 19:02:17.392 [INF] Microsoft.AspNetCore.Routing.EndpointMiddleware | Executed endpoint 'backend.Controllers.OrganizationsController.GetOrganizations (backend)'
2026-03-20 19:02:17.392 [INF] Serilog.AspNetCore.RequestLoggingMiddleware | HTTP GET /api/organizations → 200 (279.7ms)
2026-03-20 19:02:17.392 [INF] Microsoft.AspNetCore.Hosting.Diagnostics | Request finished HTTP/1.1 GET http://localhost:5217/api/organizations - 200 null application/json; charset=utf-8 284.5399ms
2026-03-20 19:02:17.673 [INF] Microsoft.AspNetCore.Hosting.Diagnostics | Request starting HTTP/1.1 GET http://localhost:5217/uploads/org-logos/org-logo-5873c475d91d4bbd9046deec667d136c.jpg - null null
2026-03-20 19:02:17.675 [INF] Microsoft.AspNetCore.Cors.Infrastructure.CorsService | CORS policy execution successful.
2026-03-20 19:02:17.688 [INF] Microsoft.AspNetCore.Hosting.Diagnostics | Request starting HTTP/1.1 GET http://localhost:5217/uploads/org-logos/org-logo-f3e5c29a5727487a9d6c2a5527e8919d.png - null null
2026-03-20 19:02:17.688 [INF] Microsoft.AspNetCore.Cors.Infrastructure.CorsService | CORS policy execution successful.
2026-03-20 19:02:17.689 [INF] Microsoft.AspNetCore.StaticFiles.StaticFileMiddleware | The file /uploads/org-logos/org-logo-5873c475d91d4bbd9046deec667d136c.jpg was not modified
2026-03-20 19:02:17.689 [INF] Microsoft.AspNetCore.StaticFiles.StaticFileMiddleware | The file /uploads/org-logos/org-logo-f3e5c29a5727487a9d6c2a5527e8919d.png was not modified
2026-03-20 19:02:17.690 [INF] Microsoft.AspNetCore.Hosting.Diagnostics | Request finished HTTP/1.1 GET http://localhost:5217/uploads/org-logos/org-logo-f3e5c29a5727487a9d6c2a5527e8919d.png - 304 null image/png 2.0663ms
2026-03-20 19:02:17.690 [INF] Microsoft.AspNetCore.Hosting.Diagnostics | Request finished HTTP/1.1 GET http://localhost:5217/uploads/org-logos/org-logo-5873c475d91d4bbd9046deec667d136c.jpg - 304 null image/jpeg 16.4373ms
2026-03-20 19:02:17.711 [INF] Microsoft.AspNetCore.Hosting.Diagnostics | Request starting HTTP/1.1 GET http://localhost:5217/uploads/org-logos/org-logo-6fcb4a5d7f2e442f800ddd9bde90c680.jpg - null null
2026-03-20 19:02:17.712 [INF] Microsoft.AspNetCore.Cors.Infrastructure.CorsService | CORS policy execution successful.
2026-03-20 19:02:17.712 [INF] Microsoft.AspNetCore.StaticFiles.StaticFileMiddleware | The file /uploads/org-logos/org-logo-6fcb4a5d7f2e442f800ddd9bde90c680.jpg was not modified
2026-03-20 19:02:17.712 [INF] Microsoft.AspNetCore.Hosting.Diagnostics | Request finished HTTP/1.1 GET http://localhost:5217/uploads/org-logos/org-logo-6fcb4a5d7f2e442f800ddd9bde90c680.jpg - 304 null image/jpeg 0.8927ms
2026-03-20 19:02:18.314 [INF] Microsoft.AspNetCore.Mvc.Infrastructure.ObjectResultExecutor | Executing ObjectResult, writing value of type 'System.Collections.Generic.List`1[[backend.Models.Lead, backend, Version=1.0.0.0, Culture=neutral, PublicKeyToken=null]]'.
2026-03-20 19:02:18.335 [INF] Microsoft.AspNetCore.Mvc.Infrastructure.ControllerActionInvoker | Executed action backend.Controllers.LeadsController.GetLeads (backend) in 1196.851ms
2026-03-20 19:02:18.336 [INF] Microsoft.AspNetCore.Routing.EndpointMiddleware | Executed endpoint 'backend.Controllers.LeadsController.GetLeads (backend)'
2026-03-20 19:02:18.336 [INF] Serilog.AspNetCore.RequestLoggingMiddleware | HTTP GET /api/leads → 200 (1209.4ms)
2026-03-20 19:02:18.336 [INF] Microsoft.AspNetCore.Hosting.Diagnostics | Request finished HTTP/1.1 GET http://localhost:5217/api/leads - 200 null application/json; charset=utf-8 1212.7642ms
2026-03-20 19:02:18.338 [INF] Microsoft.AspNetCore.Hosting.Diagnostics | Request starting HTTP/1.1 GET http://localhost:5217/api/leads - application/json null
2026-03-20 19:02:18.338 [INF] Microsoft.AspNetCore.Cors.Infrastructure.CorsService | CORS policy execution successful.
2026-03-20 19:02:18.339 [INF] Microsoft.AspNetCore.Routing.EndpointMiddleware | Executing endpoint 'backend.Controllers.LeadsController.GetLeads (backend)'
2026-03-20 19:02:18.339 [INF] Microsoft.AspNetCore.Mvc.Infrastructure.ControllerActionInvoker | Route matched with {action = "GetLeads", controller = "Leads"}. Executing controller action with signature System.Threading.Tasks.Task`1[System.Collections.Generic.IEnumerable`1[backend.Models.Lead]] GetLeads() on controller backend.Controllers.LeadsController (backend).
2026-03-20 19:02:18.350 [INF] Microsoft.AspNetCore.Hosting.Diagnostics | Request starting HTTP/1.1 OPTIONS http://localhost:5217/api/employees?organizationId=2 - null null
2026-03-20 19:02:18.350 [INF] Microsoft.AspNetCore.Cors.Infrastructure.CorsService | CORS policy execution successful.
2026-03-20 19:02:18.350 [INF] Microsoft.AspNetCore.Hosting.Diagnostics | Request finished HTTP/1.1 OPTIONS http://localhost:5217/api/employees?organizationId=2 - 204 null null 0.4694ms
2026-03-20 19:02:18.354 [INF] Microsoft.AspNetCore.Hosting.Diagnostics | Request starting HTTP/1.1 GET http://localhost:5217/api/employees?organizationId=2 - application/json null
2026-03-20 19:02:18.354 [INF] Microsoft.AspNetCore.Cors.Infrastructure.CorsService | CORS policy execution successful.
2026-03-20 19:02:18.354 [INF] Microsoft.AspNetCore.Routing.EndpointMiddleware | Executing endpoint 'backend.Controllers.EmployeesController.GetEmployees (backend)'
2026-03-20 19:02:18.366 [INF] Microsoft.AspNetCore.Mvc.Infrastructure.ControllerActionInvoker | Route matched with {action = "GetEmployees", controller = "Employees"}. Executing controller action with signature System.Threading.Tasks.Task`1[Microsoft.AspNetCore.Mvc.IActionResult] GetEmployees(System.Nullable`1[System.Int32]) on controller backend.Controllers.EmployeesController (backend).
2026-03-20 19:02:18.380 [INF] backend.Controllers.EmployeesController | [Employees] GET all | TargetOrgId=2 | UserOrgId=2
2026-03-20 19:02:18.623 [INF] Microsoft.AspNetCore.Mvc.Infrastructure.ObjectResultExecutor | Executing ObjectResult, writing value of type 'System.Collections.Generic.List`1[[backend.Models.Lead, backend, Version=1.0.0.0, Culture=neutral, PublicKeyToken=null]]'.
2026-03-20 19:02:18.623 [INF] Microsoft.AspNetCore.Mvc.Infrastructure.ControllerActionInvoker | Executed action backend.Controllers.LeadsController.GetLeads (backend) in 284.6225ms
2026-03-20 19:02:18.623 [INF] Microsoft.AspNetCore.Routing.EndpointMiddleware | Executed endpoint 'backend.Controllers.LeadsController.GetLeads (backend)'
2026-03-20 19:02:18.623 [INF] Serilog.AspNetCore.RequestLoggingMiddleware | HTTP GET /api/leads → 200 (284.9ms)
2026-03-20 19:02:18.624 [INF] Microsoft.AspNetCore.Hosting.Diagnostics | Request finished HTTP/1.1 GET http://localhost:5217/api/leads - 200 null application/json; charset=utf-8 285.6186ms
2026-03-20 19:02:18.634 [INF] Microsoft.AspNetCore.Hosting.Diagnostics | Request starting HTTP/1.1 OPTIONS http://localhost:5217/api/ShiftAssignments/roster?start=2026-03-20&end=2026-03-27 - null null
2026-03-20 19:02:18.634 [INF] Microsoft.AspNetCore.Cors.Infrastructure.CorsService | CORS policy execution successful.
2026-03-20 19:02:18.634 [INF] Microsoft.AspNetCore.Hosting.Diagnostics | Request finished HTTP/1.1 OPTIONS http://localhost:5217/api/ShiftAssignments/roster?start=2026-03-20&end=2026-03-27 - 204 null null 0.3366ms
2026-03-20 19:02:18.640 [INF] Microsoft.AspNetCore.Hosting.Diagnostics | Request starting HTTP/1.1 GET http://localhost:5217/api/ShiftAssignments/roster?start=2026-03-20&end=2026-03-27 - application/json null
2026-03-20 19:02:18.641 [INF] Microsoft.AspNetCore.Cors.Infrastructure.CorsService | CORS policy execution successful.
2026-03-20 19:02:18.642 [INF] Microsoft.AspNetCore.Routing.EndpointMiddleware | Executing endpoint 'backend.Controllers.ShiftAssignmentsController.GetMonthlyRosterFixed (backend)'
2026-03-20 19:02:18.660 [INF] Microsoft.AspNetCore.Mvc.Infrastructure.ControllerActionInvoker | Route matched with {action = "GetMonthlyRosterFixed", controller = "ShiftAssignments"}. Executing controller action with signature System.Threading.Tasks.Task`1[Microsoft.AspNetCore.Mvc.IActionResult] GetMonthlyRosterFixed(System.String, System.String, System.Nullable`1[System.Int32]) on controller backend.Controllers.ShiftAssignmentsController (backend).
2026-03-20 19:02:18.705 [INF] Microsoft.AspNetCore.Mvc.Infrastructure.ObjectResultExecutor | Executing OkObjectResult, writing value of type 'System.Collections.Generic.List`1[[backend.Models.Employee, backend, Version=1.0.0.0, Culture=neutral, PublicKeyToken=null]]'.
2026-03-20 19:02:18.738 [INF] Microsoft.AspNetCore.Mvc.Infrastructure.ControllerActionInvoker | Executed action backend.Controllers.EmployeesController.GetEmployees (backend) in 372.2959ms
2026-03-20 19:02:18.738 [INF] Microsoft.AspNetCore.Routing.EndpointMiddleware | Executed endpoint 'backend.Controllers.EmployeesController.GetEmployees (backend)'
2026-03-20 19:02:18.738 [INF] Serilog.AspNetCore.RequestLoggingMiddleware | HTTP GET /api/employees → 200 (384.1ms)
2026-03-20 19:02:18.739 [INF] Microsoft.AspNetCore.Hosting.Diagnostics | Request finished HTTP/1.1 GET http://localhost:5217/api/employees?organizationId=2 - 200 null application/json; charset=utf-8 384.9441ms
2026-03-20 19:02:18.751 [INF] Microsoft.AspNetCore.Hosting.Diagnostics | Request starting HTTP/1.1 OPTIONS http://localhost:5217/api/ShiftAssignments/roster?start=2026-03-20&end=2026-03-27&orgId=2 - null null
2026-03-20 19:02:18.751 [INF] Microsoft.AspNetCore.Cors.Infrastructure.CorsService | CORS policy execution successful.
2026-03-20 19:02:18.751 [INF] Microsoft.AspNetCore.Hosting.Diagnostics | Request finished HTTP/1.1 OPTIONS http://localhost:5217/api/ShiftAssignments/roster?start=2026-03-20&end=2026-03-27&orgId=2 - 204 null null 0.3866ms
2026-03-20 19:02:18.754 [INF] Microsoft.AspNetCore.Hosting.Diagnostics | Request starting HTTP/1.1 GET http://localhost:5217/api/ShiftAssignments/roster?start=2026-03-20&end=2026-03-27&orgId=2 - application/json null
2026-03-20 19:02:18.754 [INF] Microsoft.AspNetCore.Cors.Infrastructure.CorsService | CORS policy execution successful.
2026-03-20 19:02:18.754 [INF] Microsoft.AspNetCore.Routing.EndpointMiddleware | Executing endpoint 'backend.Controllers.ShiftAssignmentsController.GetMonthlyRosterFixed (backend)'
2026-03-20 19:02:18.755 [INF] Microsoft.AspNetCore.Mvc.Infrastructure.ControllerActionInvoker | Route matched with {action = "GetMonthlyRosterFixed", controller = "ShiftAssignments"}. Executing controller action with signature System.Threading.Tasks.Task`1[Microsoft.AspNetCore.Mvc.IActionResult] GetMonthlyRosterFixed(System.String, System.String, System.Nullable`1[System.Int32]) on controller backend.Controllers.ShiftAssignmentsController (backend).
2026-03-20 19:02:18.776 [INF] Microsoft.AspNetCore.Hosting.Diagnostics | Request starting HTTP/1.1 GET http://localhost:5217/uploads/employee-photos/emp-31.jpg - null null
2026-03-20 19:02:18.776 [INF] Microsoft.AspNetCore.Cors.Infrastructure.CorsService | CORS policy execution successful.
2026-03-20 19:02:18.776 [INF] Microsoft.AspNetCore.StaticFiles.StaticFileMiddleware | The file /uploads/employee-photos/emp-31.jpg was not modified
2026-03-20 19:02:18.777 [INF] Microsoft.AspNetCore.Hosting.Diagnostics | Request finished HTTP/1.1 GET http://localhost:5217/uploads/employee-photos/emp-31.jpg - 304 null image/jpeg 0.9295ms
2026-03-20 19:02:18.935 [INF] Microsoft.AspNetCore.Mvc.Infrastructure.ObjectResultExecutor | Executing OkObjectResult, writing value of type 'System.Collections.Generic.List`1[[backend.Models.EmployeeSchedule, backend, Version=1.0.0.0, Culture=neutral, PublicKeyToken=null]]'.
2026-03-20 19:02:18.950 [INF] Microsoft.AspNetCore.Mvc.Infrastructure.ControllerActionInvoker | Executed action backend.Controllers.ShiftAssignmentsController.GetMonthlyRosterFixed (backend) in 289.329ms
2026-03-20 19:02:18.950 [INF] Microsoft.AspNetCore.Routing.EndpointMiddleware | Executed endpoint 'backend.Controllers.ShiftAssignmentsController.GetMonthlyRosterFixed (backend)'
2026-03-20 19:02:18.950 [INF] Serilog.AspNetCore.RequestLoggingMiddleware | HTTP GET /api/ShiftAssignments/roster → 200 (308.2ms)
2026-03-20 19:02:18.950 [INF] Microsoft.AspNetCore.Hosting.Diagnostics | Request finished HTTP/1.1 GET http://localhost:5217/api/ShiftAssignments/roster?start=2026-03-20&end=2026-03-27 - 200 null application/json; charset=utf-8 310.1714ms
2026-03-20 19:02:18.965 [INF] Microsoft.AspNetCore.Mvc.Infrastructure.ObjectResultExecutor | Executing OkObjectResult, writing value of type 'System.Collections.Generic.List`1[[backend.Models.EmployeeSchedule, backend, Version=1.0.0.0, Culture=neutral, PublicKeyToken=null]]'.
2026-03-20 19:02:18.966 [INF] Microsoft.AspNetCore.Mvc.Infrastructure.ControllerActionInvoker | Executed action backend.Controllers.ShiftAssignmentsController.GetMonthlyRosterFixed (backend) in 211.2447ms
2026-03-20 19:02:18.966 [INF] Microsoft.AspNetCore.Routing.EndpointMiddleware | Executed endpoint 'backend.Controllers.ShiftAssignmentsController.GetMonthlyRosterFixed (backend)'
2026-03-20 19:02:18.966 [INF] Serilog.AspNetCore.RequestLoggingMiddleware | HTTP GET /api/ShiftAssignments/roster → 200 (211.6ms)
2026-03-20 19:02:18.966 [INF] Microsoft.AspNetCore.Hosting.Diagnostics | Request finished HTTP/1.1 GET http://localhost:5217/api/ShiftAssignments/roster?start=2026-03-20&end=2026-03-27&orgId=2 - 200 null application/json; charset=utf-8 212.4493ms
2026-03-20 19:02:19.012 [INF] Microsoft.AspNetCore.Hosting.Diagnostics | Request starting HTTP/1.1 OPTIONS http://localhost:5217/api/Attendance/status?employeeId=31&orgId=2 - null null
2026-03-20 19:02:19.012 [INF] Microsoft.AspNetCore.Cors.Infrastructure.CorsService | CORS policy execution successful.
2026-03-20 19:02:19.012 [INF] Microsoft.AspNetCore.Hosting.Diagnostics | Request finished HTTP/1.1 OPTIONS http://localhost:5217/api/Attendance/status?employeeId=31&orgId=2 - 204 null null 0.3503ms
2026-03-20 19:02:19.021 [INF] Microsoft.AspNetCore.Hosting.Diagnostics | Request starting HTTP/1.1 GET http://localhost:5217/api/Attendance/status?employeeId=31&orgId=2 - application/json null
2026-03-20 19:02:19.022 [INF] Microsoft.AspNetCore.Cors.Infrastructure.CorsService | CORS policy execution successful.
2026-03-20 19:02:19.023 [INF] Microsoft.AspNetCore.Routing.EndpointMiddleware | Executing endpoint 'backend.Controllers.AttendanceController.GetTodayStatus (backend)'
2026-03-20 19:02:19.034 [INF] Microsoft.AspNetCore.Mvc.Infrastructure.ControllerActionInvoker | Route matched with {action = "GetTodayStatus", controller = "Attendance"}. Executing controller action with signature System.Threading.Tasks.Task`1[Microsoft.AspNetCore.Mvc.IActionResult] GetTodayStatus(Int32, System.Nullable`1[System.Int32]) on controller backend.Controllers.AttendanceController (backend).
2026-03-20 19:02:19.453 [INF] Microsoft.AspNetCore.Mvc.Infrastructure.ObjectResultExecutor | Executing OkObjectResult, writing value of type 'backend.Models.AttendanceStatusResponse'.
2026-03-20 19:02:19.458 [INF] Microsoft.AspNetCore.Mvc.Infrastructure.ControllerActionInvoker | Executed action backend.Controllers.AttendanceController.GetTodayStatus (backend) in 423.1654ms
2026-03-20 19:02:19.458 [INF] Microsoft.AspNetCore.Routing.EndpointMiddleware | Executed endpoint 'backend.Controllers.AttendanceController.GetTodayStatus (backend)'
2026-03-20 19:02:19.458 [INF] Serilog.AspNetCore.RequestLoggingMiddleware | HTTP GET /api/Attendance/status → 200 (435.4ms)
2026-03-20 19:02:19.458 [INF] Microsoft.AspNetCore.Hosting.Diagnostics | Request finished HTTP/1.1 GET http://localhost:5217/api/Attendance/status?employeeId=31&orgId=2 - 200 null application/json; charset=utf-8 437.4434ms
2026-03-20 19:03:17.774 [INF] Microsoft.AspNetCore.Hosting.Diagnostics | Request starting HTTP/1.1 OPTIONS http://localhost:5217/api/users - null null
2026-03-20 19:03:17.774 [INF] Microsoft.AspNetCore.Hosting.Diagnostics | Request starting HTTP/1.1 OPTIONS http://localhost:5217/api/users/organizations - null null
2026-03-20 19:03:17.774 [INF] Microsoft.AspNetCore.Cors.Infrastructure.CorsService | CORS policy execution successful.
2026-03-20 19:03:17.775 [INF] Microsoft.AspNetCore.Cors.Infrastructure.CorsService | CORS policy execution successful.
2026-03-20 19:03:17.775 [INF] Microsoft.AspNetCore.Hosting.Diagnostics | Request finished HTTP/1.1 OPTIONS http://localhost:5217/api/users/organizations - 204 null null 0.2574ms
2026-03-20 19:03:17.775 [INF] Microsoft.AspNetCore.Hosting.Diagnostics | Request starting HTTP/1.1 OPTIONS http://localhost:5217/api/users/roles - null null
2026-03-20 19:03:17.775 [INF] Microsoft.AspNetCore.Hosting.Diagnostics | Request finished HTTP/1.1 OPTIONS http://localhost:5217/api/users - 204 null null 0.4339ms
2026-03-20 19:03:17.776 [INF] Microsoft.AspNetCore.Cors.Infrastructure.CorsService | CORS policy execution successful.
2026-03-20 19:03:17.776 [INF] Microsoft.AspNetCore.Hosting.Diagnostics | Request finished HTTP/1.1 OPTIONS http://localhost:5217/api/users/roles - 204 null null 1.2471ms
2026-03-20 19:03:17.778 [INF] Microsoft.AspNetCore.Hosting.Diagnostics | Request starting HTTP/1.1 GET http://localhost:5217/api/users/organizations - application/json null
2026-03-20 19:03:17.778 [INF] Microsoft.AspNetCore.Cors.Infrastructure.CorsService | CORS policy execution successful.
2026-03-20 19:03:17.779 [INF] Microsoft.AspNetCore.Routing.EndpointMiddleware | Executing endpoint 'backend.Controllers.UsersController.GetOrganizations (backend)'
2026-03-20 19:03:17.788 [INF] Microsoft.AspNetCore.Mvc.Infrastructure.ControllerActionInvoker | Route matched with {action = "GetOrganizations", controller = "Users"}. Executing controller action with signature System.Threading.Tasks.Task`1[Microsoft.AspNetCore.Mvc.IActionResult] GetOrganizations() on controller backend.Controllers.UsersController (backend).
2026-03-20 19:03:17.791 [INF] backend.Controllers.UsersController | [Users] GET organizations | Role=SuperAdmin | UserId=18
2026-03-20 19:03:17.803 [INF] Microsoft.AspNetCore.Hosting.Diagnostics | Request starting HTTP/1.1 GET http://localhost:5217/api/users - application/json null
2026-03-20 19:03:17.803 [INF] Microsoft.AspNetCore.Cors.Infrastructure.CorsService | CORS policy execution successful.
2026-03-20 19:03:17.804 [INF] Microsoft.AspNetCore.Routing.EndpointMiddleware | Executing endpoint 'backend.Controllers.UsersController.GetUsers (backend)'
2026-03-20 19:03:17.809 [INF] Microsoft.AspNetCore.Mvc.Infrastructure.ControllerActionInvoker | Route matched with {action = "GetUsers", controller = "Users"}. Executing controller action with signature System.Threading.Tasks.Task`1[Microsoft.AspNetCore.Mvc.IActionResult] GetUsers() on controller backend.Controllers.UsersController (backend).
2026-03-20 19:03:17.812 [INF] backend.Controllers.UsersController | [Users] GET all | Role=SuperAdmin | CallerId=18
2026-03-20 19:03:17.816 [INF] Microsoft.AspNetCore.Hosting.Diagnostics | Request starting HTTP/1.1 GET http://localhost:5217/api/users/roles - application/json null
2026-03-20 19:03:17.816 [INF] Microsoft.AspNetCore.Cors.Infrastructure.CorsService | CORS policy execution successful.
2026-03-20 19:03:17.817 [INF] Microsoft.AspNetCore.Routing.EndpointMiddleware | Executing endpoint 'backend.Controllers.UsersController.GetRoles (backend)'
2026-03-20 19:03:17.823 [INF] Microsoft.AspNetCore.Mvc.Infrastructure.ControllerActionInvoker | Route matched with {action = "GetRoles", controller = "Users"}. Executing controller action with signature System.Threading.Tasks.Task`1[Microsoft.AspNetCore.Mvc.IActionResult] GetRoles() on controller backend.Controllers.UsersController (backend).
2026-03-20 19:03:18.112 [INF] Microsoft.AspNetCore.Mvc.Infrastructure.ObjectResultExecutor | Executing OkObjectResult, writing value of type 'System.Collections.Generic.List`1[[backend.Models.Organization, backend, Version=1.0.0.0, Culture=neutral, PublicKeyToken=null]]'.
2026-03-20 19:03:18.113 [INF] Microsoft.AspNetCore.Mvc.Infrastructure.ControllerActionInvoker | Executed action backend.Controllers.UsersController.GetOrganizations (backend) in 324.6497ms
2026-03-20 19:03:18.113 [INF] Microsoft.AspNetCore.Routing.EndpointMiddleware | Executed endpoint 'backend.Controllers.UsersController.GetOrganizations (backend)'
2026-03-20 19:03:18.113 [INF] Serilog.AspNetCore.RequestLoggingMiddleware | HTTP GET /api/users/organizations → 200 (333.8ms)
2026-03-20 19:03:18.113 [INF] Microsoft.AspNetCore.Hosting.Diagnostics | Request finished HTTP/1.1 GET http://localhost:5217/api/users/organizations - 200 null application/json; charset=utf-8 334.4364ms
2026-03-20 19:03:18.117 [INF] Microsoft.AspNetCore.Mvc.Infrastructure.ObjectResultExecutor | Executing OkObjectResult, writing value of type 'System.Collections.Generic.List`1[[backend.Models.UserOrganizationAccess, backend, Version=1.0.0.0, Culture=neutral, PublicKeyToken=null]]'.
2026-03-20 19:03:18.123 [INF] Microsoft.AspNetCore.Mvc.Infrastructure.ControllerActionInvoker | Executed action backend.Controllers.UsersController.GetUsers (backend) in 313.3863ms
2026-03-20 19:03:18.123 [INF] Microsoft.AspNetCore.Routing.EndpointMiddleware | Executed endpoint 'backend.Controllers.UsersController.GetUsers (backend)'
2026-03-20 19:03:18.123 [INF] Serilog.AspNetCore.RequestLoggingMiddleware | HTTP GET /api/users → 200 (319.3ms)
2026-03-20 19:03:18.123 [INF] Microsoft.AspNetCore.Hosting.Diagnostics | Request finished HTTP/1.1 GET http://localhost:5217/api/users - 200 null application/json; charset=utf-8 320.1457ms
2026-03-20 19:03:19.445 [INF] Microsoft.AspNetCore.Mvc.Infrastructure.ObjectResultExecutor | Executing OkObjectResult, writing value of type 'System.Collections.Generic.List`1[[backend.Models.Role, backend, Version=1.0.0.0, Culture=neutral, PublicKeyToken=null]]'.
2026-03-20 19:03:19.450 [INF] Microsoft.AspNetCore.Mvc.Infrastructure.ControllerActionInvoker | Executed action backend.Controllers.UsersController.GetRoles (backend) in 1626.7201ms
2026-03-20 19:03:19.450 [INF] Microsoft.AspNetCore.Routing.EndpointMiddleware | Executed endpoint 'backend.Controllers.UsersController.GetRoles (backend)'
2026-03-20 19:03:19.450 [INF] Serilog.AspNetCore.RequestLoggingMiddleware | HTTP GET /api/users/roles → 200 (1633.0ms)
2026-03-20 19:03:19.450 [INF] Microsoft.AspNetCore.Hosting.Diagnostics | Request finished HTTP/1.1 GET http://localhost:5217/api/users/roles - 200 null application/json; charset=utf-8 1634.0963ms
2026-03-20 19:04:05.494 [INF] Microsoft.AspNetCore.Hosting.Diagnostics | Request starting HTTP/1.1 OPTIONS http://localhost:5217/api/users/organizations - null null
2026-03-20 19:04:05.494 [INF] Microsoft.AspNetCore.Cors.Infrastructure.CorsService | CORS policy execution successful.
2026-03-20 19:04:05.495 [INF] Microsoft.AspNetCore.Hosting.Diagnostics | Request finished HTTP/1.1 OPTIONS http://localhost:5217/api/users/organizations - 204 null null 0.3955ms
2026-03-20 19:04:05.496 [INF] Microsoft.AspNetCore.Hosting.Diagnostics | Request starting HTTP/1.1 GET http://localhost:5217/api/users/organizations - null null
2026-03-20 19:04:05.497 [INF] Microsoft.AspNetCore.Cors.Infrastructure.CorsService | CORS policy execution successful.
2026-03-20 19:04:05.497 [INF] Microsoft.AspNetCore.Routing.EndpointMiddleware | Executing endpoint 'backend.Controllers.UsersController.GetOrganizations (backend)'
2026-03-20 19:04:05.497 [INF] Microsoft.AspNetCore.Mvc.Infrastructure.ControllerActionInvoker | Route matched with {action = "GetOrganizations", controller = "Users"}. Executing controller action with signature System.Threading.Tasks.Task`1[Microsoft.AspNetCore.Mvc.IActionResult] GetOrganizations() on controller backend.Controllers.UsersController (backend).
2026-03-20 19:04:05.497 [INF] backend.Controllers.UsersController | [Users] GET organizations | Role=SuperAdmin | UserId=18
2026-03-20 19:04:05.831 [INF] Microsoft.AspNetCore.Mvc.Infrastructure.ObjectResultExecutor | Executing OkObjectResult, writing value of type 'System.Collections.Generic.List`1[[backend.Models.Organization, backend, Version=1.0.0.0, Culture=neutral, PublicKeyToken=null]]'.
2026-03-20 19:04:05.831 [INF] Microsoft.AspNetCore.Mvc.Infrastructure.ControllerActionInvoker | Executed action backend.Controllers.UsersController.GetOrganizations (backend) in 333.9763ms
2026-03-20 19:04:05.831 [INF] Microsoft.AspNetCore.Routing.EndpointMiddleware | Executed endpoint 'backend.Controllers.UsersController.GetOrganizations (backend)'
2026-03-20 19:04:05.831 [INF] Serilog.AspNetCore.RequestLoggingMiddleware | HTTP GET /api/users/organizations → 200 (334.3ms)
2026-03-20 19:04:05.831 [INF] Microsoft.AspNetCore.Hosting.Diagnostics | Request finished HTTP/1.1 GET http://localhost:5217/api/users/organizations - 200 null application/json; charset=utf-8 334.901ms
2026-03-20 19:04:05.847 [INF] Microsoft.AspNetCore.Hosting.Diagnostics | Request starting HTTP/1.1 OPTIONS http://localhost:5217/api/designations?organizationId=2 - null null
2026-03-20 19:04:05.847 [INF] Microsoft.AspNetCore.Cors.Infrastructure.CorsService | CORS policy execution successful.
2026-03-20 19:04:05.848 [INF] Microsoft.AspNetCore.Hosting.Diagnostics | Request finished HTTP/1.1 OPTIONS http://localhost:5217/api/designations?organizationId=2 - 204 null null 0.2804ms
2026-03-20 19:04:05.848 [INF] Microsoft.AspNetCore.Hosting.Diagnostics | Request starting HTTP/1.1 OPTIONS http://localhost:5217/api/departments?organizationId=2 - null null
2026-03-20 19:04:05.849 [INF] Microsoft.AspNetCore.Cors.Infrastructure.CorsService | CORS policy execution successful.
2026-03-20 19:04:05.849 [INF] Microsoft.AspNetCore.Hosting.Diagnostics | Request finished HTTP/1.1 OPTIONS http://localhost:5217/api/departments?organizationId=2 - 204 null null 0.1722ms
2026-03-20 19:04:05.852 [INF] Microsoft.AspNetCore.Hosting.Diagnostics | Request starting HTTP/1.1 GET http://localhost:5217/api/designations?organizationId=2 - application/json null
2026-03-20 19:04:05.852 [INF] Microsoft.AspNetCore.Cors.Infrastructure.CorsService | CORS policy execution successful.
2026-03-20 19:04:05.852 [INF] Microsoft.AspNetCore.Routing.EndpointMiddleware | Executing endpoint 'backend.Controllers.DesignationController.GetDesignations (backend)'
2026-03-20 19:04:05.852 [INF] Microsoft.AspNetCore.Hosting.Diagnostics | Request starting HTTP/1.1 GET http://localhost:5217/api/departments?organizationId=2 - null null
2026-03-20 19:04:05.852 [INF] Microsoft.AspNetCore.Cors.Infrastructure.CorsService | CORS policy execution successful.
2026-03-20 19:04:05.853 [INF] Microsoft.AspNetCore.Routing.EndpointMiddleware | Executing endpoint 'backend.Controllers.DepartmentController.GetDepartments (backend)'
2026-03-20 19:04:05.859 [INF] Microsoft.AspNetCore.Mvc.Infrastructure.ControllerActionInvoker | Route matched with {action = "GetDesignations", controller = "Designation"}. Executing controller action with signature System.Threading.Tasks.Task`1[Microsoft.AspNetCore.Mvc.IActionResult] GetDesignations(System.Nullable`1[System.Int32]) on controller backend.Controllers.DesignationController (backend).
2026-03-20 19:04:05.859 [INF] Microsoft.AspNetCore.Mvc.Infrastructure.ControllerActionInvoker | Route matched with {action = "GetDepartments", controller = "Department"}. Executing controller action with signature System.Threading.Tasks.Task`1[Microsoft.AspNetCore.Mvc.IActionResult] GetDepartments(System.Nullable`1[System.Int32]) on controller backend.Controllers.DepartmentController (backend).
2026-03-20 19:04:06.144 [INF] Microsoft.AspNetCore.Mvc.Infrastructure.ObjectResultExecutor | Executing OkObjectResult, writing value of type 'System.Collections.Generic.List`1[[backend.Models.Department, backend, Version=1.0.0.0, Culture=neutral, PublicKeyToken=null]]'.
2026-03-20 19:04:06.145 [INF] backend.Controllers.DesignationController | Fetched 7 designations for OrgId 2
2026-03-20 19:04:06.145 [INF] Microsoft.AspNetCore.Mvc.Infrastructure.ObjectResultExecutor | Executing OkObjectResult, writing value of type 'System.Collections.Generic.List`1[[backend.Models.Designation, backend, Version=1.0.0.0, Culture=neutral, PublicKeyToken=null]]'.
2026-03-20 19:04:06.150 [INF] Microsoft.AspNetCore.Mvc.Infrastructure.ControllerActionInvoker | Executed action backend.Controllers.DepartmentController.GetDepartments (backend) in 291.1144ms
2026-03-20 19:04:06.150 [INF] Microsoft.AspNetCore.Routing.EndpointMiddleware | Executed endpoint 'backend.Controllers.DepartmentController.GetDepartments (backend)'
2026-03-20 19:04:06.150 [INF] Serilog.AspNetCore.RequestLoggingMiddleware | HTTP GET /api/departments → 200 (297.6ms)
2026-03-20 19:04:06.150 [INF] Microsoft.AspNetCore.Hosting.Diagnostics | Request finished HTTP/1.1 GET http://localhost:5217/api/departments?organizationId=2 - 200 null application/json; charset=utf-8 297.9548ms
2026-03-20 19:04:06.152 [INF] Microsoft.AspNetCore.Mvc.Infrastructure.ControllerActionInvoker | Executed action backend.Controllers.DesignationController.GetDesignations (backend) in 292.6963ms
2026-03-20 19:04:06.152 [INF] Microsoft.AspNetCore.Routing.EndpointMiddleware | Executed endpoint 'backend.Controllers.DesignationController.GetDesignations (backend)'
2026-03-20 19:04:06.152 [INF] Serilog.AspNetCore.RequestLoggingMiddleware | HTTP GET /api/designations → 200 (299.5ms)
2026-03-20 19:04:06.152 [INF] Microsoft.AspNetCore.Hosting.Diagnostics | Request finished HTTP/1.1 GET http://localhost:5217/api/designations?organizationId=2 - 200 null application/json; charset=utf-8 300.1769ms
2026-03-20 19:04:06.210 [INF] Microsoft.AspNetCore.Hosting.Diagnostics | Request starting HTTP/1.1 OPTIONS http://localhost:5217/api/employees?organizationId=2 - null null
2026-03-20 19:04:06.210 [INF] Microsoft.AspNetCore.Cors.Infrastructure.CorsService | CORS policy execution successful.
2026-03-20 19:04:06.210 [INF] Microsoft.AspNetCore.Hosting.Diagnostics | Request finished HTTP/1.1 OPTIONS http://localhost:5217/api/employees?organizationId=2 - 204 null null 0.2379ms
2026-03-20 19:04:06.212 [INF] Microsoft.AspNetCore.Hosting.Diagnostics | Request starting HTTP/1.1 GET http://localhost:5217/api/designations?organizationId=2 - application/json null
2026-03-20 19:04:06.212 [INF] Microsoft.AspNetCore.Cors.Infrastructure.CorsService | CORS policy execution successful.
2026-03-20 19:04:06.212 [INF] Microsoft.AspNetCore.Routing.EndpointMiddleware | Executing endpoint 'backend.Controllers.DesignationController.GetDesignations (backend)'
2026-03-20 19:04:06.212 [INF] Microsoft.AspNetCore.Mvc.Infrastructure.ControllerActionInvoker | Route matched with {action = "GetDesignations", controller = "Designation"}. Executing controller action with signature System.Threading.Tasks.Task`1[Microsoft.AspNetCore.Mvc.IActionResult] GetDesignations(System.Nullable`1[System.Int32]) on controller backend.Controllers.DesignationController (backend).
2026-03-20 19:04:06.213 [INF] Microsoft.AspNetCore.Hosting.Diagnostics | Request starting HTTP/1.1 GET http://localhost:5217/api/departments?organizationId=2 - null null
2026-03-20 19:04:06.213 [INF] Microsoft.AspNetCore.Cors.Infrastructure.CorsService | CORS policy execution successful.
2026-03-20 19:04:06.213 [INF] Microsoft.AspNetCore.Routing.EndpointMiddleware | Executing endpoint 'backend.Controllers.DepartmentController.GetDepartments (backend)'
2026-03-20 19:04:06.213 [INF] Microsoft.AspNetCore.Mvc.Infrastructure.ControllerActionInvoker | Route matched with {action = "GetDepartments", controller = "Department"}. Executing controller action with signature System.Threading.Tasks.Task`1[Microsoft.AspNetCore.Mvc.IActionResult] GetDepartments(System.Nullable`1[System.Int32]) on controller backend.Controllers.DepartmentController (backend).
2026-03-20 19:04:06.214 [INF] Microsoft.AspNetCore.Hosting.Diagnostics | Request starting HTTP/1.1 GET http://localhost:5217/api/employees?organizationId=2 - application/json null
2026-03-20 19:04:06.214 [INF] Microsoft.AspNetCore.Cors.Infrastructure.CorsService | CORS policy execution successful.
2026-03-20 19:04:06.214 [INF] Microsoft.AspNetCore.Routing.EndpointMiddleware | Executing endpoint 'backend.Controllers.EmployeesController.GetEmployees (backend)'
2026-03-20 19:04:06.214 [INF] Microsoft.AspNetCore.Mvc.Infrastructure.ControllerActionInvoker | Route matched with {action = "GetEmployees", controller = "Employees"}. Executing controller action with signature System.Threading.Tasks.Task`1[Microsoft.AspNetCore.Mvc.IActionResult] GetEmployees(System.Nullable`1[System.Int32]) on controller backend.Controllers.EmployeesController (backend).
2026-03-20 19:04:06.215 [INF] backend.Controllers.EmployeesController | [Employees] GET all | TargetOrgId=2 | UserOrgId=2
2026-03-20 19:04:06.445 [INF] backend.Controllers.DesignationController | Fetched 7 designations for OrgId 2
2026-03-20 19:04:06.445 [INF] Microsoft.AspNetCore.Mvc.Infrastructure.ObjectResultExecutor | Executing OkObjectResult, writing value of type 'System.Collections.Generic.List`1[[backend.Models.Designation, backend, Version=1.0.0.0, Culture=neutral, PublicKeyToken=null]]'.
2026-03-20 19:04:06.446 [INF] Microsoft.AspNetCore.Mvc.Infrastructure.ControllerActionInvoker | Executed action backend.Controllers.DesignationController.GetDesignations (backend) in 233.1731ms
2026-03-20 19:04:06.446 [INF] Microsoft.AspNetCore.Routing.EndpointMiddleware | Executed endpoint 'backend.Controllers.DesignationController.GetDesignations (backend)'
2026-03-20 19:04:06.446 [INF] Serilog.AspNetCore.RequestLoggingMiddleware | HTTP GET /api/designations → 200 (233.5ms)
2026-03-20 19:04:06.446 [INF] Microsoft.AspNetCore.Mvc.Infrastructure.ObjectResultExecutor | Executing OkObjectResult, writing value of type 'System.Collections.Generic.List`1[[backend.Models.Employee, backend, Version=1.0.0.0, Culture=neutral, PublicKeyToken=null]]'.
2026-03-20 19:04:06.446 [INF] Microsoft.AspNetCore.Hosting.Diagnostics | Request finished HTTP/1.1 GET http://localhost:5217/api/designations?organizationId=2 - 200 null application/json; charset=utf-8 234.3483ms
2026-03-20 19:04:06.446 [INF] Microsoft.AspNetCore.Mvc.Infrastructure.ControllerActionInvoker | Executed action backend.Controllers.EmployeesController.GetEmployees (backend) in 231.7908ms
2026-03-20 19:04:06.446 [INF] Microsoft.AspNetCore.Routing.EndpointMiddleware | Executed endpoint 'backend.Controllers.EmployeesController.GetEmployees (backend)'
2026-03-20 19:04:06.446 [INF] Serilog.AspNetCore.RequestLoggingMiddleware | HTTP GET /api/employees → 200 (232.1ms)
2026-03-20 19:04:06.446 [INF] Microsoft.AspNetCore.Hosting.Diagnostics | Request finished HTTP/1.1 GET http://localhost:5217/api/employees?organizationId=2 - 200 null application/json; charset=utf-8 232.5134ms
2026-03-20 19:04:06.446 [INF] Microsoft.AspNetCore.Mvc.Infrastructure.ObjectResultExecutor | Executing OkObjectResult, writing value of type 'System.Collections.Generic.List`1[[backend.Models.Department, backend, Version=1.0.0.0, Culture=neutral, PublicKeyToken=null]]'.
2026-03-20 19:04:06.446 [INF] Microsoft.AspNetCore.Mvc.Infrastructure.ControllerActionInvoker | Executed action backend.Controllers.DepartmentController.GetDepartments (backend) in 233.2322ms
2026-03-20 19:04:06.446 [INF] Microsoft.AspNetCore.Routing.EndpointMiddleware | Executed endpoint 'backend.Controllers.DepartmentController.GetDepartments (backend)'
2026-03-20 19:04:06.446 [INF] Serilog.AspNetCore.RequestLoggingMiddleware | HTTP GET /api/departments → 200 (233.5ms)
2026-03-20 19:04:06.447 [INF] Microsoft.AspNetCore.Hosting.Diagnostics | Request finished HTTP/1.1 GET http://localhost:5217/api/departments?organizationId=2 - 200 null application/json; charset=utf-8 233.9963ms
2026-03-20 19:04:06.603 [INF] Microsoft.AspNetCore.Hosting.Diagnostics | Request starting HTTP/1.1 GET http://localhost:5217/uploads/employee-photos/emp-28.jpg - null null
2026-03-20 19:04:06.603 [INF] Microsoft.AspNetCore.Cors.Infrastructure.CorsService | CORS policy execution successful.
2026-03-20 19:04:06.603 [INF] Serilog.AspNetCore.RequestLoggingMiddleware | HTTP GET /uploads/employee-photos/emp-28.jpg → 404 (0.1ms)
2026-03-20 19:04:06.603 [INF] Microsoft.AspNetCore.Hosting.Diagnostics | Request finished HTTP/1.1 GET http://localhost:5217/uploads/employee-photos/emp-28.jpg - 404 0 null 0.8281ms
2026-03-20 19:04:06.639 [INF] Microsoft.AspNetCore.Hosting.Diagnostics | Request starting HTTP/1.1 OPTIONS http://localhost:5217/hubs/employees/negotiate?negotiateVersion=1 - null null
2026-03-20 19:04:06.639 [INF] Microsoft.AspNetCore.Cors.Infrastructure.CorsService | CORS policy execution successful.
2026-03-20 19:04:06.639 [INF] Microsoft.AspNetCore.Hosting.Diagnostics | Request finished HTTP/1.1 OPTIONS http://localhost:5217/hubs/employees/negotiate?negotiateVersion=1 - 204 null null 0.5559ms
2026-03-20 19:04:06.640 [INF] Microsoft.AspNetCore.Hosting.Diagnostics | Request starting HTTP/1.1 OPTIONS http://localhost:5217/hubs/employees/negotiate?negotiateVersion=1 - null null
2026-03-20 19:04:06.640 [INF] Microsoft.AspNetCore.Hosting.Diagnostics | Request reached the end of the middleware pipeline without being handled by application code. Request path: GET http://localhost:5217/uploads/employee-photos/emp-28.jpg, Response status code: 404
2026-03-20 19:04:06.640 [INF] Microsoft.AspNetCore.Hosting.Diagnostics | Request starting HTTP/1.1 GET http://localhost:5217/uploads/employee-photos/emp-23.png - null null
2026-03-20 19:04:06.640 [INF] Microsoft.AspNetCore.Cors.Infrastructure.CorsService | CORS policy execution successful.
2026-03-20 19:04:06.641 [INF] Microsoft.AspNetCore.StaticFiles.StaticFileMiddleware | The file /uploads/employee-photos/emp-23.png was not modified
2026-03-20 19:04:06.641 [INF] Microsoft.AspNetCore.Hosting.Diagnostics | Request finished HTTP/1.1 GET http://localhost:5217/uploads/employee-photos/emp-23.png - 304 null image/png 1.0392ms
2026-03-20 19:04:06.641 [INF] Microsoft.AspNetCore.Hosting.Diagnostics | Request starting HTTP/1.1 POST http://localhost:5217/hubs/employees/negotiate?negotiateVersion=1 - text/plain;charset=UTF-8 0
2026-03-20 19:04:06.642 [INF] Microsoft.AspNetCore.Cors.Infrastructure.CorsService | CORS policy execution successful.
2026-03-20 19:04:06.642 [INF] Microsoft.AspNetCore.Cors.Infrastructure.CorsService | CORS policy execution successful.
2026-03-20 19:04:06.642 [INF] Microsoft.AspNetCore.Hosting.Diagnostics | Request finished HTTP/1.1 OPTIONS http://localhost:5217/hubs/employees/negotiate?negotiateVersion=1 - 204 null null 2.2334ms
2026-03-20 19:04:06.642 [INF] Microsoft.AspNetCore.Routing.EndpointMiddleware | Executing endpoint '/hubs/employees/negotiate'
2026-03-20 19:04:06.646 [INF] Microsoft.AspNetCore.Hosting.Diagnostics | Request starting HTTP/1.1 POST http://localhost:5217/hubs/employees/negotiate?negotiateVersion=1 - text/plain;charset=UTF-8 0
2026-03-20 19:04:06.646 [INF] Microsoft.AspNetCore.Cors.Infrastructure.CorsService | CORS policy execution successful.
2026-03-20 19:04:06.647 [INF] Microsoft.AspNetCore.Routing.EndpointMiddleware | Executing endpoint '/hubs/employees/negotiate'
2026-03-20 19:04:06.650 [INF] Microsoft.AspNetCore.Routing.EndpointMiddleware | Executed endpoint '/hubs/employees/negotiate'
2026-03-20 19:04:06.650 [INF] Microsoft.AspNetCore.Routing.EndpointMiddleware | Executed endpoint '/hubs/employees/negotiate'
2026-03-20 19:04:06.650 [INF] Serilog.AspNetCore.RequestLoggingMiddleware | HTTP POST /hubs/employees/negotiate → 200 (7.9ms)
2026-03-20 19:04:06.650 [INF] Serilog.AspNetCore.RequestLoggingMiddleware | HTTP POST /hubs/employees/negotiate → 200 (3.8ms)
2026-03-20 19:04:06.650 [INF] Microsoft.AspNetCore.Hosting.Diagnostics | Request finished HTTP/1.1 POST http://localhost:5217/hubs/employees/negotiate?negotiateVersion=1 - 200 316 application/json 9.0513ms
2026-03-20 19:04:06.650 [INF] Microsoft.AspNetCore.Hosting.Diagnostics | Request finished HTTP/1.1 POST http://localhost:5217/hubs/employees/negotiate?negotiateVersion=1 - 200 316 application/json 4.4642ms
2026-03-20 19:04:06.667 [INF] Microsoft.AspNetCore.Hosting.Diagnostics | Request starting HTTP/1.1 GET http://localhost:5217/hubs/employees?id=jcTIy9_vS4vwcpSSEOKXSQ&access_token=eyJhbGciOiJIUzI1NiIsInR5cCI6IkpXVCJ9.eyJuYW1laWQiOiIxOCIsInVuaXF1ZV9uYW1lIjoidmFzYW50aGFrdW1hciIsImVtYWlsIjoidmFzYW50aDIwMDR2a0BnbWFpbC5jb20iLCJyb2xlIjoiU3VwZXJBZG1pbiIsIk9yZ2FuaXphdGlvbklkIjoiMiIsIk9yZ2FuaXphdGlvbkxvZ28iOiIvdXBsb2Fkcy9vcmctbG9nb3Mvb3JnLWxvZ28tNTg3M2M0NzVkOTFkNGJiZDkwNDZkZWVjNjY3ZDEzNmMuanBnIiwibmJmIjoxNzc0MDEzNTMyLCJleHAiOjE3NzQwOTk5MzIsImlhdCI6MTc3NDAxMzUzMiwiaXNzIjoiUHJvRGVzWC1CYWNrZW5kIiwiYXVkIjoiUHJvRGVzWC1Gcm9udGVuZCJ9.xGDnaZ7UHBUdjPzs1NHVNhUnX0uyx5cO4LbOu-F8kFo - null null
2026-03-20 19:04:06.667 [INF] Microsoft.AspNetCore.Cors.Infrastructure.CorsService | CORS policy execution successful.
2026-03-20 19:04:06.667 [INF] Microsoft.AspNetCore.Routing.EndpointMiddleware | Executing endpoint '/hubs/employees'
2026-03-20 19:04:06.693 [INF] Microsoft.AspNetCore.Hosting.Diagnostics | Request starting HTTP/1.1 GET http://localhost:5217/hubs/employees?id=8jdqVNq3jv7eN5Z5JNgCaw&access_token=eyJhbGciOiJIUzI1NiIsInR5cCI6IkpXVCJ9.eyJuYW1laWQiOiIxOCIsInVuaXF1ZV9uYW1lIjoidmFzYW50aGFrdW1hciIsImVtYWlsIjoidmFzYW50aDIwMDR2a0BnbWFpbC5jb20iLCJyb2xlIjoiU3VwZXJBZG1pbiIsIk9yZ2FuaXphdGlvbklkIjoiMiIsIk9yZ2FuaXphdGlvbkxvZ28iOiIvdXBsb2Fkcy9vcmctbG9nb3Mvb3JnLWxvZ28tNTg3M2M0NzVkOTFkNGJiZDkwNDZkZWVjNjY3ZDEzNmMuanBnIiwibmJmIjoxNzc0MDEzNTMyLCJleHAiOjE3NzQwOTk5MzIsImlhdCI6MTc3NDAxMzUzMiwiaXNzIjoiUHJvRGVzWC1CYWNrZW5kIiwiYXVkIjoiUHJvRGVzWC1Gcm9udGVuZCJ9.xGDnaZ7UHBUdjPzs1NHVNhUnX0uyx5cO4LbOu-F8kFo - null null
2026-03-20 19:04:06.693 [INF] Microsoft.AspNetCore.Cors.Infrastructure.CorsService | CORS policy execution successful.
2026-03-20 19:04:06.694 [INF] Microsoft.AspNetCore.Routing.EndpointMiddleware | Executing endpoint '/hubs/employees'
2026-03-20 19:04:12.291 [INF] Microsoft.AspNetCore.Hosting.Diagnostics | Request starting HTTP/1.1 OPTIONS http://localhost:5217/api/DynamicForm/employee-fields?organizationId=2 - null null
2026-03-20 19:04:12.292 [INF] Microsoft.AspNetCore.Cors.Infrastructure.CorsService | CORS policy execution successful.
2026-03-20 19:04:12.292 [INF] Microsoft.AspNetCore.Hosting.Diagnostics | Request finished HTTP/1.1 OPTIONS http://localhost:5217/api/DynamicForm/employee-fields?organizationId=2 - 204 null null 0.5053ms
2026-03-20 19:04:12.295 [INF] Microsoft.AspNetCore.Hosting.Diagnostics | Request starting HTTP/1.1 GET http://localhost:5217/api/DynamicForm/employee-fields?organizationId=2 - application/json null
2026-03-20 19:04:12.297 [INF] Microsoft.AspNetCore.Cors.Infrastructure.CorsService | CORS policy execution successful.
2026-03-20 19:04:12.297 [INF] Microsoft.AspNetCore.Routing.EndpointMiddleware | Executing endpoint 'backend.Controllers.DynamicFormController.GetEmployeeFields (backend)'
2026-03-20 19:04:12.308 [INF] Microsoft.AspNetCore.Mvc.Infrastructure.ControllerActionInvoker | Route matched with {action = "GetEmployeeFields", controller = "DynamicForm"}. Executing controller action with signature System.Threading.Tasks.Task`1[Microsoft.AspNetCore.Mvc.IActionResult] GetEmployeeFields(System.Nullable`1[System.Int32]) on controller backend.Controllers.DynamicFormController (backend).
2026-03-20 19:04:12.660 [INF] Microsoft.AspNetCore.Mvc.Infrastructure.ObjectResultExecutor | Executing OkObjectResult, writing value of type 'System.Collections.Generic.List`1[[System.Object, System.Private.CoreLib, Version=10.0.0.0, Culture=neutral, PublicKeyToken=7cec85d7bea7798e]]'.
2026-03-20 19:04:12.671 [INF] Microsoft.AspNetCore.Mvc.Infrastructure.ControllerActionInvoker | Executed action backend.Controllers.DynamicFormController.GetEmployeeFields (backend) in 362.8794ms
2026-03-20 19:04:12.671 [INF] Microsoft.AspNetCore.Routing.EndpointMiddleware | Executed endpoint 'backend.Controllers.DynamicFormController.GetEmployeeFields (backend)'
2026-03-20 19:04:12.671 [INF] Serilog.AspNetCore.RequestLoggingMiddleware | HTTP GET /api/DynamicForm/employee-fields → 200 (373.4ms)
2026-03-20 19:04:12.671 [INF] Microsoft.AspNetCore.Hosting.Diagnostics | Request finished HTTP/1.1 GET http://localhost:5217/api/DynamicForm/employee-fields?organizationId=2 - 200 null application/json; charset=utf-8 375.3441ms
2026-03-20 19:04:12.678 [INF] Microsoft.AspNetCore.Hosting.Diagnostics | Request starting HTTP/1.1 OPTIONS http://localhost:5217/api/designations?organizationId=2 - null null
2026-03-20 19:04:12.678 [INF] Microsoft.AspNetCore.Cors.Infrastructure.CorsService | CORS policy execution successful.
2026-03-20 19:04:12.678 [INF] Microsoft.AspNetCore.Hosting.Diagnostics | Request finished HTTP/1.1 OPTIONS http://localhost:5217/api/designations?organizationId=2 - 204 null null 0.3116ms
2026-03-20 19:04:12.679 [INF] Microsoft.AspNetCore.Hosting.Diagnostics | Request starting HTTP/1.1 OPTIONS http://localhost:5217/api/departments?organizationId=2 - null null
2026-03-20 19:04:12.679 [INF] Microsoft.AspNetCore.Cors.Infrastructure.CorsService | CORS policy execution successful.
2026-03-20 19:04:12.679 [INF] Microsoft.AspNetCore.Hosting.Diagnostics | Request finished HTTP/1.1 OPTIONS http://localhost:5217/api/departments?organizationId=2 - 204 null null 0.1282ms
2026-03-20 19:04:12.681 [INF] Microsoft.AspNetCore.Hosting.Diagnostics | Request starting HTTP/1.1 GET http://localhost:5217/api/designations?organizationId=2 - application/json null
2026-03-20 19:04:12.681 [INF] Microsoft.AspNetCore.Cors.Infrastructure.CorsService | CORS policy execution successful.
2026-03-20 19:04:12.681 [INF] Microsoft.AspNetCore.Hosting.Diagnostics | Request starting HTTP/1.1 GET http://localhost:5217/api/departments?organizationId=2 - null null
2026-03-20 19:04:12.681 [INF] Microsoft.AspNetCore.Cors.Infrastructure.CorsService | CORS policy execution successful.
2026-03-20 19:04:12.681 [INF] Microsoft.AspNetCore.Routing.EndpointMiddleware | Executing endpoint 'backend.Controllers.DesignationController.GetDesignations (backend)'
2026-03-20 19:04:12.682 [INF] Microsoft.AspNetCore.Mvc.Infrastructure.ControllerActionInvoker | Route matched with {action = "GetDesignations", controller = "Designation"}. Executing controller action with signature System.Threading.Tasks.Task`1[Microsoft.AspNetCore.Mvc.IActionResult] GetDesignations(System.Nullable`1[System.Int32]) on controller backend.Controllers.DesignationController (backend).
2026-03-20 19:04:12.682 [INF] Microsoft.AspNetCore.Routing.EndpointMiddleware | Executing endpoint 'backend.Controllers.DepartmentController.GetDepartments (backend)'
2026-03-20 19:04:12.682 [INF] Microsoft.AspNetCore.Mvc.Infrastructure.ControllerActionInvoker | Route matched with {action = "GetDepartments", controller = "Department"}. Executing controller action with signature System.Threading.Tasks.Task`1[Microsoft.AspNetCore.Mvc.IActionResult] GetDepartments(System.Nullable`1[System.Int32]) on controller backend.Controllers.DepartmentController (backend).
2026-03-20 19:04:12.866 [INF] backend.Controllers.DesignationController | Fetched 7 designations for OrgId 2
2026-03-20 19:04:12.866 [INF] Microsoft.AspNetCore.Mvc.Infrastructure.ObjectResultExecutor | Executing OkObjectResult, writing value of type 'System.Collections.Generic.List`1[[backend.Models.Designation, backend, Version=1.0.0.0, Culture=neutral, PublicKeyToken=null]]'.
2026-03-20 19:04:12.866 [INF] Microsoft.AspNetCore.Mvc.Infrastructure.ControllerActionInvoker | Executed action backend.Controllers.DesignationController.GetDesignations (backend) in 184.5832ms
2026-03-20 19:04:12.866 [INF] Microsoft.AspNetCore.Routing.EndpointMiddleware | Executed endpoint 'backend.Controllers.DesignationController.GetDesignations (backend)'
2026-03-20 19:04:12.866 [INF] Serilog.AspNetCore.RequestLoggingMiddleware | HTTP GET /api/designations → 200 (184.8ms)
2026-03-20 19:04:12.866 [INF] Microsoft.AspNetCore.Hosting.Diagnostics | Request finished HTTP/1.1 GET http://localhost:5217/api/designations?organizationId=2 - 200 null application/json; charset=utf-8 185.3294ms
2026-03-20 19:04:12.868 [INF] Microsoft.AspNetCore.Mvc.Infrastructure.ObjectResultExecutor | Executing OkObjectResult, writing value of type 'System.Collections.Generic.List`1[[backend.Models.Department, backend, Version=1.0.0.0, Culture=neutral, PublicKeyToken=null]]'.
2026-03-20 19:04:12.868 [INF] Microsoft.AspNetCore.Mvc.Infrastructure.ControllerActionInvoker | Executed action backend.Controllers.DepartmentController.GetDepartments (backend) in 186.5597ms
2026-03-20 19:04:12.868 [INF] Microsoft.AspNetCore.Routing.EndpointMiddleware | Executed endpoint 'backend.Controllers.DepartmentController.GetDepartments (backend)'
2026-03-20 19:04:12.868 [INF] Serilog.AspNetCore.RequestLoggingMiddleware | HTTP GET /api/departments → 200 (186.7ms)
2026-03-20 19:04:12.868 [INF] Microsoft.AspNetCore.Hosting.Diagnostics | Request finished HTTP/1.1 GET http://localhost:5217/api/departments?organizationId=2 - 200 null application/json; charset=utf-8 186.985ms
2026-03-20 19:04:15.212 [INF] Microsoft.AspNetCore.Hosting.Diagnostics | Request starting HTTP/1.1 OPTIONS http://localhost:5217/api/employees?organizationId=2 - null null
2026-03-20 19:04:15.212 [INF] Microsoft.AspNetCore.Cors.Infrastructure.CorsService | CORS policy execution successful.
2026-03-20 19:04:15.213 [INF] Microsoft.AspNetCore.Hosting.Diagnostics | Request finished HTTP/1.1 OPTIONS http://localhost:5217/api/employees?organizationId=2 - 204 null null 0.2874ms
2026-03-20 19:04:15.213 [INF] Microsoft.AspNetCore.Hosting.Diagnostics | Request starting HTTP/1.1 GET http://localhost:5217/api/designations?organizationId=2 - application/json null
2026-03-20 19:04:15.213 [INF] Microsoft.AspNetCore.Cors.Infrastructure.CorsService | CORS policy execution successful.
2026-03-20 19:04:15.213 [INF] Microsoft.AspNetCore.Hosting.Diagnostics | Request starting HTTP/1.1 GET http://localhost:5217/api/departments?organizationId=2 - null null
2026-03-20 19:04:15.213 [INF] Microsoft.AspNetCore.Cors.Infrastructure.CorsService | CORS policy execution successful.
2026-03-20 19:04:15.213 [INF] Microsoft.AspNetCore.Routing.EndpointMiddleware | Executing endpoint 'backend.Controllers.DesignationController.GetDesignations (backend)'
2026-03-20 19:04:15.213 [INF] Microsoft.AspNetCore.Mvc.Infrastructure.ControllerActionInvoker | Route matched with {action = "GetDesignations", controller = "Designation"}. Executing controller action with signature System.Threading.Tasks.Task`1[Microsoft.AspNetCore.Mvc.IActionResult] GetDesignations(System.Nullable`1[System.Int32]) on controller backend.Controllers.DesignationController (backend).
2026-03-20 19:04:15.214 [INF] Microsoft.AspNetCore.Routing.EndpointMiddleware | Executing endpoint 'backend.Controllers.DepartmentController.GetDepartments (backend)'
2026-03-20 19:04:15.214 [INF] Microsoft.AspNetCore.Mvc.Infrastructure.ControllerActionInvoker | Route matched with {action = "GetDepartments", controller = "Department"}. Executing controller action with signature System.Threading.Tasks.Task`1[Microsoft.AspNetCore.Mvc.IActionResult] GetDepartments(System.Nullable`1[System.Int32]) on controller backend.Controllers.DepartmentController (backend).
2026-03-20 19:04:15.215 [INF] Microsoft.AspNetCore.Hosting.Diagnostics | Request starting HTTP/1.1 GET http://localhost:5217/api/employees?organizationId=2 - application/json null
2026-03-20 19:04:15.215 [INF] Microsoft.AspNetCore.Cors.Infrastructure.CorsService | CORS policy execution successful.
2026-03-20 19:04:15.215 [INF] Microsoft.AspNetCore.Routing.EndpointMiddleware | Executing endpoint 'backend.Controllers.EmployeesController.GetEmployees (backend)'
2026-03-20 19:04:15.215 [INF] Microsoft.AspNetCore.Mvc.Infrastructure.ControllerActionInvoker | Route matched with {action = "GetEmployees", controller = "Employees"}. Executing controller action with signature System.Threading.Tasks.Task`1[Microsoft.AspNetCore.Mvc.IActionResult] GetEmployees(System.Nullable`1[System.Int32]) on controller backend.Controllers.EmployeesController (backend).
2026-03-20 19:04:15.216 [INF] backend.Controllers.EmployeesController | [Employees] GET all | TargetOrgId=2 | UserOrgId=2
2026-03-20 19:04:15.457 [INF] backend.Controllers.DesignationController | Fetched 7 designations for OrgId 2
2026-03-20 19:04:15.457 [INF] Microsoft.AspNetCore.Mvc.Infrastructure.ObjectResultExecutor | Executing OkObjectResult, writing value of type 'System.Collections.Generic.List`1[[backend.Models.Employee, backend, Version=1.0.0.0, Culture=neutral, PublicKeyToken=null]]'.
2026-03-20 19:04:15.457 [INF] Microsoft.AspNetCore.Mvc.Infrastructure.ObjectResultExecutor | Executing OkObjectResult, writing value of type 'System.Collections.Generic.List`1[[backend.Models.Designation, backend, Version=1.0.0.0, Culture=neutral, PublicKeyToken=null]]'.
2026-03-20 19:04:15.457 [INF] Microsoft.AspNetCore.Mvc.Infrastructure.ObjectResultExecutor | Executing OkObjectResult, writing value of type 'System.Collections.Generic.List`1[[backend.Models.Department, backend, Version=1.0.0.0, Culture=neutral, PublicKeyToken=null]]'.
2026-03-20 19:04:15.457 [INF] Microsoft.AspNetCore.Mvc.Infrastructure.ControllerActionInvoker | Executed action backend.Controllers.DesignationController.GetDesignations (backend) in 243.9509ms
2026-03-20 19:04:15.457 [INF] Microsoft.AspNetCore.Routing.EndpointMiddleware | Executed endpoint 'backend.Controllers.DesignationController.GetDesignations (backend)'
2026-03-20 19:04:15.457 [INF] Serilog.AspNetCore.RequestLoggingMiddleware | HTTP GET /api/designations → 200 (244.2ms)
2026-03-20 19:04:15.458 [INF] Microsoft.AspNetCore.Hosting.Diagnostics | Request finished HTTP/1.1 GET http://localhost:5217/api/designations?organizationId=2 - 200 null application/json; charset=utf-8 244.6781ms
2026-03-20 19:04:15.458 [INF] Microsoft.AspNetCore.Mvc.Infrastructure.ControllerActionInvoker | Executed action backend.Controllers.DepartmentController.GetDepartments (backend) in 243.9817ms
2026-03-20 19:04:15.458 [INF] Microsoft.AspNetCore.Mvc.Infrastructure.ControllerActionInvoker | Executed action backend.Controllers.EmployeesController.GetEmployees (backend) in 242.2789ms
2026-03-20 19:04:15.458 [INF] Microsoft.AspNetCore.Routing.EndpointMiddleware | Executed endpoint 'backend.Controllers.DepartmentController.GetDepartments (backend)'
2026-03-20 19:04:15.458 [INF] Microsoft.AspNetCore.Routing.EndpointMiddleware | Executed endpoint 'backend.Controllers.EmployeesController.GetEmployees (backend)'
2026-03-20 19:04:15.458 [INF] Serilog.AspNetCore.RequestLoggingMiddleware | HTTP GET /api/departments → 200 (244.2ms)
2026-03-20 19:04:15.458 [INF] Serilog.AspNetCore.RequestLoggingMiddleware | HTTP GET /api/employees → 200 (242.4ms)
2026-03-20 19:04:15.458 [INF] Microsoft.AspNetCore.Hosting.Diagnostics | Request finished HTTP/1.1 GET http://localhost:5217/api/departments?organizationId=2 - 200 null application/json; charset=utf-8 244.6668ms
2026-03-20 19:04:15.458 [INF] Microsoft.AspNetCore.Hosting.Diagnostics | Request finished HTTP/1.1 GET http://localhost:5217/api/employees?organizationId=2 - 200 null application/json; charset=utf-8 242.8584ms
2026-03-20 19:04:16.655 [INF] Microsoft.AspNetCore.Hosting.Diagnostics | Request starting HTTP/1.1 GET http://localhost:5217/api/DynamicForm/employee-fields?organizationId=2 - application/json null
2026-03-20 19:04:16.655 [INF] Microsoft.AspNetCore.Cors.Infrastructure.CorsService | CORS policy execution successful.
2026-03-20 19:04:16.655 [INF] Microsoft.AspNetCore.Routing.EndpointMiddleware | Executing endpoint 'backend.Controllers.DynamicFormController.GetEmployeeFields (backend)'
2026-03-20 19:04:16.655 [INF] Microsoft.AspNetCore.Mvc.Infrastructure.ControllerActionInvoker | Route matched with {action = "GetEmployeeFields", controller = "DynamicForm"}. Executing controller action with signature System.Threading.Tasks.Task`1[Microsoft.AspNetCore.Mvc.IActionResult] GetEmployeeFields(System.Nullable`1[System.Int32]) on controller backend.Controllers.DynamicFormController (backend).
2026-03-20 19:04:16.892 [INF] Microsoft.AspNetCore.Mvc.Infrastructure.ObjectResultExecutor | Executing OkObjectResult, writing value of type 'System.Collections.Generic.List`1[[System.Object, System.Private.CoreLib, Version=10.0.0.0, Culture=neutral, PublicKeyToken=7cec85d7bea7798e]]'.
2026-03-20 19:04:16.893 [INF] Microsoft.AspNetCore.Mvc.Infrastructure.ControllerActionInvoker | Executed action backend.Controllers.DynamicFormController.GetEmployeeFields (backend) in 237.3331ms
2026-03-20 19:04:16.893 [INF] Microsoft.AspNetCore.Routing.EndpointMiddleware | Executed endpoint 'backend.Controllers.DynamicFormController.GetEmployeeFields (backend)'
2026-03-20 19:04:16.893 [INF] Serilog.AspNetCore.RequestLoggingMiddleware | HTTP GET /api/DynamicForm/employee-fields → 200 (237.6ms)
2026-03-20 19:04:16.893 [INF] Microsoft.AspNetCore.Hosting.Diagnostics | Request finished HTTP/1.1 GET http://localhost:5217/api/DynamicForm/employee-fields?organizationId=2 - 200 null application/json; charset=utf-8 238.6647ms
2026-03-20 19:04:25.431 [INF] Microsoft.AspNetCore.Hosting.Diagnostics | Request starting HTTP/1.1 OPTIONS http://localhost:5217/api/users/organizations - null null
2026-03-20 19:04:25.432 [INF] Microsoft.AspNetCore.Cors.Infrastructure.CorsService | CORS policy execution successful.
2026-03-20 19:04:25.432 [INF] Microsoft.AspNetCore.Hosting.Diagnostics | Request finished HTTP/1.1 OPTIONS http://localhost:5217/api/users/organizations - 204 null null 0.2479ms
2026-03-20 19:04:25.435 [INF] Microsoft.AspNetCore.Hosting.Diagnostics | Request starting HTTP/1.1 GET http://localhost:5217/api/users/organizations - null null
2026-03-20 19:04:25.435 [INF] Microsoft.AspNetCore.Cors.Infrastructure.CorsService | CORS policy execution successful.
2026-03-20 19:04:25.436 [INF] Microsoft.AspNetCore.Routing.EndpointMiddleware | Executing endpoint 'backend.Controllers.UsersController.GetOrganizations (backend)'
2026-03-20 19:04:25.436 [INF] Microsoft.AspNetCore.Mvc.Infrastructure.ControllerActionInvoker | Route matched with {action = "GetOrganizations", controller = "Users"}. Executing controller action with signature System.Threading.Tasks.Task`1[Microsoft.AspNetCore.Mvc.IActionResult] GetOrganizations() on controller backend.Controllers.UsersController (backend).
2026-03-20 19:04:25.436 [INF] backend.Controllers.UsersController | [Users] GET organizations | Role=SuperAdmin | UserId=18
2026-03-20 19:04:25.634 [INF] Microsoft.AspNetCore.Mvc.Infrastructure.ObjectResultExecutor | Executing OkObjectResult, writing value of type 'System.Collections.Generic.List`1[[backend.Models.Organization, backend, Version=1.0.0.0, Culture=neutral, PublicKeyToken=null]]'.
2026-03-20 19:04:25.634 [INF] Microsoft.AspNetCore.Mvc.Infrastructure.ControllerActionInvoker | Executed action backend.Controllers.UsersController.GetOrganizations (backend) in 197.8122ms
2026-03-20 19:04:25.634 [INF] Microsoft.AspNetCore.Routing.EndpointMiddleware | Executed endpoint 'backend.Controllers.UsersController.GetOrganizations (backend)'
2026-03-20 19:04:25.634 [INF] Serilog.AspNetCore.RequestLoggingMiddleware | HTTP GET /api/users/organizations → 200 (198.2ms)
2026-03-20 19:04:25.634 [INF] Microsoft.AspNetCore.Hosting.Diagnostics | Request finished HTTP/1.1 GET http://localhost:5217/api/users/organizations - 200 null application/json; charset=utf-8 199.0771ms
2026-03-20 19:04:25.643 [INF] Microsoft.AspNetCore.Hosting.Diagnostics | Request starting HTTP/1.1 OPTIONS http://localhost:5217/api/designations?organizationId=2 - null null
2026-03-20 19:04:25.643 [INF] Microsoft.AspNetCore.Cors.Infrastructure.CorsService | CORS policy execution successful.
2026-03-20 19:04:25.643 [INF] Microsoft.AspNetCore.Hosting.Diagnostics | Request finished HTTP/1.1 OPTIONS http://localhost:5217/api/designations?organizationId=2 - 204 null null 0.3107ms
2026-03-20 19:04:25.645 [INF] Microsoft.AspNetCore.Hosting.Diagnostics | Request starting HTTP/1.1 GET http://localhost:5217/api/designations?organizationId=2 - application/json null
2026-03-20 19:04:25.646 [INF] Microsoft.AspNetCore.Cors.Infrastructure.CorsService | CORS policy execution successful.
2026-03-20 19:04:25.646 [INF] Microsoft.AspNetCore.Routing.EndpointMiddleware | Executing endpoint 'backend.Controllers.DesignationController.GetDesignations (backend)'
2026-03-20 19:04:25.646 [INF] Microsoft.AspNetCore.Mvc.Infrastructure.ControllerActionInvoker | Route matched with {action = "GetDesignations", controller = "Designation"}. Executing controller action with signature System.Threading.Tasks.Task`1[Microsoft.AspNetCore.Mvc.IActionResult] GetDesignations(System.Nullable`1[System.Int32]) on controller backend.Controllers.DesignationController (backend).
2026-03-20 19:04:25.923 [INF] backend.Controllers.DesignationController | Fetched 7 designations for OrgId 2
2026-03-20 19:04:25.923 [INF] Microsoft.AspNetCore.Mvc.Infrastructure.ObjectResultExecutor | Executing OkObjectResult, writing value of type 'System.Collections.Generic.List`1[[backend.Models.Designation, backend, Version=1.0.0.0, Culture=neutral, PublicKeyToken=null]]'.
2026-03-20 19:04:25.924 [INF] Microsoft.AspNetCore.Mvc.Infrastructure.ControllerActionInvoker | Executed action backend.Controllers.DesignationController.GetDesignations (backend) in 277.2213ms
2026-03-20 19:04:25.924 [INF] Microsoft.AspNetCore.Routing.EndpointMiddleware | Executed endpoint 'backend.Controllers.DesignationController.GetDesignations (backend)'
2026-03-20 19:04:25.924 [INF] Serilog.AspNetCore.RequestLoggingMiddleware | HTTP GET /api/designations → 200 (277.4ms)
2026-03-20 19:04:25.924 [INF] Microsoft.AspNetCore.Hosting.Diagnostics | Request finished HTTP/1.1 GET http://localhost:5217/api/designations?organizationId=2 - 200 null application/json; charset=utf-8 278.3346ms
2026-03-20 19:04:52.680 [INF] Microsoft.AspNetCore.Hosting.Diagnostics | Request starting HTTP/1.1 OPTIONS http://localhost:5217/api/users/organizations - null null
2026-03-20 19:04:52.681 [INF] Microsoft.AspNetCore.Cors.Infrastructure.CorsService | CORS policy execution successful.
2026-03-20 19:04:52.681 [INF] Microsoft.AspNetCore.Hosting.Diagnostics | Request finished HTTP/1.1 OPTIONS http://localhost:5217/api/users/organizations - 204 null null 0.198ms
2026-03-20 19:04:52.683 [INF] Microsoft.AspNetCore.Hosting.Diagnostics | Request starting HTTP/1.1 GET http://localhost:5217/api/users/organizations - null null
2026-03-20 19:04:52.684 [INF] Microsoft.AspNetCore.Cors.Infrastructure.CorsService | CORS policy execution successful.
2026-03-20 19:04:52.684 [INF] Microsoft.AspNetCore.Routing.EndpointMiddleware | Executing endpoint 'backend.Controllers.UsersController.GetOrganizations (backend)'
2026-03-20 19:04:52.685 [INF] Microsoft.AspNetCore.Mvc.Infrastructure.ControllerActionInvoker | Route matched with {action = "GetOrganizations", controller = "Users"}. Executing controller action with signature System.Threading.Tasks.Task`1[Microsoft.AspNetCore.Mvc.IActionResult] GetOrganizations() on controller backend.Controllers.UsersController (backend).
2026-03-20 19:04:52.685 [INF] backend.Controllers.UsersController | [Users] GET organizations | Role=SuperAdmin | UserId=18
2026-03-20 19:04:52.945 [INF] Microsoft.AspNetCore.Mvc.Infrastructure.ObjectResultExecutor | Executing OkObjectResult, writing value of type 'System.Collections.Generic.List`1[[backend.Models.Organization, backend, Version=1.0.0.0, Culture=neutral, PublicKeyToken=null]]'.
2026-03-20 19:04:52.946 [INF] Microsoft.AspNetCore.Mvc.Infrastructure.ControllerActionInvoker | Executed action backend.Controllers.UsersController.GetOrganizations (backend) in 261.1377ms
2026-03-20 19:04:52.946 [INF] Microsoft.AspNetCore.Routing.EndpointMiddleware | Executed endpoint 'backend.Controllers.UsersController.GetOrganizations (backend)'
2026-03-20 19:04:52.946 [INF] Serilog.AspNetCore.RequestLoggingMiddleware | HTTP GET /api/users/organizations → 200 (261.7ms)
2026-03-20 19:04:52.946 [INF] Microsoft.AspNetCore.Hosting.Diagnostics | Request finished HTTP/1.1 GET http://localhost:5217/api/users/organizations - 200 null application/json; charset=utf-8 262.5105ms
2026-03-20 19:04:52.955 [INF] Microsoft.AspNetCore.Hosting.Diagnostics | Request starting HTTP/1.1 OPTIONS http://localhost:5217/api/departments?organizationId=2 - null null
2026-03-20 19:04:52.955 [INF] Microsoft.AspNetCore.Cors.Infrastructure.CorsService | CORS policy execution successful.
2026-03-20 19:04:52.955 [INF] Microsoft.AspNetCore.Hosting.Diagnostics | Request finished HTTP/1.1 OPTIONS http://localhost:5217/api/departments?organizationId=2 - 204 null null 0.1659ms
2026-03-20 19:04:52.957 [INF] Microsoft.AspNetCore.Hosting.Diagnostics | Request starting HTTP/1.1 GET http://localhost:5217/api/departments?organizationId=2 - null null
2026-03-20 19:04:52.957 [INF] Microsoft.AspNetCore.Cors.Infrastructure.CorsService | CORS policy execution successful.
2026-03-20 19:04:52.957 [INF] Microsoft.AspNetCore.Routing.EndpointMiddleware | Executing endpoint 'backend.Controllers.DepartmentController.GetDepartments (backend)'
2026-03-20 19:04:52.957 [INF] Microsoft.AspNetCore.Mvc.Infrastructure.ControllerActionInvoker | Route matched with {action = "GetDepartments", controller = "Department"}. Executing controller action with signature System.Threading.Tasks.Task`1[Microsoft.AspNetCore.Mvc.IActionResult] GetDepartments(System.Nullable`1[System.Int32]) on controller backend.Controllers.DepartmentController (backend).
2026-03-20 19:04:53.160 [INF] Microsoft.AspNetCore.Mvc.Infrastructure.ObjectResultExecutor | Executing OkObjectResult, writing value of type 'System.Collections.Generic.List`1[[backend.Models.Department, backend, Version=1.0.0.0, Culture=neutral, PublicKeyToken=null]]'.
2026-03-20 19:04:53.160 [INF] Microsoft.AspNetCore.Mvc.Infrastructure.ControllerActionInvoker | Executed action backend.Controllers.DepartmentController.GetDepartments (backend) in 203.1467ms
2026-03-20 19:04:53.160 [INF] Microsoft.AspNetCore.Routing.EndpointMiddleware | Executed endpoint 'backend.Controllers.DepartmentController.GetDepartments (backend)'
2026-03-20 19:04:53.160 [INF] Serilog.AspNetCore.RequestLoggingMiddleware | HTTP GET /api/departments → 200 (203.3ms)
2026-03-20 19:04:53.160 [INF] Microsoft.AspNetCore.Hosting.Diagnostics | Request finished HTTP/1.1 GET http://localhost:5217/api/departments?organizationId=2 - 200 null application/json; charset=utf-8 203.7835ms
2026-03-20 19:05:24.133 [INF] Microsoft.AspNetCore.Hosting.Diagnostics | Request starting HTTP/1.1 OPTIONS http://localhost:5217/api/users - null null
2026-03-20 19:05:24.133 [INF] Microsoft.AspNetCore.Cors.Infrastructure.CorsService | CORS policy execution successful.
2026-03-20 19:05:24.133 [INF] Microsoft.AspNetCore.Hosting.Diagnostics | Request finished HTTP/1.1 OPTIONS http://localhost:5217/api/users - 204 null null 0.2156ms
2026-03-20 19:05:24.133 [INF] Microsoft.AspNetCore.Hosting.Diagnostics | Request starting HTTP/1.1 OPTIONS http://localhost:5217/api/users/organizations - null null
2026-03-20 19:05:24.134 [INF] Microsoft.AspNetCore.Cors.Infrastructure.CorsService | CORS policy execution successful.
2026-03-20 19:05:24.134 [INF] Microsoft.AspNetCore.Hosting.Diagnostics | Request finished HTTP/1.1 OPTIONS http://localhost:5217/api/users/organizations - 204 null null 0.2017ms
2026-03-20 19:05:24.134 [INF] Microsoft.AspNetCore.Hosting.Diagnostics | Request starting HTTP/1.1 OPTIONS http://localhost:5217/api/users/roles - null null
2026-03-20 19:05:24.134 [INF] Microsoft.AspNetCore.Cors.Infrastructure.CorsService | CORS policy execution successful.
2026-03-20 19:05:24.134 [INF] Microsoft.AspNetCore.Hosting.Diagnostics | Request finished HTTP/1.1 OPTIONS http://localhost:5217/api/users/roles - 204 null null 0.0935ms
2026-03-20 19:05:24.138 [INF] Microsoft.AspNetCore.Hosting.Diagnostics | Request starting HTTP/1.1 GET http://localhost:5217/api/users - application/json null
2026-03-20 19:05:24.138 [INF] Microsoft.AspNetCore.Cors.Infrastructure.CorsService | CORS policy execution successful.
2026-03-20 19:05:24.139 [INF] Microsoft.AspNetCore.Routing.EndpointMiddleware | Executing endpoint 'backend.Controllers.UsersController.GetUsers (backend)'
2026-03-20 19:05:24.139 [INF] Microsoft.AspNetCore.Mvc.Infrastructure.ControllerActionInvoker | Route matched with {action = "GetUsers", controller = "Users"}. Executing controller action with signature System.Threading.Tasks.Task`1[Microsoft.AspNetCore.Mvc.IActionResult] GetUsers() on controller backend.Controllers.UsersController (backend).
2026-03-20 19:05:24.139 [INF] Microsoft.AspNetCore.Hosting.Diagnostics | Request starting HTTP/1.1 GET http://localhost:5217/api/users/organizations - application/json null
2026-03-20 19:05:24.139 [INF] Microsoft.AspNetCore.Cors.Infrastructure.CorsService | CORS policy execution successful.
2026-03-20 19:05:24.139 [INF] backend.Controllers.UsersController | [Users] GET all | Role=SuperAdmin | CallerId=18
2026-03-20 19:05:24.139 [INF] Microsoft.AspNetCore.Hosting.Diagnostics | Request starting HTTP/1.1 GET http://localhost:5217/api/users/roles - application/json null
2026-03-20 19:05:24.140 [INF] Microsoft.AspNetCore.Cors.Infrastructure.CorsService | CORS policy execution successful.
2026-03-20 19:05:24.140 [INF] Microsoft.AspNetCore.Routing.EndpointMiddleware | Executing endpoint 'backend.Controllers.UsersController.GetRoles (backend)'
2026-03-20 19:05:24.140 [INF] Microsoft.AspNetCore.Mvc.Infrastructure.ControllerActionInvoker | Route matched with {action = "GetRoles", controller = "Users"}. Executing controller action with signature System.Threading.Tasks.Task`1[Microsoft.AspNetCore.Mvc.IActionResult] GetRoles() on controller backend.Controllers.UsersController (backend).
2026-03-20 19:05:24.141 [INF] Microsoft.AspNetCore.Routing.EndpointMiddleware | Executing endpoint 'backend.Controllers.UsersController.GetOrganizations (backend)'
2026-03-20 19:05:24.141 [INF] Microsoft.AspNetCore.Mvc.Infrastructure.ControllerActionInvoker | Route matched with {action = "GetOrganizations", controller = "Users"}. Executing controller action with signature System.Threading.Tasks.Task`1[Microsoft.AspNetCore.Mvc.IActionResult] GetOrganizations() on controller backend.Controllers.UsersController (backend).
2026-03-20 19:05:24.141 [INF] backend.Controllers.UsersController | [Users] GET organizations | Role=SuperAdmin | UserId=18
2026-03-20 19:05:24.372 [INF] Microsoft.AspNetCore.Mvc.Infrastructure.ObjectResultExecutor | Executing OkObjectResult, writing value of type 'System.Collections.Generic.List`1[[backend.Models.UserOrganizationAccess, backend, Version=1.0.0.0, Culture=neutral, PublicKeyToken=null]]'.
2026-03-20 19:05:24.372 [INF] Microsoft.AspNetCore.Mvc.Infrastructure.ObjectResultExecutor | Executing OkObjectResult, writing value of type 'System.Collections.Generic.List`1[[backend.Models.Organization, backend, Version=1.0.0.0, Culture=neutral, PublicKeyToken=null]]'.
2026-03-20 19:05:24.372 [INF] Microsoft.AspNetCore.Mvc.Infrastructure.ObjectResultExecutor | Executing OkObjectResult, writing value of type 'System.Collections.Generic.List`1[[backend.Models.Role, backend, Version=1.0.0.0, Culture=neutral, PublicKeyToken=null]]'.
2026-03-20 19:05:24.372 [INF] Microsoft.AspNetCore.Mvc.Infrastructure.ControllerActionInvoker | Executed action backend.Controllers.UsersController.GetUsers (backend) in 232.6842ms
2026-03-20 19:05:24.372 [INF] Microsoft.AspNetCore.Mvc.Infrastructure.ControllerActionInvoker | Executed action backend.Controllers.UsersController.GetOrganizations (backend) in 230.9934ms
2026-03-20 19:05:24.372 [INF] Microsoft.AspNetCore.Routing.EndpointMiddleware | Executed endpoint 'backend.Controllers.UsersController.GetUsers (backend)'
2026-03-20 19:05:24.372 [INF] Microsoft.AspNetCore.Routing.EndpointMiddleware | Executed endpoint 'backend.Controllers.UsersController.GetOrganizations (backend)'
2026-03-20 19:05:24.372 [INF] Microsoft.AspNetCore.Mvc.Infrastructure.ControllerActionInvoker | Executed action backend.Controllers.UsersController.GetRoles (backend) in 231.6235ms
2026-03-20 19:05:24.372 [INF] Microsoft.AspNetCore.Routing.EndpointMiddleware | Executed endpoint 'backend.Controllers.UsersController.GetRoles (backend)'
2026-03-20 19:05:24.372 [INF] Serilog.AspNetCore.RequestLoggingMiddleware | HTTP GET /api/users → 200 (233.0ms)
2026-03-20 19:05:24.372 [INF] Serilog.AspNetCore.RequestLoggingMiddleware | HTTP GET /api/users/organizations → 200 (231.3ms)
2026-03-20 19:05:24.373 [INF] Microsoft.AspNetCore.Hosting.Diagnostics | Request finished HTTP/1.1 GET http://localhost:5217/api/users - 200 null application/json; charset=utf-8 234.3894ms
2026-03-20 19:05:24.372 [INF] Serilog.AspNetCore.RequestLoggingMiddleware | HTTP GET /api/users/roles → 200 (232.2ms)
2026-03-20 19:05:24.373 [INF] Microsoft.AspNetCore.Hosting.Diagnostics | Request finished HTTP/1.1 GET http://localhost:5217/api/users/organizations - 200 null application/json; charset=utf-8 233.1188ms
2026-03-20 19:05:24.373 [INF] Microsoft.AspNetCore.Hosting.Diagnostics | Request finished HTTP/1.1 GET http://localhost:5217/api/users/roles - 200 null application/json; charset=utf-8 233.7824ms
2026-03-20 19:08:36.645 [INF] Microsoft.Hosting.Lifetime | Application is shutting down...
2026-03-20 19:08:36.647 [INF] Microsoft.AspNetCore.Server.Kestrel.Connections | Connection id "0HNK6G6PK07IK", Request id "0HNK6G6PK07IK:00000001": the application aborted the connection.
2026-03-20 19:08:36.651 [INF] Microsoft.AspNetCore.Server.Kestrel.Connections | Connection id "0HNK6G6PK07IL", Request id "0HNK6G6PK07IL:00000001": the application aborted the connection.
2026-03-20 19:08:36.662 [INF] Microsoft.AspNetCore.Routing.EndpointMiddleware | Executed endpoint '/hubs/employees'
2026-03-20 19:08:36.662 [INF] Microsoft.AspNetCore.Routing.EndpointMiddleware | Executed endpoint '/hubs/employees'
2026-03-20 19:08:36.662 [INF] Serilog.AspNetCore.RequestLoggingMiddleware | HTTP GET /hubs/employees → 101 (269995.0ms)
2026-03-20 19:08:36.662 [INF] Serilog.AspNetCore.RequestLoggingMiddleware | HTTP GET /hubs/employees → 101 (269968.8ms)
2026-03-20 19:08:36.662 [INF] Microsoft.AspNetCore.Hosting.Diagnostics | Request finished HTTP/1.1 GET http://localhost:5217/hubs/employees?id=jcTIy9_vS4vwcpSSEOKXSQ&access_token=eyJhbGciOiJIUzI1NiIsInR5cCI6IkpXVCJ9.eyJuYW1laWQiOiIxOCIsInVuaXF1ZV9uYW1lIjoidmFzYW50aGFrdW1hciIsImVtYWlsIjoidmFzYW50aDIwMDR2a0BnbWFpbC5jb20iLCJyb2xlIjoiU3VwZXJBZG1pbiIsIk9yZ2FuaXphdGlvbklkIjoiMiIsIk9yZ2FuaXphdGlvbkxvZ28iOiIvdXBsb2Fkcy9vcmctbG9nb3Mvb3JnLWxvZ28tNTg3M2M0NzVkOTFkNGJiZDkwNDZkZWVjNjY3ZDEzNmMuanBnIiwibmJmIjoxNzc0MDEzNTMyLCJleHAiOjE3NzQwOTk5MzIsImlhdCI6MTc3NDAxMzUzMiwiaXNzIjoiUHJvRGVzWC1CYWNrZW5kIiwiYXVkIjoiUHJvRGVzWC1Gcm9udGVuZCJ9.xGDnaZ7UHBUdjPzs1NHVNhUnX0uyx5cO4LbOu-F8kFo - 101 null null 269995.6178ms
2026-03-20 19:08:36.662 [INF] Microsoft.AspNetCore.Hosting.Diagnostics | Request finished HTTP/1.1 GET http://localhost:5217/hubs/employees?id=8jdqVNq3jv7eN5Z5JNgCaw&access_token=eyJhbGciOiJIUzI1NiIsInR5cCI6IkpXVCJ9.eyJuYW1laWQiOiIxOCIsInVuaXF1ZV9uYW1lIjoidmFzYW50aGFrdW1hciIsImVtYWlsIjoidmFzYW50aDIwMDR2a0BnbWFpbC5jb20iLCJyb2xlIjoiU3VwZXJBZG1pbiIsIk9yZ2FuaXphdGlvbklkIjoiMiIsIk9yZ2FuaXphdGlvbkxvZ28iOiIvdXBsb2Fkcy9vcmctbG9nb3Mvb3JnLWxvZ28tNTg3M2M0NzVkOTFkNGJiZDkwNDZkZWVjNjY3ZDEzNmMuanBnIiwibmJmIjoxNzc0MDEzNTMyLCJleHAiOjE3NzQwOTk5MzIsImlhdCI6MTc3NDAxMzUzMiwiaXNzIjoiUHJvRGVzWC1CYWNrZW5kIiwiYXVkIjoiUHJvRGVzWC1Gcm9udGVuZCJ9.xGDnaZ7UHBUdjPzs1NHVNhUnX0uyx5cO4LbOu-F8kFo - 101 null null 269969.2579ms
