2026-04-11 09:58:54.753 [INF]  | === ProDesX-HRM Backend Starting (Migrations Rev 5: Explicit Columns) ===
2026-04-11 09:58:56.239 [INF]  | === ProDesX-HRM Backend Starting (Migrations Rev 4: Clean GOs) ===
2026-04-11 09:58:58.594 [INF]  | [DB] Connected to: 103.235.104.197 | proxPayroll
2026-04-11 09:58:59.010 [INF]  | [DB] Database exists. Running migrations.sql...
2026-04-11 09:59:00.695 [WRN]  | [DB] Batch skipped in migrations.sql: Invalid column name 'EmployeeId'.
2026-04-11 09:59:00.719 [WRN]  | [DB] Batch skipped in migrations.sql: Invalid column name 'EmployeeId'.
2026-04-11 09:59:02.304 [WRN]  | [DB] Batch skipped in migrations.sql: 'CREATE/ALTER PROCEDURE' must be the first statement in a query batch.
2026-04-11 09:59:03.918 [INF]  | [DB] Finished running migrations.sql. 155 batches applied, 3 skipped.
2026-04-11 09:59:04.267 [WRN]  | [DB] Procedure apply skipped: Invalid column name 'EmployeeId'.
2026-04-11 09:59:04.280 [WRN]  | [DB] Procedure apply skipped: Invalid column name 'EmployeeId'.
2026-04-11 09:59:05.905 [INF]  | [DB] Procedures refreshed (CREATE OR ALTER). 136 applied, 2 skipped.
2026-04-11 09:59:05.905 [INF]  | [DB] Migrations complete.
2026-04-11 09:59:06.508 [INF]  | === Backend running at http://localhost:5217 ===
2026-04-11 09:59:06.534 [INF] Microsoft.AspNetCore.DataProtection.KeyManagement.XmlKeyManager | User profile is available. Using 'C:\Users\vasanth\AppData\Local\ASP.NET\DataProtection-Keys' as key repository and Windows DPAPI to encrypt keys at rest.
2026-04-11 09:59:06.548 [INF] backend.Services.ShiftScheduleBackgroundService | Shift Schedule Background Service is starting.
2026-04-11 09:59:06.741 [INF] Microsoft.Hosting.Lifetime | Now listening on: http://localhost:5217
2026-04-11 09:59:06.742 [INF] Microsoft.Hosting.Lifetime | Application started. Press Ctrl+C to shut down.
2026-04-11 09:59:06.742 [INF] Microsoft.Hosting.Lifetime | Hosting environment: Development
2026-04-11 09:59:06.742 [INF] Microsoft.Hosting.Lifetime | Content root path: C:\Repos_Work\Prodesx_HRM_Mobile_Application\backend
2026-04-11 09:59:16.555 [INF] backend.Services.ShiftScheduleBackgroundService | Shift Schedule Background Service is running...
2026-04-11 09:59:20.094 [INF] backend.Services.ShiftScheduleBackgroundService | Shift Schedule Background Service completed. Inserted 4 new schedules for the rolling 30-day window.
2026-04-11 10:34:58.399 [INF] Microsoft.AspNetCore.Hosting.Diagnostics | Request starting HTTP/1.1 OPTIONS http://localhost:5217/api/auth/login - null null
2026-04-11 10:34:58.479 [INF] Microsoft.AspNetCore.Cors.Infrastructure.CorsService | CORS policy execution successful.
2026-04-11 10:34:58.531 [INF] Microsoft.AspNetCore.Hosting.Diagnostics | Request finished HTTP/1.1 OPTIONS http://localhost:5217/api/auth/login - 204 null null 134.8126ms
2026-04-11 10:34:58.538 [INF] Microsoft.AspNetCore.Hosting.Diagnostics | Request starting HTTP/1.1 POST http://localhost:5217/api/auth/login - application/json 62
2026-04-11 10:34:58.551 [INF] Microsoft.AspNetCore.Cors.Infrastructure.CorsService | CORS policy execution successful.
2026-04-11 10:34:58.586 [WRN] Microsoft.AspNetCore.HttpsPolicy.HttpsRedirectionMiddleware | Failed to determine the https port for redirect.
2026-04-11 10:34:58.651 [INF] Microsoft.AspNetCore.Routing.EndpointMiddleware | Executing endpoint 'backend.Controllers.AuthController.Login (backend)'
2026-04-11 10:34:58.691 [INF] Microsoft.AspNetCore.Mvc.Infrastructure.ControllerActionInvoker | Route matched with {action = "Login", controller = "Auth"}. Executing controller action with signature System.Threading.Tasks.Task`1[Microsoft.AspNetCore.Mvc.IActionResult] Login(backend.Models.LoginRequest) on controller backend.Controllers.AuthController (backend).
2026-04-11 10:34:58.768 [INF] backend.Controllers.AuthController | [Auth] Login attempt | Email=vasanth2004vk@gmail.com
2026-04-11 10:34:59.764 [INF] backend.Controllers.AuthController | [Auth] User login session recorded | UserId=18 | TokenExpiry="2026-04-12T05:04:59.6654498Z"
2026-04-11 10:34:59.764 [INF] backend.Controllers.AuthController | [Auth] Login SUCCESS | Email=vasanth2004vk@gmail.com | EffectiveRole=SuperAdmin | OrgId=2
2026-04-11 10:34:59.772 [INF] Microsoft.AspNetCore.Mvc.Infrastructure.ObjectResultExecutor | Executing OkObjectResult, writing value of type '<>f__AnonymousType23`2[[System.String, System.Private.CoreLib, Version=10.0.0.0, Culture=neutral, PublicKeyToken=7cec85d7bea7798e],[<>f__AnonymousType24`6[[System.Int32, System.Private.CoreLib, Version=10.0.0.0, Culture=neutral, PublicKeyToken=7cec85d7bea7798e],[System.String, System.Private.CoreLib, Version=10.0.0.0, Culture=neutral, PublicKeyToken=7cec85d7bea7798e],[System.String, System.Private.CoreLib, Version=10.0.0.0, Culture=neutral, PublicKeyToken=7cec85d7bea7798e],[System.String, System.Private.CoreLib, Version=10.0.0.0, Culture=neutral, PublicKeyToken=7cec85d7bea7798e],[System.Nullable`1[[System.Int32, System.Private.CoreLib, Version=10.0.0.0, Culture=neutral, PublicKeyToken=7cec85d7bea7798e]], System.Private.CoreLib, Version=10.0.0.0, Culture=neutral, PublicKeyToken=7cec85d7bea7798e],[System.String, System.Private.CoreLib, Version=10.0.0.0, Culture=neutral, PublicKeyToken=7cec85d7bea7798e]], backend, Version=1.0.0.0, Culture=neutral, PublicKeyToken=null]]'.
2026-04-11 10:34:59.801 [INF] Microsoft.AspNetCore.Mvc.Infrastructure.ControllerActionInvoker | Executed action backend.Controllers.AuthController.Login (backend) in 1103.5544ms
2026-04-11 10:34:59.802 [INF] Microsoft.AspNetCore.Routing.EndpointMiddleware | Executed endpoint 'backend.Controllers.AuthController.Login (backend)'
2026-04-11 10:34:59.805 [INF] Serilog.AspNetCore.RequestLoggingMiddleware | HTTP POST /api/auth/login → 200 (1156.1ms)
2026-04-11 10:34:59.809 [INF] Microsoft.AspNetCore.Hosting.Diagnostics | Request finished HTTP/1.1 POST http://localhost:5217/api/auth/login - 200 null application/json; charset=utf-8 1271.8268ms
2026-04-11 10:34:59.830 [INF] Microsoft.AspNetCore.Hosting.Diagnostics | Request starting HTTP/1.1 OPTIONS http://localhost:5217/api/users/organizations - null null
2026-04-11 10:34:59.830 [INF] Microsoft.AspNetCore.Cors.Infrastructure.CorsService | CORS policy execution successful.
2026-04-11 10:34:59.831 [INF] Microsoft.AspNetCore.Hosting.Diagnostics | Request finished HTTP/1.1 OPTIONS http://localhost:5217/api/users/organizations - 204 null null 0.9058ms
2026-04-11 10:34:59.833 [INF] Microsoft.AspNetCore.Hosting.Diagnostics | Request starting HTTP/1.1 GET http://localhost:5217/api/users/organizations - null null
2026-04-11 10:34:59.834 [INF] Microsoft.AspNetCore.Cors.Infrastructure.CorsService | CORS policy execution successful.
2026-04-11 10:34:59.895 [INF] Microsoft.AspNetCore.Routing.EndpointMiddleware | Executing endpoint 'backend.Controllers.UsersController.GetOrganizations (backend)'
2026-04-11 10:34:59.907 [INF] Microsoft.AspNetCore.Mvc.Infrastructure.ControllerActionInvoker | Route matched with {action = "GetOrganizations", controller = "Users"}. Executing controller action with signature System.Threading.Tasks.Task`1[Microsoft.AspNetCore.Mvc.IActionResult] GetOrganizations() on controller backend.Controllers.UsersController (backend).
2026-04-11 10:34:59.913 [INF] backend.Controllers.UsersController | [Users] GET organizations | Role=SuperAdmin | UserId=18
2026-04-11 10:35:00.032 [INF] Microsoft.AspNetCore.Mvc.Infrastructure.ObjectResultExecutor | Executing OkObjectResult, writing value of type 'System.Collections.Generic.List`1[[backend.Models.Organization, backend, Version=1.0.0.0, Culture=neutral, PublicKeyToken=null]]'.
2026-04-11 10:35:00.063 [INF] Microsoft.AspNetCore.Mvc.Infrastructure.ControllerActionInvoker | Executed action backend.Controllers.UsersController.GetOrganizations (backend) in 155.7223ms
2026-04-11 10:35:00.063 [INF] Microsoft.AspNetCore.Routing.EndpointMiddleware | Executed endpoint 'backend.Controllers.UsersController.GetOrganizations (backend)'
2026-04-11 10:35:00.063 [INF] Serilog.AspNetCore.RequestLoggingMiddleware | HTTP GET /api/users/organizations → 200 (168.5ms)
2026-04-11 10:35:00.063 [INF] Microsoft.AspNetCore.Hosting.Diagnostics | Request finished HTTP/1.1 GET http://localhost:5217/api/users/organizations - 200 null application/json; charset=utf-8 230.516ms
2026-04-11 10:35:00.572 [INF] Microsoft.AspNetCore.Hosting.Diagnostics | Request starting HTTP/1.1 GET http://localhost:5217/uploads/org-logos/org-logo-5873c475d91d4bbd9046deec667d136c.jpg - null null
2026-04-11 10:35:00.573 [INF] Microsoft.AspNetCore.Cors.Infrastructure.CorsService | CORS policy execution successful.
2026-04-11 10:35:00.613 [INF] Microsoft.AspNetCore.Hosting.Diagnostics | Request starting HTTP/1.1 OPTIONS http://localhost:5217/api/organizations - null null
2026-04-11 10:35:00.613 [INF] Microsoft.AspNetCore.Cors.Infrastructure.CorsService | CORS policy execution successful.
2026-04-11 10:35:00.613 [INF] Microsoft.AspNetCore.Hosting.Diagnostics | Request finished HTTP/1.1 OPTIONS http://localhost:5217/api/organizations - 204 null null 0.3595ms
2026-04-11 10:35:00.615 [INF] Microsoft.AspNetCore.Hosting.Diagnostics | Request starting HTTP/1.1 GET http://localhost:5217/api/organizations - application/json null
2026-04-11 10:35:00.615 [INF] Microsoft.AspNetCore.Cors.Infrastructure.CorsService | CORS policy execution successful.
2026-04-11 10:35:00.619 [INF] Microsoft.AspNetCore.StaticFiles.StaticFileMiddleware | The file /uploads/org-logos/org-logo-5873c475d91d4bbd9046deec667d136c.jpg was not modified
2026-04-11 10:35:00.620 [INF] Microsoft.AspNetCore.Hosting.Diagnostics | Request finished HTTP/1.1 GET http://localhost:5217/uploads/org-logos/org-logo-5873c475d91d4bbd9046deec667d136c.jpg - 304 null image/jpeg 48.0489ms
2026-04-11 10:35:00.625 [INF] Microsoft.AspNetCore.Routing.EndpointMiddleware | Executing endpoint 'backend.Controllers.OrganizationsController.GetOrganizations (backend)'
2026-04-11 10:35:00.634 [INF] Microsoft.AspNetCore.Mvc.Infrastructure.ControllerActionInvoker | Route matched with {action = "GetOrganizations", controller = "Organizations"}. Executing controller action with signature System.Threading.Tasks.Task`1[Microsoft.AspNetCore.Mvc.IActionResult] GetOrganizations() on controller backend.Controllers.OrganizationsController (backend).
2026-04-11 10:35:00.640 [INF] backend.Controllers.OrganizationsController | [Orgs] GET all requested | Role=SuperAdmin | UserId=18
2026-04-11 10:35:00.652 [INF] Microsoft.AspNetCore.Mvc.Infrastructure.ObjectResultExecutor | Executing OkObjectResult, writing value of type 'System.Collections.Generic.List`1[[backend.Models.Organization, backend, Version=1.0.0.0, Culture=neutral, PublicKeyToken=null]]'.
2026-04-11 10:35:00.653 [INF] Microsoft.AspNetCore.Mvc.Infrastructure.ControllerActionInvoker | Executed action backend.Controllers.OrganizationsController.GetOrganizations (backend) in 18.0436ms
2026-04-11 10:35:00.653 [INF] Microsoft.AspNetCore.Routing.EndpointMiddleware | Executed endpoint 'backend.Controllers.OrganizationsController.GetOrganizations (backend)'
2026-04-11 10:35:00.653 [INF] Serilog.AspNetCore.RequestLoggingMiddleware | HTTP GET /api/organizations → 200 (28.4ms)
2026-04-11 10:35:00.653 [INF] Microsoft.AspNetCore.Hosting.Diagnostics | Request finished HTTP/1.1 GET http://localhost:5217/api/organizations - 200 null application/json; charset=utf-8 37.7514ms
2026-04-11 10:35:00.901 [INF] Microsoft.AspNetCore.Hosting.Diagnostics | Request starting HTTP/1.1 OPTIONS http://localhost:5217/api/leads - null null
2026-04-11 10:35:00.901 [INF] Microsoft.AspNetCore.Cors.Infrastructure.CorsService | CORS policy execution successful.
2026-04-11 10:35:00.902 [INF] Microsoft.AspNetCore.Hosting.Diagnostics | Request finished HTTP/1.1 OPTIONS http://localhost:5217/api/leads - 204 null null 0.2955ms
2026-04-11 10:35:00.903 [INF] Microsoft.AspNetCore.Hosting.Diagnostics | Request starting HTTP/1.1 GET http://localhost:5217/api/leads - application/json null
2026-04-11 10:35:00.903 [INF] Microsoft.AspNetCore.Cors.Infrastructure.CorsService | CORS policy execution successful.
2026-04-11 10:35:00.905 [INF] Microsoft.AspNetCore.Routing.EndpointMiddleware | Executing endpoint 'backend.Controllers.LeadsController.GetLeads (backend)'
2026-04-11 10:35:00.915 [INF] Microsoft.AspNetCore.Mvc.Infrastructure.ControllerActionInvoker | Route matched with {action = "GetLeads", controller = "Leads"}. Executing controller action with signature System.Threading.Tasks.Task`1[System.Collections.Generic.IEnumerable`1[backend.Models.Lead]] GetLeads() on controller backend.Controllers.LeadsController (backend).
2026-04-11 10:35:00.937 [INF] Microsoft.AspNetCore.Mvc.Infrastructure.ObjectResultExecutor | Executing ObjectResult, writing value of type 'System.Collections.Generic.List`1[[backend.Models.Lead, backend, Version=1.0.0.0, Culture=neutral, PublicKeyToken=null]]'.
2026-04-11 10:35:00.948 [INF] Microsoft.AspNetCore.Mvc.Infrastructure.ControllerActionInvoker | Executed action backend.Controllers.LeadsController.GetLeads (backend) in 32.915ms
2026-04-11 10:35:00.948 [INF] Microsoft.AspNetCore.Routing.EndpointMiddleware | Executed endpoint 'backend.Controllers.LeadsController.GetLeads (backend)'
2026-04-11 10:35:00.948 [INF] Serilog.AspNetCore.RequestLoggingMiddleware | HTTP GET /api/leads → 200 (43.0ms)
2026-04-11 10:35:00.948 [INF] Microsoft.AspNetCore.Hosting.Diagnostics | Request finished HTTP/1.1 GET http://localhost:5217/api/leads - 200 null application/json; charset=utf-8 45.1897ms
2026-04-11 10:35:00.962 [INF] Microsoft.AspNetCore.Hosting.Diagnostics | Request starting HTTP/1.1 OPTIONS http://localhost:5217/api/employees?organizationId=2 - null null
2026-04-11 10:35:00.962 [INF] Microsoft.AspNetCore.Cors.Infrastructure.CorsService | CORS policy execution successful.
2026-04-11 10:35:00.962 [INF] Microsoft.AspNetCore.Hosting.Diagnostics | Request finished HTTP/1.1 OPTIONS http://localhost:5217/api/employees?organizationId=2 - 204 null null 0.3901ms
2026-04-11 10:35:00.965 [INF] Microsoft.AspNetCore.Hosting.Diagnostics | Request starting HTTP/1.1 GET http://localhost:5217/api/employees?organizationId=2 - application/json null
2026-04-11 10:35:00.965 [INF] Microsoft.AspNetCore.Cors.Infrastructure.CorsService | CORS policy execution successful.
2026-04-11 10:35:00.970 [INF] Microsoft.AspNetCore.Routing.EndpointMiddleware | Executing endpoint 'backend.Controllers.EmployeesController.GetEmployees (backend)'
2026-04-11 10:35:00.980 [INF] Microsoft.AspNetCore.Mvc.Infrastructure.ControllerActionInvoker | Route matched with {action = "GetEmployees", controller = "Employees"}. Executing controller action with signature System.Threading.Tasks.Task`1[Microsoft.AspNetCore.Mvc.IActionResult] GetEmployees(System.Nullable`1[System.Int32]) on controller backend.Controllers.EmployeesController (backend).
2026-04-11 10:35:00.987 [INF] backend.Controllers.EmployeesController | [Employees] GET all | TargetOrgId=2 | UserOrgId=2
2026-04-11 10:35:01.035 [INF] Microsoft.AspNetCore.Mvc.Infrastructure.ObjectResultExecutor | Executing OkObjectResult, writing value of type 'System.Collections.Generic.List`1[[backend.Models.Employee, backend, Version=1.0.0.0, Culture=neutral, PublicKeyToken=null]]'.
2026-04-11 10:35:01.052 [INF] Microsoft.AspNetCore.Mvc.Infrastructure.ControllerActionInvoker | Executed action backend.Controllers.EmployeesController.GetEmployees (backend) in 71.2813ms
2026-04-11 10:35:01.052 [INF] Microsoft.AspNetCore.Routing.EndpointMiddleware | Executed endpoint 'backend.Controllers.EmployeesController.GetEmployees (backend)'
2026-04-11 10:35:01.052 [INF] Serilog.AspNetCore.RequestLoggingMiddleware | HTTP GET /api/employees → 200 (81.8ms)
2026-04-11 10:35:01.052 [INF] Microsoft.AspNetCore.Hosting.Diagnostics | Request finished HTTP/1.1 GET http://localhost:5217/api/employees?organizationId=2 - 200 null application/json; charset=utf-8 87.546ms
2026-04-11 10:35:01.062 [INF] Microsoft.AspNetCore.Hosting.Diagnostics | Request starting HTTP/1.1 OPTIONS http://localhost:5217/api/ShiftAssignments/roster?start=2026-04-11&end=2026-04-18&orgId=2 - null null
2026-04-11 10:35:01.062 [INF] Microsoft.AspNetCore.Cors.Infrastructure.CorsService | CORS policy execution successful.
2026-04-11 10:35:01.062 [INF] Microsoft.AspNetCore.Hosting.Diagnostics | Request finished HTTP/1.1 OPTIONS http://localhost:5217/api/ShiftAssignments/roster?start=2026-04-11&end=2026-04-18&orgId=2 - 204 null null 0.3358ms
2026-04-11 10:35:01.064 [INF] Microsoft.AspNetCore.Hosting.Diagnostics | Request starting HTTP/1.1 GET http://localhost:5217/api/ShiftAssignments/roster?start=2026-04-11&end=2026-04-18&orgId=2 - application/json null
2026-04-11 10:35:01.066 [INF] Microsoft.AspNetCore.Cors.Infrastructure.CorsService | CORS policy execution successful.
2026-04-11 10:35:01.066 [INF] Microsoft.AspNetCore.Routing.EndpointMiddleware | Executing endpoint 'backend.Controllers.ShiftAssignmentsController.GetMonthlyRosterFixed (backend)'
2026-04-11 10:35:01.074 [INF] Microsoft.AspNetCore.Hosting.Diagnostics | Request starting HTTP/1.1 GET http://localhost:5217/uploads/employee-photos/emp-31.jpg - null null
2026-04-11 10:35:01.074 [INF] Microsoft.AspNetCore.Cors.Infrastructure.CorsService | CORS policy execution successful.
2026-04-11 10:35:01.074 [INF] Microsoft.AspNetCore.StaticFiles.StaticFileMiddleware | The file /uploads/employee-photos/emp-31.jpg was not modified
2026-04-11 10:35:01.074 [INF] Microsoft.AspNetCore.Hosting.Diagnostics | Request finished HTTP/1.1 GET http://localhost:5217/uploads/employee-photos/emp-31.jpg - 304 null image/jpeg 0.8294ms
2026-04-11 10:35:01.077 [INF] Microsoft.AspNetCore.Mvc.Infrastructure.ControllerActionInvoker | Route matched with {action = "GetMonthlyRosterFixed", controller = "ShiftAssignments"}. Executing controller action with signature System.Threading.Tasks.Task`1[Microsoft.AspNetCore.Mvc.IActionResult] GetMonthlyRosterFixed(System.String, System.String, System.Nullable`1[System.Int32]) on controller backend.Controllers.ShiftAssignmentsController (backend).
2026-04-11 10:35:01.227 [INF] Microsoft.AspNetCore.Mvc.Infrastructure.ObjectResultExecutor | Executing OkObjectResult, writing value of type 'System.Collections.Generic.List`1[[backend.Models.EmployeeSchedule, backend, Version=1.0.0.0, Culture=neutral, PublicKeyToken=null]]'.
2026-04-11 10:35:01.234 [INF] Microsoft.AspNetCore.Mvc.Infrastructure.ControllerActionInvoker | Executed action backend.Controllers.ShiftAssignmentsController.GetMonthlyRosterFixed (backend) in 157.0418ms
2026-04-11 10:35:01.234 [INF] Microsoft.AspNetCore.Routing.EndpointMiddleware | Executed endpoint 'backend.Controllers.ShiftAssignmentsController.GetMonthlyRosterFixed (backend)'
2026-04-11 10:35:01.234 [INF] Serilog.AspNetCore.RequestLoggingMiddleware | HTTP GET /api/ShiftAssignments/roster → 200 (167.8ms)
2026-04-11 10:35:01.234 [INF] Microsoft.AspNetCore.Hosting.Diagnostics | Request finished HTTP/1.1 GET http://localhost:5217/api/ShiftAssignments/roster?start=2026-04-11&end=2026-04-18&orgId=2 - 200 null application/json; charset=utf-8 169.9604ms
2026-04-11 10:35:01.263 [INF] Microsoft.AspNetCore.Hosting.Diagnostics | Request starting HTTP/1.1 OPTIONS http://localhost:5217/api/Attendance/status?employeeId=31&orgId=2 - null null
2026-04-11 10:35:01.264 [INF] Microsoft.AspNetCore.Cors.Infrastructure.CorsService | CORS policy execution successful.
2026-04-11 10:35:01.264 [INF] Microsoft.AspNetCore.Hosting.Diagnostics | Request finished HTTP/1.1 OPTIONS http://localhost:5217/api/Attendance/status?employeeId=31&orgId=2 - 204 null null 0.4823ms
2026-04-11 10:35:01.266 [INF] Microsoft.AspNetCore.Hosting.Diagnostics | Request starting HTTP/1.1 GET http://localhost:5217/api/Attendance/status?employeeId=31&orgId=2 - application/json null
2026-04-11 10:35:01.268 [INF] Microsoft.AspNetCore.Cors.Infrastructure.CorsService | CORS policy execution successful.
2026-04-11 10:35:01.269 [INF] Microsoft.AspNetCore.Routing.EndpointMiddleware | Executing endpoint 'backend.Controllers.AttendanceController.GetStatus (backend)'
2026-04-11 10:35:01.281 [INF] Microsoft.AspNetCore.Mvc.Infrastructure.ControllerActionInvoker | Route matched with {action = "GetStatus", controller = "Attendance"}. Executing controller action with signature System.Threading.Tasks.Task`1[Microsoft.AspNetCore.Mvc.IActionResult] GetStatus(Int32, Int32) on controller backend.Controllers.AttendanceController (backend).
2026-04-11 10:35:01.312 [ERR] backend.Controllers.AttendanceController | Error getting attendance status
Microsoft.Data.SqlClient.SqlException (0x80131904): Invalid column name 'FN'.
Invalid column name 'AN'.
   at System.Threading.Tasks.ContinuationResultTaskFromResultTask`2.InnerInvoke()
   at System.Threading.ExecutionContext.RunInternal(ExecutionContext executionContext, ContextCallback callback, Object state)
--- End of stack trace from previous location ---
   at System.Threading.ExecutionContext.RunInternal(ExecutionContext executionContext, ContextCallback callback, Object state)
   at System.Threading.Tasks.Task.ExecuteWithThreadLocal(Task& currentTaskSlot, Thread threadPoolThread)
--- End of stack trace from previous location ---
   at Dapper.SqlMapper.QueryRowAsync[T](IDbConnection cnn, Row row, Type effectiveType, CommandDefinition command) in /_/Dapper/SqlMapper.Async.cs:line 489
   at backend.Controllers.AttendanceController.GetStatus(Int32 employeeId, Int32 orgId) in C:\Repos_Work\Prodesx_HRM_Mobile_Application\backend\Controllers\AttendanceController.cs:line 235
ClientConnectionId:19350535-110c-45ff-8efa-e2b250582740
Error Number:207,State:1,Class:16
2026-04-11 10:35:01.352 [INF] Microsoft.AspNetCore.Mvc.Infrastructure.ObjectResultExecutor | Executing ObjectResult, writing value of type 'System.String'.
2026-04-11 10:35:01.353 [INF] Microsoft.AspNetCore.Mvc.Infrastructure.ControllerActionInvoker | Executed action backend.Controllers.AttendanceController.GetStatus (backend) in 71.4467ms
2026-04-11 10:35:01.353 [INF] Microsoft.AspNetCore.Routing.EndpointMiddleware | Executed endpoint 'backend.Controllers.AttendanceController.GetStatus (backend)'
2026-04-11 10:35:01.353 [ERR] Serilog.AspNetCore.RequestLoggingMiddleware | HTTP GET /api/Attendance/status → 500 (84.3ms)
2026-04-11 10:35:01.355 [INF] Microsoft.AspNetCore.Hosting.Diagnostics | Request finished HTTP/1.1 GET http://localhost:5217/api/Attendance/status?employeeId=31&orgId=2 - 500 null text/plain; charset=utf-8 89.4892ms
2026-04-11 10:35:06.613 [INF] Microsoft.AspNetCore.Hosting.Diagnostics | Request starting HTTP/1.1 OPTIONS http://localhost:5217/api/organizations - null null
2026-04-11 10:35:06.613 [INF] Microsoft.AspNetCore.Cors.Infrastructure.CorsService | CORS policy execution successful.
2026-04-11 10:35:06.613 [INF] Microsoft.AspNetCore.Hosting.Diagnostics | Request finished HTTP/1.1 OPTIONS http://localhost:5217/api/organizations - 204 null null 0.5311ms
2026-04-11 10:35:06.615 [INF] Microsoft.AspNetCore.Hosting.Diagnostics | Request starting HTTP/1.1 GET http://localhost:5217/api/organizations - application/json null
2026-04-11 10:35:06.615 [INF] Microsoft.AspNetCore.Cors.Infrastructure.CorsService | CORS policy execution successful.
2026-04-11 10:35:06.616 [INF] Microsoft.AspNetCore.Routing.EndpointMiddleware | Executing endpoint 'backend.Controllers.OrganizationsController.GetOrganizations (backend)'
2026-04-11 10:35:06.616 [INF] Microsoft.AspNetCore.Mvc.Infrastructure.ControllerActionInvoker | Route matched with {action = "GetOrganizations", controller = "Organizations"}. Executing controller action with signature System.Threading.Tasks.Task`1[Microsoft.AspNetCore.Mvc.IActionResult] GetOrganizations() on controller backend.Controllers.OrganizationsController (backend).
2026-04-11 10:35:06.616 [INF] backend.Controllers.OrganizationsController | [Orgs] GET all requested | Role=SuperAdmin | UserId=18
2026-04-11 10:35:06.656 [INF] Microsoft.AspNetCore.Mvc.Infrastructure.ObjectResultExecutor | Executing OkObjectResult, writing value of type 'System.Collections.Generic.List`1[[backend.Models.Organization, backend, Version=1.0.0.0, Culture=neutral, PublicKeyToken=null]]'.
2026-04-11 10:35:06.656 [INF] Microsoft.AspNetCore.Mvc.Infrastructure.ControllerActionInvoker | Executed action backend.Controllers.OrganizationsController.GetOrganizations (backend) in 39.9471ms
2026-04-11 10:35:06.656 [INF] Microsoft.AspNetCore.Routing.EndpointMiddleware | Executed endpoint 'backend.Controllers.OrganizationsController.GetOrganizations (backend)'
2026-04-11 10:35:06.656 [INF] Serilog.AspNetCore.RequestLoggingMiddleware | HTTP GET /api/organizations → 200 (40.2ms)
2026-04-11 10:35:06.656 [INF] Microsoft.AspNetCore.Hosting.Diagnostics | Request finished HTTP/1.1 GET http://localhost:5217/api/organizations - 200 null application/json; charset=utf-8 40.97ms
2026-04-11 10:35:10.386 [INF] Microsoft.AspNetCore.Hosting.Diagnostics | Request starting HTTP/1.1 OPTIONS http://localhost:5217/api/leads - null null
2026-04-11 10:35:10.387 [INF] Microsoft.AspNetCore.Cors.Infrastructure.CorsService | CORS policy execution successful.
2026-04-11 10:35:10.387 [INF] Microsoft.AspNetCore.Hosting.Diagnostics | Request finished HTTP/1.1 OPTIONS http://localhost:5217/api/leads - 204 null null 0.3946ms
2026-04-11 10:35:10.402 [INF] Microsoft.AspNetCore.Hosting.Diagnostics | Request starting HTTP/1.1 GET http://localhost:5217/api/leads - application/json null
2026-04-11 10:35:10.402 [INF] Microsoft.AspNetCore.Cors.Infrastructure.CorsService | CORS policy execution successful.
2026-04-11 10:35:10.403 [INF] Microsoft.AspNetCore.Routing.EndpointMiddleware | Executing endpoint 'backend.Controllers.LeadsController.GetLeads (backend)'
2026-04-11 10:35:10.403 [INF] Microsoft.AspNetCore.Mvc.Infrastructure.ControllerActionInvoker | Route matched with {action = "GetLeads", controller = "Leads"}. Executing controller action with signature System.Threading.Tasks.Task`1[System.Collections.Generic.IEnumerable`1[backend.Models.Lead]] GetLeads() on controller backend.Controllers.LeadsController (backend).
2026-04-11 10:35:10.415 [INF] Microsoft.AspNetCore.Mvc.Infrastructure.ObjectResultExecutor | Executing ObjectResult, writing value of type 'System.Collections.Generic.List`1[[backend.Models.Lead, backend, Version=1.0.0.0, Culture=neutral, PublicKeyToken=null]]'.
2026-04-11 10:35:10.415 [INF] Microsoft.AspNetCore.Mvc.Infrastructure.ControllerActionInvoker | Executed action backend.Controllers.LeadsController.GetLeads (backend) in 12.1659ms
2026-04-11 10:35:10.415 [INF] Microsoft.AspNetCore.Routing.EndpointMiddleware | Executed endpoint 'backend.Controllers.LeadsController.GetLeads (backend)'
2026-04-11 10:35:10.415 [INF] Serilog.AspNetCore.RequestLoggingMiddleware | HTTP GET /api/leads → 200 (12.5ms)
2026-04-11 10:35:10.415 [INF] Microsoft.AspNetCore.Hosting.Diagnostics | Request finished HTTP/1.1 GET http://localhost:5217/api/leads - 200 null application/json; charset=utf-8 13.3391ms
2026-04-11 10:35:10.470 [INF] Microsoft.AspNetCore.Hosting.Diagnostics | Request starting HTTP/1.1 GET http://localhost:5217/uploads/org-logos/org-logo-f3e5c29a5727487a9d6c2a5527e8919d.png - null null
2026-04-11 10:35:10.470 [INF] Microsoft.AspNetCore.Cors.Infrastructure.CorsService | CORS policy execution successful.
2026-04-11 10:35:10.471 [INF] Microsoft.AspNetCore.StaticFiles.StaticFileMiddleware | The file /uploads/org-logos/org-logo-f3e5c29a5727487a9d6c2a5527e8919d.png was not modified
2026-04-11 10:35:10.472 [INF] Microsoft.AspNetCore.Hosting.Diagnostics | Request finished HTTP/1.1 GET http://localhost:5217/uploads/org-logos/org-logo-f3e5c29a5727487a9d6c2a5527e8919d.png - 304 null image/png 1.7167ms
2026-04-11 10:35:10.494 [INF] Microsoft.AspNetCore.Hosting.Diagnostics | Request starting HTTP/1.1 GET http://localhost:5217/uploads/org-logos/org-logo-6fcb4a5d7f2e442f800ddd9bde90c680.jpg - null null
2026-04-11 10:35:10.495 [INF] Microsoft.AspNetCore.Cors.Infrastructure.CorsService | CORS policy execution successful.
2026-04-11 10:35:10.495 [INF] Microsoft.AspNetCore.StaticFiles.StaticFileMiddleware | The file /uploads/org-logos/org-logo-6fcb4a5d7f2e442f800ddd9bde90c680.jpg was not modified
2026-04-11 10:35:10.495 [INF] Microsoft.AspNetCore.Hosting.Diagnostics | Request finished HTTP/1.1 GET http://localhost:5217/uploads/org-logos/org-logo-6fcb4a5d7f2e442f800ddd9bde90c680.jpg - 304 null image/jpeg 0.8462ms
2026-04-11 10:35:10.668 [INF] Microsoft.AspNetCore.Hosting.Diagnostics | Request starting HTTP/1.1 OPTIONS http://localhost:5217/api/employees?organizationId=2 - null null
2026-04-11 10:35:10.668 [INF] Microsoft.AspNetCore.Cors.Infrastructure.CorsService | CORS policy execution successful.
2026-04-11 10:35:10.668 [INF] Microsoft.AspNetCore.Hosting.Diagnostics | Request finished HTTP/1.1 OPTIONS http://localhost:5217/api/employees?organizationId=2 - 204 null null 0.4409ms
2026-04-11 10:35:10.672 [INF] Microsoft.AspNetCore.Hosting.Diagnostics | Request starting HTTP/1.1 GET http://localhost:5217/api/employees?organizationId=2 - application/json null
2026-04-11 10:35:10.673 [INF] Microsoft.AspNetCore.Cors.Infrastructure.CorsService | CORS policy execution successful.
2026-04-11 10:35:10.673 [INF] Microsoft.AspNetCore.Routing.EndpointMiddleware | Executing endpoint 'backend.Controllers.EmployeesController.GetEmployees (backend)'
2026-04-11 10:35:10.674 [INF] Microsoft.AspNetCore.Mvc.Infrastructure.ControllerActionInvoker | Route matched with {action = "GetEmployees", controller = "Employees"}. Executing controller action with signature System.Threading.Tasks.Task`1[Microsoft.AspNetCore.Mvc.IActionResult] GetEmployees(System.Nullable`1[System.Int32]) on controller backend.Controllers.EmployeesController (backend).
2026-04-11 10:35:10.676 [INF] backend.Controllers.EmployeesController | [Employees] GET all | TargetOrgId=2 | UserOrgId=2
2026-04-11 10:35:10.696 [INF] Microsoft.AspNetCore.Mvc.Infrastructure.ObjectResultExecutor | Executing OkObjectResult, writing value of type 'System.Collections.Generic.List`1[[backend.Models.Employee, backend, Version=1.0.0.0, Culture=neutral, PublicKeyToken=null]]'.
2026-04-11 10:35:10.696 [INF] Microsoft.AspNetCore.Mvc.Infrastructure.ControllerActionInvoker | Executed action backend.Controllers.EmployeesController.GetEmployees (backend) in 22.4299ms
2026-04-11 10:35:10.696 [INF] Microsoft.AspNetCore.Routing.EndpointMiddleware | Executed endpoint 'backend.Controllers.EmployeesController.GetEmployees (backend)'
2026-04-11 10:35:10.696 [INF] Serilog.AspNetCore.RequestLoggingMiddleware | HTTP GET /api/employees → 200 (22.8ms)
2026-04-11 10:35:10.696 [INF] Microsoft.AspNetCore.Hosting.Diagnostics | Request finished HTTP/1.1 GET http://localhost:5217/api/employees?organizationId=2 - 200 null application/json; charset=utf-8 23.9486ms
2026-04-11 10:35:10.767 [INF] Microsoft.AspNetCore.Hosting.Diagnostics | Request starting HTTP/1.1 OPTIONS http://localhost:5217/api/ShiftAssignments/roster?start=2026-04-11&end=2026-04-18&orgId=2 - null null
2026-04-11 10:35:10.768 [INF] Microsoft.AspNetCore.Cors.Infrastructure.CorsService | CORS policy execution successful.
2026-04-11 10:35:10.768 [INF] Microsoft.AspNetCore.Hosting.Diagnostics | Request finished HTTP/1.1 OPTIONS http://localhost:5217/api/ShiftAssignments/roster?start=2026-04-11&end=2026-04-18&orgId=2 - 204 null null 0.2873ms
2026-04-11 10:35:10.769 [INF] Microsoft.AspNetCore.Hosting.Diagnostics | Request starting HTTP/1.1 GET http://localhost:5217/api/ShiftAssignments/roster?start=2026-04-11&end=2026-04-18&orgId=2 - application/json null
2026-04-11 10:35:10.769 [INF] Microsoft.AspNetCore.Cors.Infrastructure.CorsService | CORS policy execution successful.
2026-04-11 10:35:10.770 [INF] Microsoft.AspNetCore.Routing.EndpointMiddleware | Executing endpoint 'backend.Controllers.ShiftAssignmentsController.GetMonthlyRosterFixed (backend)'
2026-04-11 10:35:10.770 [INF] Microsoft.AspNetCore.Mvc.Infrastructure.ControllerActionInvoker | Route matched with {action = "GetMonthlyRosterFixed", controller = "ShiftAssignments"}. Executing controller action with signature System.Threading.Tasks.Task`1[Microsoft.AspNetCore.Mvc.IActionResult] GetMonthlyRosterFixed(System.String, System.String, System.Nullable`1[System.Int32]) on controller backend.Controllers.ShiftAssignmentsController (backend).
2026-04-11 10:35:10.790 [INF] Microsoft.AspNetCore.Mvc.Infrastructure.ObjectResultExecutor | Executing OkObjectResult, writing value of type 'System.Collections.Generic.List`1[[backend.Models.EmployeeSchedule, backend, Version=1.0.0.0, Culture=neutral, PublicKeyToken=null]]'.
2026-04-11 10:35:10.791 [INF] Microsoft.AspNetCore.Mvc.Infrastructure.ControllerActionInvoker | Executed action backend.Controllers.ShiftAssignmentsController.GetMonthlyRosterFixed (backend) in 20.4961ms
2026-04-11 10:35:10.791 [INF] Microsoft.AspNetCore.Routing.EndpointMiddleware | Executed endpoint 'backend.Controllers.ShiftAssignmentsController.GetMonthlyRosterFixed (backend)'
2026-04-11 10:35:10.791 [INF] Serilog.AspNetCore.RequestLoggingMiddleware | HTTP GET /api/ShiftAssignments/roster → 200 (20.8ms)
2026-04-11 10:35:10.791 [INF] Microsoft.AspNetCore.Hosting.Diagnostics | Request finished HTTP/1.1 GET http://localhost:5217/api/ShiftAssignments/roster?start=2026-04-11&end=2026-04-18&orgId=2 - 200 null application/json; charset=utf-8 21.5015ms
2026-04-11 10:35:11.051 [INF] Microsoft.AspNetCore.Hosting.Diagnostics | Request starting HTTP/1.1 OPTIONS http://localhost:5217/api/Attendance/status?employeeId=31&orgId=2 - null null
2026-04-11 10:35:11.051 [INF] Microsoft.AspNetCore.Cors.Infrastructure.CorsService | CORS policy execution successful.
2026-04-11 10:35:11.051 [INF] Microsoft.AspNetCore.Hosting.Diagnostics | Request finished HTTP/1.1 OPTIONS http://localhost:5217/api/Attendance/status?employeeId=31&orgId=2 - 204 null null 0.3473ms
2026-04-11 10:35:11.118 [INF] Microsoft.AspNetCore.Hosting.Diagnostics | Request starting HTTP/1.1 GET http://localhost:5217/api/Attendance/status?employeeId=31&orgId=2 - application/json null
2026-04-11 10:35:11.118 [INF] Microsoft.AspNetCore.Cors.Infrastructure.CorsService | CORS policy execution successful.
2026-04-11 10:35:11.119 [INF] Microsoft.AspNetCore.Routing.EndpointMiddleware | Executing endpoint 'backend.Controllers.AttendanceController.GetStatus (backend)'
2026-04-11 10:35:11.119 [INF] Microsoft.AspNetCore.Mvc.Infrastructure.ControllerActionInvoker | Route matched with {action = "GetStatus", controller = "Attendance"}. Executing controller action with signature System.Threading.Tasks.Task`1[Microsoft.AspNetCore.Mvc.IActionResult] GetStatus(Int32, Int32) on controller backend.Controllers.AttendanceController (backend).
2026-04-11 10:35:11.201 [ERR] backend.Controllers.AttendanceController | Error getting attendance status
Microsoft.Data.SqlClient.SqlException (0x80131904): Invalid column name 'FN'.
Invalid column name 'AN'.
   at System.Threading.Tasks.ContinuationResultTaskFromResultTask`2.InnerInvoke()
   at System.Threading.ExecutionContext.RunInternal(ExecutionContext executionContext, ContextCallback callback, Object state)
--- End of stack trace from previous location ---
   at System.Threading.ExecutionContext.RunInternal(ExecutionContext executionContext, ContextCallback callback, Object state)
   at System.Threading.Tasks.Task.ExecuteWithThreadLocal(Task& currentTaskSlot, Thread threadPoolThread)
--- End of stack trace from previous location ---
   at Dapper.SqlMapper.QueryRowAsync[T](IDbConnection cnn, Row row, Type effectiveType, CommandDefinition command) in /_/Dapper/SqlMapper.Async.cs:line 489
   at backend.Controllers.AttendanceController.GetStatus(Int32 employeeId, Int32 orgId) in C:\Repos_Work\Prodesx_HRM_Mobile_Application\backend\Controllers\AttendanceController.cs:line 235
ClientConnectionId:19350535-110c-45ff-8efa-e2b250582740
Error Number:207,State:1,Class:16
2026-04-11 10:35:11.202 [INF] Microsoft.AspNetCore.Mvc.Infrastructure.ObjectResultExecutor | Executing ObjectResult, writing value of type 'System.String'.
2026-04-11 10:35:11.202 [INF] Microsoft.AspNetCore.Mvc.Infrastructure.ControllerActionInvoker | Executed action backend.Controllers.AttendanceController.GetStatus (backend) in 83.3639ms
2026-04-11 10:35:11.202 [INF] Microsoft.AspNetCore.Routing.EndpointMiddleware | Executed endpoint 'backend.Controllers.AttendanceController.GetStatus (backend)'
2026-04-11 10:35:11.202 [ERR] Serilog.AspNetCore.RequestLoggingMiddleware | HTTP GET /api/Attendance/status → 500 (83.7ms)
2026-04-11 10:35:11.203 [INF] Microsoft.AspNetCore.Hosting.Diagnostics | Request finished HTTP/1.1 GET http://localhost:5217/api/Attendance/status?employeeId=31&orgId=2 - 500 null text/plain; charset=utf-8 84.6993ms
2026-04-11 10:43:20.882 [INF] Microsoft.AspNetCore.Hosting.Diagnostics | Request starting HTTP/1.1 OPTIONS http://localhost:5217/api/users/organizations - null null
2026-04-11 10:43:20.882 [INF] Microsoft.AspNetCore.Cors.Infrastructure.CorsService | CORS policy execution successful.
2026-04-11 10:43:20.882 [INF] Microsoft.AspNetCore.Hosting.Diagnostics | Request finished HTTP/1.1 OPTIONS http://localhost:5217/api/users/organizations - 204 null null 0.4296ms
2026-04-11 10:43:20.884 [INF] Microsoft.AspNetCore.Hosting.Diagnostics | Request starting HTTP/1.1 GET http://localhost:5217/api/users/organizations - null null
2026-04-11 10:43:20.884 [INF] Microsoft.AspNetCore.Cors.Infrastructure.CorsService | CORS policy execution successful.
2026-04-11 10:43:20.884 [INF] Microsoft.AspNetCore.Routing.EndpointMiddleware | Executing endpoint 'backend.Controllers.UsersController.GetOrganizations (backend)'
2026-04-11 10:43:20.885 [INF] Microsoft.AspNetCore.Mvc.Infrastructure.ControllerActionInvoker | Route matched with {action = "GetOrganizations", controller = "Users"}. Executing controller action with signature System.Threading.Tasks.Task`1[Microsoft.AspNetCore.Mvc.IActionResult] GetOrganizations() on controller backend.Controllers.UsersController (backend).
2026-04-11 10:43:20.885 [INF] backend.Controllers.UsersController | [Users] GET organizations | Role=SuperAdmin | UserId=18
2026-04-11 10:43:24.929 [INF] Microsoft.AspNetCore.Mvc.Infrastructure.ObjectResultExecutor | Executing OkObjectResult, writing value of type 'System.Collections.Generic.List`1[[backend.Models.Organization, backend, Version=1.0.0.0, Culture=neutral, PublicKeyToken=null]]'.
2026-04-11 10:43:24.929 [INF] Microsoft.AspNetCore.Mvc.Infrastructure.ControllerActionInvoker | Executed action backend.Controllers.UsersController.GetOrganizations (backend) in 4044.5203ms
2026-04-11 10:43:24.930 [INF] Microsoft.AspNetCore.Routing.EndpointMiddleware | Executed endpoint 'backend.Controllers.UsersController.GetOrganizations (backend)'
2026-04-11 10:43:24.930 [INF] Serilog.AspNetCore.RequestLoggingMiddleware | HTTP GET /api/users/organizations → 200 (4044.8ms)
2026-04-11 10:43:24.930 [INF] Microsoft.AspNetCore.Hosting.Diagnostics | Request finished HTTP/1.1 GET http://localhost:5217/api/users/organizations - 200 null application/json; charset=utf-8 4045.5713ms
2026-04-11 10:43:24.940 [INF] Microsoft.AspNetCore.Hosting.Diagnostics | Request starting HTTP/1.1 OPTIONS http://localhost:5217/api/designations?organizationId=2 - null null
2026-04-11 10:43:24.940 [INF] Microsoft.AspNetCore.Cors.Infrastructure.CorsService | CORS policy execution successful.
2026-04-11 10:43:24.940 [INF] Microsoft.AspNetCore.Hosting.Diagnostics | Request finished HTTP/1.1 OPTIONS http://localhost:5217/api/designations?organizationId=2 - 204 null null 0.4205ms
2026-04-11 10:43:24.943 [INF] Microsoft.AspNetCore.Hosting.Diagnostics | Request starting HTTP/1.1 GET http://localhost:5217/api/designations?organizationId=2 - application/json null
2026-04-11 10:43:24.943 [INF] Microsoft.AspNetCore.Cors.Infrastructure.CorsService | CORS policy execution successful.
2026-04-11 10:43:24.943 [INF] Microsoft.AspNetCore.Routing.EndpointMiddleware | Executing endpoint 'backend.Controllers.DesignationController.GetDesignations (backend)'
2026-04-11 10:43:24.954 [INF] Microsoft.AspNetCore.Mvc.Infrastructure.ControllerActionInvoker | Route matched with {action = "GetDesignations", controller = "Designation"}. Executing controller action with signature System.Threading.Tasks.Task`1[Microsoft.AspNetCore.Mvc.IActionResult] GetDesignations(System.Nullable`1[System.Int32]) on controller backend.Controllers.DesignationController (backend).
2026-04-11 10:43:25.593 [INF] backend.Controllers.DesignationController | Fetched 8 designations for OrgId 2
2026-04-11 10:43:25.593 [INF] Microsoft.AspNetCore.Mvc.Infrastructure.ObjectResultExecutor | Executing OkObjectResult, writing value of type 'System.Collections.Generic.List`1[[backend.Models.Designation, backend, Version=1.0.0.0, Culture=neutral, PublicKeyToken=null]]'.
2026-04-11 10:43:25.598 [INF] Microsoft.AspNetCore.Mvc.Infrastructure.ControllerActionInvoker | Executed action backend.Controllers.DesignationController.GetDesignations (backend) in 644.4641ms
2026-04-11 10:43:25.598 [INF] Microsoft.AspNetCore.Routing.EndpointMiddleware | Executed endpoint 'backend.Controllers.DesignationController.GetDesignations (backend)'
2026-04-11 10:43:25.598 [INF] Serilog.AspNetCore.RequestLoggingMiddleware | HTTP GET /api/designations → 200 (655.0ms)
2026-04-11 10:43:25.599 [INF] Microsoft.AspNetCore.Hosting.Diagnostics | Request finished HTTP/1.1 GET http://localhost:5217/api/designations?organizationId=2 - 200 null application/json; charset=utf-8 655.9188ms
2026-04-11 10:44:38.826 [INF] Microsoft.AspNetCore.Hosting.Diagnostics | Request starting HTTP/1.1 OPTIONS http://localhost:5217/api/designations?organizationId=2 - null null
2026-04-11 10:44:38.826 [INF] Microsoft.AspNetCore.Cors.Infrastructure.CorsService | CORS policy execution successful.
2026-04-11 10:44:38.826 [INF] Microsoft.AspNetCore.Hosting.Diagnostics | Request finished HTTP/1.1 OPTIONS http://localhost:5217/api/designations?organizationId=2 - 204 null null 0.3121ms
2026-04-11 10:44:38.829 [INF] Microsoft.AspNetCore.Hosting.Diagnostics | Request starting HTTP/1.1 GET http://localhost:5217/api/designations?organizationId=2 - application/json null
2026-04-11 10:44:38.829 [INF] Microsoft.AspNetCore.Cors.Infrastructure.CorsService | CORS policy execution successful.
2026-04-11 10:44:38.830 [INF] Microsoft.AspNetCore.Routing.EndpointMiddleware | Executing endpoint 'backend.Controllers.DesignationController.GetDesignations (backend)'
2026-04-11 10:44:38.830 [INF] Microsoft.AspNetCore.Mvc.Infrastructure.ControllerActionInvoker | Route matched with {action = "GetDesignations", controller = "Designation"}. Executing controller action with signature System.Threading.Tasks.Task`1[Microsoft.AspNetCore.Mvc.IActionResult] GetDesignations(System.Nullable`1[System.Int32]) on controller backend.Controllers.DesignationController (backend).
2026-04-11 10:44:38.847 [INF] backend.Controllers.DesignationController | Fetched 8 designations for OrgId 2
2026-04-11 10:44:38.847 [INF] Microsoft.AspNetCore.Mvc.Infrastructure.ObjectResultExecutor | Executing OkObjectResult, writing value of type 'System.Collections.Generic.List`1[[backend.Models.Designation, backend, Version=1.0.0.0, Culture=neutral, PublicKeyToken=null]]'.
2026-04-11 10:44:38.847 [INF] Microsoft.AspNetCore.Mvc.Infrastructure.ControllerActionInvoker | Executed action backend.Controllers.DesignationController.GetDesignations (backend) in 17.6152ms
2026-04-11 10:44:38.847 [INF] Microsoft.AspNetCore.Routing.EndpointMiddleware | Executed endpoint 'backend.Controllers.DesignationController.GetDesignations (backend)'
2026-04-11 10:44:38.848 [INF] Serilog.AspNetCore.RequestLoggingMiddleware | HTTP GET /api/designations → 200 (17.8ms)
2026-04-11 10:44:38.848 [INF] Microsoft.AspNetCore.Hosting.Diagnostics | Request finished HTTP/1.1 GET http://localhost:5217/api/designations?organizationId=2 - 200 null application/json; charset=utf-8 18.41ms
2026-04-11 10:45:39.896 [INF] Microsoft.AspNetCore.Hosting.Diagnostics | Request starting HTTP/1.1 OPTIONS http://localhost:5217/api/users/organizations - null null
2026-04-11 10:45:39.896 [INF] Microsoft.AspNetCore.Cors.Infrastructure.CorsService | CORS policy execution successful.
2026-04-11 10:45:39.897 [INF] Microsoft.AspNetCore.Hosting.Diagnostics | Request finished HTTP/1.1 OPTIONS http://localhost:5217/api/users/organizations - 204 null null 0.2912ms
2026-04-11 10:45:39.903 [INF] Microsoft.AspNetCore.Hosting.Diagnostics | Request starting HTTP/1.1 GET http://localhost:5217/api/users/organizations - null null
2026-04-11 10:45:39.903 [INF] Microsoft.AspNetCore.Cors.Infrastructure.CorsService | CORS policy execution successful.
2026-04-11 10:45:39.904 [INF] Microsoft.AspNetCore.Routing.EndpointMiddleware | Executing endpoint 'backend.Controllers.UsersController.GetOrganizations (backend)'
2026-04-11 10:45:39.904 [INF] Microsoft.AspNetCore.Mvc.Infrastructure.ControllerActionInvoker | Route matched with {action = "GetOrganizations", controller = "Users"}. Executing controller action with signature System.Threading.Tasks.Task`1[Microsoft.AspNetCore.Mvc.IActionResult] GetOrganizations() on controller backend.Controllers.UsersController (backend).
2026-04-11 10:45:39.904 [INF] backend.Controllers.UsersController | [Users] GET organizations | Role=SuperAdmin | UserId=18
2026-04-11 10:45:39.925 [INF] Microsoft.AspNetCore.Mvc.Infrastructure.ObjectResultExecutor | Executing OkObjectResult, writing value of type 'System.Collections.Generic.List`1[[backend.Models.Organization, backend, Version=1.0.0.0, Culture=neutral, PublicKeyToken=null]]'.
2026-04-11 10:45:39.926 [INF] Microsoft.AspNetCore.Mvc.Infrastructure.ControllerActionInvoker | Executed action backend.Controllers.UsersController.GetOrganizations (backend) in 21.3477ms
2026-04-11 10:45:39.926 [INF] Microsoft.AspNetCore.Routing.EndpointMiddleware | Executed endpoint 'backend.Controllers.UsersController.GetOrganizations (backend)'
2026-04-11 10:45:39.926 [INF] Serilog.AspNetCore.RequestLoggingMiddleware | HTTP GET /api/users/organizations → 200 (21.9ms)
2026-04-11 10:45:39.926 [INF] Microsoft.AspNetCore.Hosting.Diagnostics | Request finished HTTP/1.1 GET http://localhost:5217/api/users/organizations - 200 null application/json; charset=utf-8 22.928ms
2026-04-11 10:45:39.983 [INF] Microsoft.AspNetCore.Hosting.Diagnostics | Request starting HTTP/1.1 OPTIONS http://localhost:5217/api/designations?organizationId=2 - null null
2026-04-11 10:45:39.983 [INF] Microsoft.AspNetCore.Cors.Infrastructure.CorsService | CORS policy execution successful.
2026-04-11 10:45:39.983 [INF] Microsoft.AspNetCore.Hosting.Diagnostics | Request finished HTTP/1.1 OPTIONS http://localhost:5217/api/designations?organizationId=2 - 204 null null 0.2469ms
2026-04-11 10:45:39.987 [INF] Microsoft.AspNetCore.Hosting.Diagnostics | Request starting HTTP/1.1 GET http://localhost:5217/api/designations?organizationId=2 - application/json null
2026-04-11 10:45:39.987 [INF] Microsoft.AspNetCore.Cors.Infrastructure.CorsService | CORS policy execution successful.
2026-04-11 10:45:39.988 [INF] Microsoft.AspNetCore.Routing.EndpointMiddleware | Executing endpoint 'backend.Controllers.DesignationController.GetDesignations (backend)'
2026-04-11 10:45:39.988 [INF] Microsoft.AspNetCore.Mvc.Infrastructure.ControllerActionInvoker | Route matched with {action = "GetDesignations", controller = "Designation"}. Executing controller action with signature System.Threading.Tasks.Task`1[Microsoft.AspNetCore.Mvc.IActionResult] GetDesignations(System.Nullable`1[System.Int32]) on controller backend.Controllers.DesignationController (backend).
2026-04-11 10:45:40.010 [INF] backend.Controllers.DesignationController | Fetched 8 designations for OrgId 2
2026-04-11 10:45:40.010 [INF] Microsoft.AspNetCore.Mvc.Infrastructure.ObjectResultExecutor | Executing OkObjectResult, writing value of type 'System.Collections.Generic.List`1[[backend.Models.Designation, backend, Version=1.0.0.0, Culture=neutral, PublicKeyToken=null]]'.
2026-04-11 10:45:40.010 [INF] Microsoft.AspNetCore.Mvc.Infrastructure.ControllerActionInvoker | Executed action backend.Controllers.DesignationController.GetDesignations (backend) in 22.1199ms
2026-04-11 10:45:40.010 [INF] Microsoft.AspNetCore.Routing.EndpointMiddleware | Executed endpoint 'backend.Controllers.DesignationController.GetDesignations (backend)'
2026-04-11 10:45:40.010 [INF] Serilog.AspNetCore.RequestLoggingMiddleware | HTTP GET /api/designations → 200 (22.4ms)
2026-04-11 10:45:40.010 [INF] Microsoft.AspNetCore.Hosting.Diagnostics | Request finished HTTP/1.1 GET http://localhost:5217/api/designations?organizationId=2 - 200 null application/json; charset=utf-8 23.2283ms
2026-04-11 10:45:52.984 [INF] Microsoft.AspNetCore.Hosting.Diagnostics | Request starting HTTP/1.1 OPTIONS http://localhost:5217/api/organizations - null null
2026-04-11 10:45:52.984 [INF] Microsoft.AspNetCore.Cors.Infrastructure.CorsService | CORS policy execution successful.
2026-04-11 10:45:52.984 [INF] Microsoft.AspNetCore.Hosting.Diagnostics | Request finished HTTP/1.1 OPTIONS http://localhost:5217/api/organizations - 204 null null 0.3494ms
2026-04-11 10:45:52.986 [INF] Microsoft.AspNetCore.Hosting.Diagnostics | Request starting HTTP/1.1 GET http://localhost:5217/api/organizations - application/json null
2026-04-11 10:45:52.986 [INF] Microsoft.AspNetCore.Cors.Infrastructure.CorsService | CORS policy execution successful.
2026-04-11 10:45:52.986 [INF] Microsoft.AspNetCore.Routing.EndpointMiddleware | Executing endpoint 'backend.Controllers.OrganizationsController.GetOrganizations (backend)'
2026-04-11 10:45:52.987 [INF] Microsoft.AspNetCore.Mvc.Infrastructure.ControllerActionInvoker | Route matched with {action = "GetOrganizations", controller = "Organizations"}. Executing controller action with signature System.Threading.Tasks.Task`1[Microsoft.AspNetCore.Mvc.IActionResult] GetOrganizations() on controller backend.Controllers.OrganizationsController (backend).
2026-04-11 10:45:52.987 [INF] backend.Controllers.OrganizationsController | [Orgs] GET all requested | Role=SuperAdmin | UserId=18
2026-04-11 10:45:53.016 [INF] Microsoft.AspNetCore.Mvc.Infrastructure.ObjectResultExecutor | Executing OkObjectResult, writing value of type 'System.Collections.Generic.List`1[[backend.Models.Organization, backend, Version=1.0.0.0, Culture=neutral, PublicKeyToken=null]]'.
2026-04-11 10:45:53.016 [INF] Microsoft.AspNetCore.Mvc.Infrastructure.ControllerActionInvoker | Executed action backend.Controllers.OrganizationsController.GetOrganizations (backend) in 29.4891ms
2026-04-11 10:45:53.016 [INF] Microsoft.AspNetCore.Routing.EndpointMiddleware | Executed endpoint 'backend.Controllers.OrganizationsController.GetOrganizations (backend)'
2026-04-11 10:45:53.016 [INF] Serilog.AspNetCore.RequestLoggingMiddleware | HTTP GET /api/organizations → 200 (29.8ms)
2026-04-11 10:45:53.016 [INF] Microsoft.AspNetCore.Hosting.Diagnostics | Request finished HTTP/1.1 GET http://localhost:5217/api/organizations - 200 null application/json; charset=utf-8 30.4563ms
2026-04-11 10:45:53.071 [INF] Microsoft.AspNetCore.Hosting.Diagnostics | Request starting HTTP/1.1 OPTIONS http://localhost:5217/api/leads - null null
2026-04-11 10:45:53.072 [INF] Microsoft.AspNetCore.Cors.Infrastructure.CorsService | CORS policy execution successful.
2026-04-11 10:45:53.072 [INF] Microsoft.AspNetCore.Hosting.Diagnostics | Request finished HTTP/1.1 OPTIONS http://localhost:5217/api/leads - 204 null null 0.4457ms
2026-04-11 10:45:53.074 [INF] Microsoft.AspNetCore.Hosting.Diagnostics | Request starting HTTP/1.1 GET http://localhost:5217/api/leads - application/json null
2026-04-11 10:45:53.074 [INF] Microsoft.AspNetCore.Cors.Infrastructure.CorsService | CORS policy execution successful.
2026-04-11 10:45:53.075 [INF] Microsoft.AspNetCore.Routing.EndpointMiddleware | Executing endpoint 'backend.Controllers.LeadsController.GetLeads (backend)'
2026-04-11 10:45:53.075 [INF] Microsoft.AspNetCore.Mvc.Infrastructure.ControllerActionInvoker | Route matched with {action = "GetLeads", controller = "Leads"}. Executing controller action with signature System.Threading.Tasks.Task`1[System.Collections.Generic.IEnumerable`1[backend.Models.Lead]] GetLeads() on controller backend.Controllers.LeadsController (backend).
2026-04-11 10:45:53.101 [INF] Microsoft.AspNetCore.Mvc.Infrastructure.ObjectResultExecutor | Executing ObjectResult, writing value of type 'System.Collections.Generic.List`1[[backend.Models.Lead, backend, Version=1.0.0.0, Culture=neutral, PublicKeyToken=null]]'.
2026-04-11 10:45:53.101 [INF] Microsoft.AspNetCore.Mvc.Infrastructure.ControllerActionInvoker | Executed action backend.Controllers.LeadsController.GetLeads (backend) in 26.5746ms
2026-04-11 10:45:53.102 [INF] Microsoft.AspNetCore.Routing.EndpointMiddleware | Executed endpoint 'backend.Controllers.LeadsController.GetLeads (backend)'
2026-04-11 10:45:53.102 [INF] Serilog.AspNetCore.RequestLoggingMiddleware | HTTP GET /api/leads → 200 (26.9ms)
2026-04-11 10:45:53.102 [INF] Microsoft.AspNetCore.Hosting.Diagnostics | Request finished HTTP/1.1 GET http://localhost:5217/api/leads - 200 null application/json; charset=utf-8 27.8282ms
2026-04-11 10:45:53.130 [INF] Microsoft.AspNetCore.Hosting.Diagnostics | Request starting HTTP/1.1 OPTIONS http://localhost:5217/api/employees?organizationId=2 - null null
2026-04-11 10:45:53.130 [INF] Microsoft.AspNetCore.Cors.Infrastructure.CorsService | CORS policy execution successful.
2026-04-11 10:45:53.130 [INF] Microsoft.AspNetCore.Hosting.Diagnostics | Request finished HTTP/1.1 OPTIONS http://localhost:5217/api/employees?organizationId=2 - 204 null null 0.3736ms
2026-04-11 10:45:53.137 [INF] Microsoft.AspNetCore.Hosting.Diagnostics | Request starting HTTP/1.1 GET http://localhost:5217/api/employees?organizationId=2 - application/json null
2026-04-11 10:45:53.137 [INF] Microsoft.AspNetCore.Cors.Infrastructure.CorsService | CORS policy execution successful.
2026-04-11 10:45:53.138 [INF] Microsoft.AspNetCore.Routing.EndpointMiddleware | Executing endpoint 'backend.Controllers.EmployeesController.GetEmployees (backend)'
2026-04-11 10:45:53.138 [INF] Microsoft.AspNetCore.Mvc.Infrastructure.ControllerActionInvoker | Route matched with {action = "GetEmployees", controller = "Employees"}. Executing controller action with signature System.Threading.Tasks.Task`1[Microsoft.AspNetCore.Mvc.IActionResult] GetEmployees(System.Nullable`1[System.Int32]) on controller backend.Controllers.EmployeesController (backend).
2026-04-11 10:45:53.138 [INF] backend.Controllers.EmployeesController | [Employees] GET all | TargetOrgId=2 | UserOrgId=2
2026-04-11 10:45:53.167 [INF] Microsoft.AspNetCore.Mvc.Infrastructure.ObjectResultExecutor | Executing OkObjectResult, writing value of type 'System.Collections.Generic.List`1[[backend.Models.Employee, backend, Version=1.0.0.0, Culture=neutral, PublicKeyToken=null]]'.
2026-04-11 10:45:53.168 [INF] Microsoft.AspNetCore.Mvc.Infrastructure.ControllerActionInvoker | Executed action backend.Controllers.EmployeesController.GetEmployees (backend) in 29.9493ms
2026-04-11 10:45:53.168 [INF] Microsoft.AspNetCore.Routing.EndpointMiddleware | Executed endpoint 'backend.Controllers.EmployeesController.GetEmployees (backend)'
2026-04-11 10:45:53.168 [INF] Serilog.AspNetCore.RequestLoggingMiddleware | HTTP GET /api/employees → 200 (30.2ms)
2026-04-11 10:45:53.168 [INF] Microsoft.AspNetCore.Hosting.Diagnostics | Request finished HTTP/1.1 GET http://localhost:5217/api/employees?organizationId=2 - 200 null application/json; charset=utf-8 31.4632ms
2026-04-11 10:45:53.208 [INF] Microsoft.AspNetCore.Hosting.Diagnostics | Request starting HTTP/1.1 OPTIONS http://localhost:5217/api/ShiftAssignments/roster?start=2026-04-11&end=2026-04-18&orgId=2 - null null
2026-04-11 10:45:53.209 [INF] Microsoft.AspNetCore.Cors.Infrastructure.CorsService | CORS policy execution successful.
2026-04-11 10:45:53.209 [INF] Microsoft.AspNetCore.Hosting.Diagnostics | Request finished HTTP/1.1 OPTIONS http://localhost:5217/api/ShiftAssignments/roster?start=2026-04-11&end=2026-04-18&orgId=2 - 204 null null 0.5829ms
2026-04-11 10:45:53.213 [INF] Microsoft.AspNetCore.Hosting.Diagnostics | Request starting HTTP/1.1 GET http://localhost:5217/api/ShiftAssignments/roster?start=2026-04-11&end=2026-04-18&orgId=2 - application/json null
2026-04-11 10:45:53.213 [INF] Microsoft.AspNetCore.Cors.Infrastructure.CorsService | CORS policy execution successful.
2026-04-11 10:45:53.213 [INF] Microsoft.AspNetCore.Routing.EndpointMiddleware | Executing endpoint 'backend.Controllers.ShiftAssignmentsController.GetMonthlyRosterFixed (backend)'
2026-04-11 10:45:53.213 [INF] Microsoft.AspNetCore.Mvc.Infrastructure.ControllerActionInvoker | Route matched with {action = "GetMonthlyRosterFixed", controller = "ShiftAssignments"}. Executing controller action with signature System.Threading.Tasks.Task`1[Microsoft.AspNetCore.Mvc.IActionResult] GetMonthlyRosterFixed(System.String, System.String, System.Nullable`1[System.Int32]) on controller backend.Controllers.ShiftAssignmentsController (backend).
2026-04-11 10:45:53.255 [INF] Microsoft.AspNetCore.Mvc.Infrastructure.ObjectResultExecutor | Executing OkObjectResult, writing value of type 'System.Collections.Generic.List`1[[backend.Models.EmployeeSchedule, backend, Version=1.0.0.0, Culture=neutral, PublicKeyToken=null]]'.
2026-04-11 10:45:53.256 [INF] Microsoft.AspNetCore.Mvc.Infrastructure.ControllerActionInvoker | Executed action backend.Controllers.ShiftAssignmentsController.GetMonthlyRosterFixed (backend) in 42.2792ms
2026-04-11 10:45:53.256 [INF] Microsoft.AspNetCore.Routing.EndpointMiddleware | Executed endpoint 'backend.Controllers.ShiftAssignmentsController.GetMonthlyRosterFixed (backend)'
2026-04-11 10:45:53.256 [INF] Serilog.AspNetCore.RequestLoggingMiddleware | HTTP GET /api/ShiftAssignments/roster → 200 (42.5ms)
2026-04-11 10:45:53.256 [INF] Microsoft.AspNetCore.Hosting.Diagnostics | Request finished HTTP/1.1 GET http://localhost:5217/api/ShiftAssignments/roster?start=2026-04-11&end=2026-04-18&orgId=2 - 200 null application/json; charset=utf-8 43.1392ms
2026-04-11 10:45:53.296 [INF] Microsoft.AspNetCore.Hosting.Diagnostics | Request starting HTTP/1.1 OPTIONS http://localhost:5217/api/Attendance/status?employeeId=31&orgId=2 - null null
2026-04-11 10:45:53.297 [INF] Microsoft.AspNetCore.Cors.Infrastructure.CorsService | CORS policy execution successful.
2026-04-11 10:45:53.297 [INF] Microsoft.AspNetCore.Hosting.Diagnostics | Request finished HTTP/1.1 OPTIONS http://localhost:5217/api/Attendance/status?employeeId=31&orgId=2 - 204 null null 0.3774ms
2026-04-11 10:45:53.301 [INF] Microsoft.AspNetCore.Hosting.Diagnostics | Request starting HTTP/1.1 GET http://localhost:5217/api/Attendance/status?employeeId=31&orgId=2 - application/json null
2026-04-11 10:45:53.301 [INF] Microsoft.AspNetCore.Cors.Infrastructure.CorsService | CORS policy execution successful.
2026-04-11 10:45:53.303 [INF] Microsoft.AspNetCore.Routing.EndpointMiddleware | Executing endpoint 'backend.Controllers.AttendanceController.GetStatus (backend)'
2026-04-11 10:45:53.303 [INF] Microsoft.AspNetCore.Mvc.Infrastructure.ControllerActionInvoker | Route matched with {action = "GetStatus", controller = "Attendance"}. Executing controller action with signature System.Threading.Tasks.Task`1[Microsoft.AspNetCore.Mvc.IActionResult] GetStatus(Int32, Int32) on controller backend.Controllers.AttendanceController (backend).
2026-04-11 10:45:53.329 [ERR] backend.Controllers.AttendanceController | Error getting attendance status
Microsoft.Data.SqlClient.SqlException (0x80131904): Invalid column name 'FN'.
Invalid column name 'AN'.
   at System.Threading.Tasks.ContinuationResultTaskFromResultTask`2.InnerInvoke()
   at System.Threading.ExecutionContext.RunInternal(ExecutionContext executionContext, ContextCallback callback, Object state)
--- End of stack trace from previous location ---
   at System.Threading.ExecutionContext.RunInternal(ExecutionContext executionContext, ContextCallback callback, Object state)
   at System.Threading.Tasks.Task.ExecuteWithThreadLocal(Task& currentTaskSlot, Thread threadPoolThread)
--- End of stack trace from previous location ---
   at Dapper.SqlMapper.QueryRowAsync[T](IDbConnection cnn, Row row, Type effectiveType, CommandDefinition command) in /_/Dapper/SqlMapper.Async.cs:line 489
   at backend.Controllers.AttendanceController.GetStatus(Int32 employeeId, Int32 orgId) in C:\Repos_Work\Prodesx_HRM_Mobile_Application\backend\Controllers\AttendanceController.cs:line 235
ClientConnectionId:4353e873-4455-4773-b85d-06f5d81b0688
Error Number:207,State:1,Class:16
2026-04-11 10:45:53.331 [INF] Microsoft.AspNetCore.Mvc.Infrastructure.ObjectResultExecutor | Executing ObjectResult, writing value of type 'System.String'.
2026-04-11 10:45:53.331 [INF] Microsoft.AspNetCore.Mvc.Infrastructure.ControllerActionInvoker | Executed action backend.Controllers.AttendanceController.GetStatus (backend) in 28.0025ms
2026-04-11 10:45:53.331 [INF] Microsoft.AspNetCore.Routing.EndpointMiddleware | Executed endpoint 'backend.Controllers.AttendanceController.GetStatus (backend)'
2026-04-11 10:45:53.331 [ERR] Serilog.AspNetCore.RequestLoggingMiddleware | HTTP GET /api/Attendance/status → 500 (28.4ms)
2026-04-11 10:45:53.331 [INF] Microsoft.AspNetCore.Hosting.Diagnostics | Request finished HTTP/1.1 GET http://localhost:5217/api/Attendance/status?employeeId=31&orgId=2 - 500 null text/plain; charset=utf-8 30.0681ms
2026-04-11 10:48:33.633 [INF] Microsoft.AspNetCore.Hosting.Diagnostics | Request starting HTTP/1.1 OPTIONS http://localhost:5217/api/auth/switch-organization?organizationId=1 - null null
2026-04-11 10:48:33.633 [INF] Microsoft.AspNetCore.Cors.Infrastructure.CorsService | CORS policy execution successful.
2026-04-11 10:48:33.633 [INF] Microsoft.AspNetCore.Hosting.Diagnostics | Request finished HTTP/1.1 OPTIONS http://localhost:5217/api/auth/switch-organization?organizationId=1 - 204 null null 0.2629ms
2026-04-11 10:48:33.636 [INF] Microsoft.AspNetCore.Hosting.Diagnostics | Request starting HTTP/1.1 POST http://localhost:5217/api/auth/switch-organization?organizationId=1 - application/json 0
2026-04-11 10:48:33.636 [INF] Microsoft.AspNetCore.Cors.Infrastructure.CorsService | CORS policy execution successful.
2026-04-11 10:48:33.637 [INF] Microsoft.AspNetCore.Routing.EndpointMiddleware | Executing endpoint 'backend.Controllers.AuthController.SwitchOrganization (backend)'
2026-04-11 10:48:33.649 [INF] Microsoft.AspNetCore.Mvc.Infrastructure.ControllerActionInvoker | Route matched with {action = "SwitchOrganization", controller = "Auth"}. Executing controller action with signature System.Threading.Tasks.Task`1[Microsoft.AspNetCore.Mvc.IActionResult] SwitchOrganization(Int32) on controller backend.Controllers.AuthController (backend).
2026-04-11 10:48:33.654 [INF] backend.Controllers.AuthController | [Auth] Switch organization attempt | UserId=18 | TargetOrgId=1
2026-04-11 10:48:33.744 [INF] backend.Controllers.AuthController | [Auth] Switch organization SUCCESS | UserId=18 | TargetOrgId=1 | EffectiveRole=SuperAdmin
2026-04-11 10:48:33.745 [INF] Microsoft.AspNetCore.Mvc.Infrastructure.ObjectResultExecutor | Executing OkObjectResult, writing value of type '<>f__AnonymousType25`1[[System.String, System.Private.CoreLib, Version=10.0.0.0, Culture=neutral, PublicKeyToken=7cec85d7bea7798e]]'.
2026-04-11 10:48:33.747 [INF] Microsoft.AspNetCore.Mvc.Infrastructure.ControllerActionInvoker | Executed action backend.Controllers.AuthController.SwitchOrganization (backend) in 97.6645ms
2026-04-11 10:48:33.747 [INF] Microsoft.AspNetCore.Routing.EndpointMiddleware | Executed endpoint 'backend.Controllers.AuthController.SwitchOrganization (backend)'
2026-04-11 10:48:33.747 [INF] Serilog.AspNetCore.RequestLoggingMiddleware | HTTP POST /api/auth/switch-organization → 200 (110.8ms)
2026-04-11 10:48:33.747 [INF] Microsoft.AspNetCore.Hosting.Diagnostics | Request finished HTTP/1.1 POST http://localhost:5217/api/auth/switch-organization?organizationId=1 - 200 null application/json; charset=utf-8 111.6559ms
2026-04-11 10:48:33.809 [INF] Microsoft.AspNetCore.Hosting.Diagnostics | Request starting HTTP/1.1 OPTIONS http://localhost:5217/api/users/organizations - null null
2026-04-11 10:48:33.809 [INF] Microsoft.AspNetCore.Cors.Infrastructure.CorsService | CORS policy execution successful.
2026-04-11 10:48:33.809 [INF] Microsoft.AspNetCore.Hosting.Diagnostics | Request finished HTTP/1.1 OPTIONS http://localhost:5217/api/users/organizations - 204 null null 0.2651ms
2026-04-11 10:48:33.811 [INF] Microsoft.AspNetCore.Hosting.Diagnostics | Request starting HTTP/1.1 GET http://localhost:5217/api/users/organizations - null null
2026-04-11 10:48:33.811 [INF] Microsoft.AspNetCore.Cors.Infrastructure.CorsService | CORS policy execution successful.
2026-04-11 10:48:33.812 [INF] Microsoft.AspNetCore.Routing.EndpointMiddleware | Executing endpoint 'backend.Controllers.UsersController.GetOrganizations (backend)'
2026-04-11 10:48:33.812 [INF] Microsoft.AspNetCore.Mvc.Infrastructure.ControllerActionInvoker | Route matched with {action = "GetOrganizations", controller = "Users"}. Executing controller action with signature System.Threading.Tasks.Task`1[Microsoft.AspNetCore.Mvc.IActionResult] GetOrganizations() on controller backend.Controllers.UsersController (backend).
2026-04-11 10:48:33.812 [INF] backend.Controllers.UsersController | [Users] GET organizations | Role=SuperAdmin | UserId=18
2026-04-11 10:48:33.825 [INF] Microsoft.AspNetCore.Mvc.Infrastructure.ObjectResultExecutor | Executing OkObjectResult, writing value of type 'System.Collections.Generic.List`1[[backend.Models.Organization, backend, Version=1.0.0.0, Culture=neutral, PublicKeyToken=null]]'.
2026-04-11 10:48:33.825 [INF] Microsoft.AspNetCore.Mvc.Infrastructure.ControllerActionInvoker | Executed action backend.Controllers.UsersController.GetOrganizations (backend) in 12.6466ms
2026-04-11 10:48:33.825 [INF] Microsoft.AspNetCore.Routing.EndpointMiddleware | Executed endpoint 'backend.Controllers.UsersController.GetOrganizations (backend)'
2026-04-11 10:48:33.825 [INF] Serilog.AspNetCore.RequestLoggingMiddleware | HTTP GET /api/users/organizations → 200 (12.9ms)
2026-04-11 10:48:33.825 [INF] Microsoft.AspNetCore.Hosting.Diagnostics | Request finished HTTP/1.1 GET http://localhost:5217/api/users/organizations - 200 null application/json; charset=utf-8 14.0679ms
2026-04-11 10:48:33.918 [INF] Microsoft.AspNetCore.Hosting.Diagnostics | Request starting HTTP/1.1 OPTIONS http://localhost:5217/api/leads - null null
2026-04-11 10:48:33.918 [INF] Microsoft.AspNetCore.Cors.Infrastructure.CorsService | CORS policy execution successful.
2026-04-11 10:48:33.918 [INF] Microsoft.AspNetCore.Hosting.Diagnostics | Request finished HTTP/1.1 OPTIONS http://localhost:5217/api/leads - 204 null null 0.4313ms
2026-04-11 10:48:33.921 [INF] Microsoft.AspNetCore.Hosting.Diagnostics | Request starting HTTP/1.1 GET http://localhost:5217/api/leads - application/json null
2026-04-11 10:48:33.921 [INF] Microsoft.AspNetCore.Cors.Infrastructure.CorsService | CORS policy execution successful.
2026-04-11 10:48:33.921 [INF] Microsoft.AspNetCore.Routing.EndpointMiddleware | Executing endpoint 'backend.Controllers.LeadsController.GetLeads (backend)'
2026-04-11 10:48:33.921 [INF] Microsoft.AspNetCore.Mvc.Infrastructure.ControllerActionInvoker | Route matched with {action = "GetLeads", controller = "Leads"}. Executing controller action with signature System.Threading.Tasks.Task`1[System.Collections.Generic.IEnumerable`1[backend.Models.Lead]] GetLeads() on controller backend.Controllers.LeadsController (backend).
2026-04-11 10:48:33.952 [INF] Microsoft.AspNetCore.Mvc.Infrastructure.ObjectResultExecutor | Executing ObjectResult, writing value of type 'System.Collections.Generic.List`1[[backend.Models.Lead, backend, Version=1.0.0.0, Culture=neutral, PublicKeyToken=null]]'.
2026-04-11 10:48:33.952 [INF] Microsoft.AspNetCore.Mvc.Infrastructure.ControllerActionInvoker | Executed action backend.Controllers.LeadsController.GetLeads (backend) in 30.4572ms
2026-04-11 10:48:33.952 [INF] Microsoft.AspNetCore.Routing.EndpointMiddleware | Executed endpoint 'backend.Controllers.LeadsController.GetLeads (backend)'
2026-04-11 10:48:33.952 [INF] Serilog.AspNetCore.RequestLoggingMiddleware | HTTP GET /api/leads → 200 (30.7ms)
2026-04-11 10:48:33.952 [INF] Microsoft.AspNetCore.Hosting.Diagnostics | Request finished HTTP/1.1 GET http://localhost:5217/api/leads - 200 null application/json; charset=utf-8 31.3377ms
2026-04-11 10:48:34.023 [INF] Microsoft.AspNetCore.Hosting.Diagnostics | Request starting HTTP/1.1 OPTIONS http://localhost:5217/api/employees?organizationId=1 - null null
2026-04-11 10:48:34.023 [INF] Microsoft.AspNetCore.Cors.Infrastructure.CorsService | CORS policy execution successful.
2026-04-11 10:48:34.023 [INF] Microsoft.AspNetCore.Hosting.Diagnostics | Request finished HTTP/1.1 OPTIONS http://localhost:5217/api/employees?organizationId=1 - 204 null null 0.2806ms
2026-04-11 10:48:34.028 [INF] Microsoft.AspNetCore.Hosting.Diagnostics | Request starting HTTP/1.1 GET http://localhost:5217/api/employees?organizationId=1 - application/json null
2026-04-11 10:48:34.028 [INF] Microsoft.AspNetCore.Cors.Infrastructure.CorsService | CORS policy execution successful.
2026-04-11 10:48:34.029 [INF] Microsoft.AspNetCore.Routing.EndpointMiddleware | Executing endpoint 'backend.Controllers.EmployeesController.GetEmployees (backend)'
2026-04-11 10:48:34.029 [INF] Microsoft.AspNetCore.Mvc.Infrastructure.ControllerActionInvoker | Route matched with {action = "GetEmployees", controller = "Employees"}. Executing controller action with signature System.Threading.Tasks.Task`1[Microsoft.AspNetCore.Mvc.IActionResult] GetEmployees(System.Nullable`1[System.Int32]) on controller backend.Controllers.EmployeesController (backend).
2026-04-11 10:48:34.029 [INF] backend.Controllers.EmployeesController | [Employees] GET all | TargetOrgId=1 | UserOrgId=1
2026-04-11 10:48:34.071 [INF] Microsoft.AspNetCore.Mvc.Infrastructure.ObjectResultExecutor | Executing OkObjectResult, writing value of type 'System.Collections.Generic.List`1[[backend.Models.Employee, backend, Version=1.0.0.0, Culture=neutral, PublicKeyToken=null]]'.
2026-04-11 10:48:34.071 [INF] Microsoft.AspNetCore.Mvc.Infrastructure.ControllerActionInvoker | Executed action backend.Controllers.EmployeesController.GetEmployees (backend) in 42.2583ms
2026-04-11 10:48:34.071 [INF] Microsoft.AspNetCore.Routing.EndpointMiddleware | Executed endpoint 'backend.Controllers.EmployeesController.GetEmployees (backend)'
2026-04-11 10:48:34.071 [INF] Serilog.AspNetCore.RequestLoggingMiddleware | HTTP GET /api/employees → 200 (42.6ms)
2026-04-11 10:48:34.071 [INF] Microsoft.AspNetCore.Hosting.Diagnostics | Request finished HTTP/1.1 GET http://localhost:5217/api/employees?organizationId=1 - 200 null application/json; charset=utf-8 43.4383ms
2026-04-11 10:48:34.090 [INF] Microsoft.AspNetCore.Hosting.Diagnostics | Request starting HTTP/1.1 OPTIONS http://localhost:5217/api/ShiftAssignments/roster?start=2026-04-11&end=2026-04-18&orgId=1 - null null
2026-04-11 10:48:34.090 [INF] Microsoft.AspNetCore.Cors.Infrastructure.CorsService | CORS policy execution successful.
2026-04-11 10:48:34.090 [INF] Microsoft.AspNetCore.Hosting.Diagnostics | Request finished HTTP/1.1 OPTIONS http://localhost:5217/api/ShiftAssignments/roster?start=2026-04-11&end=2026-04-18&orgId=1 - 204 null null 0.3606ms
2026-04-11 10:48:34.093 [INF] Microsoft.AspNetCore.Hosting.Diagnostics | Request starting HTTP/1.1 GET http://localhost:5217/api/ShiftAssignments/roster?start=2026-04-11&end=2026-04-18&orgId=1 - application/json null
2026-04-11 10:48:34.093 [INF] Microsoft.AspNetCore.Cors.Infrastructure.CorsService | CORS policy execution successful.
2026-04-11 10:48:34.093 [INF] Microsoft.AspNetCore.Routing.EndpointMiddleware | Executing endpoint 'backend.Controllers.ShiftAssignmentsController.GetMonthlyRosterFixed (backend)'
2026-04-11 10:48:34.093 [INF] Microsoft.AspNetCore.Mvc.Infrastructure.ControllerActionInvoker | Route matched with {action = "GetMonthlyRosterFixed", controller = "ShiftAssignments"}. Executing controller action with signature System.Threading.Tasks.Task`1[Microsoft.AspNetCore.Mvc.IActionResult] GetMonthlyRosterFixed(System.String, System.String, System.Nullable`1[System.Int32]) on controller backend.Controllers.ShiftAssignmentsController (backend).
2026-04-11 10:48:34.114 [INF] Microsoft.AspNetCore.Mvc.Infrastructure.ObjectResultExecutor | Executing OkObjectResult, writing value of type 'System.Collections.Generic.List`1[[backend.Models.EmployeeSchedule, backend, Version=1.0.0.0, Culture=neutral, PublicKeyToken=null]]'.
2026-04-11 10:48:34.115 [INF] Microsoft.AspNetCore.Mvc.Infrastructure.ControllerActionInvoker | Executed action backend.Controllers.ShiftAssignmentsController.GetMonthlyRosterFixed (backend) in 21.0923ms
2026-04-11 10:48:34.115 [INF] Microsoft.AspNetCore.Routing.EndpointMiddleware | Executed endpoint 'backend.Controllers.ShiftAssignmentsController.GetMonthlyRosterFixed (backend)'
2026-04-11 10:48:34.115 [INF] Serilog.AspNetCore.RequestLoggingMiddleware | HTTP GET /api/ShiftAssignments/roster → 200 (21.4ms)
2026-04-11 10:48:34.115 [INF] Microsoft.AspNetCore.Hosting.Diagnostics | Request finished HTTP/1.1 GET http://localhost:5217/api/ShiftAssignments/roster?start=2026-04-11&end=2026-04-18&orgId=1 - 200 null application/json; charset=utf-8 22.1211ms
2026-04-11 10:48:40.129 [INF] Microsoft.AspNetCore.Hosting.Diagnostics | Request starting HTTP/1.1 OPTIONS http://localhost:5217/api/auth/switch-organization?organizationId=2 - null null
2026-04-11 10:48:40.129 [INF] Microsoft.AspNetCore.Cors.Infrastructure.CorsService | CORS policy execution successful.
2026-04-11 10:48:40.130 [INF] Microsoft.AspNetCore.Hosting.Diagnostics | Request finished HTTP/1.1 OPTIONS http://localhost:5217/api/auth/switch-organization?organizationId=2 - 204 null null 0.2016ms
2026-04-11 10:48:40.131 [INF] Microsoft.AspNetCore.Hosting.Diagnostics | Request starting HTTP/1.1 POST http://localhost:5217/api/auth/switch-organization?organizationId=2 - application/json 0
2026-04-11 10:48:40.131 [INF] Microsoft.AspNetCore.Cors.Infrastructure.CorsService | CORS policy execution successful.
2026-04-11 10:48:40.132 [INF] Microsoft.AspNetCore.Routing.EndpointMiddleware | Executing endpoint 'backend.Controllers.AuthController.SwitchOrganization (backend)'
2026-04-11 10:48:40.132 [INF] Microsoft.AspNetCore.Mvc.Infrastructure.ControllerActionInvoker | Route matched with {action = "SwitchOrganization", controller = "Auth"}. Executing controller action with signature System.Threading.Tasks.Task`1[Microsoft.AspNetCore.Mvc.IActionResult] SwitchOrganization(Int32) on controller backend.Controllers.AuthController (backend).
2026-04-11 10:48:40.132 [INF] backend.Controllers.AuthController | [Auth] Switch organization attempt | UserId=18 | TargetOrgId=2
2026-04-11 10:48:40.201 [INF] backend.Controllers.AuthController | [Auth] Switch organization SUCCESS | UserId=18 | TargetOrgId=2 | EffectiveRole=SuperAdmin
2026-04-11 10:48:40.202 [INF] Microsoft.AspNetCore.Mvc.Infrastructure.ObjectResultExecutor | Executing OkObjectResult, writing value of type '<>f__AnonymousType25`1[[System.String, System.Private.CoreLib, Version=10.0.0.0, Culture=neutral, PublicKeyToken=7cec85d7bea7798e]]'.
2026-04-11 10:48:40.202 [INF] Microsoft.AspNetCore.Mvc.Infrastructure.ControllerActionInvoker | Executed action backend.Controllers.AuthController.SwitchOrganization (backend) in 70.0428ms
2026-04-11 10:48:40.202 [INF] Microsoft.AspNetCore.Routing.EndpointMiddleware | Executed endpoint 'backend.Controllers.AuthController.SwitchOrganization (backend)'
2026-04-11 10:48:40.202 [INF] Serilog.AspNetCore.RequestLoggingMiddleware | HTTP POST /api/auth/switch-organization → 200 (70.3ms)
2026-04-11 10:48:40.202 [INF] Microsoft.AspNetCore.Hosting.Diagnostics | Request finished HTTP/1.1 POST http://localhost:5217/api/auth/switch-organization?organizationId=2 - 200 null application/json; charset=utf-8 70.8207ms
2026-04-11 10:48:40.241 [INF] Microsoft.AspNetCore.Hosting.Diagnostics | Request starting HTTP/1.1 OPTIONS http://localhost:5217/api/users/organizations - null null
2026-04-11 10:48:40.241 [INF] Microsoft.AspNetCore.Cors.Infrastructure.CorsService | CORS policy execution successful.
2026-04-11 10:48:40.241 [INF] Microsoft.AspNetCore.Hosting.Diagnostics | Request finished HTTP/1.1 OPTIONS http://localhost:5217/api/users/organizations - 204 null null 0.2831ms
2026-04-11 10:48:40.247 [INF] Microsoft.AspNetCore.Hosting.Diagnostics | Request starting HTTP/1.1 GET http://localhost:5217/api/users/organizations - null null
2026-04-11 10:48:40.247 [INF] Microsoft.AspNetCore.Cors.Infrastructure.CorsService | CORS policy execution successful.
2026-04-11 10:48:40.247 [INF] Microsoft.AspNetCore.Routing.EndpointMiddleware | Executing endpoint 'backend.Controllers.UsersController.GetOrganizations (backend)'
2026-04-11 10:48:40.247 [INF] Microsoft.AspNetCore.Mvc.Infrastructure.ControllerActionInvoker | Route matched with {action = "GetOrganizations", controller = "Users"}. Executing controller action with signature System.Threading.Tasks.Task`1[Microsoft.AspNetCore.Mvc.IActionResult] GetOrganizations() on controller backend.Controllers.UsersController (backend).
2026-04-11 10:48:40.248 [INF] backend.Controllers.UsersController | [Users] GET organizations | Role=SuperAdmin | UserId=18
2026-04-11 10:48:40.266 [INF] Microsoft.AspNetCore.Mvc.Infrastructure.ObjectResultExecutor | Executing OkObjectResult, writing value of type 'System.Collections.Generic.List`1[[backend.Models.Organization, backend, Version=1.0.0.0, Culture=neutral, PublicKeyToken=null]]'.
2026-04-11 10:48:40.266 [INF] Microsoft.AspNetCore.Mvc.Infrastructure.ControllerActionInvoker | Executed action backend.Controllers.UsersController.GetOrganizations (backend) in 18.9779ms
2026-04-11 10:48:40.266 [INF] Microsoft.AspNetCore.Routing.EndpointMiddleware | Executed endpoint 'backend.Controllers.UsersController.GetOrganizations (backend)'
2026-04-11 10:48:40.267 [INF] Serilog.AspNetCore.RequestLoggingMiddleware | HTTP GET /api/users/organizations → 200 (19.2ms)
2026-04-11 10:48:40.267 [INF] Microsoft.AspNetCore.Hosting.Diagnostics | Request finished HTTP/1.1 GET http://localhost:5217/api/users/organizations - 200 null application/json; charset=utf-8 20.0733ms
2026-04-11 10:48:40.332 [INF] Microsoft.AspNetCore.Hosting.Diagnostics | Request starting HTTP/1.1 OPTIONS http://localhost:5217/api/leads - null null
2026-04-11 10:48:40.333 [INF] Microsoft.AspNetCore.Cors.Infrastructure.CorsService | CORS policy execution successful.
2026-04-11 10:48:40.333 [INF] Microsoft.AspNetCore.Hosting.Diagnostics | Request finished HTTP/1.1 OPTIONS http://localhost:5217/api/leads - 204 null null 0.2985ms
2026-04-11 10:48:40.335 [INF] Microsoft.AspNetCore.Hosting.Diagnostics | Request starting HTTP/1.1 GET http://localhost:5217/api/leads - application/json null
2026-04-11 10:48:40.335 [INF] Microsoft.AspNetCore.Cors.Infrastructure.CorsService | CORS policy execution successful.
2026-04-11 10:48:40.336 [INF] Microsoft.AspNetCore.Routing.EndpointMiddleware | Executing endpoint 'backend.Controllers.LeadsController.GetLeads (backend)'
2026-04-11 10:48:40.336 [INF] Microsoft.AspNetCore.Mvc.Infrastructure.ControllerActionInvoker | Route matched with {action = "GetLeads", controller = "Leads"}. Executing controller action with signature System.Threading.Tasks.Task`1[System.Collections.Generic.IEnumerable`1[backend.Models.Lead]] GetLeads() on controller backend.Controllers.LeadsController (backend).
2026-04-11 10:48:40.357 [INF] Microsoft.AspNetCore.Mvc.Infrastructure.ObjectResultExecutor | Executing ObjectResult, writing value of type 'System.Collections.Generic.List`1[[backend.Models.Lead, backend, Version=1.0.0.0, Culture=neutral, PublicKeyToken=null]]'.
2026-04-11 10:48:40.357 [INF] Microsoft.AspNetCore.Mvc.Infrastructure.ControllerActionInvoker | Executed action backend.Controllers.LeadsController.GetLeads (backend) in 20.7953ms
2026-04-11 10:48:40.357 [INF] Microsoft.AspNetCore.Routing.EndpointMiddleware | Executed endpoint 'backend.Controllers.LeadsController.GetLeads (backend)'
2026-04-11 10:48:40.357 [INF] Serilog.AspNetCore.RequestLoggingMiddleware | HTTP GET /api/leads → 200 (21.1ms)
2026-04-11 10:48:40.357 [INF] Microsoft.AspNetCore.Hosting.Diagnostics | Request finished HTTP/1.1 GET http://localhost:5217/api/leads - 200 null application/json; charset=utf-8 21.8314ms
2026-04-11 10:48:40.418 [INF] Microsoft.AspNetCore.Hosting.Diagnostics | Request starting HTTP/1.1 OPTIONS http://localhost:5217/api/employees?organizationId=2 - null null
2026-04-11 10:48:40.418 [INF] Microsoft.AspNetCore.Cors.Infrastructure.CorsService | CORS policy execution successful.
2026-04-11 10:48:40.418 [INF] Microsoft.AspNetCore.Hosting.Diagnostics | Request finished HTTP/1.1 OPTIONS http://localhost:5217/api/employees?organizationId=2 - 204 null null 0.2289ms
2026-04-11 10:48:40.420 [INF] Microsoft.AspNetCore.Hosting.Diagnostics | Request starting HTTP/1.1 GET http://localhost:5217/api/employees?organizationId=2 - application/json null
2026-04-11 10:48:40.420 [INF] Microsoft.AspNetCore.Cors.Infrastructure.CorsService | CORS policy execution successful.
2026-04-11 10:48:40.421 [INF] Microsoft.AspNetCore.Routing.EndpointMiddleware | Executing endpoint 'backend.Controllers.EmployeesController.GetEmployees (backend)'
2026-04-11 10:48:40.421 [INF] Microsoft.AspNetCore.Mvc.Infrastructure.ControllerActionInvoker | Route matched with {action = "GetEmployees", controller = "Employees"}. Executing controller action with signature System.Threading.Tasks.Task`1[Microsoft.AspNetCore.Mvc.IActionResult] GetEmployees(System.Nullable`1[System.Int32]) on controller backend.Controllers.EmployeesController (backend).
2026-04-11 10:48:40.421 [INF] backend.Controllers.EmployeesController | [Employees] GET all | TargetOrgId=2 | UserOrgId=2
2026-04-11 10:48:40.443 [INF] Microsoft.AspNetCore.Mvc.Infrastructure.ObjectResultExecutor | Executing OkObjectResult, writing value of type 'System.Collections.Generic.List`1[[backend.Models.Employee, backend, Version=1.0.0.0, Culture=neutral, PublicKeyToken=null]]'.
2026-04-11 10:48:40.444 [INF] Microsoft.AspNetCore.Mvc.Infrastructure.ControllerActionInvoker | Executed action backend.Controllers.EmployeesController.GetEmployees (backend) in 22.4897ms
2026-04-11 10:48:40.444 [INF] Microsoft.AspNetCore.Routing.EndpointMiddleware | Executed endpoint 'backend.Controllers.EmployeesController.GetEmployees (backend)'
2026-04-11 10:48:40.444 [INF] Serilog.AspNetCore.RequestLoggingMiddleware | HTTP GET /api/employees → 200 (22.8ms)
2026-04-11 10:48:40.444 [INF] Microsoft.AspNetCore.Hosting.Diagnostics | Request finished HTTP/1.1 GET http://localhost:5217/api/employees?organizationId=2 - 200 null application/json; charset=utf-8 23.4824ms
2026-04-11 10:48:40.475 [INF] Microsoft.AspNetCore.Hosting.Diagnostics | Request starting HTTP/1.1 OPTIONS http://localhost:5217/api/ShiftAssignments/roster?start=2026-04-11&end=2026-04-18&orgId=2 - null null
2026-04-11 10:48:40.475 [INF] Microsoft.AspNetCore.Cors.Infrastructure.CorsService | CORS policy execution successful.
2026-04-11 10:48:40.475 [INF] Microsoft.AspNetCore.Hosting.Diagnostics | Request finished HTTP/1.1 OPTIONS http://localhost:5217/api/ShiftAssignments/roster?start=2026-04-11&end=2026-04-18&orgId=2 - 204 null null 0.2711ms
2026-04-11 10:48:40.478 [INF] Microsoft.AspNetCore.Hosting.Diagnostics | Request starting HTTP/1.1 GET http://localhost:5217/api/ShiftAssignments/roster?start=2026-04-11&end=2026-04-18&orgId=2 - application/json null
2026-04-11 10:48:40.478 [INF] Microsoft.AspNetCore.Cors.Infrastructure.CorsService | CORS policy execution successful.
2026-04-11 10:48:40.478 [INF] Microsoft.AspNetCore.Routing.EndpointMiddleware | Executing endpoint 'backend.Controllers.ShiftAssignmentsController.GetMonthlyRosterFixed (backend)'
2026-04-11 10:48:40.479 [INF] Microsoft.AspNetCore.Mvc.Infrastructure.ControllerActionInvoker | Route matched with {action = "GetMonthlyRosterFixed", controller = "ShiftAssignments"}. Executing controller action with signature System.Threading.Tasks.Task`1[Microsoft.AspNetCore.Mvc.IActionResult] GetMonthlyRosterFixed(System.String, System.String, System.Nullable`1[System.Int32]) on controller backend.Controllers.ShiftAssignmentsController (backend).
2026-04-11 10:48:40.594 [INF] Microsoft.AspNetCore.Mvc.Infrastructure.ObjectResultExecutor | Executing OkObjectResult, writing value of type 'System.Collections.Generic.List`1[[backend.Models.EmployeeSchedule, backend, Version=1.0.0.0, Culture=neutral, PublicKeyToken=null]]'.
2026-04-11 10:48:40.594 [INF] Microsoft.AspNetCore.Mvc.Infrastructure.ControllerActionInvoker | Executed action backend.Controllers.ShiftAssignmentsController.GetMonthlyRosterFixed (backend) in 115.5456ms
2026-04-11 10:48:40.594 [INF] Microsoft.AspNetCore.Routing.EndpointMiddleware | Executed endpoint 'backend.Controllers.ShiftAssignmentsController.GetMonthlyRosterFixed (backend)'
2026-04-11 10:48:40.594 [INF] Serilog.AspNetCore.RequestLoggingMiddleware | HTTP GET /api/ShiftAssignments/roster → 200 (115.9ms)
2026-04-11 10:48:40.594 [INF] Microsoft.AspNetCore.Hosting.Diagnostics | Request finished HTTP/1.1 GET http://localhost:5217/api/ShiftAssignments/roster?start=2026-04-11&end=2026-04-18&orgId=2 - 200 null application/json; charset=utf-8 116.8769ms
2026-04-11 10:48:40.600 [INF] Microsoft.AspNetCore.Hosting.Diagnostics | Request starting HTTP/1.1 OPTIONS http://localhost:5217/api/Attendance/status?employeeId=31&orgId=2 - null null
2026-04-11 10:48:40.600 [INF] Microsoft.AspNetCore.Cors.Infrastructure.CorsService | CORS policy execution successful.
2026-04-11 10:48:40.600 [INF] Microsoft.AspNetCore.Hosting.Diagnostics | Request finished HTTP/1.1 OPTIONS http://localhost:5217/api/Attendance/status?employeeId=31&orgId=2 - 204 null null 0.1592ms
2026-04-11 10:48:40.602 [INF] Microsoft.AspNetCore.Hosting.Diagnostics | Request starting HTTP/1.1 GET http://localhost:5217/api/Attendance/status?employeeId=31&orgId=2 - application/json null
2026-04-11 10:48:40.602 [INF] Microsoft.AspNetCore.Cors.Infrastructure.CorsService | CORS policy execution successful.
2026-04-11 10:48:40.602 [INF] Microsoft.AspNetCore.Routing.EndpointMiddleware | Executing endpoint 'backend.Controllers.AttendanceController.GetStatus (backend)'
2026-04-11 10:48:40.602 [INF] Microsoft.AspNetCore.Mvc.Infrastructure.ControllerActionInvoker | Route matched with {action = "GetStatus", controller = "Attendance"}. Executing controller action with signature System.Threading.Tasks.Task`1[Microsoft.AspNetCore.Mvc.IActionResult] GetStatus(Int32, Int32) on controller backend.Controllers.AttendanceController (backend).
2026-04-11 10:48:40.625 [ERR] backend.Controllers.AttendanceController | Error getting attendance status
Microsoft.Data.SqlClient.SqlException (0x80131904): Invalid column name 'FN'.
Invalid column name 'AN'.
   at System.Threading.Tasks.ContinuationResultTaskFromResultTask`2.InnerInvoke()
   at System.Threading.ExecutionContext.RunInternal(ExecutionContext executionContext, ContextCallback callback, Object state)
--- End of stack trace from previous location ---
   at System.Threading.ExecutionContext.RunInternal(ExecutionContext executionContext, ContextCallback callback, Object state)
   at System.Threading.Tasks.Task.ExecuteWithThreadLocal(Task& currentTaskSlot, Thread threadPoolThread)
--- End of stack trace from previous location ---
   at Dapper.SqlMapper.QueryRowAsync[T](IDbConnection cnn, Row row, Type effectiveType, CommandDefinition command) in /_/Dapper/SqlMapper.Async.cs:line 489
   at backend.Controllers.AttendanceController.GetStatus(Int32 employeeId, Int32 orgId) in C:\Repos_Work\Prodesx_HRM_Mobile_Application\backend\Controllers\AttendanceController.cs:line 235
ClientConnectionId:4353e873-4455-4773-b85d-06f5d81b0688
Error Number:207,State:1,Class:16
2026-04-11 10:48:40.625 [INF] Microsoft.AspNetCore.Mvc.Infrastructure.ObjectResultExecutor | Executing ObjectResult, writing value of type 'System.String'.
2026-04-11 10:48:40.625 [INF] Microsoft.AspNetCore.Mvc.Infrastructure.ControllerActionInvoker | Executed action backend.Controllers.AttendanceController.GetStatus (backend) in 23.0401ms
2026-04-11 10:48:40.625 [INF] Microsoft.AspNetCore.Routing.EndpointMiddleware | Executed endpoint 'backend.Controllers.AttendanceController.GetStatus (backend)'
2026-04-11 10:48:40.625 [ERR] Serilog.AspNetCore.RequestLoggingMiddleware | HTTP GET /api/Attendance/status → 500 (23.2ms)
2026-04-11 10:48:40.626 [INF] Microsoft.AspNetCore.Hosting.Diagnostics | Request finished HTTP/1.1 GET http://localhost:5217/api/Attendance/status?employeeId=31&orgId=2 - 500 null text/plain; charset=utf-8 23.7235ms
2026-04-11 10:50:04.239 [INF] Microsoft.AspNetCore.Hosting.Diagnostics | Request starting HTTP/1.1 OPTIONS http://localhost:5217/api/users/organizations - null null
2026-04-11 10:50:04.239 [INF] Microsoft.AspNetCore.Cors.Infrastructure.CorsService | CORS policy execution successful.
2026-04-11 10:50:04.240 [INF] Microsoft.AspNetCore.Hosting.Diagnostics | Request finished HTTP/1.1 OPTIONS http://localhost:5217/api/users/organizations - 204 null null 0.3429ms
2026-04-11 10:50:04.242 [INF] Microsoft.AspNetCore.Hosting.Diagnostics | Request starting HTTP/1.1 GET http://localhost:5217/api/users/organizations - null null
2026-04-11 10:50:04.242 [INF] Microsoft.AspNetCore.Cors.Infrastructure.CorsService | CORS policy execution successful.
2026-04-11 10:50:04.243 [INF] Microsoft.AspNetCore.Routing.EndpointMiddleware | Executing endpoint 'backend.Controllers.UsersController.GetOrganizations (backend)'
2026-04-11 10:50:04.243 [INF] Microsoft.AspNetCore.Mvc.Infrastructure.ControllerActionInvoker | Route matched with {action = "GetOrganizations", controller = "Users"}. Executing controller action with signature System.Threading.Tasks.Task`1[Microsoft.AspNetCore.Mvc.IActionResult] GetOrganizations() on controller backend.Controllers.UsersController (backend).
2026-04-11 10:50:04.243 [INF] backend.Controllers.UsersController | [Users] GET organizations | Role=SuperAdmin | UserId=18
2026-04-11 10:50:04.256 [INF] Microsoft.AspNetCore.Mvc.Infrastructure.ObjectResultExecutor | Executing OkObjectResult, writing value of type 'System.Collections.Generic.List`1[[backend.Models.Organization, backend, Version=1.0.0.0, Culture=neutral, PublicKeyToken=null]]'.
2026-04-11 10:50:04.256 [INF] Microsoft.AspNetCore.Mvc.Infrastructure.ControllerActionInvoker | Executed action backend.Controllers.UsersController.GetOrganizations (backend) in 13.357ms
2026-04-11 10:50:04.256 [INF] Microsoft.AspNetCore.Routing.EndpointMiddleware | Executed endpoint 'backend.Controllers.UsersController.GetOrganizations (backend)'
2026-04-11 10:50:04.256 [INF] Serilog.AspNetCore.RequestLoggingMiddleware | HTTP GET /api/users/organizations → 200 (13.6ms)
2026-04-11 10:50:04.256 [INF] Microsoft.AspNetCore.Hosting.Diagnostics | Request finished HTTP/1.1 GET http://localhost:5217/api/users/organizations - 200 null application/json; charset=utf-8 14.5863ms
2026-04-11 10:50:04.268 [INF] Microsoft.AspNetCore.Hosting.Diagnostics | Request starting HTTP/1.1 OPTIONS http://localhost:5217/api/designations?organizationId=2 - null null
2026-04-11 10:50:04.268 [INF] Microsoft.AspNetCore.Cors.Infrastructure.CorsService | CORS policy execution successful.
2026-04-11 10:50:04.269 [INF] Microsoft.AspNetCore.Hosting.Diagnostics | Request finished HTTP/1.1 OPTIONS http://localhost:5217/api/designations?organizationId=2 - 204 null null 0.1381ms
2026-04-11 10:50:04.270 [INF] Microsoft.AspNetCore.Hosting.Diagnostics | Request starting HTTP/1.1 OPTIONS http://localhost:5217/api/departments?organizationId=2 - null null
2026-04-11 10:50:04.270 [INF] Microsoft.AspNetCore.Cors.Infrastructure.CorsService | CORS policy execution successful.
2026-04-11 10:50:04.270 [INF] Microsoft.AspNetCore.Hosting.Diagnostics | Request finished HTTP/1.1 OPTIONS http://localhost:5217/api/departments?organizationId=2 - 204 null null 0.1167ms
2026-04-11 10:50:04.271 [INF] Microsoft.AspNetCore.Hosting.Diagnostics | Request starting HTTP/1.1 GET http://localhost:5217/api/designations?organizationId=2 - application/json null
2026-04-11 10:50:04.271 [INF] Microsoft.AspNetCore.Cors.Infrastructure.CorsService | CORS policy execution successful.
2026-04-11 10:50:04.272 [INF] Microsoft.AspNetCore.Routing.EndpointMiddleware | Executing endpoint 'backend.Controllers.DesignationController.GetDesignations (backend)'
2026-04-11 10:50:04.272 [INF] Microsoft.AspNetCore.Mvc.Infrastructure.ControllerActionInvoker | Route matched with {action = "GetDesignations", controller = "Designation"}. Executing controller action with signature System.Threading.Tasks.Task`1[Microsoft.AspNetCore.Mvc.IActionResult] GetDesignations(System.Nullable`1[System.Int32]) on controller backend.Controllers.DesignationController (backend).
2026-04-11 10:50:04.273 [INF] Microsoft.AspNetCore.Hosting.Diagnostics | Request starting HTTP/1.1 GET http://localhost:5217/api/departments?organizationId=2 - null null
2026-04-11 10:50:04.273 [INF] Microsoft.AspNetCore.Cors.Infrastructure.CorsService | CORS policy execution successful.
2026-04-11 10:50:04.273 [INF] Microsoft.AspNetCore.Routing.EndpointMiddleware | Executing endpoint 'backend.Controllers.DepartmentController.GetDepartments (backend)'
2026-04-11 10:50:04.283 [INF] Microsoft.AspNetCore.Mvc.Infrastructure.ControllerActionInvoker | Route matched with {action = "GetDepartments", controller = "Department"}. Executing controller action with signature System.Threading.Tasks.Task`1[Microsoft.AspNetCore.Mvc.IActionResult] GetDepartments(System.Nullable`1[System.Int32]) on controller backend.Controllers.DepartmentController (backend).
2026-04-11 10:50:04.285 [INF] backend.Controllers.DesignationController | Fetched 8 designations for OrgId 2
2026-04-11 10:50:04.285 [INF] Microsoft.AspNetCore.Mvc.Infrastructure.ObjectResultExecutor | Executing OkObjectResult, writing value of type 'System.Collections.Generic.List`1[[backend.Models.Designation, backend, Version=1.0.0.0, Culture=neutral, PublicKeyToken=null]]'.
2026-04-11 10:50:04.285 [INF] Microsoft.AspNetCore.Mvc.Infrastructure.ControllerActionInvoker | Executed action backend.Controllers.DesignationController.GetDesignations (backend) in 13.1615ms
2026-04-11 10:50:04.285 [INF] Microsoft.AspNetCore.Routing.EndpointMiddleware | Executed endpoint 'backend.Controllers.DesignationController.GetDesignations (backend)'
2026-04-11 10:50:04.285 [INF] Serilog.AspNetCore.RequestLoggingMiddleware | HTTP GET /api/designations → 200 (13.4ms)
2026-04-11 10:50:04.285 [INF] Microsoft.AspNetCore.Hosting.Diagnostics | Request finished HTTP/1.1 GET http://localhost:5217/api/designations?organizationId=2 - 200 null application/json; charset=utf-8 13.9595ms
2026-04-11 10:50:04.306 [INF] Microsoft.AspNetCore.Mvc.Infrastructure.ObjectResultExecutor | Executing OkObjectResult, writing value of type 'System.Collections.Generic.List`1[[backend.Models.Department, backend, Version=1.0.0.0, Culture=neutral, PublicKeyToken=null]]'.
2026-04-11 10:50:04.309 [INF] Microsoft.AspNetCore.Mvc.Infrastructure.ControllerActionInvoker | Executed action backend.Controllers.DepartmentController.GetDepartments (backend) in 25.9439ms
2026-04-11 10:50:04.309 [INF] Microsoft.AspNetCore.Routing.EndpointMiddleware | Executed endpoint 'backend.Controllers.DepartmentController.GetDepartments (backend)'
2026-04-11 10:50:04.309 [INF] Serilog.AspNetCore.RequestLoggingMiddleware | HTTP GET /api/departments → 200 (36.0ms)
2026-04-11 10:50:04.309 [INF] Microsoft.AspNetCore.Hosting.Diagnostics | Request finished HTTP/1.1 GET http://localhost:5217/api/departments?organizationId=2 - 200 null application/json; charset=utf-8 36.421ms
2026-04-11 10:50:04.319 [INF] Microsoft.AspNetCore.Hosting.Diagnostics | Request starting HTTP/1.1 OPTIONS http://localhost:5217/api/employees?organizationId=2 - null null
2026-04-11 10:50:04.319 [INF] Microsoft.AspNetCore.Cors.Infrastructure.CorsService | CORS policy execution successful.
2026-04-11 10:50:04.319 [INF] Microsoft.AspNetCore.Hosting.Diagnostics | Request finished HTTP/1.1 OPTIONS http://localhost:5217/api/employees?organizationId=2 - 204 null null 0.1663ms
2026-04-11 10:50:04.319 [INF] Microsoft.AspNetCore.Hosting.Diagnostics | Request starting HTTP/1.1 GET http://localhost:5217/api/designations?organizationId=2 - application/json null
2026-04-11 10:50:04.319 [INF] Microsoft.AspNetCore.Cors.Infrastructure.CorsService | CORS policy execution successful.
2026-04-11 10:50:04.320 [INF] Microsoft.AspNetCore.Routing.EndpointMiddleware | Executing endpoint 'backend.Controllers.DesignationController.GetDesignations (backend)'
2026-04-11 10:50:04.320 [INF] Microsoft.AspNetCore.Mvc.Infrastructure.ControllerActionInvoker | Route matched with {action = "GetDesignations", controller = "Designation"}. Executing controller action with signature System.Threading.Tasks.Task`1[Microsoft.AspNetCore.Mvc.IActionResult] GetDesignations(System.Nullable`1[System.Int32]) on controller backend.Controllers.DesignationController (backend).
2026-04-11 10:50:04.321 [INF] Microsoft.AspNetCore.Hosting.Diagnostics | Request starting HTTP/1.1 GET http://localhost:5217/api/departments?organizationId=2 - null null
2026-04-11 10:50:04.321 [INF] Microsoft.AspNetCore.Cors.Infrastructure.CorsService | CORS policy execution successful.
2026-04-11 10:50:04.321 [INF] Microsoft.AspNetCore.Routing.EndpointMiddleware | Executing endpoint 'backend.Controllers.DepartmentController.GetDepartments (backend)'
2026-04-11 10:50:04.321 [INF] Microsoft.AspNetCore.Mvc.Infrastructure.ControllerActionInvoker | Route matched with {action = "GetDepartments", controller = "Department"}. Executing controller action with signature System.Threading.Tasks.Task`1[Microsoft.AspNetCore.Mvc.IActionResult] GetDepartments(System.Nullable`1[System.Int32]) on controller backend.Controllers.DepartmentController (backend).
2026-04-11 10:50:04.323 [INF] Microsoft.AspNetCore.Hosting.Diagnostics | Request starting HTTP/1.1 GET http://localhost:5217/api/employees?organizationId=2 - application/json null
2026-04-11 10:50:04.323 [INF] Microsoft.AspNetCore.Cors.Infrastructure.CorsService | CORS policy execution successful.
2026-04-11 10:50:04.323 [INF] Microsoft.AspNetCore.Routing.EndpointMiddleware | Executing endpoint 'backend.Controllers.EmployeesController.GetEmployees (backend)'
2026-04-11 10:50:04.323 [INF] Microsoft.AspNetCore.Mvc.Infrastructure.ControllerActionInvoker | Route matched with {action = "GetEmployees", controller = "Employees"}. Executing controller action with signature System.Threading.Tasks.Task`1[Microsoft.AspNetCore.Mvc.IActionResult] GetEmployees(System.Nullable`1[System.Int32]) on controller backend.Controllers.EmployeesController (backend).
2026-04-11 10:50:04.324 [INF] backend.Controllers.EmployeesController | [Employees] GET all | TargetOrgId=2 | UserOrgId=2
2026-04-11 10:50:04.334 [INF] backend.Controllers.DesignationController | Fetched 8 designations for OrgId 2
2026-04-11 10:50:04.334 [INF] Microsoft.AspNetCore.Mvc.Infrastructure.ObjectResultExecutor | Executing OkObjectResult, writing value of type 'System.Collections.Generic.List`1[[backend.Models.Designation, backend, Version=1.0.0.0, Culture=neutral, PublicKeyToken=null]]'.
2026-04-11 10:50:04.334 [INF] Microsoft.AspNetCore.Mvc.Infrastructure.ControllerActionInvoker | Executed action backend.Controllers.DesignationController.GetDesignations (backend) in 13.6232ms
2026-04-11 10:50:04.334 [INF] Microsoft.AspNetCore.Routing.EndpointMiddleware | Executed endpoint 'backend.Controllers.DesignationController.GetDesignations (backend)'
2026-04-11 10:50:04.334 [INF] Serilog.AspNetCore.RequestLoggingMiddleware | HTTP GET /api/designations → 200 (13.9ms)
2026-04-11 10:50:04.334 [INF] Microsoft.AspNetCore.Hosting.Diagnostics | Request finished HTTP/1.1 GET http://localhost:5217/api/designations?organizationId=2 - 200 null application/json; charset=utf-8 14.7616ms
2026-04-11 10:50:04.347 [INF] Microsoft.AspNetCore.Mvc.Infrastructure.ObjectResultExecutor | Executing OkObjectResult, writing value of type 'System.Collections.Generic.List`1[[backend.Models.Employee, backend, Version=1.0.0.0, Culture=neutral, PublicKeyToken=null]]'.
2026-04-11 10:50:04.348 [INF] Microsoft.AspNetCore.Mvc.Infrastructure.ControllerActionInvoker | Executed action backend.Controllers.EmployeesController.GetEmployees (backend) in 24.2147ms
2026-04-11 10:50:04.348 [INF] Microsoft.AspNetCore.Routing.EndpointMiddleware | Executed endpoint 'backend.Controllers.EmployeesController.GetEmployees (backend)'
2026-04-11 10:50:04.348 [INF] Serilog.AspNetCore.RequestLoggingMiddleware | HTTP GET /api/employees → 200 (24.4ms)
2026-04-11 10:50:04.348 [INF] Microsoft.AspNetCore.Hosting.Diagnostics | Request finished HTTP/1.1 GET http://localhost:5217/api/employees?organizationId=2 - 200 null application/json; charset=utf-8 24.8186ms
2026-04-11 10:50:04.395 [INF] Microsoft.AspNetCore.Mvc.Infrastructure.ObjectResultExecutor | Executing OkObjectResult, writing value of type 'System.Collections.Generic.List`1[[backend.Models.Department, backend, Version=1.0.0.0, Culture=neutral, PublicKeyToken=null]]'.
2026-04-11 10:50:04.395 [INF] Microsoft.AspNetCore.Mvc.Infrastructure.ControllerActionInvoker | Executed action backend.Controllers.DepartmentController.GetDepartments (backend) in 74.4951ms
2026-04-11 10:50:04.396 [INF] Microsoft.AspNetCore.Routing.EndpointMiddleware | Executed endpoint 'backend.Controllers.DepartmentController.GetDepartments (backend)'
2026-04-11 10:50:04.396 [INF] Serilog.AspNetCore.RequestLoggingMiddleware | HTTP GET /api/departments → 200 (74.7ms)
2026-04-11 10:50:04.396 [INF] Microsoft.AspNetCore.Hosting.Diagnostics | Request finished HTTP/1.1 GET http://localhost:5217/api/departments?organizationId=2 - 200 null application/json; charset=utf-8 74.9563ms
2026-04-11 10:50:04.626 [INF] Microsoft.AspNetCore.Hosting.Diagnostics | Request starting HTTP/1.1 GET http://localhost:5217/uploads/employee-photos/emp-28.jpg - null null
2026-04-11 10:50:04.626 [INF] Microsoft.AspNetCore.Cors.Infrastructure.CorsService | CORS policy execution successful.
2026-04-11 10:50:04.628 [INF] Serilog.AspNetCore.RequestLoggingMiddleware | HTTP GET /uploads/employee-photos/emp-28.jpg → 404 (0.1ms)
2026-04-11 10:50:04.628 [INF] Microsoft.AspNetCore.Hosting.Diagnostics | Request finished HTTP/1.1 GET http://localhost:5217/uploads/employee-photos/emp-28.jpg - 404 0 null 1.9171ms
2026-04-11 10:50:04.629 [INF] Microsoft.AspNetCore.Hosting.Diagnostics | Request reached the end of the middleware pipeline without being handled by application code. Request path: GET http://localhost:5217/uploads/employee-photos/emp-28.jpg, Response status code: 404
2026-04-11 10:50:04.645 [INF] Microsoft.AspNetCore.Hosting.Diagnostics | Request starting HTTP/1.1 OPTIONS http://localhost:5217/hubs/employees/negotiate?negotiateVersion=1 - null null
2026-04-11 10:50:04.646 [INF] Microsoft.AspNetCore.Cors.Infrastructure.CorsService | CORS policy execution successful.
2026-04-11 10:50:04.646 [INF] Microsoft.AspNetCore.Hosting.Diagnostics | Request finished HTTP/1.1 OPTIONS http://localhost:5217/hubs/employees/negotiate?negotiateVersion=1 - 204 null null 0.6245ms
2026-04-11 10:50:04.647 [INF] Microsoft.AspNetCore.Hosting.Diagnostics | Request starting HTTP/1.1 OPTIONS http://localhost:5217/hubs/employees/negotiate?negotiateVersion=1 - null null
2026-04-11 10:50:04.647 [INF] Microsoft.AspNetCore.Hosting.Diagnostics | Request starting HTTP/1.1 POST http://localhost:5217/hubs/employees/negotiate?negotiateVersion=1 - text/plain;charset=UTF-8 0
2026-04-11 10:50:04.652 [INF] Microsoft.AspNetCore.Cors.Infrastructure.CorsService | CORS policy execution successful.
2026-04-11 10:50:04.652 [INF] Microsoft.AspNetCore.Cors.Infrastructure.CorsService | CORS policy execution successful.
2026-04-11 10:50:04.652 [INF] Microsoft.AspNetCore.Hosting.Diagnostics | Request finished HTTP/1.1 OPTIONS http://localhost:5217/hubs/employees/negotiate?negotiateVersion=1 - 204 null null 4.83ms
2026-04-11 10:50:04.652 [INF] Microsoft.AspNetCore.Routing.EndpointMiddleware | Executing endpoint '/hubs/employees/negotiate'
2026-04-11 10:50:04.653 [INF] Microsoft.AspNetCore.Hosting.Diagnostics | Request starting HTTP/1.1 POST http://localhost:5217/hubs/employees/negotiate?negotiateVersion=1 - text/plain;charset=UTF-8 0
2026-04-11 10:50:04.654 [INF] Microsoft.AspNetCore.Cors.Infrastructure.CorsService | CORS policy execution successful.
2026-04-11 10:50:04.654 [INF] Microsoft.AspNetCore.Routing.EndpointMiddleware | Executing endpoint '/hubs/employees/negotiate'
2026-04-11 10:50:04.659 [INF] Microsoft.AspNetCore.Routing.EndpointMiddleware | Executed endpoint '/hubs/employees/negotiate'
2026-04-11 10:50:04.659 [INF] Microsoft.AspNetCore.Routing.EndpointMiddleware | Executed endpoint '/hubs/employees/negotiate'
2026-04-11 10:50:04.659 [INF] Serilog.AspNetCore.RequestLoggingMiddleware | HTTP POST /hubs/employees/negotiate → 200 (7.2ms)
2026-04-11 10:50:04.659 [INF] Serilog.AspNetCore.RequestLoggingMiddleware | HTTP POST /hubs/employees/negotiate → 200 (5.4ms)
2026-04-11 10:50:04.659 [INF] Microsoft.AspNetCore.Hosting.Diagnostics | Request finished HTTP/1.1 POST http://localhost:5217/hubs/employees/negotiate?negotiateVersion=1 - 200 316 application/json 11.9224ms
2026-04-11 10:50:04.659 [INF] Microsoft.AspNetCore.Hosting.Diagnostics | Request finished HTTP/1.1 POST http://localhost:5217/hubs/employees/negotiate?negotiateVersion=1 - 200 316 application/json 5.9365ms
2026-04-11 10:50:04.676 [INF] Microsoft.AspNetCore.Hosting.Diagnostics | Request starting HTTP/1.1 GET http://localhost:5217/hubs/employees?id=-jSO0Mh3jVA0TBsPQTLdGQ&access_token=eyJhbGciOiJIUzI1NiIsInR5cCI6IkpXVCJ9.eyJuYW1laWQiOiIxOCIsInVuaXF1ZV9uYW1lIjoidmFzYW50aGFrdW1hciIsImVtYWlsIjoidmFzYW50aDIwMDR2a0BnbWFpbC5jb20iLCJyb2xlIjoiU3VwZXJBZG1pbiIsIk9yZ2FuaXphdGlvbklkIjoiMiIsIk9yZ2FuaXphdGlvbkxvZ28iOiIvdXBsb2Fkcy9vcmctbG9nb3Mvb3JnLWxvZ28tNTg3M2M0NzVkOTFkNGJiZDkwNDZkZWVjNjY3ZDEzNmMuanBnIiwibmJmIjoxNzc1ODg0NzIwLCJleHAiOjE3NzU5NzExMjAsImlhdCI6MTc3NTg4NDcyMCwiaXNzIjoiUHJvRGVzWC1CYWNrZW5kIiwiYXVkIjoiUHJvRGVzWC1Gcm9udGVuZCJ9.sL2f_5v0c3udnDmtp_q1dUpnJOf3WLte114Eb7kpnDI - null null
2026-04-11 10:50:04.677 [INF] Microsoft.AspNetCore.Cors.Infrastructure.CorsService | CORS policy execution successful.
2026-04-11 10:50:04.677 [INF] Microsoft.AspNetCore.Routing.EndpointMiddleware | Executing endpoint '/hubs/employees'
2026-04-11 10:50:04.707 [INF] Microsoft.AspNetCore.Hosting.Diagnostics | Request starting HTTP/1.1 GET http://localhost:5217/hubs/employees?id=jdh2Q80F8oRScfd7rlcd5g&access_token=eyJhbGciOiJIUzI1NiIsInR5cCI6IkpXVCJ9.eyJuYW1laWQiOiIxOCIsInVuaXF1ZV9uYW1lIjoidmFzYW50aGFrdW1hciIsImVtYWlsIjoidmFzYW50aDIwMDR2a0BnbWFpbC5jb20iLCJyb2xlIjoiU3VwZXJBZG1pbiIsIk9yZ2FuaXphdGlvbklkIjoiMiIsIk9yZ2FuaXphdGlvbkxvZ28iOiIvdXBsb2Fkcy9vcmctbG9nb3Mvb3JnLWxvZ28tNTg3M2M0NzVkOTFkNGJiZDkwNDZkZWVjNjY3ZDEzNmMuanBnIiwibmJmIjoxNzc1ODg0NzIwLCJleHAiOjE3NzU5NzExMjAsImlhdCI6MTc3NTg4NDcyMCwiaXNzIjoiUHJvRGVzWC1CYWNrZW5kIiwiYXVkIjoiUHJvRGVzWC1Gcm9udGVuZCJ9.sL2f_5v0c3udnDmtp_q1dUpnJOf3WLte114Eb7kpnDI - null null
2026-04-11 10:50:04.707 [INF] Microsoft.AspNetCore.Cors.Infrastructure.CorsService | CORS policy execution successful.
2026-04-11 10:50:04.707 [INF] Microsoft.AspNetCore.Routing.EndpointMiddleware | Executing endpoint '/hubs/employees'
2026-04-11 10:50:09.707 [INF] Microsoft.AspNetCore.Hosting.Diagnostics | Request starting HTTP/1.1 OPTIONS http://localhost:5217/api/DynamicForm/employee-fields?organizationId=2 - null null
2026-04-11 10:50:09.707 [INF] Microsoft.AspNetCore.Cors.Infrastructure.CorsService | CORS policy execution successful.
2026-04-11 10:50:09.708 [INF] Microsoft.AspNetCore.Hosting.Diagnostics | Request finished HTTP/1.1 OPTIONS http://localhost:5217/api/DynamicForm/employee-fields?organizationId=2 - 204 null null 0.7238ms
2026-04-11 10:50:09.711 [INF] Microsoft.AspNetCore.Hosting.Diagnostics | Request starting HTTP/1.1 GET http://localhost:5217/api/DynamicForm/employee-fields?organizationId=2 - application/json null
2026-04-11 10:50:09.713 [INF] Microsoft.AspNetCore.Cors.Infrastructure.CorsService | CORS policy execution successful.
2026-04-11 10:50:09.714 [INF] Microsoft.AspNetCore.Routing.EndpointMiddleware | Executing endpoint 'backend.Controllers.DynamicFormController.GetEmployeeFields (backend)'
2026-04-11 10:50:09.725 [INF] Microsoft.AspNetCore.Mvc.Infrastructure.ControllerActionInvoker | Route matched with {action = "GetEmployeeFields", controller = "DynamicForm"}. Executing controller action with signature System.Threading.Tasks.Task`1[Microsoft.AspNetCore.Mvc.IActionResult] GetEmployeeFields(System.Nullable`1[System.Int32]) on controller backend.Controllers.DynamicFormController (backend).
2026-04-11 10:50:09.763 [INF] Microsoft.AspNetCore.Mvc.Infrastructure.ObjectResultExecutor | Executing OkObjectResult, writing value of type 'System.Collections.Generic.List`1[[System.Object, System.Private.CoreLib, Version=10.0.0.0, Culture=neutral, PublicKeyToken=7cec85d7bea7798e]]'.
2026-04-11 10:50:09.782 [INF] Microsoft.AspNetCore.Mvc.Infrastructure.ControllerActionInvoker | Executed action backend.Controllers.DynamicFormController.GetEmployeeFields (backend) in 56.8288ms
2026-04-11 10:50:09.782 [INF] Microsoft.AspNetCore.Routing.EndpointMiddleware | Executed endpoint 'backend.Controllers.DynamicFormController.GetEmployeeFields (backend)'
2026-04-11 10:50:09.782 [INF] Serilog.AspNetCore.RequestLoggingMiddleware | HTTP GET /api/DynamicForm/employee-fields → 200 (68.2ms)
2026-04-11 10:50:09.782 [INF] Microsoft.AspNetCore.Hosting.Diagnostics | Request finished HTTP/1.1 GET http://localhost:5217/api/DynamicForm/employee-fields?organizationId=2 - 200 null application/json; charset=utf-8 70.7385ms
2026-04-11 10:50:09.833 [INF] Microsoft.AspNetCore.Hosting.Diagnostics | Request starting HTTP/1.1 OPTIONS http://localhost:5217/api/designations?organizationId=2 - null null
2026-04-11 10:50:09.833 [INF] Microsoft.AspNetCore.Cors.Infrastructure.CorsService | CORS policy execution successful.
2026-04-11 10:50:09.833 [INF] Microsoft.AspNetCore.Hosting.Diagnostics | Request finished HTTP/1.1 OPTIONS http://localhost:5217/api/designations?organizationId=2 - 204 null null 0.2919ms
2026-04-11 10:50:09.834 [INF] Microsoft.AspNetCore.Hosting.Diagnostics | Request starting HTTP/1.1 OPTIONS http://localhost:5217/api/departments?organizationId=2 - null null
2026-04-11 10:50:09.834 [INF] Microsoft.AspNetCore.Cors.Infrastructure.CorsService | CORS policy execution successful.
2026-04-11 10:50:09.834 [INF] Microsoft.AspNetCore.Hosting.Diagnostics | Request finished HTTP/1.1 OPTIONS http://localhost:5217/api/departments?organizationId=2 - 204 null null 0.1303ms
2026-04-11 10:50:09.836 [INF] Microsoft.AspNetCore.Hosting.Diagnostics | Request starting HTTP/1.1 GET http://localhost:5217/api/designations?organizationId=2 - application/json null
2026-04-11 10:50:09.836 [INF] Microsoft.AspNetCore.Cors.Infrastructure.CorsService | CORS policy execution successful.
2026-04-11 10:50:09.836 [INF] Microsoft.AspNetCore.Routing.EndpointMiddleware | Executing endpoint 'backend.Controllers.DesignationController.GetDesignations (backend)'
2026-04-11 10:50:09.837 [INF] Microsoft.AspNetCore.Mvc.Infrastructure.ControllerActionInvoker | Route matched with {action = "GetDesignations", controller = "Designation"}. Executing controller action with signature System.Threading.Tasks.Task`1[Microsoft.AspNetCore.Mvc.IActionResult] GetDesignations(System.Nullable`1[System.Int32]) on controller backend.Controllers.DesignationController (backend).
2026-04-11 10:50:09.837 [INF] Microsoft.AspNetCore.Hosting.Diagnostics | Request starting HTTP/1.1 GET http://localhost:5217/api/departments?organizationId=2 - null null
2026-04-11 10:50:09.837 [INF] Microsoft.AspNetCore.Cors.Infrastructure.CorsService | CORS policy execution successful.
2026-04-11 10:50:09.837 [INF] Microsoft.AspNetCore.Routing.EndpointMiddleware | Executing endpoint 'backend.Controllers.DepartmentController.GetDepartments (backend)'
2026-04-11 10:50:09.837 [INF] Microsoft.AspNetCore.Mvc.Infrastructure.ControllerActionInvoker | Route matched with {action = "GetDepartments", controller = "Department"}. Executing controller action with signature System.Threading.Tasks.Task`1[Microsoft.AspNetCore.Mvc.IActionResult] GetDepartments(System.Nullable`1[System.Int32]) on controller backend.Controllers.DepartmentController (backend).
2026-04-11 10:50:09.857 [INF] backend.Controllers.DesignationController | Fetched 8 designations for OrgId 2
2026-04-11 10:50:09.857 [INF] Microsoft.AspNetCore.Mvc.Infrastructure.ObjectResultExecutor | Executing OkObjectResult, writing value of type 'System.Collections.Generic.List`1[[backend.Models.Department, backend, Version=1.0.0.0, Culture=neutral, PublicKeyToken=null]]'.
2026-04-11 10:50:09.857 [INF] Microsoft.AspNetCore.Mvc.Infrastructure.ObjectResultExecutor | Executing OkObjectResult, writing value of type 'System.Collections.Generic.List`1[[backend.Models.Designation, backend, Version=1.0.0.0, Culture=neutral, PublicKeyToken=null]]'.
2026-04-11 10:50:09.858 [INF] Microsoft.AspNetCore.Mvc.Infrastructure.ControllerActionInvoker | Executed action backend.Controllers.DesignationController.GetDesignations (backend) in 20.9412ms
2026-04-11 10:50:09.858 [INF] Microsoft.AspNetCore.Mvc.Infrastructure.ControllerActionInvoker | Executed action backend.Controllers.DepartmentController.GetDepartments (backend) in 20.7305ms
2026-04-11 10:50:09.858 [INF] Microsoft.AspNetCore.Routing.EndpointMiddleware | Executed endpoint 'backend.Controllers.DepartmentController.GetDepartments (backend)'
2026-04-11 10:50:09.858 [INF] Microsoft.AspNetCore.Routing.EndpointMiddleware | Executed endpoint 'backend.Controllers.DesignationController.GetDesignations (backend)'
2026-04-11 10:50:09.858 [INF] Serilog.AspNetCore.RequestLoggingMiddleware | HTTP GET /api/departments → 200 (20.9ms)
2026-04-11 10:50:09.858 [INF] Serilog.AspNetCore.RequestLoggingMiddleware | HTTP GET /api/designations → 200 (21.3ms)
2026-04-11 10:50:09.858 [INF] Microsoft.AspNetCore.Hosting.Diagnostics | Request finished HTTP/1.1 GET http://localhost:5217/api/departments?organizationId=2 - 200 null application/json; charset=utf-8 21.2511ms
2026-04-11 10:50:09.858 [INF] Microsoft.AspNetCore.Hosting.Diagnostics | Request finished HTTP/1.1 GET http://localhost:5217/api/designations?organizationId=2 - 200 null application/json; charset=utf-8 21.809ms
2026-04-11 10:50:09.889 [INF] Microsoft.AspNetCore.Hosting.Diagnostics | Request starting HTTP/1.1 OPTIONS http://localhost:5217/api/employees/32/bank-details - null null
2026-04-11 10:50:09.889 [INF] Microsoft.AspNetCore.Cors.Infrastructure.CorsService | CORS policy execution successful.
2026-04-11 10:50:09.890 [INF] Microsoft.AspNetCore.Hosting.Diagnostics | Request finished HTTP/1.1 OPTIONS http://localhost:5217/api/employees/32/bank-details - 204 null null 0.2652ms
2026-04-11 10:50:09.891 [INF] Microsoft.AspNetCore.Hosting.Diagnostics | Request starting HTTP/1.1 GET http://localhost:5217/api/employees/32/bank-details - application/json null
2026-04-11 10:50:09.893 [INF] Microsoft.AspNetCore.Cors.Infrastructure.CorsService | CORS policy execution successful.
2026-04-11 10:50:09.894 [INF] Microsoft.AspNetCore.Routing.EndpointMiddleware | Executing endpoint 'backend.Controllers.EmployeesController.GetBankDetails (backend)'
2026-04-11 10:50:09.901 [INF] Microsoft.AspNetCore.Mvc.Infrastructure.ControllerActionInvoker | Route matched with {action = "GetBankDetails", controller = "Employees"}. Executing controller action with signature System.Threading.Tasks.Task`1[Microsoft.AspNetCore.Mvc.IActionResult] GetBankDetails(Int32) on controller backend.Controllers.EmployeesController (backend).
2026-04-11 10:50:09.926 [INF] backend.Controllers.EmployeesController | [Employees] GET bank-details returned {"Id":19,"EmployeeId":32,"OrganizationId":2,"AccountNumber":123456789012,"AccountHolderName":"","Branch":null,"Ifsc":"","CreatedAt":"2026-03-24T12:59:16.1600000","UpdatedAt":"2026-03-24T12:59:16.1600000","CreatedBy":18,"LastUpdatedBy":18,"$type":"EmployeeAccountDetails"} for EmployeeId=32
2026-04-11 10:50:09.928 [INF] Microsoft.AspNetCore.Mvc.Infrastructure.ObjectResultExecutor | Executing OkObjectResult, writing value of type 'backend.Models.EmployeeAccountDetails'.
2026-04-11 10:50:09.932 [INF] Microsoft.AspNetCore.Mvc.Infrastructure.ControllerActionInvoker | Executed action backend.Controllers.EmployeesController.GetBankDetails (backend) in 30.7151ms
2026-04-11 10:50:09.932 [INF] Microsoft.AspNetCore.Routing.EndpointMiddleware | Executed endpoint 'backend.Controllers.EmployeesController.GetBankDetails (backend)'
2026-04-11 10:50:09.932 [INF] Serilog.AspNetCore.RequestLoggingMiddleware | HTTP GET /api/employees/32/bank-details → 200 (38.2ms)
2026-04-11 10:50:09.932 [INF] Microsoft.AspNetCore.Hosting.Diagnostics | Request finished HTTP/1.1 GET http://localhost:5217/api/employees/32/bank-details - 200 null application/json; charset=utf-8 41.018ms
2026-04-11 10:50:41.730 [INF] Microsoft.AspNetCore.Hosting.Diagnostics | Request starting HTTP/1.1 OPTIONS http://localhost:5217/api/employees/32 - null null
2026-04-11 10:50:41.730 [INF] Microsoft.AspNetCore.Cors.Infrastructure.CorsService | CORS policy execution successful.
2026-04-11 10:50:41.730 [INF] Microsoft.AspNetCore.Hosting.Diagnostics | Request finished HTTP/1.1 OPTIONS http://localhost:5217/api/employees/32 - 204 null null 0.2069ms
2026-04-11 10:50:41.732 [INF] Microsoft.AspNetCore.Hosting.Diagnostics | Request starting HTTP/1.1 PUT http://localhost:5217/api/employees/32 - application/json 688
2026-04-11 10:50:41.732 [INF] Microsoft.AspNetCore.Cors.Infrastructure.CorsService | CORS policy execution successful.
2026-04-11 10:50:41.732 [INF] Microsoft.AspNetCore.Routing.EndpointMiddleware | Executing endpoint 'backend.Controllers.EmployeesController.UpdateEmployee (backend)'
2026-04-11 10:50:41.740 [INF] Microsoft.AspNetCore.Mvc.Infrastructure.ControllerActionInvoker | Route matched with {action = "UpdateEmployee", controller = "Employees"}. Executing controller action with signature System.Threading.Tasks.Task`1[Microsoft.AspNetCore.Mvc.IActionResult] UpdateEmployee(Int32, backend.Models.CreateEmployeeRequest) on controller backend.Controllers.EmployeesController (backend).
2026-04-11 10:50:41.762 [INF] backend.Controllers.EmployeesController | [Employees] UPDATE | Id=32 | Name=pin | TargetOrgId=2 | UserOrgId=2
2026-04-11 10:50:41.794 [ERR] backend.Controllers.EmployeesController | [Employees] UPDATE failed | Id=32
Microsoft.Data.SqlClient.SqlException (0x80131904): Procedure or function sp_UpdateEmployee has too many arguments specified.
   at Microsoft.Data.SqlClient.SqlConnection.OnError(SqlException exception, Boolean breakConnection, Action`1 wrapCloseInAction)
   at Microsoft.Data.SqlClient.SqlInternalConnection.OnError(SqlException exception, Boolean breakConnection, Action`1 wrapCloseInAction)
   at Microsoft.Data.SqlClient.TdsParser.ThrowExceptionAndWarning(TdsParserStateObject stateObj, SqlCommand command, Boolean callerHasConnectionLock, Boolean asyncClose)
   at Microsoft.Data.SqlClient.TdsParser.TryRun(RunBehavior runBehavior, SqlCommand cmdHandler, SqlDataReader dataStream, BulkCopySimpleResultSet bulkCopyHandler, TdsParserStateObject stateObj, Boolean& dataReady)
   at Microsoft.Data.SqlClient.SqlCommand.FinishExecuteReader(SqlDataReader ds, RunBehavior runBehavior, String resetOptionsString, Boolean isInternal, Boolean forDescribeParameterEncryption, Boolean shouldCacheForAlwaysEncrypted)
   at Microsoft.Data.SqlClient.SqlCommand.CompleteAsyncExecuteReader(Boolean isInternal, Boolean forDescribeParameterEncryption)
   at Microsoft.Data.SqlClient.SqlCommand.InternalEndExecuteNonQuery(IAsyncResult asyncResult, Boolean isInternal, String endMethod)
   at Microsoft.Data.SqlClient.SqlCommand.EndExecuteNonQueryInternal(IAsyncResult asyncResult)
   at Microsoft.Data.SqlClient.SqlCommand.EndExecuteNonQueryAsync(IAsyncResult asyncResult)
   at Microsoft.Data.SqlClient.SqlCommand.<>c.<InternalExecuteNonQueryAsync>b__193_1(IAsyncResult asyncResult)
   at System.Threading.Tasks.TaskFactory`1.FromAsyncCoreLogic(IAsyncResult iar, Func`2 endFunction, Action`1 endAction, Task`1 promise, Boolean requiresSynchronization)
--- End of stack trace from previous location ---
   at Dapper.SqlMapper.ExecuteImplAsync(IDbConnection cnn, CommandDefinition command, Object param) in /_/Dapper/SqlMapper.Async.cs:line 662
   at backend.Controllers.EmployeesController.UpdateEmployee(Int32 id, CreateEmployeeRequest req) in C:\Repos_Work\Prodesx_HRM_Mobile_Application\backend\Controllers\EmployeesController.cs:line 197
ClientConnectionId:75f13645-6771-4320-a9d1-bf2ca8d1d219
Error Number:8144,State:2,Class:16
2026-04-11 10:50:41.797 [INF] Microsoft.AspNetCore.Mvc.Infrastructure.ObjectResultExecutor | Executing ObjectResult, writing value of type 'System.String'.
2026-04-11 10:50:41.797 [INF] Microsoft.AspNetCore.Mvc.Infrastructure.ControllerActionInvoker | Executed action backend.Controllers.EmployeesController.UpdateEmployee (backend) in 56.5305ms
2026-04-11 10:50:41.797 [INF] Microsoft.AspNetCore.Routing.EndpointMiddleware | Executed endpoint 'backend.Controllers.EmployeesController.UpdateEmployee (backend)'
2026-04-11 10:50:41.797 [ERR] Serilog.AspNetCore.RequestLoggingMiddleware | HTTP PUT /api/employees/32 → 500 (64.8ms)
2026-04-11 10:50:41.797 [INF] Microsoft.AspNetCore.Hosting.Diagnostics | Request finished HTTP/1.1 PUT http://localhost:5217/api/employees/32 - 500 null text/plain; charset=utf-8 65.1865ms
2026-04-11 10:50:46.729 [INF] Microsoft.AspNetCore.Hosting.Diagnostics | Request starting HTTP/1.1 PUT http://localhost:5217/api/employees/32 - application/json 688
2026-04-11 10:50:46.730 [INF] Microsoft.AspNetCore.Cors.Infrastructure.CorsService | CORS policy execution successful.
2026-04-11 10:50:46.730 [INF] Microsoft.AspNetCore.Routing.EndpointMiddleware | Executing endpoint 'backend.Controllers.EmployeesController.UpdateEmployee (backend)'
2026-04-11 10:50:46.730 [INF] Microsoft.AspNetCore.Mvc.Infrastructure.ControllerActionInvoker | Route matched with {action = "UpdateEmployee", controller = "Employees"}. Executing controller action with signature System.Threading.Tasks.Task`1[Microsoft.AspNetCore.Mvc.IActionResult] UpdateEmployee(Int32, backend.Models.CreateEmployeeRequest) on controller backend.Controllers.EmployeesController (backend).
2026-04-11 10:50:46.731 [INF] backend.Controllers.EmployeesController | [Employees] UPDATE | Id=32 | Name=pin | TargetOrgId=2 | UserOrgId=2
2026-04-11 10:50:46.743 [ERR] backend.Controllers.EmployeesController | [Employees] UPDATE failed | Id=32
Microsoft.Data.SqlClient.SqlException (0x80131904): Procedure or function sp_UpdateEmployee has too many arguments specified.
   at Microsoft.Data.SqlClient.SqlConnection.OnError(SqlException exception, Boolean breakConnection, Action`1 wrapCloseInAction)
   at Microsoft.Data.SqlClient.SqlInternalConnection.OnError(SqlException exception, Boolean breakConnection, Action`1 wrapCloseInAction)
   at Microsoft.Data.SqlClient.TdsParser.ThrowExceptionAndWarning(TdsParserStateObject stateObj, SqlCommand command, Boolean callerHasConnectionLock, Boolean asyncClose)
   at Microsoft.Data.SqlClient.TdsParser.TryRun(RunBehavior runBehavior, SqlCommand cmdHandler, SqlDataReader dataStream, BulkCopySimpleResultSet bulkCopyHandler, TdsParserStateObject stateObj, Boolean& dataReady)
   at Microsoft.Data.SqlClient.SqlCommand.FinishExecuteReader(SqlDataReader ds, RunBehavior runBehavior, String resetOptionsString, Boolean isInternal, Boolean forDescribeParameterEncryption, Boolean shouldCacheForAlwaysEncrypted)
   at Microsoft.Data.SqlClient.SqlCommand.CompleteAsyncExecuteReader(Boolean isInternal, Boolean forDescribeParameterEncryption)
   at Microsoft.Data.SqlClient.SqlCommand.InternalEndExecuteNonQuery(IAsyncResult asyncResult, Boolean isInternal, String endMethod)
   at Microsoft.Data.SqlClient.SqlCommand.EndExecuteNonQueryInternal(IAsyncResult asyncResult)
   at Microsoft.Data.SqlClient.SqlCommand.EndExecuteNonQueryAsync(IAsyncResult asyncResult)
   at Microsoft.Data.SqlClient.SqlCommand.<>c.<InternalExecuteNonQueryAsync>b__193_1(IAsyncResult asyncResult)
   at System.Threading.Tasks.TaskFactory`1.FromAsyncCoreLogic(IAsyncResult iar, Func`2 endFunction, Action`1 endAction, Task`1 promise, Boolean requiresSynchronization)
--- End of stack trace from previous location ---
   at Dapper.SqlMapper.ExecuteImplAsync(IDbConnection cnn, CommandDefinition command, Object param) in /_/Dapper/SqlMapper.Async.cs:line 662
   at backend.Controllers.EmployeesController.UpdateEmployee(Int32 id, CreateEmployeeRequest req) in C:\Repos_Work\Prodesx_HRM_Mobile_Application\backend\Controllers\EmployeesController.cs:line 197
ClientConnectionId:75f13645-6771-4320-a9d1-bf2ca8d1d219
Error Number:8144,State:2,Class:16
2026-04-11 10:50:46.744 [INF] Microsoft.AspNetCore.Mvc.Infrastructure.ObjectResultExecutor | Executing ObjectResult, writing value of type 'System.String'.
2026-04-11 10:50:46.744 [INF] Microsoft.AspNetCore.Mvc.Infrastructure.ControllerActionInvoker | Executed action backend.Controllers.EmployeesController.UpdateEmployee (backend) in 14.0397ms
2026-04-11 10:50:46.744 [INF] Microsoft.AspNetCore.Routing.EndpointMiddleware | Executed endpoint 'backend.Controllers.EmployeesController.UpdateEmployee (backend)'
2026-04-11 10:50:46.744 [ERR] Serilog.AspNetCore.RequestLoggingMiddleware | HTTP PUT /api/employees/32 → 500 (14.2ms)
2026-04-11 10:50:46.744 [INF] Microsoft.AspNetCore.Hosting.Diagnostics | Request finished HTTP/1.1 PUT http://localhost:5217/api/employees/32 - 500 null text/plain; charset=utf-8 14.857ms
2026-04-11 10:51:04.870 [INF] Microsoft.Hosting.Lifetime | Application is shutting down...
2026-04-11 10:51:04.873 [INF] Microsoft.AspNetCore.Server.Kestrel.Connections | Connection id "0HNKNGVGENA9J", Request id "0HNKNGVGENA9J:00000001": the application aborted the connection.
2026-04-11 10:51:04.876 [INF] Microsoft.AspNetCore.Server.Kestrel.Connections | Connection id "0HNKNGVGENA9I", Request id "0HNKNGVGENA9I:00000001": the application aborted the connection.
2026-04-11 10:51:04.884 [INF] Microsoft.AspNetCore.Routing.EndpointMiddleware | Executed endpoint '/hubs/employees'
2026-04-11 10:51:04.884 [INF] Serilog.AspNetCore.RequestLoggingMiddleware | HTTP GET /hubs/employees → 101 (60171.9ms)
2026-04-11 10:51:04.884 [INF] Microsoft.AspNetCore.Hosting.Diagnostics | Request finished HTTP/1.1 GET http://localhost:5217/hubs/employees?id=jdh2Q80F8oRScfd7rlcd5g&access_token=eyJhbGciOiJIUzI1NiIsInR5cCI6IkpXVCJ9.eyJuYW1laWQiOiIxOCIsInVuaXF1ZV9uYW1lIjoidmFzYW50aGFrdW1hciIsImVtYWlsIjoidmFzYW50aDIwMDR2a0BnbWFpbC5jb20iLCJyb2xlIjoiU3VwZXJBZG1pbiIsIk9yZ2FuaXphdGlvbklkIjoiMiIsIk9yZ2FuaXphdGlvbkxvZ28iOiIvdXBsb2Fkcy9vcmctbG9nb3Mvb3JnLWxvZ28tNTg3M2M0NzVkOTFkNGJiZDkwNDZkZWVjNjY3ZDEzNmMuanBnIiwibmJmIjoxNzc1ODg0NzIwLCJleHAiOjE3NzU5NzExMjAsImlhdCI6MTc3NTg4NDcyMCwiaXNzIjoiUHJvRGVzWC1CYWNrZW5kIiwiYXVkIjoiUHJvRGVzWC1Gcm9udGVuZCJ9.sL2f_5v0c3udnDmtp_q1dUpnJOf3WLte114Eb7kpnDI - 101 null null 60172.3598ms
2026-04-11 10:51:04.892 [INF] Microsoft.AspNetCore.Hosting.Diagnostics | Request starting HTTP/1.1 OPTIONS http://localhost:5217/hubs/employees/negotiate?negotiateVersion=1 - null null
2026-04-11 10:51:04.893 [INF] Microsoft.AspNetCore.Cors.Infrastructure.CorsService | CORS policy execution successful.
2026-04-11 10:51:04.893 [INF] Microsoft.AspNetCore.Hosting.Diagnostics | Request finished HTTP/1.1 OPTIONS http://localhost:5217/hubs/employees/negotiate?negotiateVersion=1 - 204 null null 0.2445ms
2026-04-11 10:51:04.895 [INF] Microsoft.AspNetCore.Hosting.Diagnostics | Request starting HTTP/1.1 POST http://localhost:5217/hubs/employees/negotiate?negotiateVersion=1 - text/plain;charset=UTF-8 0
2026-04-11 10:51:04.895 [INF] Microsoft.AspNetCore.Cors.Infrastructure.CorsService | CORS policy execution successful.
2026-04-11 10:51:04.895 [INF] Microsoft.AspNetCore.Routing.EndpointMiddleware | Executing endpoint '/hubs/employees/negotiate'
2026-04-11 10:51:04.895 [INF] Microsoft.AspNetCore.Routing.EndpointMiddleware | Executed endpoint '/hubs/employees/negotiate'
2026-04-11 10:51:04.895 [INF] Serilog.AspNetCore.RequestLoggingMiddleware | HTTP POST /hubs/employees/negotiate → 200 (0.4ms)
2026-04-11 10:51:04.896 [INF] Microsoft.AspNetCore.Hosting.Diagnostics | Request finished HTTP/1.1 POST http://localhost:5217/hubs/employees/negotiate?negotiateVersion=1 - 200 316 application/json 0.9689ms
2026-04-11 10:51:04.896 [INF] Microsoft.AspNetCore.Routing.EndpointMiddleware | Executed endpoint '/hubs/employees'
2026-04-11 10:51:04.896 [INF] Serilog.AspNetCore.RequestLoggingMiddleware | HTTP GET /hubs/employees → 101 (60214.1ms)
2026-04-11 10:51:04.896 [INF] Microsoft.AspNetCore.Hosting.Diagnostics | Request finished HTTP/1.1 GET http://localhost:5217/hubs/employees?id=-jSO0Mh3jVA0TBsPQTLdGQ&access_token=eyJhbGciOiJIUzI1NiIsInR5cCI6IkpXVCJ9.eyJuYW1laWQiOiIxOCIsInVuaXF1ZV9uYW1lIjoidmFzYW50aGFrdW1hciIsImVtYWlsIjoidmFzYW50aDIwMDR2a0BnbWFpbC5jb20iLCJyb2xlIjoiU3VwZXJBZG1pbiIsIk9yZ2FuaXphdGlvbklkIjoiMiIsIk9yZ2FuaXphdGlvbkxvZ28iOiIvdXBsb2Fkcy9vcmctbG9nb3Mvb3JnLWxvZ28tNTg3M2M0NzVkOTFkNGJiZDkwNDZkZWVjNjY3ZDEzNmMuanBnIiwibmJmIjoxNzc1ODg0NzIwLCJleHAiOjE3NzU5NzExMjAsImlhdCI6MTc3NTg4NDcyMCwiaXNzIjoiUHJvRGVzWC1CYWNrZW5kIiwiYXVkIjoiUHJvRGVzWC1Gcm9udGVuZCJ9.sL2f_5v0c3udnDmtp_q1dUpnJOf3WLte114Eb7kpnDI - 101 null null 60214.9669ms
2026-04-11 10:51:04.897 [INF] Microsoft.AspNetCore.Hosting.Diagnostics | Request starting HTTP/1.1 POST http://localhost:5217/hubs/employees/negotiate?negotiateVersion=1 - text/plain;charset=UTF-8 0
2026-04-11 10:51:04.898 [INF] Microsoft.AspNetCore.Cors.Infrastructure.CorsService | CORS policy execution successful.
2026-04-11 10:51:04.898 [INF] Microsoft.AspNetCore.Routing.EndpointMiddleware | Executing endpoint '/hubs/employees/negotiate'
2026-04-11 10:51:04.898 [INF] Microsoft.AspNetCore.Routing.EndpointMiddleware | Executed endpoint '/hubs/employees/negotiate'
2026-04-11 10:51:04.898 [INF] Serilog.AspNetCore.RequestLoggingMiddleware | HTTP POST /hubs/employees/negotiate → 200 (0.2ms)
2026-04-11 10:51:04.898 [INF] Microsoft.AspNetCore.Hosting.Diagnostics | Request finished HTTP/1.1 POST http://localhost:5217/hubs/employees/negotiate?negotiateVersion=1 - 200 316 application/json 0.6494ms
2026-04-11 10:51:10.024 [INF]  | === ProDesX-HRM Backend Starting (Migrations Rev 5: Explicit Columns) ===
2026-04-11 10:51:10.497 [INF]  | === ProDesX-HRM Backend Starting (Migrations Rev 4: Clean GOs) ===
2026-04-11 10:51:10.747 [INF]  | [DB] Connected to: 103.235.104.197 | proxPayroll
2026-04-11 10:51:11.018 [INF]  | [DB] Database exists. Running migrations.sql...
2026-04-11 10:51:11.953 [WRN]  | [DB] Batch skipped in migrations.sql: Invalid column name 'EmployeeId'.
2026-04-11 10:51:11.976 [WRN]  | [DB] Batch skipped in migrations.sql: Invalid column name 'EmployeeId'.
2026-04-11 10:51:12.939 [WRN]  | [DB] Batch skipped in migrations.sql: 'CREATE/ALTER PROCEDURE' must be the first statement in a query batch.
2026-04-11 10:51:13.985 [INF]  | [DB] Finished running migrations.sql. 155 batches applied, 3 skipped.
2026-04-11 10:51:14.298 [WRN]  | [DB] Procedure apply skipped: Invalid column name 'EmployeeId'.
2026-04-11 10:51:14.309 [WRN]  | [DB] Procedure apply skipped: Invalid column name 'EmployeeId'.
2026-04-11 10:51:16.071 [INF]  | [DB] Procedures refreshed (CREATE OR ALTER). 136 applied, 2 skipped.
2026-04-11 10:51:16.071 [INF]  | [DB] Migrations complete.
2026-04-11 10:51:16.435 [INF]  | === Backend running at http://localhost:5217 ===
2026-04-11 10:51:16.454 [INF] Microsoft.AspNetCore.DataProtection.KeyManagement.XmlKeyManager | User profile is available. Using 'C:\Users\vasanth\AppData\Local\ASP.NET\DataProtection-Keys' as key repository and Windows DPAPI to encrypt keys at rest.
2026-04-11 10:51:16.465 [INF] backend.Services.ShiftScheduleBackgroundService | Shift Schedule Background Service is starting.
2026-04-11 10:51:16.540 [INF] Microsoft.Hosting.Lifetime | Now listening on: http://localhost:5217
2026-04-11 10:51:16.540 [INF] Microsoft.Hosting.Lifetime | Application started. Press Ctrl+C to shut down.
2026-04-11 10:51:16.540 [INF] Microsoft.Hosting.Lifetime | Hosting environment: Development
2026-04-11 10:51:16.541 [INF] Microsoft.Hosting.Lifetime | Content root path: C:\Repos_Work\Prodesx_HRM_Mobile_Application\backend
2026-04-11 10:51:21.480 [INF] Microsoft.AspNetCore.Hosting.Diagnostics | Request starting HTTP/1.1 OPTIONS http://localhost:5217/hubs/employees/negotiate?negotiateVersion=1 - null null
2026-04-11 10:51:21.513 [INF] Microsoft.AspNetCore.Cors.Infrastructure.CorsService | CORS policy execution successful.
2026-04-11 10:51:21.517 [INF] Microsoft.AspNetCore.Hosting.Diagnostics | Request finished HTTP/1.1 OPTIONS http://localhost:5217/hubs/employees/negotiate?negotiateVersion=1 - 204 null null 38.2982ms
2026-04-11 10:51:21.521 [INF] Microsoft.AspNetCore.Hosting.Diagnostics | Request starting HTTP/1.1 POST http://localhost:5217/hubs/employees/negotiate?negotiateVersion=1 - text/plain;charset=UTF-8 0
2026-04-11 10:51:21.525 [INF] Microsoft.AspNetCore.Cors.Infrastructure.CorsService | CORS policy execution successful.
2026-04-11 10:51:21.538 [WRN] Microsoft.AspNetCore.HttpsPolicy.HttpsRedirectionMiddleware | Failed to determine the https port for redirect.
2026-04-11 10:51:21.609 [INF] Microsoft.AspNetCore.Routing.EndpointMiddleware | Executing endpoint '/hubs/employees/negotiate'
2026-04-11 10:51:21.612 [INF] Microsoft.AspNetCore.Routing.EndpointMiddleware | Executed endpoint '/hubs/employees/negotiate'
2026-04-11 10:51:21.614 [INF] Serilog.AspNetCore.RequestLoggingMiddleware | HTTP POST /hubs/employees/negotiate → 200 (5.6ms)
2026-04-11 10:51:21.615 [INF] Microsoft.AspNetCore.Hosting.Diagnostics | Request finished HTTP/1.1 POST http://localhost:5217/hubs/employees/negotiate?negotiateVersion=1 - 200 316 application/json 94.5747ms
2026-04-11 10:51:21.620 [INF] Microsoft.AspNetCore.Hosting.Diagnostics | Request starting HTTP/1.1 GET http://localhost:5217/hubs/employees?id=Y2qNtBXkZn4iHrbt-b4Qyg&access_token=eyJhbGciOiJIUzI1NiIsInR5cCI6IkpXVCJ9.eyJuYW1laWQiOiIxOCIsInVuaXF1ZV9uYW1lIjoidmFzYW50aGFrdW1hciIsImVtYWlsIjoidmFzYW50aDIwMDR2a0BnbWFpbC5jb20iLCJyb2xlIjoiU3VwZXJBZG1pbiIsIk9yZ2FuaXphdGlvbklkIjoiMiIsIk9yZ2FuaXphdGlvbkxvZ28iOiIvdXBsb2Fkcy9vcmctbG9nb3Mvb3JnLWxvZ28tNTg3M2M0NzVkOTFkNGJiZDkwNDZkZWVjNjY3ZDEzNmMuanBnIiwibmJmIjoxNzc1ODg0NzIwLCJleHAiOjE3NzU5NzExMjAsImlhdCI6MTc3NTg4NDcyMCwiaXNzIjoiUHJvRGVzWC1CYWNrZW5kIiwiYXVkIjoiUHJvRGVzWC1Gcm9udGVuZCJ9.sL2f_5v0c3udnDmtp_q1dUpnJOf3WLte114Eb7kpnDI - null null
2026-04-11 10:51:21.621 [INF] Microsoft.AspNetCore.Cors.Infrastructure.CorsService | CORS policy execution successful.
2026-04-11 10:51:21.624 [INF] Microsoft.AspNetCore.Routing.EndpointMiddleware | Executing endpoint '/hubs/employees'
2026-04-11 10:51:22.440 [INF] Microsoft.AspNetCore.Hosting.Diagnostics | Request starting HTTP/1.1 POST http://localhost:5217/hubs/employees/negotiate?negotiateVersion=1 - text/plain;charset=UTF-8 0
2026-04-11 10:51:22.440 [INF] Microsoft.AspNetCore.Cors.Infrastructure.CorsService | CORS policy execution successful.
2026-04-11 10:51:22.444 [INF] Microsoft.AspNetCore.Routing.EndpointMiddleware | Executing endpoint '/hubs/employees/negotiate'
2026-04-11 10:51:22.445 [INF] Microsoft.AspNetCore.Routing.EndpointMiddleware | Executed endpoint '/hubs/employees/negotiate'
2026-04-11 10:51:22.445 [INF] Serilog.AspNetCore.RequestLoggingMiddleware | HTTP POST /hubs/employees/negotiate → 200 (0.4ms)
2026-04-11 10:51:22.445 [INF] Microsoft.AspNetCore.Hosting.Diagnostics | Request finished HTTP/1.1 POST http://localhost:5217/hubs/employees/negotiate?negotiateVersion=1 - 200 316 application/json 4.5492ms
2026-04-11 10:51:22.453 [INF] Microsoft.AspNetCore.Hosting.Diagnostics | Request starting HTTP/1.1 GET http://localhost:5217/hubs/employees?id=qXoiAlei4pQ4FHDeV-mJhQ&access_token=eyJhbGciOiJIUzI1NiIsInR5cCI6IkpXVCJ9.eyJuYW1laWQiOiIxOCIsInVuaXF1ZV9uYW1lIjoidmFzYW50aGFrdW1hciIsImVtYWlsIjoidmFzYW50aDIwMDR2a0BnbWFpbC5jb20iLCJyb2xlIjoiU3VwZXJBZG1pbiIsIk9yZ2FuaXphdGlvbklkIjoiMiIsIk9yZ2FuaXphdGlvbkxvZ28iOiIvdXBsb2Fkcy9vcmctbG9nb3Mvb3JnLWxvZ28tNTg3M2M0NzVkOTFkNGJiZDkwNDZkZWVjNjY3ZDEzNmMuanBnIiwibmJmIjoxNzc1ODg0NzIwLCJleHAiOjE3NzU5NzExMjAsImlhdCI6MTc3NTg4NDcyMCwiaXNzIjoiUHJvRGVzWC1CYWNrZW5kIiwiYXVkIjoiUHJvRGVzWC1Gcm9udGVuZCJ9.sL2f_5v0c3udnDmtp_q1dUpnJOf3WLte114Eb7kpnDI - null null
2026-04-11 10:51:22.453 [INF] Microsoft.AspNetCore.Cors.Infrastructure.CorsService | CORS policy execution successful.
2026-04-11 10:51:22.454 [INF] Microsoft.AspNetCore.Routing.EndpointMiddleware | Executing endpoint '/hubs/employees'
2026-04-11 10:51:26.468 [INF] backend.Services.ShiftScheduleBackgroundService | Shift Schedule Background Service is running...
2026-04-11 10:51:28.172 [INF] backend.Services.ShiftScheduleBackgroundService | Shift Schedule Background Service completed. Inserted 0 new schedules for the rolling 30-day window.
2026-04-11 10:51:30.659 [INF] Microsoft.AspNetCore.Hosting.Diagnostics | Request starting HTTP/1.1 OPTIONS http://localhost:5217/api/employees/32 - null null
2026-04-11 10:51:30.660 [INF] Microsoft.AspNetCore.Cors.Infrastructure.CorsService | CORS policy execution successful.
2026-04-11 10:51:30.660 [INF] Microsoft.AspNetCore.Hosting.Diagnostics | Request finished HTTP/1.1 OPTIONS http://localhost:5217/api/employees/32 - 204 null null 0.7593ms
2026-04-11 10:51:30.663 [INF] Microsoft.AspNetCore.Hosting.Diagnostics | Request starting HTTP/1.1 PUT http://localhost:5217/api/employees/32 - application/json 688
2026-04-11 10:51:30.672 [INF] Microsoft.AspNetCore.Cors.Infrastructure.CorsService | CORS policy execution successful.
2026-04-11 10:51:30.678 [INF] Microsoft.AspNetCore.Routing.EndpointMiddleware | Executing endpoint 'backend.Controllers.EmployeesController.UpdateEmployee (backend)'
2026-04-11 10:51:30.703 [INF] Microsoft.AspNetCore.Mvc.Infrastructure.ControllerActionInvoker | Route matched with {action = "UpdateEmployee", controller = "Employees"}. Executing controller action with signature System.Threading.Tasks.Task`1[Microsoft.AspNetCore.Mvc.IActionResult] UpdateEmployee(Int32, backend.Models.CreateEmployeeRequest) on controller backend.Controllers.EmployeesController (backend).
2026-04-11 10:51:30.770 [INF] backend.Controllers.EmployeesController | [Employees] UPDATE | Id=32 | Name=pin | TargetOrgId=2 | UserOrgId=2
2026-04-11 10:51:30.804 [ERR] backend.Controllers.EmployeesController | [Employees] UPDATE failed | Id=32
Microsoft.Data.SqlClient.SqlException (0x80131904): Procedure or function sp_UpdateEmployee has too many arguments specified.
   at Microsoft.Data.SqlClient.SqlConnection.OnError(SqlException exception, Boolean breakConnection, Action`1 wrapCloseInAction)
   at Microsoft.Data.SqlClient.SqlInternalConnection.OnError(SqlException exception, Boolean breakConnection, Action`1 wrapCloseInAction)
   at Microsoft.Data.SqlClient.TdsParser.ThrowExceptionAndWarning(TdsParserStateObject stateObj, SqlCommand command, Boolean callerHasConnectionLock, Boolean asyncClose)
   at Microsoft.Data.SqlClient.TdsParser.TryRun(RunBehavior runBehavior, SqlCommand cmdHandler, SqlDataReader dataStream, BulkCopySimpleResultSet bulkCopyHandler, TdsParserStateObject stateObj, Boolean& dataReady)
   at Microsoft.Data.SqlClient.SqlCommand.FinishExecuteReader(SqlDataReader ds, RunBehavior runBehavior, String resetOptionsString, Boolean isInternal, Boolean forDescribeParameterEncryption, Boolean shouldCacheForAlwaysEncrypted)
   at Microsoft.Data.SqlClient.SqlCommand.CompleteAsyncExecuteReader(Boolean isInternal, Boolean forDescribeParameterEncryption)
   at Microsoft.Data.SqlClient.SqlCommand.InternalEndExecuteNonQuery(IAsyncResult asyncResult, Boolean isInternal, String endMethod)
   at Microsoft.Data.SqlClient.SqlCommand.EndExecuteNonQueryInternal(IAsyncResult asyncResult)
   at Microsoft.Data.SqlClient.SqlCommand.EndExecuteNonQueryAsync(IAsyncResult asyncResult)
   at Microsoft.Data.SqlClient.SqlCommand.<>c.<InternalExecuteNonQueryAsync>b__193_1(IAsyncResult asyncResult)
   at System.Threading.Tasks.TaskFactory`1.FromAsyncCoreLogic(IAsyncResult iar, Func`2 endFunction, Action`1 endAction, Task`1 promise, Boolean requiresSynchronization)
--- End of stack trace from previous location ---
   at Dapper.SqlMapper.ExecuteImplAsync(IDbConnection cnn, CommandDefinition command, Object param) in /_/Dapper/SqlMapper.Async.cs:line 662
   at backend.Controllers.EmployeesController.UpdateEmployee(Int32 id, CreateEmployeeRequest req) in C:\Repos_Work\Prodesx_HRM_Mobile_Application\backend\Controllers\EmployeesController.cs:line 197
ClientConnectionId:9348e3e8-f8d9-4420-bb2c-5949ef612d6e
Error Number:8144,State:2,Class:16
2026-04-11 10:51:30.839 [INF] Microsoft.AspNetCore.Mvc.Infrastructure.ObjectResultExecutor | Executing ObjectResult, writing value of type 'System.String'.
2026-04-11 10:51:30.847 [INF] Microsoft.AspNetCore.Mvc.Infrastructure.ControllerActionInvoker | Executed action backend.Controllers.EmployeesController.UpdateEmployee (backend) in 138.0072ms
2026-04-11 10:51:30.847 [INF] Microsoft.AspNetCore.Routing.EndpointMiddleware | Executed endpoint 'backend.Controllers.EmployeesController.UpdateEmployee (backend)'
2026-04-11 10:51:30.848 [ERR] Serilog.AspNetCore.RequestLoggingMiddleware | HTTP PUT /api/employees/32 → 500 (170.1ms)
2026-04-11 10:51:30.853 [INF] Microsoft.AspNetCore.Hosting.Diagnostics | Request finished HTTP/1.1 PUT http://localhost:5217/api/employees/32 - 500 null text/plain; charset=utf-8 190.2998ms
2026-04-11 10:51:53.430 [INF] Microsoft.AspNetCore.Hosting.Diagnostics | Request starting HTTP/1.1 OPTIONS http://localhost:5217/api/organizations - null null
2026-04-11 10:51:53.430 [INF] Microsoft.AspNetCore.Cors.Infrastructure.CorsService | CORS policy execution successful.
2026-04-11 10:51:53.430 [INF] Microsoft.AspNetCore.Hosting.Diagnostics | Request finished HTTP/1.1 OPTIONS http://localhost:5217/api/organizations - 204 null null 0.4672ms
2026-04-11 10:51:53.433 [INF] Microsoft.AspNetCore.Hosting.Diagnostics | Request starting HTTP/1.1 GET http://localhost:5217/api/organizations - application/json null
2026-04-11 10:51:53.433 [INF] Microsoft.AspNetCore.Cors.Infrastructure.CorsService | CORS policy execution successful.
2026-04-11 10:51:53.437 [INF] Microsoft.AspNetCore.Routing.EndpointMiddleware | Executing endpoint 'backend.Controllers.OrganizationsController.GetOrganizations (backend)'
2026-04-11 10:51:53.449 [INF] Microsoft.AspNetCore.Hosting.Diagnostics | Request starting HTTP/1.1 OPTIONS http://localhost:5217/api/users/organizations - null null
2026-04-11 10:51:53.449 [INF] Microsoft.AspNetCore.Cors.Infrastructure.CorsService | CORS policy execution successful.
2026-04-11 10:51:53.449 [INF] Microsoft.AspNetCore.Hosting.Diagnostics | Request finished HTTP/1.1 OPTIONS http://localhost:5217/api/users/organizations - 204 null null 0.5483ms
2026-04-11 10:51:53.451 [INF] Microsoft.AspNetCore.Mvc.Infrastructure.ControllerActionInvoker | Route matched with {action = "GetOrganizations", controller = "Organizations"}. Executing controller action with signature System.Threading.Tasks.Task`1[Microsoft.AspNetCore.Mvc.IActionResult] GetOrganizations() on controller backend.Controllers.OrganizationsController (backend).
2026-04-11 10:51:53.453 [INF] Microsoft.AspNetCore.Hosting.Diagnostics | Request starting HTTP/1.1 GET http://localhost:5217/api/users/organizations - null null
2026-04-11 10:51:53.455 [INF] Microsoft.AspNetCore.Cors.Infrastructure.CorsService | CORS policy execution successful.
2026-04-11 10:51:53.455 [INF] backend.Controllers.OrganizationsController | [Orgs] GET all requested | Role=SuperAdmin | UserId=18
2026-04-11 10:51:53.457 [INF] Microsoft.AspNetCore.Routing.EndpointMiddleware | Executing endpoint 'backend.Controllers.UsersController.GetOrganizations (backend)'
2026-04-11 10:51:53.468 [INF] Microsoft.AspNetCore.Mvc.Infrastructure.ControllerActionInvoker | Route matched with {action = "GetOrganizations", controller = "Users"}. Executing controller action with signature System.Threading.Tasks.Task`1[Microsoft.AspNetCore.Mvc.IActionResult] GetOrganizations() on controller backend.Controllers.UsersController (backend).
2026-04-11 10:51:53.471 [INF] backend.Controllers.UsersController | [Users] GET organizations | Role=SuperAdmin | UserId=18
2026-04-11 10:51:53.474 [INF] Microsoft.AspNetCore.Mvc.Infrastructure.ObjectResultExecutor | Executing OkObjectResult, writing value of type 'System.Collections.Generic.List`1[[backend.Models.Organization, backend, Version=1.0.0.0, Culture=neutral, PublicKeyToken=null]]'.
2026-04-11 10:51:53.527 [INF] Microsoft.AspNetCore.Mvc.Infrastructure.ControllerActionInvoker | Executed action backend.Controllers.OrganizationsController.GetOrganizations (backend) in 75.7046ms
2026-04-11 10:51:53.527 [INF] Microsoft.AspNetCore.Routing.EndpointMiddleware | Executed endpoint 'backend.Controllers.OrganizationsController.GetOrganizations (backend)'
2026-04-11 10:51:53.527 [INF] Serilog.AspNetCore.RequestLoggingMiddleware | HTTP GET /api/organizations → 200 (90.7ms)
2026-04-11 10:51:53.527 [INF] Microsoft.AspNetCore.Hosting.Diagnostics | Request finished HTTP/1.1 GET http://localhost:5217/api/organizations - 200 null application/json; charset=utf-8 94.1756ms
2026-04-11 10:51:53.537 [INF] Microsoft.AspNetCore.Mvc.Infrastructure.ObjectResultExecutor | Executing OkObjectResult, writing value of type 'System.Collections.Generic.List`1[[backend.Models.Organization, backend, Version=1.0.0.0, Culture=neutral, PublicKeyToken=null]]'.
2026-04-11 10:51:53.537 [INF] Microsoft.AspNetCore.Mvc.Infrastructure.ControllerActionInvoker | Executed action backend.Controllers.UsersController.GetOrganizations (backend) in 69.5872ms
2026-04-11 10:51:53.538 [INF] Microsoft.AspNetCore.Routing.EndpointMiddleware | Executed endpoint 'backend.Controllers.UsersController.GetOrganizations (backend)'
2026-04-11 10:51:53.538 [INF] Serilog.AspNetCore.RequestLoggingMiddleware | HTTP GET /api/users/organizations → 200 (80.3ms)
2026-04-11 10:51:53.538 [INF] Microsoft.AspNetCore.Hosting.Diagnostics | Request finished HTTP/1.1 GET http://localhost:5217/api/users/organizations - 200 null application/json; charset=utf-8 84.9035ms
2026-04-11 10:51:53.542 [INF] Microsoft.AspNetCore.Hosting.Diagnostics | Request starting HTTP/1.1 OPTIONS http://localhost:5217/api/leads - null null
2026-04-11 10:51:53.542 [INF] Microsoft.AspNetCore.Cors.Infrastructure.CorsService | CORS policy execution successful.
2026-04-11 10:51:53.543 [INF] Microsoft.AspNetCore.Hosting.Diagnostics | Request finished HTTP/1.1 OPTIONS http://localhost:5217/api/leads - 204 null null 0.7771ms
2026-04-11 10:51:53.549 [INF] Microsoft.AspNetCore.Hosting.Diagnostics | Request starting HTTP/1.1 GET http://localhost:5217/api/leads - application/json null
2026-04-11 10:51:53.550 [INF] Microsoft.AspNetCore.Cors.Infrastructure.CorsService | CORS policy execution successful.
2026-04-11 10:51:53.550 [INF] Microsoft.AspNetCore.Routing.EndpointMiddleware | Executing endpoint 'backend.Controllers.LeadsController.GetLeads (backend)'
2026-04-11 10:51:53.554 [INF] Microsoft.AspNetCore.Hosting.Diagnostics | Request starting HTTP/1.1 OPTIONS http://localhost:5217/api/designations?organizationId=2 - null null
2026-04-11 10:51:53.555 [INF] Microsoft.AspNetCore.Cors.Infrastructure.CorsService | CORS policy execution successful.
2026-04-11 10:51:53.558 [INF] Microsoft.AspNetCore.Hosting.Diagnostics | Request finished HTTP/1.1 OPTIONS http://localhost:5217/api/designations?organizationId=2 - 204 null null 3.8699ms
2026-04-11 10:51:53.563 [INF] Microsoft.AspNetCore.Hosting.Diagnostics | Request starting HTTP/1.1 OPTIONS http://localhost:5217/api/departments?organizationId=2 - null null
2026-04-11 10:51:53.563 [INF] Microsoft.AspNetCore.Cors.Infrastructure.CorsService | CORS policy execution successful.
2026-04-11 10:51:53.563 [INF] Microsoft.AspNetCore.Hosting.Diagnostics | Request finished HTTP/1.1 OPTIONS http://localhost:5217/api/departments?organizationId=2 - 204 null null 0.4619ms
2026-04-11 10:51:53.566 [INF] Microsoft.AspNetCore.Mvc.Infrastructure.ControllerActionInvoker | Route matched with {action = "GetLeads", controller = "Leads"}. Executing controller action with signature System.Threading.Tasks.Task`1[System.Collections.Generic.IEnumerable`1[backend.Models.Lead]] GetLeads() on controller backend.Controllers.LeadsController (backend).
2026-04-11 10:51:53.567 [INF] Microsoft.AspNetCore.Hosting.Diagnostics | Request starting HTTP/1.1 GET http://localhost:5217/api/designations?organizationId=2 - application/json null
2026-04-11 10:51:53.567 [INF] Microsoft.AspNetCore.Cors.Infrastructure.CorsService | CORS policy execution successful.
2026-04-11 10:51:53.568 [INF] Microsoft.AspNetCore.Routing.EndpointMiddleware | Executing endpoint 'backend.Controllers.DesignationController.GetDesignations (backend)'
2026-04-11 10:51:53.570 [INF] Microsoft.AspNetCore.Hosting.Diagnostics | Request starting HTTP/1.1 GET http://localhost:5217/api/departments?organizationId=2 - null null
2026-04-11 10:51:53.570 [INF] Microsoft.AspNetCore.Cors.Infrastructure.CorsService | CORS policy execution successful.
2026-04-11 10:51:53.571 [INF] Microsoft.AspNetCore.Routing.EndpointMiddleware | Executing endpoint 'backend.Controllers.DepartmentController.GetDepartments (backend)'
2026-04-11 10:51:53.580 [INF] Microsoft.AspNetCore.Mvc.Infrastructure.ControllerActionInvoker | Route matched with {action = "GetDesignations", controller = "Designation"}. Executing controller action with signature System.Threading.Tasks.Task`1[Microsoft.AspNetCore.Mvc.IActionResult] GetDesignations(System.Nullable`1[System.Int32]) on controller backend.Controllers.DesignationController (backend).
2026-04-11 10:51:53.589 [INF] Microsoft.AspNetCore.Mvc.Infrastructure.ObjectResultExecutor | Executing ObjectResult, writing value of type 'System.Collections.Generic.List`1[[backend.Models.Lead, backend, Version=1.0.0.0, Culture=neutral, PublicKeyToken=null]]'.
2026-04-11 10:51:53.599 [INF] Microsoft.AspNetCore.Mvc.Infrastructure.ControllerActionInvoker | Route matched with {action = "GetDepartments", controller = "Department"}. Executing controller action with signature System.Threading.Tasks.Task`1[Microsoft.AspNetCore.Mvc.IActionResult] GetDepartments(System.Nullable`1[System.Int32]) on controller backend.Controllers.DepartmentController (backend).
2026-04-11 10:51:53.605 [INF] Microsoft.AspNetCore.Mvc.Infrastructure.ControllerActionInvoker | Executed action backend.Controllers.LeadsController.GetLeads (backend) in 38.5765ms
2026-04-11 10:51:53.605 [INF] Microsoft.AspNetCore.Routing.EndpointMiddleware | Executed endpoint 'backend.Controllers.LeadsController.GetLeads (backend)'
2026-04-11 10:51:53.605 [INF] Serilog.AspNetCore.RequestLoggingMiddleware | HTTP GET /api/leads → 200 (54.4ms)
2026-04-11 10:51:53.605 [INF] Microsoft.AspNetCore.Hosting.Diagnostics | Request finished HTTP/1.1 GET http://localhost:5217/api/leads - 200 null application/json; charset=utf-8 55.3672ms
2026-04-11 10:51:53.619 [INF] backend.Controllers.DesignationController | Fetched 8 designations for OrgId 2
2026-04-11 10:51:53.619 [INF] Microsoft.AspNetCore.Mvc.Infrastructure.ObjectResultExecutor | Executing OkObjectResult, writing value of type 'System.Collections.Generic.List`1[[backend.Models.Designation, backend, Version=1.0.0.0, Culture=neutral, PublicKeyToken=null]]'.
2026-04-11 10:51:53.624 [INF] Microsoft.AspNetCore.Mvc.Infrastructure.ObjectResultExecutor | Executing OkObjectResult, writing value of type 'System.Collections.Generic.List`1[[backend.Models.Department, backend, Version=1.0.0.0, Culture=neutral, PublicKeyToken=null]]'.
2026-04-11 10:51:53.628 [INF] Microsoft.AspNetCore.Mvc.Infrastructure.ControllerActionInvoker | Executed action backend.Controllers.DesignationController.GetDesignations (backend) in 47.5932ms
2026-04-11 10:51:53.628 [INF] Microsoft.AspNetCore.Routing.EndpointMiddleware | Executed endpoint 'backend.Controllers.DesignationController.GetDesignations (backend)'
2026-04-11 10:51:53.628 [INF] Serilog.AspNetCore.RequestLoggingMiddleware | HTTP GET /api/designations → 200 (60.2ms)
2026-04-11 10:51:53.629 [INF] Microsoft.AspNetCore.Hosting.Diagnostics | Request finished HTTP/1.1 GET http://localhost:5217/api/designations?organizationId=2 - 200 null application/json; charset=utf-8 61.5507ms
2026-04-11 10:51:53.630 [INF] Microsoft.AspNetCore.Mvc.Infrastructure.ControllerActionInvoker | Executed action backend.Controllers.DepartmentController.GetDepartments (backend) in 30.5096ms
2026-04-11 10:51:53.630 [INF] Microsoft.AspNetCore.Routing.EndpointMiddleware | Executed endpoint 'backend.Controllers.DepartmentController.GetDepartments (backend)'
2026-04-11 10:51:53.630 [INF] Serilog.AspNetCore.RequestLoggingMiddleware | HTTP GET /api/departments → 200 (58.5ms)
2026-04-11 10:51:53.630 [INF] Microsoft.AspNetCore.Hosting.Diagnostics | Request finished HTTP/1.1 GET http://localhost:5217/api/departments?organizationId=2 - 200 null application/json; charset=utf-8 59.4929ms
2026-04-11 10:51:53.720 [INF] Microsoft.AspNetCore.Hosting.Diagnostics | Request starting HTTP/1.1 OPTIONS http://localhost:5217/api/employees?organizationId=2 - null null
2026-04-11 10:51:53.720 [INF] Microsoft.AspNetCore.Cors.Infrastructure.CorsService | CORS policy execution successful.
2026-04-11 10:51:53.721 [INF] Microsoft.AspNetCore.Hosting.Diagnostics | Request finished HTTP/1.1 OPTIONS http://localhost:5217/api/employees?organizationId=2 - 204 null null 0.2856ms
2026-04-11 10:51:53.722 [INF] Microsoft.AspNetCore.Hosting.Diagnostics | Request starting HTTP/1.1 GET http://localhost:5217/api/employees?organizationId=2 - application/json null
2026-04-11 10:51:53.723 [INF] Microsoft.AspNetCore.Cors.Infrastructure.CorsService | CORS policy execution successful.
2026-04-11 10:51:53.723 [INF] Microsoft.AspNetCore.Routing.EndpointMiddleware | Executing endpoint 'backend.Controllers.EmployeesController.GetEmployees (backend)'
2026-04-11 10:51:53.728 [INF] Microsoft.AspNetCore.Hosting.Diagnostics | Request starting HTTP/1.1 GET http://localhost:5217/api/designations?organizationId=2 - application/json null
2026-04-11 10:51:53.728 [INF] Microsoft.AspNetCore.Cors.Infrastructure.CorsService | CORS policy execution successful.
2026-04-11 10:51:53.729 [INF] Microsoft.AspNetCore.Hosting.Diagnostics | Request starting HTTP/1.1 GET http://localhost:5217/api/departments?organizationId=2 - null null
2026-04-11 10:51:53.729 [INF] Microsoft.AspNetCore.Cors.Infrastructure.CorsService | CORS policy execution successful.
2026-04-11 10:51:53.729 [INF] Microsoft.AspNetCore.Routing.EndpointMiddleware | Executing endpoint 'backend.Controllers.DesignationController.GetDesignations (backend)'
2026-04-11 10:51:53.729 [INF] Microsoft.AspNetCore.Mvc.Infrastructure.ControllerActionInvoker | Route matched with {action = "GetDesignations", controller = "Designation"}. Executing controller action with signature System.Threading.Tasks.Task`1[Microsoft.AspNetCore.Mvc.IActionResult] GetDesignations(System.Nullable`1[System.Int32]) on controller backend.Controllers.DesignationController (backend).
2026-04-11 10:51:53.729 [INF] Microsoft.AspNetCore.Routing.EndpointMiddleware | Executing endpoint 'backend.Controllers.DepartmentController.GetDepartments (backend)'
2026-04-11 10:51:53.729 [INF] Microsoft.AspNetCore.Mvc.Infrastructure.ControllerActionInvoker | Route matched with {action = "GetDepartments", controller = "Department"}. Executing controller action with signature System.Threading.Tasks.Task`1[Microsoft.AspNetCore.Mvc.IActionResult] GetDepartments(System.Nullable`1[System.Int32]) on controller backend.Controllers.DepartmentController (backend).
2026-04-11 10:51:53.734 [INF] Microsoft.AspNetCore.Mvc.Infrastructure.ControllerActionInvoker | Route matched with {action = "GetEmployees", controller = "Employees"}. Executing controller action with signature System.Threading.Tasks.Task`1[Microsoft.AspNetCore.Mvc.IActionResult] GetEmployees(System.Nullable`1[System.Int32]) on controller backend.Controllers.EmployeesController (backend).
2026-04-11 10:51:53.736 [INF] backend.Controllers.EmployeesController | [Employees] GET all | TargetOrgId=2 | UserOrgId=2
2026-04-11 10:51:53.744 [INF] backend.Controllers.DesignationController | Fetched 8 designations for OrgId 2
2026-04-11 10:51:53.744 [INF] Microsoft.AspNetCore.Mvc.Infrastructure.ObjectResultExecutor | Executing OkObjectResult, writing value of type 'System.Collections.Generic.List`1[[backend.Models.Department, backend, Version=1.0.0.0, Culture=neutral, PublicKeyToken=null]]'.
2026-04-11 10:51:53.744 [INF] Microsoft.AspNetCore.Mvc.Infrastructure.ObjectResultExecutor | Executing OkObjectResult, writing value of type 'System.Collections.Generic.List`1[[backend.Models.Designation, backend, Version=1.0.0.0, Culture=neutral, PublicKeyToken=null]]'.
2026-04-11 10:51:53.744 [INF] Microsoft.AspNetCore.Mvc.Infrastructure.ControllerActionInvoker | Executed action backend.Controllers.DepartmentController.GetDepartments (backend) in 15.0297ms
2026-04-11 10:51:53.744 [INF] Microsoft.AspNetCore.Mvc.Infrastructure.ControllerActionInvoker | Executed action backend.Controllers.DesignationController.GetDesignations (backend) in 15.16ms
2026-04-11 10:51:53.744 [INF] Microsoft.AspNetCore.Routing.EndpointMiddleware | Executed endpoint 'backend.Controllers.DepartmentController.GetDepartments (backend)'
2026-04-11 10:51:53.744 [INF] Microsoft.AspNetCore.Routing.EndpointMiddleware | Executed endpoint 'backend.Controllers.DesignationController.GetDesignations (backend)'
2026-04-11 10:51:53.744 [INF] Serilog.AspNetCore.RequestLoggingMiddleware | HTTP GET /api/designations → 200 (15.6ms)
2026-04-11 10:51:53.744 [INF] Serilog.AspNetCore.RequestLoggingMiddleware | HTTP GET /api/departments → 200 (15.3ms)
2026-04-11 10:51:53.744 [INF] Microsoft.AspNetCore.Hosting.Diagnostics | Request finished HTTP/1.1 GET http://localhost:5217/api/designations?organizationId=2 - 200 null application/json; charset=utf-8 16.5942ms
2026-04-11 10:51:53.744 [INF] Microsoft.AspNetCore.Hosting.Diagnostics | Request finished HTTP/1.1 GET http://localhost:5217/api/departments?organizationId=2 - 200 null application/json; charset=utf-8 15.8555ms
2026-04-11 10:51:53.820 [INF] Microsoft.AspNetCore.Mvc.Infrastructure.ObjectResultExecutor | Executing OkObjectResult, writing value of type 'System.Collections.Generic.List`1[[backend.Models.Employee, backend, Version=1.0.0.0, Culture=neutral, PublicKeyToken=null]]'.
2026-04-11 10:51:53.837 [INF] Microsoft.AspNetCore.Mvc.Infrastructure.ControllerActionInvoker | Executed action backend.Controllers.EmployeesController.GetEmployees (backend) in 103.1583ms
2026-04-11 10:51:53.837 [INF] Microsoft.AspNetCore.Routing.EndpointMiddleware | Executed endpoint 'backend.Controllers.EmployeesController.GetEmployees (backend)'
2026-04-11 10:51:53.837 [INF] Serilog.AspNetCore.RequestLoggingMiddleware | HTTP GET /api/employees → 200 (113.7ms)
2026-04-11 10:51:53.837 [INF] Microsoft.AspNetCore.Hosting.Diagnostics | Request finished HTTP/1.1 GET http://localhost:5217/api/employees?organizationId=2 - 200 null application/json; charset=utf-8 114.6046ms
2026-04-11 10:51:53.840 [INF] Microsoft.AspNetCore.Hosting.Diagnostics | Request starting HTTP/1.1 GET http://localhost:5217/api/employees?organizationId=2 - application/json null
2026-04-11 10:51:53.840 [INF] Microsoft.AspNetCore.Cors.Infrastructure.CorsService | CORS policy execution successful.
2026-04-11 10:51:53.841 [INF] Microsoft.AspNetCore.Routing.EndpointMiddleware | Executing endpoint 'backend.Controllers.EmployeesController.GetEmployees (backend)'
2026-04-11 10:51:53.841 [INF] Microsoft.AspNetCore.Mvc.Infrastructure.ControllerActionInvoker | Route matched with {action = "GetEmployees", controller = "Employees"}. Executing controller action with signature System.Threading.Tasks.Task`1[Microsoft.AspNetCore.Mvc.IActionResult] GetEmployees(System.Nullable`1[System.Int32]) on controller backend.Controllers.EmployeesController (backend).
2026-04-11 10:51:53.842 [INF] backend.Controllers.EmployeesController | [Employees] GET all | TargetOrgId=2 | UserOrgId=2
2026-04-11 10:51:53.863 [INF] Microsoft.AspNetCore.Mvc.Infrastructure.ObjectResultExecutor | Executing OkObjectResult, writing value of type 'System.Collections.Generic.List`1[[backend.Models.Employee, backend, Version=1.0.0.0, Culture=neutral, PublicKeyToken=null]]'.
2026-04-11 10:51:53.863 [INF] Microsoft.AspNetCore.Mvc.Infrastructure.ControllerActionInvoker | Executed action backend.Controllers.EmployeesController.GetEmployees (backend) in 22.2078ms
2026-04-11 10:51:53.863 [INF] Microsoft.AspNetCore.Routing.EndpointMiddleware | Executed endpoint 'backend.Controllers.EmployeesController.GetEmployees (backend)'
2026-04-11 10:51:53.863 [INF] Serilog.AspNetCore.RequestLoggingMiddleware | HTTP GET /api/employees → 200 (22.6ms)
2026-04-11 10:51:53.864 [INF] Microsoft.AspNetCore.Hosting.Diagnostics | Request finished HTTP/1.1 GET http://localhost:5217/api/employees?organizationId=2 - 200 null application/json; charset=utf-8 23.2745ms
2026-04-11 10:51:53.866 [INF] Microsoft.AspNetCore.Hosting.Diagnostics | Request starting HTTP/1.1 OPTIONS http://localhost:5217/api/ShiftAssignments/roster?start=2026-04-11&end=2026-04-18&orgId=2 - null null
2026-04-11 10:51:53.866 [INF] Microsoft.AspNetCore.Cors.Infrastructure.CorsService | CORS policy execution successful.
2026-04-11 10:51:53.866 [INF] Microsoft.AspNetCore.Hosting.Diagnostics | Request finished HTTP/1.1 OPTIONS http://localhost:5217/api/ShiftAssignments/roster?start=2026-04-11&end=2026-04-18&orgId=2 - 204 null null 0.3406ms
2026-04-11 10:51:53.868 [INF] Microsoft.AspNetCore.Hosting.Diagnostics | Request starting HTTP/1.1 GET http://localhost:5217/api/ShiftAssignments/roster?start=2026-04-11&end=2026-04-18&orgId=2 - application/json null
2026-04-11 10:51:53.869 [INF] Microsoft.AspNetCore.Cors.Infrastructure.CorsService | CORS policy execution successful.
2026-04-11 10:51:53.869 [INF] Microsoft.AspNetCore.Routing.EndpointMiddleware | Executing endpoint 'backend.Controllers.ShiftAssignmentsController.GetMonthlyRosterFixed (backend)'
2026-04-11 10:51:53.879 [INF] Microsoft.AspNetCore.Mvc.Infrastructure.ControllerActionInvoker | Route matched with {action = "GetMonthlyRosterFixed", controller = "ShiftAssignments"}. Executing controller action with signature System.Threading.Tasks.Task`1[Microsoft.AspNetCore.Mvc.IActionResult] GetMonthlyRosterFixed(System.String, System.String, System.Nullable`1[System.Int32]) on controller backend.Controllers.ShiftAssignmentsController (backend).
2026-04-11 10:51:53.905 [INF] Microsoft.AspNetCore.Mvc.Infrastructure.ObjectResultExecutor | Executing OkObjectResult, writing value of type 'System.Collections.Generic.List`1[[backend.Models.EmployeeSchedule, backend, Version=1.0.0.0, Culture=neutral, PublicKeyToken=null]]'.
2026-04-11 10:51:53.912 [INF] Microsoft.AspNetCore.Mvc.Infrastructure.ControllerActionInvoker | Executed action backend.Controllers.ShiftAssignmentsController.GetMonthlyRosterFixed (backend) in 33.4561ms
2026-04-11 10:51:53.913 [INF] Microsoft.AspNetCore.Routing.EndpointMiddleware | Executed endpoint 'backend.Controllers.ShiftAssignmentsController.GetMonthlyRosterFixed (backend)'
2026-04-11 10:51:53.913 [INF] Serilog.AspNetCore.RequestLoggingMiddleware | HTTP GET /api/ShiftAssignments/roster → 200 (43.2ms)
2026-04-11 10:51:53.913 [INF] Microsoft.AspNetCore.Hosting.Diagnostics | Request finished HTTP/1.1 GET http://localhost:5217/api/ShiftAssignments/roster?start=2026-04-11&end=2026-04-18&orgId=2 - 200 null application/json; charset=utf-8 44.8243ms
2026-04-11 10:51:53.918 [INF] Microsoft.AspNetCore.Hosting.Diagnostics | Request starting HTTP/1.1 OPTIONS http://localhost:5217/api/Attendance/status?employeeId=31&orgId=2 - null null
2026-04-11 10:51:53.918 [INF] Microsoft.AspNetCore.Cors.Infrastructure.CorsService | CORS policy execution successful.
2026-04-11 10:51:53.918 [INF] Microsoft.AspNetCore.Hosting.Diagnostics | Request finished HTTP/1.1 OPTIONS http://localhost:5217/api/Attendance/status?employeeId=31&orgId=2 - 204 null null 0.2991ms
2026-04-11 10:51:53.920 [INF] Microsoft.AspNetCore.Hosting.Diagnostics | Request starting HTTP/1.1 GET http://localhost:5217/api/Attendance/status?employeeId=31&orgId=2 - application/json null
2026-04-11 10:51:53.921 [INF] Microsoft.AspNetCore.Cors.Infrastructure.CorsService | CORS policy execution successful.
2026-04-11 10:51:53.922 [INF] Microsoft.AspNetCore.Routing.EndpointMiddleware | Executing endpoint 'backend.Controllers.AttendanceController.GetStatus (backend)'
2026-04-11 10:51:53.930 [INF] Microsoft.AspNetCore.Mvc.Infrastructure.ControllerActionInvoker | Route matched with {action = "GetStatus", controller = "Attendance"}. Executing controller action with signature System.Threading.Tasks.Task`1[Microsoft.AspNetCore.Mvc.IActionResult] GetStatus(Int32, Int32) on controller backend.Controllers.AttendanceController (backend).
2026-04-11 10:51:53.953 [ERR] backend.Controllers.AttendanceController | Error getting attendance status
Microsoft.Data.SqlClient.SqlException (0x80131904): Invalid column name 'FN'.
Invalid column name 'AN'.
   at System.Threading.Tasks.ContinuationResultTaskFromResultTask`2.InnerInvoke()
   at System.Threading.ExecutionContext.RunInternal(ExecutionContext executionContext, ContextCallback callback, Object state)
--- End of stack trace from previous location ---
   at System.Threading.ExecutionContext.RunInternal(ExecutionContext executionContext, ContextCallback callback, Object state)
   at System.Threading.Tasks.Task.ExecuteWithThreadLocal(Task& currentTaskSlot, Thread threadPoolThread)
--- End of stack trace from previous location ---
   at Dapper.SqlMapper.QueryRowAsync[T](IDbConnection cnn, Row row, Type effectiveType, CommandDefinition command) in /_/Dapper/SqlMapper.Async.cs:line 489
   at backend.Controllers.AttendanceController.GetStatus(Int32 employeeId, Int32 orgId) in C:\Repos_Work\Prodesx_HRM_Mobile_Application\backend\Controllers\AttendanceController.cs:line 235
ClientConnectionId:e0caa28f-1928-4fd1-9adc-cc07ec3f3707
Error Number:207,State:1,Class:16
2026-04-11 10:51:53.955 [INF] Microsoft.AspNetCore.Mvc.Infrastructure.ObjectResultExecutor | Executing ObjectResult, writing value of type 'System.String'.
2026-04-11 10:51:53.955 [INF] Microsoft.AspNetCore.Mvc.Infrastructure.ControllerActionInvoker | Executed action backend.Controllers.AttendanceController.GetStatus (backend) in 25.0679ms
2026-04-11 10:51:53.955 [INF] Microsoft.AspNetCore.Routing.EndpointMiddleware | Executed endpoint 'backend.Controllers.AttendanceController.GetStatus (backend)'
2026-04-11 10:51:53.955 [ERR] Serilog.AspNetCore.RequestLoggingMiddleware | HTTP GET /api/Attendance/status → 500 (33.6ms)
2026-04-11 10:51:53.956 [INF] Microsoft.AspNetCore.Hosting.Diagnostics | Request finished HTTP/1.1 GET http://localhost:5217/api/Attendance/status?employeeId=31&orgId=2 - 500 null text/plain; charset=utf-8 35.6959ms
2026-04-11 10:53:12.366 [INF] Microsoft.AspNetCore.Hosting.Diagnostics | Request starting HTTP/1.1 OPTIONS http://localhost:5217/api/users/organizations - null null
2026-04-11 10:53:12.366 [INF] Microsoft.AspNetCore.Cors.Infrastructure.CorsService | CORS policy execution successful.
2026-04-11 10:53:12.366 [INF] Microsoft.AspNetCore.Hosting.Diagnostics | Request finished HTTP/1.1 OPTIONS http://localhost:5217/api/users/organizations - 204 null null 0.7068ms
2026-04-11 10:53:12.368 [INF] Microsoft.AspNetCore.Hosting.Diagnostics | Request starting HTTP/1.1 GET http://localhost:5217/api/users/organizations - null null
2026-04-11 10:53:12.368 [INF] Microsoft.AspNetCore.Cors.Infrastructure.CorsService | CORS policy execution successful.
2026-04-11 10:53:12.369 [INF] Microsoft.AspNetCore.Routing.EndpointMiddleware | Executing endpoint 'backend.Controllers.UsersController.GetOrganizations (backend)'
2026-04-11 10:53:12.369 [INF] Microsoft.AspNetCore.Mvc.Infrastructure.ControllerActionInvoker | Route matched with {action = "GetOrganizations", controller = "Users"}. Executing controller action with signature System.Threading.Tasks.Task`1[Microsoft.AspNetCore.Mvc.IActionResult] GetOrganizations() on controller backend.Controllers.UsersController (backend).
2026-04-11 10:53:12.369 [INF] backend.Controllers.UsersController | [Users] GET organizations | Role=SuperAdmin | UserId=18
2026-04-11 10:53:12.389 [INF] Microsoft.AspNetCore.Mvc.Infrastructure.ObjectResultExecutor | Executing OkObjectResult, writing value of type 'System.Collections.Generic.List`1[[backend.Models.Organization, backend, Version=1.0.0.0, Culture=neutral, PublicKeyToken=null]]'.
2026-04-11 10:53:12.389 [INF] Microsoft.AspNetCore.Mvc.Infrastructure.ControllerActionInvoker | Executed action backend.Controllers.UsersController.GetOrganizations (backend) in 20.2437ms
2026-04-11 10:53:12.389 [INF] Microsoft.AspNetCore.Routing.EndpointMiddleware | Executed endpoint 'backend.Controllers.UsersController.GetOrganizations (backend)'
2026-04-11 10:53:12.389 [INF] Serilog.AspNetCore.RequestLoggingMiddleware | HTTP GET /api/users/organizations → 200 (20.5ms)
2026-04-11 10:53:12.389 [INF] Microsoft.AspNetCore.Hosting.Diagnostics | Request finished HTTP/1.1 GET http://localhost:5217/api/users/organizations - 200 null application/json; charset=utf-8 21.3013ms
2026-04-11 10:53:12.403 [INF] Microsoft.AspNetCore.Hosting.Diagnostics | Request starting HTTP/1.1 OPTIONS http://localhost:5217/api/designations?organizationId=2 - null null
2026-04-11 10:53:12.403 [INF] Microsoft.AspNetCore.Cors.Infrastructure.CorsService | CORS policy execution successful.
2026-04-11 10:53:12.403 [INF] Microsoft.AspNetCore.Hosting.Diagnostics | Request finished HTTP/1.1 OPTIONS http://localhost:5217/api/designations?organizationId=2 - 204 null null 0.3043ms
2026-04-11 10:53:12.404 [INF] Microsoft.AspNetCore.Hosting.Diagnostics | Request starting HTTP/1.1 OPTIONS http://localhost:5217/api/departments?organizationId=2 - null null
2026-04-11 10:53:12.404 [INF] Microsoft.AspNetCore.Cors.Infrastructure.CorsService | CORS policy execution successful.
2026-04-11 10:53:12.404 [INF] Microsoft.AspNetCore.Hosting.Diagnostics | Request finished HTTP/1.1 OPTIONS http://localhost:5217/api/departments?organizationId=2 - 204 null null 0.1761ms
2026-04-11 10:53:12.406 [INF] Microsoft.AspNetCore.Hosting.Diagnostics | Request starting HTTP/1.1 GET http://localhost:5217/api/designations?organizationId=2 - application/json null
2026-04-11 10:53:12.406 [INF] Microsoft.AspNetCore.Cors.Infrastructure.CorsService | CORS policy execution successful.
2026-04-11 10:53:12.406 [INF] Microsoft.AspNetCore.Hosting.Diagnostics | Request starting HTTP/1.1 GET http://localhost:5217/api/departments?organizationId=2 - null null
2026-04-11 10:53:12.406 [INF] Microsoft.AspNetCore.Cors.Infrastructure.CorsService | CORS policy execution successful.
2026-04-11 10:53:12.407 [INF] Microsoft.AspNetCore.Routing.EndpointMiddleware | Executing endpoint 'backend.Controllers.DepartmentController.GetDepartments (backend)'
2026-04-11 10:53:12.407 [INF] Microsoft.AspNetCore.Routing.EndpointMiddleware | Executing endpoint 'backend.Controllers.DesignationController.GetDesignations (backend)'
2026-04-11 10:53:12.407 [INF] Microsoft.AspNetCore.Mvc.Infrastructure.ControllerActionInvoker | Route matched with {action = "GetDepartments", controller = "Department"}. Executing controller action with signature System.Threading.Tasks.Task`1[Microsoft.AspNetCore.Mvc.IActionResult] GetDepartments(System.Nullable`1[System.Int32]) on controller backend.Controllers.DepartmentController (backend).
2026-04-11 10:53:12.407 [INF] Microsoft.AspNetCore.Mvc.Infrastructure.ControllerActionInvoker | Route matched with {action = "GetDesignations", controller = "Designation"}. Executing controller action with signature System.Threading.Tasks.Task`1[Microsoft.AspNetCore.Mvc.IActionResult] GetDesignations(System.Nullable`1[System.Int32]) on controller backend.Controllers.DesignationController (backend).
2026-04-11 10:53:12.427 [INF] backend.Controllers.DesignationController | Fetched 8 designations for OrgId 2
2026-04-11 10:53:12.427 [INF] Microsoft.AspNetCore.Mvc.Infrastructure.ObjectResultExecutor | Executing OkObjectResult, writing value of type 'System.Collections.Generic.List`1[[backend.Models.Department, backend, Version=1.0.0.0, Culture=neutral, PublicKeyToken=null]]'.
2026-04-11 10:53:12.427 [INF] Microsoft.AspNetCore.Mvc.Infrastructure.ObjectResultExecutor | Executing OkObjectResult, writing value of type 'System.Collections.Generic.List`1[[backend.Models.Designation, backend, Version=1.0.0.0, Culture=neutral, PublicKeyToken=null]]'.
2026-04-11 10:53:12.427 [INF] Microsoft.AspNetCore.Mvc.Infrastructure.ControllerActionInvoker | Executed action backend.Controllers.DepartmentController.GetDepartments (backend) in 20.3767ms
2026-04-11 10:53:12.427 [INF] Microsoft.AspNetCore.Mvc.Infrastructure.ControllerActionInvoker | Executed action backend.Controllers.DesignationController.GetDesignations (backend) in 20.3682ms
2026-04-11 10:53:12.427 [INF] Microsoft.AspNetCore.Routing.EndpointMiddleware | Executed endpoint 'backend.Controllers.DepartmentController.GetDepartments (backend)'
2026-04-11 10:53:12.427 [INF] Microsoft.AspNetCore.Routing.EndpointMiddleware | Executed endpoint 'backend.Controllers.DesignationController.GetDesignations (backend)'
2026-04-11 10:53:12.427 [INF] Serilog.AspNetCore.RequestLoggingMiddleware | HTTP GET /api/departments → 200 (20.6ms)
2026-04-11 10:53:12.427 [INF] Serilog.AspNetCore.RequestLoggingMiddleware | HTTP GET /api/designations → 200 (20.7ms)
2026-04-11 10:53:12.427 [INF] Microsoft.AspNetCore.Hosting.Diagnostics | Request finished HTTP/1.1 GET http://localhost:5217/api/designations?organizationId=2 - 200 null application/json; charset=utf-8 21.3569ms
2026-04-11 10:53:12.427 [INF] Microsoft.AspNetCore.Hosting.Diagnostics | Request finished HTTP/1.1 GET http://localhost:5217/api/departments?organizationId=2 - 200 null application/json; charset=utf-8 21.1155ms
2026-04-11 10:53:12.437 [INF] Microsoft.AspNetCore.Hosting.Diagnostics | Request starting HTTP/1.1 OPTIONS http://localhost:5217/api/employees?organizationId=2 - null null
2026-04-11 10:53:12.438 [INF] Microsoft.AspNetCore.Cors.Infrastructure.CorsService | CORS policy execution successful.
2026-04-11 10:53:12.438 [INF] Microsoft.AspNetCore.Hosting.Diagnostics | Request finished HTTP/1.1 OPTIONS http://localhost:5217/api/employees?organizationId=2 - 204 null null 0.3477ms
2026-04-11 10:53:12.438 [INF] Microsoft.AspNetCore.Hosting.Diagnostics | Request starting HTTP/1.1 GET http://localhost:5217/api/designations?organizationId=2 - application/json null
2026-04-11 10:53:12.438 [INF] Microsoft.AspNetCore.Cors.Infrastructure.CorsService | CORS policy execution successful.
2026-04-11 10:53:12.439 [INF] Microsoft.AspNetCore.Routing.EndpointMiddleware | Executing endpoint 'backend.Controllers.DesignationController.GetDesignations (backend)'
2026-04-11 10:53:12.439 [INF] Microsoft.AspNetCore.Mvc.Infrastructure.ControllerActionInvoker | Route matched with {action = "GetDesignations", controller = "Designation"}. Executing controller action with signature System.Threading.Tasks.Task`1[Microsoft.AspNetCore.Mvc.IActionResult] GetDesignations(System.Nullable`1[System.Int32]) on controller backend.Controllers.DesignationController (backend).
2026-04-11 10:53:12.441 [INF] Microsoft.AspNetCore.Hosting.Diagnostics | Request starting HTTP/1.1 GET http://localhost:5217/api/employees?organizationId=2 - application/json null
2026-04-11 10:53:12.441 [INF] Microsoft.AspNetCore.Cors.Infrastructure.CorsService | CORS policy execution successful.
2026-04-11 10:53:12.441 [INF] Microsoft.AspNetCore.Hosting.Diagnostics | Request starting HTTP/1.1 GET http://localhost:5217/api/departments?organizationId=2 - null null
2026-04-11 10:53:12.441 [INF] Microsoft.AspNetCore.Cors.Infrastructure.CorsService | CORS policy execution successful.
2026-04-11 10:53:12.441 [INF] Microsoft.AspNetCore.Routing.EndpointMiddleware | Executing endpoint 'backend.Controllers.DepartmentController.GetDepartments (backend)'
2026-04-11 10:53:12.441 [INF] Microsoft.AspNetCore.Routing.EndpointMiddleware | Executing endpoint 'backend.Controllers.EmployeesController.GetEmployees (backend)'
2026-04-11 10:53:12.441 [INF] Microsoft.AspNetCore.Mvc.Infrastructure.ControllerActionInvoker | Route matched with {action = "GetDepartments", controller = "Department"}. Executing controller action with signature System.Threading.Tasks.Task`1[Microsoft.AspNetCore.Mvc.IActionResult] GetDepartments(System.Nullable`1[System.Int32]) on controller backend.Controllers.DepartmentController (backend).
2026-04-11 10:53:12.441 [INF] Microsoft.AspNetCore.Mvc.Infrastructure.ControllerActionInvoker | Route matched with {action = "GetEmployees", controller = "Employees"}. Executing controller action with signature System.Threading.Tasks.Task`1[Microsoft.AspNetCore.Mvc.IActionResult] GetEmployees(System.Nullable`1[System.Int32]) on controller backend.Controllers.EmployeesController (backend).
2026-04-11 10:53:12.442 [INF] backend.Controllers.EmployeesController | [Employees] GET all | TargetOrgId=2 | UserOrgId=2
2026-04-11 10:53:12.452 [INF] backend.Controllers.DesignationController | Fetched 8 designations for OrgId 2
2026-04-11 10:53:12.452 [INF] Microsoft.AspNetCore.Mvc.Infrastructure.ObjectResultExecutor | Executing OkObjectResult, writing value of type 'System.Collections.Generic.List`1[[backend.Models.Designation, backend, Version=1.0.0.0, Culture=neutral, PublicKeyToken=null]]'.
2026-04-11 10:53:12.452 [INF] Microsoft.AspNetCore.Mvc.Infrastructure.ControllerActionInvoker | Executed action backend.Controllers.DesignationController.GetDesignations (backend) in 13.4295ms
2026-04-11 10:53:12.453 [INF] Microsoft.AspNetCore.Routing.EndpointMiddleware | Executed endpoint 'backend.Controllers.DesignationController.GetDesignations (backend)'
2026-04-11 10:53:12.453 [INF] Serilog.AspNetCore.RequestLoggingMiddleware | HTTP GET /api/designations → 200 (13.7ms)
2026-04-11 10:53:12.453 [INF] Microsoft.AspNetCore.Hosting.Diagnostics | Request finished HTTP/1.1 GET http://localhost:5217/api/designations?organizationId=2 - 200 null application/json; charset=utf-8 14.2853ms
2026-04-11 10:53:12.456 [INF] Microsoft.AspNetCore.Mvc.Infrastructure.ObjectResultExecutor | Executing OkObjectResult, writing value of type 'System.Collections.Generic.List`1[[backend.Models.Department, backend, Version=1.0.0.0, Culture=neutral, PublicKeyToken=null]]'.
2026-04-11 10:53:12.456 [INF] Microsoft.AspNetCore.Mvc.Infrastructure.ObjectResultExecutor | Executing OkObjectResult, writing value of type 'System.Collections.Generic.List`1[[backend.Models.Employee, backend, Version=1.0.0.0, Culture=neutral, PublicKeyToken=null]]'.
2026-04-11 10:53:12.456 [INF] Microsoft.AspNetCore.Mvc.Infrastructure.ControllerActionInvoker | Executed action backend.Controllers.DepartmentController.GetDepartments (backend) in 14.63ms
2026-04-11 10:53:12.456 [INF] Microsoft.AspNetCore.Mvc.Infrastructure.ControllerActionInvoker | Executed action backend.Controllers.EmployeesController.GetEmployees (backend) in 14.6876ms
2026-04-11 10:53:12.456 [INF] Microsoft.AspNetCore.Routing.EndpointMiddleware | Executed endpoint 'backend.Controllers.EmployeesController.GetEmployees (backend)'
2026-04-11 10:53:12.456 [INF] Microsoft.AspNetCore.Routing.EndpointMiddleware | Executed endpoint 'backend.Controllers.DepartmentController.GetDepartments (backend)'
2026-04-11 10:53:12.456 [INF] Serilog.AspNetCore.RequestLoggingMiddleware | HTTP GET /api/employees → 200 (14.9ms)
2026-04-11 10:53:12.456 [INF] Serilog.AspNetCore.RequestLoggingMiddleware | HTTP GET /api/departments → 200 (14.9ms)
2026-04-11 10:53:12.456 [INF] Microsoft.AspNetCore.Hosting.Diagnostics | Request finished HTTP/1.1 GET http://localhost:5217/api/employees?organizationId=2 - 200 null application/json; charset=utf-8 15.5499ms
2026-04-11 10:53:12.456 [INF] Microsoft.AspNetCore.Hosting.Diagnostics | Request finished HTTP/1.1 GET http://localhost:5217/api/departments?organizationId=2 - 200 null application/json; charset=utf-8 15.4167ms
2026-04-11 10:53:16.667 [INF] Microsoft.AspNetCore.Hosting.Diagnostics | Request starting HTTP/1.1 OPTIONS http://localhost:5217/api/DynamicForm/employee-fields?organizationId=2 - null null
2026-04-11 10:53:16.667 [INF] Microsoft.AspNetCore.Cors.Infrastructure.CorsService | CORS policy execution successful.
2026-04-11 10:53:16.667 [INF] Microsoft.AspNetCore.Hosting.Diagnostics | Request finished HTTP/1.1 OPTIONS http://localhost:5217/api/DynamicForm/employee-fields?organizationId=2 - 204 null null 0.3771ms
2026-04-11 10:53:16.669 [INF] Microsoft.AspNetCore.Hosting.Diagnostics | Request starting HTTP/1.1 GET http://localhost:5217/api/DynamicForm/employee-fields?organizationId=2 - application/json null
2026-04-11 10:53:16.671 [INF] Microsoft.AspNetCore.Cors.Infrastructure.CorsService | CORS policy execution successful.
2026-04-11 10:53:16.672 [INF] Microsoft.AspNetCore.Routing.EndpointMiddleware | Executing endpoint 'backend.Controllers.DynamicFormController.GetEmployeeFields (backend)'
2026-04-11 10:53:16.682 [INF] Microsoft.AspNetCore.Mvc.Infrastructure.ControllerActionInvoker | Route matched with {action = "GetEmployeeFields", controller = "DynamicForm"}. Executing controller action with signature System.Threading.Tasks.Task`1[Microsoft.AspNetCore.Mvc.IActionResult] GetEmployeeFields(System.Nullable`1[System.Int32]) on controller backend.Controllers.DynamicFormController (backend).
2026-04-11 10:53:16.727 [INF] Microsoft.AspNetCore.Mvc.Infrastructure.ObjectResultExecutor | Executing OkObjectResult, writing value of type 'System.Collections.Generic.List`1[[System.Object, System.Private.CoreLib, Version=10.0.0.0, Culture=neutral, PublicKeyToken=7cec85d7bea7798e]]'.
2026-04-11 10:53:16.751 [INF] Microsoft.AspNetCore.Mvc.Infrastructure.ControllerActionInvoker | Executed action backend.Controllers.DynamicFormController.GetEmployeeFields (backend) in 69.2819ms
2026-04-11 10:53:16.751 [INF] Microsoft.AspNetCore.Routing.EndpointMiddleware | Executed endpoint 'backend.Controllers.DynamicFormController.GetEmployeeFields (backend)'
2026-04-11 10:53:16.751 [INF] Serilog.AspNetCore.RequestLoggingMiddleware | HTTP GET /api/DynamicForm/employee-fields → 200 (79.8ms)
2026-04-11 10:53:16.751 [INF] Microsoft.AspNetCore.Hosting.Diagnostics | Request finished HTTP/1.1 GET http://localhost:5217/api/DynamicForm/employee-fields?organizationId=2 - 200 null application/json; charset=utf-8 82.2511ms
2026-04-11 10:53:16.789 [INF] Microsoft.AspNetCore.Hosting.Diagnostics | Request starting HTTP/1.1 GET http://localhost:5217/api/designations?organizationId=2 - application/json null
2026-04-11 10:53:16.790 [INF] Microsoft.AspNetCore.Cors.Infrastructure.CorsService | CORS policy execution successful.
2026-04-11 10:53:16.790 [INF] Microsoft.AspNetCore.Routing.EndpointMiddleware | Executing endpoint 'backend.Controllers.DesignationController.GetDesignations (backend)'
2026-04-11 10:53:16.790 [INF] Microsoft.AspNetCore.Mvc.Infrastructure.ControllerActionInvoker | Route matched with {action = "GetDesignations", controller = "Designation"}. Executing controller action with signature System.Threading.Tasks.Task`1[Microsoft.AspNetCore.Mvc.IActionResult] GetDesignations(System.Nullable`1[System.Int32]) on controller backend.Controllers.DesignationController (backend).
2026-04-11 10:53:16.791 [INF] Microsoft.AspNetCore.Hosting.Diagnostics | Request starting HTTP/1.1 GET http://localhost:5217/api/departments?organizationId=2 - null null
2026-04-11 10:53:16.791 [INF] Microsoft.AspNetCore.Cors.Infrastructure.CorsService | CORS policy execution successful.
2026-04-11 10:53:16.791 [INF] Microsoft.AspNetCore.Routing.EndpointMiddleware | Executing endpoint 'backend.Controllers.DepartmentController.GetDepartments (backend)'
2026-04-11 10:53:16.791 [INF] Microsoft.AspNetCore.Mvc.Infrastructure.ControllerActionInvoker | Route matched with {action = "GetDepartments", controller = "Department"}. Executing controller action with signature System.Threading.Tasks.Task`1[Microsoft.AspNetCore.Mvc.IActionResult] GetDepartments(System.Nullable`1[System.Int32]) on controller backend.Controllers.DepartmentController (backend).
2026-04-11 10:53:16.804 [INF] backend.Controllers.DesignationController | Fetched 8 designations for OrgId 2
2026-04-11 10:53:16.804 [INF] Microsoft.AspNetCore.Mvc.Infrastructure.ObjectResultExecutor | Executing OkObjectResult, writing value of type 'System.Collections.Generic.List`1[[backend.Models.Department, backend, Version=1.0.0.0, Culture=neutral, PublicKeyToken=null]]'.
2026-04-11 10:53:16.804 [INF] Microsoft.AspNetCore.Mvc.Infrastructure.ObjectResultExecutor | Executing OkObjectResult, writing value of type 'System.Collections.Generic.List`1[[backend.Models.Designation, backend, Version=1.0.0.0, Culture=neutral, PublicKeyToken=null]]'.
2026-04-11 10:53:16.804 [INF] Microsoft.AspNetCore.Mvc.Infrastructure.ControllerActionInvoker | Executed action backend.Controllers.DepartmentController.GetDepartments (backend) in 12.862ms
2026-04-11 10:53:16.804 [INF] Microsoft.AspNetCore.Routing.EndpointMiddleware | Executed endpoint 'backend.Controllers.DepartmentController.GetDepartments (backend)'
2026-04-11 10:53:16.804 [INF] Serilog.AspNetCore.RequestLoggingMiddleware | HTTP GET /api/departments → 200 (13.1ms)
2026-04-11 10:53:16.804 [INF] Microsoft.AspNetCore.Mvc.Infrastructure.ControllerActionInvoker | Executed action backend.Controllers.DesignationController.GetDesignations (backend) in 13.8713ms
2026-04-11 10:53:16.804 [INF] Microsoft.AspNetCore.Hosting.Diagnostics | Request finished HTTP/1.1 GET http://localhost:5217/api/departments?organizationId=2 - 200 null application/json; charset=utf-8 13.6205ms
2026-04-11 10:53:16.804 [INF] Microsoft.AspNetCore.Routing.EndpointMiddleware | Executed endpoint 'backend.Controllers.DesignationController.GetDesignations (backend)'
2026-04-11 10:53:16.804 [INF] Serilog.AspNetCore.RequestLoggingMiddleware | HTTP GET /api/designations → 200 (14.2ms)
2026-04-11 10:53:16.804 [INF] Microsoft.AspNetCore.Hosting.Diagnostics | Request finished HTTP/1.1 GET http://localhost:5217/api/designations?organizationId=2 - 200 null application/json; charset=utf-8 14.9822ms
2026-04-11 10:53:16.851 [INF] Microsoft.AspNetCore.Hosting.Diagnostics | Request starting HTTP/1.1 OPTIONS http://localhost:5217/api/employees/32/bank-details - null null
2026-04-11 10:53:16.851 [INF] Microsoft.AspNetCore.Cors.Infrastructure.CorsService | CORS policy execution successful.
2026-04-11 10:53:16.851 [INF] Microsoft.AspNetCore.Hosting.Diagnostics | Request finished HTTP/1.1 OPTIONS http://localhost:5217/api/employees/32/bank-details - 204 null null 0.3196ms
2026-04-11 10:53:16.853 [INF] Microsoft.AspNetCore.Hosting.Diagnostics | Request starting HTTP/1.1 GET http://localhost:5217/api/employees/32/bank-details - application/json null
2026-04-11 10:53:16.854 [INF] Microsoft.AspNetCore.Cors.Infrastructure.CorsService | CORS policy execution successful.
2026-04-11 10:53:16.855 [INF] Microsoft.AspNetCore.Routing.EndpointMiddleware | Executing endpoint 'backend.Controllers.EmployeesController.GetBankDetails (backend)'
2026-04-11 10:53:16.863 [INF] Microsoft.AspNetCore.Mvc.Infrastructure.ControllerActionInvoker | Route matched with {action = "GetBankDetails", controller = "Employees"}. Executing controller action with signature System.Threading.Tasks.Task`1[Microsoft.AspNetCore.Mvc.IActionResult] GetBankDetails(Int32) on controller backend.Controllers.EmployeesController (backend).
2026-04-11 10:53:16.885 [INF] backend.Controllers.EmployeesController | [Employees] GET bank-details returned {"Id":19,"EmployeeId":32,"OrganizationId":2,"AccountNumber":123456789012,"AccountHolderName":"","Branch":null,"Ifsc":"","CreatedAt":"2026-03-24T12:59:16.1600000","UpdatedAt":"2026-03-24T12:59:16.1600000","CreatedBy":18,"LastUpdatedBy":18,"$type":"EmployeeAccountDetails"} for EmployeeId=32
2026-04-11 10:53:16.887 [INF] Microsoft.AspNetCore.Mvc.Infrastructure.ObjectResultExecutor | Executing OkObjectResult, writing value of type 'backend.Models.EmployeeAccountDetails'.
2026-04-11 10:53:16.890 [INF] Microsoft.AspNetCore.Mvc.Infrastructure.ControllerActionInvoker | Executed action backend.Controllers.EmployeesController.GetBankDetails (backend) in 26.9183ms
2026-04-11 10:53:16.890 [INF] Microsoft.AspNetCore.Routing.EndpointMiddleware | Executed endpoint 'backend.Controllers.EmployeesController.GetBankDetails (backend)'
2026-04-11 10:53:16.890 [INF] Serilog.AspNetCore.RequestLoggingMiddleware | HTTP GET /api/employees/32/bank-details → 200 (35.4ms)
2026-04-11 10:53:16.890 [INF] Microsoft.AspNetCore.Hosting.Diagnostics | Request finished HTTP/1.1 GET http://localhost:5217/api/employees/32/bank-details - 200 null application/json; charset=utf-8 37.2413ms
2026-04-11 10:53:30.949 [INF] Microsoft.AspNetCore.Hosting.Diagnostics | Request starting HTTP/1.1 OPTIONS http://localhost:5217/api/employees/32 - null null
2026-04-11 10:53:30.949 [INF] Microsoft.AspNetCore.Cors.Infrastructure.CorsService | CORS policy execution successful.
2026-04-11 10:53:30.949 [INF] Microsoft.AspNetCore.Hosting.Diagnostics | Request finished HTTP/1.1 OPTIONS http://localhost:5217/api/employees/32 - 204 null null 0.3509ms
2026-04-11 10:53:30.952 [INF] Microsoft.AspNetCore.Hosting.Diagnostics | Request starting HTTP/1.1 PUT http://localhost:5217/api/employees/32 - application/json 678
2026-04-11 10:53:30.952 [INF] Microsoft.AspNetCore.Cors.Infrastructure.CorsService | CORS policy execution successful.
2026-04-11 10:53:30.953 [INF] Microsoft.AspNetCore.Routing.EndpointMiddleware | Executing endpoint 'backend.Controllers.EmployeesController.UpdateEmployee (backend)'
2026-04-11 10:53:30.953 [INF] Microsoft.AspNetCore.Mvc.Infrastructure.ControllerActionInvoker | Route matched with {action = "UpdateEmployee", controller = "Employees"}. Executing controller action with signature System.Threading.Tasks.Task`1[Microsoft.AspNetCore.Mvc.IActionResult] UpdateEmployee(Int32, backend.Models.CreateEmployeeRequest) on controller backend.Controllers.EmployeesController (backend).
2026-04-11 10:53:30.954 [INF] backend.Controllers.EmployeesController | [Employees] UPDATE | Id=32 | Name=pin | TargetOrgId=2 | UserOrgId=2
2026-04-11 10:53:30.973 [ERR] backend.Controllers.EmployeesController | [Employees] UPDATE failed | Id=32
Microsoft.Data.SqlClient.SqlException (0x80131904): Procedure or function sp_UpdateEmployee has too many arguments specified.
   at Microsoft.Data.SqlClient.SqlConnection.OnError(SqlException exception, Boolean breakConnection, Action`1 wrapCloseInAction)
   at Microsoft.Data.SqlClient.SqlInternalConnection.OnError(SqlException exception, Boolean breakConnection, Action`1 wrapCloseInAction)
   at Microsoft.Data.SqlClient.TdsParser.ThrowExceptionAndWarning(TdsParserStateObject stateObj, SqlCommand command, Boolean callerHasConnectionLock, Boolean asyncClose)
   at Microsoft.Data.SqlClient.TdsParser.TryRun(RunBehavior runBehavior, SqlCommand cmdHandler, SqlDataReader dataStream, BulkCopySimpleResultSet bulkCopyHandler, TdsParserStateObject stateObj, Boolean& dataReady)
   at Microsoft.Data.SqlClient.SqlCommand.FinishExecuteReader(SqlDataReader ds, RunBehavior runBehavior, String resetOptionsString, Boolean isInternal, Boolean forDescribeParameterEncryption, Boolean shouldCacheForAlwaysEncrypted)
   at Microsoft.Data.SqlClient.SqlCommand.CompleteAsyncExecuteReader(Boolean isInternal, Boolean forDescribeParameterEncryption)
   at Microsoft.Data.SqlClient.SqlCommand.InternalEndExecuteNonQuery(IAsyncResult asyncResult, Boolean isInternal, String endMethod)
   at Microsoft.Data.SqlClient.SqlCommand.EndExecuteNonQueryInternal(IAsyncResult asyncResult)
   at Microsoft.Data.SqlClient.SqlCommand.EndExecuteNonQueryAsync(IAsyncResult asyncResult)
   at Microsoft.Data.SqlClient.SqlCommand.<>c.<InternalExecuteNonQueryAsync>b__193_1(IAsyncResult asyncResult)
   at System.Threading.Tasks.TaskFactory`1.FromAsyncCoreLogic(IAsyncResult iar, Func`2 endFunction, Action`1 endAction, Task`1 promise, Boolean requiresSynchronization)
--- End of stack trace from previous location ---
   at Dapper.SqlMapper.ExecuteImplAsync(IDbConnection cnn, CommandDefinition command, Object param) in /_/Dapper/SqlMapper.Async.cs:line 662
   at backend.Controllers.EmployeesController.UpdateEmployee(Int32 id, CreateEmployeeRequest req) in C:\Repos_Work\Prodesx_HRM_Mobile_Application\backend\Controllers\EmployeesController.cs:line 197
ClientConnectionId:bc74a23d-1d7e-4035-b98f-ba7980d90c1d
Error Number:8144,State:2,Class:16
2026-04-11 10:53:30.975 [INF] Microsoft.AspNetCore.Mvc.Infrastructure.ObjectResultExecutor | Executing ObjectResult, writing value of type 'System.String'.
2026-04-11 10:53:30.975 [INF] Microsoft.AspNetCore.Mvc.Infrastructure.ControllerActionInvoker | Executed action backend.Controllers.EmployeesController.UpdateEmployee (backend) in 21.9037ms
2026-04-11 10:53:30.975 [INF] Microsoft.AspNetCore.Routing.EndpointMiddleware | Executed endpoint 'backend.Controllers.EmployeesController.UpdateEmployee (backend)'
2026-04-11 10:53:30.975 [ERR] Serilog.AspNetCore.RequestLoggingMiddleware | HTTP PUT /api/employees/32 → 500 (22.1ms)
2026-04-11 10:53:30.975 [INF] Microsoft.AspNetCore.Hosting.Diagnostics | Request finished HTTP/1.1 PUT http://localhost:5217/api/employees/32 - 500 null text/plain; charset=utf-8 22.7968ms
2026-04-11 10:55:11.121 [INF] Microsoft.AspNetCore.Routing.EndpointMiddleware | Executed endpoint '/hubs/employees'
2026-04-11 10:55:11.121 [INF] Microsoft.AspNetCore.Routing.EndpointMiddleware | Executed endpoint '/hubs/employees'
2026-04-11 10:55:11.121 [INF] Serilog.AspNetCore.RequestLoggingMiddleware | HTTP GET /hubs/employees → 101 (229481.4ms)
2026-04-11 10:55:11.121 [INF] Serilog.AspNetCore.RequestLoggingMiddleware | HTTP GET /hubs/employees → 101 (228651.3ms)
2026-04-11 10:55:11.121 [INF] Microsoft.AspNetCore.Hosting.Diagnostics | Request finished HTTP/1.1 GET http://localhost:5217/hubs/employees?id=qXoiAlei4pQ4FHDeV-mJhQ&access_token=eyJhbGciOiJIUzI1NiIsInR5cCI6IkpXVCJ9.eyJuYW1laWQiOiIxOCIsInVuaXF1ZV9uYW1lIjoidmFzYW50aGFrdW1hciIsImVtYWlsIjoidmFzYW50aDIwMDR2a0BnbWFpbC5jb20iLCJyb2xlIjoiU3VwZXJBZG1pbiIsIk9yZ2FuaXphdGlvbklkIjoiMiIsIk9yZ2FuaXphdGlvbkxvZ28iOiIvdXBsb2Fkcy9vcmctbG9nb3Mvb3JnLWxvZ28tNTg3M2M0NzVkOTFkNGJiZDkwNDZkZWVjNjY3ZDEzNmMuanBnIiwibmJmIjoxNzc1ODg0NzIwLCJleHAiOjE3NzU5NzExMjAsImlhdCI6MTc3NTg4NDcyMCwiaXNzIjoiUHJvRGVzWC1CYWNrZW5kIiwiYXVkIjoiUHJvRGVzWC1Gcm9udGVuZCJ9.sL2f_5v0c3udnDmtp_q1dUpnJOf3WLte114Eb7kpnDI - 101 null null 228652.0093ms
2026-04-11 10:55:11.121 [INF] Microsoft.AspNetCore.Hosting.Diagnostics | Request finished HTTP/1.1 GET http://localhost:5217/hubs/employees?id=Y2qNtBXkZn4iHrbt-b4Qyg&access_token=eyJhbGciOiJIUzI1NiIsInR5cCI6IkpXVCJ9.eyJuYW1laWQiOiIxOCIsInVuaXF1ZV9uYW1lIjoidmFzYW50aGFrdW1hciIsImVtYWlsIjoidmFzYW50aDIwMDR2a0BnbWFpbC5jb20iLCJyb2xlIjoiU3VwZXJBZG1pbiIsIk9yZ2FuaXphdGlvbklkIjoiMiIsIk9yZ2FuaXphdGlvbkxvZ28iOiIvdXBsb2Fkcy9vcmctbG9nb3Mvb3JnLWxvZ28tNTg3M2M0NzVkOTFkNGJiZDkwNDZkZWVjNjY3ZDEzNmMuanBnIiwibmJmIjoxNzc1ODg0NzIwLCJleHAiOjE3NzU5NzExMjAsImlhdCI6MTc3NTg4NDcyMCwiaXNzIjoiUHJvRGVzWC1CYWNrZW5kIiwiYXVkIjoiUHJvRGVzWC1Gcm9udGVuZCJ9.sL2f_5v0c3udnDmtp_q1dUpnJOf3WLte114Eb7kpnDI - 101 null null 229485.2575ms
2026-04-11 10:55:11.131 [INF] Microsoft.AspNetCore.Hosting.Diagnostics | Request starting HTTP/1.1 OPTIONS http://localhost:5217/hubs/employees/negotiate?negotiateVersion=1 - null null
2026-04-11 10:55:11.131 [INF] Microsoft.AspNetCore.Cors.Infrastructure.CorsService | CORS policy execution successful.
2026-04-11 10:55:11.132 [INF] Microsoft.AspNetCore.Hosting.Diagnostics | Request finished HTTP/1.1 OPTIONS http://localhost:5217/hubs/employees/negotiate?negotiateVersion=1 - 204 null null 0.2565ms
2026-04-11 10:55:11.134 [INF] Microsoft.AspNetCore.Hosting.Diagnostics | Request starting HTTP/1.1 POST http://localhost:5217/hubs/employees/negotiate?negotiateVersion=1 - text/plain;charset=UTF-8 0
2026-04-11 10:55:11.134 [INF] Microsoft.AspNetCore.Cors.Infrastructure.CorsService | CORS policy execution successful.
2026-04-11 10:55:11.134 [INF] Microsoft.AspNetCore.Hosting.Diagnostics | Request starting HTTP/1.1 POST http://localhost:5217/hubs/employees/negotiate?negotiateVersion=1 - text/plain;charset=UTF-8 0
2026-04-11 10:55:11.135 [INF] Microsoft.AspNetCore.Cors.Infrastructure.CorsService | CORS policy execution successful.
2026-04-11 10:55:11.135 [INF] Microsoft.AspNetCore.Routing.EndpointMiddleware | Executing endpoint '/hubs/employees/negotiate'
2026-04-11 10:55:11.135 [INF] Microsoft.AspNetCore.Routing.EndpointMiddleware | Executing endpoint '/hubs/employees/negotiate'
2026-04-11 10:55:11.135 [INF] Microsoft.AspNetCore.Routing.EndpointMiddleware | Executed endpoint '/hubs/employees/negotiate'
2026-04-11 10:55:11.135 [INF] Microsoft.AspNetCore.Routing.EndpointMiddleware | Executed endpoint '/hubs/employees/negotiate'
2026-04-11 10:55:11.135 [INF] Serilog.AspNetCore.RequestLoggingMiddleware | HTTP POST /hubs/employees/negotiate → 200 (0.2ms)
2026-04-11 10:55:11.135 [INF] Serilog.AspNetCore.RequestLoggingMiddleware | HTTP POST /hubs/employees/negotiate → 200 (0.2ms)
2026-04-11 10:55:11.135 [INF] Microsoft.AspNetCore.Hosting.Diagnostics | Request finished HTTP/1.1 POST http://localhost:5217/hubs/employees/negotiate?negotiateVersion=1 - 200 316 application/json 0.5766ms
2026-04-11 10:55:11.135 [INF] Microsoft.AspNetCore.Hosting.Diagnostics | Request finished HTTP/1.1 POST http://localhost:5217/hubs/employees/negotiate?negotiateVersion=1 - 200 316 application/json 0.8649ms
2026-04-11 10:55:11.149 [INF] Microsoft.AspNetCore.Hosting.Diagnostics | Request starting HTTP/1.1 GET http://localhost:5217/hubs/employees?id=WjuzxMN0adNBwgn_ndnnMg&access_token=eyJhbGciOiJIUzI1NiIsInR5cCI6IkpXVCJ9.eyJuYW1laWQiOiIxOCIsInVuaXF1ZV9uYW1lIjoidmFzYW50aGFrdW1hciIsImVtYWlsIjoidmFzYW50aDIwMDR2a0BnbWFpbC5jb20iLCJyb2xlIjoiU3VwZXJBZG1pbiIsIk9yZ2FuaXphdGlvbklkIjoiMiIsIk9yZ2FuaXphdGlvbkxvZ28iOiIvdXBsb2Fkcy9vcmctbG9nb3Mvb3JnLWxvZ28tNTg3M2M0NzVkOTFkNGJiZDkwNDZkZWVjNjY3ZDEzNmMuanBnIiwibmJmIjoxNzc1ODg0NzIwLCJleHAiOjE3NzU5NzExMjAsImlhdCI6MTc3NTg4NDcyMCwiaXNzIjoiUHJvRGVzWC1CYWNrZW5kIiwiYXVkIjoiUHJvRGVzWC1Gcm9udGVuZCJ9.sL2f_5v0c3udnDmtp_q1dUpnJOf3WLte114Eb7kpnDI - null null
2026-04-11 10:55:11.150 [INF] Microsoft.AspNetCore.Cors.Infrastructure.CorsService | CORS policy execution successful.
2026-04-11 10:55:11.150 [INF] Microsoft.AspNetCore.Routing.EndpointMiddleware | Executing endpoint '/hubs/employees'
2026-04-11 10:55:11.164 [INF] Microsoft.AspNetCore.Hosting.Diagnostics | Request starting HTTP/1.1 GET http://localhost:5217/hubs/employees?id=eujQPzOCa4dq2ujwCSfEKQ&access_token=eyJhbGciOiJIUzI1NiIsInR5cCI6IkpXVCJ9.eyJuYW1laWQiOiIxOCIsInVuaXF1ZV9uYW1lIjoidmFzYW50aGFrdW1hciIsImVtYWlsIjoidmFzYW50aDIwMDR2a0BnbWFpbC5jb20iLCJyb2xlIjoiU3VwZXJBZG1pbiIsIk9yZ2FuaXphdGlvbklkIjoiMiIsIk9yZ2FuaXphdGlvbkxvZ28iOiIvdXBsb2Fkcy9vcmctbG9nb3Mvb3JnLWxvZ28tNTg3M2M0NzVkOTFkNGJiZDkwNDZkZWVjNjY3ZDEzNmMuanBnIiwibmJmIjoxNzc1ODg0NzIwLCJleHAiOjE3NzU5NzExMjAsImlhdCI6MTc3NTg4NDcyMCwiaXNzIjoiUHJvRGVzWC1CYWNrZW5kIiwiYXVkIjoiUHJvRGVzWC1Gcm9udGVuZCJ9.sL2f_5v0c3udnDmtp_q1dUpnJOf3WLte114Eb7kpnDI - null null
2026-04-11 10:55:11.164 [INF] Microsoft.AspNetCore.Cors.Infrastructure.CorsService | CORS policy execution successful.
2026-04-11 10:55:11.164 [INF] Microsoft.AspNetCore.Routing.EndpointMiddleware | Executing endpoint '/hubs/employees'
2026-04-11 10:57:14.112 [INF] Microsoft.AspNetCore.Routing.EndpointMiddleware | Executed endpoint '/hubs/employees'
2026-04-11 10:57:14.112 [INF] Microsoft.AspNetCore.Routing.EndpointMiddleware | Executed endpoint '/hubs/employees'
2026-04-11 10:57:14.112 [INF] Serilog.AspNetCore.RequestLoggingMiddleware | HTTP GET /hubs/employees → 101 (122940.8ms)
2026-04-11 10:57:14.112 [INF] Serilog.AspNetCore.RequestLoggingMiddleware | HTTP GET /hubs/employees → 101 (122955.1ms)
2026-04-11 10:57:14.112 [INF] Microsoft.AspNetCore.Hosting.Diagnostics | Request finished HTTP/1.1 GET http://localhost:5217/hubs/employees?id=eujQPzOCa4dq2ujwCSfEKQ&access_token=eyJhbGciOiJIUzI1NiIsInR5cCI6IkpXVCJ9.eyJuYW1laWQiOiIxOCIsInVuaXF1ZV9uYW1lIjoidmFzYW50aGFrdW1hciIsImVtYWlsIjoidmFzYW50aDIwMDR2a0BnbWFpbC5jb20iLCJyb2xlIjoiU3VwZXJBZG1pbiIsIk9yZ2FuaXphdGlvbklkIjoiMiIsIk9yZ2FuaXphdGlvbkxvZ28iOiIvdXBsb2Fkcy9vcmctbG9nb3Mvb3JnLWxvZ28tNTg3M2M0NzVkOTFkNGJiZDkwNDZkZWVjNjY3ZDEzNmMuanBnIiwibmJmIjoxNzc1ODg0NzIwLCJleHAiOjE3NzU5NzExMjAsImlhdCI6MTc3NTg4NDcyMCwiaXNzIjoiUHJvRGVzWC1CYWNrZW5kIiwiYXVkIjoiUHJvRGVzWC1Gcm9udGVuZCJ9.sL2f_5v0c3udnDmtp_q1dUpnJOf3WLte114Eb7kpnDI - 101 null null 122941.4637ms
2026-04-11 10:57:14.112 [INF] Microsoft.AspNetCore.Hosting.Diagnostics | Request finished HTTP/1.1 GET http://localhost:5217/hubs/employees?id=WjuzxMN0adNBwgn_ndnnMg&access_token=eyJhbGciOiJIUzI1NiIsInR5cCI6IkpXVCJ9.eyJuYW1laWQiOiIxOCIsInVuaXF1ZV9uYW1lIjoidmFzYW50aGFrdW1hciIsImVtYWlsIjoidmFzYW50aDIwMDR2a0BnbWFpbC5jb20iLCJyb2xlIjoiU3VwZXJBZG1pbiIsIk9yZ2FuaXphdGlvbklkIjoiMiIsIk9yZ2FuaXphdGlvbkxvZ28iOiIvdXBsb2Fkcy9vcmctbG9nb3Mvb3JnLWxvZ28tNTg3M2M0NzVkOTFkNGJiZDkwNDZkZWVjNjY3ZDEzNmMuanBnIiwibmJmIjoxNzc1ODg0NzIwLCJleHAiOjE3NzU5NzExMjAsImlhdCI6MTc3NTg4NDcyMCwiaXNzIjoiUHJvRGVzWC1CYWNrZW5kIiwiYXVkIjoiUHJvRGVzWC1Gcm9udGVuZCJ9.sL2f_5v0c3udnDmtp_q1dUpnJOf3WLte114Eb7kpnDI - 101 null null 122955.8419ms
2026-04-11 10:57:14.123 [INF] Microsoft.AspNetCore.Hosting.Diagnostics | Request starting HTTP/1.1 OPTIONS http://localhost:5217/hubs/employees/negotiate?negotiateVersion=1 - null null
2026-04-11 10:57:14.123 [INF] Microsoft.AspNetCore.Cors.Infrastructure.CorsService | CORS policy execution successful.
2026-04-11 10:57:14.123 [INF] Microsoft.AspNetCore.Hosting.Diagnostics | Request finished HTTP/1.1 OPTIONS http://localhost:5217/hubs/employees/negotiate?negotiateVersion=1 - 204 null null 0.1802ms
2026-04-11 10:57:14.125 [INF] Microsoft.AspNetCore.Hosting.Diagnostics | Request starting HTTP/1.1 POST http://localhost:5217/hubs/employees/negotiate?negotiateVersion=1 - text/plain;charset=UTF-8 0
2026-04-11 10:57:14.125 [INF] Microsoft.AspNetCore.Cors.Infrastructure.CorsService | CORS policy execution successful.
2026-04-11 10:57:14.126 [INF] Microsoft.AspNetCore.Hosting.Diagnostics | Request starting HTTP/1.1 POST http://localhost:5217/hubs/employees/negotiate?negotiateVersion=1 - text/plain;charset=UTF-8 0
2026-04-11 10:57:14.126 [INF] Microsoft.AspNetCore.Cors.Infrastructure.CorsService | CORS policy execution successful.
2026-04-11 10:57:14.126 [INF] Microsoft.AspNetCore.Routing.EndpointMiddleware | Executing endpoint '/hubs/employees/negotiate'
2026-04-11 10:57:14.126 [INF] Microsoft.AspNetCore.Routing.EndpointMiddleware | Executing endpoint '/hubs/employees/negotiate'
2026-04-11 10:57:14.126 [INF] Microsoft.AspNetCore.Routing.EndpointMiddleware | Executed endpoint '/hubs/employees/negotiate'
2026-04-11 10:57:14.126 [INF] Microsoft.AspNetCore.Routing.EndpointMiddleware | Executed endpoint '/hubs/employees/negotiate'
2026-04-11 10:57:14.126 [INF] Serilog.AspNetCore.RequestLoggingMiddleware | HTTP POST /hubs/employees/negotiate → 200 (0.2ms)
2026-04-11 10:57:14.126 [INF] Serilog.AspNetCore.RequestLoggingMiddleware | HTTP POST /hubs/employees/negotiate → 200 (0.3ms)
2026-04-11 10:57:14.126 [INF] Microsoft.AspNetCore.Hosting.Diagnostics | Request finished HTTP/1.1 POST http://localhost:5217/hubs/employees/negotiate?negotiateVersion=1 - 200 316 application/json 0.497ms
2026-04-11 10:57:14.126 [INF] Microsoft.AspNetCore.Hosting.Diagnostics | Request finished HTTP/1.1 POST http://localhost:5217/hubs/employees/negotiate?negotiateVersion=1 - 200 316 application/json 0.9335ms
2026-04-11 10:57:14.135 [INF] Microsoft.AspNetCore.Hosting.Diagnostics | Request starting HTTP/1.1 GET http://localhost:5217/hubs/employees?id=UGnQVRw25evaXh1BC4SxGQ&access_token=eyJhbGciOiJIUzI1NiIsInR5cCI6IkpXVCJ9.eyJuYW1laWQiOiIxOCIsInVuaXF1ZV9uYW1lIjoidmFzYW50aGFrdW1hciIsImVtYWlsIjoidmFzYW50aDIwMDR2a0BnbWFpbC5jb20iLCJyb2xlIjoiU3VwZXJBZG1pbiIsIk9yZ2FuaXphdGlvbklkIjoiMiIsIk9yZ2FuaXphdGlvbkxvZ28iOiIvdXBsb2Fkcy9vcmctbG9nb3Mvb3JnLWxvZ28tNTg3M2M0NzVkOTFkNGJiZDkwNDZkZWVjNjY3ZDEzNmMuanBnIiwibmJmIjoxNzc1ODg0NzIwLCJleHAiOjE3NzU5NzExMjAsImlhdCI6MTc3NTg4NDcyMCwiaXNzIjoiUHJvRGVzWC1CYWNrZW5kIiwiYXVkIjoiUHJvRGVzWC1Gcm9udGVuZCJ9.sL2f_5v0c3udnDmtp_q1dUpnJOf3WLte114Eb7kpnDI - null null
2026-04-11 10:57:14.135 [INF] Microsoft.AspNetCore.Cors.Infrastructure.CorsService | CORS policy execution successful.
2026-04-11 10:57:14.136 [INF] Microsoft.AspNetCore.Routing.EndpointMiddleware | Executing endpoint '/hubs/employees'
2026-04-11 10:57:14.160 [INF] Microsoft.AspNetCore.Hosting.Diagnostics | Request starting HTTP/1.1 GET http://localhost:5217/hubs/employees?id=FOU3GuQOtLBu38HZ0b21Rw&access_token=eyJhbGciOiJIUzI1NiIsInR5cCI6IkpXVCJ9.eyJuYW1laWQiOiIxOCIsInVuaXF1ZV9uYW1lIjoidmFzYW50aGFrdW1hciIsImVtYWlsIjoidmFzYW50aDIwMDR2a0BnbWFpbC5jb20iLCJyb2xlIjoiU3VwZXJBZG1pbiIsIk9yZ2FuaXphdGlvbklkIjoiMiIsIk9yZ2FuaXphdGlvbkxvZ28iOiIvdXBsb2Fkcy9vcmctbG9nb3Mvb3JnLWxvZ28tNTg3M2M0NzVkOTFkNGJiZDkwNDZkZWVjNjY3ZDEzNmMuanBnIiwibmJmIjoxNzc1ODg0NzIwLCJleHAiOjE3NzU5NzExMjAsImlhdCI6MTc3NTg4NDcyMCwiaXNzIjoiUHJvRGVzWC1CYWNrZW5kIiwiYXVkIjoiUHJvRGVzWC1Gcm9udGVuZCJ9.sL2f_5v0c3udnDmtp_q1dUpnJOf3WLte114Eb7kpnDI - null null
2026-04-11 10:57:14.160 [INF] Microsoft.AspNetCore.Cors.Infrastructure.CorsService | CORS policy execution successful.
2026-04-11 10:57:14.160 [INF] Microsoft.AspNetCore.Routing.EndpointMiddleware | Executing endpoint '/hubs/employees'
2026-04-11 10:59:18.122 [INF] Microsoft.AspNetCore.Routing.EndpointMiddleware | Executed endpoint '/hubs/employees'
2026-04-11 10:59:18.122 [INF] Microsoft.AspNetCore.Routing.EndpointMiddleware | Executed endpoint '/hubs/employees'
2026-04-11 10:59:18.122 [INF] Serilog.AspNetCore.RequestLoggingMiddleware | HTTP GET /hubs/employees → 101 (123954.8ms)
2026-04-11 10:59:18.122 [INF] Serilog.AspNetCore.RequestLoggingMiddleware | HTTP GET /hubs/employees → 101 (123979.7ms)
2026-04-11 10:59:18.122 [INF] Microsoft.AspNetCore.Hosting.Diagnostics | Request finished HTTP/1.1 GET http://localhost:5217/hubs/employees?id=UGnQVRw25evaXh1BC4SxGQ&access_token=eyJhbGciOiJIUzI1NiIsInR5cCI6IkpXVCJ9.eyJuYW1laWQiOiIxOCIsInVuaXF1ZV9uYW1lIjoidmFzYW50aGFrdW1hciIsImVtYWlsIjoidmFzYW50aDIwMDR2a0BnbWFpbC5jb20iLCJyb2xlIjoiU3VwZXJBZG1pbiIsIk9yZ2FuaXphdGlvbklkIjoiMiIsIk9yZ2FuaXphdGlvbkxvZ28iOiIvdXBsb2Fkcy9vcmctbG9nb3Mvb3JnLWxvZ28tNTg3M2M0NzVkOTFkNGJiZDkwNDZkZWVjNjY3ZDEzNmMuanBnIiwibmJmIjoxNzc1ODg0NzIwLCJleHAiOjE3NzU5NzExMjAsImlhdCI6MTc3NTg4NDcyMCwiaXNzIjoiUHJvRGVzWC1CYWNrZW5kIiwiYXVkIjoiUHJvRGVzWC1Gcm9udGVuZCJ9.sL2f_5v0c3udnDmtp_q1dUpnJOf3WLte114Eb7kpnDI - 101 null null 123980.1009ms
2026-04-11 10:59:18.122 [INF] Microsoft.AspNetCore.Hosting.Diagnostics | Request finished HTTP/1.1 GET http://localhost:5217/hubs/employees?id=FOU3GuQOtLBu38HZ0b21Rw&access_token=eyJhbGciOiJIUzI1NiIsInR5cCI6IkpXVCJ9.eyJuYW1laWQiOiIxOCIsInVuaXF1ZV9uYW1lIjoidmFzYW50aGFrdW1hciIsImVtYWlsIjoidmFzYW50aDIwMDR2a0BnbWFpbC5jb20iLCJyb2xlIjoiU3VwZXJBZG1pbiIsIk9yZ2FuaXphdGlvbklkIjoiMiIsIk9yZ2FuaXphdGlvbkxvZ28iOiIvdXBsb2Fkcy9vcmctbG9nb3Mvb3JnLWxvZ28tNTg3M2M0NzVkOTFkNGJiZDkwNDZkZWVjNjY3ZDEzNmMuanBnIiwibmJmIjoxNzc1ODg0NzIwLCJleHAiOjE3NzU5NzExMjAsImlhdCI6MTc3NTg4NDcyMCwiaXNzIjoiUHJvRGVzWC1CYWNrZW5kIiwiYXVkIjoiUHJvRGVzWC1Gcm9udGVuZCJ9.sL2f_5v0c3udnDmtp_q1dUpnJOf3WLte114Eb7kpnDI - 101 null null 123955.4023ms
2026-04-11 10:59:18.131 [INF] Microsoft.AspNetCore.Hosting.Diagnostics | Request starting HTTP/1.1 OPTIONS http://localhost:5217/hubs/employees/negotiate?negotiateVersion=1 - null null
2026-04-11 10:59:18.131 [INF] Microsoft.AspNetCore.Cors.Infrastructure.CorsService | CORS policy execution successful.
2026-04-11 10:59:18.131 [INF] Microsoft.AspNetCore.Hosting.Diagnostics | Request finished HTTP/1.1 OPTIONS http://localhost:5217/hubs/employees/negotiate?negotiateVersion=1 - 204 null null 0.2026ms
2026-04-11 10:59:18.135 [INF] Microsoft.AspNetCore.Hosting.Diagnostics | Request starting HTTP/1.1 OPTIONS http://localhost:5217/hubs/employees/negotiate?negotiateVersion=1 - null null
2026-04-11 10:59:18.135 [INF] Microsoft.AspNetCore.Hosting.Diagnostics | Request starting HTTP/1.1 POST http://localhost:5217/hubs/employees/negotiate?negotiateVersion=1 - text/plain;charset=UTF-8 0
2026-04-11 10:59:18.135 [INF] Microsoft.AspNetCore.Cors.Infrastructure.CorsService | CORS policy execution successful.
2026-04-11 10:59:18.135 [INF] Microsoft.AspNetCore.Cors.Infrastructure.CorsService | CORS policy execution successful.
2026-04-11 10:59:18.135 [INF] Microsoft.AspNetCore.Hosting.Diagnostics | Request finished HTTP/1.1 OPTIONS http://localhost:5217/hubs/employees/negotiate?negotiateVersion=1 - 204 null null 0.2204ms
2026-04-11 10:59:18.136 [INF] Microsoft.AspNetCore.Routing.EndpointMiddleware | Executing endpoint '/hubs/employees/negotiate'
2026-04-11 10:59:18.136 [INF] Microsoft.AspNetCore.Routing.EndpointMiddleware | Executed endpoint '/hubs/employees/negotiate'
2026-04-11 10:59:18.136 [INF] Serilog.AspNetCore.RequestLoggingMiddleware | HTTP POST /hubs/employees/negotiate → 200 (0.2ms)
2026-04-11 10:59:18.136 [INF] Microsoft.AspNetCore.Hosting.Diagnostics | Request finished HTTP/1.1 POST http://localhost:5217/hubs/employees/negotiate?negotiateVersion=1 - 200 316 application/json 0.6548ms
2026-04-11 10:59:18.138 [INF] Microsoft.AspNetCore.Hosting.Diagnostics | Request starting HTTP/1.1 POST http://localhost:5217/hubs/employees/negotiate?negotiateVersion=1 - text/plain;charset=UTF-8 0
2026-04-11 10:59:18.138 [INF] Microsoft.AspNetCore.Cors.Infrastructure.CorsService | CORS policy execution successful.
2026-04-11 10:59:18.138 [INF] Microsoft.AspNetCore.Routing.EndpointMiddleware | Executing endpoint '/hubs/employees/negotiate'
2026-04-11 10:59:18.138 [INF] Microsoft.AspNetCore.Routing.EndpointMiddleware | Executed endpoint '/hubs/employees/negotiate'
2026-04-11 10:59:18.138 [INF] Serilog.AspNetCore.RequestLoggingMiddleware | HTTP POST /hubs/employees/negotiate → 200 (0.2ms)
2026-04-11 10:59:18.139 [INF] Microsoft.AspNetCore.Hosting.Diagnostics | Request finished HTTP/1.1 POST http://localhost:5217/hubs/employees/negotiate?negotiateVersion=1 - 200 316 application/json 0.5928ms
2026-04-11 10:59:18.144 [INF] Microsoft.AspNetCore.Hosting.Diagnostics | Request starting HTTP/1.1 GET http://localhost:5217/hubs/employees?id=96TyrlQM1GqJCqkeAfS90g&access_token=eyJhbGciOiJIUzI1NiIsInR5cCI6IkpXVCJ9.eyJuYW1laWQiOiIxOCIsInVuaXF1ZV9uYW1lIjoidmFzYW50aGFrdW1hciIsImVtYWlsIjoidmFzYW50aDIwMDR2a0BnbWFpbC5jb20iLCJyb2xlIjoiU3VwZXJBZG1pbiIsIk9yZ2FuaXphdGlvbklkIjoiMiIsIk9yZ2FuaXphdGlvbkxvZ28iOiIvdXBsb2Fkcy9vcmctbG9nb3Mvb3JnLWxvZ28tNTg3M2M0NzVkOTFkNGJiZDkwNDZkZWVjNjY3ZDEzNmMuanBnIiwibmJmIjoxNzc1ODg0NzIwLCJleHAiOjE3NzU5NzExMjAsImlhdCI6MTc3NTg4NDcyMCwiaXNzIjoiUHJvRGVzWC1CYWNrZW5kIiwiYXVkIjoiUHJvRGVzWC1Gcm9udGVuZCJ9.sL2f_5v0c3udnDmtp_q1dUpnJOf3WLte114Eb7kpnDI - null null
2026-04-11 10:59:18.144 [INF] Microsoft.AspNetCore.Cors.Infrastructure.CorsService | CORS policy execution successful.
2026-04-11 10:59:18.144 [INF] Microsoft.AspNetCore.Routing.EndpointMiddleware | Executing endpoint '/hubs/employees'
2026-04-11 10:59:18.169 [INF] Microsoft.AspNetCore.Hosting.Diagnostics | Request starting HTTP/1.1 GET http://localhost:5217/hubs/employees?id=hfBcTYLqRev0Quw3FaWdQg&access_token=eyJhbGciOiJIUzI1NiIsInR5cCI6IkpXVCJ9.eyJuYW1laWQiOiIxOCIsInVuaXF1ZV9uYW1lIjoidmFzYW50aGFrdW1hciIsImVtYWlsIjoidmFzYW50aDIwMDR2a0BnbWFpbC5jb20iLCJyb2xlIjoiU3VwZXJBZG1pbiIsIk9yZ2FuaXphdGlvbklkIjoiMiIsIk9yZ2FuaXphdGlvbkxvZ28iOiIvdXBsb2Fkcy9vcmctbG9nb3Mvb3JnLWxvZ28tNTg3M2M0NzVkOTFkNGJiZDkwNDZkZWVjNjY3ZDEzNmMuanBnIiwibmJmIjoxNzc1ODg0NzIwLCJleHAiOjE3NzU5NzExMjAsImlhdCI6MTc3NTg4NDcyMCwiaXNzIjoiUHJvRGVzWC1CYWNrZW5kIiwiYXVkIjoiUHJvRGVzWC1Gcm9udGVuZCJ9.sL2f_5v0c3udnDmtp_q1dUpnJOf3WLte114Eb7kpnDI - null null
2026-04-11 10:59:18.169 [INF] Microsoft.AspNetCore.Cors.Infrastructure.CorsService | CORS policy execution successful.
2026-04-11 10:59:18.169 [INF] Microsoft.AspNetCore.Routing.EndpointMiddleware | Executing endpoint '/hubs/employees'
2026-04-11 11:01:22.135 [INF] Microsoft.AspNetCore.Routing.EndpointMiddleware | Executed endpoint '/hubs/employees'
2026-04-11 11:01:22.136 [INF] Serilog.AspNetCore.RequestLoggingMiddleware | HTTP GET /hubs/employees → 101 (123959.5ms)
2026-04-11 11:01:22.136 [INF] Microsoft.AspNetCore.Hosting.Diagnostics | Request finished HTTP/1.1 GET http://localhost:5217/hubs/employees?id=hfBcTYLqRev0Quw3FaWdQg&access_token=eyJhbGciOiJIUzI1NiIsInR5cCI6IkpXVCJ9.eyJuYW1laWQiOiIxOCIsInVuaXF1ZV9uYW1lIjoidmFzYW50aGFrdW1hciIsImVtYWlsIjoidmFzYW50aDIwMDR2a0BnbWFpbC5jb20iLCJyb2xlIjoiU3VwZXJBZG1pbiIsIk9yZ2FuaXphdGlvbklkIjoiMiIsIk9yZ2FuaXphdGlvbkxvZ28iOiIvdXBsb2Fkcy9vcmctbG9nb3Mvb3JnLWxvZ28tNTg3M2M0NzVkOTFkNGJiZDkwNDZkZWVjNjY3ZDEzNmMuanBnIiwibmJmIjoxNzc1ODg0NzIwLCJleHAiOjE3NzU5NzExMjAsImlhdCI6MTc3NTg4NDcyMCwiaXNzIjoiUHJvRGVzWC1CYWNrZW5kIiwiYXVkIjoiUHJvRGVzWC1Gcm9udGVuZCJ9.sL2f_5v0c3udnDmtp_q1dUpnJOf3WLte114Eb7kpnDI - 101 null null 123959.8716ms
2026-04-11 11:01:22.136 [INF] Microsoft.AspNetCore.Routing.EndpointMiddleware | Executed endpoint '/hubs/employees'
2026-04-11 11:01:22.137 [INF] Serilog.AspNetCore.RequestLoggingMiddleware | HTTP GET /hubs/employees → 101 (123985.2ms)
2026-04-11 11:01:22.137 [INF] Microsoft.AspNetCore.Hosting.Diagnostics | Request finished HTTP/1.1 GET http://localhost:5217/hubs/employees?id=96TyrlQM1GqJCqkeAfS90g&access_token=eyJhbGciOiJIUzI1NiIsInR5cCI6IkpXVCJ9.eyJuYW1laWQiOiIxOCIsInVuaXF1ZV9uYW1lIjoidmFzYW50aGFrdW1hciIsImVtYWlsIjoidmFzYW50aDIwMDR2a0BnbWFpbC5jb20iLCJyb2xlIjoiU3VwZXJBZG1pbiIsIk9yZ2FuaXphdGlvbklkIjoiMiIsIk9yZ2FuaXphdGlvbkxvZ28iOiIvdXBsb2Fkcy9vcmctbG9nb3Mvb3JnLWxvZ28tNTg3M2M0NzVkOTFkNGJiZDkwNDZkZWVjNjY3ZDEzNmMuanBnIiwibmJmIjoxNzc1ODg0NzIwLCJleHAiOjE3NzU5NzExMjAsImlhdCI6MTc3NTg4NDcyMCwiaXNzIjoiUHJvRGVzWC1CYWNrZW5kIiwiYXVkIjoiUHJvRGVzWC1Gcm9udGVuZCJ9.sL2f_5v0c3udnDmtp_q1dUpnJOf3WLte114Eb7kpnDI - 101 null null 123985.6095ms
2026-04-11 11:01:22.143 [INF] Microsoft.AspNetCore.Hosting.Diagnostics | Request starting HTTP/1.1 OPTIONS http://localhost:5217/hubs/employees/negotiate?negotiateVersion=1 - null null
2026-04-11 11:01:22.143 [INF] Microsoft.AspNetCore.Cors.Infrastructure.CorsService | CORS policy execution successful.
2026-04-11 11:01:22.143 [INF] Microsoft.AspNetCore.Hosting.Diagnostics | Request finished HTTP/1.1 OPTIONS http://localhost:5217/hubs/employees/negotiate?negotiateVersion=1 - 204 null null 0.234ms
2026-04-11 11:01:22.146 [INF] Microsoft.AspNetCore.Hosting.Diagnostics | Request starting HTTP/1.1 POST http://localhost:5217/hubs/employees/negotiate?negotiateVersion=1 - text/plain;charset=UTF-8 0
2026-04-11 11:01:22.146 [INF] Microsoft.AspNetCore.Cors.Infrastructure.CorsService | CORS policy execution successful.
2026-04-11 11:01:22.146 [INF] Microsoft.AspNetCore.Hosting.Diagnostics | Request starting HTTP/1.1 POST http://localhost:5217/hubs/employees/negotiate?negotiateVersion=1 - text/plain;charset=UTF-8 0
2026-04-11 11:01:22.146 [INF] Microsoft.AspNetCore.Routing.EndpointMiddleware | Executing endpoint '/hubs/employees/negotiate'
2026-04-11 11:01:22.146 [INF] Microsoft.AspNetCore.Cors.Infrastructure.CorsService | CORS policy execution successful.
2026-04-11 11:01:22.146 [INF] Microsoft.AspNetCore.Routing.EndpointMiddleware | Executed endpoint '/hubs/employees/negotiate'
2026-04-11 11:01:22.146 [INF] Microsoft.AspNetCore.Routing.EndpointMiddleware | Executing endpoint '/hubs/employees/negotiate'
2026-04-11 11:01:22.146 [INF] Serilog.AspNetCore.RequestLoggingMiddleware | HTTP POST /hubs/employees/negotiate → 200 (0.2ms)
2026-04-11 11:01:22.147 [INF] Microsoft.AspNetCore.Hosting.Diagnostics | Request finished HTTP/1.1 POST http://localhost:5217/hubs/employees/negotiate?negotiateVersion=1 - 200 316 application/json 0.5654ms
2026-04-11 11:01:22.147 [INF] Microsoft.AspNetCore.Routing.EndpointMiddleware | Executed endpoint '/hubs/employees/negotiate'
2026-04-11 11:01:22.147 [INF] Serilog.AspNetCore.RequestLoggingMiddleware | HTTP POST /hubs/employees/negotiate → 200 (0.1ms)
2026-04-11 11:01:22.147 [INF] Microsoft.AspNetCore.Hosting.Diagnostics | Request finished HTTP/1.1 POST http://localhost:5217/hubs/employees/negotiate?negotiateVersion=1 - 200 316 application/json 0.3798ms
2026-04-11 11:01:22.156 [INF] Microsoft.AspNetCore.Hosting.Diagnostics | Request starting HTTP/1.1 GET http://localhost:5217/hubs/employees?id=D4alaoBizTmvD2c76h3wOA&access_token=eyJhbGciOiJIUzI1NiIsInR5cCI6IkpXVCJ9.eyJuYW1laWQiOiIxOCIsInVuaXF1ZV9uYW1lIjoidmFzYW50aGFrdW1hciIsImVtYWlsIjoidmFzYW50aDIwMDR2a0BnbWFpbC5jb20iLCJyb2xlIjoiU3VwZXJBZG1pbiIsIk9yZ2FuaXphdGlvbklkIjoiMiIsIk9yZ2FuaXphdGlvbkxvZ28iOiIvdXBsb2Fkcy9vcmctbG9nb3Mvb3JnLWxvZ28tNTg3M2M0NzVkOTFkNGJiZDkwNDZkZWVjNjY3ZDEzNmMuanBnIiwibmJmIjoxNzc1ODg0NzIwLCJleHAiOjE3NzU5NzExMjAsImlhdCI6MTc3NTg4NDcyMCwiaXNzIjoiUHJvRGVzWC1CYWNrZW5kIiwiYXVkIjoiUHJvRGVzWC1Gcm9udGVuZCJ9.sL2f_5v0c3udnDmtp_q1dUpnJOf3WLte114Eb7kpnDI - null null
2026-04-11 11:01:22.156 [INF] Microsoft.AspNetCore.Cors.Infrastructure.CorsService | CORS policy execution successful.
2026-04-11 11:01:22.157 [INF] Microsoft.AspNetCore.Routing.EndpointMiddleware | Executing endpoint '/hubs/employees'
2026-04-11 11:01:22.183 [INF] Microsoft.AspNetCore.Hosting.Diagnostics | Request starting HTTP/1.1 GET http://localhost:5217/hubs/employees?id=Y2RwZ1iPKUcpPAbPWTNENA&access_token=eyJhbGciOiJIUzI1NiIsInR5cCI6IkpXVCJ9.eyJuYW1laWQiOiIxOCIsInVuaXF1ZV9uYW1lIjoidmFzYW50aGFrdW1hciIsImVtYWlsIjoidmFzYW50aDIwMDR2a0BnbWFpbC5jb20iLCJyb2xlIjoiU3VwZXJBZG1pbiIsIk9yZ2FuaXphdGlvbklkIjoiMiIsIk9yZ2FuaXphdGlvbkxvZ28iOiIvdXBsb2Fkcy9vcmctbG9nb3Mvb3JnLWxvZ28tNTg3M2M0NzVkOTFkNGJiZDkwNDZkZWVjNjY3ZDEzNmMuanBnIiwibmJmIjoxNzc1ODg0NzIwLCJleHAiOjE3NzU5NzExMjAsImlhdCI6MTc3NTg4NDcyMCwiaXNzIjoiUHJvRGVzWC1CYWNrZW5kIiwiYXVkIjoiUHJvRGVzWC1Gcm9udGVuZCJ9.sL2f_5v0c3udnDmtp_q1dUpnJOf3WLte114Eb7kpnDI - null null
2026-04-11 11:01:22.183 [INF] Microsoft.AspNetCore.Cors.Infrastructure.CorsService | CORS policy execution successful.
2026-04-11 11:01:22.184 [INF] Microsoft.AspNetCore.Routing.EndpointMiddleware | Executing endpoint '/hubs/employees'
2026-04-11 11:03:24.144 [INF] Microsoft.AspNetCore.Routing.EndpointMiddleware | Executed endpoint '/hubs/employees'
2026-04-11 11:03:24.144 [INF] Microsoft.AspNetCore.Routing.EndpointMiddleware | Executed endpoint '/hubs/employees'
2026-04-11 11:03:24.144 [INF] Serilog.AspNetCore.RequestLoggingMiddleware | HTTP GET /hubs/employees → 101 (121953.5ms)
2026-04-11 11:03:24.144 [INF] Serilog.AspNetCore.RequestLoggingMiddleware | HTTP GET /hubs/employees → 101 (121980.5ms)
2026-04-11 11:03:24.144 [INF] Microsoft.AspNetCore.Hosting.Diagnostics | Request finished HTTP/1.1 GET http://localhost:5217/hubs/employees?id=D4alaoBizTmvD2c76h3wOA&access_token=eyJhbGciOiJIUzI1NiIsInR5cCI6IkpXVCJ9.eyJuYW1laWQiOiIxOCIsInVuaXF1ZV9uYW1lIjoidmFzYW50aGFrdW1hciIsImVtYWlsIjoidmFzYW50aDIwMDR2a0BnbWFpbC5jb20iLCJyb2xlIjoiU3VwZXJBZG1pbiIsIk9yZ2FuaXphdGlvbklkIjoiMiIsIk9yZ2FuaXphdGlvbkxvZ28iOiIvdXBsb2Fkcy9vcmctbG9nb3Mvb3JnLWxvZ28tNTg3M2M0NzVkOTFkNGJiZDkwNDZkZWVjNjY3ZDEzNmMuanBnIiwibmJmIjoxNzc1ODg0NzIwLCJleHAiOjE3NzU5NzExMjAsImlhdCI6MTc3NTg4NDcyMCwiaXNzIjoiUHJvRGVzWC1CYWNrZW5kIiwiYXVkIjoiUHJvRGVzWC1Gcm9udGVuZCJ9.sL2f_5v0c3udnDmtp_q1dUpnJOf3WLte114Eb7kpnDI - 101 null null 121980.9832ms
2026-04-11 11:03:24.144 [INF] Microsoft.AspNetCore.Hosting.Diagnostics | Request finished HTTP/1.1 GET http://localhost:5217/hubs/employees?id=Y2RwZ1iPKUcpPAbPWTNENA&access_token=eyJhbGciOiJIUzI1NiIsInR5cCI6IkpXVCJ9.eyJuYW1laWQiOiIxOCIsInVuaXF1ZV9uYW1lIjoidmFzYW50aGFrdW1hciIsImVtYWlsIjoidmFzYW50aDIwMDR2a0BnbWFpbC5jb20iLCJyb2xlIjoiU3VwZXJBZG1pbiIsIk9yZ2FuaXphdGlvbklkIjoiMiIsIk9yZ2FuaXphdGlvbkxvZ28iOiIvdXBsb2Fkcy9vcmctbG9nb3Mvb3JnLWxvZ28tNTg3M2M0NzVkOTFkNGJiZDkwNDZkZWVjNjY3ZDEzNmMuanBnIiwibmJmIjoxNzc1ODg0NzIwLCJleHAiOjE3NzU5NzExMjAsImlhdCI6MTc3NTg4NDcyMCwiaXNzIjoiUHJvRGVzWC1CYWNrZW5kIiwiYXVkIjoiUHJvRGVzWC1Gcm9udGVuZCJ9.sL2f_5v0c3udnDmtp_q1dUpnJOf3WLte114Eb7kpnDI - 101 null null 121953.9019ms
2026-04-11 11:03:24.153 [INF] Microsoft.AspNetCore.Hosting.Diagnostics | Request starting HTTP/1.1 OPTIONS http://localhost:5217/hubs/employees/negotiate?negotiateVersion=1 - null null
2026-04-11 11:03:24.153 [INF] Microsoft.AspNetCore.Cors.Infrastructure.CorsService | CORS policy execution successful.
2026-04-11 11:03:24.153 [INF] Microsoft.AspNetCore.Hosting.Diagnostics | Request finished HTTP/1.1 OPTIONS http://localhost:5217/hubs/employees/negotiate?negotiateVersion=1 - 204 null null 0.24ms
2026-04-11 11:03:24.157 [INF] Microsoft.AspNetCore.Hosting.Diagnostics | Request starting HTTP/1.1 POST http://localhost:5217/hubs/employees/negotiate?negotiateVersion=1 - text/plain;charset=UTF-8 0
2026-04-11 11:03:24.157 [INF] Microsoft.AspNetCore.Cors.Infrastructure.CorsService | CORS policy execution successful.
2026-04-11 11:03:24.158 [INF] Microsoft.AspNetCore.Routing.EndpointMiddleware | Executing endpoint '/hubs/employees/negotiate'
2026-04-11 11:03:24.158 [INF] Microsoft.AspNetCore.Routing.EndpointMiddleware | Executed endpoint '/hubs/employees/negotiate'
2026-04-11 11:03:24.158 [INF] Serilog.AspNetCore.RequestLoggingMiddleware | HTTP POST /hubs/employees/negotiate → 200 (0.2ms)
2026-04-11 11:03:24.158 [INF] Microsoft.AspNetCore.Hosting.Diagnostics | Request finished HTTP/1.1 POST http://localhost:5217/hubs/employees/negotiate?negotiateVersion=1 - 200 316 application/json 0.6421ms
2026-04-11 11:03:24.158 [INF] Microsoft.AspNetCore.Hosting.Diagnostics | Request starting HTTP/1.1 POST http://localhost:5217/hubs/employees/negotiate?negotiateVersion=1 - text/plain;charset=UTF-8 0
2026-04-11 11:03:24.158 [INF] Microsoft.AspNetCore.Cors.Infrastructure.CorsService | CORS policy execution successful.
2026-04-11 11:03:24.158 [INF] Microsoft.AspNetCore.Routing.EndpointMiddleware | Executing endpoint '/hubs/employees/negotiate'
2026-04-11 11:03:24.158 [INF] Microsoft.AspNetCore.Routing.EndpointMiddleware | Executed endpoint '/hubs/employees/negotiate'
2026-04-11 11:03:24.158 [INF] Serilog.AspNetCore.RequestLoggingMiddleware | HTTP POST /hubs/employees/negotiate → 200 (0.1ms)
2026-04-11 11:03:24.158 [INF] Microsoft.AspNetCore.Hosting.Diagnostics | Request finished HTTP/1.1 POST http://localhost:5217/hubs/employees/negotiate?negotiateVersion=1 - 200 316 application/json 0.3018ms
2026-04-11 11:03:24.168 [INF] Microsoft.AspNetCore.Hosting.Diagnostics | Request starting HTTP/1.1 GET http://localhost:5217/hubs/employees?id=KpdSV_F2P-X3wT5h4RBljw&access_token=eyJhbGciOiJIUzI1NiIsInR5cCI6IkpXVCJ9.eyJuYW1laWQiOiIxOCIsInVuaXF1ZV9uYW1lIjoidmFzYW50aGFrdW1hciIsImVtYWlsIjoidmFzYW50aDIwMDR2a0BnbWFpbC5jb20iLCJyb2xlIjoiU3VwZXJBZG1pbiIsIk9yZ2FuaXphdGlvbklkIjoiMiIsIk9yZ2FuaXphdGlvbkxvZ28iOiIvdXBsb2Fkcy9vcmctbG9nb3Mvb3JnLWxvZ28tNTg3M2M0NzVkOTFkNGJiZDkwNDZkZWVjNjY3ZDEzNmMuanBnIiwibmJmIjoxNzc1ODg0NzIwLCJleHAiOjE3NzU5NzExMjAsImlhdCI6MTc3NTg4NDcyMCwiaXNzIjoiUHJvRGVzWC1CYWNrZW5kIiwiYXVkIjoiUHJvRGVzWC1Gcm9udGVuZCJ9.sL2f_5v0c3udnDmtp_q1dUpnJOf3WLte114Eb7kpnDI - null null
2026-04-11 11:03:24.168 [INF] Microsoft.AspNetCore.Cors.Infrastructure.CorsService | CORS policy execution successful.
2026-04-11 11:03:24.168 [INF] Microsoft.AspNetCore.Routing.EndpointMiddleware | Executing endpoint '/hubs/employees'
2026-04-11 11:03:24.191 [INF] Microsoft.AspNetCore.Hosting.Diagnostics | Request starting HTTP/1.1 GET http://localhost:5217/hubs/employees?id=UWnjOGRge1fEIg9clzcL_Q&access_token=eyJhbGciOiJIUzI1NiIsInR5cCI6IkpXVCJ9.eyJuYW1laWQiOiIxOCIsInVuaXF1ZV9uYW1lIjoidmFzYW50aGFrdW1hciIsImVtYWlsIjoidmFzYW50aDIwMDR2a0BnbWFpbC5jb20iLCJyb2xlIjoiU3VwZXJBZG1pbiIsIk9yZ2FuaXphdGlvbklkIjoiMiIsIk9yZ2FuaXphdGlvbkxvZ28iOiIvdXBsb2Fkcy9vcmctbG9nb3Mvb3JnLWxvZ28tNTg3M2M0NzVkOTFkNGJiZDkwNDZkZWVjNjY3ZDEzNmMuanBnIiwibmJmIjoxNzc1ODg0NzIwLCJleHAiOjE3NzU5NzExMjAsImlhdCI6MTc3NTg4NDcyMCwiaXNzIjoiUHJvRGVzWC1CYWNrZW5kIiwiYXVkIjoiUHJvRGVzWC1Gcm9udGVuZCJ9.sL2f_5v0c3udnDmtp_q1dUpnJOf3WLte114Eb7kpnDI - null null
2026-04-11 11:03:24.191 [INF] Microsoft.AspNetCore.Cors.Infrastructure.CorsService | CORS policy execution successful.
2026-04-11 11:03:24.191 [INF] Microsoft.AspNetCore.Routing.EndpointMiddleware | Executing endpoint '/hubs/employees'
2026-04-11 11:05:29.151 [INF] Microsoft.AspNetCore.Routing.EndpointMiddleware | Executed endpoint '/hubs/employees'
2026-04-11 11:05:29.151 [INF] Serilog.AspNetCore.RequestLoggingMiddleware | HTTP GET /hubs/employees → 101 (124952.3ms)
2026-04-11 11:05:29.151 [INF] Microsoft.AspNetCore.Hosting.Diagnostics | Request finished HTTP/1.1 GET http://localhost:5217/hubs/employees?id=UWnjOGRge1fEIg9clzcL_Q&access_token=eyJhbGciOiJIUzI1NiIsInR5cCI6IkpXVCJ9.eyJuYW1laWQiOiIxOCIsInVuaXF1ZV9uYW1lIjoidmFzYW50aGFrdW1hciIsImVtYWlsIjoidmFzYW50aDIwMDR2a0BnbWFpbC5jb20iLCJyb2xlIjoiU3VwZXJBZG1pbiIsIk9yZ2FuaXphdGlvbklkIjoiMiIsIk9yZ2FuaXphdGlvbkxvZ28iOiIvdXBsb2Fkcy9vcmctbG9nb3Mvb3JnLWxvZ28tNTg3M2M0NzVkOTFkNGJiZDkwNDZkZWVjNjY3ZDEzNmMuanBnIiwibmJmIjoxNzc1ODg0NzIwLCJleHAiOjE3NzU5NzExMjAsImlhdCI6MTc3NTg4NDcyMCwiaXNzIjoiUHJvRGVzWC1CYWNrZW5kIiwiYXVkIjoiUHJvRGVzWC1Gcm9udGVuZCJ9.sL2f_5v0c3udnDmtp_q1dUpnJOf3WLte114Eb7kpnDI - 101 null null 124952.7023ms
2026-04-11 11:05:29.151 [INF] Microsoft.AspNetCore.Routing.EndpointMiddleware | Executed endpoint '/hubs/employees'
2026-04-11 11:05:29.151 [INF] Serilog.AspNetCore.RequestLoggingMiddleware | HTTP GET /hubs/employees → 101 (124975.6ms)
2026-04-11 11:05:29.151 [INF] Microsoft.AspNetCore.Hosting.Diagnostics | Request finished HTTP/1.1 GET http://localhost:5217/hubs/employees?id=KpdSV_F2P-X3wT5h4RBljw&access_token=eyJhbGciOiJIUzI1NiIsInR5cCI6IkpXVCJ9.eyJuYW1laWQiOiIxOCIsInVuaXF1ZV9uYW1lIjoidmFzYW50aGFrdW1hciIsImVtYWlsIjoidmFzYW50aDIwMDR2a0BnbWFpbC5jb20iLCJyb2xlIjoiU3VwZXJBZG1pbiIsIk9yZ2FuaXphdGlvbklkIjoiMiIsIk9yZ2FuaXphdGlvbkxvZ28iOiIvdXBsb2Fkcy9vcmctbG9nb3Mvb3JnLWxvZ28tNTg3M2M0NzVkOTFkNGJiZDkwNDZkZWVjNjY3ZDEzNmMuanBnIiwibmJmIjoxNzc1ODg0NzIwLCJleHAiOjE3NzU5NzExMjAsImlhdCI6MTc3NTg4NDcyMCwiaXNzIjoiUHJvRGVzWC1CYWNrZW5kIiwiYXVkIjoiUHJvRGVzWC1Gcm9udGVuZCJ9.sL2f_5v0c3udnDmtp_q1dUpnJOf3WLte114Eb7kpnDI - 101 null null 124976.1497ms
2026-04-11 11:05:29.157 [INF] Microsoft.AspNetCore.Hosting.Diagnostics | Request starting HTTP/1.1 OPTIONS http://localhost:5217/hubs/employees/negotiate?negotiateVersion=1 - null null
2026-04-11 11:05:29.157 [INF] Microsoft.AspNetCore.Cors.Infrastructure.CorsService | CORS policy execution successful.
2026-04-11 11:05:29.157 [INF] Microsoft.AspNetCore.Hosting.Diagnostics | Request finished HTTP/1.1 OPTIONS http://localhost:5217/hubs/employees/negotiate?negotiateVersion=1 - 204 null null 0.152ms
2026-04-11 11:05:29.161 [INF] Microsoft.AspNetCore.Hosting.Diagnostics | Request starting HTTP/1.1 OPTIONS http://localhost:5217/hubs/employees/negotiate?negotiateVersion=1 - null null
2026-04-11 11:05:29.161 [INF] Microsoft.AspNetCore.Cors.Infrastructure.CorsService | CORS policy execution successful.
2026-04-11 11:05:29.162 [INF] Microsoft.AspNetCore.Hosting.Diagnostics | Request finished HTTP/1.1 OPTIONS http://localhost:5217/hubs/employees/negotiate?negotiateVersion=1 - 204 null null 0.1443ms
2026-04-11 11:05:29.162 [INF] Microsoft.AspNetCore.Hosting.Diagnostics | Request starting HTTP/1.1 POST http://localhost:5217/hubs/employees/negotiate?negotiateVersion=1 - text/plain;charset=UTF-8 0
2026-04-11 11:05:29.162 [INF] Microsoft.AspNetCore.Cors.Infrastructure.CorsService | CORS policy execution successful.
2026-04-11 11:05:29.162 [INF] Microsoft.AspNetCore.Routing.EndpointMiddleware | Executing endpoint '/hubs/employees/negotiate'
2026-04-11 11:05:29.162 [INF] Microsoft.AspNetCore.Routing.EndpointMiddleware | Executed endpoint '/hubs/employees/negotiate'
2026-04-11 11:05:29.162 [INF] Serilog.AspNetCore.RequestLoggingMiddleware | HTTP POST /hubs/employees/negotiate → 200 (0.2ms)
2026-04-11 11:05:29.162 [INF] Microsoft.AspNetCore.Hosting.Diagnostics | Request finished HTTP/1.1 POST http://localhost:5217/hubs/employees/negotiate?negotiateVersion=1 - 200 316 application/json 0.5074ms
2026-04-11 11:05:29.164 [INF] Microsoft.AspNetCore.Hosting.Diagnostics | Request starting HTTP/1.1 POST http://localhost:5217/hubs/employees/negotiate?negotiateVersion=1 - text/plain;charset=UTF-8 0
2026-04-11 11:05:29.164 [INF] Microsoft.AspNetCore.Cors.Infrastructure.CorsService | CORS policy execution successful.
2026-04-11 11:05:29.164 [INF] Microsoft.AspNetCore.Routing.EndpointMiddleware | Executing endpoint '/hubs/employees/negotiate'
2026-04-11 11:05:29.164 [INF] Microsoft.AspNetCore.Routing.EndpointMiddleware | Executed endpoint '/hubs/employees/negotiate'
2026-04-11 11:05:29.164 [INF] Serilog.AspNetCore.RequestLoggingMiddleware | HTTP POST /hubs/employees/negotiate → 200 (0.1ms)
2026-04-11 11:05:29.164 [INF] Microsoft.AspNetCore.Hosting.Diagnostics | Request finished HTTP/1.1 POST http://localhost:5217/hubs/employees/negotiate?negotiateVersion=1 - 200 316 application/json 0.4625ms
2026-04-11 11:05:29.172 [INF] Microsoft.AspNetCore.Hosting.Diagnostics | Request starting HTTP/1.1 GET http://localhost:5217/hubs/employees?id=hgjMc_VsY8d5xvYpuBTN1Q&access_token=eyJhbGciOiJIUzI1NiIsInR5cCI6IkpXVCJ9.eyJuYW1laWQiOiIxOCIsInVuaXF1ZV9uYW1lIjoidmFzYW50aGFrdW1hciIsImVtYWlsIjoidmFzYW50aDIwMDR2a0BnbWFpbC5jb20iLCJyb2xlIjoiU3VwZXJBZG1pbiIsIk9yZ2FuaXphdGlvbklkIjoiMiIsIk9yZ2FuaXphdGlvbkxvZ28iOiIvdXBsb2Fkcy9vcmctbG9nb3Mvb3JnLWxvZ28tNTg3M2M0NzVkOTFkNGJiZDkwNDZkZWVjNjY3ZDEzNmMuanBnIiwibmJmIjoxNzc1ODg0NzIwLCJleHAiOjE3NzU5NzExMjAsImlhdCI6MTc3NTg4NDcyMCwiaXNzIjoiUHJvRGVzWC1CYWNrZW5kIiwiYXVkIjoiUHJvRGVzWC1Gcm9udGVuZCJ9.sL2f_5v0c3udnDmtp_q1dUpnJOf3WLte114Eb7kpnDI - null null
2026-04-11 11:05:29.172 [INF] Microsoft.AspNetCore.Cors.Infrastructure.CorsService | CORS policy execution successful.
2026-04-11 11:05:29.173 [INF] Microsoft.AspNetCore.Routing.EndpointMiddleware | Executing endpoint '/hubs/employees'
2026-04-11 11:05:29.198 [INF] Microsoft.AspNetCore.Hosting.Diagnostics | Request starting HTTP/1.1 GET http://localhost:5217/hubs/employees?id=-tuVYFM1BTCkNyedP5Z1zA&access_token=eyJhbGciOiJIUzI1NiIsInR5cCI6IkpXVCJ9.eyJuYW1laWQiOiIxOCIsInVuaXF1ZV9uYW1lIjoidmFzYW50aGFrdW1hciIsImVtYWlsIjoidmFzYW50aDIwMDR2a0BnbWFpbC5jb20iLCJyb2xlIjoiU3VwZXJBZG1pbiIsIk9yZ2FuaXphdGlvbklkIjoiMiIsIk9yZ2FuaXphdGlvbkxvZ28iOiIvdXBsb2Fkcy9vcmctbG9nb3Mvb3JnLWxvZ28tNTg3M2M0NzVkOTFkNGJiZDkwNDZkZWVjNjY3ZDEzNmMuanBnIiwibmJmIjoxNzc1ODg0NzIwLCJleHAiOjE3NzU5NzExMjAsImlhdCI6MTc3NTg4NDcyMCwiaXNzIjoiUHJvRGVzWC1CYWNrZW5kIiwiYXVkIjoiUHJvRGVzWC1Gcm9udGVuZCJ9.sL2f_5v0c3udnDmtp_q1dUpnJOf3WLte114Eb7kpnDI - null null
2026-04-11 11:05:29.198 [INF] Microsoft.AspNetCore.Cors.Infrastructure.CorsService | CORS policy execution successful.
2026-04-11 11:05:29.198 [INF] Microsoft.AspNetCore.Routing.EndpointMiddleware | Executing endpoint '/hubs/employees'
2026-04-11 11:07:33.157 [INF] Microsoft.AspNetCore.Routing.EndpointMiddleware | Executed endpoint '/hubs/employees'
2026-04-11 11:07:33.157 [INF] Serilog.AspNetCore.RequestLoggingMiddleware | HTTP GET /hubs/employees → 101 (123977.1ms)
2026-04-11 11:07:33.157 [INF] Microsoft.AspNetCore.Hosting.Diagnostics | Request finished HTTP/1.1 GET http://localhost:5217/hubs/employees?id=hgjMc_VsY8d5xvYpuBTN1Q&access_token=eyJhbGciOiJIUzI1NiIsInR5cCI6IkpXVCJ9.eyJuYW1laWQiOiIxOCIsInVuaXF1ZV9uYW1lIjoidmFzYW50aGFrdW1hciIsImVtYWlsIjoidmFzYW50aDIwMDR2a0BnbWFpbC5jb20iLCJyb2xlIjoiU3VwZXJBZG1pbiIsIk9yZ2FuaXphdGlvbklkIjoiMiIsIk9yZ2FuaXphdGlvbkxvZ28iOiIvdXBsb2Fkcy9vcmctbG9nb3Mvb3JnLWxvZ28tNTg3M2M0NzVkOTFkNGJiZDkwNDZkZWVjNjY3ZDEzNmMuanBnIiwibmJmIjoxNzc1ODg0NzIwLCJleHAiOjE3NzU5NzExMjAsImlhdCI6MTc3NTg4NDcyMCwiaXNzIjoiUHJvRGVzWC1CYWNrZW5kIiwiYXVkIjoiUHJvRGVzWC1Gcm9udGVuZCJ9.sL2f_5v0c3udnDmtp_q1dUpnJOf3WLte114Eb7kpnDI - 101 null null 123977.5424ms
2026-04-11 11:07:33.157 [INF] Microsoft.AspNetCore.Routing.EndpointMiddleware | Executed endpoint '/hubs/employees'
2026-04-11 11:07:33.157 [INF] Serilog.AspNetCore.RequestLoggingMiddleware | HTTP GET /hubs/employees → 101 (123952.2ms)
2026-04-11 11:07:33.157 [INF] Microsoft.AspNetCore.Hosting.Diagnostics | Request finished HTTP/1.1 GET http://localhost:5217/hubs/employees?id=-tuVYFM1BTCkNyedP5Z1zA&access_token=eyJhbGciOiJIUzI1NiIsInR5cCI6IkpXVCJ9.eyJuYW1laWQiOiIxOCIsInVuaXF1ZV9uYW1lIjoidmFzYW50aGFrdW1hciIsImVtYWlsIjoidmFzYW50aDIwMDR2a0BnbWFpbC5jb20iLCJyb2xlIjoiU3VwZXJBZG1pbiIsIk9yZ2FuaXphdGlvbklkIjoiMiIsIk9yZ2FuaXphdGlvbkxvZ28iOiIvdXBsb2Fkcy9vcmctbG9nb3Mvb3JnLWxvZ28tNTg3M2M0NzVkOTFkNGJiZDkwNDZkZWVjNjY3ZDEzNmMuanBnIiwibmJmIjoxNzc1ODg0NzIwLCJleHAiOjE3NzU5NzExMjAsImlhdCI6MTc3NTg4NDcyMCwiaXNzIjoiUHJvRGVzWC1CYWNrZW5kIiwiYXVkIjoiUHJvRGVzWC1Gcm9udGVuZCJ9.sL2f_5v0c3udnDmtp_q1dUpnJOf3WLte114Eb7kpnDI - 101 null null 123952.5407ms
2026-04-11 11:07:33.167 [INF] Microsoft.AspNetCore.Hosting.Diagnostics | Request starting HTTP/1.1 OPTIONS http://localhost:5217/hubs/employees/negotiate?negotiateVersion=1 - null null
2026-04-11 11:07:33.167 [INF] Microsoft.AspNetCore.Cors.Infrastructure.CorsService | CORS policy execution successful.
2026-04-11 11:07:33.167 [INF] Microsoft.AspNetCore.Hosting.Diagnostics | Request finished HTTP/1.1 OPTIONS http://localhost:5217/hubs/employees/negotiate?negotiateVersion=1 - 204 null null 0.1573ms
2026-04-11 11:07:33.171 [INF] Microsoft.AspNetCore.Hosting.Diagnostics | Request starting HTTP/1.1 POST http://localhost:5217/hubs/employees/negotiate?negotiateVersion=1 - text/plain;charset=UTF-8 0
2026-04-11 11:07:33.171 [INF] Microsoft.AspNetCore.Cors.Infrastructure.CorsService | CORS policy execution successful.
2026-04-11 11:07:33.171 [INF] Microsoft.AspNetCore.Routing.EndpointMiddleware | Executing endpoint '/hubs/employees/negotiate'
2026-04-11 11:07:33.171 [INF] Microsoft.AspNetCore.Routing.EndpointMiddleware | Executed endpoint '/hubs/employees/negotiate'
2026-04-11 11:07:33.171 [INF] Serilog.AspNetCore.RequestLoggingMiddleware | HTTP POST /hubs/employees/negotiate → 200 (0.2ms)
2026-04-11 11:07:33.172 [INF] Microsoft.AspNetCore.Hosting.Diagnostics | Request finished HTTP/1.1 POST http://localhost:5217/hubs/employees/negotiate?negotiateVersion=1 - 200 316 application/json 0.7489ms
2026-04-11 11:07:33.189 [INF] Microsoft.AspNetCore.Hosting.Diagnostics | Request starting HTTP/1.1 POST http://localhost:5217/hubs/employees/negotiate?negotiateVersion=1 - text/plain;charset=UTF-8 0
2026-04-11 11:07:33.189 [INF] Microsoft.AspNetCore.Cors.Infrastructure.CorsService | CORS policy execution successful.
2026-04-11 11:07:33.190 [INF] Microsoft.AspNetCore.Routing.EndpointMiddleware | Executing endpoint '/hubs/employees/negotiate'
2026-04-11 11:07:33.190 [INF] Microsoft.AspNetCore.Routing.EndpointMiddleware | Executed endpoint '/hubs/employees/negotiate'
2026-04-11 11:07:33.190 [INF] Serilog.AspNetCore.RequestLoggingMiddleware | HTTP POST /hubs/employees/negotiate → 200 (0.2ms)
2026-04-11 11:07:33.190 [INF] Microsoft.AspNetCore.Hosting.Diagnostics | Request finished HTTP/1.1 POST http://localhost:5217/hubs/employees/negotiate?negotiateVersion=1 - 200 316 application/json 0.6312ms
2026-04-11 11:07:33.198 [INF] Microsoft.AspNetCore.Hosting.Diagnostics | Request starting HTTP/1.1 GET http://localhost:5217/hubs/employees?id=XfjShTqGfACAEibh96EQNA&access_token=eyJhbGciOiJIUzI1NiIsInR5cCI6IkpXVCJ9.eyJuYW1laWQiOiIxOCIsInVuaXF1ZV9uYW1lIjoidmFzYW50aGFrdW1hciIsImVtYWlsIjoidmFzYW50aDIwMDR2a0BnbWFpbC5jb20iLCJyb2xlIjoiU3VwZXJBZG1pbiIsIk9yZ2FuaXphdGlvbklkIjoiMiIsIk9yZ2FuaXphdGlvbkxvZ28iOiIvdXBsb2Fkcy9vcmctbG9nb3Mvb3JnLWxvZ28tNTg3M2M0NzVkOTFkNGJiZDkwNDZkZWVjNjY3ZDEzNmMuanBnIiwibmJmIjoxNzc1ODg0NzIwLCJleHAiOjE3NzU5NzExMjAsImlhdCI6MTc3NTg4NDcyMCwiaXNzIjoiUHJvRGVzWC1CYWNrZW5kIiwiYXVkIjoiUHJvRGVzWC1Gcm9udGVuZCJ9.sL2f_5v0c3udnDmtp_q1dUpnJOf3WLte114Eb7kpnDI - null null
2026-04-11 11:07:33.198 [INF] Microsoft.AspNetCore.Cors.Infrastructure.CorsService | CORS policy execution successful.
2026-04-11 11:07:33.199 [INF] Microsoft.AspNetCore.Routing.EndpointMiddleware | Executing endpoint '/hubs/employees'
2026-04-11 11:07:33.211 [INF] Microsoft.AspNetCore.Hosting.Diagnostics | Request starting HTTP/1.1 GET http://localhost:5217/hubs/employees?id=7qcQdHYdUoipVwpDT3lh2g&access_token=eyJhbGciOiJIUzI1NiIsInR5cCI6IkpXVCJ9.eyJuYW1laWQiOiIxOCIsInVuaXF1ZV9uYW1lIjoidmFzYW50aGFrdW1hciIsImVtYWlsIjoidmFzYW50aDIwMDR2a0BnbWFpbC5jb20iLCJyb2xlIjoiU3VwZXJBZG1pbiIsIk9yZ2FuaXphdGlvbklkIjoiMiIsIk9yZ2FuaXphdGlvbkxvZ28iOiIvdXBsb2Fkcy9vcmctbG9nb3Mvb3JnLWxvZ28tNTg3M2M0NzVkOTFkNGJiZDkwNDZkZWVjNjY3ZDEzNmMuanBnIiwibmJmIjoxNzc1ODg0NzIwLCJleHAiOjE3NzU5NzExMjAsImlhdCI6MTc3NTg4NDcyMCwiaXNzIjoiUHJvRGVzWC1CYWNrZW5kIiwiYXVkIjoiUHJvRGVzWC1Gcm9udGVuZCJ9.sL2f_5v0c3udnDmtp_q1dUpnJOf3WLte114Eb7kpnDI - null null
2026-04-11 11:07:33.211 [INF] Microsoft.AspNetCore.Cors.Infrastructure.CorsService | CORS policy execution successful.
2026-04-11 11:07:33.212 [INF] Microsoft.AspNetCore.Routing.EndpointMiddleware | Executing endpoint '/hubs/employees'
2026-04-11 11:08:29.585 [INF] Microsoft.AspNetCore.Hosting.Diagnostics | Request starting HTTP/1.1 OPTIONS http://localhost:5217/api/employees/32 - null null
2026-04-11 11:08:29.585 [INF] Microsoft.AspNetCore.Cors.Infrastructure.CorsService | CORS policy execution successful.
2026-04-11 11:08:29.585 [INF] Microsoft.AspNetCore.Hosting.Diagnostics | Request finished HTTP/1.1 OPTIONS http://localhost:5217/api/employees/32 - 204 null null 0.1476ms
2026-04-11 11:08:29.587 [INF] Microsoft.AspNetCore.Hosting.Diagnostics | Request starting HTTP/1.1 PUT http://localhost:5217/api/employees/32 - application/json 637
2026-04-11 11:08:29.587 [INF] Microsoft.AspNetCore.Cors.Infrastructure.CorsService | CORS policy execution successful.
2026-04-11 11:08:29.587 [INF] Microsoft.AspNetCore.Routing.EndpointMiddleware | Executing endpoint 'backend.Controllers.EmployeesController.UpdateEmployee (backend)'
2026-04-11 11:08:29.588 [INF] Microsoft.AspNetCore.Mvc.Infrastructure.ControllerActionInvoker | Route matched with {action = "UpdateEmployee", controller = "Employees"}. Executing controller action with signature System.Threading.Tasks.Task`1[Microsoft.AspNetCore.Mvc.IActionResult] UpdateEmployee(Int32, backend.Models.CreateEmployeeRequest) on controller backend.Controllers.EmployeesController (backend).
2026-04-11 11:08:29.588 [INF] backend.Controllers.EmployeesController | [Employees] UPDATE | Id=32 | Name=pin | TargetOrgId=2 | UserOrgId=2
2026-04-11 11:08:30.107 [ERR] backend.Controllers.EmployeesController | [Employees] UPDATE failed | Id=32
Microsoft.Data.SqlClient.SqlException (0x80131904): Procedure or function sp_UpdateEmployee has too many arguments specified.
   at Microsoft.Data.SqlClient.SqlConnection.OnError(SqlException exception, Boolean breakConnection, Action`1 wrapCloseInAction)
   at Microsoft.Data.SqlClient.SqlInternalConnection.OnError(SqlException exception, Boolean breakConnection, Action`1 wrapCloseInAction)
   at Microsoft.Data.SqlClient.TdsParser.ThrowExceptionAndWarning(TdsParserStateObject stateObj, SqlCommand command, Boolean callerHasConnectionLock, Boolean asyncClose)
   at Microsoft.Data.SqlClient.TdsParser.TryRun(RunBehavior runBehavior, SqlCommand cmdHandler, SqlDataReader dataStream, BulkCopySimpleResultSet bulkCopyHandler, TdsParserStateObject stateObj, Boolean& dataReady)
   at Microsoft.Data.SqlClient.SqlCommand.FinishExecuteReader(SqlDataReader ds, RunBehavior runBehavior, String resetOptionsString, Boolean isInternal, Boolean forDescribeParameterEncryption, Boolean shouldCacheForAlwaysEncrypted)
   at Microsoft.Data.SqlClient.SqlCommand.CompleteAsyncExecuteReader(Boolean isInternal, Boolean forDescribeParameterEncryption)
   at Microsoft.Data.SqlClient.SqlCommand.InternalEndExecuteNonQuery(IAsyncResult asyncResult, Boolean isInternal, String endMethod)
   at Microsoft.Data.SqlClient.SqlCommand.EndExecuteNonQueryInternal(IAsyncResult asyncResult)
   at Microsoft.Data.SqlClient.SqlCommand.EndExecuteNonQueryAsync(IAsyncResult asyncResult)
   at Microsoft.Data.SqlClient.SqlCommand.<>c.<InternalExecuteNonQueryAsync>b__193_1(IAsyncResult asyncResult)
   at System.Threading.Tasks.TaskFactory`1.FromAsyncCoreLogic(IAsyncResult iar, Func`2 endFunction, Action`1 endAction, Task`1 promise, Boolean requiresSynchronization)
--- End of stack trace from previous location ---
   at Dapper.SqlMapper.ExecuteImplAsync(IDbConnection cnn, CommandDefinition command, Object param) in /_/Dapper/SqlMapper.Async.cs:line 662
   at backend.Controllers.EmployeesController.UpdateEmployee(Int32 id, CreateEmployeeRequest req) in C:\Repos_Work\Prodesx_HRM_Mobile_Application\backend\Controllers\EmployeesController.cs:line 197
ClientConnectionId:089ab7b6-766b-4a75-a0d5-e4a185a2b179
Error Number:8144,State:2,Class:16
2026-04-11 11:08:30.109 [INF] Microsoft.AspNetCore.Mvc.Infrastructure.ObjectResultExecutor | Executing ObjectResult, writing value of type 'System.String'.
2026-04-11 11:08:30.109 [INF] Microsoft.AspNetCore.Mvc.Infrastructure.ControllerActionInvoker | Executed action backend.Controllers.EmployeesController.UpdateEmployee (backend) in 521.0319ms
2026-04-11 11:08:30.109 [INF] Microsoft.AspNetCore.Routing.EndpointMiddleware | Executed endpoint 'backend.Controllers.EmployeesController.UpdateEmployee (backend)'
2026-04-11 11:08:30.109 [ERR] Serilog.AspNetCore.RequestLoggingMiddleware | HTTP PUT /api/employees/32 → 500 (521.3ms)
2026-04-11 11:08:30.109 [INF] Microsoft.AspNetCore.Hosting.Diagnostics | Request finished HTTP/1.1 PUT http://localhost:5217/api/employees/32 - 500 null text/plain; charset=utf-8 521.7726ms
2026-04-11 11:08:41.153 [INF] Microsoft.AspNetCore.Routing.EndpointMiddleware | Executed endpoint '/hubs/employees'
2026-04-11 11:08:41.153 [INF] Serilog.AspNetCore.RequestLoggingMiddleware | HTTP GET /hubs/employees → 101 (67950.6ms)
2026-04-11 11:08:41.153 [INF] Microsoft.AspNetCore.Hosting.Diagnostics | Request finished HTTP/1.1 GET http://localhost:5217/hubs/employees?id=XfjShTqGfACAEibh96EQNA&access_token=eyJhbGciOiJIUzI1NiIsInR5cCI6IkpXVCJ9.eyJuYW1laWQiOiIxOCIsInVuaXF1ZV9uYW1lIjoidmFzYW50aGFrdW1hciIsImVtYWlsIjoidmFzYW50aDIwMDR2a0BnbWFpbC5jb20iLCJyb2xlIjoiU3VwZXJBZG1pbiIsIk9yZ2FuaXphdGlvbklkIjoiMiIsIk9yZ2FuaXphdGlvbkxvZ28iOiIvdXBsb2Fkcy9vcmctbG9nb3Mvb3JnLWxvZ28tNTg3M2M0NzVkOTFkNGJiZDkwNDZkZWVjNjY3ZDEzNmMuanBnIiwibmJmIjoxNzc1ODg0NzIwLCJleHAiOjE3NzU5NzExMjAsImlhdCI6MTc3NTg4NDcyMCwiaXNzIjoiUHJvRGVzWC1CYWNrZW5kIiwiYXVkIjoiUHJvRGVzWC1Gcm9udGVuZCJ9.sL2f_5v0c3udnDmtp_q1dUpnJOf3WLte114Eb7kpnDI - 101 null null 67950.9995ms
2026-04-11 11:08:41.156 [INF] Microsoft.AspNetCore.Routing.EndpointMiddleware | Executed endpoint '/hubs/employees'
2026-04-11 11:08:41.156 [INF] Serilog.AspNetCore.RequestLoggingMiddleware | HTTP GET /hubs/employees → 101 (67940.1ms)
2026-04-11 11:08:41.156 [INF] Microsoft.AspNetCore.Hosting.Diagnostics | Request finished HTTP/1.1 GET http://localhost:5217/hubs/employees?id=7qcQdHYdUoipVwpDT3lh2g&access_token=eyJhbGciOiJIUzI1NiIsInR5cCI6IkpXVCJ9.eyJuYW1laWQiOiIxOCIsInVuaXF1ZV9uYW1lIjoidmFzYW50aGFrdW1hciIsImVtYWlsIjoidmFzYW50aDIwMDR2a0BnbWFpbC5jb20iLCJyb2xlIjoiU3VwZXJBZG1pbiIsIk9yZ2FuaXphdGlvbklkIjoiMiIsIk9yZ2FuaXphdGlvbkxvZ28iOiIvdXBsb2Fkcy9vcmctbG9nb3Mvb3JnLWxvZ28tNTg3M2M0NzVkOTFkNGJiZDkwNDZkZWVjNjY3ZDEzNmMuanBnIiwibmJmIjoxNzc1ODg0NzIwLCJleHAiOjE3NzU5NzExMjAsImlhdCI6MTc3NTg4NDcyMCwiaXNzIjoiUHJvRGVzWC1CYWNrZW5kIiwiYXVkIjoiUHJvRGVzWC1Gcm9udGVuZCJ9.sL2f_5v0c3udnDmtp_q1dUpnJOf3WLte114Eb7kpnDI - 101 null null 67940.5039ms
2026-04-11 11:10:08.160 [INF] Microsoft.AspNetCore.Hosting.Diagnostics | Request starting HTTP/1.1 OPTIONS http://localhost:5217/api/auth/login - null null
2026-04-11 11:10:08.160 [INF] Microsoft.AspNetCore.Cors.Infrastructure.CorsService | CORS policy execution successful.
2026-04-11 11:10:08.160 [INF] Microsoft.AspNetCore.Hosting.Diagnostics | Request finished HTTP/1.1 OPTIONS http://localhost:5217/api/auth/login - 204 null null 0.2142ms
2026-04-11 11:10:08.161 [INF] Microsoft.AspNetCore.Hosting.Diagnostics | Request starting HTTP/1.1 POST http://localhost:5217/api/auth/login - application/json 62
2026-04-11 11:10:08.162 [INF] Microsoft.AspNetCore.Cors.Infrastructure.CorsService | CORS policy execution successful.
2026-04-11 11:10:08.163 [INF] Microsoft.AspNetCore.Routing.EndpointMiddleware | Executing endpoint 'backend.Controllers.AuthController.Login (backend)'
2026-04-11 11:10:08.169 [INF] Microsoft.AspNetCore.Mvc.Infrastructure.ControllerActionInvoker | Route matched with {action = "Login", controller = "Auth"}. Executing controller action with signature System.Threading.Tasks.Task`1[Microsoft.AspNetCore.Mvc.IActionResult] Login(backend.Models.LoginRequest) on controller backend.Controllers.AuthController (backend).
2026-04-11 11:10:08.177 [INF] backend.Controllers.AuthController | [Auth] Login attempt | Email=vasanth2004vk@gmail.com
2026-04-11 11:10:08.576 [INF] backend.Controllers.AuthController | [Auth] User login session recorded | UserId=18 | TokenExpiry="2026-04-12T05:40:08.5353951Z"
2026-04-11 11:10:08.576 [INF] backend.Controllers.AuthController | [Auth] Login SUCCESS | Email=vasanth2004vk@gmail.com | EffectiveRole=SuperAdmin | OrgId=2
2026-04-11 11:10:08.577 [INF] Microsoft.AspNetCore.Mvc.Infrastructure.ObjectResultExecutor | Executing OkObjectResult, writing value of type '<>f__AnonymousType23`2[[System.String, System.Private.CoreLib, Version=10.0.0.0, Culture=neutral, PublicKeyToken=7cec85d7bea7798e],[<>f__AnonymousType24`6[[System.Int32, System.Private.CoreLib, Version=10.0.0.0, Culture=neutral, PublicKeyToken=7cec85d7bea7798e],[System.String, System.Private.CoreLib, Version=10.0.0.0, Culture=neutral, PublicKeyToken=7cec85d7bea7798e],[System.String, System.Private.CoreLib, Version=10.0.0.0, Culture=neutral, PublicKeyToken=7cec85d7bea7798e],[System.String, System.Private.CoreLib, Version=10.0.0.0, Culture=neutral, PublicKeyToken=7cec85d7bea7798e],[System.Nullable`1[[System.Int32, System.Private.CoreLib, Version=10.0.0.0, Culture=neutral, PublicKeyToken=7cec85d7bea7798e]], System.Private.CoreLib, Version=10.0.0.0, Culture=neutral, PublicKeyToken=7cec85d7bea7798e],[System.String, System.Private.CoreLib, Version=10.0.0.0, Culture=neutral, PublicKeyToken=7cec85d7bea7798e]], backend, Version=1.0.0.0, Culture=neutral, PublicKeyToken=null]]'.
2026-04-11 11:10:08.582 [INF] Microsoft.AspNetCore.Mvc.Infrastructure.ControllerActionInvoker | Executed action backend.Controllers.AuthController.Login (backend) in 413.0139ms
2026-04-11 11:10:08.582 [INF] Microsoft.AspNetCore.Routing.EndpointMiddleware | Executed endpoint 'backend.Controllers.AuthController.Login (backend)'
2026-04-11 11:10:08.582 [INF] Serilog.AspNetCore.RequestLoggingMiddleware | HTTP POST /api/auth/login → 200 (419.9ms)
2026-04-11 11:10:08.583 [INF] Microsoft.AspNetCore.Hosting.Diagnostics | Request finished HTTP/1.1 POST http://localhost:5217/api/auth/login - 200 null application/json; charset=utf-8 421.3696ms
2026-04-11 11:10:08.597 [INF] Microsoft.AspNetCore.Hosting.Diagnostics | Request starting HTTP/1.1 OPTIONS http://localhost:5217/api/users/organizations - null null
2026-04-11 11:10:08.597 [INF] Microsoft.AspNetCore.Cors.Infrastructure.CorsService | CORS policy execution successful.
2026-04-11 11:10:08.597 [INF] Microsoft.AspNetCore.Hosting.Diagnostics | Request finished HTTP/1.1 OPTIONS http://localhost:5217/api/users/organizations - 204 null null 0.1231ms
2026-04-11 11:10:08.598 [INF] Microsoft.AspNetCore.Hosting.Diagnostics | Request starting HTTP/1.1 GET http://localhost:5217/api/users/organizations - null null
2026-04-11 11:10:08.598 [INF] Microsoft.AspNetCore.Cors.Infrastructure.CorsService | CORS policy execution successful.
2026-04-11 11:10:08.599 [INF] Microsoft.AspNetCore.Routing.EndpointMiddleware | Executing endpoint 'backend.Controllers.UsersController.GetOrganizations (backend)'
2026-04-11 11:10:08.599 [INF] Microsoft.AspNetCore.Mvc.Infrastructure.ControllerActionInvoker | Route matched with {action = "GetOrganizations", controller = "Users"}. Executing controller action with signature System.Threading.Tasks.Task`1[Microsoft.AspNetCore.Mvc.IActionResult] GetOrganizations() on controller backend.Controllers.UsersController (backend).
2026-04-11 11:10:08.599 [INF] backend.Controllers.UsersController | [Users] GET organizations | Role=SuperAdmin | UserId=18
2026-04-11 11:10:08.617 [INF] Microsoft.AspNetCore.Mvc.Infrastructure.ObjectResultExecutor | Executing OkObjectResult, writing value of type 'System.Collections.Generic.List`1[[backend.Models.Organization, backend, Version=1.0.0.0, Culture=neutral, PublicKeyToken=null]]'.
2026-04-11 11:10:08.618 [INF] Microsoft.AspNetCore.Mvc.Infrastructure.ControllerActionInvoker | Executed action backend.Controllers.UsersController.GetOrganizations (backend) in 18.8815ms
2026-04-11 11:10:08.618 [INF] Microsoft.AspNetCore.Routing.EndpointMiddleware | Executed endpoint 'backend.Controllers.UsersController.GetOrganizations (backend)'
2026-04-11 11:10:08.618 [INF] Serilog.AspNetCore.RequestLoggingMiddleware | HTTP GET /api/users/organizations → 200 (19.1ms)
2026-04-11 11:10:08.618 [INF] Microsoft.AspNetCore.Hosting.Diagnostics | Request finished HTTP/1.1 GET http://localhost:5217/api/users/organizations - 200 null application/json; charset=utf-8 19.4078ms
2026-04-11 11:10:08.979 [INF] Microsoft.AspNetCore.Hosting.Diagnostics | Request starting HTTP/1.1 GET http://localhost:5217/uploads/org-logos/org-logo-5873c475d91d4bbd9046deec667d136c.jpg - null null
2026-04-11 11:10:08.983 [INF] Microsoft.AspNetCore.Cors.Infrastructure.CorsService | CORS policy execution successful.
2026-04-11 11:10:08.992 [INF] Microsoft.AspNetCore.StaticFiles.StaticFileMiddleware | The file /uploads/org-logos/org-logo-5873c475d91d4bbd9046deec667d136c.jpg was not modified
2026-04-11 11:10:08.992 [INF] Microsoft.AspNetCore.Hosting.Diagnostics | Request finished HTTP/1.1 GET http://localhost:5217/uploads/org-logos/org-logo-5873c475d91d4bbd9046deec667d136c.jpg - 304 null image/jpeg 13.0844ms
2026-04-11 11:10:09.007 [INF] Microsoft.AspNetCore.Hosting.Diagnostics | Request starting HTTP/1.1 OPTIONS http://localhost:5217/api/organizations - null null
2026-04-11 11:10:09.007 [INF] Microsoft.AspNetCore.Cors.Infrastructure.CorsService | CORS policy execution successful.
2026-04-11 11:10:09.007 [INF] Microsoft.AspNetCore.Hosting.Diagnostics | Request finished HTTP/1.1 OPTIONS http://localhost:5217/api/organizations - 204 null null 0.127ms
2026-04-11 11:10:09.008 [INF] Microsoft.AspNetCore.Hosting.Diagnostics | Request starting HTTP/1.1 GET http://localhost:5217/api/organizations - application/json null
2026-04-11 11:10:09.008 [INF] Microsoft.AspNetCore.Cors.Infrastructure.CorsService | CORS policy execution successful.
2026-04-11 11:10:09.009 [INF] Microsoft.AspNetCore.Routing.EndpointMiddleware | Executing endpoint 'backend.Controllers.OrganizationsController.GetOrganizations (backend)'
2026-04-11 11:10:09.009 [INF] Microsoft.AspNetCore.Mvc.Infrastructure.ControllerActionInvoker | Route matched with {action = "GetOrganizations", controller = "Organizations"}. Executing controller action with signature System.Threading.Tasks.Task`1[Microsoft.AspNetCore.Mvc.IActionResult] GetOrganizations() on controller backend.Controllers.OrganizationsController (backend).
2026-04-11 11:10:09.009 [INF] backend.Controllers.OrganizationsController | [Orgs] GET all requested | Role=SuperAdmin | UserId=18
2026-04-11 11:10:09.020 [INF] Microsoft.AspNetCore.Mvc.Infrastructure.ObjectResultExecutor | Executing OkObjectResult, writing value of type 'System.Collections.Generic.List`1[[backend.Models.Organization, backend, Version=1.0.0.0, Culture=neutral, PublicKeyToken=null]]'.
2026-04-11 11:10:09.020 [INF] Microsoft.AspNetCore.Mvc.Infrastructure.ControllerActionInvoker | Executed action backend.Controllers.OrganizationsController.GetOrganizations (backend) in 11.0101ms
2026-04-11 11:10:09.020 [INF] Microsoft.AspNetCore.Routing.EndpointMiddleware | Executed endpoint 'backend.Controllers.OrganizationsController.GetOrganizations (backend)'
2026-04-11 11:10:09.020 [INF] Serilog.AspNetCore.RequestLoggingMiddleware | HTTP GET /api/organizations → 200 (11.2ms)
2026-04-11 11:10:09.020 [INF] Microsoft.AspNetCore.Hosting.Diagnostics | Request finished HTTP/1.1 GET http://localhost:5217/api/organizations - 200 null application/json; charset=utf-8 11.5022ms
2026-04-11 11:10:09.060 [INF] Microsoft.AspNetCore.Hosting.Diagnostics | Request starting HTTP/1.1 OPTIONS http://localhost:5217/api/leads - null null
2026-04-11 11:10:09.060 [INF] Microsoft.AspNetCore.Cors.Infrastructure.CorsService | CORS policy execution successful.
2026-04-11 11:10:09.060 [INF] Microsoft.AspNetCore.Hosting.Diagnostics | Request finished HTTP/1.1 OPTIONS http://localhost:5217/api/leads - 204 null null 0.1708ms
2026-04-11 11:10:09.064 [INF] Microsoft.AspNetCore.Hosting.Diagnostics | Request starting HTTP/1.1 GET http://localhost:5217/api/leads - application/json null
2026-04-11 11:10:09.064 [INF] Microsoft.AspNetCore.Cors.Infrastructure.CorsService | CORS policy execution successful.
2026-04-11 11:10:09.065 [INF] Microsoft.AspNetCore.Routing.EndpointMiddleware | Executing endpoint 'backend.Controllers.LeadsController.GetLeads (backend)'
2026-04-11 11:10:09.065 [INF] Microsoft.AspNetCore.Mvc.Infrastructure.ControllerActionInvoker | Route matched with {action = "GetLeads", controller = "Leads"}. Executing controller action with signature System.Threading.Tasks.Task`1[System.Collections.Generic.IEnumerable`1[backend.Models.Lead]] GetLeads() on controller backend.Controllers.LeadsController (backend).
2026-04-11 11:10:09.084 [INF] Microsoft.AspNetCore.Mvc.Infrastructure.ObjectResultExecutor | Executing ObjectResult, writing value of type 'System.Collections.Generic.List`1[[backend.Models.Lead, backend, Version=1.0.0.0, Culture=neutral, PublicKeyToken=null]]'.
2026-04-11 11:10:09.084 [INF] Microsoft.AspNetCore.Mvc.Infrastructure.ControllerActionInvoker | Executed action backend.Controllers.LeadsController.GetLeads (backend) in 19.0615ms
2026-04-11 11:10:09.084 [INF] Microsoft.AspNetCore.Routing.EndpointMiddleware | Executed endpoint 'backend.Controllers.LeadsController.GetLeads (backend)'
2026-04-11 11:10:09.084 [INF] Serilog.AspNetCore.RequestLoggingMiddleware | HTTP GET /api/leads → 200 (19.3ms)
2026-04-11 11:10:09.084 [INF] Microsoft.AspNetCore.Hosting.Diagnostics | Request finished HTTP/1.1 GET http://localhost:5217/api/leads - 200 null application/json; charset=utf-8 19.7923ms
2026-04-11 11:10:09.161 [INF] Microsoft.AspNetCore.Hosting.Diagnostics | Request starting HTTP/1.1 OPTIONS http://localhost:5217/api/employees?organizationId=2 - null null
2026-04-11 11:10:09.161 [INF] Microsoft.AspNetCore.Cors.Infrastructure.CorsService | CORS policy execution successful.
2026-04-11 11:10:09.161 [INF] Microsoft.AspNetCore.Hosting.Diagnostics | Request finished HTTP/1.1 OPTIONS http://localhost:5217/api/employees?organizationId=2 - 204 null null 0.145ms
2026-04-11 11:10:09.163 [INF] Microsoft.AspNetCore.Hosting.Diagnostics | Request starting HTTP/1.1 GET http://localhost:5217/api/employees?organizationId=2 - application/json null
2026-04-11 11:10:09.163 [INF] Microsoft.AspNetCore.Cors.Infrastructure.CorsService | CORS policy execution successful.
2026-04-11 11:10:09.163 [INF] Microsoft.AspNetCore.Routing.EndpointMiddleware | Executing endpoint 'backend.Controllers.EmployeesController.GetEmployees (backend)'
2026-04-11 11:10:09.163 [INF] Microsoft.AspNetCore.Mvc.Infrastructure.ControllerActionInvoker | Route matched with {action = "GetEmployees", controller = "Employees"}. Executing controller action with signature System.Threading.Tasks.Task`1[Microsoft.AspNetCore.Mvc.IActionResult] GetEmployees(System.Nullable`1[System.Int32]) on controller backend.Controllers.EmployeesController (backend).
2026-04-11 11:10:09.163 [INF] backend.Controllers.EmployeesController | [Employees] GET all | TargetOrgId=2 | UserOrgId=2
2026-04-11 11:10:09.191 [INF] Microsoft.AspNetCore.Mvc.Infrastructure.ObjectResultExecutor | Executing OkObjectResult, writing value of type 'System.Collections.Generic.List`1[[backend.Models.Employee, backend, Version=1.0.0.0, Culture=neutral, PublicKeyToken=null]]'.
2026-04-11 11:10:09.192 [INF] Microsoft.AspNetCore.Mvc.Infrastructure.ControllerActionInvoker | Executed action backend.Controllers.EmployeesController.GetEmployees (backend) in 28.4036ms
2026-04-11 11:10:09.192 [INF] Microsoft.AspNetCore.Routing.EndpointMiddleware | Executed endpoint 'backend.Controllers.EmployeesController.GetEmployees (backend)'
2026-04-11 11:10:09.192 [INF] Serilog.AspNetCore.RequestLoggingMiddleware | HTTP GET /api/employees → 200 (28.6ms)
2026-04-11 11:10:09.192 [INF] Microsoft.AspNetCore.Hosting.Diagnostics | Request finished HTTP/1.1 GET http://localhost:5217/api/employees?organizationId=2 - 200 null application/json; charset=utf-8 28.9462ms
2026-04-11 11:10:09.208 [INF] Microsoft.AspNetCore.Hosting.Diagnostics | Request starting HTTP/1.1 OPTIONS http://localhost:5217/api/ShiftAssignments/roster?start=2026-04-11&end=2026-04-18&orgId=2 - null null
2026-04-11 11:10:09.208 [INF] Microsoft.AspNetCore.Cors.Infrastructure.CorsService | CORS policy execution successful.
2026-04-11 11:10:09.208 [INF] Microsoft.AspNetCore.Hosting.Diagnostics | Request finished HTTP/1.1 OPTIONS http://localhost:5217/api/ShiftAssignments/roster?start=2026-04-11&end=2026-04-18&orgId=2 - 204 null null 0.2192ms
2026-04-11 11:10:09.212 [INF] Microsoft.AspNetCore.Hosting.Diagnostics | Request starting HTTP/1.1 GET http://localhost:5217/api/ShiftAssignments/roster?start=2026-04-11&end=2026-04-18&orgId=2 - application/json null
2026-04-11 11:10:09.212 [INF] Microsoft.AspNetCore.Cors.Infrastructure.CorsService | CORS policy execution successful.
2026-04-11 11:10:09.212 [INF] Microsoft.AspNetCore.Routing.EndpointMiddleware | Executing endpoint 'backend.Controllers.ShiftAssignmentsController.GetMonthlyRosterFixed (backend)'
2026-04-11 11:10:09.212 [INF] Microsoft.AspNetCore.Mvc.Infrastructure.ControllerActionInvoker | Route matched with {action = "GetMonthlyRosterFixed", controller = "ShiftAssignments"}. Executing controller action with signature System.Threading.Tasks.Task`1[Microsoft.AspNetCore.Mvc.IActionResult] GetMonthlyRosterFixed(System.String, System.String, System.Nullable`1[System.Int32]) on controller backend.Controllers.ShiftAssignmentsController (backend).
2026-04-11 11:10:09.223 [INF] Microsoft.AspNetCore.Hosting.Diagnostics | Request starting HTTP/1.1 GET http://localhost:5217/uploads/employee-photos/emp-31.jpg - null null
2026-04-11 11:10:09.224 [INF] Microsoft.AspNetCore.Cors.Infrastructure.CorsService | CORS policy execution successful.
2026-04-11 11:10:09.224 [INF] Microsoft.AspNetCore.StaticFiles.StaticFileMiddleware | The file /uploads/employee-photos/emp-31.jpg was not modified
2026-04-11 11:10:09.224 [INF] Microsoft.AspNetCore.Hosting.Diagnostics | Request finished HTTP/1.1 GET http://localhost:5217/uploads/employee-photos/emp-31.jpg - 304 null image/jpeg 0.5832ms
2026-04-11 11:10:09.232 [INF] Microsoft.AspNetCore.Mvc.Infrastructure.ObjectResultExecutor | Executing OkObjectResult, writing value of type 'System.Collections.Generic.List`1[[backend.Models.EmployeeSchedule, backend, Version=1.0.0.0, Culture=neutral, PublicKeyToken=null]]'.
2026-04-11 11:10:09.233 [INF] Microsoft.AspNetCore.Mvc.Infrastructure.ControllerActionInvoker | Executed action backend.Controllers.ShiftAssignmentsController.GetMonthlyRosterFixed (backend) in 20.4995ms
2026-04-11 11:10:09.233 [INF] Microsoft.AspNetCore.Routing.EndpointMiddleware | Executed endpoint 'backend.Controllers.ShiftAssignmentsController.GetMonthlyRosterFixed (backend)'
2026-04-11 11:10:09.233 [INF] Serilog.AspNetCore.RequestLoggingMiddleware | HTTP GET /api/ShiftAssignments/roster → 200 (20.7ms)
2026-04-11 11:10:09.233 [INF] Microsoft.AspNetCore.Hosting.Diagnostics | Request finished HTTP/1.1 GET http://localhost:5217/api/ShiftAssignments/roster?start=2026-04-11&end=2026-04-18&orgId=2 - 200 null application/json; charset=utf-8 21.156ms
2026-04-11 11:10:09.253 [INF] Microsoft.AspNetCore.Hosting.Diagnostics | Request starting HTTP/1.1 OPTIONS http://localhost:5217/api/Attendance/status?employeeId=31&orgId=2 - null null
2026-04-11 11:10:09.253 [INF] Microsoft.AspNetCore.Cors.Infrastructure.CorsService | CORS policy execution successful.
2026-04-11 11:10:09.253 [INF] Microsoft.AspNetCore.Hosting.Diagnostics | Request finished HTTP/1.1 OPTIONS http://localhost:5217/api/Attendance/status?employeeId=31&orgId=2 - 204 null null 0.2718ms
2026-04-11 11:10:09.254 [INF] Microsoft.AspNetCore.Hosting.Diagnostics | Request starting HTTP/1.1 GET http://localhost:5217/api/Attendance/status?employeeId=31&orgId=2 - application/json null
2026-04-11 11:10:09.254 [INF] Microsoft.AspNetCore.Cors.Infrastructure.CorsService | CORS policy execution successful.
2026-04-11 11:10:09.254 [INF] Microsoft.AspNetCore.Routing.EndpointMiddleware | Executing endpoint 'backend.Controllers.AttendanceController.GetStatus (backend)'
2026-04-11 11:10:09.254 [INF] Microsoft.AspNetCore.Mvc.Infrastructure.ControllerActionInvoker | Route matched with {action = "GetStatus", controller = "Attendance"}. Executing controller action with signature System.Threading.Tasks.Task`1[Microsoft.AspNetCore.Mvc.IActionResult] GetStatus(Int32, Int32) on controller backend.Controllers.AttendanceController (backend).
2026-04-11 11:10:09.269 [ERR] backend.Controllers.AttendanceController | Error getting attendance status
Microsoft.Data.SqlClient.SqlException (0x80131904): Invalid column name 'FN'.
Invalid column name 'AN'.
   at System.Threading.Tasks.ContinuationResultTaskFromResultTask`2.InnerInvoke()
   at System.Threading.ExecutionContext.RunInternal(ExecutionContext executionContext, ContextCallback callback, Object state)
--- End of stack trace from previous location ---
   at System.Threading.ExecutionContext.RunInternal(ExecutionContext executionContext, ContextCallback callback, Object state)
   at System.Threading.Tasks.Task.ExecuteWithThreadLocal(Task& currentTaskSlot, Thread threadPoolThread)
--- End of stack trace from previous location ---
   at Dapper.SqlMapper.QueryRowAsync[T](IDbConnection cnn, Row row, Type effectiveType, CommandDefinition command) in /_/Dapper/SqlMapper.Async.cs:line 489
   at backend.Controllers.AttendanceController.GetStatus(Int32 employeeId, Int32 orgId) in C:\Repos_Work\Prodesx_HRM_Mobile_Application\backend\Controllers\AttendanceController.cs:line 235
ClientConnectionId:089ab7b6-766b-4a75-a0d5-e4a185a2b179
Error Number:207,State:1,Class:16
2026-04-11 11:10:09.271 [INF] Microsoft.AspNetCore.Mvc.Infrastructure.ObjectResultExecutor | Executing ObjectResult, writing value of type 'System.String'.
2026-04-11 11:10:09.271 [INF] Microsoft.AspNetCore.Mvc.Infrastructure.ControllerActionInvoker | Executed action backend.Controllers.AttendanceController.GetStatus (backend) in 16.4078ms
2026-04-11 11:10:09.271 [INF] Microsoft.AspNetCore.Routing.EndpointMiddleware | Executed endpoint 'backend.Controllers.AttendanceController.GetStatus (backend)'
2026-04-11 11:10:09.271 [ERR] Serilog.AspNetCore.RequestLoggingMiddleware | HTTP GET /api/Attendance/status → 500 (16.6ms)
2026-04-11 11:10:09.271 [INF] Microsoft.AspNetCore.Hosting.Diagnostics | Request finished HTTP/1.1 GET http://localhost:5217/api/Attendance/status?employeeId=31&orgId=2 - 500 null text/plain; charset=utf-8 17.0425ms
2026-04-11 11:10:18.211 [INF] Microsoft.AspNetCore.Hosting.Diagnostics | Request starting HTTP/1.1 OPTIONS http://localhost:5217/api/users/organizations - null null
2026-04-11 11:10:18.211 [INF] Microsoft.AspNetCore.Cors.Infrastructure.CorsService | CORS policy execution successful.
2026-04-11 11:10:18.211 [INF] Microsoft.AspNetCore.Hosting.Diagnostics | Request finished HTTP/1.1 OPTIONS http://localhost:5217/api/users/organizations - 204 null null 0.23ms
2026-04-11 11:10:18.213 [INF] Microsoft.AspNetCore.Hosting.Diagnostics | Request starting HTTP/1.1 GET http://localhost:5217/api/users/organizations - null null
2026-04-11 11:10:18.213 [INF] Microsoft.AspNetCore.Cors.Infrastructure.CorsService | CORS policy execution successful.
2026-04-11 11:10:18.213 [INF] Microsoft.AspNetCore.Routing.EndpointMiddleware | Executing endpoint 'backend.Controllers.UsersController.GetOrganizations (backend)'
2026-04-11 11:10:18.214 [INF] Microsoft.AspNetCore.Mvc.Infrastructure.ControllerActionInvoker | Route matched with {action = "GetOrganizations", controller = "Users"}. Executing controller action with signature System.Threading.Tasks.Task`1[Microsoft.AspNetCore.Mvc.IActionResult] GetOrganizations() on controller backend.Controllers.UsersController (backend).
2026-04-11 11:10:18.214 [INF] backend.Controllers.UsersController | [Users] GET organizations | Role=SuperAdmin | UserId=18
2026-04-11 11:10:18.225 [INF] Microsoft.AspNetCore.Mvc.Infrastructure.ObjectResultExecutor | Executing OkObjectResult, writing value of type 'System.Collections.Generic.List`1[[backend.Models.Organization, backend, Version=1.0.0.0, Culture=neutral, PublicKeyToken=null]]'.
2026-04-11 11:10:18.226 [INF] Microsoft.AspNetCore.Mvc.Infrastructure.ControllerActionInvoker | Executed action backend.Controllers.UsersController.GetOrganizations (backend) in 12.0628ms
2026-04-11 11:10:18.226 [INF] Microsoft.AspNetCore.Routing.EndpointMiddleware | Executed endpoint 'backend.Controllers.UsersController.GetOrganizations (backend)'
2026-04-11 11:10:18.226 [INF] Serilog.AspNetCore.RequestLoggingMiddleware | HTTP GET /api/users/organizations → 200 (12.4ms)
2026-04-11 11:10:18.226 [INF] Microsoft.AspNetCore.Hosting.Diagnostics | Request finished HTTP/1.1 GET http://localhost:5217/api/users/organizations - 200 null application/json; charset=utf-8 12.7653ms
2026-04-11 11:10:18.246 [INF] Microsoft.AspNetCore.Hosting.Diagnostics | Request starting HTTP/1.1 OPTIONS http://localhost:5217/api/designations?organizationId=2 - null null
2026-04-11 11:10:18.246 [INF] Microsoft.AspNetCore.Cors.Infrastructure.CorsService | CORS policy execution successful.
2026-04-11 11:10:18.246 [INF] Microsoft.AspNetCore.Hosting.Diagnostics | Request finished HTTP/1.1 OPTIONS http://localhost:5217/api/designations?organizationId=2 - 204 null null 0.1205ms
2026-04-11 11:10:18.246 [INF] Microsoft.AspNetCore.Hosting.Diagnostics | Request starting HTTP/1.1 OPTIONS http://localhost:5217/api/departments?organizationId=2 - null null
2026-04-11 11:10:18.246 [INF] Microsoft.AspNetCore.Cors.Infrastructure.CorsService | CORS policy execution successful.
2026-04-11 11:10:18.246 [INF] Microsoft.AspNetCore.Hosting.Diagnostics | Request finished HTTP/1.1 OPTIONS http://localhost:5217/api/departments?organizationId=2 - 204 null null 0.0407ms
2026-04-11 11:10:18.247 [INF] Microsoft.AspNetCore.Hosting.Diagnostics | Request starting HTTP/1.1 GET http://localhost:5217/api/designations?organizationId=2 - application/json null
2026-04-11 11:10:18.247 [INF] Microsoft.AspNetCore.Hosting.Diagnostics | Request starting HTTP/1.1 GET http://localhost:5217/api/departments?organizationId=2 - null null
2026-04-11 11:10:18.247 [INF] Microsoft.AspNetCore.Cors.Infrastructure.CorsService | CORS policy execution successful.
2026-04-11 11:10:18.247 [INF] Microsoft.AspNetCore.Cors.Infrastructure.CorsService | CORS policy execution successful.
2026-04-11 11:10:18.247 [INF] Microsoft.AspNetCore.Routing.EndpointMiddleware | Executing endpoint 'backend.Controllers.DesignationController.GetDesignations (backend)'
2026-04-11 11:10:18.247 [INF] Microsoft.AspNetCore.Routing.EndpointMiddleware | Executing endpoint 'backend.Controllers.DepartmentController.GetDepartments (backend)'
2026-04-11 11:10:18.247 [INF] Microsoft.AspNetCore.Mvc.Infrastructure.ControllerActionInvoker | Route matched with {action = "GetDesignations", controller = "Designation"}. Executing controller action with signature System.Threading.Tasks.Task`1[Microsoft.AspNetCore.Mvc.IActionResult] GetDesignations(System.Nullable`1[System.Int32]) on controller backend.Controllers.DesignationController (backend).
2026-04-11 11:10:18.247 [INF] Microsoft.AspNetCore.Mvc.Infrastructure.ControllerActionInvoker | Route matched with {action = "GetDepartments", controller = "Department"}. Executing controller action with signature System.Threading.Tasks.Task`1[Microsoft.AspNetCore.Mvc.IActionResult] GetDepartments(System.Nullable`1[System.Int32]) on controller backend.Controllers.DepartmentController (backend).
2026-04-11 11:10:18.263 [INF] backend.Controllers.DesignationController | Fetched 8 designations for OrgId 2
2026-04-11 11:10:18.263 [INF] Microsoft.AspNetCore.Mvc.Infrastructure.ObjectResultExecutor | Executing OkObjectResult, writing value of type 'System.Collections.Generic.List`1[[backend.Models.Designation, backend, Version=1.0.0.0, Culture=neutral, PublicKeyToken=null]]'.
2026-04-11 11:10:18.263 [INF] Microsoft.AspNetCore.Mvc.Infrastructure.ControllerActionInvoker | Executed action backend.Controllers.DesignationController.GetDesignations (backend) in 15.6082ms
2026-04-11 11:10:18.263 [INF] Microsoft.AspNetCore.Routing.EndpointMiddleware | Executed endpoint 'backend.Controllers.DesignationController.GetDesignations (backend)'
2026-04-11 11:10:18.263 [INF] Serilog.AspNetCore.RequestLoggingMiddleware | HTTP GET /api/designations → 200 (15.8ms)
2026-04-11 11:10:18.263 [INF] Microsoft.AspNetCore.Hosting.Diagnostics | Request finished HTTP/1.1 GET http://localhost:5217/api/designations?organizationId=2 - 200 null application/json; charset=utf-8 16.0739ms
2026-04-11 11:10:18.304 [INF] Microsoft.AspNetCore.Mvc.Infrastructure.ObjectResultExecutor | Executing OkObjectResult, writing value of type 'System.Collections.Generic.List`1[[backend.Models.Department, backend, Version=1.0.0.0, Culture=neutral, PublicKeyToken=null]]'.
2026-04-11 11:10:18.305 [INF] Microsoft.AspNetCore.Mvc.Infrastructure.ControllerActionInvoker | Executed action backend.Controllers.DepartmentController.GetDepartments (backend) in 57.141ms
2026-04-11 11:10:18.305 [INF] Microsoft.AspNetCore.Routing.EndpointMiddleware | Executed endpoint 'backend.Controllers.DepartmentController.GetDepartments (backend)'
2026-04-11 11:10:18.305 [INF] Serilog.AspNetCore.RequestLoggingMiddleware | HTTP GET /api/departments → 200 (57.3ms)
2026-04-11 11:10:18.305 [INF] Microsoft.AspNetCore.Hosting.Diagnostics | Request finished HTTP/1.1 GET http://localhost:5217/api/departments?organizationId=2 - 200 null application/json; charset=utf-8 57.6742ms
2026-04-11 11:10:18.327 [INF] Microsoft.AspNetCore.Hosting.Diagnostics | Request starting HTTP/1.1 OPTIONS http://localhost:5217/api/employees?organizationId=2 - null null
2026-04-11 11:10:18.327 [INF] Microsoft.AspNetCore.Cors.Infrastructure.CorsService | CORS policy execution successful.
2026-04-11 11:10:18.327 [INF] Microsoft.AspNetCore.Hosting.Diagnostics | Request finished HTTP/1.1 OPTIONS http://localhost:5217/api/employees?organizationId=2 - 204 null null 0.128ms
2026-04-11 11:10:18.328 [INF] Microsoft.AspNetCore.Hosting.Diagnostics | Request starting HTTP/1.1 GET http://localhost:5217/api/departments?organizationId=2 - null null
2026-04-11 11:10:18.328 [INF] Microsoft.AspNetCore.Hosting.Diagnostics | Request starting HTTP/1.1 GET http://localhost:5217/api/designations?organizationId=2 - application/json null
2026-04-11 11:10:18.328 [INF] Microsoft.AspNetCore.Cors.Infrastructure.CorsService | CORS policy execution successful.
2026-04-11 11:10:18.328 [INF] Microsoft.AspNetCore.Cors.Infrastructure.CorsService | CORS policy execution successful.
2026-04-11 11:10:18.328 [INF] Microsoft.AspNetCore.Routing.EndpointMiddleware | Executing endpoint 'backend.Controllers.DesignationController.GetDesignations (backend)'
2026-04-11 11:10:18.328 [INF] Microsoft.AspNetCore.Routing.EndpointMiddleware | Executing endpoint 'backend.Controllers.DepartmentController.GetDepartments (backend)'
2026-04-11 11:10:18.328 [INF] Microsoft.AspNetCore.Mvc.Infrastructure.ControllerActionInvoker | Route matched with {action = "GetDepartments", controller = "Department"}. Executing controller action with signature System.Threading.Tasks.Task`1[Microsoft.AspNetCore.Mvc.IActionResult] GetDepartments(System.Nullable`1[System.Int32]) on controller backend.Controllers.DepartmentController (backend).
2026-04-11 11:10:18.328 [INF] Microsoft.AspNetCore.Mvc.Infrastructure.ControllerActionInvoker | Route matched with {action = "GetDesignations", controller = "Designation"}. Executing controller action with signature System.Threading.Tasks.Task`1[Microsoft.AspNetCore.Mvc.IActionResult] GetDesignations(System.Nullable`1[System.Int32]) on controller backend.Controllers.DesignationController (backend).
2026-04-11 11:10:18.329 [INF] Microsoft.AspNetCore.Hosting.Diagnostics | Request starting HTTP/1.1 GET http://localhost:5217/api/employees?organizationId=2 - application/json null
2026-04-11 11:10:18.329 [INF] Microsoft.AspNetCore.Cors.Infrastructure.CorsService | CORS policy execution successful.
2026-04-11 11:10:18.329 [INF] Microsoft.AspNetCore.Routing.EndpointMiddleware | Executing endpoint 'backend.Controllers.EmployeesController.GetEmployees (backend)'
2026-04-11 11:10:18.329 [INF] Microsoft.AspNetCore.Mvc.Infrastructure.ControllerActionInvoker | Route matched with {action = "GetEmployees", controller = "Employees"}. Executing controller action with signature System.Threading.Tasks.Task`1[Microsoft.AspNetCore.Mvc.IActionResult] GetEmployees(System.Nullable`1[System.Int32]) on controller backend.Controllers.EmployeesController (backend).
2026-04-11 11:10:18.330 [INF] backend.Controllers.EmployeesController | [Employees] GET all | TargetOrgId=2 | UserOrgId=2
2026-04-11 11:10:18.339 [INF] backend.Controllers.DesignationController | Fetched 8 designations for OrgId 2
2026-04-11 11:10:18.339 [INF] Microsoft.AspNetCore.Mvc.Infrastructure.ObjectResultExecutor | Executing OkObjectResult, writing value of type 'System.Collections.Generic.List`1[[backend.Models.Designation, backend, Version=1.0.0.0, Culture=neutral, PublicKeyToken=null]]'.
2026-04-11 11:10:18.339 [INF] Microsoft.AspNetCore.Mvc.Infrastructure.ObjectResultExecutor | Executing OkObjectResult, writing value of type 'System.Collections.Generic.List`1[[backend.Models.Department, backend, Version=1.0.0.0, Culture=neutral, PublicKeyToken=null]]'.
2026-04-11 11:10:18.340 [INF] Microsoft.AspNetCore.Mvc.Infrastructure.ControllerActionInvoker | Executed action backend.Controllers.DepartmentController.GetDepartments (backend) in 11.1839ms
2026-04-11 11:10:18.340 [INF] Microsoft.AspNetCore.Mvc.Infrastructure.ControllerActionInvoker | Executed action backend.Controllers.DesignationController.GetDesignations (backend) in 11.1117ms
2026-04-11 11:10:18.340 [INF] Microsoft.AspNetCore.Routing.EndpointMiddleware | Executed endpoint 'backend.Controllers.DepartmentController.GetDepartments (backend)'
2026-04-11 11:10:18.340 [INF] Microsoft.AspNetCore.Routing.EndpointMiddleware | Executed endpoint 'backend.Controllers.DesignationController.GetDesignations (backend)'
2026-04-11 11:10:18.340 [INF] Serilog.AspNetCore.RequestLoggingMiddleware | HTTP GET /api/departments → 200 (11.4ms)
2026-04-11 11:10:18.340 [INF] Serilog.AspNetCore.RequestLoggingMiddleware | HTTP GET /api/designations → 200 (11.4ms)
2026-04-11 11:10:18.340 [INF] Microsoft.AspNetCore.Hosting.Diagnostics | Request finished HTTP/1.1 GET http://localhost:5217/api/designations?organizationId=2 - 200 null application/json; charset=utf-8 11.7876ms
2026-04-11 11:10:18.340 [INF] Microsoft.AspNetCore.Hosting.Diagnostics | Request finished HTTP/1.1 GET http://localhost:5217/api/departments?organizationId=2 - 200 null application/json; charset=utf-8 11.7861ms
2026-04-11 11:10:18.351 [INF] Microsoft.AspNetCore.Hosting.Diagnostics | Request starting HTTP/1.1 GET http://localhost:5217/uploads/org-logos/org-logo-f3e5c29a5727487a9d6c2a5527e8919d.png - null null
2026-04-11 11:10:18.351 [INF] Microsoft.AspNetCore.Cors.Infrastructure.CorsService | CORS policy execution successful.
2026-04-11 11:10:18.351 [INF] Microsoft.AspNetCore.StaticFiles.StaticFileMiddleware | The file /uploads/org-logos/org-logo-f3e5c29a5727487a9d6c2a5527e8919d.png was not modified
2026-04-11 11:10:18.351 [INF] Microsoft.AspNetCore.Hosting.Diagnostics | Request finished HTTP/1.1 GET http://localhost:5217/uploads/org-logos/org-logo-f3e5c29a5727487a9d6c2a5527e8919d.png - 304 null image/png 0.4475ms
2026-04-11 11:10:18.356 [INF] Microsoft.AspNetCore.Hosting.Diagnostics | Request starting HTTP/1.1 GET http://localhost:5217/uploads/org-logos/org-logo-6fcb4a5d7f2e442f800ddd9bde90c680.jpg - null null
2026-04-11 11:10:18.356 [INF] Microsoft.AspNetCore.Cors.Infrastructure.CorsService | CORS policy execution successful.
2026-04-11 11:10:18.356 [INF] Microsoft.AspNetCore.StaticFiles.StaticFileMiddleware | The file /uploads/org-logos/org-logo-6fcb4a5d7f2e442f800ddd9bde90c680.jpg was not modified
2026-04-11 11:10:18.356 [INF] Microsoft.AspNetCore.Hosting.Diagnostics | Request finished HTTP/1.1 GET http://localhost:5217/uploads/org-logos/org-logo-6fcb4a5d7f2e442f800ddd9bde90c680.jpg - 304 null image/jpeg 0.5018ms
2026-04-11 11:10:18.388 [INF] Microsoft.AspNetCore.Mvc.Infrastructure.ObjectResultExecutor | Executing OkObjectResult, writing value of type 'System.Collections.Generic.List`1[[backend.Models.Employee, backend, Version=1.0.0.0, Culture=neutral, PublicKeyToken=null]]'.
2026-04-11 11:10:18.388 [INF] Microsoft.AspNetCore.Mvc.Infrastructure.ControllerActionInvoker | Executed action backend.Controllers.EmployeesController.GetEmployees (backend) in 58.5564ms
2026-04-11 11:10:18.388 [INF] Microsoft.AspNetCore.Routing.EndpointMiddleware | Executed endpoint 'backend.Controllers.EmployeesController.GetEmployees (backend)'
2026-04-11 11:10:18.388 [INF] Serilog.AspNetCore.RequestLoggingMiddleware | HTTP GET /api/employees → 200 (58.7ms)
2026-04-11 11:10:18.388 [INF] Microsoft.AspNetCore.Hosting.Diagnostics | Request finished HTTP/1.1 GET http://localhost:5217/api/employees?organizationId=2 - 200 null application/json; charset=utf-8 58.9234ms
2026-04-11 11:10:18.637 [INF] Microsoft.AspNetCore.Hosting.Diagnostics | Request starting HTTP/1.1 GET http://localhost:5217/uploads/employee-photos/emp-28.jpg - null null
2026-04-11 11:10:18.637 [INF] Microsoft.AspNetCore.Cors.Infrastructure.CorsService | CORS policy execution successful.
2026-04-11 11:10:18.639 [INF] Serilog.AspNetCore.RequestLoggingMiddleware | HTTP GET /uploads/employee-photos/emp-28.jpg → 404 (0.1ms)
2026-04-11 11:10:18.639 [INF] Microsoft.AspNetCore.Hosting.Diagnostics | Request finished HTTP/1.1 GET http://localhost:5217/uploads/employee-photos/emp-28.jpg - 404 0 null 1.5351ms
2026-04-11 11:10:18.639 [INF] Microsoft.AspNetCore.Hosting.Diagnostics | Request starting HTTP/1.1 GET http://localhost:5217/uploads/employee-photos/emp-23.png - null null
2026-04-11 11:10:18.639 [INF] Microsoft.AspNetCore.Cors.Infrastructure.CorsService | CORS policy execution successful.
2026-04-11 11:10:18.639 [INF] Microsoft.AspNetCore.StaticFiles.StaticFileMiddleware | The file /uploads/employee-photos/emp-23.png was not modified
2026-04-11 11:10:18.639 [INF] Microsoft.AspNetCore.Hosting.Diagnostics | Request finished HTTP/1.1 GET http://localhost:5217/uploads/employee-photos/emp-23.png - 304 null image/png 0.3073ms
2026-04-11 11:10:18.639 [INF] Microsoft.AspNetCore.Hosting.Diagnostics | Request reached the end of the middleware pipeline without being handled by application code. Request path: GET http://localhost:5217/uploads/employee-photos/emp-28.jpg, Response status code: 404
2026-04-11 11:10:18.641 [INF] Microsoft.AspNetCore.Hosting.Diagnostics | Request starting HTTP/1.1 GET http://localhost:5217/uploads/employee-photos/emp-22.png - null null
2026-04-11 11:10:18.641 [INF] Microsoft.AspNetCore.Cors.Infrastructure.CorsService | CORS policy execution successful.
2026-04-11 11:10:18.641 [INF] Microsoft.AspNetCore.StaticFiles.StaticFileMiddleware | The file /uploads/employee-photos/emp-22.png was not modified
2026-04-11 11:10:18.641 [INF] Microsoft.AspNetCore.Hosting.Diagnostics | Request finished HTTP/1.1 GET http://localhost:5217/uploads/employee-photos/emp-22.png - 304 null image/png 0.3314ms
2026-04-11 11:10:18.682 [INF] Microsoft.AspNetCore.Hosting.Diagnostics | Request starting HTTP/1.1 OPTIONS http://localhost:5217/hubs/employees/negotiate?negotiateVersion=1 - null null
2026-04-11 11:10:18.682 [INF] Microsoft.AspNetCore.Cors.Infrastructure.CorsService | CORS policy execution successful.
2026-04-11 11:10:18.682 [INF] Microsoft.AspNetCore.Hosting.Diagnostics | Request finished HTTP/1.1 OPTIONS http://localhost:5217/hubs/employees/negotiate?negotiateVersion=1 - 204 null null 0.149ms
2026-04-11 11:10:18.683 [INF] Microsoft.AspNetCore.Hosting.Diagnostics | Request starting HTTP/1.1 OPTIONS http://localhost:5217/hubs/employees/negotiate?negotiateVersion=1 - null null
2026-04-11 11:10:18.683 [INF] Microsoft.AspNetCore.Cors.Infrastructure.CorsService | CORS policy execution successful.
2026-04-11 11:10:18.683 [INF] Microsoft.AspNetCore.Hosting.Diagnostics | Request finished HTTP/1.1 OPTIONS http://localhost:5217/hubs/employees/negotiate?negotiateVersion=1 - 204 null null 0.0708ms
2026-04-11 11:10:18.684 [INF] Microsoft.AspNetCore.Hosting.Diagnostics | Request starting HTTP/1.1 POST http://localhost:5217/hubs/employees/negotiate?negotiateVersion=1 - text/plain;charset=UTF-8 0
2026-04-11 11:10:18.684 [INF] Microsoft.AspNetCore.Cors.Infrastructure.CorsService | CORS policy execution successful.
2026-04-11 11:10:18.684 [INF] Microsoft.AspNetCore.Routing.EndpointMiddleware | Executing endpoint '/hubs/employees/negotiate'
2026-04-11 11:10:18.684 [INF] Microsoft.AspNetCore.Hosting.Diagnostics | Request starting HTTP/1.1 POST http://localhost:5217/hubs/employees/negotiate?negotiateVersion=1 - text/plain;charset=UTF-8 0
2026-04-11 11:10:18.684 [INF] Microsoft.AspNetCore.Cors.Infrastructure.CorsService | CORS policy execution successful.
2026-04-11 11:10:18.684 [INF] Microsoft.AspNetCore.Routing.EndpointMiddleware | Executed endpoint '/hubs/employees/negotiate'
2026-04-11 11:10:18.684 [INF] Serilog.AspNetCore.RequestLoggingMiddleware | HTTP POST /hubs/employees/negotiate → 200 (0.1ms)
2026-04-11 11:10:18.684 [INF] Microsoft.AspNetCore.Routing.EndpointMiddleware | Executing endpoint '/hubs/employees/negotiate'
2026-04-11 11:10:18.684 [INF] Microsoft.AspNetCore.Hosting.Diagnostics | Request finished HTTP/1.1 POST http://localhost:5217/hubs/employees/negotiate?negotiateVersion=1 - 200 316 application/json 0.3957ms
2026-04-11 11:10:18.684 [INF] Microsoft.AspNetCore.Routing.EndpointMiddleware | Executed endpoint '/hubs/employees/negotiate'
2026-04-11 11:10:18.684 [INF] Serilog.AspNetCore.RequestLoggingMiddleware | HTTP POST /hubs/employees/negotiate → 200 (0.1ms)
2026-04-11 11:10:18.684 [INF] Microsoft.AspNetCore.Hosting.Diagnostics | Request finished HTTP/1.1 POST http://localhost:5217/hubs/employees/negotiate?negotiateVersion=1 - 200 316 application/json 0.2187ms
2026-04-11 11:10:18.732 [INF] Microsoft.AspNetCore.Hosting.Diagnostics | Request starting HTTP/1.1 GET http://localhost:5217/hubs/employees?id=ktNLc-fXQZTjEYRm1-3SuA&access_token=eyJhbGciOiJIUzI1NiIsInR5cCI6IkpXVCJ9.eyJuYW1laWQiOiIxOCIsInVuaXF1ZV9uYW1lIjoidmFzYW50aGFrdW1hciIsImVtYWlsIjoidmFzYW50aDIwMDR2a0BnbWFpbC5jb20iLCJyb2xlIjoiU3VwZXJBZG1pbiIsIk9yZ2FuaXphdGlvbklkIjoiMiIsIk9yZ2FuaXphdGlvbkxvZ28iOiIvdXBsb2Fkcy9vcmctbG9nb3Mvb3JnLWxvZ28tNTg3M2M0NzVkOTFkNGJiZDkwNDZkZWVjNjY3ZDEzNmMuanBnIiwibmJmIjoxNzc1ODg2MDA4LCJleHAiOjE3NzU5NzI0MDgsImlhdCI6MTc3NTg4NjAwOCwiaXNzIjoiUHJvRGVzWC1CYWNrZW5kIiwiYXVkIjoiUHJvRGVzWC1Gcm9udGVuZCJ9.epHRJ10F0iRfdbu5v9Q-fOThe3gMPMdXX7_sNnzHut4 - null null
2026-04-11 11:10:18.732 [INF] Microsoft.AspNetCore.Cors.Infrastructure.CorsService | CORS policy execution successful.
2026-04-11 11:10:18.733 [INF] Microsoft.AspNetCore.Routing.EndpointMiddleware | Executing endpoint '/hubs/employees'
2026-04-11 11:10:18.749 [INF] Microsoft.AspNetCore.Hosting.Diagnostics | Request starting HTTP/1.1 GET http://localhost:5217/hubs/employees?id=pAuLp41UZiMW6FELNw7uRg&access_token=eyJhbGciOiJIUzI1NiIsInR5cCI6IkpXVCJ9.eyJuYW1laWQiOiIxOCIsInVuaXF1ZV9uYW1lIjoidmFzYW50aGFrdW1hciIsImVtYWlsIjoidmFzYW50aDIwMDR2a0BnbWFpbC5jb20iLCJyb2xlIjoiU3VwZXJBZG1pbiIsIk9yZ2FuaXphdGlvbklkIjoiMiIsIk9yZ2FuaXphdGlvbkxvZ28iOiIvdXBsb2Fkcy9vcmctbG9nb3Mvb3JnLWxvZ28tNTg3M2M0NzVkOTFkNGJiZDkwNDZkZWVjNjY3ZDEzNmMuanBnIiwibmJmIjoxNzc1ODg2MDA4LCJleHAiOjE3NzU5NzI0MDgsImlhdCI6MTc3NTg4NjAwOCwiaXNzIjoiUHJvRGVzWC1CYWNrZW5kIiwiYXVkIjoiUHJvRGVzWC1Gcm9udGVuZCJ9.epHRJ10F0iRfdbu5v9Q-fOThe3gMPMdXX7_sNnzHut4 - null null
2026-04-11 11:10:18.750 [INF] Microsoft.AspNetCore.Cors.Infrastructure.CorsService | CORS policy execution successful.
2026-04-11 11:10:18.750 [INF] Microsoft.AspNetCore.Routing.EndpointMiddleware | Executing endpoint '/hubs/employees'
2026-04-11 11:10:22.729 [INF] Microsoft.AspNetCore.Hosting.Diagnostics | Request starting HTTP/1.1 OPTIONS http://localhost:5217/api/DynamicForm/employee-fields?organizationId=2 - null null
2026-04-11 11:10:22.729 [INF] Microsoft.AspNetCore.Cors.Infrastructure.CorsService | CORS policy execution successful.
2026-04-11 11:10:22.729 [INF] Microsoft.AspNetCore.Hosting.Diagnostics | Request finished HTTP/1.1 OPTIONS http://localhost:5217/api/DynamicForm/employee-fields?organizationId=2 - 204 null null 0.191ms
2026-04-11 11:10:22.731 [INF] Microsoft.AspNetCore.Hosting.Diagnostics | Request starting HTTP/1.1 GET http://localhost:5217/api/DynamicForm/employee-fields?organizationId=2 - application/json null
2026-04-11 11:10:22.731 [INF] Microsoft.AspNetCore.Cors.Infrastructure.CorsService | CORS policy execution successful.
2026-04-11 11:10:22.732 [INF] Microsoft.AspNetCore.Routing.EndpointMiddleware | Executing endpoint 'backend.Controllers.DynamicFormController.GetEmployeeFields (backend)'
2026-04-11 11:10:22.732 [INF] Microsoft.AspNetCore.Mvc.Infrastructure.ControllerActionInvoker | Route matched with {action = "GetEmployeeFields", controller = "DynamicForm"}. Executing controller action with signature System.Threading.Tasks.Task`1[Microsoft.AspNetCore.Mvc.IActionResult] GetEmployeeFields(System.Nullable`1[System.Int32]) on controller backend.Controllers.DynamicFormController (backend).
2026-04-11 11:10:22.755 [INF] Microsoft.AspNetCore.Mvc.Infrastructure.ObjectResultExecutor | Executing OkObjectResult, writing value of type 'System.Collections.Generic.List`1[[System.Object, System.Private.CoreLib, Version=10.0.0.0, Culture=neutral, PublicKeyToken=7cec85d7bea7798e]]'.
2026-04-11 11:10:22.755 [INF] Microsoft.AspNetCore.Mvc.Infrastructure.ControllerActionInvoker | Executed action backend.Controllers.DynamicFormController.GetEmployeeFields (backend) in 23.1485ms
2026-04-11 11:10:22.755 [INF] Microsoft.AspNetCore.Routing.EndpointMiddleware | Executed endpoint 'backend.Controllers.DynamicFormController.GetEmployeeFields (backend)'
2026-04-11 11:10:22.755 [INF] Serilog.AspNetCore.RequestLoggingMiddleware | HTTP GET /api/DynamicForm/employee-fields → 200 (23.3ms)
2026-04-11 11:10:22.755 [INF] Microsoft.AspNetCore.Hosting.Diagnostics | Request finished HTTP/1.1 GET http://localhost:5217/api/DynamicForm/employee-fields?organizationId=2 - 200 null application/json; charset=utf-8 24.0879ms
2026-04-11 11:10:22.791 [INF] Microsoft.AspNetCore.Hosting.Diagnostics | Request starting HTTP/1.1 GET http://localhost:5217/api/designations?organizationId=2 - application/json null
2026-04-11 11:10:22.791 [INF] Microsoft.AspNetCore.Cors.Infrastructure.CorsService | CORS policy execution successful.
2026-04-11 11:10:22.791 [INF] Microsoft.AspNetCore.Hosting.Diagnostics | Request starting HTTP/1.1 GET http://localhost:5217/api/departments?organizationId=2 - null null
2026-04-11 11:10:22.791 [INF] Microsoft.AspNetCore.Cors.Infrastructure.CorsService | CORS policy execution successful.
2026-04-11 11:10:22.791 [INF] Microsoft.AspNetCore.Routing.EndpointMiddleware | Executing endpoint 'backend.Controllers.DepartmentController.GetDepartments (backend)'
2026-04-11 11:10:22.791 [INF] Microsoft.AspNetCore.Routing.EndpointMiddleware | Executing endpoint 'backend.Controllers.DesignationController.GetDesignations (backend)'
2026-04-11 11:10:22.791 [INF] Microsoft.AspNetCore.Mvc.Infrastructure.ControllerActionInvoker | Route matched with {action = "GetDepartments", controller = "Department"}. Executing controller action with signature System.Threading.Tasks.Task`1[Microsoft.AspNetCore.Mvc.IActionResult] GetDepartments(System.Nullable`1[System.Int32]) on controller backend.Controllers.DepartmentController (backend).
2026-04-11 11:10:22.791 [INF] Microsoft.AspNetCore.Mvc.Infrastructure.ControllerActionInvoker | Route matched with {action = "GetDesignations", controller = "Designation"}. Executing controller action with signature System.Threading.Tasks.Task`1[Microsoft.AspNetCore.Mvc.IActionResult] GetDesignations(System.Nullable`1[System.Int32]) on controller backend.Controllers.DesignationController (backend).
2026-04-11 11:10:22.802 [INF] Microsoft.AspNetCore.Mvc.Infrastructure.ObjectResultExecutor | Executing OkObjectResult, writing value of type 'System.Collections.Generic.List`1[[backend.Models.Department, backend, Version=1.0.0.0, Culture=neutral, PublicKeyToken=null]]'.
2026-04-11 11:10:22.802 [INF] Microsoft.AspNetCore.Mvc.Infrastructure.ControllerActionInvoker | Executed action backend.Controllers.DepartmentController.GetDepartments (backend) in 10.7365ms
2026-04-11 11:10:22.802 [INF] Microsoft.AspNetCore.Routing.EndpointMiddleware | Executed endpoint 'backend.Controllers.DepartmentController.GetDepartments (backend)'
2026-04-11 11:10:22.802 [INF] Serilog.AspNetCore.RequestLoggingMiddleware | HTTP GET /api/departments → 200 (10.9ms)
2026-04-11 11:10:22.802 [INF] Microsoft.AspNetCore.Hosting.Diagnostics | Request finished HTTP/1.1 GET http://localhost:5217/api/departments?organizationId=2 - 200 null application/json; charset=utf-8 11.0097ms
2026-04-11 11:10:22.804 [INF] backend.Controllers.DesignationController | Fetched 8 designations for OrgId 2
2026-04-11 11:10:22.804 [INF] Microsoft.AspNetCore.Mvc.Infrastructure.ObjectResultExecutor | Executing OkObjectResult, writing value of type 'System.Collections.Generic.List`1[[backend.Models.Designation, backend, Version=1.0.0.0, Culture=neutral, PublicKeyToken=null]]'.
2026-04-11 11:10:22.804 [INF] Microsoft.AspNetCore.Mvc.Infrastructure.ControllerActionInvoker | Executed action backend.Controllers.DesignationController.GetDesignations (backend) in 12.9207ms
2026-04-11 11:10:22.804 [INF] Microsoft.AspNetCore.Routing.EndpointMiddleware | Executed endpoint 'backend.Controllers.DesignationController.GetDesignations (backend)'
2026-04-11 11:10:22.804 [INF] Serilog.AspNetCore.RequestLoggingMiddleware | HTTP GET /api/designations → 200 (13.1ms)
2026-04-11 11:10:22.804 [INF] Microsoft.AspNetCore.Hosting.Diagnostics | Request finished HTTP/1.1 GET http://localhost:5217/api/designations?organizationId=2 - 200 null application/json; charset=utf-8 13.4893ms
2026-04-11 11:10:22.848 [INF] Microsoft.AspNetCore.Hosting.Diagnostics | Request starting HTTP/1.1 OPTIONS http://localhost:5217/api/employees/32/bank-details - null null
2026-04-11 11:10:22.848 [INF] Microsoft.AspNetCore.Cors.Infrastructure.CorsService | CORS policy execution successful.
2026-04-11 11:10:22.848 [INF] Microsoft.AspNetCore.Hosting.Diagnostics | Request finished HTTP/1.1 OPTIONS http://localhost:5217/api/employees/32/bank-details - 204 null null 0.164ms
2026-04-11 11:10:22.849 [INF] Microsoft.AspNetCore.Hosting.Diagnostics | Request starting HTTP/1.1 GET http://localhost:5217/api/employees/32/bank-details - application/json null
2026-04-11 11:10:22.849 [INF] Microsoft.AspNetCore.Cors.Infrastructure.CorsService | CORS policy execution successful.
2026-04-11 11:10:22.849 [INF] Microsoft.AspNetCore.Routing.EndpointMiddleware | Executing endpoint 'backend.Controllers.EmployeesController.GetBankDetails (backend)'
2026-04-11 11:10:22.849 [INF] Microsoft.AspNetCore.Mvc.Infrastructure.ControllerActionInvoker | Route matched with {action = "GetBankDetails", controller = "Employees"}. Executing controller action with signature System.Threading.Tasks.Task`1[Microsoft.AspNetCore.Mvc.IActionResult] GetBankDetails(Int32) on controller backend.Controllers.EmployeesController (backend).
2026-04-11 11:10:22.865 [INF] backend.Controllers.EmployeesController | [Employees] GET bank-details returned {"Id":19,"EmployeeId":32,"OrganizationId":2,"AccountNumber":123456789012,"AccountHolderName":"","Branch":null,"Ifsc":"","CreatedAt":"2026-03-24T12:59:16.1600000","UpdatedAt":"2026-03-24T12:59:16.1600000","CreatedBy":18,"LastUpdatedBy":18,"$type":"EmployeeAccountDetails"} for EmployeeId=32
2026-04-11 11:10:22.865 [INF] Microsoft.AspNetCore.Mvc.Infrastructure.ObjectResultExecutor | Executing OkObjectResult, writing value of type 'backend.Models.EmployeeAccountDetails'.
2026-04-11 11:10:22.866 [INF] Microsoft.AspNetCore.Mvc.Infrastructure.ControllerActionInvoker | Executed action backend.Controllers.EmployeesController.GetBankDetails (backend) in 16.1823ms
2026-04-11 11:10:22.866 [INF] Microsoft.AspNetCore.Routing.EndpointMiddleware | Executed endpoint 'backend.Controllers.EmployeesController.GetBankDetails (backend)'
2026-04-11 11:10:22.866 [INF] Serilog.AspNetCore.RequestLoggingMiddleware | HTTP GET /api/employees/32/bank-details → 200 (16.3ms)
2026-04-11 11:10:22.866 [INF] Microsoft.AspNetCore.Hosting.Diagnostics | Request finished HTTP/1.1 GET http://localhost:5217/api/employees/32/bank-details - 200 null application/json; charset=utf-8 16.6652ms
2026-04-11 11:10:38.452 [INF] Microsoft.AspNetCore.Hosting.Diagnostics | Request starting HTTP/1.1 OPTIONS http://localhost:5217/api/organizations - null null
2026-04-11 11:10:38.452 [INF] Microsoft.AspNetCore.Cors.Infrastructure.CorsService | CORS policy execution successful.
2026-04-11 11:10:38.452 [INF] Microsoft.AspNetCore.Hosting.Diagnostics | Request finished HTTP/1.1 OPTIONS http://localhost:5217/api/organizations - 204 null null 0.1472ms
2026-04-11 11:10:38.454 [INF] Microsoft.AspNetCore.Hosting.Diagnostics | Request starting HTTP/1.1 GET http://localhost:5217/api/organizations - application/json null
2026-04-11 11:10:38.455 [INF] Microsoft.AspNetCore.Cors.Infrastructure.CorsService | CORS policy execution successful.
2026-04-11 11:10:38.456 [INF] Microsoft.AspNetCore.Routing.EndpointMiddleware | Executing endpoint 'backend.Controllers.OrganizationsController.GetOrganizations (backend)'
2026-04-11 11:10:38.456 [INF] Microsoft.AspNetCore.Hosting.Diagnostics | Request starting HTTP/1.1 OPTIONS http://localhost:5217/api/users/organizations - null null
2026-04-11 11:10:38.456 [INF] Microsoft.AspNetCore.Cors.Infrastructure.CorsService | CORS policy execution successful.
2026-04-11 11:10:38.456 [INF] Microsoft.AspNetCore.Hosting.Diagnostics | Request finished HTTP/1.1 OPTIONS http://localhost:5217/api/users/organizations - 204 null null 0.0937ms
2026-04-11 11:10:38.456 [INF] Microsoft.AspNetCore.Mvc.Infrastructure.ControllerActionInvoker | Route matched with {action = "GetOrganizations", controller = "Organizations"}. Executing controller action with signature System.Threading.Tasks.Task`1[Microsoft.AspNetCore.Mvc.IActionResult] GetOrganizations() on controller backend.Controllers.OrganizationsController (backend).
2026-04-11 11:10:38.456 [INF] backend.Controllers.OrganizationsController | [Orgs] GET all requested | Role=SuperAdmin | UserId=18
2026-04-11 11:10:38.458 [INF] Microsoft.AspNetCore.Hosting.Diagnostics | Request starting HTTP/1.1 GET http://localhost:5217/api/users/organizations - null null
2026-04-11 11:10:38.458 [INF] Microsoft.AspNetCore.Cors.Infrastructure.CorsService | CORS policy execution successful.
2026-04-11 11:10:38.459 [INF] Microsoft.AspNetCore.Routing.EndpointMiddleware | Executing endpoint 'backend.Controllers.UsersController.GetOrganizations (backend)'
2026-04-11 11:10:38.459 [INF] Microsoft.AspNetCore.Mvc.Infrastructure.ControllerActionInvoker | Route matched with {action = "GetOrganizations", controller = "Users"}. Executing controller action with signature System.Threading.Tasks.Task`1[Microsoft.AspNetCore.Mvc.IActionResult] GetOrganizations() on controller backend.Controllers.UsersController (backend).
2026-04-11 11:10:38.459 [INF] backend.Controllers.UsersController | [Users] GET organizations | Role=SuperAdmin | UserId=18
2026-04-11 11:10:38.467 [INF] Microsoft.AspNetCore.Mvc.Infrastructure.ObjectResultExecutor | Executing OkObjectResult, writing value of type 'System.Collections.Generic.List`1[[backend.Models.Organization, backend, Version=1.0.0.0, Culture=neutral, PublicKeyToken=null]]'.
2026-04-11 11:10:38.467 [INF] Microsoft.AspNetCore.Mvc.Infrastructure.ControllerActionInvoker | Executed action backend.Controllers.OrganizationsController.GetOrganizations (backend) in 11.3682ms
2026-04-11 11:10:38.467 [INF] Microsoft.AspNetCore.Routing.EndpointMiddleware | Executed endpoint 'backend.Controllers.OrganizationsController.GetOrganizations (backend)'
2026-04-11 11:10:38.468 [INF] Serilog.AspNetCore.RequestLoggingMiddleware | HTTP GET /api/organizations → 200 (11.7ms)
2026-04-11 11:10:38.468 [INF] Microsoft.AspNetCore.Hosting.Diagnostics | Request finished HTTP/1.1 GET http://localhost:5217/api/organizations - 200 null application/json; charset=utf-8 13.3086ms
2026-04-11 11:10:38.470 [INF] Microsoft.AspNetCore.Mvc.Infrastructure.ObjectResultExecutor | Executing OkObjectResult, writing value of type 'System.Collections.Generic.List`1[[backend.Models.Organization, backend, Version=1.0.0.0, Culture=neutral, PublicKeyToken=null]]'.
2026-04-11 11:10:38.470 [INF] Microsoft.AspNetCore.Mvc.Infrastructure.ControllerActionInvoker | Executed action backend.Controllers.UsersController.GetOrganizations (backend) in 11.6915ms
2026-04-11 11:10:38.470 [INF] Microsoft.AspNetCore.Routing.EndpointMiddleware | Executed endpoint 'backend.Controllers.UsersController.GetOrganizations (backend)'
2026-04-11 11:10:38.470 [INF] Serilog.AspNetCore.RequestLoggingMiddleware | HTTP GET /api/users/organizations → 200 (11.9ms)
2026-04-11 11:10:38.471 [INF] Microsoft.AspNetCore.Hosting.Diagnostics | Request finished HTTP/1.1 GET http://localhost:5217/api/users/organizations - 200 null application/json; charset=utf-8 12.2329ms
2026-04-11 11:10:41.639 [INF] Microsoft.AspNetCore.Hosting.Diagnostics | Request starting HTTP/1.1 OPTIONS http://localhost:5217/api/leads - null null
2026-04-11 11:10:41.639 [INF] Microsoft.AspNetCore.Cors.Infrastructure.CorsService | CORS policy execution successful.
2026-04-11 11:10:41.639 [INF] Microsoft.AspNetCore.Hosting.Diagnostics | Request finished HTTP/1.1 OPTIONS http://localhost:5217/api/leads - 204 null null 0.1722ms
2026-04-11 11:10:41.651 [INF] Microsoft.AspNetCore.Hosting.Diagnostics | Request starting HTTP/1.1 OPTIONS http://localhost:5217/api/designations?organizationId=2 - null null
2026-04-11 11:10:41.651 [INF] Microsoft.AspNetCore.Hosting.Diagnostics | Request starting HTTP/1.1 OPTIONS http://localhost:5217/api/departments?organizationId=2 - null null
2026-04-11 11:10:41.651 [INF] Microsoft.AspNetCore.Cors.Infrastructure.CorsService | CORS policy execution successful.
2026-04-11 11:10:41.651 [INF] Microsoft.AspNetCore.Cors.Infrastructure.CorsService | CORS policy execution successful.
2026-04-11 11:10:41.651 [INF] Microsoft.AspNetCore.Hosting.Diagnostics | Request finished HTTP/1.1 OPTIONS http://localhost:5217/api/departments?organizationId=2 - 204 null null 0.0993ms
2026-04-11 11:10:41.651 [INF] Microsoft.AspNetCore.Hosting.Diagnostics | Request finished HTTP/1.1 OPTIONS http://localhost:5217/api/designations?organizationId=2 - 204 null null 0.4482ms
2026-04-11 11:10:41.720 [INF] Microsoft.AspNetCore.Hosting.Diagnostics | Request starting HTTP/1.1 GET http://localhost:5217/api/leads - application/json null
2026-04-11 11:10:41.720 [INF] Microsoft.AspNetCore.Cors.Infrastructure.CorsService | CORS policy execution successful.
2026-04-11 11:10:41.721 [INF] Microsoft.AspNetCore.Routing.EndpointMiddleware | Executing endpoint 'backend.Controllers.LeadsController.GetLeads (backend)'
2026-04-11 11:10:41.721 [INF] Microsoft.AspNetCore.Mvc.Infrastructure.ControllerActionInvoker | Route matched with {action = "GetLeads", controller = "Leads"}. Executing controller action with signature System.Threading.Tasks.Task`1[System.Collections.Generic.IEnumerable`1[backend.Models.Lead]] GetLeads() on controller backend.Controllers.LeadsController (backend).
2026-04-11 11:10:41.723 [INF] Microsoft.AspNetCore.Hosting.Diagnostics | Request starting HTTP/1.1 GET http://localhost:5217/api/designations?organizationId=2 - application/json null
2026-04-11 11:10:41.723 [INF] Microsoft.AspNetCore.Cors.Infrastructure.CorsService | CORS policy execution successful.
2026-04-11 11:10:41.723 [INF] Microsoft.AspNetCore.Hosting.Diagnostics | Request starting HTTP/1.1 GET http://localhost:5217/api/departments?organizationId=2 - null null
2026-04-11 11:10:41.723 [INF] Microsoft.AspNetCore.Cors.Infrastructure.CorsService | CORS policy execution successful.
2026-04-11 11:10:41.723 [INF] Microsoft.AspNetCore.Routing.EndpointMiddleware | Executing endpoint 'backend.Controllers.DesignationController.GetDesignations (backend)'
2026-04-11 11:10:41.723 [INF] Microsoft.AspNetCore.Mvc.Infrastructure.ControllerActionInvoker | Route matched with {action = "GetDesignations", controller = "Designation"}. Executing controller action with signature System.Threading.Tasks.Task`1[Microsoft.AspNetCore.Mvc.IActionResult] GetDesignations(System.Nullable`1[System.Int32]) on controller backend.Controllers.DesignationController (backend).
2026-04-11 11:10:41.723 [INF] Microsoft.AspNetCore.Routing.EndpointMiddleware | Executing endpoint 'backend.Controllers.DepartmentController.GetDepartments (backend)'
2026-04-11 11:10:41.723 [INF] Microsoft.AspNetCore.Mvc.Infrastructure.ControllerActionInvoker | Route matched with {action = "GetDepartments", controller = "Department"}. Executing controller action with signature System.Threading.Tasks.Task`1[Microsoft.AspNetCore.Mvc.IActionResult] GetDepartments(System.Nullable`1[System.Int32]) on controller backend.Controllers.DepartmentController (backend).
2026-04-11 11:10:41.736 [INF] Microsoft.AspNetCore.Mvc.Infrastructure.ObjectResultExecutor | Executing ObjectResult, writing value of type 'System.Collections.Generic.List`1[[backend.Models.Lead, backend, Version=1.0.0.0, Culture=neutral, PublicKeyToken=null]]'.
2026-04-11 11:10:41.736 [INF] Microsoft.AspNetCore.Mvc.Infrastructure.ControllerActionInvoker | Executed action backend.Controllers.LeadsController.GetLeads (backend) in 15.4432ms
2026-04-11 11:10:41.736 [INF] Microsoft.AspNetCore.Routing.EndpointMiddleware | Executed endpoint 'backend.Controllers.LeadsController.GetLeads (backend)'
2026-04-11 11:10:41.736 [INF] Serilog.AspNetCore.RequestLoggingMiddleware | HTTP GET /api/leads → 200 (15.6ms)
2026-04-11 11:10:41.736 [INF] Microsoft.AspNetCore.Hosting.Diagnostics | Request finished HTTP/1.1 GET http://localhost:5217/api/leads - 200 null application/json; charset=utf-8 16.0385ms
2026-04-11 11:10:41.738 [INF] backend.Controllers.DesignationController | Fetched 8 designations for OrgId 2
2026-04-11 11:10:41.738 [INF] Microsoft.AspNetCore.Mvc.Infrastructure.ObjectResultExecutor | Executing OkObjectResult, writing value of type 'System.Collections.Generic.List`1[[backend.Models.Designation, backend, Version=1.0.0.0, Culture=neutral, PublicKeyToken=null]]'.
2026-04-11 11:10:41.739 [INF] Microsoft.AspNetCore.Mvc.Infrastructure.ObjectResultExecutor | Executing OkObjectResult, writing value of type 'System.Collections.Generic.List`1[[backend.Models.Department, backend, Version=1.0.0.0, Culture=neutral, PublicKeyToken=null]]'.
2026-04-11 11:10:41.739 [INF] Microsoft.AspNetCore.Mvc.Infrastructure.ControllerActionInvoker | Executed action backend.Controllers.DesignationController.GetDesignations (backend) in 15.6703ms
2026-04-11 11:10:41.739 [INF] Microsoft.AspNetCore.Mvc.Infrastructure.ControllerActionInvoker | Executed action backend.Controllers.DepartmentController.GetDepartments (backend) in 15.6416ms
2026-04-11 11:10:41.739 [INF] Microsoft.AspNetCore.Routing.EndpointMiddleware | Executed endpoint 'backend.Controllers.DesignationController.GetDesignations (backend)'
2026-04-11 11:10:41.739 [INF] Microsoft.AspNetCore.Routing.EndpointMiddleware | Executed endpoint 'backend.Controllers.DepartmentController.GetDepartments (backend)'
2026-04-11 11:10:41.739 [INF] Serilog.AspNetCore.RequestLoggingMiddleware | HTTP GET /api/designations → 200 (15.8ms)
2026-04-11 11:10:41.739 [INF] Serilog.AspNetCore.RequestLoggingMiddleware | HTTP GET /api/departments → 200 (15.8ms)
2026-04-11 11:10:41.739 [INF] Microsoft.AspNetCore.Hosting.Diagnostics | Request finished HTTP/1.1 GET http://localhost:5217/api/designations?organizationId=2 - 200 null application/json; charset=utf-8 16.1485ms
2026-04-11 11:10:41.739 [INF] Microsoft.AspNetCore.Hosting.Diagnostics | Request finished HTTP/1.1 GET http://localhost:5217/api/departments?organizationId=2 - 200 null application/json; charset=utf-8 16.0411ms
2026-04-11 11:10:41.749 [INF] Microsoft.AspNetCore.Hosting.Diagnostics | Request starting HTTP/1.1 OPTIONS http://localhost:5217/api/employees?organizationId=2 - null null
2026-04-11 11:10:41.750 [INF] Microsoft.AspNetCore.Cors.Infrastructure.CorsService | CORS policy execution successful.
2026-04-11 11:10:41.750 [INF] Microsoft.AspNetCore.Hosting.Diagnostics | Request finished HTTP/1.1 OPTIONS http://localhost:5217/api/employees?organizationId=2 - 204 null null 0.1408ms
2026-04-11 11:10:41.752 [INF] Microsoft.AspNetCore.Hosting.Diagnostics | Request starting HTTP/1.1 GET http://localhost:5217/api/employees?organizationId=2 - application/json null
2026-04-11 11:10:41.752 [INF] Microsoft.AspNetCore.Cors.Infrastructure.CorsService | CORS policy execution successful.
2026-04-11 11:10:41.752 [INF] Microsoft.AspNetCore.Routing.EndpointMiddleware | Executing endpoint 'backend.Controllers.EmployeesController.GetEmployees (backend)'
2026-04-11 11:10:41.752 [INF] Microsoft.AspNetCore.Mvc.Infrastructure.ControllerActionInvoker | Route matched with {action = "GetEmployees", controller = "Employees"}. Executing controller action with signature System.Threading.Tasks.Task`1[Microsoft.AspNetCore.Mvc.IActionResult] GetEmployees(System.Nullable`1[System.Int32]) on controller backend.Controllers.EmployeesController (backend).
2026-04-11 11:10:41.752 [INF] backend.Controllers.EmployeesController | [Employees] GET all | TargetOrgId=2 | UserOrgId=2
2026-04-11 11:10:41.763 [INF] Microsoft.AspNetCore.Mvc.Infrastructure.ObjectResultExecutor | Executing OkObjectResult, writing value of type 'System.Collections.Generic.List`1[[backend.Models.Employee, backend, Version=1.0.0.0, Culture=neutral, PublicKeyToken=null]]'.
2026-04-11 11:10:41.763 [INF] Microsoft.AspNetCore.Mvc.Infrastructure.ControllerActionInvoker | Executed action backend.Controllers.EmployeesController.GetEmployees (backend) in 11.4112ms
2026-04-11 11:10:41.763 [INF] Microsoft.AspNetCore.Routing.EndpointMiddleware | Executed endpoint 'backend.Controllers.EmployeesController.GetEmployees (backend)'
2026-04-11 11:10:41.764 [INF] Serilog.AspNetCore.RequestLoggingMiddleware | HTTP GET /api/employees → 200 (11.6ms)
2026-04-11 11:10:41.764 [INF] Microsoft.AspNetCore.Hosting.Diagnostics | Request finished HTTP/1.1 GET http://localhost:5217/api/employees?organizationId=2 - 200 null application/json; charset=utf-8 11.8788ms
2026-04-11 11:10:41.777 [INF] Microsoft.AspNetCore.Hosting.Diagnostics | Request starting HTTP/1.1 GET http://localhost:5217/api/employees?organizationId=2 - application/json null
2026-04-11 11:10:41.777 [INF] Microsoft.AspNetCore.Cors.Infrastructure.CorsService | CORS policy execution successful.
2026-04-11 11:10:41.777 [INF] Microsoft.AspNetCore.Hosting.Diagnostics | Request starting HTTP/1.1 GET http://localhost:5217/api/designations?organizationId=2 - application/json null
2026-04-11 11:10:41.777 [INF] Microsoft.AspNetCore.Cors.Infrastructure.CorsService | CORS policy execution successful.
2026-04-11 11:10:41.777 [INF] Microsoft.AspNetCore.Routing.EndpointMiddleware | Executing endpoint 'backend.Controllers.DesignationController.GetDesignations (backend)'
2026-04-11 11:10:41.777 [INF] Microsoft.AspNetCore.Routing.EndpointMiddleware | Executing endpoint 'backend.Controllers.EmployeesController.GetEmployees (backend)'
2026-04-11 11:10:41.777 [INF] Microsoft.AspNetCore.Mvc.Infrastructure.ControllerActionInvoker | Route matched with {action = "GetDesignations", controller = "Designation"}. Executing controller action with signature System.Threading.Tasks.Task`1[Microsoft.AspNetCore.Mvc.IActionResult] GetDesignations(System.Nullable`1[System.Int32]) on controller backend.Controllers.DesignationController (backend).
2026-04-11 11:10:41.777 [INF] Microsoft.AspNetCore.Mvc.Infrastructure.ControllerActionInvoker | Route matched with {action = "GetEmployees", controller = "Employees"}. Executing controller action with signature System.Threading.Tasks.Task`1[Microsoft.AspNetCore.Mvc.IActionResult] GetEmployees(System.Nullable`1[System.Int32]) on controller backend.Controllers.EmployeesController (backend).
2026-04-11 11:10:41.777 [INF] backend.Controllers.EmployeesController | [Employees] GET all | TargetOrgId=2 | UserOrgId=2
2026-04-11 11:10:41.778 [INF] Microsoft.AspNetCore.Hosting.Diagnostics | Request starting HTTP/1.1 GET http://localhost:5217/api/departments?organizationId=2 - null null
2026-04-11 11:10:41.778 [INF] Microsoft.AspNetCore.Cors.Infrastructure.CorsService | CORS policy execution successful.
2026-04-11 11:10:41.778 [INF] Microsoft.AspNetCore.Routing.EndpointMiddleware | Executing endpoint 'backend.Controllers.DepartmentController.GetDepartments (backend)'
2026-04-11 11:10:41.778 [INF] Microsoft.AspNetCore.Mvc.Infrastructure.ControllerActionInvoker | Route matched with {action = "GetDepartments", controller = "Department"}. Executing controller action with signature System.Threading.Tasks.Task`1[Microsoft.AspNetCore.Mvc.IActionResult] GetDepartments(System.Nullable`1[System.Int32]) on controller backend.Controllers.DepartmentController (backend).
2026-04-11 11:10:41.782 [INF] Microsoft.AspNetCore.Hosting.Diagnostics | Request starting HTTP/1.1 OPTIONS http://localhost:5217/api/ShiftAssignments/roster?start=2026-04-11&end=2026-04-18&orgId=2 - null null
2026-04-11 11:10:41.782 [INF] Microsoft.AspNetCore.Cors.Infrastructure.CorsService | CORS policy execution successful.
2026-04-11 11:10:41.782 [INF] Microsoft.AspNetCore.Hosting.Diagnostics | Request finished HTTP/1.1 OPTIONS http://localhost:5217/api/ShiftAssignments/roster?start=2026-04-11&end=2026-04-18&orgId=2 - 204 null null 0.1167ms
2026-04-11 11:10:41.783 [INF] Microsoft.AspNetCore.Hosting.Diagnostics | Request starting HTTP/1.1 GET http://localhost:5217/api/ShiftAssignments/roster?start=2026-04-11&end=2026-04-18&orgId=2 - application/json null
2026-04-11 11:10:41.783 [INF] Microsoft.AspNetCore.Cors.Infrastructure.CorsService | CORS policy execution successful.
2026-04-11 11:10:41.784 [INF] Microsoft.AspNetCore.Routing.EndpointMiddleware | Executing endpoint 'backend.Controllers.ShiftAssignmentsController.GetMonthlyRosterFixed (backend)'
2026-04-11 11:10:41.784 [INF] Microsoft.AspNetCore.Mvc.Infrastructure.ControllerActionInvoker | Route matched with {action = "GetMonthlyRosterFixed", controller = "ShiftAssignments"}. Executing controller action with signature System.Threading.Tasks.Task`1[Microsoft.AspNetCore.Mvc.IActionResult] GetMonthlyRosterFixed(System.String, System.String, System.Nullable`1[System.Int32]) on controller backend.Controllers.ShiftAssignmentsController (backend).
2026-04-11 11:10:41.790 [INF] backend.Controllers.DesignationController | Fetched 8 designations for OrgId 2
2026-04-11 11:10:41.791 [INF] Microsoft.AspNetCore.Mvc.Infrastructure.ObjectResultExecutor | Executing OkObjectResult, writing value of type 'System.Collections.Generic.List`1[[backend.Models.Designation, backend, Version=1.0.0.0, Culture=neutral, PublicKeyToken=null]]'.
2026-04-11 11:10:41.791 [INF] Microsoft.AspNetCore.Mvc.Infrastructure.ControllerActionInvoker | Executed action backend.Controllers.DesignationController.GetDesignations (backend) in 13.4188ms
2026-04-11 11:10:41.791 [INF] Microsoft.AspNetCore.Routing.EndpointMiddleware | Executed endpoint 'backend.Controllers.DesignationController.GetDesignations (backend)'
2026-04-11 11:10:41.791 [INF] Serilog.AspNetCore.RequestLoggingMiddleware | HTTP GET /api/designations → 200 (13.6ms)
2026-04-11 11:10:41.791 [INF] Microsoft.AspNetCore.Hosting.Diagnostics | Request finished HTTP/1.1 GET http://localhost:5217/api/designations?organizationId=2 - 200 null application/json; charset=utf-8 13.7741ms
2026-04-11 11:10:41.791 [INF] Microsoft.AspNetCore.Mvc.Infrastructure.ObjectResultExecutor | Executing OkObjectResult, writing value of type 'System.Collections.Generic.List`1[[backend.Models.Employee, backend, Version=1.0.0.0, Culture=neutral, PublicKeyToken=null]]'.
2026-04-11 11:10:41.791 [INF] Microsoft.AspNetCore.Mvc.Infrastructure.ObjectResultExecutor | Executing OkObjectResult, writing value of type 'System.Collections.Generic.List`1[[backend.Models.Department, backend, Version=1.0.0.0, Culture=neutral, PublicKeyToken=null]]'.
2026-04-11 11:10:41.791 [INF] Microsoft.AspNetCore.Mvc.Infrastructure.ControllerActionInvoker | Executed action backend.Controllers.DepartmentController.GetDepartments (backend) in 12.9353ms
2026-04-11 11:10:41.791 [INF] Microsoft.AspNetCore.Routing.EndpointMiddleware | Executed endpoint 'backend.Controllers.DepartmentController.GetDepartments (backend)'
2026-04-11 11:10:41.791 [INF] Microsoft.AspNetCore.Mvc.Infrastructure.ControllerActionInvoker | Executed action backend.Controllers.EmployeesController.GetEmployees (backend) in 14.1783ms
2026-04-11 11:10:41.791 [INF] Serilog.AspNetCore.RequestLoggingMiddleware | HTTP GET /api/departments → 200 (13.0ms)
2026-04-11 11:10:41.791 [INF] Microsoft.AspNetCore.Routing.EndpointMiddleware | Executed endpoint 'backend.Controllers.EmployeesController.GetEmployees (backend)'
2026-04-11 11:10:41.791 [INF] Serilog.AspNetCore.RequestLoggingMiddleware | HTTP GET /api/employees → 200 (14.4ms)
2026-04-11 11:10:41.791 [INF] Microsoft.AspNetCore.Hosting.Diagnostics | Request finished HTTP/1.1 GET http://localhost:5217/api/departments?organizationId=2 - 200 null application/json; charset=utf-8 13.2387ms
2026-04-11 11:10:41.792 [INF] Microsoft.AspNetCore.Hosting.Diagnostics | Request finished HTTP/1.1 GET http://localhost:5217/api/employees?organizationId=2 - 200 null application/json; charset=utf-8 14.7081ms
2026-04-11 11:10:41.848 [INF] Microsoft.AspNetCore.Mvc.Infrastructure.ObjectResultExecutor | Executing OkObjectResult, writing value of type 'System.Collections.Generic.List`1[[backend.Models.EmployeeSchedule, backend, Version=1.0.0.0, Culture=neutral, PublicKeyToken=null]]'.
2026-04-11 11:10:41.849 [INF] Microsoft.AspNetCore.Mvc.Infrastructure.ControllerActionInvoker | Executed action backend.Controllers.ShiftAssignmentsController.GetMonthlyRosterFixed (backend) in 64.8669ms
2026-04-11 11:10:41.849 [INF] Microsoft.AspNetCore.Routing.EndpointMiddleware | Executed endpoint 'backend.Controllers.ShiftAssignmentsController.GetMonthlyRosterFixed (backend)'
2026-04-11 11:10:41.849 [INF] Serilog.AspNetCore.RequestLoggingMiddleware | HTTP GET /api/ShiftAssignments/roster → 200 (65.0ms)
2026-04-11 11:10:41.849 [INF] Microsoft.AspNetCore.Hosting.Diagnostics | Request finished HTTP/1.1 GET http://localhost:5217/api/ShiftAssignments/roster?start=2026-04-11&end=2026-04-18&orgId=2 - 200 null application/json; charset=utf-8 65.3111ms
2026-04-11 11:10:41.867 [INF] Microsoft.AspNetCore.Hosting.Diagnostics | Request starting HTTP/1.1 OPTIONS http://localhost:5217/api/Attendance/status?employeeId=31&orgId=2 - null null
2026-04-11 11:10:41.867 [INF] Microsoft.AspNetCore.Cors.Infrastructure.CorsService | CORS policy execution successful.
2026-04-11 11:10:41.867 [INF] Microsoft.AspNetCore.Hosting.Diagnostics | Request finished HTTP/1.1 OPTIONS http://localhost:5217/api/Attendance/status?employeeId=31&orgId=2 - 204 null null 0.1621ms
2026-04-11 11:10:41.869 [INF] Microsoft.AspNetCore.Hosting.Diagnostics | Request starting HTTP/1.1 GET http://localhost:5217/api/Attendance/status?employeeId=31&orgId=2 - application/json null
2026-04-11 11:10:41.869 [INF] Microsoft.AspNetCore.Cors.Infrastructure.CorsService | CORS policy execution successful.
2026-04-11 11:10:41.870 [INF] Microsoft.AspNetCore.Routing.EndpointMiddleware | Executing endpoint 'backend.Controllers.AttendanceController.GetStatus (backend)'
2026-04-11 11:10:41.870 [INF] Microsoft.AspNetCore.Mvc.Infrastructure.ControllerActionInvoker | Route matched with {action = "GetStatus", controller = "Attendance"}. Executing controller action with signature System.Threading.Tasks.Task`1[Microsoft.AspNetCore.Mvc.IActionResult] GetStatus(Int32, Int32) on controller backend.Controllers.AttendanceController (backend).
2026-04-11 11:10:41.888 [ERR] backend.Controllers.AttendanceController | Error getting attendance status
Microsoft.Data.SqlClient.SqlException (0x80131904): Invalid column name 'FN'.
Invalid column name 'AN'.
   at System.Threading.Tasks.ContinuationResultTaskFromResultTask`2.InnerInvoke()
   at System.Threading.ExecutionContext.RunInternal(ExecutionContext executionContext, ContextCallback callback, Object state)
--- End of stack trace from previous location ---
   at System.Threading.ExecutionContext.RunInternal(ExecutionContext executionContext, ContextCallback callback, Object state)
   at System.Threading.Tasks.Task.ExecuteWithThreadLocal(Task& currentTaskSlot, Thread threadPoolThread)
--- End of stack trace from previous location ---
   at Dapper.SqlMapper.QueryRowAsync[T](IDbConnection cnn, Row row, Type effectiveType, CommandDefinition command) in /_/Dapper/SqlMapper.Async.cs:line 489
   at backend.Controllers.AttendanceController.GetStatus(Int32 employeeId, Int32 orgId) in C:\Repos_Work\Prodesx_HRM_Mobile_Application\backend\Controllers\AttendanceController.cs:line 235
ClientConnectionId:ef1fd2e4-ecee-46df-93d0-50b435c6a653
Error Number:207,State:1,Class:16
2026-04-11 11:10:41.888 [INF] Microsoft.AspNetCore.Mvc.Infrastructure.ObjectResultExecutor | Executing ObjectResult, writing value of type 'System.String'.
2026-04-11 11:10:41.888 [INF] Microsoft.AspNetCore.Mvc.Infrastructure.ControllerActionInvoker | Executed action backend.Controllers.AttendanceController.GetStatus (backend) in 18.7162ms
2026-04-11 11:10:41.888 [INF] Microsoft.AspNetCore.Routing.EndpointMiddleware | Executed endpoint 'backend.Controllers.AttendanceController.GetStatus (backend)'
2026-04-11 11:10:41.888 [ERR] Serilog.AspNetCore.RequestLoggingMiddleware | HTTP GET /api/Attendance/status → 500 (18.9ms)
2026-04-11 11:10:41.889 [INF] Microsoft.AspNetCore.Hosting.Diagnostics | Request finished HTTP/1.1 GET http://localhost:5217/api/Attendance/status?employeeId=31&orgId=2 - 500 null text/plain; charset=utf-8 19.2456ms
2026-04-11 11:11:17.937 [INF] Microsoft.AspNetCore.Hosting.Diagnostics | Request starting HTTP/1.1 OPTIONS http://localhost:5217/api/employees/32 - null null
2026-04-11 11:11:17.937 [INF] Microsoft.AspNetCore.Cors.Infrastructure.CorsService | CORS policy execution successful.
2026-04-11 11:11:17.937 [INF] Microsoft.AspNetCore.Hosting.Diagnostics | Request finished HTTP/1.1 OPTIONS http://localhost:5217/api/employees/32 - 204 null null 0.2158ms
2026-04-11 11:11:17.940 [INF] Microsoft.AspNetCore.Hosting.Diagnostics | Request starting HTTP/1.1 PUT http://localhost:5217/api/employees/32 - application/json 637
2026-04-11 11:11:17.940 [INF] Microsoft.AspNetCore.Cors.Infrastructure.CorsService | CORS policy execution successful.
2026-04-11 11:11:17.940 [INF] Microsoft.AspNetCore.Routing.EndpointMiddleware | Executing endpoint 'backend.Controllers.EmployeesController.UpdateEmployee (backend)'
2026-04-11 11:11:17.940 [INF] Microsoft.AspNetCore.Mvc.Infrastructure.ControllerActionInvoker | Route matched with {action = "UpdateEmployee", controller = "Employees"}. Executing controller action with signature System.Threading.Tasks.Task`1[Microsoft.AspNetCore.Mvc.IActionResult] UpdateEmployee(Int32, backend.Models.CreateEmployeeRequest) on controller backend.Controllers.EmployeesController (backend).
2026-04-11 11:11:17.941 [INF] backend.Controllers.EmployeesController | [Employees] UPDATE | Id=32 | Name=pin | TargetOrgId=2 | UserOrgId=2
2026-04-11 11:11:17.953 [ERR] backend.Controllers.EmployeesController | [Employees] UPDATE failed | Id=32
Microsoft.Data.SqlClient.SqlException (0x80131904): Procedure or function sp_UpdateEmployee has too many arguments specified.
   at Microsoft.Data.SqlClient.SqlConnection.OnError(SqlException exception, Boolean breakConnection, Action`1 wrapCloseInAction)
   at Microsoft.Data.SqlClient.SqlInternalConnection.OnError(SqlException exception, Boolean breakConnection, Action`1 wrapCloseInAction)
   at Microsoft.Data.SqlClient.TdsParser.ThrowExceptionAndWarning(TdsParserStateObject stateObj, SqlCommand command, Boolean callerHasConnectionLock, Boolean asyncClose)
   at Microsoft.Data.SqlClient.TdsParser.TryRun(RunBehavior runBehavior, SqlCommand cmdHandler, SqlDataReader dataStream, BulkCopySimpleResultSet bulkCopyHandler, TdsParserStateObject stateObj, Boolean& dataReady)
   at Microsoft.Data.SqlClient.SqlCommand.FinishExecuteReader(SqlDataReader ds, RunBehavior runBehavior, String resetOptionsString, Boolean isInternal, Boolean forDescribeParameterEncryption, Boolean shouldCacheForAlwaysEncrypted)
   at Microsoft.Data.SqlClient.SqlCommand.CompleteAsyncExecuteReader(Boolean isInternal, Boolean forDescribeParameterEncryption)
   at Microsoft.Data.SqlClient.SqlCommand.InternalEndExecuteNonQuery(IAsyncResult asyncResult, Boolean isInternal, String endMethod)
   at Microsoft.Data.SqlClient.SqlCommand.EndExecuteNonQueryInternal(IAsyncResult asyncResult)
   at Microsoft.Data.SqlClient.SqlCommand.EndExecuteNonQueryAsync(IAsyncResult asyncResult)
   at Microsoft.Data.SqlClient.SqlCommand.<>c.<InternalExecuteNonQueryAsync>b__193_1(IAsyncResult asyncResult)
   at System.Threading.Tasks.TaskFactory`1.FromAsyncCoreLogic(IAsyncResult iar, Func`2 endFunction, Action`1 endAction, Task`1 promise, Boolean requiresSynchronization)
--- End of stack trace from previous location ---
   at Dapper.SqlMapper.ExecuteImplAsync(IDbConnection cnn, CommandDefinition command, Object param) in /_/Dapper/SqlMapper.Async.cs:line 662
   at backend.Controllers.EmployeesController.UpdateEmployee(Int32 id, CreateEmployeeRequest req) in C:\Repos_Work\Prodesx_HRM_Mobile_Application\backend\Controllers\EmployeesController.cs:line 197
ClientConnectionId:ef1fd2e4-ecee-46df-93d0-50b435c6a653
Error Number:8144,State:2,Class:16
2026-04-11 11:11:17.954 [INF] Microsoft.AspNetCore.Mvc.Infrastructure.ObjectResultExecutor | Executing ObjectResult, writing value of type 'System.String'.
2026-04-11 11:11:17.954 [INF] Microsoft.AspNetCore.Mvc.Infrastructure.ControllerActionInvoker | Executed action backend.Controllers.EmployeesController.UpdateEmployee (backend) in 13.6406ms
2026-04-11 11:11:17.954 [INF] Microsoft.AspNetCore.Routing.EndpointMiddleware | Executed endpoint 'backend.Controllers.EmployeesController.UpdateEmployee (backend)'
2026-04-11 11:11:17.954 [ERR] Serilog.AspNetCore.RequestLoggingMiddleware | HTTP PUT /api/employees/32 → 500 (13.8ms)
2026-04-11 11:11:17.954 [INF] Microsoft.AspNetCore.Hosting.Diagnostics | Request finished HTTP/1.1 PUT http://localhost:5217/api/employees/32 - 500 null text/plain; charset=utf-8 14.1356ms
2026-04-11 11:16:06.181 [INF] Microsoft.AspNetCore.Routing.EndpointMiddleware | Executed endpoint '/hubs/employees'
2026-04-11 11:16:06.181 [INF] Serilog.AspNetCore.RequestLoggingMiddleware | HTTP GET /hubs/employees → 101 (347417.0ms)
2026-04-11 11:16:06.181 [INF] Microsoft.AspNetCore.Hosting.Diagnostics | Request finished HTTP/1.1 GET http://localhost:5217/hubs/employees?id=pAuLp41UZiMW6FELNw7uRg&access_token=eyJhbGciOiJIUzI1NiIsInR5cCI6IkpXVCJ9.eyJuYW1laWQiOiIxOCIsInVuaXF1ZV9uYW1lIjoidmFzYW50aGFrdW1hciIsImVtYWlsIjoidmFzYW50aDIwMDR2a0BnbWFpbC5jb20iLCJyb2xlIjoiU3VwZXJBZG1pbiIsIk9yZ2FuaXphdGlvbklkIjoiMiIsIk9yZ2FuaXphdGlvbkxvZ28iOiIvdXBsb2Fkcy9vcmctbG9nb3Mvb3JnLWxvZ28tNTg3M2M0NzVkOTFkNGJiZDkwNDZkZWVjNjY3ZDEzNmMuanBnIiwibmJmIjoxNzc1ODg2MDA4LCJleHAiOjE3NzU5NzI0MDgsImlhdCI6MTc3NTg4NjAwOCwiaXNzIjoiUHJvRGVzWC1CYWNrZW5kIiwiYXVkIjoiUHJvRGVzWC1Gcm9udGVuZCJ9.epHRJ10F0iRfdbu5v9Q-fOThe3gMPMdXX7_sNnzHut4 - 101 null null 347417.433ms
2026-04-11 11:16:06.181 [INF] Microsoft.AspNetCore.Routing.EndpointMiddleware | Executed endpoint '/hubs/employees'
2026-04-11 11:16:06.181 [INF] Serilog.AspNetCore.RequestLoggingMiddleware | HTTP GET /hubs/employees → 101 (347434.3ms)
2026-04-11 11:16:06.181 [INF] Microsoft.AspNetCore.Hosting.Diagnostics | Request finished HTTP/1.1 GET http://localhost:5217/hubs/employees?id=ktNLc-fXQZTjEYRm1-3SuA&access_token=eyJhbGciOiJIUzI1NiIsInR5cCI6IkpXVCJ9.eyJuYW1laWQiOiIxOCIsInVuaXF1ZV9uYW1lIjoidmFzYW50aGFrdW1hciIsImVtYWlsIjoidmFzYW50aDIwMDR2a0BnbWFpbC5jb20iLCJyb2xlIjoiU3VwZXJBZG1pbiIsIk9yZ2FuaXphdGlvbklkIjoiMiIsIk9yZ2FuaXphdGlvbkxvZ28iOiIvdXBsb2Fkcy9vcmctbG9nb3Mvb3JnLWxvZ28tNTg3M2M0NzVkOTFkNGJiZDkwNDZkZWVjNjY3ZDEzNmMuanBnIiwibmJmIjoxNzc1ODg2MDA4LCJleHAiOjE3NzU5NzI0MDgsImlhdCI6MTc3NTg4NjAwOCwiaXNzIjoiUHJvRGVzWC1CYWNrZW5kIiwiYXVkIjoiUHJvRGVzWC1Gcm9udGVuZCJ9.epHRJ10F0iRfdbu5v9Q-fOThe3gMPMdXX7_sNnzHut4 - 101 null null 347434.6316ms
2026-04-11 11:16:06.194 [INF] Microsoft.AspNetCore.Hosting.Diagnostics | Request starting HTTP/1.1 OPTIONS http://localhost:5217/hubs/employees/negotiate?negotiateVersion=1 - null null
2026-04-11 11:16:06.194 [INF] Microsoft.AspNetCore.Cors.Infrastructure.CorsService | CORS policy execution successful.
2026-04-11 11:16:06.194 [INF] Microsoft.AspNetCore.Hosting.Diagnostics | Request finished HTTP/1.1 OPTIONS http://localhost:5217/hubs/employees/negotiate?negotiateVersion=1 - 204 null null 0.1521ms
2026-04-11 11:16:06.195 [INF] Microsoft.AspNetCore.Hosting.Diagnostics | Request starting HTTP/1.1 OPTIONS http://localhost:5217/hubs/employees/negotiate?negotiateVersion=1 - null null
2026-04-11 11:16:06.195 [INF] Microsoft.AspNetCore.Cors.Infrastructure.CorsService | CORS policy execution successful.
2026-04-11 11:16:06.195 [INF] Microsoft.AspNetCore.Hosting.Diagnostics | Request finished HTTP/1.1 OPTIONS http://localhost:5217/hubs/employees/negotiate?negotiateVersion=1 - 204 null null 0.0842ms
2026-04-11 11:16:06.198 [INF] Microsoft.AspNetCore.Hosting.Diagnostics | Request starting HTTP/1.1 POST http://localhost:5217/hubs/employees/negotiate?negotiateVersion=1 - text/plain;charset=UTF-8 0
2026-04-11 11:16:06.198 [INF] Microsoft.AspNetCore.Cors.Infrastructure.CorsService | CORS policy execution successful.
2026-04-11 11:16:06.199 [INF] Microsoft.AspNetCore.Routing.EndpointMiddleware | Executing endpoint '/hubs/employees/negotiate'
2026-04-11 11:16:06.199 [INF] Microsoft.AspNetCore.Routing.EndpointMiddleware | Executed endpoint '/hubs/employees/negotiate'
2026-04-11 11:16:06.199 [INF] Serilog.AspNetCore.RequestLoggingMiddleware | HTTP POST /hubs/employees/negotiate → 200 (0.4ms)
2026-04-11 11:16:06.199 [INF] Microsoft.AspNetCore.Hosting.Diagnostics | Request finished HTTP/1.1 POST http://localhost:5217/hubs/employees/negotiate?negotiateVersion=1 - 200 316 application/json 0.7255ms
2026-04-11 11:16:06.201 [INF] Microsoft.AspNetCore.Hosting.Diagnostics | Request starting HTTP/1.1 POST http://localhost:5217/hubs/employees/negotiate?negotiateVersion=1 - text/plain;charset=UTF-8 0
2026-04-11 11:16:06.201 [INF] Microsoft.AspNetCore.Cors.Infrastructure.CorsService | CORS policy execution successful.
2026-04-11 11:16:06.201 [INF] Microsoft.AspNetCore.Routing.EndpointMiddleware | Executing endpoint '/hubs/employees/negotiate'
2026-04-11 11:16:06.201 [INF] Microsoft.AspNetCore.Routing.EndpointMiddleware | Executed endpoint '/hubs/employees/negotiate'
2026-04-11 11:16:06.201 [INF] Serilog.AspNetCore.RequestLoggingMiddleware | HTTP POST /hubs/employees/negotiate → 200 (0.1ms)
2026-04-11 11:16:06.201 [INF] Microsoft.AspNetCore.Hosting.Diagnostics | Request finished HTTP/1.1 POST http://localhost:5217/hubs/employees/negotiate?negotiateVersion=1 - 200 316 application/json 0.3952ms
2026-04-11 11:16:06.207 [INF] Microsoft.AspNetCore.Hosting.Diagnostics | Request starting HTTP/1.1 GET http://localhost:5217/hubs/employees?id=1S6jtbMRSTspA6iMP4TYJQ&access_token=eyJhbGciOiJIUzI1NiIsInR5cCI6IkpXVCJ9.eyJuYW1laWQiOiIxOCIsInVuaXF1ZV9uYW1lIjoidmFzYW50aGFrdW1hciIsImVtYWlsIjoidmFzYW50aDIwMDR2a0BnbWFpbC5jb20iLCJyb2xlIjoiU3VwZXJBZG1pbiIsIk9yZ2FuaXphdGlvbklkIjoiMiIsIk9yZ2FuaXphdGlvbkxvZ28iOiIvdXBsb2Fkcy9vcmctbG9nb3Mvb3JnLWxvZ28tNTg3M2M0NzVkOTFkNGJiZDkwNDZkZWVjNjY3ZDEzNmMuanBnIiwibmJmIjoxNzc1ODg2MDA4LCJleHAiOjE3NzU5NzI0MDgsImlhdCI6MTc3NTg4NjAwOCwiaXNzIjoiUHJvRGVzWC1CYWNrZW5kIiwiYXVkIjoiUHJvRGVzWC1Gcm9udGVuZCJ9.epHRJ10F0iRfdbu5v9Q-fOThe3gMPMdXX7_sNnzHut4 - null null
2026-04-11 11:16:06.207 [INF] Microsoft.AspNetCore.Cors.Infrastructure.CorsService | CORS policy execution successful.
2026-04-11 11:16:06.207 [INF] Microsoft.AspNetCore.Routing.EndpointMiddleware | Executing endpoint '/hubs/employees'
2026-04-11 11:16:06.220 [INF] Microsoft.AspNetCore.Hosting.Diagnostics | Request starting HTTP/1.1 GET http://localhost:5217/hubs/employees?id=4Nr6qMfs_V58mO6_MEoQRQ&access_token=eyJhbGciOiJIUzI1NiIsInR5cCI6IkpXVCJ9.eyJuYW1laWQiOiIxOCIsInVuaXF1ZV9uYW1lIjoidmFzYW50aGFrdW1hciIsImVtYWlsIjoidmFzYW50aDIwMDR2a0BnbWFpbC5jb20iLCJyb2xlIjoiU3VwZXJBZG1pbiIsIk9yZ2FuaXphdGlvbklkIjoiMiIsIk9yZ2FuaXphdGlvbkxvZ28iOiIvdXBsb2Fkcy9vcmctbG9nb3Mvb3JnLWxvZ28tNTg3M2M0NzVkOTFkNGJiZDkwNDZkZWVjNjY3ZDEzNmMuanBnIiwibmJmIjoxNzc1ODg2MDA4LCJleHAiOjE3NzU5NzI0MDgsImlhdCI6MTc3NTg4NjAwOCwiaXNzIjoiUHJvRGVzWC1CYWNrZW5kIiwiYXVkIjoiUHJvRGVzWC1Gcm9udGVuZCJ9.epHRJ10F0iRfdbu5v9Q-fOThe3gMPMdXX7_sNnzHut4 - null null
2026-04-11 11:16:06.221 [INF] Microsoft.AspNetCore.Cors.Infrastructure.CorsService | CORS policy execution successful.
2026-04-11 11:16:06.221 [INF] Microsoft.AspNetCore.Routing.EndpointMiddleware | Executing endpoint '/hubs/employees'
2026-04-11 11:18:08.186 [INF] Microsoft.AspNetCore.Routing.EndpointMiddleware | Executed endpoint '/hubs/employees'
2026-04-11 11:18:08.186 [INF] Serilog.AspNetCore.RequestLoggingMiddleware | HTTP GET /hubs/employees → 101 (121960.5ms)
2026-04-11 11:18:08.186 [INF] Microsoft.AspNetCore.Hosting.Diagnostics | Request finished HTTP/1.1 GET http://localhost:5217/hubs/employees?id=4Nr6qMfs_V58mO6_MEoQRQ&access_token=eyJhbGciOiJIUzI1NiIsInR5cCI6IkpXVCJ9.eyJuYW1laWQiOiIxOCIsInVuaXF1ZV9uYW1lIjoidmFzYW50aGFrdW1hciIsImVtYWlsIjoidmFzYW50aDIwMDR2a0BnbWFpbC5jb20iLCJyb2xlIjoiU3VwZXJBZG1pbiIsIk9yZ2FuaXphdGlvbklkIjoiMiIsIk9yZ2FuaXphdGlvbkxvZ28iOiIvdXBsb2Fkcy9vcmctbG9nb3Mvb3JnLWxvZ28tNTg3M2M0NzVkOTFkNGJiZDkwNDZkZWVjNjY3ZDEzNmMuanBnIiwibmJmIjoxNzc1ODg2MDA4LCJleHAiOjE3NzU5NzI0MDgsImlhdCI6MTc3NTg4NjAwOCwiaXNzIjoiUHJvRGVzWC1CYWNrZW5kIiwiYXVkIjoiUHJvRGVzWC1Gcm9udGVuZCJ9.epHRJ10F0iRfdbu5v9Q-fOThe3gMPMdXX7_sNnzHut4 - 101 null null 121960.9094ms
2026-04-11 11:18:08.187 [INF] Microsoft.AspNetCore.Routing.EndpointMiddleware | Executed endpoint '/hubs/employees'
2026-04-11 11:18:08.187 [INF] Serilog.AspNetCore.RequestLoggingMiddleware | HTTP GET /hubs/employees → 101 (121975.2ms)
2026-04-11 11:18:08.187 [INF] Microsoft.AspNetCore.Hosting.Diagnostics | Request finished HTTP/1.1 GET http://localhost:5217/hubs/employees?id=1S6jtbMRSTspA6iMP4TYJQ&access_token=eyJhbGciOiJIUzI1NiIsInR5cCI6IkpXVCJ9.eyJuYW1laWQiOiIxOCIsInVuaXF1ZV9uYW1lIjoidmFzYW50aGFrdW1hciIsImVtYWlsIjoidmFzYW50aDIwMDR2a0BnbWFpbC5jb20iLCJyb2xlIjoiU3VwZXJBZG1pbiIsIk9yZ2FuaXphdGlvbklkIjoiMiIsIk9yZ2FuaXphdGlvbkxvZ28iOiIvdXBsb2Fkcy9vcmctbG9nb3Mvb3JnLWxvZ28tNTg3M2M0NzVkOTFkNGJiZDkwNDZkZWVjNjY3ZDEzNmMuanBnIiwibmJmIjoxNzc1ODg2MDA4LCJleHAiOjE3NzU5NzI0MDgsImlhdCI6MTc3NTg4NjAwOCwiaXNzIjoiUHJvRGVzWC1CYWNrZW5kIiwiYXVkIjoiUHJvRGVzWC1Gcm9udGVuZCJ9.epHRJ10F0iRfdbu5v9Q-fOThe3gMPMdXX7_sNnzHut4 - 101 null null 121975.4942ms
2026-04-11 11:18:08.193 [INF] Microsoft.AspNetCore.Hosting.Diagnostics | Request starting HTTP/1.1 OPTIONS http://localhost:5217/hubs/employees/negotiate?negotiateVersion=1 - null null
2026-04-11 11:18:08.194 [INF] Microsoft.AspNetCore.Cors.Infrastructure.CorsService | CORS policy execution successful.
2026-04-11 11:18:08.194 [INF] Microsoft.AspNetCore.Hosting.Diagnostics | Request finished HTTP/1.1 OPTIONS http://localhost:5217/hubs/employees/negotiate?negotiateVersion=1 - 204 null null 0.1023ms
2026-04-11 11:18:08.196 [INF] Microsoft.AspNetCore.Hosting.Diagnostics | Request starting HTTP/1.1 POST http://localhost:5217/hubs/employees/negotiate?negotiateVersion=1 - text/plain;charset=UTF-8 0
2026-04-11 11:18:08.196 [INF] Microsoft.AspNetCore.Cors.Infrastructure.CorsService | CORS policy execution successful.
2026-04-11 11:18:08.196 [INF] Microsoft.AspNetCore.Routing.EndpointMiddleware | Executing endpoint '/hubs/employees/negotiate'
2026-04-11 11:18:08.196 [INF] Microsoft.AspNetCore.Routing.EndpointMiddleware | Executed endpoint '/hubs/employees/negotiate'
2026-04-11 11:18:08.196 [INF] Serilog.AspNetCore.RequestLoggingMiddleware | HTTP POST /hubs/employees/negotiate → 200 (0.1ms)
2026-04-11 11:18:08.196 [INF] Microsoft.AspNetCore.Hosting.Diagnostics | Request finished HTTP/1.1 POST http://localhost:5217/hubs/employees/negotiate?negotiateVersion=1 - 200 316 application/json 0.357ms
2026-04-11 11:18:08.196 [INF] Microsoft.AspNetCore.Hosting.Diagnostics | Request starting HTTP/1.1 POST http://localhost:5217/hubs/employees/negotiate?negotiateVersion=1 - text/plain;charset=UTF-8 0
2026-04-11 11:18:08.196 [INF] Microsoft.AspNetCore.Cors.Infrastructure.CorsService | CORS policy execution successful.
2026-04-11 11:18:08.197 [INF] Microsoft.AspNetCore.Routing.EndpointMiddleware | Executing endpoint '/hubs/employees/negotiate'
2026-04-11 11:18:08.197 [INF] Microsoft.AspNetCore.Routing.EndpointMiddleware | Executed endpoint '/hubs/employees/negotiate'
2026-04-11 11:18:08.197 [INF] Serilog.AspNetCore.RequestLoggingMiddleware | HTTP POST /hubs/employees/negotiate → 200 (0.1ms)
2026-04-11 11:18:08.197 [INF] Microsoft.AspNetCore.Hosting.Diagnostics | Request finished HTTP/1.1 POST http://localhost:5217/hubs/employees/negotiate?negotiateVersion=1 - 200 316 application/json 0.2117ms
2026-04-11 11:18:08.204 [INF] Microsoft.AspNetCore.Hosting.Diagnostics | Request starting HTTP/1.1 GET http://localhost:5217/hubs/employees?id=40i2CJy3IquP9WJ7quXs7Q&access_token=eyJhbGciOiJIUzI1NiIsInR5cCI6IkpXVCJ9.eyJuYW1laWQiOiIxOCIsInVuaXF1ZV9uYW1lIjoidmFzYW50aGFrdW1hciIsImVtYWlsIjoidmFzYW50aDIwMDR2a0BnbWFpbC5jb20iLCJyb2xlIjoiU3VwZXJBZG1pbiIsIk9yZ2FuaXphdGlvbklkIjoiMiIsIk9yZ2FuaXphdGlvbkxvZ28iOiIvdXBsb2Fkcy9vcmctbG9nb3Mvb3JnLWxvZ28tNTg3M2M0NzVkOTFkNGJiZDkwNDZkZWVjNjY3ZDEzNmMuanBnIiwibmJmIjoxNzc1ODg2MDA4LCJleHAiOjE3NzU5NzI0MDgsImlhdCI6MTc3NTg4NjAwOCwiaXNzIjoiUHJvRGVzWC1CYWNrZW5kIiwiYXVkIjoiUHJvRGVzWC1Gcm9udGVuZCJ9.epHRJ10F0iRfdbu5v9Q-fOThe3gMPMdXX7_sNnzHut4 - null null
2026-04-11 11:18:08.204 [INF] Microsoft.AspNetCore.Cors.Infrastructure.CorsService | CORS policy execution successful.
2026-04-11 11:18:08.204 [INF] Microsoft.AspNetCore.Routing.EndpointMiddleware | Executing endpoint '/hubs/employees'
2026-04-11 11:18:08.216 [INF] Microsoft.AspNetCore.Hosting.Diagnostics | Request starting HTTP/1.1 GET http://localhost:5217/hubs/employees?id=Khfp8CxiO5fCIjvhIhJGSQ&access_token=eyJhbGciOiJIUzI1NiIsInR5cCI6IkpXVCJ9.eyJuYW1laWQiOiIxOCIsInVuaXF1ZV9uYW1lIjoidmFzYW50aGFrdW1hciIsImVtYWlsIjoidmFzYW50aDIwMDR2a0BnbWFpbC5jb20iLCJyb2xlIjoiU3VwZXJBZG1pbiIsIk9yZ2FuaXphdGlvbklkIjoiMiIsIk9yZ2FuaXphdGlvbkxvZ28iOiIvdXBsb2Fkcy9vcmctbG9nb3Mvb3JnLWxvZ28tNTg3M2M0NzVkOTFkNGJiZDkwNDZkZWVjNjY3ZDEzNmMuanBnIiwibmJmIjoxNzc1ODg2MDA4LCJleHAiOjE3NzU5NzI0MDgsImlhdCI6MTc3NTg4NjAwOCwiaXNzIjoiUHJvRGVzWC1CYWNrZW5kIiwiYXVkIjoiUHJvRGVzWC1Gcm9udGVuZCJ9.epHRJ10F0iRfdbu5v9Q-fOThe3gMPMdXX7_sNnzHut4 - null null
2026-04-11 11:18:08.217 [INF] Microsoft.AspNetCore.Cors.Infrastructure.CorsService | CORS policy execution successful.
2026-04-11 11:18:08.217 [INF] Microsoft.AspNetCore.Routing.EndpointMiddleware | Executing endpoint '/hubs/employees'
2026-04-11 11:20:11.192 [INF] Microsoft.AspNetCore.Routing.EndpointMiddleware | Executed endpoint '/hubs/employees'
2026-04-11 11:20:11.192 [INF] Microsoft.AspNetCore.Routing.EndpointMiddleware | Executed endpoint '/hubs/employees'
2026-04-11 11:20:11.193 [INF] Serilog.AspNetCore.RequestLoggingMiddleware | HTTP GET /hubs/employees → 101 (122983.5ms)
2026-04-11 11:20:11.193 [INF] Serilog.AspNetCore.RequestLoggingMiddleware | HTTP GET /hubs/employees → 101 (122971.0ms)
2026-04-11 11:20:11.193 [INF] Microsoft.AspNetCore.Hosting.Diagnostics | Request finished HTTP/1.1 GET http://localhost:5217/hubs/employees?id=40i2CJy3IquP9WJ7quXs7Q&access_token=eyJhbGciOiJIUzI1NiIsInR5cCI6IkpXVCJ9.eyJuYW1laWQiOiIxOCIsInVuaXF1ZV9uYW1lIjoidmFzYW50aGFrdW1hciIsImVtYWlsIjoidmFzYW50aDIwMDR2a0BnbWFpbC5jb20iLCJyb2xlIjoiU3VwZXJBZG1pbiIsIk9yZ2FuaXphdGlvbklkIjoiMiIsIk9yZ2FuaXphdGlvbkxvZ28iOiIvdXBsb2Fkcy9vcmctbG9nb3Mvb3JnLWxvZ28tNTg3M2M0NzVkOTFkNGJiZDkwNDZkZWVjNjY3ZDEzNmMuanBnIiwibmJmIjoxNzc1ODg2MDA4LCJleHAiOjE3NzU5NzI0MDgsImlhdCI6MTc3NTg4NjAwOCwiaXNzIjoiUHJvRGVzWC1CYWNrZW5kIiwiYXVkIjoiUHJvRGVzWC1Gcm9udGVuZCJ9.epHRJ10F0iRfdbu5v9Q-fOThe3gMPMdXX7_sNnzHut4 - 101 null null 122983.7868ms
2026-04-11 11:20:11.193 [INF] Microsoft.AspNetCore.Hosting.Diagnostics | Request finished HTTP/1.1 GET http://localhost:5217/hubs/employees?id=Khfp8CxiO5fCIjvhIhJGSQ&access_token=eyJhbGciOiJIUzI1NiIsInR5cCI6IkpXVCJ9.eyJuYW1laWQiOiIxOCIsInVuaXF1ZV9uYW1lIjoidmFzYW50aGFrdW1hciIsImVtYWlsIjoidmFzYW50aDIwMDR2a0BnbWFpbC5jb20iLCJyb2xlIjoiU3VwZXJBZG1pbiIsIk9yZ2FuaXphdGlvbklkIjoiMiIsIk9yZ2FuaXphdGlvbkxvZ28iOiIvdXBsb2Fkcy9vcmctbG9nb3Mvb3JnLWxvZ28tNTg3M2M0NzVkOTFkNGJiZDkwNDZkZWVjNjY3ZDEzNmMuanBnIiwibmJmIjoxNzc1ODg2MDA4LCJleHAiOjE3NzU5NzI0MDgsImlhdCI6MTc3NTg4NjAwOCwiaXNzIjoiUHJvRGVzWC1CYWNrZW5kIiwiYXVkIjoiUHJvRGVzWC1Gcm9udGVuZCJ9.epHRJ10F0iRfdbu5v9Q-fOThe3gMPMdXX7_sNnzHut4 - 101 null null 122971.2404ms
2026-04-11 11:20:11.201 [INF] Microsoft.AspNetCore.Hosting.Diagnostics | Request starting HTTP/1.1 OPTIONS http://localhost:5217/hubs/employees/negotiate?negotiateVersion=1 - null null
2026-04-11 11:20:11.201 [INF] Microsoft.AspNetCore.Cors.Infrastructure.CorsService | CORS policy execution successful.
2026-04-11 11:20:11.201 [INF] Microsoft.AspNetCore.Hosting.Diagnostics | Request finished HTTP/1.1 OPTIONS http://localhost:5217/hubs/employees/negotiate?negotiateVersion=1 - 204 null null 0.1288ms
2026-04-11 11:20:11.202 [INF] Microsoft.AspNetCore.Hosting.Diagnostics | Request starting HTTP/1.1 OPTIONS http://localhost:5217/hubs/employees/negotiate?negotiateVersion=1 - null null
2026-04-11 11:20:11.202 [INF] Microsoft.AspNetCore.Cors.Infrastructure.CorsService | CORS policy execution successful.
2026-04-11 11:20:11.202 [INF] Microsoft.AspNetCore.Hosting.Diagnostics | Request finished HTTP/1.1 OPTIONS http://localhost:5217/hubs/employees/negotiate?negotiateVersion=1 - 204 null null 0.0692ms
2026-04-11 11:20:11.204 [INF] Microsoft.AspNetCore.Hosting.Diagnostics | Request starting HTTP/1.1 POST http://localhost:5217/hubs/employees/negotiate?negotiateVersion=1 - text/plain;charset=UTF-8 0
2026-04-11 11:20:11.204 [INF] Microsoft.AspNetCore.Cors.Infrastructure.CorsService | CORS policy execution successful.
2026-04-11 11:20:11.204 [INF] Microsoft.AspNetCore.Routing.EndpointMiddleware | Executing endpoint '/hubs/employees/negotiate'
2026-04-11 11:20:11.204 [INF] Microsoft.AspNetCore.Routing.EndpointMiddleware | Executed endpoint '/hubs/employees/negotiate'
2026-04-11 11:20:11.204 [INF] Serilog.AspNetCore.RequestLoggingMiddleware | HTTP POST /hubs/employees/negotiate → 200 (0.1ms)
2026-04-11 11:20:11.204 [INF] Microsoft.AspNetCore.Hosting.Diagnostics | Request finished HTTP/1.1 POST http://localhost:5217/hubs/employees/negotiate?negotiateVersion=1 - 200 316 application/json 0.2802ms
2026-04-11 11:20:11.205 [INF] Microsoft.AspNetCore.Hosting.Diagnostics | Request starting HTTP/1.1 POST http://localhost:5217/hubs/employees/negotiate?negotiateVersion=1 - text/plain;charset=UTF-8 0
2026-04-11 11:20:11.205 [INF] Microsoft.AspNetCore.Cors.Infrastructure.CorsService | CORS policy execution successful.
2026-04-11 11:20:11.205 [INF] Microsoft.AspNetCore.Routing.EndpointMiddleware | Executing endpoint '/hubs/employees/negotiate'
2026-04-11 11:20:11.205 [INF] Microsoft.AspNetCore.Routing.EndpointMiddleware | Executed endpoint '/hubs/employees/negotiate'
2026-04-11 11:20:11.205 [INF] Serilog.AspNetCore.RequestLoggingMiddleware | HTTP POST /hubs/employees/negotiate → 200 (0.0ms)
2026-04-11 11:20:11.205 [INF] Microsoft.AspNetCore.Hosting.Diagnostics | Request finished HTTP/1.1 POST http://localhost:5217/hubs/employees/negotiate?negotiateVersion=1 - 200 316 application/json 0.143ms
2026-04-11 11:20:11.213 [INF] Microsoft.AspNetCore.Hosting.Diagnostics | Request starting HTTP/1.1 GET http://localhost:5217/hubs/employees?id=kPAB2SUufX2zOMjzfYtXHg&access_token=eyJhbGciOiJIUzI1NiIsInR5cCI6IkpXVCJ9.eyJuYW1laWQiOiIxOCIsInVuaXF1ZV9uYW1lIjoidmFzYW50aGFrdW1hciIsImVtYWlsIjoidmFzYW50aDIwMDR2a0BnbWFpbC5jb20iLCJyb2xlIjoiU3VwZXJBZG1pbiIsIk9yZ2FuaXphdGlvbklkIjoiMiIsIk9yZ2FuaXphdGlvbkxvZ28iOiIvdXBsb2Fkcy9vcmctbG9nb3Mvb3JnLWxvZ28tNTg3M2M0NzVkOTFkNGJiZDkwNDZkZWVjNjY3ZDEzNmMuanBnIiwibmJmIjoxNzc1ODg2MDA4LCJleHAiOjE3NzU5NzI0MDgsImlhdCI6MTc3NTg4NjAwOCwiaXNzIjoiUHJvRGVzWC1CYWNrZW5kIiwiYXVkIjoiUHJvRGVzWC1Gcm9udGVuZCJ9.epHRJ10F0iRfdbu5v9Q-fOThe3gMPMdXX7_sNnzHut4 - null null
2026-04-11 11:20:11.213 [INF] Microsoft.AspNetCore.Cors.Infrastructure.CorsService | CORS policy execution successful.
2026-04-11 11:20:11.213 [INF] Microsoft.AspNetCore.Routing.EndpointMiddleware | Executing endpoint '/hubs/employees'
2026-04-11 11:20:11.225 [INF] Microsoft.AspNetCore.Hosting.Diagnostics | Request starting HTTP/1.1 GET http://localhost:5217/hubs/employees?id=Rz7Yo7-s7nvjADQ3BNhY-w&access_token=eyJhbGciOiJIUzI1NiIsInR5cCI6IkpXVCJ9.eyJuYW1laWQiOiIxOCIsInVuaXF1ZV9uYW1lIjoidmFzYW50aGFrdW1hciIsImVtYWlsIjoidmFzYW50aDIwMDR2a0BnbWFpbC5jb20iLCJyb2xlIjoiU3VwZXJBZG1pbiIsIk9yZ2FuaXphdGlvbklkIjoiMiIsIk9yZ2FuaXphdGlvbkxvZ28iOiIvdXBsb2Fkcy9vcmctbG9nb3Mvb3JnLWxvZ28tNTg3M2M0NzVkOTFkNGJiZDkwNDZkZWVjNjY3ZDEzNmMuanBnIiwibmJmIjoxNzc1ODg2MDA4LCJleHAiOjE3NzU5NzI0MDgsImlhdCI6MTc3NTg4NjAwOCwiaXNzIjoiUHJvRGVzWC1CYWNrZW5kIiwiYXVkIjoiUHJvRGVzWC1Gcm9udGVuZCJ9.epHRJ10F0iRfdbu5v9Q-fOThe3gMPMdXX7_sNnzHut4 - null null
2026-04-11 11:20:11.225 [INF] Microsoft.AspNetCore.Cors.Infrastructure.CorsService | CORS policy execution successful.
2026-04-11 11:20:11.225 [INF] Microsoft.AspNetCore.Routing.EndpointMiddleware | Executing endpoint '/hubs/employees'
2026-04-11 11:22:14.188 [INF] Microsoft.AspNetCore.Routing.EndpointMiddleware | Executed endpoint '/hubs/employees'
2026-04-11 11:22:14.188 [INF] Microsoft.AspNetCore.Routing.EndpointMiddleware | Executed endpoint '/hubs/employees'
2026-04-11 11:22:14.188 [INF] Serilog.AspNetCore.RequestLoggingMiddleware | HTTP GET /hubs/employees → 101 (122958.0ms)
2026-04-11 11:22:14.188 [INF] Serilog.AspNetCore.RequestLoggingMiddleware | HTTP GET /hubs/employees → 101 (122970.2ms)
2026-04-11 11:22:14.188 [INF] Microsoft.AspNetCore.Hosting.Diagnostics | Request finished HTTP/1.1 GET http://localhost:5217/hubs/employees?id=kPAB2SUufX2zOMjzfYtXHg&access_token=eyJhbGciOiJIUzI1NiIsInR5cCI6IkpXVCJ9.eyJuYW1laWQiOiIxOCIsInVuaXF1ZV9uYW1lIjoidmFzYW50aGFrdW1hciIsImVtYWlsIjoidmFzYW50aDIwMDR2a0BnbWFpbC5jb20iLCJyb2xlIjoiU3VwZXJBZG1pbiIsIk9yZ2FuaXphdGlvbklkIjoiMiIsIk9yZ2FuaXphdGlvbkxvZ28iOiIvdXBsb2Fkcy9vcmctbG9nb3Mvb3JnLWxvZ28tNTg3M2M0NzVkOTFkNGJiZDkwNDZkZWVjNjY3ZDEzNmMuanBnIiwibmJmIjoxNzc1ODg2MDA4LCJleHAiOjE3NzU5NzI0MDgsImlhdCI6MTc3NTg4NjAwOCwiaXNzIjoiUHJvRGVzWC1CYWNrZW5kIiwiYXVkIjoiUHJvRGVzWC1Gcm9udGVuZCJ9.epHRJ10F0iRfdbu5v9Q-fOThe3gMPMdXX7_sNnzHut4 - 101 null null 122970.4678ms
2026-04-11 11:22:14.188 [INF] Microsoft.AspNetCore.Hosting.Diagnostics | Request finished HTTP/1.1 GET http://localhost:5217/hubs/employees?id=Rz7Yo7-s7nvjADQ3BNhY-w&access_token=eyJhbGciOiJIUzI1NiIsInR5cCI6IkpXVCJ9.eyJuYW1laWQiOiIxOCIsInVuaXF1ZV9uYW1lIjoidmFzYW50aGFrdW1hciIsImVtYWlsIjoidmFzYW50aDIwMDR2a0BnbWFpbC5jb20iLCJyb2xlIjoiU3VwZXJBZG1pbiIsIk9yZ2FuaXphdGlvbklkIjoiMiIsIk9yZ2FuaXphdGlvbkxvZ28iOiIvdXBsb2Fkcy9vcmctbG9nb3Mvb3JnLWxvZ28tNTg3M2M0NzVkOTFkNGJiZDkwNDZkZWVjNjY3ZDEzNmMuanBnIiwibmJmIjoxNzc1ODg2MDA4LCJleHAiOjE3NzU5NzI0MDgsImlhdCI6MTc3NTg4NjAwOCwiaXNzIjoiUHJvRGVzWC1CYWNrZW5kIiwiYXVkIjoiUHJvRGVzWC1Gcm9udGVuZCJ9.epHRJ10F0iRfdbu5v9Q-fOThe3gMPMdXX7_sNnzHut4 - 101 null null 122958.3313ms
2026-04-11 11:22:14.194 [INF] Microsoft.AspNetCore.Hosting.Diagnostics | Request starting HTTP/1.1 OPTIONS http://localhost:5217/hubs/employees/negotiate?negotiateVersion=1 - null null
2026-04-11 11:22:14.194 [INF] Microsoft.AspNetCore.Cors.Infrastructure.CorsService | CORS policy execution successful.
2026-04-11 11:22:14.194 [INF] Microsoft.AspNetCore.Hosting.Diagnostics | Request finished HTTP/1.1 OPTIONS http://localhost:5217/hubs/employees/negotiate?negotiateVersion=1 - 204 null null 0.1453ms
2026-04-11 11:22:14.196 [INF] Microsoft.AspNetCore.Hosting.Diagnostics | Request starting HTTP/1.1 POST http://localhost:5217/hubs/employees/negotiate?negotiateVersion=1 - text/plain;charset=UTF-8 0
2026-04-11 11:22:14.196 [INF] Microsoft.AspNetCore.Cors.Infrastructure.CorsService | CORS policy execution successful.
2026-04-11 11:22:14.196 [INF] Microsoft.AspNetCore.Routing.EndpointMiddleware | Executing endpoint '/hubs/employees/negotiate'
2026-04-11 11:22:14.196 [INF] Microsoft.AspNetCore.Hosting.Diagnostics | Request starting HTTP/1.1 POST http://localhost:5217/hubs/employees/negotiate?negotiateVersion=1 - text/plain;charset=UTF-8 0
2026-04-11 11:22:14.196 [INF] Microsoft.AspNetCore.Cors.Infrastructure.CorsService | CORS policy execution successful.
2026-04-11 11:22:14.196 [INF] Microsoft.AspNetCore.Routing.EndpointMiddleware | Executed endpoint '/hubs/employees/negotiate'
2026-04-11 11:22:14.196 [INF] Serilog.AspNetCore.RequestLoggingMiddleware | HTTP POST /hubs/employees/negotiate → 200 (0.1ms)
2026-04-11 11:22:14.196 [INF] Microsoft.AspNetCore.Hosting.Diagnostics | Request finished HTTP/1.1 POST http://localhost:5217/hubs/employees/negotiate?negotiateVersion=1 - 200 316 application/json 0.3327ms
2026-04-11 11:22:14.196 [INF] Microsoft.AspNetCore.Routing.EndpointMiddleware | Executing endpoint '/hubs/employees/negotiate'
2026-04-11 11:22:14.196 [INF] Microsoft.AspNetCore.Routing.EndpointMiddleware | Executed endpoint '/hubs/employees/negotiate'
2026-04-11 11:22:14.196 [INF] Serilog.AspNetCore.RequestLoggingMiddleware | HTTP POST /hubs/employees/negotiate → 200 (0.1ms)
2026-04-11 11:22:14.196 [INF] Microsoft.AspNetCore.Hosting.Diagnostics | Request finished HTTP/1.1 POST http://localhost:5217/hubs/employees/negotiate?negotiateVersion=1 - 200 316 application/json 0.2327ms
2026-04-11 11:22:14.202 [INF] Microsoft.AspNetCore.Hosting.Diagnostics | Request starting HTTP/1.1 GET http://localhost:5217/hubs/employees?id=7nlAEtxgLplkeRHpnayUAQ&access_token=eyJhbGciOiJIUzI1NiIsInR5cCI6IkpXVCJ9.eyJuYW1laWQiOiIxOCIsInVuaXF1ZV9uYW1lIjoidmFzYW50aGFrdW1hciIsImVtYWlsIjoidmFzYW50aDIwMDR2a0BnbWFpbC5jb20iLCJyb2xlIjoiU3VwZXJBZG1pbiIsIk9yZ2FuaXphdGlvbklkIjoiMiIsIk9yZ2FuaXphdGlvbkxvZ28iOiIvdXBsb2Fkcy9vcmctbG9nb3Mvb3JnLWxvZ28tNTg3M2M0NzVkOTFkNGJiZDkwNDZkZWVjNjY3ZDEzNmMuanBnIiwibmJmIjoxNzc1ODg2MDA4LCJleHAiOjE3NzU5NzI0MDgsImlhdCI6MTc3NTg4NjAwOCwiaXNzIjoiUHJvRGVzWC1CYWNrZW5kIiwiYXVkIjoiUHJvRGVzWC1Gcm9udGVuZCJ9.epHRJ10F0iRfdbu5v9Q-fOThe3gMPMdXX7_sNnzHut4 - null null
2026-04-11 11:22:14.202 [INF] Microsoft.AspNetCore.Cors.Infrastructure.CorsService | CORS policy execution successful.
2026-04-11 11:22:14.203 [INF] Microsoft.AspNetCore.Routing.EndpointMiddleware | Executing endpoint '/hubs/employees'
2026-04-11 11:22:14.219 [INF] Microsoft.AspNetCore.Hosting.Diagnostics | Request starting HTTP/1.1 GET http://localhost:5217/hubs/employees?id=Ekxi-bqkiutcEVY-743g5w&access_token=eyJhbGciOiJIUzI1NiIsInR5cCI6IkpXVCJ9.eyJuYW1laWQiOiIxOCIsInVuaXF1ZV9uYW1lIjoidmFzYW50aGFrdW1hciIsImVtYWlsIjoidmFzYW50aDIwMDR2a0BnbWFpbC5jb20iLCJyb2xlIjoiU3VwZXJBZG1pbiIsIk9yZ2FuaXphdGlvbklkIjoiMiIsIk9yZ2FuaXphdGlvbkxvZ28iOiIvdXBsb2Fkcy9vcmctbG9nb3Mvb3JnLWxvZ28tNTg3M2M0NzVkOTFkNGJiZDkwNDZkZWVjNjY3ZDEzNmMuanBnIiwibmJmIjoxNzc1ODg2MDA4LCJleHAiOjE3NzU5NzI0MDgsImlhdCI6MTc3NTg4NjAwOCwiaXNzIjoiUHJvRGVzWC1CYWNrZW5kIiwiYXVkIjoiUHJvRGVzWC1Gcm9udGVuZCJ9.epHRJ10F0iRfdbu5v9Q-fOThe3gMPMdXX7_sNnzHut4 - null null
2026-04-11 11:22:14.219 [INF] Microsoft.AspNetCore.Cors.Infrastructure.CorsService | CORS policy execution successful.
2026-04-11 11:22:14.219 [INF] Microsoft.AspNetCore.Routing.EndpointMiddleware | Executing endpoint '/hubs/employees'
2026-04-11 11:24:17.225 [INF] Microsoft.AspNetCore.Routing.EndpointMiddleware | Executed endpoint '/hubs/employees'
2026-04-11 11:24:17.227 [INF] Serilog.AspNetCore.RequestLoggingMiddleware | HTTP GET /hubs/employees → 101 (123003.0ms)
2026-04-11 11:24:17.230 [INF] Microsoft.AspNetCore.Hosting.Diagnostics | Request finished HTTP/1.1 GET http://localhost:5217/hubs/employees?id=Ekxi-bqkiutcEVY-743g5w&access_token=eyJhbGciOiJIUzI1NiIsInR5cCI6IkpXVCJ9.eyJuYW1laWQiOiIxOCIsInVuaXF1ZV9uYW1lIjoidmFzYW50aGFrdW1hciIsImVtYWlsIjoidmFzYW50aDIwMDR2a0BnbWFpbC5jb20iLCJyb2xlIjoiU3VwZXJBZG1pbiIsIk9yZ2FuaXphdGlvbklkIjoiMiIsIk9yZ2FuaXphdGlvbkxvZ28iOiIvdXBsb2Fkcy9vcmctbG9nb3Mvb3JnLWxvZ28tNTg3M2M0NzVkOTFkNGJiZDkwNDZkZWVjNjY3ZDEzNmMuanBnIiwibmJmIjoxNzc1ODg2MDA4LCJleHAiOjE3NzU5NzI0MDgsImlhdCI6MTc3NTg4NjAwOCwiaXNzIjoiUHJvRGVzWC1CYWNrZW5kIiwiYXVkIjoiUHJvRGVzWC1Gcm9udGVuZCJ9.epHRJ10F0iRfdbu5v9Q-fOThe3gMPMdXX7_sNnzHut4 - 101 null null 123004.8368ms
2026-04-11 11:24:17.239 [INF] Microsoft.AspNetCore.Routing.EndpointMiddleware | Executed endpoint '/hubs/employees'
2026-04-11 11:24:17.241 [INF] Serilog.AspNetCore.RequestLoggingMiddleware | HTTP GET /hubs/employees → 101 (123033.4ms)
2026-04-11 11:24:17.243 [INF] Microsoft.AspNetCore.Hosting.Diagnostics | Request finished HTTP/1.1 GET http://localhost:5217/hubs/employees?id=7nlAEtxgLplkeRHpnayUAQ&access_token=eyJhbGciOiJIUzI1NiIsInR5cCI6IkpXVCJ9.eyJuYW1laWQiOiIxOCIsInVuaXF1ZV9uYW1lIjoidmFzYW50aGFrdW1hciIsImVtYWlsIjoidmFzYW50aDIwMDR2a0BnbWFpbC5jb20iLCJyb2xlIjoiU3VwZXJBZG1pbiIsIk9yZ2FuaXphdGlvbklkIjoiMiIsIk9yZ2FuaXphdGlvbkxvZ28iOiIvdXBsb2Fkcy9vcmctbG9nb3Mvb3JnLWxvZ28tNTg3M2M0NzVkOTFkNGJiZDkwNDZkZWVjNjY3ZDEzNmMuanBnIiwibmJmIjoxNzc1ODg2MDA4LCJleHAiOjE3NzU5NzI0MDgsImlhdCI6MTc3NTg4NjAwOCwiaXNzIjoiUHJvRGVzWC1CYWNrZW5kIiwiYXVkIjoiUHJvRGVzWC1Gcm9udGVuZCJ9.epHRJ10F0iRfdbu5v9Q-fOThe3gMPMdXX7_sNnzHut4 - 101 null null 123035.2688ms
2026-04-11 11:24:18.156 [INF] Microsoft.AspNetCore.Hosting.Diagnostics | Request starting HTTP/1.1 OPTIONS http://localhost:5217/hubs/employees/negotiate?negotiateVersion=1 - null null
2026-04-11 11:24:18.157 [INF] Microsoft.AspNetCore.Cors.Infrastructure.CorsService | CORS policy execution successful.
2026-04-11 11:24:18.157 [INF] Microsoft.AspNetCore.Hosting.Diagnostics | Request finished HTTP/1.1 OPTIONS http://localhost:5217/hubs/employees/negotiate?negotiateVersion=1 - 204 null null 0.3181ms
2026-04-11 11:24:18.158 [INF] Microsoft.AspNetCore.Hosting.Diagnostics | Request starting HTTP/1.1 OPTIONS http://localhost:5217/hubs/employees/negotiate?negotiateVersion=1 - null null
2026-04-11 11:24:18.158 [INF] Microsoft.AspNetCore.Cors.Infrastructure.CorsService | CORS policy execution successful.
2026-04-11 11:24:18.158 [INF] Microsoft.AspNetCore.Hosting.Diagnostics | Request finished HTTP/1.1 OPTIONS http://localhost:5217/hubs/employees/negotiate?negotiateVersion=1 - 204 null null 0.0928ms
2026-04-11 11:24:18.163 [INF] Microsoft.AspNetCore.Hosting.Diagnostics | Request starting HTTP/1.1 POST http://localhost:5217/hubs/employees/negotiate?negotiateVersion=1 - text/plain;charset=UTF-8 0
2026-04-11 11:24:18.163 [INF] Microsoft.AspNetCore.Hosting.Diagnostics | Request starting HTTP/1.1 POST http://localhost:5217/hubs/employees/negotiate?negotiateVersion=1 - text/plain;charset=UTF-8 0
2026-04-11 11:24:18.163 [INF] Microsoft.AspNetCore.Cors.Infrastructure.CorsService | CORS policy execution successful.
2026-04-11 11:24:18.163 [INF] Microsoft.AspNetCore.Cors.Infrastructure.CorsService | CORS policy execution successful.
2026-04-11 11:24:18.164 [INF] Microsoft.AspNetCore.Routing.EndpointMiddleware | Executing endpoint '/hubs/employees/negotiate'
2026-04-11 11:24:18.164 [INF] Microsoft.AspNetCore.Routing.EndpointMiddleware | Executed endpoint '/hubs/employees/negotiate'
2026-04-11 11:24:18.164 [INF] Serilog.AspNetCore.RequestLoggingMiddleware | HTTP POST /hubs/employees/negotiate → 200 (0.4ms)
2026-04-11 11:24:18.164 [INF] Microsoft.AspNetCore.Hosting.Diagnostics | Request finished HTTP/1.1 POST http://localhost:5217/hubs/employees/negotiate?negotiateVersion=1 - 200 316 application/json 0.831ms
2026-04-11 11:24:18.164 [INF] Microsoft.AspNetCore.Routing.EndpointMiddleware | Executing endpoint '/hubs/employees/negotiate'
2026-04-11 11:24:18.164 [INF] Microsoft.AspNetCore.Routing.EndpointMiddleware | Executed endpoint '/hubs/employees/negotiate'
2026-04-11 11:24:18.164 [INF] Serilog.AspNetCore.RequestLoggingMiddleware | HTTP POST /hubs/employees/negotiate → 200 (0.8ms)
2026-04-11 11:24:18.164 [INF] Microsoft.AspNetCore.Hosting.Diagnostics | Request finished HTTP/1.1 POST http://localhost:5217/hubs/employees/negotiate?negotiateVersion=1 - 200 316 application/json 1.1802ms
2026-04-11 11:24:18.373 [INF] Microsoft.AspNetCore.Hosting.Diagnostics | Request starting HTTP/1.1 GET http://localhost:5217/hubs/employees?id=bXueILk7Ilh3b8Ev2VLBEA&access_token=eyJhbGciOiJIUzI1NiIsInR5cCI6IkpXVCJ9.eyJuYW1laWQiOiIxOCIsInVuaXF1ZV9uYW1lIjoidmFzYW50aGFrdW1hciIsImVtYWlsIjoidmFzYW50aDIwMDR2a0BnbWFpbC5jb20iLCJyb2xlIjoiU3VwZXJBZG1pbiIsIk9yZ2FuaXphdGlvbklkIjoiMiIsIk9yZ2FuaXphdGlvbkxvZ28iOiIvdXBsb2Fkcy9vcmctbG9nb3Mvb3JnLWxvZ28tNTg3M2M0NzVkOTFkNGJiZDkwNDZkZWVjNjY3ZDEzNmMuanBnIiwibmJmIjoxNzc1ODg2MDA4LCJleHAiOjE3NzU5NzI0MDgsImlhdCI6MTc3NTg4NjAwOCwiaXNzIjoiUHJvRGVzWC1CYWNrZW5kIiwiYXVkIjoiUHJvRGVzWC1Gcm9udGVuZCJ9.epHRJ10F0iRfdbu5v9Q-fOThe3gMPMdXX7_sNnzHut4 - null null
2026-04-11 11:24:18.379 [INF] Microsoft.AspNetCore.Cors.Infrastructure.CorsService | CORS policy execution successful.
2026-04-11 11:24:18.379 [INF] Microsoft.AspNetCore.Routing.EndpointMiddleware | Executing endpoint '/hubs/employees'
2026-04-11 11:24:18.408 [INF] Microsoft.AspNetCore.Hosting.Diagnostics | Request starting HTTP/1.1 GET http://localhost:5217/hubs/employees?id=3wJTI3mCkbbf3C1A_CpTlA&access_token=eyJhbGciOiJIUzI1NiIsInR5cCI6IkpXVCJ9.eyJuYW1laWQiOiIxOCIsInVuaXF1ZV9uYW1lIjoidmFzYW50aGFrdW1hciIsImVtYWlsIjoidmFzYW50aDIwMDR2a0BnbWFpbC5jb20iLCJyb2xlIjoiU3VwZXJBZG1pbiIsIk9yZ2FuaXphdGlvbklkIjoiMiIsIk9yZ2FuaXphdGlvbkxvZ28iOiIvdXBsb2Fkcy9vcmctbG9nb3Mvb3JnLWxvZ28tNTg3M2M0NzVkOTFkNGJiZDkwNDZkZWVjNjY3ZDEzNmMuanBnIiwibmJmIjoxNzc1ODg2MDA4LCJleHAiOjE3NzU5NzI0MDgsImlhdCI6MTc3NTg4NjAwOCwiaXNzIjoiUHJvRGVzWC1CYWNrZW5kIiwiYXVkIjoiUHJvRGVzWC1Gcm9udGVuZCJ9.epHRJ10F0iRfdbu5v9Q-fOThe3gMPMdXX7_sNnzHut4 - null null
2026-04-11 11:24:18.408 [INF] Microsoft.AspNetCore.Cors.Infrastructure.CorsService | CORS policy execution successful.
2026-04-11 11:24:18.408 [INF] Microsoft.AspNetCore.Routing.EndpointMiddleware | Executing endpoint '/hubs/employees'
2026-04-11 11:28:06.203 [INF] Microsoft.AspNetCore.Routing.EndpointMiddleware | Executed endpoint '/hubs/employees'
2026-04-11 11:28:06.203 [INF] Microsoft.AspNetCore.Routing.EndpointMiddleware | Executed endpoint '/hubs/employees'
2026-04-11 11:28:06.203 [INF] Serilog.AspNetCore.RequestLoggingMiddleware | HTTP GET /hubs/employees → 101 (227786.6ms)
2026-04-11 11:28:06.203 [INF] Serilog.AspNetCore.RequestLoggingMiddleware | HTTP GET /hubs/employees → 101 (227815.4ms)
2026-04-11 11:28:06.204 [INF] Microsoft.AspNetCore.Hosting.Diagnostics | Request finished HTTP/1.1 GET http://localhost:5217/hubs/employees?id=3wJTI3mCkbbf3C1A_CpTlA&access_token=eyJhbGciOiJIUzI1NiIsInR5cCI6IkpXVCJ9.eyJuYW1laWQiOiIxOCIsInVuaXF1ZV9uYW1lIjoidmFzYW50aGFrdW1hciIsImVtYWlsIjoidmFzYW50aDIwMDR2a0BnbWFpbC5jb20iLCJyb2xlIjoiU3VwZXJBZG1pbiIsIk9yZ2FuaXphdGlvbklkIjoiMiIsIk9yZ2FuaXphdGlvbkxvZ28iOiIvdXBsb2Fkcy9vcmctbG9nb3Mvb3JnLWxvZ28tNTg3M2M0NzVkOTFkNGJiZDkwNDZkZWVjNjY3ZDEzNmMuanBnIiwibmJmIjoxNzc1ODg2MDA4LCJleHAiOjE3NzU5NzI0MDgsImlhdCI6MTc3NTg4NjAwOCwiaXNzIjoiUHJvRGVzWC1CYWNrZW5kIiwiYXVkIjoiUHJvRGVzWC1Gcm9udGVuZCJ9.epHRJ10F0iRfdbu5v9Q-fOThe3gMPMdXX7_sNnzHut4 - 101 null null 227787.0623ms
2026-04-11 11:28:06.204 [INF] Microsoft.AspNetCore.Hosting.Diagnostics | Request finished HTTP/1.1 GET http://localhost:5217/hubs/employees?id=bXueILk7Ilh3b8Ev2VLBEA&access_token=eyJhbGciOiJIUzI1NiIsInR5cCI6IkpXVCJ9.eyJuYW1laWQiOiIxOCIsInVuaXF1ZV9uYW1lIjoidmFzYW50aGFrdW1hciIsImVtYWlsIjoidmFzYW50aDIwMDR2a0BnbWFpbC5jb20iLCJyb2xlIjoiU3VwZXJBZG1pbiIsIk9yZ2FuaXphdGlvbklkIjoiMiIsIk9yZ2FuaXphdGlvbkxvZ28iOiIvdXBsb2Fkcy9vcmctbG9nb3Mvb3JnLWxvZ28tNTg3M2M0NzVkOTFkNGJiZDkwNDZkZWVjNjY3ZDEzNmMuanBnIiwibmJmIjoxNzc1ODg2MDA4LCJleHAiOjE3NzU5NzI0MDgsImlhdCI6MTc3NTg4NjAwOCwiaXNzIjoiUHJvRGVzWC1CYWNrZW5kIiwiYXVkIjoiUHJvRGVzWC1Gcm9udGVuZCJ9.epHRJ10F0iRfdbu5v9Q-fOThe3gMPMdXX7_sNnzHut4 - 101 null null 227822.5532ms
2026-04-11 11:28:06.211 [INF] Microsoft.AspNetCore.Hosting.Diagnostics | Request starting HTTP/1.1 OPTIONS http://localhost:5217/hubs/employees/negotiate?negotiateVersion=1 - null null
2026-04-11 11:28:06.211 [INF] Microsoft.AspNetCore.Cors.Infrastructure.CorsService | CORS policy execution successful.
2026-04-11 11:28:06.211 [INF] Microsoft.AspNetCore.Hosting.Diagnostics | Request finished HTTP/1.1 OPTIONS http://localhost:5217/hubs/employees/negotiate?negotiateVersion=1 - 204 null null 0.1507ms
2026-04-11 11:28:06.213 [INF] Microsoft.AspNetCore.Hosting.Diagnostics | Request starting HTTP/1.1 OPTIONS http://localhost:5217/hubs/employees/negotiate?negotiateVersion=1 - null null
2026-04-11 11:28:06.214 [INF] Microsoft.AspNetCore.Hosting.Diagnostics | Request starting HTTP/1.1 POST http://localhost:5217/hubs/employees/negotiate?negotiateVersion=1 - text/plain;charset=UTF-8 0
2026-04-11 11:28:06.217 [INF] Microsoft.AspNetCore.Cors.Infrastructure.CorsService | CORS policy execution successful.
2026-04-11 11:28:06.217 [INF] Microsoft.AspNetCore.Cors.Infrastructure.CorsService | CORS policy execution successful.
2026-04-11 11:28:06.217 [INF] Microsoft.AspNetCore.Hosting.Diagnostics | Request finished HTTP/1.1 OPTIONS http://localhost:5217/hubs/employees/negotiate?negotiateVersion=1 - 204 null null 3.9824ms
2026-04-11 11:28:06.218 [INF] Microsoft.AspNetCore.Routing.EndpointMiddleware | Executing endpoint '/hubs/employees/negotiate'
2026-04-11 11:28:06.218 [INF] Microsoft.AspNetCore.Routing.EndpointMiddleware | Executed endpoint '/hubs/employees/negotiate'
2026-04-11 11:28:06.218 [INF] Serilog.AspNetCore.RequestLoggingMiddleware | HTTP POST /hubs/employees/negotiate → 200 (0.1ms)
2026-04-11 11:28:06.218 [INF] Microsoft.AspNetCore.Hosting.Diagnostics | Request finished HTTP/1.1 POST http://localhost:5217/hubs/employees/negotiate?negotiateVersion=1 - 200 316 application/json 3.6487ms
2026-04-11 11:28:06.219 [INF] Microsoft.AspNetCore.Hosting.Diagnostics | Request starting HTTP/1.1 POST http://localhost:5217/hubs/employees/negotiate?negotiateVersion=1 - text/plain;charset=UTF-8 0
2026-04-11 11:28:06.219 [INF] Microsoft.AspNetCore.Cors.Infrastructure.CorsService | CORS policy execution successful.
2026-04-11 11:28:06.219 [INF] Microsoft.AspNetCore.Routing.EndpointMiddleware | Executing endpoint '/hubs/employees/negotiate'
2026-04-11 11:28:06.219 [INF] Microsoft.AspNetCore.Routing.EndpointMiddleware | Executed endpoint '/hubs/employees/negotiate'
2026-04-11 11:28:06.219 [INF] Serilog.AspNetCore.RequestLoggingMiddleware | HTTP POST /hubs/employees/negotiate → 200 (0.1ms)
2026-04-11 11:28:06.219 [INF] Microsoft.AspNetCore.Hosting.Diagnostics | Request finished HTTP/1.1 POST http://localhost:5217/hubs/employees/negotiate?negotiateVersion=1 - 200 316 application/json 0.2472ms
2026-04-11 11:28:06.226 [INF] Microsoft.AspNetCore.Hosting.Diagnostics | Request starting HTTP/1.1 GET http://localhost:5217/hubs/employees?id=-goQRhHxoB7pnRsLXG_TXg&access_token=eyJhbGciOiJIUzI1NiIsInR5cCI6IkpXVCJ9.eyJuYW1laWQiOiIxOCIsInVuaXF1ZV9uYW1lIjoidmFzYW50aGFrdW1hciIsImVtYWlsIjoidmFzYW50aDIwMDR2a0BnbWFpbC5jb20iLCJyb2xlIjoiU3VwZXJBZG1pbiIsIk9yZ2FuaXphdGlvbklkIjoiMiIsIk9yZ2FuaXphdGlvbkxvZ28iOiIvdXBsb2Fkcy9vcmctbG9nb3Mvb3JnLWxvZ28tNTg3M2M0NzVkOTFkNGJiZDkwNDZkZWVjNjY3ZDEzNmMuanBnIiwibmJmIjoxNzc1ODg2MDA4LCJleHAiOjE3NzU5NzI0MDgsImlhdCI6MTc3NTg4NjAwOCwiaXNzIjoiUHJvRGVzWC1CYWNrZW5kIiwiYXVkIjoiUHJvRGVzWC1Gcm9udGVuZCJ9.epHRJ10F0iRfdbu5v9Q-fOThe3gMPMdXX7_sNnzHut4 - null null
2026-04-11 11:28:06.226 [INF] Microsoft.AspNetCore.Cors.Infrastructure.CorsService | CORS policy execution successful.
2026-04-11 11:28:06.226 [INF] Microsoft.AspNetCore.Routing.EndpointMiddleware | Executing endpoint '/hubs/employees'
2026-04-11 11:28:06.250 [INF] Microsoft.AspNetCore.Hosting.Diagnostics | Request starting HTTP/1.1 GET http://localhost:5217/hubs/employees?id=Nyo4TOsJXBMh-vKsKqILTw&access_token=eyJhbGciOiJIUzI1NiIsInR5cCI6IkpXVCJ9.eyJuYW1laWQiOiIxOCIsInVuaXF1ZV9uYW1lIjoidmFzYW50aGFrdW1hciIsImVtYWlsIjoidmFzYW50aDIwMDR2a0BnbWFpbC5jb20iLCJyb2xlIjoiU3VwZXJBZG1pbiIsIk9yZ2FuaXphdGlvbklkIjoiMiIsIk9yZ2FuaXphdGlvbkxvZ28iOiIvdXBsb2Fkcy9vcmctbG9nb3Mvb3JnLWxvZ28tNTg3M2M0NzVkOTFkNGJiZDkwNDZkZWVjNjY3ZDEzNmMuanBnIiwibmJmIjoxNzc1ODg2MDA4LCJleHAiOjE3NzU5NzI0MDgsImlhdCI6MTc3NTg4NjAwOCwiaXNzIjoiUHJvRGVzWC1CYWNrZW5kIiwiYXVkIjoiUHJvRGVzWC1Gcm9udGVuZCJ9.epHRJ10F0iRfdbu5v9Q-fOThe3gMPMdXX7_sNnzHut4 - null null
2026-04-11 11:28:06.250 [INF] Microsoft.AspNetCore.Cors.Infrastructure.CorsService | CORS policy execution successful.
2026-04-11 11:28:06.251 [INF] Microsoft.AspNetCore.Routing.EndpointMiddleware | Executing endpoint '/hubs/employees'
2026-04-11 11:30:10.214 [INF] Microsoft.AspNetCore.Routing.EndpointMiddleware | Executed endpoint '/hubs/employees'
2026-04-11 11:30:10.214 [INF] Serilog.AspNetCore.RequestLoggingMiddleware | HTTP GET /hubs/employees → 101 (123960.1ms)
2026-04-11 11:30:10.214 [INF] Microsoft.AspNetCore.Hosting.Diagnostics | Request finished HTTP/1.1 GET http://localhost:5217/hubs/employees?id=Nyo4TOsJXBMh-vKsKqILTw&access_token=eyJhbGciOiJIUzI1NiIsInR5cCI6IkpXVCJ9.eyJuYW1laWQiOiIxOCIsInVuaXF1ZV9uYW1lIjoidmFzYW50aGFrdW1hciIsImVtYWlsIjoidmFzYW50aDIwMDR2a0BnbWFpbC5jb20iLCJyb2xlIjoiU3VwZXJBZG1pbiIsIk9yZ2FuaXphdGlvbklkIjoiMiIsIk9yZ2FuaXphdGlvbkxvZ28iOiIvdXBsb2Fkcy9vcmctbG9nb3Mvb3JnLWxvZ28tNTg3M2M0NzVkOTFkNGJiZDkwNDZkZWVjNjY3ZDEzNmMuanBnIiwibmJmIjoxNzc1ODg2MDA4LCJleHAiOjE3NzU5NzI0MDgsImlhdCI6MTc3NTg4NjAwOCwiaXNzIjoiUHJvRGVzWC1CYWNrZW5kIiwiYXVkIjoiUHJvRGVzWC1Gcm9udGVuZCJ9.epHRJ10F0iRfdbu5v9Q-fOThe3gMPMdXX7_sNnzHut4 - 101 null null 123960.4638ms
2026-04-11 11:30:10.215 [INF] Microsoft.AspNetCore.Routing.EndpointMiddleware | Executed endpoint '/hubs/employees'
2026-04-11 11:30:10.215 [INF] Serilog.AspNetCore.RequestLoggingMiddleware | HTTP GET /hubs/employees → 101 (123984.9ms)
2026-04-11 11:30:10.215 [INF] Microsoft.AspNetCore.Hosting.Diagnostics | Request finished HTTP/1.1 GET http://localhost:5217/hubs/employees?id=-goQRhHxoB7pnRsLXG_TXg&access_token=eyJhbGciOiJIUzI1NiIsInR5cCI6IkpXVCJ9.eyJuYW1laWQiOiIxOCIsInVuaXF1ZV9uYW1lIjoidmFzYW50aGFrdW1hciIsImVtYWlsIjoidmFzYW50aDIwMDR2a0BnbWFpbC5jb20iLCJyb2xlIjoiU3VwZXJBZG1pbiIsIk9yZ2FuaXphdGlvbklkIjoiMiIsIk9yZ2FuaXphdGlvbkxvZ28iOiIvdXBsb2Fkcy9vcmctbG9nb3Mvb3JnLWxvZ28tNTg3M2M0NzVkOTFkNGJiZDkwNDZkZWVjNjY3ZDEzNmMuanBnIiwibmJmIjoxNzc1ODg2MDA4LCJleHAiOjE3NzU5NzI0MDgsImlhdCI6MTc3NTg4NjAwOCwiaXNzIjoiUHJvRGVzWC1CYWNrZW5kIiwiYXVkIjoiUHJvRGVzWC1Gcm9udGVuZCJ9.epHRJ10F0iRfdbu5v9Q-fOThe3gMPMdXX7_sNnzHut4 - 101 null null 123985.1649ms
2026-04-11 11:30:10.221 [INF] Microsoft.AspNetCore.Hosting.Diagnostics | Request starting HTTP/1.1 OPTIONS http://localhost:5217/hubs/employees/negotiate?negotiateVersion=1 - null null
2026-04-11 11:30:10.221 [INF] Microsoft.AspNetCore.Cors.Infrastructure.CorsService | CORS policy execution successful.
2026-04-11 11:30:10.221 [INF] Microsoft.AspNetCore.Hosting.Diagnostics | Request finished HTTP/1.1 OPTIONS http://localhost:5217/hubs/employees/negotiate?negotiateVersion=1 - 204 null null 0.1402ms
2026-04-11 11:30:10.223 [INF] Microsoft.AspNetCore.Hosting.Diagnostics | Request starting HTTP/1.1 OPTIONS http://localhost:5217/hubs/employees/negotiate?negotiateVersion=1 - null null
2026-04-11 11:30:10.223 [INF] Microsoft.AspNetCore.Cors.Infrastructure.CorsService | CORS policy execution successful.
2026-04-11 11:30:10.223 [INF] Microsoft.AspNetCore.Hosting.Diagnostics | Request finished HTTP/1.1 OPTIONS http://localhost:5217/hubs/employees/negotiate?negotiateVersion=1 - 204 null null 0.1231ms
2026-04-11 11:30:10.224 [INF] Microsoft.AspNetCore.Hosting.Diagnostics | Request starting HTTP/1.1 POST http://localhost:5217/hubs/employees/negotiate?negotiateVersion=1 - text/plain;charset=UTF-8 0
2026-04-11 11:30:10.224 [INF] Microsoft.AspNetCore.Cors.Infrastructure.CorsService | CORS policy execution successful.
2026-04-11 11:30:10.224 [INF] Microsoft.AspNetCore.Routing.EndpointMiddleware | Executing endpoint '/hubs/employees/negotiate'
2026-04-11 11:30:10.224 [INF] Microsoft.AspNetCore.Routing.EndpointMiddleware | Executed endpoint '/hubs/employees/negotiate'
2026-04-11 11:30:10.224 [INF] Serilog.AspNetCore.RequestLoggingMiddleware | HTTP POST /hubs/employees/negotiate → 200 (0.2ms)
2026-04-11 11:30:10.224 [INF] Microsoft.AspNetCore.Hosting.Diagnostics | Request finished HTTP/1.1 POST http://localhost:5217/hubs/employees/negotiate?negotiateVersion=1 - 200 316 application/json 0.5628ms
2026-04-11 11:30:10.224 [INF] Microsoft.AspNetCore.Hosting.Diagnostics | Request starting HTTP/1.1 POST http://localhost:5217/hubs/employees/negotiate?negotiateVersion=1 - text/plain;charset=UTF-8 0
2026-04-11 11:30:10.224 [INF] Microsoft.AspNetCore.Cors.Infrastructure.CorsService | CORS policy execution successful.
2026-04-11 11:30:10.225 [INF] Microsoft.AspNetCore.Routing.EndpointMiddleware | Executing endpoint '/hubs/employees/negotiate'
2026-04-11 11:30:10.225 [INF] Microsoft.AspNetCore.Routing.EndpointMiddleware | Executed endpoint '/hubs/employees/negotiate'
2026-04-11 11:30:10.225 [INF] Serilog.AspNetCore.RequestLoggingMiddleware | HTTP POST /hubs/employees/negotiate → 200 (0.1ms)
2026-04-11 11:30:10.225 [INF] Microsoft.AspNetCore.Hosting.Diagnostics | Request finished HTTP/1.1 POST http://localhost:5217/hubs/employees/negotiate?negotiateVersion=1 - 200 316 application/json 0.2391ms
2026-04-11 11:30:10.232 [INF] Microsoft.AspNetCore.Hosting.Diagnostics | Request starting HTTP/1.1 GET http://localhost:5217/hubs/employees?id=5rTusv_VNlN44mwwbk8bIw&access_token=eyJhbGciOiJIUzI1NiIsInR5cCI6IkpXVCJ9.eyJuYW1laWQiOiIxOCIsInVuaXF1ZV9uYW1lIjoidmFzYW50aGFrdW1hciIsImVtYWlsIjoidmFzYW50aDIwMDR2a0BnbWFpbC5jb20iLCJyb2xlIjoiU3VwZXJBZG1pbiIsIk9yZ2FuaXphdGlvbklkIjoiMiIsIk9yZ2FuaXphdGlvbkxvZ28iOiIvdXBsb2Fkcy9vcmctbG9nb3Mvb3JnLWxvZ28tNTg3M2M0NzVkOTFkNGJiZDkwNDZkZWVjNjY3ZDEzNmMuanBnIiwibmJmIjoxNzc1ODg2MDA4LCJleHAiOjE3NzU5NzI0MDgsImlhdCI6MTc3NTg4NjAwOCwiaXNzIjoiUHJvRGVzWC1CYWNrZW5kIiwiYXVkIjoiUHJvRGVzWC1Gcm9udGVuZCJ9.epHRJ10F0iRfdbu5v9Q-fOThe3gMPMdXX7_sNnzHut4 - null null
2026-04-11 11:30:10.232 [INF] Microsoft.AspNetCore.Cors.Infrastructure.CorsService | CORS policy execution successful.
2026-04-11 11:30:10.232 [INF] Microsoft.AspNetCore.Routing.EndpointMiddleware | Executing endpoint '/hubs/employees'
2026-04-11 11:30:10.245 [INF] Microsoft.AspNetCore.Hosting.Diagnostics | Request starting HTTP/1.1 GET http://localhost:5217/hubs/employees?id=AgzTGm60tg9Fcy4O7LuIBg&access_token=eyJhbGciOiJIUzI1NiIsInR5cCI6IkpXVCJ9.eyJuYW1laWQiOiIxOCIsInVuaXF1ZV9uYW1lIjoidmFzYW50aGFrdW1hciIsImVtYWlsIjoidmFzYW50aDIwMDR2a0BnbWFpbC5jb20iLCJyb2xlIjoiU3VwZXJBZG1pbiIsIk9yZ2FuaXphdGlvbklkIjoiMiIsIk9yZ2FuaXphdGlvbkxvZ28iOiIvdXBsb2Fkcy9vcmctbG9nb3Mvb3JnLWxvZ28tNTg3M2M0NzVkOTFkNGJiZDkwNDZkZWVjNjY3ZDEzNmMuanBnIiwibmJmIjoxNzc1ODg2MDA4LCJleHAiOjE3NzU5NzI0MDgsImlhdCI6MTc3NTg4NjAwOCwiaXNzIjoiUHJvRGVzWC1CYWNrZW5kIiwiYXVkIjoiUHJvRGVzWC1Gcm9udGVuZCJ9.epHRJ10F0iRfdbu5v9Q-fOThe3gMPMdXX7_sNnzHut4 - null null
2026-04-11 11:30:10.246 [INF] Microsoft.AspNetCore.Cors.Infrastructure.CorsService | CORS policy execution successful.
2026-04-11 11:30:10.246 [INF] Microsoft.AspNetCore.Routing.EndpointMiddleware | Executing endpoint '/hubs/employees'
2026-04-11 11:32:15.210 [INF] Microsoft.AspNetCore.Routing.EndpointMiddleware | Executed endpoint '/hubs/employees'
2026-04-11 11:32:15.210 [INF] Serilog.AspNetCore.RequestLoggingMiddleware | HTTP GET /hubs/employees → 101 (124961.0ms)
2026-04-11 11:32:15.210 [INF] Microsoft.AspNetCore.Routing.EndpointMiddleware | Executed endpoint '/hubs/employees'
2026-04-11 11:32:15.210 [INF] Microsoft.AspNetCore.Hosting.Diagnostics | Request finished HTTP/1.1 GET http://localhost:5217/hubs/employees?id=AgzTGm60tg9Fcy4O7LuIBg&access_token=eyJhbGciOiJIUzI1NiIsInR5cCI6IkpXVCJ9.eyJuYW1laWQiOiIxOCIsInVuaXF1ZV9uYW1lIjoidmFzYW50aGFrdW1hciIsImVtYWlsIjoidmFzYW50aDIwMDR2a0BnbWFpbC5jb20iLCJyb2xlIjoiU3VwZXJBZG1pbiIsIk9yZ2FuaXphdGlvbklkIjoiMiIsIk9yZ2FuaXphdGlvbkxvZ28iOiIvdXBsb2Fkcy9vcmctbG9nb3Mvb3JnLWxvZ28tNTg3M2M0NzVkOTFkNGJiZDkwNDZkZWVjNjY3ZDEzNmMuanBnIiwibmJmIjoxNzc1ODg2MDA4LCJleHAiOjE3NzU5NzI0MDgsImlhdCI6MTc3NTg4NjAwOCwiaXNzIjoiUHJvRGVzWC1CYWNrZW5kIiwiYXVkIjoiUHJvRGVzWC1Gcm9udGVuZCJ9.epHRJ10F0iRfdbu5v9Q-fOThe3gMPMdXX7_sNnzHut4 - 101 null null 124961.3356ms
2026-04-11 11:32:15.210 [INF] Serilog.AspNetCore.RequestLoggingMiddleware | HTTP GET /hubs/employees → 101 (124974.4ms)
2026-04-11 11:32:15.211 [INF] Microsoft.AspNetCore.Hosting.Diagnostics | Request finished HTTP/1.1 GET http://localhost:5217/hubs/employees?id=5rTusv_VNlN44mwwbk8bIw&access_token=eyJhbGciOiJIUzI1NiIsInR5cCI6IkpXVCJ9.eyJuYW1laWQiOiIxOCIsInVuaXF1ZV9uYW1lIjoidmFzYW50aGFrdW1hciIsImVtYWlsIjoidmFzYW50aDIwMDR2a0BnbWFpbC5jb20iLCJyb2xlIjoiU3VwZXJBZG1pbiIsIk9yZ2FuaXphdGlvbklkIjoiMiIsIk9yZ2FuaXphdGlvbkxvZ28iOiIvdXBsb2Fkcy9vcmctbG9nb3Mvb3JnLWxvZ28tNTg3M2M0NzVkOTFkNGJiZDkwNDZkZWVjNjY3ZDEzNmMuanBnIiwibmJmIjoxNzc1ODg2MDA4LCJleHAiOjE3NzU5NzI0MDgsImlhdCI6MTc3NTg4NjAwOCwiaXNzIjoiUHJvRGVzWC1CYWNrZW5kIiwiYXVkIjoiUHJvRGVzWC1Gcm9udGVuZCJ9.epHRJ10F0iRfdbu5v9Q-fOThe3gMPMdXX7_sNnzHut4 - 101 null null 124974.7493ms
2026-04-11 11:32:15.217 [INF] Microsoft.AspNetCore.Hosting.Diagnostics | Request starting HTTP/1.1 OPTIONS http://localhost:5217/hubs/employees/negotiate?negotiateVersion=1 - null null
2026-04-11 11:32:15.217 [INF] Microsoft.AspNetCore.Cors.Infrastructure.CorsService | CORS policy execution successful.
2026-04-11 11:32:15.217 [INF] Microsoft.AspNetCore.Hosting.Diagnostics | Request finished HTTP/1.1 OPTIONS http://localhost:5217/hubs/employees/negotiate?negotiateVersion=1 - 204 null null 0.1276ms
2026-04-11 11:32:15.219 [INF] Microsoft.AspNetCore.Hosting.Diagnostics | Request starting HTTP/1.1 OPTIONS http://localhost:5217/hubs/employees/negotiate?negotiateVersion=1 - null null
2026-04-11 11:32:15.219 [INF] Microsoft.AspNetCore.Cors.Infrastructure.CorsService | CORS policy execution successful.
2026-04-11 11:32:15.219 [INF] Microsoft.AspNetCore.Hosting.Diagnostics | Request finished HTTP/1.1 OPTIONS http://localhost:5217/hubs/employees/negotiate?negotiateVersion=1 - 204 null null 0.096ms
2026-04-11 11:32:15.221 [INF] Microsoft.AspNetCore.Hosting.Diagnostics | Request starting HTTP/1.1 POST http://localhost:5217/hubs/employees/negotiate?negotiateVersion=1 - text/plain;charset=UTF-8 0
2026-04-11 11:32:15.222 [INF] Microsoft.AspNetCore.Cors.Infrastructure.CorsService | CORS policy execution successful.
2026-04-11 11:32:15.222 [INF] Microsoft.AspNetCore.Routing.EndpointMiddleware | Executing endpoint '/hubs/employees/negotiate'
2026-04-11 11:32:15.222 [INF] Microsoft.AspNetCore.Routing.EndpointMiddleware | Executed endpoint '/hubs/employees/negotiate'
2026-04-11 11:32:15.222 [INF] Serilog.AspNetCore.RequestLoggingMiddleware | HTTP POST /hubs/employees/negotiate → 200 (0.2ms)
2026-04-11 11:32:15.222 [INF] Microsoft.AspNetCore.Hosting.Diagnostics | Request finished HTTP/1.1 POST http://localhost:5217/hubs/employees/negotiate?negotiateVersion=1 - 200 316 application/json 0.4464ms
2026-04-11 11:32:15.223 [INF] Microsoft.AspNetCore.Hosting.Diagnostics | Request starting HTTP/1.1 POST http://localhost:5217/hubs/employees/negotiate?negotiateVersion=1 - text/plain;charset=UTF-8 0
2026-04-11 11:32:15.223 [INF] Microsoft.AspNetCore.Cors.Infrastructure.CorsService | CORS policy execution successful.
2026-04-11 11:32:15.223 [INF] Microsoft.AspNetCore.Routing.EndpointMiddleware | Executing endpoint '/hubs/employees/negotiate'
2026-04-11 11:32:15.223 [INF] Microsoft.AspNetCore.Routing.EndpointMiddleware | Executed endpoint '/hubs/employees/negotiate'
2026-04-11 11:32:15.223 [INF] Serilog.AspNetCore.RequestLoggingMiddleware | HTTP POST /hubs/employees/negotiate → 200 (0.1ms)
2026-04-11 11:32:15.223 [INF] Microsoft.AspNetCore.Hosting.Diagnostics | Request finished HTTP/1.1 POST http://localhost:5217/hubs/employees/negotiate?negotiateVersion=1 - 200 316 application/json 0.2128ms
2026-04-11 11:32:15.231 [INF] Microsoft.AspNetCore.Hosting.Diagnostics | Request starting HTTP/1.1 GET http://localhost:5217/hubs/employees?id=ic12cDCAd5ufLJaFA89M3g&access_token=eyJhbGciOiJIUzI1NiIsInR5cCI6IkpXVCJ9.eyJuYW1laWQiOiIxOCIsInVuaXF1ZV9uYW1lIjoidmFzYW50aGFrdW1hciIsImVtYWlsIjoidmFzYW50aDIwMDR2a0BnbWFpbC5jb20iLCJyb2xlIjoiU3VwZXJBZG1pbiIsIk9yZ2FuaXphdGlvbklkIjoiMiIsIk9yZ2FuaXphdGlvbkxvZ28iOiIvdXBsb2Fkcy9vcmctbG9nb3Mvb3JnLWxvZ28tNTg3M2M0NzVkOTFkNGJiZDkwNDZkZWVjNjY3ZDEzNmMuanBnIiwibmJmIjoxNzc1ODg2MDA4LCJleHAiOjE3NzU5NzI0MDgsImlhdCI6MTc3NTg4NjAwOCwiaXNzIjoiUHJvRGVzWC1CYWNrZW5kIiwiYXVkIjoiUHJvRGVzWC1Gcm9udGVuZCJ9.epHRJ10F0iRfdbu5v9Q-fOThe3gMPMdXX7_sNnzHut4 - null null
2026-04-11 11:32:15.231 [INF] Microsoft.AspNetCore.Cors.Infrastructure.CorsService | CORS policy execution successful.
2026-04-11 11:32:15.231 [INF] Microsoft.AspNetCore.Routing.EndpointMiddleware | Executing endpoint '/hubs/employees'
2026-04-11 11:32:15.259 [INF] Microsoft.AspNetCore.Hosting.Diagnostics | Request starting HTTP/1.1 GET http://localhost:5217/hubs/employees?id=dAnIttxe0B4VIqbypfNj2g&access_token=eyJhbGciOiJIUzI1NiIsInR5cCI6IkpXVCJ9.eyJuYW1laWQiOiIxOCIsInVuaXF1ZV9uYW1lIjoidmFzYW50aGFrdW1hciIsImVtYWlsIjoidmFzYW50aDIwMDR2a0BnbWFpbC5jb20iLCJyb2xlIjoiU3VwZXJBZG1pbiIsIk9yZ2FuaXphdGlvbklkIjoiMiIsIk9yZ2FuaXphdGlvbkxvZ28iOiIvdXBsb2Fkcy9vcmctbG9nb3Mvb3JnLWxvZ28tNTg3M2M0NzVkOTFkNGJiZDkwNDZkZWVjNjY3ZDEzNmMuanBnIiwibmJmIjoxNzc1ODg2MDA4LCJleHAiOjE3NzU5NzI0MDgsImlhdCI6MTc3NTg4NjAwOCwiaXNzIjoiUHJvRGVzWC1CYWNrZW5kIiwiYXVkIjoiUHJvRGVzWC1Gcm9udGVuZCJ9.epHRJ10F0iRfdbu5v9Q-fOThe3gMPMdXX7_sNnzHut4 - null null
2026-04-11 11:32:15.259 [INF] Microsoft.AspNetCore.Cors.Infrastructure.CorsService | CORS policy execution successful.
2026-04-11 11:32:15.259 [INF] Microsoft.AspNetCore.Routing.EndpointMiddleware | Executing endpoint '/hubs/employees'
2026-04-11 11:33:25.971 [INF] Microsoft.Hosting.Lifetime | Application is shutting down...
2026-04-11 11:33:25.977 [INF] Microsoft.AspNetCore.Server.Kestrel.Connections | Connection id "0HNKNH8LEMKG0", Request id "0HNKNH8LEMKG0:00000001": the application aborted the connection.
2026-04-11 11:33:25.980 [INF] Microsoft.AspNetCore.Server.Kestrel.Connections | Connection id "0HNKNH8LEMKFV", Request id "0HNKNH8LEMKFV:00000001": the application aborted the connection.
2026-04-11 11:33:25.987 [INF] Microsoft.AspNetCore.Hosting.Diagnostics | Request starting HTTP/1.1 OPTIONS http://localhost:5217/hubs/employees/negotiate?negotiateVersion=1 - null null
2026-04-11 11:33:25.987 [INF] Microsoft.AspNetCore.Cors.Infrastructure.CorsService | CORS policy execution successful.
2026-04-11 11:33:25.987 [INF] Microsoft.AspNetCore.Hosting.Diagnostics | Request finished HTTP/1.1 OPTIONS http://localhost:5217/hubs/employees/negotiate?negotiateVersion=1 - 204 null null 0.184ms
2026-04-11 11:33:25.988 [INF] Microsoft.AspNetCore.Routing.EndpointMiddleware | Executed endpoint '/hubs/employees'
2026-04-11 11:33:25.988 [INF] Serilog.AspNetCore.RequestLoggingMiddleware | HTTP GET /hubs/employees → 101 (70755.3ms)
2026-04-11 11:33:25.988 [INF] Microsoft.AspNetCore.Hosting.Diagnostics | Request finished HTTP/1.1 GET http://localhost:5217/hubs/employees?id=ic12cDCAd5ufLJaFA89M3g&access_token=eyJhbGciOiJIUzI1NiIsInR5cCI6IkpXVCJ9.eyJuYW1laWQiOiIxOCIsInVuaXF1ZV9uYW1lIjoidmFzYW50aGFrdW1hciIsImVtYWlsIjoidmFzYW50aDIwMDR2a0BnbWFpbC5jb20iLCJyb2xlIjoiU3VwZXJBZG1pbiIsIk9yZ2FuaXphdGlvbklkIjoiMiIsIk9yZ2FuaXphdGlvbkxvZ28iOiIvdXBsb2Fkcy9vcmctbG9nb3Mvb3JnLWxvZ28tNTg3M2M0NzVkOTFkNGJiZDkwNDZkZWVjNjY3ZDEzNmMuanBnIiwibmJmIjoxNzc1ODg2MDA4LCJleHAiOjE3NzU5NzI0MDgsImlhdCI6MTc3NTg4NjAwOCwiaXNzIjoiUHJvRGVzWC1CYWNrZW5kIiwiYXVkIjoiUHJvRGVzWC1Gcm9udGVuZCJ9.epHRJ10F0iRfdbu5v9Q-fOThe3gMPMdXX7_sNnzHut4 - 101 null null 70755.5627ms
2026-04-11 11:33:25.990 [INF] Microsoft.AspNetCore.Routing.EndpointMiddleware | Executed endpoint '/hubs/employees'
2026-04-11 11:33:25.990 [INF] Serilog.AspNetCore.RequestLoggingMiddleware | HTTP GET /hubs/employees → 101 (70728.5ms)
2026-04-11 11:33:25.990 [INF] Microsoft.AspNetCore.Hosting.Diagnostics | Request finished HTTP/1.1 GET http://localhost:5217/hubs/employees?id=dAnIttxe0B4VIqbypfNj2g&access_token=eyJhbGciOiJIUzI1NiIsInR5cCI6IkpXVCJ9.eyJuYW1laWQiOiIxOCIsInVuaXF1ZV9uYW1lIjoidmFzYW50aGFrdW1hciIsImVtYWlsIjoidmFzYW50aDIwMDR2a0BnbWFpbC5jb20iLCJyb2xlIjoiU3VwZXJBZG1pbiIsIk9yZ2FuaXphdGlvbklkIjoiMiIsIk9yZ2FuaXphdGlvbkxvZ28iOiIvdXBsb2Fkcy9vcmctbG9nb3Mvb3JnLWxvZ28tNTg3M2M0NzVkOTFkNGJiZDkwNDZkZWVjNjY3ZDEzNmMuanBnIiwibmJmIjoxNzc1ODg2MDA4LCJleHAiOjE3NzU5NzI0MDgsImlhdCI6MTc3NTg4NjAwOCwiaXNzIjoiUHJvRGVzWC1CYWNrZW5kIiwiYXVkIjoiUHJvRGVzWC1Gcm9udGVuZCJ9.epHRJ10F0iRfdbu5v9Q-fOThe3gMPMdXX7_sNnzHut4 - 101 null null 70728.7707ms
2026-04-11 11:33:25.990 [INF] Microsoft.AspNetCore.Hosting.Diagnostics | Request starting HTTP/1.1 POST http://localhost:5217/hubs/employees/negotiate?negotiateVersion=1 - text/plain;charset=UTF-8 0
2026-04-11 11:33:25.990 [INF] Microsoft.AspNetCore.Cors.Infrastructure.CorsService | CORS policy execution successful.
2026-04-11 11:33:25.990 [INF] Microsoft.AspNetCore.Routing.EndpointMiddleware | Executing endpoint '/hubs/employees/negotiate'
2026-04-11 11:33:25.990 [INF] Microsoft.AspNetCore.Routing.EndpointMiddleware | Executed endpoint '/hubs/employees/negotiate'
2026-04-11 11:33:25.990 [INF] Serilog.AspNetCore.RequestLoggingMiddleware | HTTP POST /hubs/employees/negotiate → 200 (0.1ms)
2026-04-11 11:33:25.990 [INF] Microsoft.AspNetCore.Hosting.Diagnostics | Request finished HTTP/1.1 POST http://localhost:5217/hubs/employees/negotiate?negotiateVersion=1 - 200 316 application/json 0.4464ms
2026-04-11 11:33:25.992 [INF] Microsoft.AspNetCore.Hosting.Diagnostics | Request starting HTTP/1.1 POST http://localhost:5217/hubs/employees/negotiate?negotiateVersion=1 - text/plain;charset=UTF-8 0
2026-04-11 11:33:25.992 [INF] Microsoft.AspNetCore.Cors.Infrastructure.CorsService | CORS policy execution successful.
2026-04-11 11:33:25.992 [INF] Microsoft.AspNetCore.Routing.EndpointMiddleware | Executing endpoint '/hubs/employees/negotiate'
2026-04-11 11:33:25.992 [INF] Microsoft.AspNetCore.Routing.EndpointMiddleware | Executed endpoint '/hubs/employees/negotiate'
2026-04-11 11:33:25.992 [INF] Serilog.AspNetCore.RequestLoggingMiddleware | HTTP POST /hubs/employees/negotiate → 200 (0.1ms)
2026-04-11 11:33:25.992 [INF] Microsoft.AspNetCore.Hosting.Diagnostics | Request finished HTTP/1.1 POST http://localhost:5217/hubs/employees/negotiate?negotiateVersion=1 - 200 316 application/json 0.4068ms
2026-04-11 11:33:40.984 [INF]  | === ProDesX-HRM Backend Starting (Migrations Rev 5: Explicit Columns) ===
2026-04-11 11:33:41.290 [INF]  | === ProDesX-HRM Backend Starting (Migrations Rev 4: Clean GOs) ===
2026-04-11 11:33:42.124 [INF]  | [DB] Connected to: 103.235.104.197 | proxPayroll
2026-04-11 11:33:42.381 [INF]  | [DB] Database exists. Running migrations.sql...
2026-04-11 11:33:46.313 [WRN]  | [DB] Batch skipped in migrations.sql: Invalid column name 'EmployeeId'.
2026-04-11 11:33:46.430 [WRN]  | [DB] Batch skipped in migrations.sql: Invalid column name 'EmployeeId'.
2026-04-11 11:33:51.052 [WRN]  | [DB] Batch skipped in migrations.sql: 'CREATE/ALTER PROCEDURE' must be the first statement in a query batch.
2026-04-11 11:33:52.273 [INF]  | [DB] Finished running migrations.sql. 155 batches applied, 3 skipped.
2026-04-11 11:33:52.628 [WRN]  | [DB] Procedure apply skipped: Invalid column name 'EmployeeId'.
2026-04-11 11:33:52.646 [WRN]  | [DB] Procedure apply skipped: Invalid column name 'EmployeeId'.
2026-04-11 11:33:54.377 [INF]  | [DB] Procedures refreshed (CREATE OR ALTER). 136 applied, 2 skipped.
2026-04-11 11:33:54.377 [INF]  | [DB] Migrations complete.
2026-04-11 11:33:55.241 [INF]  | === Backend running at http://localhost:5217 ===
2026-04-11 11:33:55.327 [INF] Microsoft.AspNetCore.DataProtection.KeyManagement.XmlKeyManager | User profile is available. Using 'C:\Users\vasanth\AppData\Local\ASP.NET\DataProtection-Keys' as key repository and Windows DPAPI to encrypt keys at rest.
2026-04-11 11:33:55.348 [INF] backend.Services.ShiftScheduleBackgroundService | Shift Schedule Background Service is starting.
2026-04-11 11:33:55.494 [INF] Microsoft.Hosting.Lifetime | Now listening on: http://localhost:5217
2026-04-11 11:33:55.494 [INF] Microsoft.Hosting.Lifetime | Application started. Press Ctrl+C to shut down.
2026-04-11 11:33:55.494 [INF] Microsoft.Hosting.Lifetime | Hosting environment: Development
2026-04-11 11:33:55.494 [INF] Microsoft.Hosting.Lifetime | Content root path: C:\Repos_Work\Prodesx_HRM_Mobile_Application\backend
2026-04-11 11:33:55.787 [INF] Microsoft.AspNetCore.Hosting.Diagnostics | Request starting HTTP/1.1 OPTIONS http://localhost:5217/api/leads - null null
2026-04-11 11:33:55.905 [INF] Microsoft.AspNetCore.Cors.Infrastructure.CorsService | CORS policy execution successful.
2026-04-11 11:33:55.920 [INF] Microsoft.AspNetCore.Hosting.Diagnostics | Request finished HTTP/1.1 OPTIONS http://localhost:5217/api/leads - 204 null null 138.1262ms
2026-04-11 11:33:55.928 [INF] Microsoft.AspNetCore.Hosting.Diagnostics | Request starting HTTP/1.1 GET http://localhost:5217/api/leads - application/json null
2026-04-11 11:33:55.944 [INF] Microsoft.AspNetCore.Cors.Infrastructure.CorsService | CORS policy execution successful.
2026-04-11 11:33:55.991 [WRN] Microsoft.AspNetCore.HttpsPolicy.HttpsRedirectionMiddleware | Failed to determine the https port for redirect.
2026-04-11 11:33:56.179 [INF] Microsoft.AspNetCore.Routing.EndpointMiddleware | Executing endpoint 'backend.Controllers.LeadsController.GetLeads (backend)'
2026-04-11 11:33:56.214 [INF] Microsoft.AspNetCore.Mvc.Infrastructure.ControllerActionInvoker | Route matched with {action = "GetLeads", controller = "Leads"}. Executing controller action with signature System.Threading.Tasks.Task`1[System.Collections.Generic.IEnumerable`1[backend.Models.Lead]] GetLeads() on controller backend.Controllers.LeadsController (backend).
2026-04-11 11:33:56.363 [INF] Microsoft.AspNetCore.Mvc.Infrastructure.ObjectResultExecutor | Executing ObjectResult, writing value of type 'System.Collections.Generic.List`1[[backend.Models.Lead, backend, Version=1.0.0.0, Culture=neutral, PublicKeyToken=null]]'.
2026-04-11 11:33:56.434 [INF] Microsoft.AspNetCore.Mvc.Infrastructure.ControllerActionInvoker | Executed action backend.Controllers.LeadsController.GetLeads (backend) in 213.2319ms
2026-04-11 11:33:56.435 [INF] Microsoft.AspNetCore.Routing.EndpointMiddleware | Executed endpoint 'backend.Controllers.LeadsController.GetLeads (backend)'
2026-04-11 11:33:56.439 [INF] Serilog.AspNetCore.RequestLoggingMiddleware | HTTP GET /api/leads → 200 (262.0ms)
2026-04-11 11:33:56.445 [INF] Microsoft.AspNetCore.Hosting.Diagnostics | Request finished HTTP/1.1 GET http://localhost:5217/api/leads - 200 null application/json; charset=utf-8 517.4871ms
2026-04-11 11:33:56.459 [INF] Microsoft.AspNetCore.Hosting.Diagnostics | Request starting HTTP/1.1 OPTIONS http://localhost:5217/api/ShiftAssignments/roster?start=2026-04-11&end=2026-04-18 - null null
2026-04-11 11:33:56.460 [INF] Microsoft.AspNetCore.Cors.Infrastructure.CorsService | CORS policy execution successful.
2026-04-11 11:33:56.460 [INF] Microsoft.AspNetCore.Hosting.Diagnostics | Request finished HTTP/1.1 OPTIONS http://localhost:5217/api/ShiftAssignments/roster?start=2026-04-11&end=2026-04-18 - 204 null null 1.4224ms
2026-04-11 11:33:56.463 [INF] Microsoft.AspNetCore.Hosting.Diagnostics | Request starting HTTP/1.1 GET http://localhost:5217/api/ShiftAssignments/roster?start=2026-04-11&end=2026-04-18 - application/json null
2026-04-11 11:33:56.465 [INF] Microsoft.AspNetCore.Cors.Infrastructure.CorsService | CORS policy execution successful.
2026-04-11 11:33:56.480 [INF] Microsoft.AspNetCore.Routing.EndpointMiddleware | Executing endpoint 'backend.Controllers.ShiftAssignmentsController.GetMonthlyRosterFixed (backend)'
2026-04-11 11:33:56.500 [INF] Microsoft.AspNetCore.Mvc.Infrastructure.ControllerActionInvoker | Route matched with {action = "GetMonthlyRosterFixed", controller = "ShiftAssignments"}. Executing controller action with signature System.Threading.Tasks.Task`1[Microsoft.AspNetCore.Mvc.IActionResult] GetMonthlyRosterFixed(System.String, System.String, System.Nullable`1[System.Int32]) on controller backend.Controllers.ShiftAssignmentsController (backend).
2026-04-11 11:33:56.585 [INF] Microsoft.AspNetCore.Mvc.Infrastructure.ObjectResultExecutor | Executing OkObjectResult, writing value of type 'System.Collections.Generic.List`1[[backend.Models.EmployeeSchedule, backend, Version=1.0.0.0, Culture=neutral, PublicKeyToken=null]]'.
2026-04-11 11:33:56.601 [INF] Microsoft.AspNetCore.Mvc.Infrastructure.ControllerActionInvoker | Executed action backend.Controllers.ShiftAssignmentsController.GetMonthlyRosterFixed (backend) in 100.8704ms
2026-04-11 11:33:56.602 [INF] Microsoft.AspNetCore.Routing.EndpointMiddleware | Executed endpoint 'backend.Controllers.ShiftAssignmentsController.GetMonthlyRosterFixed (backend)'
2026-04-11 11:33:56.602 [INF] Serilog.AspNetCore.RequestLoggingMiddleware | HTTP GET /api/ShiftAssignments/roster → 200 (122.2ms)
2026-04-11 11:33:56.602 [INF] Microsoft.AspNetCore.Hosting.Diagnostics | Request finished HTTP/1.1 GET http://localhost:5217/api/ShiftAssignments/roster?start=2026-04-11&end=2026-04-18 - 200 null application/json; charset=utf-8 139.0467ms
2026-04-11 11:34:04.838 [INF] Microsoft.AspNetCore.Hosting.Diagnostics | Request starting HTTP/1.1 OPTIONS http://localhost:5217/api/users/organizations - null null
2026-04-11 11:34:04.839 [INF] Microsoft.AspNetCore.Cors.Infrastructure.CorsService | CORS policy execution successful.
2026-04-11 11:34:04.839 [INF] Microsoft.AspNetCore.Hosting.Diagnostics | Request finished HTTP/1.1 OPTIONS http://localhost:5217/api/users/organizations - 204 null null 0.7144ms
2026-04-11 11:34:04.842 [INF] Microsoft.AspNetCore.Hosting.Diagnostics | Request starting HTTP/1.1 GET http://localhost:5217/api/users/organizations - null null
2026-04-11 11:34:04.843 [INF] Microsoft.AspNetCore.Cors.Infrastructure.CorsService | CORS policy execution successful.
2026-04-11 11:34:04.852 [INF] Microsoft.AspNetCore.Routing.EndpointMiddleware | Executing endpoint 'backend.Controllers.UsersController.GetOrganizations (backend)'
2026-04-11 11:34:04.863 [INF] Microsoft.AspNetCore.Mvc.Infrastructure.ControllerActionInvoker | Route matched with {action = "GetOrganizations", controller = "Users"}. Executing controller action with signature System.Threading.Tasks.Task`1[Microsoft.AspNetCore.Mvc.IActionResult] GetOrganizations() on controller backend.Controllers.UsersController (backend).
2026-04-11 11:34:04.866 [INF] backend.Controllers.UsersController | [Users] GET organizations | Role=SuperAdmin | UserId=18
2026-04-11 11:34:04.896 [INF] Microsoft.AspNetCore.Mvc.Infrastructure.ObjectResultExecutor | Executing OkObjectResult, writing value of type 'System.Collections.Generic.List`1[[backend.Models.Organization, backend, Version=1.0.0.0, Culture=neutral, PublicKeyToken=null]]'.
2026-04-11 11:34:04.903 [INF] Microsoft.AspNetCore.Mvc.Infrastructure.ControllerActionInvoker | Executed action backend.Controllers.UsersController.GetOrganizations (backend) in 39.5533ms
2026-04-11 11:34:04.903 [INF] Microsoft.AspNetCore.Routing.EndpointMiddleware | Executed endpoint 'backend.Controllers.UsersController.GetOrganizations (backend)'
2026-04-11 11:34:04.903 [INF] Serilog.AspNetCore.RequestLoggingMiddleware | HTTP GET /api/users/organizations → 200 (50.8ms)
2026-04-11 11:34:04.903 [INF] Microsoft.AspNetCore.Hosting.Diagnostics | Request finished HTTP/1.1 GET http://localhost:5217/api/users/organizations - 200 null application/json; charset=utf-8 61.1928ms
2026-04-11 11:34:04.911 [INF] Microsoft.AspNetCore.Hosting.Diagnostics | Request starting HTTP/1.1 OPTIONS http://localhost:5217/api/designations?organizationId=2 - null null
2026-04-11 11:34:04.911 [INF] Microsoft.AspNetCore.Cors.Infrastructure.CorsService | CORS policy execution successful.
2026-04-11 11:34:04.912 [INF] Microsoft.AspNetCore.Hosting.Diagnostics | Request finished HTTP/1.1 OPTIONS http://localhost:5217/api/designations?organizationId=2 - 204 null null 0.612ms
2026-04-11 11:34:04.914 [INF] Microsoft.AspNetCore.Hosting.Diagnostics | Request starting HTTP/1.1 OPTIONS http://localhost:5217/api/departments?organizationId=2 - null null
2026-04-11 11:34:04.914 [INF] Microsoft.AspNetCore.Cors.Infrastructure.CorsService | CORS policy execution successful.
2026-04-11 11:34:04.914 [INF] Microsoft.AspNetCore.Hosting.Diagnostics | Request finished HTTP/1.1 OPTIONS http://localhost:5217/api/departments?organizationId=2 - 204 null null 0.3602ms
2026-04-11 11:34:04.916 [INF] Microsoft.AspNetCore.Hosting.Diagnostics | Request starting HTTP/1.1 GET http://localhost:5217/api/designations?organizationId=2 - application/json null
2026-04-11 11:34:04.916 [INF] Microsoft.AspNetCore.Cors.Infrastructure.CorsService | CORS policy execution successful.
2026-04-11 11:34:04.916 [INF] Microsoft.AspNetCore.Hosting.Diagnostics | Request starting HTTP/1.1 GET http://localhost:5217/api/departments?organizationId=2 - null null
2026-04-11 11:34:04.917 [INF] Microsoft.AspNetCore.Cors.Infrastructure.CorsService | CORS policy execution successful.
2026-04-11 11:34:04.917 [INF] Microsoft.AspNetCore.Routing.EndpointMiddleware | Executing endpoint 'backend.Controllers.DesignationController.GetDesignations (backend)'
2026-04-11 11:34:04.917 [INF] Microsoft.AspNetCore.Routing.EndpointMiddleware | Executing endpoint 'backend.Controllers.DepartmentController.GetDepartments (backend)'
2026-04-11 11:34:04.926 [INF] Microsoft.AspNetCore.Mvc.Infrastructure.ControllerActionInvoker | Route matched with {action = "GetDepartments", controller = "Department"}. Executing controller action with signature System.Threading.Tasks.Task`1[Microsoft.AspNetCore.Mvc.IActionResult] GetDepartments(System.Nullable`1[System.Int32]) on controller backend.Controllers.DepartmentController (backend).
2026-04-11 11:34:04.926 [INF] Microsoft.AspNetCore.Mvc.Infrastructure.ControllerActionInvoker | Route matched with {action = "GetDesignations", controller = "Designation"}. Executing controller action with signature System.Threading.Tasks.Task`1[Microsoft.AspNetCore.Mvc.IActionResult] GetDesignations(System.Nullable`1[System.Int32]) on controller backend.Controllers.DesignationController (backend).
2026-04-11 11:34:04.961 [INF] Microsoft.AspNetCore.Mvc.Infrastructure.ObjectResultExecutor | Executing OkObjectResult, writing value of type 'System.Collections.Generic.List`1[[backend.Models.Department, backend, Version=1.0.0.0, Culture=neutral, PublicKeyToken=null]]'.
2026-04-11 11:34:04.966 [INF] Microsoft.AspNetCore.Mvc.Infrastructure.ControllerActionInvoker | Executed action backend.Controllers.DepartmentController.GetDepartments (backend) in 39.5925ms
2026-04-11 11:34:04.966 [INF] Microsoft.AspNetCore.Routing.EndpointMiddleware | Executed endpoint 'backend.Controllers.DepartmentController.GetDepartments (backend)'
2026-04-11 11:34:04.966 [INF] Serilog.AspNetCore.RequestLoggingMiddleware | HTTP GET /api/departments → 200 (49.2ms)
2026-04-11 11:34:04.966 [INF] Microsoft.AspNetCore.Hosting.Diagnostics | Request finished HTTP/1.1 GET http://localhost:5217/api/departments?organizationId=2 - 200 null application/json; charset=utf-8 49.8657ms
2026-04-11 11:34:05.015 [INF] backend.Controllers.DesignationController | Fetched 8 designations for OrgId 2
2026-04-11 11:34:05.016 [INF] Microsoft.AspNetCore.Mvc.Infrastructure.ObjectResultExecutor | Executing OkObjectResult, writing value of type 'System.Collections.Generic.List`1[[backend.Models.Designation, backend, Version=1.0.0.0, Culture=neutral, PublicKeyToken=null]]'.
2026-04-11 11:34:05.020 [INF] Microsoft.AspNetCore.Mvc.Infrastructure.ControllerActionInvoker | Executed action backend.Controllers.DesignationController.GetDesignations (backend) in 93.006ms
2026-04-11 11:34:05.020 [INF] Microsoft.AspNetCore.Routing.EndpointMiddleware | Executed endpoint 'backend.Controllers.DesignationController.GetDesignations (backend)'
2026-04-11 11:34:05.020 [INF] Serilog.AspNetCore.RequestLoggingMiddleware | HTTP GET /api/designations → 200 (103.1ms)
2026-04-11 11:34:05.020 [INF] Microsoft.AspNetCore.Hosting.Diagnostics | Request finished HTTP/1.1 GET http://localhost:5217/api/designations?organizationId=2 - 200 null application/json; charset=utf-8 103.9993ms
2026-04-11 11:34:05.035 [INF] Microsoft.AspNetCore.Hosting.Diagnostics | Request starting HTTP/1.1 OPTIONS http://localhost:5217/api/employees?organizationId=2 - null null
2026-04-11 11:34:05.035 [INF] Microsoft.AspNetCore.Cors.Infrastructure.CorsService | CORS policy execution successful.
2026-04-11 11:34:05.036 [INF] Microsoft.AspNetCore.Hosting.Diagnostics | Request finished HTTP/1.1 OPTIONS http://localhost:5217/api/employees?organizationId=2 - 204 null null 0.4631ms
2026-04-11 11:34:05.036 [INF] Microsoft.AspNetCore.Hosting.Diagnostics | Request starting HTTP/1.1 GET http://localhost:5217/api/designations?organizationId=2 - application/json null
2026-04-11 11:34:05.036 [INF] Microsoft.AspNetCore.Cors.Infrastructure.CorsService | CORS policy execution successful.
2026-04-11 11:34:05.037 [INF] Microsoft.AspNetCore.Routing.EndpointMiddleware | Executing endpoint 'backend.Controllers.DesignationController.GetDesignations (backend)'
2026-04-11 11:34:05.037 [INF] Microsoft.AspNetCore.Mvc.Infrastructure.ControllerActionInvoker | Route matched with {action = "GetDesignations", controller = "Designation"}. Executing controller action with signature System.Threading.Tasks.Task`1[Microsoft.AspNetCore.Mvc.IActionResult] GetDesignations(System.Nullable`1[System.Int32]) on controller backend.Controllers.DesignationController (backend).
2026-04-11 11:34:05.038 [INF] Microsoft.AspNetCore.Hosting.Diagnostics | Request starting HTTP/1.1 GET http://localhost:5217/api/departments?organizationId=2 - null null
2026-04-11 11:34:05.038 [INF] Microsoft.AspNetCore.Cors.Infrastructure.CorsService | CORS policy execution successful.
2026-04-11 11:34:05.038 [INF] Microsoft.AspNetCore.Routing.EndpointMiddleware | Executing endpoint 'backend.Controllers.DepartmentController.GetDepartments (backend)'
2026-04-11 11:34:05.038 [INF] Microsoft.AspNetCore.Mvc.Infrastructure.ControllerActionInvoker | Route matched with {action = "GetDepartments", controller = "Department"}. Executing controller action with signature System.Threading.Tasks.Task`1[Microsoft.AspNetCore.Mvc.IActionResult] GetDepartments(System.Nullable`1[System.Int32]) on controller backend.Controllers.DepartmentController (backend).
2026-04-11 11:34:05.039 [INF] Microsoft.AspNetCore.Hosting.Diagnostics | Request starting HTTP/1.1 GET http://localhost:5217/api/employees?organizationId=2 - application/json null
2026-04-11 11:34:05.039 [INF] Microsoft.AspNetCore.Cors.Infrastructure.CorsService | CORS policy execution successful.
2026-04-11 11:34:05.040 [INF] Microsoft.AspNetCore.Routing.EndpointMiddleware | Executing endpoint 'backend.Controllers.EmployeesController.GetEmployees (backend)'
2026-04-11 11:34:05.050 [INF] backend.Controllers.DesignationController | Fetched 8 designations for OrgId 2
2026-04-11 11:34:05.050 [INF] Microsoft.AspNetCore.Mvc.Infrastructure.ObjectResultExecutor | Executing OkObjectResult, writing value of type 'System.Collections.Generic.List`1[[backend.Models.Department, backend, Version=1.0.0.0, Culture=neutral, PublicKeyToken=null]]'.
2026-04-11 11:34:05.050 [INF] Microsoft.AspNetCore.Mvc.Infrastructure.ObjectResultExecutor | Executing OkObjectResult, writing value of type 'System.Collections.Generic.List`1[[backend.Models.Designation, backend, Version=1.0.0.0, Culture=neutral, PublicKeyToken=null]]'.
2026-04-11 11:34:05.050 [INF] Microsoft.AspNetCore.Mvc.Infrastructure.ControllerActionInvoker | Route matched with {action = "GetEmployees", controller = "Employees"}. Executing controller action with signature System.Threading.Tasks.Task`1[Microsoft.AspNetCore.Mvc.IActionResult] GetEmployees(System.Nullable`1[System.Int32]) on controller backend.Controllers.EmployeesController (backend).
2026-04-11 11:34:05.050 [INF] Microsoft.AspNetCore.Mvc.Infrastructure.ControllerActionInvoker | Executed action backend.Controllers.DesignationController.GetDesignations (backend) in 13.7379ms
2026-04-11 11:34:05.050 [INF] Microsoft.AspNetCore.Mvc.Infrastructure.ControllerActionInvoker | Executed action backend.Controllers.DepartmentController.GetDepartments (backend) in 12.0041ms
2026-04-11 11:34:05.051 [INF] Microsoft.AspNetCore.Routing.EndpointMiddleware | Executed endpoint 'backend.Controllers.DesignationController.GetDesignations (backend)'
2026-04-11 11:34:05.051 [INF] Microsoft.AspNetCore.Routing.EndpointMiddleware | Executed endpoint 'backend.Controllers.DepartmentController.GetDepartments (backend)'
2026-04-11 11:34:05.051 [INF] Serilog.AspNetCore.RequestLoggingMiddleware | HTTP GET /api/designations → 200 (14.2ms)
2026-04-11 11:34:05.051 [INF] Serilog.AspNetCore.RequestLoggingMiddleware | HTTP GET /api/departments → 200 (12.5ms)
2026-04-11 11:34:05.051 [INF] Microsoft.AspNetCore.Hosting.Diagnostics | Request finished HTTP/1.1 GET http://localhost:5217/api/departments?organizationId=2 - 200 null application/json; charset=utf-8 13.2877ms
2026-04-11 11:34:05.051 [INF] Microsoft.AspNetCore.Hosting.Diagnostics | Request finished HTTP/1.1 GET http://localhost:5217/api/designations?organizationId=2 - 200 null application/json; charset=utf-8 15.1625ms
2026-04-11 11:34:05.053 [INF] backend.Controllers.EmployeesController | [Employees] GET all | TargetOrgId=2 | UserOrgId=2
2026-04-11 11:34:05.079 [INF] Microsoft.AspNetCore.Mvc.Infrastructure.ObjectResultExecutor | Executing OkObjectResult, writing value of type 'System.Collections.Generic.List`1[[backend.Models.Employee, backend, Version=1.0.0.0, Culture=neutral, PublicKeyToken=null]]'.
2026-04-11 11:34:05.104 [INF] Microsoft.AspNetCore.Mvc.Infrastructure.ControllerActionInvoker | Executed action backend.Controllers.EmployeesController.GetEmployees (backend) in 53.1013ms
2026-04-11 11:34:05.104 [INF] Microsoft.AspNetCore.Routing.EndpointMiddleware | Executed endpoint 'backend.Controllers.EmployeesController.GetEmployees (backend)'
2026-04-11 11:34:05.104 [INF] Serilog.AspNetCore.RequestLoggingMiddleware | HTTP GET /api/employees → 200 (64.2ms)
2026-04-11 11:34:05.104 [INF] Microsoft.AspNetCore.Hosting.Diagnostics | Request finished HTTP/1.1 GET http://localhost:5217/api/employees?organizationId=2 - 200 null application/json; charset=utf-8 64.8733ms
2026-04-11 11:34:05.329 [INF] Microsoft.AspNetCore.Hosting.Diagnostics | Request starting HTTP/1.1 GET http://localhost:5217/uploads/employee-photos/emp-28.jpg - null null
2026-04-11 11:34:05.330 [INF] Microsoft.AspNetCore.Cors.Infrastructure.CorsService | CORS policy execution successful.
2026-04-11 11:34:05.336 [INF] Serilog.AspNetCore.RequestLoggingMiddleware | HTTP GET /uploads/employee-photos/emp-28.jpg → 404 (0.1ms)
2026-04-11 11:34:05.336 [INF] Microsoft.AspNetCore.Hosting.Diagnostics | Request finished HTTP/1.1 GET http://localhost:5217/uploads/employee-photos/emp-28.jpg - 404 0 null 7.9606ms
2026-04-11 11:34:05.338 [INF] Microsoft.AspNetCore.Hosting.Diagnostics | Request reached the end of the middleware pipeline without being handled by application code. Request path: GET http://localhost:5217/uploads/employee-photos/emp-28.jpg, Response status code: 404
2026-04-11 11:34:05.346 [INF] Microsoft.AspNetCore.Hosting.Diagnostics | Request starting HTTP/1.1 OPTIONS http://localhost:5217/hubs/employees/negotiate?negotiateVersion=1 - null null
2026-04-11 11:34:05.346 [INF] Microsoft.AspNetCore.Cors.Infrastructure.CorsService | CORS policy execution successful.
2026-04-11 11:34:05.346 [INF] Microsoft.AspNetCore.Hosting.Diagnostics | Request finished HTTP/1.1 OPTIONS http://localhost:5217/hubs/employees/negotiate?negotiateVersion=1 - 204 null null 0.489ms
2026-04-11 11:34:05.349 [INF] Microsoft.AspNetCore.Hosting.Diagnostics | Request starting HTTP/1.1 POST http://localhost:5217/hubs/employees/negotiate?negotiateVersion=1 - text/plain;charset=UTF-8 0
2026-04-11 11:34:05.349 [INF] Microsoft.AspNetCore.Hosting.Diagnostics | Request starting HTTP/1.1 POST http://localhost:5217/hubs/employees/negotiate?negotiateVersion=1 - text/plain;charset=UTF-8 0
2026-04-11 11:34:05.352 [INF] Microsoft.AspNetCore.Cors.Infrastructure.CorsService | CORS policy execution successful.
2026-04-11 11:34:05.352 [INF] Microsoft.AspNetCore.Cors.Infrastructure.CorsService | CORS policy execution successful.
2026-04-11 11:34:05.352 [INF] Microsoft.AspNetCore.Routing.EndpointMiddleware | Executing endpoint '/hubs/employees/negotiate'
2026-04-11 11:34:05.352 [INF] Microsoft.AspNetCore.Routing.EndpointMiddleware | Executing endpoint '/hubs/employees/negotiate'
2026-04-11 11:34:05.358 [INF] Microsoft.AspNetCore.Routing.EndpointMiddleware | Executed endpoint '/hubs/employees/negotiate'
2026-04-11 11:34:05.358 [INF] Microsoft.AspNetCore.Routing.EndpointMiddleware | Executed endpoint '/hubs/employees/negotiate'
2026-04-11 11:34:05.358 [INF] Serilog.AspNetCore.RequestLoggingMiddleware | HTTP POST /hubs/employees/negotiate → 200 (6.2ms)
2026-04-11 11:34:05.359 [INF] Serilog.AspNetCore.RequestLoggingMiddleware | HTTP POST /hubs/employees/negotiate → 200 (6.3ms)
2026-04-11 11:34:05.359 [INF] Microsoft.AspNetCore.Hosting.Diagnostics | Request finished HTTP/1.1 POST http://localhost:5217/hubs/employees/negotiate?negotiateVersion=1 - 200 316 application/json 10.0479ms
2026-04-11 11:34:05.359 [INF] Microsoft.AspNetCore.Hosting.Diagnostics | Request finished HTTP/1.1 POST http://localhost:5217/hubs/employees/negotiate?negotiateVersion=1 - 200 316 application/json 10.0243ms
2026-04-11 11:34:05.361 [INF] backend.Services.ShiftScheduleBackgroundService | Shift Schedule Background Service is running...
2026-04-11 11:34:05.381 [INF] Microsoft.AspNetCore.Hosting.Diagnostics | Request starting HTTP/1.1 GET http://localhost:5217/hubs/employees?id=ehKQbv79MUXzyp6UCZ3BBg&access_token=eyJhbGciOiJIUzI1NiIsInR5cCI6IkpXVCJ9.eyJuYW1laWQiOiIxOCIsInVuaXF1ZV9uYW1lIjoidmFzYW50aGFrdW1hciIsImVtYWlsIjoidmFzYW50aDIwMDR2a0BnbWFpbC5jb20iLCJyb2xlIjoiU3VwZXJBZG1pbiIsIk9yZ2FuaXphdGlvbklkIjoiMiIsIk9yZ2FuaXphdGlvbkxvZ28iOiIvdXBsb2Fkcy9vcmctbG9nb3Mvb3JnLWxvZ28tNTg3M2M0NzVkOTFkNGJiZDkwNDZkZWVjNjY3ZDEzNmMuanBnIiwibmJmIjoxNzc1ODg2MDA4LCJleHAiOjE3NzU5NzI0MDgsImlhdCI6MTc3NTg4NjAwOCwiaXNzIjoiUHJvRGVzWC1CYWNrZW5kIiwiYXVkIjoiUHJvRGVzWC1Gcm9udGVuZCJ9.epHRJ10F0iRfdbu5v9Q-fOThe3gMPMdXX7_sNnzHut4 - null null
2026-04-11 11:34:05.384 [INF] Microsoft.AspNetCore.Cors.Infrastructure.CorsService | CORS policy execution successful.
2026-04-11 11:34:05.385 [INF] Microsoft.AspNetCore.Routing.EndpointMiddleware | Executing endpoint '/hubs/employees'
2026-04-11 11:34:05.429 [INF] Microsoft.AspNetCore.Hosting.Diagnostics | Request starting HTTP/1.1 GET http://localhost:5217/hubs/employees?id=PVVolV5qE2mk80uP7w_0ZQ&access_token=eyJhbGciOiJIUzI1NiIsInR5cCI6IkpXVCJ9.eyJuYW1laWQiOiIxOCIsInVuaXF1ZV9uYW1lIjoidmFzYW50aGFrdW1hciIsImVtYWlsIjoidmFzYW50aDIwMDR2a0BnbWFpbC5jb20iLCJyb2xlIjoiU3VwZXJBZG1pbiIsIk9yZ2FuaXphdGlvbklkIjoiMiIsIk9yZ2FuaXphdGlvbkxvZ28iOiIvdXBsb2Fkcy9vcmctbG9nb3Mvb3JnLWxvZ28tNTg3M2M0NzVkOTFkNGJiZDkwNDZkZWVjNjY3ZDEzNmMuanBnIiwibmJmIjoxNzc1ODg2MDA4LCJleHAiOjE3NzU5NzI0MDgsImlhdCI6MTc3NTg4NjAwOCwiaXNzIjoiUHJvRGVzWC1CYWNrZW5kIiwiYXVkIjoiUHJvRGVzWC1Gcm9udGVuZCJ9.epHRJ10F0iRfdbu5v9Q-fOThe3gMPMdXX7_sNnzHut4 - null null
2026-04-11 11:34:05.430 [INF] Microsoft.AspNetCore.Cors.Infrastructure.CorsService | CORS policy execution successful.
2026-04-11 11:34:05.430 [INF] Microsoft.AspNetCore.Routing.EndpointMiddleware | Executing endpoint '/hubs/employees'
2026-04-11 11:34:07.335 [INF] backend.Services.ShiftScheduleBackgroundService | Shift Schedule Background Service completed. Inserted 0 new schedules for the rolling 30-day window.
2026-04-11 11:34:08.537 [INF] Microsoft.AspNetCore.Hosting.Diagnostics | Request starting HTTP/1.1 OPTIONS http://localhost:5217/api/DynamicForm/employee-fields?organizationId=2 - null null
2026-04-11 11:34:08.537 [INF] Microsoft.AspNetCore.Cors.Infrastructure.CorsService | CORS policy execution successful.
2026-04-11 11:34:08.538 [INF] Microsoft.AspNetCore.Hosting.Diagnostics | Request finished HTTP/1.1 OPTIONS http://localhost:5217/api/DynamicForm/employee-fields?organizationId=2 - 204 null null 0.4642ms
2026-04-11 11:34:08.540 [INF] Microsoft.AspNetCore.Hosting.Diagnostics | Request starting HTTP/1.1 GET http://localhost:5217/api/DynamicForm/employee-fields?organizationId=2 - application/json null
2026-04-11 11:34:08.542 [INF] Microsoft.AspNetCore.Cors.Infrastructure.CorsService | CORS policy execution successful.
2026-04-11 11:34:08.543 [INF] Microsoft.AspNetCore.Routing.EndpointMiddleware | Executing endpoint 'backend.Controllers.DynamicFormController.GetEmployeeFields (backend)'
2026-04-11 11:34:08.552 [INF] Microsoft.AspNetCore.Mvc.Infrastructure.ControllerActionInvoker | Route matched with {action = "GetEmployeeFields", controller = "DynamicForm"}. Executing controller action with signature System.Threading.Tasks.Task`1[Microsoft.AspNetCore.Mvc.IActionResult] GetEmployeeFields(System.Nullable`1[System.Int32]) on controller backend.Controllers.DynamicFormController (backend).
2026-04-11 11:34:08.591 [INF] Microsoft.AspNetCore.Mvc.Infrastructure.ObjectResultExecutor | Executing OkObjectResult, writing value of type 'System.Collections.Generic.List`1[[System.Object, System.Private.CoreLib, Version=10.0.0.0, Culture=neutral, PublicKeyToken=7cec85d7bea7798e]]'.
2026-04-11 11:34:08.621 [INF] Microsoft.AspNetCore.Mvc.Infrastructure.ControllerActionInvoker | Executed action backend.Controllers.DynamicFormController.GetEmployeeFields (backend) in 68.8396ms
2026-04-11 11:34:08.621 [INF] Microsoft.AspNetCore.Routing.EndpointMiddleware | Executed endpoint 'backend.Controllers.DynamicFormController.GetEmployeeFields (backend)'
2026-04-11 11:34:08.621 [INF] Serilog.AspNetCore.RequestLoggingMiddleware | HTTP GET /api/DynamicForm/employee-fields → 200 (78.4ms)
2026-04-11 11:34:08.621 [INF] Microsoft.AspNetCore.Hosting.Diagnostics | Request finished HTTP/1.1 GET http://localhost:5217/api/DynamicForm/employee-fields?organizationId=2 - 200 null application/json; charset=utf-8 80.9044ms
2026-04-11 11:34:08.646 [INF] Microsoft.AspNetCore.Hosting.Diagnostics | Request starting HTTP/1.1 GET http://localhost:5217/api/designations?organizationId=2 - application/json null
2026-04-11 11:34:08.647 [INF] Microsoft.AspNetCore.Cors.Infrastructure.CorsService | CORS policy execution successful.
2026-04-11 11:34:08.647 [INF] Microsoft.AspNetCore.Routing.EndpointMiddleware | Executing endpoint 'backend.Controllers.DesignationController.GetDesignations (backend)'
2026-04-11 11:34:08.647 [INF] Microsoft.AspNetCore.Mvc.Infrastructure.ControllerActionInvoker | Route matched with {action = "GetDesignations", controller = "Designation"}. Executing controller action with signature System.Threading.Tasks.Task`1[Microsoft.AspNetCore.Mvc.IActionResult] GetDesignations(System.Nullable`1[System.Int32]) on controller backend.Controllers.DesignationController (backend).
2026-04-11 11:34:08.648 [INF] Microsoft.AspNetCore.Hosting.Diagnostics | Request starting HTTP/1.1 GET http://localhost:5217/api/departments?organizationId=2 - null null
2026-04-11 11:34:08.648 [INF] Microsoft.AspNetCore.Cors.Infrastructure.CorsService | CORS policy execution successful.
2026-04-11 11:34:08.649 [INF] Microsoft.AspNetCore.Routing.EndpointMiddleware | Executing endpoint 'backend.Controllers.DepartmentController.GetDepartments (backend)'
2026-04-11 11:34:08.649 [INF] Microsoft.AspNetCore.Mvc.Infrastructure.ControllerActionInvoker | Route matched with {action = "GetDepartments", controller = "Department"}. Executing controller action with signature System.Threading.Tasks.Task`1[Microsoft.AspNetCore.Mvc.IActionResult] GetDepartments(System.Nullable`1[System.Int32]) on controller backend.Controllers.DepartmentController (backend).
2026-04-11 11:34:08.663 [INF] backend.Controllers.DesignationController | Fetched 8 designations for OrgId 2
2026-04-11 11:34:08.664 [INF] Microsoft.AspNetCore.Mvc.Infrastructure.ObjectResultExecutor | Executing OkObjectResult, writing value of type 'System.Collections.Generic.List`1[[backend.Models.Designation, backend, Version=1.0.0.0, Culture=neutral, PublicKeyToken=null]]'.
2026-04-11 11:34:08.664 [INF] Microsoft.AspNetCore.Mvc.Infrastructure.ControllerActionInvoker | Executed action backend.Controllers.DesignationController.GetDesignations (backend) in 16.4045ms
2026-04-11 11:34:08.664 [INF] Microsoft.AspNetCore.Routing.EndpointMiddleware | Executed endpoint 'backend.Controllers.DesignationController.GetDesignations (backend)'
2026-04-11 11:34:08.664 [INF] Serilog.AspNetCore.RequestLoggingMiddleware | HTTP GET /api/designations → 200 (16.6ms)
2026-04-11 11:34:08.664 [INF] Microsoft.AspNetCore.Hosting.Diagnostics | Request finished HTTP/1.1 GET http://localhost:5217/api/designations?organizationId=2 - 200 null application/json; charset=utf-8 17.514ms
2026-04-11 11:34:08.677 [INF] Microsoft.AspNetCore.Mvc.Infrastructure.ObjectResultExecutor | Executing OkObjectResult, writing value of type 'System.Collections.Generic.List`1[[backend.Models.Department, backend, Version=1.0.0.0, Culture=neutral, PublicKeyToken=null]]'.
2026-04-11 11:34:08.677 [INF] Microsoft.AspNetCore.Mvc.Infrastructure.ControllerActionInvoker | Executed action backend.Controllers.DepartmentController.GetDepartments (backend) in 28.1931ms
2026-04-11 11:34:08.677 [INF] Microsoft.AspNetCore.Routing.EndpointMiddleware | Executed endpoint 'backend.Controllers.DepartmentController.GetDepartments (backend)'
2026-04-11 11:34:08.677 [INF] Serilog.AspNetCore.RequestLoggingMiddleware | HTTP GET /api/departments → 200 (28.5ms)
2026-04-11 11:34:08.677 [INF] Microsoft.AspNetCore.Hosting.Diagnostics | Request finished HTTP/1.1 GET http://localhost:5217/api/departments?organizationId=2 - 200 null application/json; charset=utf-8 29.2589ms
2026-04-11 11:34:08.693 [INF] Microsoft.AspNetCore.Hosting.Diagnostics | Request starting HTTP/1.1 OPTIONS http://localhost:5217/api/employees/32/bank-details - null null
2026-04-11 11:34:08.693 [INF] Microsoft.AspNetCore.Cors.Infrastructure.CorsService | CORS policy execution successful.
2026-04-11 11:34:08.693 [INF] Microsoft.AspNetCore.Hosting.Diagnostics | Request finished HTTP/1.1 OPTIONS http://localhost:5217/api/employees/32/bank-details - 204 null null 0.3028ms
2026-04-11 11:34:08.695 [INF] Microsoft.AspNetCore.Hosting.Diagnostics | Request starting HTTP/1.1 GET http://localhost:5217/api/employees/32/bank-details - application/json null
2026-04-11 11:34:08.697 [INF] Microsoft.AspNetCore.Cors.Infrastructure.CorsService | CORS policy execution successful.
2026-04-11 11:34:08.698 [INF] Microsoft.AspNetCore.Routing.EndpointMiddleware | Executing endpoint 'backend.Controllers.EmployeesController.GetBankDetails (backend)'
2026-04-11 11:34:08.708 [INF] Microsoft.AspNetCore.Mvc.Infrastructure.ControllerActionInvoker | Route matched with {action = "GetBankDetails", controller = "Employees"}. Executing controller action with signature System.Threading.Tasks.Task`1[Microsoft.AspNetCore.Mvc.IActionResult] GetBankDetails(Int32) on controller backend.Controllers.EmployeesController (backend).
2026-04-11 11:34:08.738 [INF] backend.Controllers.EmployeesController | [Employees] GET bank-details returned {"Id":19,"EmployeeId":32,"OrganizationId":2,"AccountNumber":123456789012,"AccountHolderName":"","Branch":null,"Ifsc":"","CreatedAt":"2026-03-24T12:59:16.1600000","UpdatedAt":"2026-03-24T12:59:16.1600000","CreatedBy":18,"LastUpdatedBy":18,"$type":"EmployeeAccountDetails"} for EmployeeId=32
2026-04-11 11:34:08.740 [INF] Microsoft.AspNetCore.Mvc.Infrastructure.ObjectResultExecutor | Executing OkObjectResult, writing value of type 'backend.Models.EmployeeAccountDetails'.
2026-04-11 11:34:08.744 [INF] Microsoft.AspNetCore.Mvc.Infrastructure.ControllerActionInvoker | Executed action backend.Controllers.EmployeesController.GetBankDetails (backend) in 36.1551ms
2026-04-11 11:34:08.744 [INF] Microsoft.AspNetCore.Routing.EndpointMiddleware | Executed endpoint 'backend.Controllers.EmployeesController.GetBankDetails (backend)'
2026-04-11 11:34:08.744 [INF] Serilog.AspNetCore.RequestLoggingMiddleware | HTTP GET /api/employees/32/bank-details → 200 (45.8ms)
2026-04-11 11:34:08.744 [INF] Microsoft.AspNetCore.Hosting.Diagnostics | Request finished HTTP/1.1 GET http://localhost:5217/api/employees/32/bank-details - 200 null application/json; charset=utf-8 48.6083ms
2026-04-11 11:34:23.123 [INF] Microsoft.AspNetCore.Hosting.Diagnostics | Request starting HTTP/1.1 OPTIONS http://localhost:5217/api/employees/32 - null null
2026-04-11 11:34:23.123 [INF] Microsoft.AspNetCore.Cors.Infrastructure.CorsService | CORS policy execution successful.
2026-04-11 11:34:23.123 [INF] Microsoft.AspNetCore.Hosting.Diagnostics | Request finished HTTP/1.1 OPTIONS http://localhost:5217/api/employees/32 - 204 null null 0.4926ms
2026-04-11 11:34:23.126 [INF] Microsoft.AspNetCore.Hosting.Diagnostics | Request starting HTTP/1.1 PUT http://localhost:5217/api/employees/32 - application/json 680
2026-04-11 11:34:23.126 [INF] Microsoft.AspNetCore.Cors.Infrastructure.CorsService | CORS policy execution successful.
2026-04-11 11:34:23.127 [INF] Microsoft.AspNetCore.Routing.EndpointMiddleware | Executing endpoint 'backend.Controllers.EmployeesController.UpdateEmployee (backend)'
2026-04-11 11:34:23.139 [INF] Microsoft.AspNetCore.Mvc.Infrastructure.ControllerActionInvoker | Route matched with {action = "UpdateEmployee", controller = "Employees"}. Executing controller action with signature System.Threading.Tasks.Task`1[Microsoft.AspNetCore.Mvc.IActionResult] UpdateEmployee(Int32, backend.Models.CreateEmployeeRequest) on controller backend.Controllers.EmployeesController (backend).
2026-04-11 11:34:23.179 [INF] backend.Controllers.EmployeesController | [Employees] UPDATE | Id=32 | Name=pin | TargetOrgId=2 | UserOrgId=2
2026-04-11 11:34:23.219 [ERR] backend.Controllers.EmployeesController | [Employees] UPDATE failed | Id=32
Microsoft.Data.SqlClient.SqlException (0x80131904): Procedure or function sp_UpdateEmployee has too many arguments specified.
   at Microsoft.Data.SqlClient.SqlConnection.OnError(SqlException exception, Boolean breakConnection, Action`1 wrapCloseInAction)
   at Microsoft.Data.SqlClient.SqlInternalConnection.OnError(SqlException exception, Boolean breakConnection, Action`1 wrapCloseInAction)
   at Microsoft.Data.SqlClient.TdsParser.ThrowExceptionAndWarning(TdsParserStateObject stateObj, SqlCommand command, Boolean callerHasConnectionLock, Boolean asyncClose)
   at Microsoft.Data.SqlClient.TdsParser.TryRun(RunBehavior runBehavior, SqlCommand cmdHandler, SqlDataReader dataStream, BulkCopySimpleResultSet bulkCopyHandler, TdsParserStateObject stateObj, Boolean& dataReady)
   at Microsoft.Data.SqlClient.SqlCommand.FinishExecuteReader(SqlDataReader ds, RunBehavior runBehavior, String resetOptionsString, Boolean isInternal, Boolean forDescribeParameterEncryption, Boolean shouldCacheForAlwaysEncrypted)
   at Microsoft.Data.SqlClient.SqlCommand.CompleteAsyncExecuteReader(Boolean isInternal, Boolean forDescribeParameterEncryption)
   at Microsoft.Data.SqlClient.SqlCommand.InternalEndExecuteNonQuery(IAsyncResult asyncResult, Boolean isInternal, String endMethod)
   at Microsoft.Data.SqlClient.SqlCommand.EndExecuteNonQueryInternal(IAsyncResult asyncResult)
   at Microsoft.Data.SqlClient.SqlCommand.EndExecuteNonQueryAsync(IAsyncResult asyncResult)
   at Microsoft.Data.SqlClient.SqlCommand.<>c.<InternalExecuteNonQueryAsync>b__193_1(IAsyncResult asyncResult)
   at System.Threading.Tasks.TaskFactory`1.FromAsyncCoreLogic(IAsyncResult iar, Func`2 endFunction, Action`1 endAction, Task`1 promise, Boolean requiresSynchronization)
--- End of stack trace from previous location ---
   at Dapper.SqlMapper.ExecuteImplAsync(IDbConnection cnn, CommandDefinition command, Object param) in /_/Dapper/SqlMapper.Async.cs:line 662
   at backend.Controllers.EmployeesController.UpdateEmployee(Int32 id, CreateEmployeeRequest req) in C:\Repos_Work\Prodesx_HRM_Mobile_Application\backend\Controllers\EmployeesController.cs:line 183
ClientConnectionId:c856185d-67e4-4dfe-9d03-cdd0e6697bc1
Error Number:8144,State:2,Class:16
2026-04-11 11:34:23.250 [INF] Microsoft.AspNetCore.Mvc.Infrastructure.ObjectResultExecutor | Executing ObjectResult, writing value of type 'System.String'.
2026-04-11 11:34:23.251 [INF] Microsoft.AspNetCore.Mvc.Infrastructure.ControllerActionInvoker | Executed action backend.Controllers.EmployeesController.UpdateEmployee (backend) in 111.2659ms
2026-04-11 11:34:23.251 [INF] Microsoft.AspNetCore.Routing.EndpointMiddleware | Executed endpoint 'backend.Controllers.EmployeesController.UpdateEmployee (backend)'
2026-04-11 11:34:23.251 [ERR] Serilog.AspNetCore.RequestLoggingMiddleware | HTTP PUT /api/employees/32 → 500 (123.9ms)
2026-04-11 11:34:23.251 [INF] Microsoft.AspNetCore.Hosting.Diagnostics | Request finished HTTP/1.1 PUT http://localhost:5217/api/employees/32 - 500 null text/plain; charset=utf-8 124.9228ms
2026-04-11 11:36:08.429 [INF] Microsoft.AspNetCore.Routing.EndpointMiddleware | Executed endpoint '/hubs/employees'
2026-04-11 11:36:08.429 [INF] Microsoft.AspNetCore.Routing.EndpointMiddleware | Executed endpoint '/hubs/employees'
2026-04-11 11:36:08.429 [INF] Serilog.AspNetCore.RequestLoggingMiddleware | HTTP GET /hubs/employees → 101 (123041.2ms)
2026-04-11 11:36:08.430 [INF] Serilog.AspNetCore.RequestLoggingMiddleware | HTTP GET /hubs/employees → 101 (122995.8ms)
2026-04-11 11:36:08.430 [INF] Microsoft.AspNetCore.Hosting.Diagnostics | Request finished HTTP/1.1 GET http://localhost:5217/hubs/employees?id=ehKQbv79MUXzyp6UCZ3BBg&access_token=eyJhbGciOiJIUzI1NiIsInR5cCI6IkpXVCJ9.eyJuYW1laWQiOiIxOCIsInVuaXF1ZV9uYW1lIjoidmFzYW50aGFrdW1hciIsImVtYWlsIjoidmFzYW50aDIwMDR2a0BnbWFpbC5jb20iLCJyb2xlIjoiU3VwZXJBZG1pbiIsIk9yZ2FuaXphdGlvbklkIjoiMiIsIk9yZ2FuaXphdGlvbkxvZ28iOiIvdXBsb2Fkcy9vcmctbG9nb3Mvb3JnLWxvZ28tNTg3M2M0NzVkOTFkNGJiZDkwNDZkZWVjNjY3ZDEzNmMuanBnIiwibmJmIjoxNzc1ODg2MDA4LCJleHAiOjE3NzU5NzI0MDgsImlhdCI6MTc3NTg4NjAwOCwiaXNzIjoiUHJvRGVzWC1CYWNrZW5kIiwiYXVkIjoiUHJvRGVzWC1Gcm9udGVuZCJ9.epHRJ10F0iRfdbu5v9Q-fOThe3gMPMdXX7_sNnzHut4 - 101 null null 123044.6032ms
2026-04-11 11:36:08.430 [INF] Microsoft.AspNetCore.Hosting.Diagnostics | Request finished HTTP/1.1 GET http://localhost:5217/hubs/employees?id=PVVolV5qE2mk80uP7w_0ZQ&access_token=eyJhbGciOiJIUzI1NiIsInR5cCI6IkpXVCJ9.eyJuYW1laWQiOiIxOCIsInVuaXF1ZV9uYW1lIjoidmFzYW50aGFrdW1hciIsImVtYWlsIjoidmFzYW50aDIwMDR2a0BnbWFpbC5jb20iLCJyb2xlIjoiU3VwZXJBZG1pbiIsIk9yZ2FuaXphdGlvbklkIjoiMiIsIk9yZ2FuaXphdGlvbkxvZ28iOiIvdXBsb2Fkcy9vcmctbG9nb3Mvb3JnLWxvZ28tNTg3M2M0NzVkOTFkNGJiZDkwNDZkZWVjNjY3ZDEzNmMuanBnIiwibmJmIjoxNzc1ODg2MDA4LCJleHAiOjE3NzU5NzI0MDgsImlhdCI6MTc3NTg4NjAwOCwiaXNzIjoiUHJvRGVzWC1CYWNrZW5kIiwiYXVkIjoiUHJvRGVzWC1Gcm9udGVuZCJ9.epHRJ10F0iRfdbu5v9Q-fOThe3gMPMdXX7_sNnzHut4 - 101 null null 122996.6836ms
2026-04-11 11:36:08.441 [INF] Microsoft.AspNetCore.Hosting.Diagnostics | Request starting HTTP/1.1 OPTIONS http://localhost:5217/hubs/employees/negotiate?negotiateVersion=1 - null null
2026-04-11 11:36:08.441 [INF] Microsoft.AspNetCore.Cors.Infrastructure.CorsService | CORS policy execution successful.
2026-04-11 11:36:08.442 [INF] Microsoft.AspNetCore.Hosting.Diagnostics | Request finished HTTP/1.1 OPTIONS http://localhost:5217/hubs/employees/negotiate?negotiateVersion=1 - 204 null null 0.2221ms
2026-04-11 11:36:08.442 [INF] Microsoft.AspNetCore.Hosting.Diagnostics | Request starting HTTP/1.1 OPTIONS http://localhost:5217/hubs/employees/negotiate?negotiateVersion=1 - null null
2026-04-11 11:36:08.443 [INF] Microsoft.AspNetCore.Cors.Infrastructure.CorsService | CORS policy execution successful.
2026-04-11 11:36:08.443 [INF] Microsoft.AspNetCore.Hosting.Diagnostics | Request finished HTTP/1.1 OPTIONS http://localhost:5217/hubs/employees/negotiate?negotiateVersion=1 - 204 null null 0.1219ms
2026-04-11 11:36:08.444 [INF] Microsoft.AspNetCore.Hosting.Diagnostics | Request starting HTTP/1.1 POST http://localhost:5217/hubs/employees/negotiate?negotiateVersion=1 - text/plain;charset=UTF-8 0
2026-04-11 11:36:08.444 [INF] Microsoft.AspNetCore.Cors.Infrastructure.CorsService | CORS policy execution successful.
2026-04-11 11:36:08.445 [INF] Microsoft.AspNetCore.Routing.EndpointMiddleware | Executing endpoint '/hubs/employees/negotiate'
2026-04-11 11:36:08.445 [INF] Microsoft.AspNetCore.Routing.EndpointMiddleware | Executed endpoint '/hubs/employees/negotiate'
2026-04-11 11:36:08.445 [INF] Serilog.AspNetCore.RequestLoggingMiddleware | HTTP POST /hubs/employees/negotiate → 200 (0.4ms)
2026-04-11 11:36:08.445 [INF] Microsoft.AspNetCore.Hosting.Diagnostics | Request starting HTTP/1.1 POST http://localhost:5217/hubs/employees/negotiate?negotiateVersion=1 - text/plain;charset=UTF-8 0
2026-04-11 11:36:08.445 [INF] Microsoft.AspNetCore.Hosting.Diagnostics | Request finished HTTP/1.1 POST http://localhost:5217/hubs/employees/negotiate?negotiateVersion=1 - 200 316 application/json 0.9563ms
2026-04-11 11:36:08.445 [INF] Microsoft.AspNetCore.Cors.Infrastructure.CorsService | CORS policy execution successful.
2026-04-11 11:36:08.445 [INF] Microsoft.AspNetCore.Routing.EndpointMiddleware | Executing endpoint '/hubs/employees/negotiate'
2026-04-11 11:36:08.445 [INF] Microsoft.AspNetCore.Routing.EndpointMiddleware | Executed endpoint '/hubs/employees/negotiate'
2026-04-11 11:36:08.445 [INF] Serilog.AspNetCore.RequestLoggingMiddleware | HTTP POST /hubs/employees/negotiate → 200 (0.1ms)
2026-04-11 11:36:08.445 [INF] Microsoft.AspNetCore.Hosting.Diagnostics | Request finished HTTP/1.1 POST http://localhost:5217/hubs/employees/negotiate?negotiateVersion=1 - 200 316 application/json 0.3771ms
2026-04-11 11:36:08.459 [INF] Microsoft.AspNetCore.Hosting.Diagnostics | Request starting HTTP/1.1 GET http://localhost:5217/hubs/employees?id=ey14ogOhQ4_aaiZnwlGDvg&access_token=eyJhbGciOiJIUzI1NiIsInR5cCI6IkpXVCJ9.eyJuYW1laWQiOiIxOCIsInVuaXF1ZV9uYW1lIjoidmFzYW50aGFrdW1hciIsImVtYWlsIjoidmFzYW50aDIwMDR2a0BnbWFpbC5jb20iLCJyb2xlIjoiU3VwZXJBZG1pbiIsIk9yZ2FuaXphdGlvbklkIjoiMiIsIk9yZ2FuaXphdGlvbkxvZ28iOiIvdXBsb2Fkcy9vcmctbG9nb3Mvb3JnLWxvZ28tNTg3M2M0NzVkOTFkNGJiZDkwNDZkZWVjNjY3ZDEzNmMuanBnIiwibmJmIjoxNzc1ODg2MDA4LCJleHAiOjE3NzU5NzI0MDgsImlhdCI6MTc3NTg4NjAwOCwiaXNzIjoiUHJvRGVzWC1CYWNrZW5kIiwiYXVkIjoiUHJvRGVzWC1Gcm9udGVuZCJ9.epHRJ10F0iRfdbu5v9Q-fOThe3gMPMdXX7_sNnzHut4 - null null
2026-04-11 11:36:08.459 [INF] Microsoft.AspNetCore.Cors.Infrastructure.CorsService | CORS policy execution successful.
2026-04-11 11:36:08.459 [INF] Microsoft.AspNetCore.Routing.EndpointMiddleware | Executing endpoint '/hubs/employees'
2026-04-11 11:36:08.486 [INF] Microsoft.AspNetCore.Hosting.Diagnostics | Request starting HTTP/1.1 GET http://localhost:5217/hubs/employees?id=5fx6mKvy4wD2QSC6yl1odg&access_token=eyJhbGciOiJIUzI1NiIsInR5cCI6IkpXVCJ9.eyJuYW1laWQiOiIxOCIsInVuaXF1ZV9uYW1lIjoidmFzYW50aGFrdW1hciIsImVtYWlsIjoidmFzYW50aDIwMDR2a0BnbWFpbC5jb20iLCJyb2xlIjoiU3VwZXJBZG1pbiIsIk9yZ2FuaXphdGlvbklkIjoiMiIsIk9yZ2FuaXphdGlvbkxvZ28iOiIvdXBsb2Fkcy9vcmctbG9nb3Mvb3JnLWxvZ28tNTg3M2M0NzVkOTFkNGJiZDkwNDZkZWVjNjY3ZDEzNmMuanBnIiwibmJmIjoxNzc1ODg2MDA4LCJleHAiOjE3NzU5NzI0MDgsImlhdCI6MTc3NTg4NjAwOCwiaXNzIjoiUHJvRGVzWC1CYWNrZW5kIiwiYXVkIjoiUHJvRGVzWC1Gcm9udGVuZCJ9.epHRJ10F0iRfdbu5v9Q-fOThe3gMPMdXX7_sNnzHut4 - null null
2026-04-11 11:36:08.486 [INF] Microsoft.AspNetCore.Cors.Infrastructure.CorsService | CORS policy execution successful.
2026-04-11 11:36:08.486 [INF] Microsoft.AspNetCore.Routing.EndpointMiddleware | Executing endpoint '/hubs/employees'
2026-04-11 11:37:54.356 [INF] Microsoft.Hosting.Lifetime | Application is shutting down...
2026-04-11 11:37:54.357 [INF] Microsoft.AspNetCore.Server.Kestrel.Connections | Connection id "0HNKNI0EM3S14", Request id "0HNKNI0EM3S14:00000001": the application aborted the connection.
2026-04-11 11:37:54.361 [INF] Microsoft.AspNetCore.Server.Kestrel.Connections | Connection id "0HNKNI0EM3S13", Request id "0HNKNI0EM3S13:00000001": the application aborted the connection.
2026-04-11 11:37:54.366 [INF] Microsoft.AspNetCore.Routing.EndpointMiddleware | Executed endpoint '/hubs/employees'
2026-04-11 11:37:54.366 [INF] Serilog.AspNetCore.RequestLoggingMiddleware | HTTP GET /hubs/employees → 101 (105876.9ms)
2026-04-11 11:37:54.366 [INF] Microsoft.AspNetCore.Hosting.Diagnostics | Request finished HTTP/1.1 GET http://localhost:5217/hubs/employees?id=5fx6mKvy4wD2QSC6yl1odg&access_token=eyJhbGciOiJIUzI1NiIsInR5cCI6IkpXVCJ9.eyJuYW1laWQiOiIxOCIsInVuaXF1ZV9uYW1lIjoidmFzYW50aGFrdW1hciIsImVtYWlsIjoidmFzYW50aDIwMDR2a0BnbWFpbC5jb20iLCJyb2xlIjoiU3VwZXJBZG1pbiIsIk9yZ2FuaXphdGlvbklkIjoiMiIsIk9yZ2FuaXphdGlvbkxvZ28iOiIvdXBsb2Fkcy9vcmctbG9nb3Mvb3JnLWxvZ28tNTg3M2M0NzVkOTFkNGJiZDkwNDZkZWVjNjY3ZDEzNmMuanBnIiwibmJmIjoxNzc1ODg2MDA4LCJleHAiOjE3NzU5NzI0MDgsImlhdCI6MTc3NTg4NjAwOCwiaXNzIjoiUHJvRGVzWC1CYWNrZW5kIiwiYXVkIjoiUHJvRGVzWC1Gcm9udGVuZCJ9.epHRJ10F0iRfdbu5v9Q-fOThe3gMPMdXX7_sNnzHut4 - 101 null null 105877.4618ms
2026-04-11 11:37:54.366 [INF] Microsoft.AspNetCore.Hosting.Diagnostics | Request starting HTTP/1.1 OPTIONS http://localhost:5217/hubs/employees/negotiate?negotiateVersion=1 - null null
2026-04-11 11:37:54.367 [INF] Microsoft.AspNetCore.Cors.Infrastructure.CorsService | CORS policy execution successful.
2026-04-11 11:37:54.367 [INF] Microsoft.AspNetCore.Hosting.Diagnostics | Request finished HTTP/1.1 OPTIONS http://localhost:5217/hubs/employees/negotiate?negotiateVersion=1 - 204 null null 0.4538ms
2026-04-11 11:37:54.368 [INF] Microsoft.AspNetCore.Hosting.Diagnostics | Request starting HTTP/1.1 POST http://localhost:5217/hubs/employees/negotiate?negotiateVersion=1 - text/plain;charset=UTF-8 0
2026-04-11 11:37:54.369 [INF] Microsoft.AspNetCore.Cors.Infrastructure.CorsService | CORS policy execution successful.
2026-04-11 11:37:54.369 [INF] Microsoft.AspNetCore.Routing.EndpointMiddleware | Executing endpoint '/hubs/employees/negotiate'
2026-04-11 11:37:54.369 [INF] Microsoft.AspNetCore.Routing.EndpointMiddleware | Executed endpoint '/hubs/employees/negotiate'
2026-04-11 11:37:54.369 [INF] Serilog.AspNetCore.RequestLoggingMiddleware | HTTP POST /hubs/employees/negotiate → 200 (0.2ms)
2026-04-11 11:37:54.369 [INF] Microsoft.AspNetCore.Hosting.Diagnostics | Request finished HTTP/1.1 POST http://localhost:5217/hubs/employees/negotiate?negotiateVersion=1 - 200 316 application/json 0.8399ms
2026-04-11 11:37:54.371 [INF] Microsoft.AspNetCore.Hosting.Diagnostics | Request starting HTTP/1.1 POST http://localhost:5217/hubs/employees/negotiate?negotiateVersion=1 - text/plain;charset=UTF-8 0
2026-04-11 11:37:54.371 [INF] Microsoft.AspNetCore.Cors.Infrastructure.CorsService | CORS policy execution successful.
2026-04-11 11:37:54.371 [INF] Microsoft.AspNetCore.Routing.EndpointMiddleware | Executing endpoint '/hubs/employees/negotiate'
2026-04-11 11:37:54.371 [INF] Microsoft.AspNetCore.Routing.EndpointMiddleware | Executed endpoint '/hubs/employees/negotiate'
2026-04-11 11:37:54.371 [INF] Serilog.AspNetCore.RequestLoggingMiddleware | HTTP POST /hubs/employees/negotiate → 200 (0.2ms)
2026-04-11 11:37:54.371 [INF] Microsoft.AspNetCore.Hosting.Diagnostics | Request finished HTTP/1.1 POST http://localhost:5217/hubs/employees/negotiate?negotiateVersion=1 - 200 316 application/json 0.5461ms
2026-04-11 11:37:54.380 [INF] Microsoft.AspNetCore.Routing.EndpointMiddleware | Executed endpoint '/hubs/employees'
2026-04-11 11:37:54.380 [INF] Serilog.AspNetCore.RequestLoggingMiddleware | HTTP GET /hubs/employees → 101 (105917.3ms)
2026-04-11 11:37:54.380 [INF] Microsoft.AspNetCore.Hosting.Diagnostics | Request finished HTTP/1.1 GET http://localhost:5217/hubs/employees?id=ey14ogOhQ4_aaiZnwlGDvg&access_token=eyJhbGciOiJIUzI1NiIsInR5cCI6IkpXVCJ9.eyJuYW1laWQiOiIxOCIsInVuaXF1ZV9uYW1lIjoidmFzYW50aGFrdW1hciIsImVtYWlsIjoidmFzYW50aDIwMDR2a0BnbWFpbC5jb20iLCJyb2xlIjoiU3VwZXJBZG1pbiIsIk9yZ2FuaXphdGlvbklkIjoiMiIsIk9yZ2FuaXphdGlvbkxvZ28iOiIvdXBsb2Fkcy9vcmctbG9nb3Mvb3JnLWxvZ28tNTg3M2M0NzVkOTFkNGJiZDkwNDZkZWVjNjY3ZDEzNmMuanBnIiwibmJmIjoxNzc1ODg2MDA4LCJleHAiOjE3NzU5NzI0MDgsImlhdCI6MTc3NTg4NjAwOCwiaXNzIjoiUHJvRGVzWC1CYWNrZW5kIiwiYXVkIjoiUHJvRGVzWC1Gcm9udGVuZCJ9.epHRJ10F0iRfdbu5v9Q-fOThe3gMPMdXX7_sNnzHut4 - 101 null null 105917.9491ms
2026-04-11 11:37:54.380 [INF] Microsoft.AspNetCore.Hosting.Diagnostics | Request starting HTTP/1.1 GET http://localhost:5217/hubs/employees?id=ez0yKS_bAjfZfEsEnYrkUQ&access_token=eyJhbGciOiJIUzI1NiIsInR5cCI6IkpXVCJ9.eyJuYW1laWQiOiIxOCIsInVuaXF1ZV9uYW1lIjoidmFzYW50aGFrdW1hciIsImVtYWlsIjoidmFzYW50aDIwMDR2a0BnbWFpbC5jb20iLCJyb2xlIjoiU3VwZXJBZG1pbiIsIk9yZ2FuaXphdGlvbklkIjoiMiIsIk9yZ2FuaXphdGlvbkxvZ28iOiIvdXBsb2Fkcy9vcmctbG9nb3Mvb3JnLWxvZ28tNTg3M2M0NzVkOTFkNGJiZDkwNDZkZWVjNjY3ZDEzNmMuanBnIiwibmJmIjoxNzc1ODg2MDA4LCJleHAiOjE3NzU5NzI0MDgsImlhdCI6MTc3NTg4NjAwOCwiaXNzIjoiUHJvRGVzWC1CYWNrZW5kIiwiYXVkIjoiUHJvRGVzWC1Gcm9udGVuZCJ9.epHRJ10F0iRfdbu5v9Q-fOThe3gMPMdXX7_sNnzHut4 - null null
2026-04-11 11:37:54.381 [INF] Microsoft.AspNetCore.Cors.Infrastructure.CorsService | CORS policy execution successful.
2026-04-11 11:37:54.381 [INF] Microsoft.AspNetCore.Routing.EndpointMiddleware | Executing endpoint '/hubs/employees'
2026-04-11 11:38:06.092 [INF]  | === ProDesX-HRM Backend Starting (Migrations Rev 5: Explicit Columns) ===
2026-04-11 11:38:06.317 [INF]  | === ProDesX-HRM Backend Starting (Migrations Rev 4: Clean GOs) ===
2026-04-11 11:38:06.564 [INF]  | [DB] Connected to: 103.235.104.197 | proxPayroll
2026-04-11 11:38:06.781 [INF]  | [DB] Database exists. Running migrations.sql...
2026-04-11 11:38:08.017 [WRN]  | [DB] Batch skipped in migrations.sql: Invalid column name 'EmployeeId'.
2026-04-11 11:38:08.058 [WRN]  | [DB] Batch skipped in migrations.sql: Invalid column name 'EmployeeId'.
2026-04-11 11:38:09.581 [WRN]  | [DB] Batch skipped in migrations.sql: 'CREATE/ALTER PROCEDURE' must be the first statement in a query batch.
2026-04-11 11:38:11.736 [INF]  | [DB] Finished running migrations.sql. 155 batches applied, 3 skipped.
2026-04-11 11:38:12.351 [WRN]  | [DB] Procedure apply skipped: Invalid column name 'EmployeeId'.
2026-04-11 11:38:12.375 [WRN]  | [DB] Procedure apply skipped: Invalid column name 'EmployeeId'.
2026-04-11 11:38:14.171 [INF]  | [DB] Procedures refreshed (CREATE OR ALTER). 136 applied, 2 skipped.
2026-04-11 11:38:14.171 [INF]  | [DB] Migrations complete.
2026-04-11 11:38:14.642 [INF]  | === Backend running at http://localhost:5217 ===
2026-04-11 11:38:14.665 [INF] Microsoft.AspNetCore.DataProtection.KeyManagement.XmlKeyManager | User profile is available. Using 'C:\Users\vasanth\AppData\Local\ASP.NET\DataProtection-Keys' as key repository and Windows DPAPI to encrypt keys at rest.
2026-04-11 11:38:14.680 [INF] backend.Services.ShiftScheduleBackgroundService | Shift Schedule Background Service is starting.
2026-04-11 11:38:14.776 [INF] Microsoft.Hosting.Lifetime | Now listening on: http://localhost:5217
2026-04-11 11:38:14.776 [INF] Microsoft.Hosting.Lifetime | Application started. Press Ctrl+C to shut down.
2026-04-11 11:38:14.776 [INF] Microsoft.Hosting.Lifetime | Hosting environment: Development
2026-04-11 11:38:14.776 [INF] Microsoft.Hosting.Lifetime | Content root path: C:\Repos_Work\Prodesx_HRM_Mobile_Application\backend
2026-04-11 11:38:14.978 [INF] Microsoft.AspNetCore.Hosting.Diagnostics | Request starting HTTP/1.1 OPTIONS http://localhost:5217/hubs/employees/negotiate?negotiateVersion=1 - null null
2026-04-11 11:38:15.041 [INF] Microsoft.AspNetCore.Cors.Infrastructure.CorsService | CORS policy execution successful.
2026-04-11 11:38:15.047 [INF] Microsoft.AspNetCore.Hosting.Diagnostics | Request finished HTTP/1.1 OPTIONS http://localhost:5217/hubs/employees/negotiate?negotiateVersion=1 - 204 null null 71.7077ms
2026-04-11 11:38:15.055 [INF] Microsoft.AspNetCore.Hosting.Diagnostics | Request starting HTTP/1.1 POST http://localhost:5217/hubs/employees/negotiate?negotiateVersion=1 - text/plain;charset=UTF-8 0
2026-04-11 11:38:15.064 [INF] Microsoft.AspNetCore.Cors.Infrastructure.CorsService | CORS policy execution successful.
2026-04-11 11:38:15.086 [WRN] Microsoft.AspNetCore.HttpsPolicy.HttpsRedirectionMiddleware | Failed to determine the https port for redirect.
2026-04-11 11:38:15.213 [INF] Microsoft.AspNetCore.Routing.EndpointMiddleware | Executing endpoint '/hubs/employees/negotiate'
2026-04-11 11:38:15.219 [INF] Microsoft.AspNetCore.Routing.EndpointMiddleware | Executed endpoint '/hubs/employees/negotiate'
2026-04-11 11:38:15.222 [INF] Serilog.AspNetCore.RequestLoggingMiddleware | HTTP POST /hubs/employees/negotiate → 200 (10.0ms)
2026-04-11 11:38:15.224 [INF] Microsoft.AspNetCore.Hosting.Diagnostics | Request finished HTTP/1.1 POST http://localhost:5217/hubs/employees/negotiate?negotiateVersion=1 - 200 316 application/json 169.6308ms
2026-04-11 11:38:15.229 [INF] Microsoft.AspNetCore.Hosting.Diagnostics | Request starting HTTP/1.1 GET http://localhost:5217/hubs/employees?id=LRdWQoXOywciu6Uc-gWS2g&access_token=eyJhbGciOiJIUzI1NiIsInR5cCI6IkpXVCJ9.eyJuYW1laWQiOiIxOCIsInVuaXF1ZV9uYW1lIjoidmFzYW50aGFrdW1hciIsImVtYWlsIjoidmFzYW50aDIwMDR2a0BnbWFpbC5jb20iLCJyb2xlIjoiU3VwZXJBZG1pbiIsIk9yZ2FuaXphdGlvbklkIjoiMiIsIk9yZ2FuaXphdGlvbkxvZ28iOiIvdXBsb2Fkcy9vcmctbG9nb3Mvb3JnLWxvZ28tNTg3M2M0NzVkOTFkNGJiZDkwNDZkZWVjNjY3ZDEzNmMuanBnIiwibmJmIjoxNzc1ODg2MDA4LCJleHAiOjE3NzU5NzI0MDgsImlhdCI6MTc3NTg4NjAwOCwiaXNzIjoiUHJvRGVzWC1CYWNrZW5kIiwiYXVkIjoiUHJvRGVzWC1Gcm9udGVuZCJ9.epHRJ10F0iRfdbu5v9Q-fOThe3gMPMdXX7_sNnzHut4 - null null
2026-04-11 11:38:15.231 [INF] Microsoft.AspNetCore.Cors.Infrastructure.CorsService | CORS policy execution successful.
2026-04-11 11:38:15.235 [INF] Microsoft.AspNetCore.Routing.EndpointMiddleware | Executing endpoint '/hubs/employees'
2026-04-11 11:38:17.065 [INF] Microsoft.AspNetCore.Routing.EndpointMiddleware | Executed endpoint '/hubs/employees'
2026-04-11 11:38:17.066 [INF] Serilog.AspNetCore.RequestLoggingMiddleware | HTTP GET /hubs/employees → 101 (1830.9ms)
2026-04-11 11:38:17.071 [INF] Microsoft.AspNetCore.Hosting.Diagnostics | Request finished HTTP/1.1 GET http://localhost:5217/hubs/employees?id=LRdWQoXOywciu6Uc-gWS2g&access_token=eyJhbGciOiJIUzI1NiIsInR5cCI6IkpXVCJ9.eyJuYW1laWQiOiIxOCIsInVuaXF1ZV9uYW1lIjoidmFzYW50aGFrdW1hciIsImVtYWlsIjoidmFzYW50aDIwMDR2a0BnbWFpbC5jb20iLCJyb2xlIjoiU3VwZXJBZG1pbiIsIk9yZ2FuaXphdGlvbklkIjoiMiIsIk9yZ2FuaXphdGlvbkxvZ28iOiIvdXBsb2Fkcy9vcmctbG9nb3Mvb3JnLWxvZ28tNTg3M2M0NzVkOTFkNGJiZDkwNDZkZWVjNjY3ZDEzNmMuanBnIiwibmJmIjoxNzc1ODg2MDA4LCJleHAiOjE3NzU5NzI0MDgsImlhdCI6MTc3NTg4NjAwOCwiaXNzIjoiUHJvRGVzWC1CYWNrZW5kIiwiYXVkIjoiUHJvRGVzWC1Gcm9udGVuZCJ9.epHRJ10F0iRfdbu5v9Q-fOThe3gMPMdXX7_sNnzHut4 - 101 null null 1841.7309ms
2026-04-11 11:38:22.095 [INF] Microsoft.AspNetCore.Hosting.Diagnostics | Request starting HTTP/1.1 OPTIONS http://localhost:5217/api/users/organizations - null null
2026-04-11 11:38:22.096 [INF] Microsoft.AspNetCore.Cors.Infrastructure.CorsService | CORS policy execution successful.
2026-04-11 11:38:22.097 [INF] Microsoft.AspNetCore.Hosting.Diagnostics | Request finished HTTP/1.1 OPTIONS http://localhost:5217/api/users/organizations - 204 null null 2.0152ms
2026-04-11 11:38:22.100 [INF] Microsoft.AspNetCore.Hosting.Diagnostics | Request starting HTTP/1.1 GET http://localhost:5217/api/users/organizations - null null
2026-04-11 11:38:22.109 [INF] Microsoft.AspNetCore.Cors.Infrastructure.CorsService | CORS policy execution successful.
2026-04-11 11:38:22.120 [INF] Microsoft.AspNetCore.Routing.EndpointMiddleware | Executing endpoint 'backend.Controllers.UsersController.GetOrganizations (backend)'
2026-04-11 11:38:22.140 [INF] Microsoft.AspNetCore.Mvc.Infrastructure.ControllerActionInvoker | Route matched with {action = "GetOrganizations", controller = "Users"}. Executing controller action with signature System.Threading.Tasks.Task`1[Microsoft.AspNetCore.Mvc.IActionResult] GetOrganizations() on controller backend.Controllers.UsersController (backend).
2026-04-11 11:38:22.145 [INF] backend.Controllers.UsersController | [Users] GET organizations | Role=SuperAdmin | UserId=18
2026-04-11 11:38:22.290 [INF] Microsoft.AspNetCore.Mvc.Infrastructure.ObjectResultExecutor | Executing OkObjectResult, writing value of type 'System.Collections.Generic.List`1[[backend.Models.Organization, backend, Version=1.0.0.0, Culture=neutral, PublicKeyToken=null]]'.
2026-04-11 11:38:22.345 [INF] Microsoft.AspNetCore.Mvc.Infrastructure.ControllerActionInvoker | Executed action backend.Controllers.UsersController.GetOrganizations (backend) in 199.0646ms
2026-04-11 11:38:22.346 [INF] Microsoft.AspNetCore.Routing.EndpointMiddleware | Executed endpoint 'backend.Controllers.UsersController.GetOrganizations (backend)'
2026-04-11 11:38:22.346 [INF] Serilog.AspNetCore.RequestLoggingMiddleware | HTTP GET /api/users/organizations → 200 (225.7ms)
2026-04-11 11:38:22.346 [INF] Microsoft.AspNetCore.Hosting.Diagnostics | Request finished HTTP/1.1 GET http://localhost:5217/api/users/organizations - 200 null application/json; charset=utf-8 246.2159ms
2026-04-11 11:38:22.562 [INF] Microsoft.AspNetCore.Hosting.Diagnostics | Request starting HTTP/1.1 OPTIONS http://localhost:5217/api/organizations - null null
2026-04-11 11:38:22.563 [INF] Microsoft.AspNetCore.Cors.Infrastructure.CorsService | CORS policy execution successful.
2026-04-11 11:38:22.563 [INF] Microsoft.AspNetCore.Hosting.Diagnostics | Request finished HTTP/1.1 OPTIONS http://localhost:5217/api/organizations - 204 null null 0.6041ms
2026-04-11 11:38:22.567 [INF] Microsoft.AspNetCore.Hosting.Diagnostics | Request starting HTTP/1.1 GET http://localhost:5217/api/organizations - application/json null
2026-04-11 11:38:22.567 [INF] Microsoft.AspNetCore.Cors.Infrastructure.CorsService | CORS policy execution successful.
2026-04-11 11:38:22.572 [INF] Microsoft.AspNetCore.Routing.EndpointMiddleware | Executing endpoint 'backend.Controllers.OrganizationsController.GetOrganizations (backend)'
2026-04-11 11:38:22.584 [INF] Microsoft.AspNetCore.Mvc.Infrastructure.ControllerActionInvoker | Route matched with {action = "GetOrganizations", controller = "Organizations"}. Executing controller action with signature System.Threading.Tasks.Task`1[Microsoft.AspNetCore.Mvc.IActionResult] GetOrganizations() on controller backend.Controllers.OrganizationsController (backend).
2026-04-11 11:38:22.587 [INF] backend.Controllers.OrganizationsController | [Orgs] GET all requested | Role=SuperAdmin | UserId=18
2026-04-11 11:38:22.657 [INF] Microsoft.AspNetCore.Mvc.Infrastructure.ObjectResultExecutor | Executing OkObjectResult, writing value of type 'System.Collections.Generic.List`1[[backend.Models.Organization, backend, Version=1.0.0.0, Culture=neutral, PublicKeyToken=null]]'.
2026-04-11 11:38:22.658 [INF] Microsoft.AspNetCore.Mvc.Infrastructure.ControllerActionInvoker | Executed action backend.Controllers.OrganizationsController.GetOrganizations (backend) in 73.4525ms
2026-04-11 11:38:22.658 [INF] Microsoft.AspNetCore.Routing.EndpointMiddleware | Executed endpoint 'backend.Controllers.OrganizationsController.GetOrganizations (backend)'
2026-04-11 11:38:22.658 [INF] Serilog.AspNetCore.RequestLoggingMiddleware | HTTP GET /api/organizations → 200 (86.4ms)
2026-04-11 11:38:22.658 [INF] Microsoft.AspNetCore.Hosting.Diagnostics | Request finished HTTP/1.1 GET http://localhost:5217/api/organizations - 200 null application/json; charset=utf-8 91.4816ms
2026-04-11 11:38:23.341 [INF] Microsoft.AspNetCore.Hosting.Diagnostics | Request starting HTTP/1.1 OPTIONS http://localhost:5217/api/leads - null null
2026-04-11 11:38:23.341 [INF] Microsoft.AspNetCore.Cors.Infrastructure.CorsService | CORS policy execution successful.
2026-04-11 11:38:23.341 [INF] Microsoft.AspNetCore.Hosting.Diagnostics | Request finished HTTP/1.1 OPTIONS http://localhost:5217/api/leads - 204 null null 0.5266ms
2026-04-11 11:38:23.344 [INF] Microsoft.AspNetCore.Hosting.Diagnostics | Request starting HTTP/1.1 GET http://localhost:5217/api/leads - application/json null
2026-04-11 11:38:23.344 [INF] Microsoft.AspNetCore.Cors.Infrastructure.CorsService | CORS policy execution successful.
2026-04-11 11:38:23.348 [INF] Microsoft.AspNetCore.Routing.EndpointMiddleware | Executing endpoint 'backend.Controllers.LeadsController.GetLeads (backend)'
2026-04-11 11:38:23.356 [INF] Microsoft.AspNetCore.Mvc.Infrastructure.ControllerActionInvoker | Route matched with {action = "GetLeads", controller = "Leads"}. Executing controller action with signature System.Threading.Tasks.Task`1[System.Collections.Generic.IEnumerable`1[backend.Models.Lead]] GetLeads() on controller backend.Controllers.LeadsController (backend).
2026-04-11 11:38:23.690 [INF] Microsoft.AspNetCore.Mvc.Infrastructure.ObjectResultExecutor | Executing ObjectResult, writing value of type 'System.Collections.Generic.List`1[[backend.Models.Lead, backend, Version=1.0.0.0, Culture=neutral, PublicKeyToken=null]]'.
2026-04-11 11:38:23.710 [INF] Microsoft.AspNetCore.Mvc.Infrastructure.ControllerActionInvoker | Executed action backend.Controllers.LeadsController.GetLeads (backend) in 353.3701ms
2026-04-11 11:38:23.710 [INF] Microsoft.AspNetCore.Routing.EndpointMiddleware | Executed endpoint 'backend.Controllers.LeadsController.GetLeads (backend)'
2026-04-11 11:38:23.710 [INF] Serilog.AspNetCore.RequestLoggingMiddleware | HTTP GET /api/leads → 200 (362.5ms)
2026-04-11 11:38:23.710 [INF] Microsoft.AspNetCore.Hosting.Diagnostics | Request finished HTTP/1.1 GET http://localhost:5217/api/leads - 200 null application/json; charset=utf-8 365.9481ms
2026-04-11 11:38:23.717 [INF] Microsoft.AspNetCore.Hosting.Diagnostics | Request starting HTTP/1.1 OPTIONS http://localhost:5217/api/employees?organizationId=2 - null null
2026-04-11 11:38:23.717 [INF] Microsoft.AspNetCore.Cors.Infrastructure.CorsService | CORS policy execution successful.
2026-04-11 11:38:23.718 [INF] Microsoft.AspNetCore.Hosting.Diagnostics | Request finished HTTP/1.1 OPTIONS http://localhost:5217/api/employees?organizationId=2 - 204 null null 0.3873ms
2026-04-11 11:38:23.719 [INF] Microsoft.AspNetCore.Hosting.Diagnostics | Request starting HTTP/1.1 GET http://localhost:5217/api/employees?organizationId=2 - application/json null
2026-04-11 11:38:23.720 [INF] Microsoft.AspNetCore.Cors.Infrastructure.CorsService | CORS policy execution successful.
2026-04-11 11:38:23.720 [INF] Microsoft.AspNetCore.Routing.EndpointMiddleware | Executing endpoint 'backend.Controllers.EmployeesController.GetEmployees (backend)'
2026-04-11 11:38:23.739 [INF] Microsoft.AspNetCore.Mvc.Infrastructure.ControllerActionInvoker | Route matched with {action = "GetEmployees", controller = "Employees"}. Executing controller action with signature System.Threading.Tasks.Task`1[Microsoft.AspNetCore.Mvc.IActionResult] GetEmployees(System.Nullable`1[System.Int32]) on controller backend.Controllers.EmployeesController (backend).
2026-04-11 11:38:23.753 [INF] backend.Controllers.EmployeesController | [Employees] GET all | TargetOrgId=2 | UserOrgId=2
2026-04-11 11:38:23.914 [INF] Microsoft.AspNetCore.Mvc.Infrastructure.ObjectResultExecutor | Executing OkObjectResult, writing value of type 'System.Collections.Generic.List`1[[backend.Models.Employee, backend, Version=1.0.0.0, Culture=neutral, PublicKeyToken=null]]'.
2026-04-11 11:38:23.940 [INF] Microsoft.AspNetCore.Mvc.Infrastructure.ControllerActionInvoker | Executed action backend.Controllers.EmployeesController.GetEmployees (backend) in 201.3872ms
2026-04-11 11:38:23.940 [INF] Microsoft.AspNetCore.Routing.EndpointMiddleware | Executed endpoint 'backend.Controllers.EmployeesController.GetEmployees (backend)'
2026-04-11 11:38:23.941 [INF] Serilog.AspNetCore.RequestLoggingMiddleware | HTTP GET /api/employees → 200 (220.3ms)
2026-04-11 11:38:23.941 [INF] Microsoft.AspNetCore.Hosting.Diagnostics | Request finished HTTP/1.1 GET http://localhost:5217/api/employees?organizationId=2 - 200 null application/json; charset=utf-8 221.3103ms
2026-04-11 11:38:23.958 [INF] Microsoft.AspNetCore.Hosting.Diagnostics | Request starting HTTP/1.1 OPTIONS http://localhost:5217/api/ShiftAssignments/roster?start=2026-04-11&end=2026-04-18&orgId=2 - null null
2026-04-11 11:38:23.958 [INF] Microsoft.AspNetCore.Cors.Infrastructure.CorsService | CORS policy execution successful.
2026-04-11 11:38:23.958 [INF] Microsoft.AspNetCore.Hosting.Diagnostics | Request finished HTTP/1.1 OPTIONS http://localhost:5217/api/ShiftAssignments/roster?start=2026-04-11&end=2026-04-18&orgId=2 - 204 null null 0.4554ms
2026-04-11 11:38:23.961 [INF] Microsoft.AspNetCore.Hosting.Diagnostics | Request starting HTTP/1.1 GET http://localhost:5217/api/ShiftAssignments/roster?start=2026-04-11&end=2026-04-18&orgId=2 - application/json null
2026-04-11 11:38:23.963 [INF] Microsoft.AspNetCore.Cors.Infrastructure.CorsService | CORS policy execution successful.
2026-04-11 11:38:23.966 [INF] Microsoft.AspNetCore.Routing.EndpointMiddleware | Executing endpoint 'backend.Controllers.ShiftAssignmentsController.GetMonthlyRosterFixed (backend)'
2026-04-11 11:38:23.986 [INF] Microsoft.AspNetCore.Mvc.Infrastructure.ControllerActionInvoker | Route matched with {action = "GetMonthlyRosterFixed", controller = "ShiftAssignments"}. Executing controller action with signature System.Threading.Tasks.Task`1[Microsoft.AspNetCore.Mvc.IActionResult] GetMonthlyRosterFixed(System.String, System.String, System.Nullable`1[System.Int32]) on controller backend.Controllers.ShiftAssignmentsController (backend).
2026-04-11 11:38:24.209 [INF] Microsoft.AspNetCore.Mvc.Infrastructure.ObjectResultExecutor | Executing OkObjectResult, writing value of type 'System.Collections.Generic.List`1[[backend.Models.EmployeeSchedule, backend, Version=1.0.0.0, Culture=neutral, PublicKeyToken=null]]'.
2026-04-11 11:38:24.219 [INF] Microsoft.AspNetCore.Mvc.Infrastructure.ControllerActionInvoker | Executed action backend.Controllers.ShiftAssignmentsController.GetMonthlyRosterFixed (backend) in 232.6099ms
2026-04-11 11:38:24.219 [INF] Microsoft.AspNetCore.Routing.EndpointMiddleware | Executed endpoint 'backend.Controllers.ShiftAssignmentsController.GetMonthlyRosterFixed (backend)'
2026-04-11 11:38:24.219 [INF] Serilog.AspNetCore.RequestLoggingMiddleware | HTTP GET /api/ShiftAssignments/roster → 200 (252.7ms)
2026-04-11 11:38:24.219 [INF] Microsoft.AspNetCore.Hosting.Diagnostics | Request finished HTTP/1.1 GET http://localhost:5217/api/ShiftAssignments/roster?start=2026-04-11&end=2026-04-18&orgId=2 - 200 null application/json; charset=utf-8 257.9002ms
2026-04-11 11:38:24.226 [INF] Microsoft.AspNetCore.Hosting.Diagnostics | Request starting HTTP/1.1 OPTIONS http://localhost:5217/api/Attendance/status?employeeId=31&orgId=2 - null null
2026-04-11 11:38:24.226 [INF] Microsoft.AspNetCore.Cors.Infrastructure.CorsService | CORS policy execution successful.
2026-04-11 11:38:24.226 [INF] Microsoft.AspNetCore.Hosting.Diagnostics | Request finished HTTP/1.1 OPTIONS http://localhost:5217/api/Attendance/status?employeeId=31&orgId=2 - 204 null null 0.4076ms
2026-04-11 11:38:24.229 [INF] Microsoft.AspNetCore.Hosting.Diagnostics | Request starting HTTP/1.1 GET http://localhost:5217/api/Attendance/status?employeeId=31&orgId=2 - application/json null
2026-04-11 11:38:24.230 [INF] Microsoft.AspNetCore.Cors.Infrastructure.CorsService | CORS policy execution successful.
2026-04-11 11:38:24.232 [INF] Microsoft.AspNetCore.Routing.EndpointMiddleware | Executing endpoint 'backend.Controllers.AttendanceController.GetStatus (backend)'
2026-04-11 11:38:24.243 [INF] Microsoft.AspNetCore.Mvc.Infrastructure.ControllerActionInvoker | Route matched with {action = "GetStatus", controller = "Attendance"}. Executing controller action with signature System.Threading.Tasks.Task`1[Microsoft.AspNetCore.Mvc.IActionResult] GetStatus(Int32, Int32) on controller backend.Controllers.AttendanceController (backend).
2026-04-11 11:38:24.408 [ERR] backend.Controllers.AttendanceController | Error getting attendance status
Microsoft.Data.SqlClient.SqlException (0x80131904): Invalid column name 'FN'.
Invalid column name 'AN'.
   at Microsoft.Data.SqlClient.SqlCommand.<>c.<ExecuteDbDataReaderAsync>b__195_0(Task`1 result)
   at System.Threading.Tasks.ContinuationResultTaskFromResultTask`2.InnerInvoke()
   at System.Threading.ExecutionContext.RunInternal(ExecutionContext executionContext, ContextCallback callback, Object state)
--- End of stack trace from previous location ---
   at System.Threading.ExecutionContext.RunInternal(ExecutionContext executionContext, ContextCallback callback, Object state)
   at System.Threading.Tasks.Task.ExecuteWithThreadLocal(Task& currentTaskSlot, Thread threadPoolThread)
--- End of stack trace from previous location ---
   at Dapper.SqlMapper.QueryRowAsync[T](IDbConnection cnn, Row row, Type effectiveType, CommandDefinition command) in /_/Dapper/SqlMapper.Async.cs:line 489
   at backend.Controllers.AttendanceController.GetStatus(Int32 employeeId, Int32 orgId) in C:\Repos_Work\Prodesx_HRM_Mobile_Application\backend\Controllers\AttendanceController.cs:line 235
ClientConnectionId:397fc930-e5a7-49ac-bfe3-7a48ed33931e
Error Number:207,State:1,Class:16
2026-04-11 11:38:24.432 [INF] Microsoft.AspNetCore.Mvc.Infrastructure.ObjectResultExecutor | Executing ObjectResult, writing value of type 'System.String'.
2026-04-11 11:38:24.432 [INF] Microsoft.AspNetCore.Mvc.Infrastructure.ControllerActionInvoker | Executed action backend.Controllers.AttendanceController.GetStatus (backend) in 189.4948ms
2026-04-11 11:38:24.432 [INF] Microsoft.AspNetCore.Routing.EndpointMiddleware | Executed endpoint 'backend.Controllers.AttendanceController.GetStatus (backend)'
2026-04-11 11:38:24.432 [ERR] Serilog.AspNetCore.RequestLoggingMiddleware | HTTP GET /api/Attendance/status → 500 (200.8ms)
2026-04-11 11:38:24.434 [INF] Microsoft.AspNetCore.Hosting.Diagnostics | Request finished HTTP/1.1 GET http://localhost:5217/api/Attendance/status?employeeId=31&orgId=2 - 500 null text/plain; charset=utf-8 205.0736ms
2026-04-11 11:38:24.691 [INF] backend.Services.ShiftScheduleBackgroundService | Shift Schedule Background Service is running...
2026-04-11 11:38:26.786 [INF] backend.Services.ShiftScheduleBackgroundService | Shift Schedule Background Service completed. Inserted 0 new schedules for the rolling 30-day window.
2026-04-11 11:42:37.991 [INF] Microsoft.AspNetCore.Hosting.Diagnostics | Request starting HTTP/1.1 OPTIONS http://localhost:5217/api/Organizations - null null
2026-04-11 11:42:37.992 [INF] Microsoft.AspNetCore.Cors.Infrastructure.CorsService | CORS policy execution successful.
2026-04-11 11:42:37.992 [INF] Microsoft.AspNetCore.Hosting.Diagnostics | Request finished HTTP/1.1 OPTIONS http://localhost:5217/api/Organizations - 204 null null 1.0449ms
2026-04-11 11:42:37.996 [INF] Microsoft.AspNetCore.Hosting.Diagnostics | Request starting HTTP/1.1 GET http://localhost:5217/api/Organizations - null null
2026-04-11 11:42:37.996 [INF] Microsoft.AspNetCore.Cors.Infrastructure.CorsService | CORS policy execution successful.
2026-04-11 11:42:37.997 [INF] Microsoft.AspNetCore.Routing.EndpointMiddleware | Executing endpoint 'backend.Controllers.OrganizationsController.GetOrganizations (backend)'
2026-04-11 11:42:37.998 [INF] Microsoft.AspNetCore.Mvc.Infrastructure.ControllerActionInvoker | Route matched with {action = "GetOrganizations", controller = "Organizations"}. Executing controller action with signature System.Threading.Tasks.Task`1[Microsoft.AspNetCore.Mvc.IActionResult] GetOrganizations() on controller backend.Controllers.OrganizationsController (backend).
2026-04-11 11:42:37.998 [INF] backend.Controllers.OrganizationsController | [Orgs] GET all requested | Role=SuperAdmin | UserId=18
2026-04-11 11:42:38.033 [INF] Microsoft.AspNetCore.Mvc.Infrastructure.ObjectResultExecutor | Executing OkObjectResult, writing value of type 'System.Collections.Generic.List`1[[backend.Models.Organization, backend, Version=1.0.0.0, Culture=neutral, PublicKeyToken=null]]'.
2026-04-11 11:42:38.033 [INF] Microsoft.AspNetCore.Mvc.Infrastructure.ControllerActionInvoker | Executed action backend.Controllers.OrganizationsController.GetOrganizations (backend) in 35.6497ms
2026-04-11 11:42:38.033 [INF] Microsoft.AspNetCore.Routing.EndpointMiddleware | Executed endpoint 'backend.Controllers.OrganizationsController.GetOrganizations (backend)'
2026-04-11 11:42:38.033 [INF] Serilog.AspNetCore.RequestLoggingMiddleware | HTTP GET /api/Organizations → 200 (36.2ms)
2026-04-11 11:42:38.034 [INF] Microsoft.AspNetCore.Hosting.Diagnostics | Request finished HTTP/1.1 GET http://localhost:5217/api/Organizations - 200 null application/json; charset=utf-8 37.8391ms
2026-04-11 11:42:38.053 [INF] Microsoft.AspNetCore.Hosting.Diagnostics | Request starting HTTP/1.1 OPTIONS http://localhost:5217/api/SalaryYear/GetSalaryYearsByOrgId?orgId=2 - null null
2026-04-11 11:42:38.053 [INF] Microsoft.AspNetCore.Cors.Infrastructure.CorsService | CORS policy execution successful.
2026-04-11 11:42:38.053 [INF] Microsoft.AspNetCore.Hosting.Diagnostics | Request finished HTTP/1.1 OPTIONS http://localhost:5217/api/SalaryYear/GetSalaryYearsByOrgId?orgId=2 - 204 null null 0.5234ms
2026-04-11 11:42:38.061 [INF] Microsoft.AspNetCore.Hosting.Diagnostics | Request starting HTTP/1.1 GET http://localhost:5217/api/SalaryYear/GetSalaryYearsByOrgId?orgId=2 - application/json null
2026-04-11 11:42:38.064 [INF] Microsoft.AspNetCore.Cors.Infrastructure.CorsService | CORS policy execution successful.
2026-04-11 11:42:38.065 [INF] Microsoft.AspNetCore.Routing.EndpointMiddleware | Executing endpoint 'backend.Controllers.SalaryYearController.GetSalaryYearsByOrgId (backend)'
2026-04-11 11:42:38.075 [INF] Microsoft.AspNetCore.Mvc.Infrastructure.ControllerActionInvoker | Route matched with {action = "GetSalaryYearsByOrgId", controller = "SalaryYear"}. Executing controller action with signature System.Threading.Tasks.Task`1[Microsoft.AspNetCore.Mvc.IActionResult] GetSalaryYearsByOrgId(System.String) on controller backend.Controllers.SalaryYearController (backend).
2026-04-11 11:42:38.100 [INF] Microsoft.AspNetCore.Mvc.Infrastructure.ObjectResultExecutor | Executing OkObjectResult, writing value of type 'System.Collections.Generic.List`1[[backend.Models.SalaryYear, backend, Version=1.0.0.0, Culture=neutral, PublicKeyToken=null]]'.
2026-04-11 11:42:38.105 [INF] Microsoft.AspNetCore.Mvc.Infrastructure.ControllerActionInvoker | Executed action backend.Controllers.SalaryYearController.GetSalaryYearsByOrgId (backend) in 29.1112ms
2026-04-11 11:42:38.105 [INF] Microsoft.AspNetCore.Routing.EndpointMiddleware | Executed endpoint 'backend.Controllers.SalaryYearController.GetSalaryYearsByOrgId (backend)'
2026-04-11 11:42:38.105 [INF] Serilog.AspNetCore.RequestLoggingMiddleware | HTTP GET /api/SalaryYear/GetSalaryYearsByOrgId → 200 (39.8ms)
2026-04-11 11:42:38.105 [INF] Microsoft.AspNetCore.Hosting.Diagnostics | Request finished HTTP/1.1 GET http://localhost:5217/api/SalaryYear/GetSalaryYearsByOrgId?orgId=2 - 200 null application/json; charset=utf-8 44.334ms
2026-04-11 11:42:38.118 [INF] Microsoft.AspNetCore.Hosting.Diagnostics | Request starting HTTP/1.1 OPTIONS http://localhost:5217/api/staff-salary/org/4?salaryYearId=3 - null null
2026-04-11 11:42:38.118 [INF] Microsoft.AspNetCore.Cors.Infrastructure.CorsService | CORS policy execution successful.
2026-04-11 11:42:38.118 [INF] Microsoft.AspNetCore.Hosting.Diagnostics | Request finished HTTP/1.1 OPTIONS http://localhost:5217/api/staff-salary/org/4?salaryYearId=3 - 204 null null 0.3143ms
2026-04-11 11:42:38.121 [INF] Microsoft.AspNetCore.Hosting.Diagnostics | Request starting HTTP/1.1 GET http://localhost:5217/api/staff-salary/org/4?salaryYearId=3 - application/json null
2026-04-11 11:42:38.123 [INF] Microsoft.AspNetCore.Cors.Infrastructure.CorsService | CORS policy execution successful.
2026-04-11 11:42:38.123 [INF] Microsoft.AspNetCore.Routing.EndpointMiddleware | Executing endpoint 'backend.Controllers.StaffSalaryController.GetMonthlySalaries (backend)'
2026-04-11 11:42:38.134 [INF] Microsoft.AspNetCore.Mvc.Infrastructure.ControllerActionInvoker | Route matched with {action = "GetMonthlySalaries", controller = "StaffSalary"}. Executing controller action with signature System.Threading.Tasks.Task`1[Microsoft.AspNetCore.Mvc.IActionResult] GetMonthlySalaries(Byte, Int32) on controller backend.Controllers.StaffSalaryController (backend).
2026-04-11 11:42:38.195 [INF] Microsoft.AspNetCore.Mvc.Infrastructure.ObjectResultExecutor | Executing OkObjectResult, writing value of type 'System.Collections.Generic.List`1[[backend.Models.StaffSalary, backend, Version=1.0.0.0, Culture=neutral, PublicKeyToken=null]]'.
2026-04-11 11:42:38.216 [INF] Microsoft.AspNetCore.Mvc.Infrastructure.ControllerActionInvoker | Executed action backend.Controllers.StaffSalaryController.GetMonthlySalaries (backend) in 82.0404ms
2026-04-11 11:42:38.217 [INF] Microsoft.AspNetCore.Routing.EndpointMiddleware | Executed endpoint 'backend.Controllers.StaffSalaryController.GetMonthlySalaries (backend)'
2026-04-11 11:42:38.217 [INF] Serilog.AspNetCore.RequestLoggingMiddleware | HTTP GET /api/staff-salary/org/4 → 200 (93.3ms)
2026-04-11 11:42:38.217 [INF] Microsoft.AspNetCore.Hosting.Diagnostics | Request finished HTTP/1.1 GET http://localhost:5217/api/staff-salary/org/4?salaryYearId=3 - 200 null application/json; charset=utf-8 95.9105ms
2026-04-11 11:42:38.586 [INF] Microsoft.AspNetCore.Hosting.Diagnostics | Request starting HTTP/1.1 OPTIONS http://localhost:5217/hubs/staffsalary/negotiate?negotiateVersion=1 - null null
2026-04-11 11:42:38.586 [INF] Microsoft.AspNetCore.Cors.Infrastructure.CorsService | CORS policy execution successful.
2026-04-11 11:42:38.586 [INF] Microsoft.AspNetCore.Hosting.Diagnostics | Request finished HTTP/1.1 OPTIONS http://localhost:5217/hubs/staffsalary/negotiate?negotiateVersion=1 - 204 null null 0.496ms
2026-04-11 11:42:38.588 [INF] Microsoft.AspNetCore.Hosting.Diagnostics | Request starting HTTP/1.1 POST http://localhost:5217/hubs/staffsalary/negotiate?negotiateVersion=1 - text/plain;charset=UTF-8 0
2026-04-11 11:42:38.588 [INF] Microsoft.AspNetCore.Cors.Infrastructure.CorsService | CORS policy execution successful.
2026-04-11 11:42:38.589 [INF] Microsoft.AspNetCore.Routing.EndpointMiddleware | Executing endpoint '/hubs/staffsalary/negotiate'
2026-04-11 11:42:38.590 [INF] Microsoft.AspNetCore.Routing.EndpointMiddleware | Executed endpoint '/hubs/staffsalary/negotiate'
2026-04-11 11:42:38.590 [INF] Serilog.AspNetCore.RequestLoggingMiddleware | HTTP POST /hubs/staffsalary/negotiate → 200 (0.9ms)
2026-04-11 11:42:38.590 [INF] Microsoft.AspNetCore.Hosting.Diagnostics | Request finished HTTP/1.1 POST http://localhost:5217/hubs/staffsalary/negotiate?negotiateVersion=1 - 200 316 application/json 1.6566ms
2026-04-11 11:42:38.633 [INF] Microsoft.AspNetCore.Hosting.Diagnostics | Request starting HTTP/1.1 GET http://localhost:5217/hubs/staffsalary?id=4klirljkSUXcHu2X3YxsMA&access_token=eyJhbGciOiJIUzI1NiIsInR5cCI6IkpXVCJ9.eyJuYW1laWQiOiIxOCIsInVuaXF1ZV9uYW1lIjoidmFzYW50aGFrdW1hciIsImVtYWlsIjoidmFzYW50aDIwMDR2a0BnbWFpbC5jb20iLCJyb2xlIjoiU3VwZXJBZG1pbiIsIk9yZ2FuaXphdGlvbklkIjoiMiIsIk9yZ2FuaXphdGlvbkxvZ28iOiIvdXBsb2Fkcy9vcmctbG9nb3Mvb3JnLWxvZ28tNTg3M2M0NzVkOTFkNGJiZDkwNDZkZWVjNjY3ZDEzNmMuanBnIiwibmJmIjoxNzc1ODg2MDA4LCJleHAiOjE3NzU5NzI0MDgsImlhdCI6MTc3NTg4NjAwOCwiaXNzIjoiUHJvRGVzWC1CYWNrZW5kIiwiYXVkIjoiUHJvRGVzWC1Gcm9udGVuZCJ9.epHRJ10F0iRfdbu5v9Q-fOThe3gMPMdXX7_sNnzHut4 - null null
2026-04-11 11:42:38.633 [INF] Microsoft.AspNetCore.Cors.Infrastructure.CorsService | CORS policy execution successful.
2026-04-11 11:42:38.633 [INF] Microsoft.AspNetCore.Routing.EndpointMiddleware | Executing endpoint '/hubs/staffsalary'
2026-04-11 11:46:56.220 [INF] Microsoft.AspNetCore.Routing.EndpointMiddleware | Executed endpoint '/hubs/staffsalary'
2026-04-11 11:46:56.220 [INF] Serilog.AspNetCore.RequestLoggingMiddleware | HTTP GET /hubs/staffsalary → 101 (257580.0ms)
2026-04-11 11:46:56.220 [INF] Microsoft.AspNetCore.Hosting.Diagnostics | Request finished HTTP/1.1 GET http://localhost:5217/hubs/staffsalary?id=4klirljkSUXcHu2X3YxsMA&access_token=eyJhbGciOiJIUzI1NiIsInR5cCI6IkpXVCJ9.eyJuYW1laWQiOiIxOCIsInVuaXF1ZV9uYW1lIjoidmFzYW50aGFrdW1hciIsImVtYWlsIjoidmFzYW50aDIwMDR2a0BnbWFpbC5jb20iLCJyb2xlIjoiU3VwZXJBZG1pbiIsIk9yZ2FuaXphdGlvbklkIjoiMiIsIk9yZ2FuaXphdGlvbkxvZ28iOiIvdXBsb2Fkcy9vcmctbG9nb3Mvb3JnLWxvZ28tNTg3M2M0NzVkOTFkNGJiZDkwNDZkZWVjNjY3ZDEzNmMuanBnIiwibmJmIjoxNzc1ODg2MDA4LCJleHAiOjE3NzU5NzI0MDgsImlhdCI6MTc3NTg4NjAwOCwiaXNzIjoiUHJvRGVzWC1CYWNrZW5kIiwiYXVkIjoiUHJvRGVzWC1Gcm9udGVuZCJ9.epHRJ10F0iRfdbu5v9Q-fOThe3gMPMdXX7_sNnzHut4 - 101 null null 257580.7011ms
2026-04-11 11:46:56.230 [INF] Microsoft.AspNetCore.Hosting.Diagnostics | Request starting HTTP/1.1 OPTIONS http://localhost:5217/hubs/staffsalary/negotiate?negotiateVersion=1 - null null
2026-04-11 11:46:56.230 [INF] Microsoft.AspNetCore.Cors.Infrastructure.CorsService | CORS policy execution successful.
2026-04-11 11:46:56.230 [INF] Microsoft.AspNetCore.Hosting.Diagnostics | Request finished HTTP/1.1 OPTIONS http://localhost:5217/hubs/staffsalary/negotiate?negotiateVersion=1 - 204 null null 0.3064ms
2026-04-11 11:46:56.232 [INF] Microsoft.AspNetCore.Hosting.Diagnostics | Request starting HTTP/1.1 POST http://localhost:5217/hubs/staffsalary/negotiate?negotiateVersion=1 - text/plain;charset=UTF-8 0
2026-04-11 11:46:56.232 [INF] Microsoft.AspNetCore.Cors.Infrastructure.CorsService | CORS policy execution successful.
2026-04-11 11:46:56.232 [INF] Microsoft.AspNetCore.Routing.EndpointMiddleware | Executing endpoint '/hubs/staffsalary/negotiate'
2026-04-11 11:46:56.232 [INF] Microsoft.AspNetCore.Routing.EndpointMiddleware | Executed endpoint '/hubs/staffsalary/negotiate'
2026-04-11 11:46:56.232 [INF] Serilog.AspNetCore.RequestLoggingMiddleware | HTTP POST /hubs/staffsalary/negotiate → 200 (0.2ms)
2026-04-11 11:46:56.232 [INF] Microsoft.AspNetCore.Hosting.Diagnostics | Request finished HTTP/1.1 POST http://localhost:5217/hubs/staffsalary/negotiate?negotiateVersion=1 - 200 316 application/json 0.7769ms
2026-04-11 11:46:56.239 [INF] Microsoft.AspNetCore.Hosting.Diagnostics | Request starting HTTP/1.1 GET http://localhost:5217/hubs/staffsalary?id=zS8vrf-S4lEn02y3eU6CDw&access_token=eyJhbGciOiJIUzI1NiIsInR5cCI6IkpXVCJ9.eyJuYW1laWQiOiIxOCIsInVuaXF1ZV9uYW1lIjoidmFzYW50aGFrdW1hciIsImVtYWlsIjoidmFzYW50aDIwMDR2a0BnbWFpbC5jb20iLCJyb2xlIjoiU3VwZXJBZG1pbiIsIk9yZ2FuaXphdGlvbklkIjoiMiIsIk9yZ2FuaXphdGlvbkxvZ28iOiIvdXBsb2Fkcy9vcmctbG9nb3Mvb3JnLWxvZ28tNTg3M2M0NzVkOTFkNGJiZDkwNDZkZWVjNjY3ZDEzNmMuanBnIiwibmJmIjoxNzc1ODg2MDA4LCJleHAiOjE3NzU5NzI0MDgsImlhdCI6MTc3NTg4NjAwOCwiaXNzIjoiUHJvRGVzWC1CYWNrZW5kIiwiYXVkIjoiUHJvRGVzWC1Gcm9udGVuZCJ9.epHRJ10F0iRfdbu5v9Q-fOThe3gMPMdXX7_sNnzHut4 - null null
2026-04-11 11:46:56.239 [INF] Microsoft.AspNetCore.Cors.Infrastructure.CorsService | CORS policy execution successful.
2026-04-11 11:46:56.240 [INF] Microsoft.AspNetCore.Routing.EndpointMiddleware | Executing endpoint '/hubs/staffsalary'
2026-04-11 11:48:59.222 [INF] Microsoft.AspNetCore.Routing.EndpointMiddleware | Executed endpoint '/hubs/staffsalary'
2026-04-11 11:48:59.222 [INF] Serilog.AspNetCore.RequestLoggingMiddleware | HTTP GET /hubs/staffsalary → 101 (122979.8ms)
2026-04-11 11:48:59.222 [INF] Microsoft.AspNetCore.Hosting.Diagnostics | Request finished HTTP/1.1 GET http://localhost:5217/hubs/staffsalary?id=zS8vrf-S4lEn02y3eU6CDw&access_token=eyJhbGciOiJIUzI1NiIsInR5cCI6IkpXVCJ9.eyJuYW1laWQiOiIxOCIsInVuaXF1ZV9uYW1lIjoidmFzYW50aGFrdW1hciIsImVtYWlsIjoidmFzYW50aDIwMDR2a0BnbWFpbC5jb20iLCJyb2xlIjoiU3VwZXJBZG1pbiIsIk9yZ2FuaXphdGlvbklkIjoiMiIsIk9yZ2FuaXphdGlvbkxvZ28iOiIvdXBsb2Fkcy9vcmctbG9nb3Mvb3JnLWxvZ28tNTg3M2M0NzVkOTFkNGJiZDkwNDZkZWVjNjY3ZDEzNmMuanBnIiwibmJmIjoxNzc1ODg2MDA4LCJleHAiOjE3NzU5NzI0MDgsImlhdCI6MTc3NTg4NjAwOCwiaXNzIjoiUHJvRGVzWC1CYWNrZW5kIiwiYXVkIjoiUHJvRGVzWC1Gcm9udGVuZCJ9.epHRJ10F0iRfdbu5v9Q-fOThe3gMPMdXX7_sNnzHut4 - 101 null null 122980.581ms
2026-04-11 11:48:59.229 [INF] Microsoft.AspNetCore.Hosting.Diagnostics | Request starting HTTP/1.1 OPTIONS http://localhost:5217/hubs/staffsalary/negotiate?negotiateVersion=1 - null null
2026-04-11 11:48:59.229 [INF] Microsoft.AspNetCore.Cors.Infrastructure.CorsService | CORS policy execution successful.
2026-04-11 11:48:59.229 [INF] Microsoft.AspNetCore.Hosting.Diagnostics | Request finished HTTP/1.1 OPTIONS http://localhost:5217/hubs/staffsalary/negotiate?negotiateVersion=1 - 204 null null 0.2829ms
2026-04-11 11:48:59.230 [INF] Microsoft.AspNetCore.Hosting.Diagnostics | Request starting HTTP/1.1 POST http://localhost:5217/hubs/staffsalary/negotiate?negotiateVersion=1 - text/plain;charset=UTF-8 0
2026-04-11 11:48:59.230 [INF] Microsoft.AspNetCore.Cors.Infrastructure.CorsService | CORS policy execution successful.
2026-04-11 11:48:59.231 [INF] Microsoft.AspNetCore.Routing.EndpointMiddleware | Executing endpoint '/hubs/staffsalary/negotiate'
2026-04-11 11:48:59.231 [INF] Microsoft.AspNetCore.Routing.EndpointMiddleware | Executed endpoint '/hubs/staffsalary/negotiate'
2026-04-11 11:48:59.231 [INF] Serilog.AspNetCore.RequestLoggingMiddleware | HTTP POST /hubs/staffsalary/negotiate → 200 (0.2ms)
2026-04-11 11:48:59.231 [INF] Microsoft.AspNetCore.Hosting.Diagnostics | Request finished HTTP/1.1 POST http://localhost:5217/hubs/staffsalary/negotiate?negotiateVersion=1 - 200 316 application/json 0.6459ms
2026-04-11 11:48:59.238 [INF] Microsoft.AspNetCore.Hosting.Diagnostics | Request starting HTTP/1.1 GET http://localhost:5217/hubs/staffsalary?id=MEo2Vf5Z5Au0dYbZ5JATWg&access_token=eyJhbGciOiJIUzI1NiIsInR5cCI6IkpXVCJ9.eyJuYW1laWQiOiIxOCIsInVuaXF1ZV9uYW1lIjoidmFzYW50aGFrdW1hciIsImVtYWlsIjoidmFzYW50aDIwMDR2a0BnbWFpbC5jb20iLCJyb2xlIjoiU3VwZXJBZG1pbiIsIk9yZ2FuaXphdGlvbklkIjoiMiIsIk9yZ2FuaXphdGlvbkxvZ28iOiIvdXBsb2Fkcy9vcmctbG9nb3Mvb3JnLWxvZ28tNTg3M2M0NzVkOTFkNGJiZDkwNDZkZWVjNjY3ZDEzNmMuanBnIiwibmJmIjoxNzc1ODg2MDA4LCJleHAiOjE3NzU5NzI0MDgsImlhdCI6MTc3NTg4NjAwOCwiaXNzIjoiUHJvRGVzWC1CYWNrZW5kIiwiYXVkIjoiUHJvRGVzWC1Gcm9udGVuZCJ9.epHRJ10F0iRfdbu5v9Q-fOThe3gMPMdXX7_sNnzHut4 - null null
2026-04-11 11:48:59.238 [INF] Microsoft.AspNetCore.Cors.Infrastructure.CorsService | CORS policy execution successful.
2026-04-11 11:48:59.238 [INF] Microsoft.AspNetCore.Routing.EndpointMiddleware | Executing endpoint '/hubs/staffsalary'
2026-04-11 11:51:03.222 [INF] Microsoft.AspNetCore.Routing.EndpointMiddleware | Executed endpoint '/hubs/staffsalary'
2026-04-11 11:51:03.222 [INF] Serilog.AspNetCore.RequestLoggingMiddleware | HTTP GET /hubs/staffsalary → 101 (123981.8ms)
2026-04-11 11:51:03.223 [INF] Microsoft.AspNetCore.Hosting.Diagnostics | Request finished HTTP/1.1 GET http://localhost:5217/hubs/staffsalary?id=MEo2Vf5Z5Au0dYbZ5JATWg&access_token=eyJhbGciOiJIUzI1NiIsInR5cCI6IkpXVCJ9.eyJuYW1laWQiOiIxOCIsInVuaXF1ZV9uYW1lIjoidmFzYW50aGFrdW1hciIsImVtYWlsIjoidmFzYW50aDIwMDR2a0BnbWFpbC5jb20iLCJyb2xlIjoiU3VwZXJBZG1pbiIsIk9yZ2FuaXphdGlvbklkIjoiMiIsIk9yZ2FuaXphdGlvbkxvZ28iOiIvdXBsb2Fkcy9vcmctbG9nb3Mvb3JnLWxvZ28tNTg3M2M0NzVkOTFkNGJiZDkwNDZkZWVjNjY3ZDEzNmMuanBnIiwibmJmIjoxNzc1ODg2MDA4LCJleHAiOjE3NzU5NzI0MDgsImlhdCI6MTc3NTg4NjAwOCwiaXNzIjoiUHJvRGVzWC1CYWNrZW5kIiwiYXVkIjoiUHJvRGVzWC1Gcm9udGVuZCJ9.epHRJ10F0iRfdbu5v9Q-fOThe3gMPMdXX7_sNnzHut4 - 101 null null 123982.4441ms
2026-04-11 11:51:03.229 [INF] Microsoft.AspNetCore.Hosting.Diagnostics | Request starting HTTP/1.1 OPTIONS http://localhost:5217/hubs/staffsalary/negotiate?negotiateVersion=1 - null null
2026-04-11 11:51:03.229 [INF] Microsoft.AspNetCore.Cors.Infrastructure.CorsService | CORS policy execution successful.
2026-04-11 11:51:03.229 [INF] Microsoft.AspNetCore.Hosting.Diagnostics | Request finished HTTP/1.1 OPTIONS http://localhost:5217/hubs/staffsalary/negotiate?negotiateVersion=1 - 204 null null 0.2632ms
2026-04-11 11:51:03.231 [INF] Microsoft.AspNetCore.Hosting.Diagnostics | Request starting HTTP/1.1 POST http://localhost:5217/hubs/staffsalary/negotiate?negotiateVersion=1 - text/plain;charset=UTF-8 0
2026-04-11 11:51:03.231 [INF] Microsoft.AspNetCore.Cors.Infrastructure.CorsService | CORS policy execution successful.
2026-04-11 11:51:03.231 [INF] Microsoft.AspNetCore.Routing.EndpointMiddleware | Executing endpoint '/hubs/staffsalary/negotiate'
2026-04-11 11:51:03.231 [INF] Microsoft.AspNetCore.Routing.EndpointMiddleware | Executed endpoint '/hubs/staffsalary/negotiate'
2026-04-11 11:51:03.231 [INF] Serilog.AspNetCore.RequestLoggingMiddleware | HTTP POST /hubs/staffsalary/negotiate → 200 (0.2ms)
2026-04-11 11:51:03.232 [INF] Microsoft.AspNetCore.Hosting.Diagnostics | Request finished HTTP/1.1 POST http://localhost:5217/hubs/staffsalary/negotiate?negotiateVersion=1 - 200 316 application/json 0.9368ms
2026-04-11 11:51:03.240 [INF] Microsoft.AspNetCore.Hosting.Diagnostics | Request starting HTTP/1.1 GET http://localhost:5217/hubs/staffsalary?id=lZxe87LClW-x7UCj1ltybg&access_token=eyJhbGciOiJIUzI1NiIsInR5cCI6IkpXVCJ9.eyJuYW1laWQiOiIxOCIsInVuaXF1ZV9uYW1lIjoidmFzYW50aGFrdW1hciIsImVtYWlsIjoidmFzYW50aDIwMDR2a0BnbWFpbC5jb20iLCJyb2xlIjoiU3VwZXJBZG1pbiIsIk9yZ2FuaXphdGlvbklkIjoiMiIsIk9yZ2FuaXphdGlvbkxvZ28iOiIvdXBsb2Fkcy9vcmctbG9nb3Mvb3JnLWxvZ28tNTg3M2M0NzVkOTFkNGJiZDkwNDZkZWVjNjY3ZDEzNmMuanBnIiwibmJmIjoxNzc1ODg2MDA4LCJleHAiOjE3NzU5NzI0MDgsImlhdCI6MTc3NTg4NjAwOCwiaXNzIjoiUHJvRGVzWC1CYWNrZW5kIiwiYXVkIjoiUHJvRGVzWC1Gcm9udGVuZCJ9.epHRJ10F0iRfdbu5v9Q-fOThe3gMPMdXX7_sNnzHut4 - null null
2026-04-11 11:51:03.240 [INF] Microsoft.AspNetCore.Cors.Infrastructure.CorsService | CORS policy execution successful.
2026-04-11 11:51:03.240 [INF] Microsoft.AspNetCore.Routing.EndpointMiddleware | Executing endpoint '/hubs/staffsalary'
2026-04-11 11:53:05.220 [INF] Microsoft.AspNetCore.Routing.EndpointMiddleware | Executed endpoint '/hubs/staffsalary'
2026-04-11 11:53:05.220 [INF] Serilog.AspNetCore.RequestLoggingMiddleware | HTTP GET /hubs/staffsalary → 101 (121977.5ms)
2026-04-11 11:53:05.220 [INF] Microsoft.AspNetCore.Hosting.Diagnostics | Request finished HTTP/1.1 GET http://localhost:5217/hubs/staffsalary?id=lZxe87LClW-x7UCj1ltybg&access_token=eyJhbGciOiJIUzI1NiIsInR5cCI6IkpXVCJ9.eyJuYW1laWQiOiIxOCIsInVuaXF1ZV9uYW1lIjoidmFzYW50aGFrdW1hciIsImVtYWlsIjoidmFzYW50aDIwMDR2a0BnbWFpbC5jb20iLCJyb2xlIjoiU3VwZXJBZG1pbiIsIk9yZ2FuaXphdGlvbklkIjoiMiIsIk9yZ2FuaXphdGlvbkxvZ28iOiIvdXBsb2Fkcy9vcmctbG9nb3Mvb3JnLWxvZ28tNTg3M2M0NzVkOTFkNGJiZDkwNDZkZWVjNjY3ZDEzNmMuanBnIiwibmJmIjoxNzc1ODg2MDA4LCJleHAiOjE3NzU5NzI0MDgsImlhdCI6MTc3NTg4NjAwOCwiaXNzIjoiUHJvRGVzWC1CYWNrZW5kIiwiYXVkIjoiUHJvRGVzWC1Gcm9udGVuZCJ9.epHRJ10F0iRfdbu5v9Q-fOThe3gMPMdXX7_sNnzHut4 - 101 null null 121978.2465ms
2026-04-11 11:53:05.227 [INF] Microsoft.AspNetCore.Hosting.Diagnostics | Request starting HTTP/1.1 OPTIONS http://localhost:5217/hubs/staffsalary/negotiate?negotiateVersion=1 - null null
2026-04-11 11:53:05.227 [INF] Microsoft.AspNetCore.Cors.Infrastructure.CorsService | CORS policy execution successful.
2026-04-11 11:53:05.227 [INF] Microsoft.AspNetCore.Hosting.Diagnostics | Request finished HTTP/1.1 OPTIONS http://localhost:5217/hubs/staffsalary/negotiate?negotiateVersion=1 - 204 null null 0.6521ms
2026-04-11 11:53:05.229 [INF] Microsoft.AspNetCore.Hosting.Diagnostics | Request starting HTTP/1.1 POST http://localhost:5217/hubs/staffsalary/negotiate?negotiateVersion=1 - text/plain;charset=UTF-8 0
2026-04-11 11:53:05.229 [INF] Microsoft.AspNetCore.Cors.Infrastructure.CorsService | CORS policy execution successful.
2026-04-11 11:53:05.230 [INF] Microsoft.AspNetCore.Routing.EndpointMiddleware | Executing endpoint '/hubs/staffsalary/negotiate'
2026-04-11 11:53:05.230 [INF] Microsoft.AspNetCore.Routing.EndpointMiddleware | Executed endpoint '/hubs/staffsalary/negotiate'
2026-04-11 11:53:05.230 [INF] Serilog.AspNetCore.RequestLoggingMiddleware | HTTP POST /hubs/staffsalary/negotiate → 200 (0.3ms)
2026-04-11 11:53:05.230 [INF] Microsoft.AspNetCore.Hosting.Diagnostics | Request finished HTTP/1.1 POST http://localhost:5217/hubs/staffsalary/negotiate?negotiateVersion=1 - 200 316 application/json 0.8958ms
2026-04-11 11:53:05.237 [INF] Microsoft.AspNetCore.Hosting.Diagnostics | Request starting HTTP/1.1 GET http://localhost:5217/hubs/staffsalary?id=a0Y6Gj37qyV63C4LNlJXqw&access_token=eyJhbGciOiJIUzI1NiIsInR5cCI6IkpXVCJ9.eyJuYW1laWQiOiIxOCIsInVuaXF1ZV9uYW1lIjoidmFzYW50aGFrdW1hciIsImVtYWlsIjoidmFzYW50aDIwMDR2a0BnbWFpbC5jb20iLCJyb2xlIjoiU3VwZXJBZG1pbiIsIk9yZ2FuaXphdGlvbklkIjoiMiIsIk9yZ2FuaXphdGlvbkxvZ28iOiIvdXBsb2Fkcy9vcmctbG9nb3Mvb3JnLWxvZ28tNTg3M2M0NzVkOTFkNGJiZDkwNDZkZWVjNjY3ZDEzNmMuanBnIiwibmJmIjoxNzc1ODg2MDA4LCJleHAiOjE3NzU5NzI0MDgsImlhdCI6MTc3NTg4NjAwOCwiaXNzIjoiUHJvRGVzWC1CYWNrZW5kIiwiYXVkIjoiUHJvRGVzWC1Gcm9udGVuZCJ9.epHRJ10F0iRfdbu5v9Q-fOThe3gMPMdXX7_sNnzHut4 - null null
2026-04-11 11:53:05.237 [INF] Microsoft.AspNetCore.Cors.Infrastructure.CorsService | CORS policy execution successful.
2026-04-11 11:53:05.238 [INF] Microsoft.AspNetCore.Routing.EndpointMiddleware | Executing endpoint '/hubs/staffsalary'
2026-04-11 11:54:20.398 [INF] Microsoft.AspNetCore.Server.Kestrel.Connections | Connection id "0HNKNI2RU5GUT", Request id "0HNKNI2RU5GUT:00000001": the application aborted the connection.
2026-04-11 11:54:20.401 [INF] Microsoft.AspNetCore.Routing.EndpointMiddleware | Executed endpoint '/hubs/staffsalary'
2026-04-11 11:54:20.401 [INF] Serilog.AspNetCore.RequestLoggingMiddleware | HTTP GET /hubs/staffsalary → 101 (75161.3ms)
2026-04-11 11:54:20.401 [INF] Microsoft.AspNetCore.Hosting.Diagnostics | Request finished HTTP/1.1 GET http://localhost:5217/hubs/staffsalary?id=a0Y6Gj37qyV63C4LNlJXqw&access_token=eyJhbGciOiJIUzI1NiIsInR5cCI6IkpXVCJ9.eyJuYW1laWQiOiIxOCIsInVuaXF1ZV9uYW1lIjoidmFzYW50aGFrdW1hciIsImVtYWlsIjoidmFzYW50aDIwMDR2a0BnbWFpbC5jb20iLCJyb2xlIjoiU3VwZXJBZG1pbiIsIk9yZ2FuaXphdGlvbklkIjoiMiIsIk9yZ2FuaXphdGlvbkxvZ28iOiIvdXBsb2Fkcy9vcmctbG9nb3Mvb3JnLWxvZ28tNTg3M2M0NzVkOTFkNGJiZDkwNDZkZWVjNjY3ZDEzNmMuanBnIiwibmJmIjoxNzc1ODg2MDA4LCJleHAiOjE3NzU5NzI0MDgsImlhdCI6MTc3NTg4NjAwOCwiaXNzIjoiUHJvRGVzWC1CYWNrZW5kIiwiYXVkIjoiUHJvRGVzWC1Gcm9udGVuZCJ9.epHRJ10F0iRfdbu5v9Q-fOThe3gMPMdXX7_sNnzHut4 - 101 null null 75162.0053ms
2026-04-11 12:04:41.930 [INF] Microsoft.AspNetCore.Hosting.Diagnostics | Request starting HTTP/1.1 OPTIONS http://localhost:5217/hubs/staffsalary/negotiate?negotiateVersion=1 - null null
2026-04-11 12:04:41.930 [INF] Microsoft.AspNetCore.Cors.Infrastructure.CorsService | CORS policy execution successful.
2026-04-11 12:04:41.930 [INF] Microsoft.AspNetCore.Hosting.Diagnostics | Request finished HTTP/1.1 OPTIONS http://localhost:5217/hubs/staffsalary/negotiate?negotiateVersion=1 - 204 null null 0.5327ms
2026-04-11 12:04:41.944 [INF] Microsoft.AspNetCore.Hosting.Diagnostics | Request starting HTTP/1.1 POST http://localhost:5217/hubs/staffsalary/negotiate?negotiateVersion=1 - text/plain;charset=UTF-8 0
2026-04-11 12:04:41.944 [INF] Microsoft.AspNetCore.Cors.Infrastructure.CorsService | CORS policy execution successful.
2026-04-11 12:04:41.944 [INF] Microsoft.AspNetCore.Routing.EndpointMiddleware | Executing endpoint '/hubs/staffsalary/negotiate'
2026-04-11 12:04:41.945 [INF] Microsoft.AspNetCore.Routing.EndpointMiddleware | Executed endpoint '/hubs/staffsalary/negotiate'
2026-04-11 12:04:41.945 [INF] Serilog.AspNetCore.RequestLoggingMiddleware | HTTP POST /hubs/staffsalary/negotiate → 200 (0.4ms)
2026-04-11 12:04:41.945 [INF] Microsoft.AspNetCore.Hosting.Diagnostics | Request finished HTTP/1.1 POST http://localhost:5217/hubs/staffsalary/negotiate?negotiateVersion=1 - 200 316 application/json 1.2753ms
2026-04-11 12:04:41.965 [INF] Microsoft.AspNetCore.Hosting.Diagnostics | Request starting HTTP/1.1 GET http://localhost:5217/hubs/staffsalary?id=uD-bBXDxEXFgOZqRvaekzw&access_token=eyJhbGciOiJIUzI1NiIsInR5cCI6IkpXVCJ9.eyJuYW1laWQiOiIxOCIsInVuaXF1ZV9uYW1lIjoidmFzYW50aGFrdW1hciIsImVtYWlsIjoidmFzYW50aDIwMDR2a0BnbWFpbC5jb20iLCJyb2xlIjoiU3VwZXJBZG1pbiIsIk9yZ2FuaXphdGlvbklkIjoiMiIsIk9yZ2FuaXphdGlvbkxvZ28iOiIvdXBsb2Fkcy9vcmctbG9nb3Mvb3JnLWxvZ28tNTg3M2M0NzVkOTFkNGJiZDkwNDZkZWVjNjY3ZDEzNmMuanBnIiwibmJmIjoxNzc1ODg2MDA4LCJleHAiOjE3NzU5NzI0MDgsImlhdCI6MTc3NTg4NjAwOCwiaXNzIjoiUHJvRGVzWC1CYWNrZW5kIiwiYXVkIjoiUHJvRGVzWC1Gcm9udGVuZCJ9.epHRJ10F0iRfdbu5v9Q-fOThe3gMPMdXX7_sNnzHut4 - null null
2026-04-11 12:04:41.965 [INF] Microsoft.AspNetCore.Cors.Infrastructure.CorsService | CORS policy execution successful.
2026-04-11 12:04:41.966 [INF] Microsoft.AspNetCore.Routing.EndpointMiddleware | Executing endpoint '/hubs/staffsalary'
2026-04-11 12:04:44.706 [INF] Microsoft.AspNetCore.Server.Kestrel.Connections | Connection id "0HNKNI2RU5GUV", Request id "0HNKNI2RU5GUV:00000001": the application aborted the connection.
2026-04-11 12:04:44.707 [INF] Microsoft.AspNetCore.Routing.EndpointMiddleware | Executed endpoint '/hubs/staffsalary'
2026-04-11 12:04:44.707 [INF] Serilog.AspNetCore.RequestLoggingMiddleware | HTTP GET /hubs/staffsalary → 101 (2741.2ms)
2026-04-11 12:04:44.707 [INF] Microsoft.AspNetCore.Hosting.Diagnostics | Request finished HTTP/1.1 GET http://localhost:5217/hubs/staffsalary?id=uD-bBXDxEXFgOZqRvaekzw&access_token=eyJhbGciOiJIUzI1NiIsInR5cCI6IkpXVCJ9.eyJuYW1laWQiOiIxOCIsInVuaXF1ZV9uYW1lIjoidmFzYW50aGFrdW1hciIsImVtYWlsIjoidmFzYW50aDIwMDR2a0BnbWFpbC5jb20iLCJyb2xlIjoiU3VwZXJBZG1pbiIsIk9yZ2FuaXphdGlvbklkIjoiMiIsIk9yZ2FuaXphdGlvbkxvZ28iOiIvdXBsb2Fkcy9vcmctbG9nb3Mvb3JnLWxvZ28tNTg3M2M0NzVkOTFkNGJiZDkwNDZkZWVjNjY3ZDEzNmMuanBnIiwibmJmIjoxNzc1ODg2MDA4LCJleHAiOjE3NzU5NzI0MDgsImlhdCI6MTc3NTg4NjAwOCwiaXNzIjoiUHJvRGVzWC1CYWNrZW5kIiwiYXVkIjoiUHJvRGVzWC1Gcm9udGVuZCJ9.epHRJ10F0iRfdbu5v9Q-fOThe3gMPMdXX7_sNnzHut4 - 101 null null 2742.3939ms
2026-04-11 12:32:32.310 [INF] Microsoft.AspNetCore.Hosting.Diagnostics | Request starting HTTP/1.1 OPTIONS http://localhost:5217/hubs/staffsalary/negotiate?negotiateVersion=1 - null null
2026-04-11 12:32:32.311 [INF] Microsoft.AspNetCore.Cors.Infrastructure.CorsService | CORS policy execution successful.
2026-04-11 12:32:32.311 [INF] Microsoft.AspNetCore.Hosting.Diagnostics | Request finished HTTP/1.1 OPTIONS http://localhost:5217/hubs/staffsalary/negotiate?negotiateVersion=1 - 204 null null 0.3524ms
2026-04-11 12:32:32.317 [INF] Microsoft.AspNetCore.Hosting.Diagnostics | Request starting HTTP/1.1 POST http://localhost:5217/hubs/staffsalary/negotiate?negotiateVersion=1 - text/plain;charset=UTF-8 0
2026-04-11 12:32:32.317 [INF] Microsoft.AspNetCore.Cors.Infrastructure.CorsService | CORS policy execution successful.
2026-04-11 12:32:32.318 [INF] Microsoft.AspNetCore.Routing.EndpointMiddleware | Executing endpoint '/hubs/staffsalary/negotiate'
2026-04-11 12:32:32.318 [INF] Microsoft.AspNetCore.Routing.EndpointMiddleware | Executed endpoint '/hubs/staffsalary/negotiate'
2026-04-11 12:32:32.318 [INF] Serilog.AspNetCore.RequestLoggingMiddleware | HTTP POST /hubs/staffsalary/negotiate → 200 (0.5ms)
2026-04-11 12:32:32.318 [INF] Microsoft.AspNetCore.Hosting.Diagnostics | Request finished HTTP/1.1 POST http://localhost:5217/hubs/staffsalary/negotiate?negotiateVersion=1 - 200 316 application/json 1.5428ms
2026-04-11 12:32:32.864 [INF] Microsoft.AspNetCore.Hosting.Diagnostics | Request starting HTTP/1.1 GET http://localhost:5217/hubs/staffsalary?id=gLSp-Pi6I4Z1y4Po08a8iQ&access_token=eyJhbGciOiJIUzI1NiIsInR5cCI6IkpXVCJ9.eyJuYW1laWQiOiIxOCIsInVuaXF1ZV9uYW1lIjoidmFzYW50aGFrdW1hciIsImVtYWlsIjoidmFzYW50aDIwMDR2a0BnbWFpbC5jb20iLCJyb2xlIjoiU3VwZXJBZG1pbiIsIk9yZ2FuaXphdGlvbklkIjoiMiIsIk9yZ2FuaXphdGlvbkxvZ28iOiIvdXBsb2Fkcy9vcmctbG9nb3Mvb3JnLWxvZ28tNTg3M2M0NzVkOTFkNGJiZDkwNDZkZWVjNjY3ZDEzNmMuanBnIiwibmJmIjoxNzc1ODg2MDA4LCJleHAiOjE3NzU5NzI0MDgsImlhdCI6MTc3NTg4NjAwOCwiaXNzIjoiUHJvRGVzWC1CYWNrZW5kIiwiYXVkIjoiUHJvRGVzWC1Gcm9udGVuZCJ9.epHRJ10F0iRfdbu5v9Q-fOThe3gMPMdXX7_sNnzHut4 - null null
2026-04-11 12:32:32.865 [INF] Microsoft.AspNetCore.Cors.Infrastructure.CorsService | CORS policy execution successful.
2026-04-11 12:32:32.868 [INF] Microsoft.AspNetCore.Routing.EndpointMiddleware | Executing endpoint '/hubs/staffsalary'
2026-04-11 12:35:05.739 [INF] Microsoft.AspNetCore.Routing.EndpointMiddleware | Executed endpoint '/hubs/staffsalary'
2026-04-11 12:35:05.741 [INF] Serilog.AspNetCore.RequestLoggingMiddleware | HTTP GET /hubs/staffsalary → 101 (152872.6ms)
2026-04-11 12:35:05.744 [INF] Microsoft.AspNetCore.Hosting.Diagnostics | Request finished HTTP/1.1 GET http://localhost:5217/hubs/staffsalary?id=gLSp-Pi6I4Z1y4Po08a8iQ&access_token=eyJhbGciOiJIUzI1NiIsInR5cCI6IkpXVCJ9.eyJuYW1laWQiOiIxOCIsInVuaXF1ZV9uYW1lIjoidmFzYW50aGFrdW1hciIsImVtYWlsIjoidmFzYW50aDIwMDR2a0BnbWFpbC5jb20iLCJyb2xlIjoiU3VwZXJBZG1pbiIsIk9yZ2FuaXphdGlvbklkIjoiMiIsIk9yZ2FuaXphdGlvbkxvZ28iOiIvdXBsb2Fkcy9vcmctbG9nb3Mvb3JnLWxvZ28tNTg3M2M0NzVkOTFkNGJiZDkwNDZkZWVjNjY3ZDEzNmMuanBnIiwibmJmIjoxNzc1ODg2MDA4LCJleHAiOjE3NzU5NzI0MDgsImlhdCI6MTc3NTg4NjAwOCwiaXNzIjoiUHJvRGVzWC1CYWNrZW5kIiwiYXVkIjoiUHJvRGVzWC1Gcm9udGVuZCJ9.epHRJ10F0iRfdbu5v9Q-fOThe3gMPMdXX7_sNnzHut4 - 101 null null 152878.1764ms
2026-04-11 12:35:05.824 [INF] Microsoft.AspNetCore.Hosting.Diagnostics | Request starting HTTP/1.1 OPTIONS http://localhost:5217/hubs/staffsalary/negotiate?negotiateVersion=1 - null null
2026-04-11 12:35:05.825 [INF] Microsoft.AspNetCore.Cors.Infrastructure.CorsService | CORS policy execution successful.
2026-04-11 12:35:05.826 [INF] Microsoft.AspNetCore.Hosting.Diagnostics | Request finished HTTP/1.1 OPTIONS http://localhost:5217/hubs/staffsalary/negotiate?negotiateVersion=1 - 204 null null 1.3ms
2026-04-11 12:35:05.831 [INF] Microsoft.AspNetCore.Hosting.Diagnostics | Request starting HTTP/1.1 POST http://localhost:5217/hubs/staffsalary/negotiate?negotiateVersion=1 - text/plain;charset=UTF-8 0
2026-04-11 12:35:05.831 [INF] Microsoft.AspNetCore.Cors.Infrastructure.CorsService | CORS policy execution successful.
2026-04-11 12:35:05.837 [INF] Microsoft.AspNetCore.Routing.EndpointMiddleware | Executing endpoint '/hubs/staffsalary/negotiate'
2026-04-11 12:35:05.839 [INF] Microsoft.AspNetCore.Routing.EndpointMiddleware | Executed endpoint '/hubs/staffsalary/negotiate'
2026-04-11 12:35:05.839 [INF] Serilog.AspNetCore.RequestLoggingMiddleware | HTTP POST /hubs/staffsalary/negotiate → 200 (2.4ms)
2026-04-11 12:35:05.839 [INF] Microsoft.AspNetCore.Hosting.Diagnostics | Request finished HTTP/1.1 POST http://localhost:5217/hubs/staffsalary/negotiate?negotiateVersion=1 - 200 316 application/json 8.2764ms
2026-04-11 12:35:05.877 [INF] Microsoft.AspNetCore.Hosting.Diagnostics | Request starting HTTP/1.1 GET http://localhost:5217/hubs/staffsalary?id=cXdEy7Om_R-mcXuTRsm71Q&access_token=eyJhbGciOiJIUzI1NiIsInR5cCI6IkpXVCJ9.eyJuYW1laWQiOiIxOCIsInVuaXF1ZV9uYW1lIjoidmFzYW50aGFrdW1hciIsImVtYWlsIjoidmFzYW50aDIwMDR2a0BnbWFpbC5jb20iLCJyb2xlIjoiU3VwZXJBZG1pbiIsIk9yZ2FuaXphdGlvbklkIjoiMiIsIk9yZ2FuaXphdGlvbkxvZ28iOiIvdXBsb2Fkcy9vcmctbG9nb3Mvb3JnLWxvZ28tNTg3M2M0NzVkOTFkNGJiZDkwNDZkZWVjNjY3ZDEzNmMuanBnIiwibmJmIjoxNzc1ODg2MDA4LCJleHAiOjE3NzU5NzI0MDgsImlhdCI6MTc3NTg4NjAwOCwiaXNzIjoiUHJvRGVzWC1CYWNrZW5kIiwiYXVkIjoiUHJvRGVzWC1Gcm9udGVuZCJ9.epHRJ10F0iRfdbu5v9Q-fOThe3gMPMdXX7_sNnzHut4 - null null
2026-04-11 12:35:05.877 [INF] Microsoft.AspNetCore.Cors.Infrastructure.CorsService | CORS policy execution successful.
2026-04-11 12:35:05.878 [INF] Microsoft.AspNetCore.Routing.EndpointMiddleware | Executing endpoint '/hubs/staffsalary'
2026-04-11 12:37:11.716 [INF] Microsoft.AspNetCore.Routing.EndpointMiddleware | Executed endpoint '/hubs/staffsalary'
2026-04-11 12:37:11.716 [INF] Serilog.AspNetCore.RequestLoggingMiddleware | HTTP GET /hubs/staffsalary → 101 (125838.0ms)
2026-04-11 12:37:11.716 [INF] Microsoft.AspNetCore.Hosting.Diagnostics | Request finished HTTP/1.1 GET http://localhost:5217/hubs/staffsalary?id=cXdEy7Om_R-mcXuTRsm71Q&access_token=eyJhbGciOiJIUzI1NiIsInR5cCI6IkpXVCJ9.eyJuYW1laWQiOiIxOCIsInVuaXF1ZV9uYW1lIjoidmFzYW50aGFrdW1hciIsImVtYWlsIjoidmFzYW50aDIwMDR2a0BnbWFpbC5jb20iLCJyb2xlIjoiU3VwZXJBZG1pbiIsIk9yZ2FuaXphdGlvbklkIjoiMiIsIk9yZ2FuaXphdGlvbkxvZ28iOiIvdXBsb2Fkcy9vcmctbG9nb3Mvb3JnLWxvZ28tNTg3M2M0NzVkOTFkNGJiZDkwNDZkZWVjNjY3ZDEzNmMuanBnIiwibmJmIjoxNzc1ODg2MDA4LCJleHAiOjE3NzU5NzI0MDgsImlhdCI6MTc3NTg4NjAwOCwiaXNzIjoiUHJvRGVzWC1CYWNrZW5kIiwiYXVkIjoiUHJvRGVzWC1Gcm9udGVuZCJ9.epHRJ10F0iRfdbu5v9Q-fOThe3gMPMdXX7_sNnzHut4 - 101 null null 125839.5842ms
2026-04-11 12:37:11.735 [INF] Microsoft.AspNetCore.Hosting.Diagnostics | Request starting HTTP/1.1 OPTIONS http://localhost:5217/hubs/staffsalary/negotiate?negotiateVersion=1 - null null
2026-04-11 12:37:11.735 [INF] Microsoft.AspNetCore.Cors.Infrastructure.CorsService | CORS policy execution successful.
2026-04-11 12:37:11.735 [INF] Microsoft.AspNetCore.Hosting.Diagnostics | Request finished HTTP/1.1 OPTIONS http://localhost:5217/hubs/staffsalary/negotiate?negotiateVersion=1 - 204 null null 0.5686ms
2026-04-11 12:37:11.738 [INF] Microsoft.AspNetCore.Hosting.Diagnostics | Request starting HTTP/1.1 POST http://localhost:5217/hubs/staffsalary/negotiate?negotiateVersion=1 - text/plain;charset=UTF-8 0
2026-04-11 12:37:11.738 [INF] Microsoft.AspNetCore.Cors.Infrastructure.CorsService | CORS policy execution successful.
2026-04-11 12:37:11.739 [INF] Microsoft.AspNetCore.Routing.EndpointMiddleware | Executing endpoint '/hubs/staffsalary/negotiate'
2026-04-11 12:37:11.739 [INF] Microsoft.AspNetCore.Routing.EndpointMiddleware | Executed endpoint '/hubs/staffsalary/negotiate'
2026-04-11 12:37:11.739 [INF] Serilog.AspNetCore.RequestLoggingMiddleware | HTTP POST /hubs/staffsalary/negotiate → 200 (0.4ms)
2026-04-11 12:37:11.739 [INF] Microsoft.AspNetCore.Hosting.Diagnostics | Request finished HTTP/1.1 POST http://localhost:5217/hubs/staffsalary/negotiate?negotiateVersion=1 - 200 316 application/json 1.0087ms
2026-04-11 12:37:11.757 [INF] Microsoft.AspNetCore.Hosting.Diagnostics | Request starting HTTP/1.1 GET http://localhost:5217/hubs/staffsalary?id=Cj79DJaRFXcW4di0u_nKEw&access_token=eyJhbGciOiJIUzI1NiIsInR5cCI6IkpXVCJ9.eyJuYW1laWQiOiIxOCIsInVuaXF1ZV9uYW1lIjoidmFzYW50aGFrdW1hciIsImVtYWlsIjoidmFzYW50aDIwMDR2a0BnbWFpbC5jb20iLCJyb2xlIjoiU3VwZXJBZG1pbiIsIk9yZ2FuaXphdGlvbklkIjoiMiIsIk9yZ2FuaXphdGlvbkxvZ28iOiIvdXBsb2Fkcy9vcmctbG9nb3Mvb3JnLWxvZ28tNTg3M2M0NzVkOTFkNGJiZDkwNDZkZWVjNjY3ZDEzNmMuanBnIiwibmJmIjoxNzc1ODg2MDA4LCJleHAiOjE3NzU5NzI0MDgsImlhdCI6MTc3NTg4NjAwOCwiaXNzIjoiUHJvRGVzWC1CYWNrZW5kIiwiYXVkIjoiUHJvRGVzWC1Gcm9udGVuZCJ9.epHRJ10F0iRfdbu5v9Q-fOThe3gMPMdXX7_sNnzHut4 - null null
2026-04-11 12:37:11.757 [INF] Microsoft.AspNetCore.Cors.Infrastructure.CorsService | CORS policy execution successful.
2026-04-11 12:37:11.758 [INF] Microsoft.AspNetCore.Routing.EndpointMiddleware | Executing endpoint '/hubs/staffsalary'
2026-04-11 12:39:17.717 [INF] Microsoft.AspNetCore.Routing.EndpointMiddleware | Executed endpoint '/hubs/staffsalary'
2026-04-11 12:39:17.717 [INF] Serilog.AspNetCore.RequestLoggingMiddleware | HTTP GET /hubs/staffsalary → 101 (125959.4ms)
2026-04-11 12:39:17.717 [INF] Microsoft.AspNetCore.Hosting.Diagnostics | Request finished HTTP/1.1 GET http://localhost:5217/hubs/staffsalary?id=Cj79DJaRFXcW4di0u_nKEw&access_token=eyJhbGciOiJIUzI1NiIsInR5cCI6IkpXVCJ9.eyJuYW1laWQiOiIxOCIsInVuaXF1ZV9uYW1lIjoidmFzYW50aGFrdW1hciIsImVtYWlsIjoidmFzYW50aDIwMDR2a0BnbWFpbC5jb20iLCJyb2xlIjoiU3VwZXJBZG1pbiIsIk9yZ2FuaXphdGlvbklkIjoiMiIsIk9yZ2FuaXphdGlvbkxvZ28iOiIvdXBsb2Fkcy9vcmctbG9nb3Mvb3JnLWxvZ28tNTg3M2M0NzVkOTFkNGJiZDkwNDZkZWVjNjY3ZDEzNmMuanBnIiwibmJmIjoxNzc1ODg2MDA4LCJleHAiOjE3NzU5NzI0MDgsImlhdCI6MTc3NTg4NjAwOCwiaXNzIjoiUHJvRGVzWC1CYWNrZW5kIiwiYXVkIjoiUHJvRGVzWC1Gcm9udGVuZCJ9.epHRJ10F0iRfdbu5v9Q-fOThe3gMPMdXX7_sNnzHut4 - 101 null null 125960.0889ms
2026-04-11 12:39:17.728 [INF] Microsoft.AspNetCore.Hosting.Diagnostics | Request starting HTTP/1.1 OPTIONS http://localhost:5217/hubs/staffsalary/negotiate?negotiateVersion=1 - null null
2026-04-11 12:39:17.728 [INF] Microsoft.AspNetCore.Cors.Infrastructure.CorsService | CORS policy execution successful.
2026-04-11 12:39:17.728 [INF] Microsoft.AspNetCore.Hosting.Diagnostics | Request finished HTTP/1.1 OPTIONS http://localhost:5217/hubs/staffsalary/negotiate?negotiateVersion=1 - 204 null null 0.5206ms
2026-04-11 12:39:17.730 [INF] Microsoft.AspNetCore.Hosting.Diagnostics | Request starting HTTP/1.1 POST http://localhost:5217/hubs/staffsalary/negotiate?negotiateVersion=1 - text/plain;charset=UTF-8 0
2026-04-11 12:39:17.731 [INF] Microsoft.AspNetCore.Cors.Infrastructure.CorsService | CORS policy execution successful.
2026-04-11 12:39:17.732 [INF] Microsoft.AspNetCore.Routing.EndpointMiddleware | Executing endpoint '/hubs/staffsalary/negotiate'
2026-04-11 12:39:17.732 [INF] Microsoft.AspNetCore.Routing.EndpointMiddleware | Executed endpoint '/hubs/staffsalary/negotiate'
2026-04-11 12:39:17.733 [INF] Serilog.AspNetCore.RequestLoggingMiddleware | HTTP POST /hubs/staffsalary/negotiate → 200 (0.2ms)
2026-04-11 12:39:17.734 [INF] Microsoft.AspNetCore.Hosting.Diagnostics | Request finished HTTP/1.1 POST http://localhost:5217/hubs/staffsalary/negotiate?negotiateVersion=1 - 200 316 application/json 3.1166ms
2026-04-11 12:39:17.741 [INF] Microsoft.AspNetCore.Hosting.Diagnostics | Request starting HTTP/1.1 GET http://localhost:5217/hubs/staffsalary?id=v6hQC15GA9EgIeDuaPvJlw&access_token=eyJhbGciOiJIUzI1NiIsInR5cCI6IkpXVCJ9.eyJuYW1laWQiOiIxOCIsInVuaXF1ZV9uYW1lIjoidmFzYW50aGFrdW1hciIsImVtYWlsIjoidmFzYW50aDIwMDR2a0BnbWFpbC5jb20iLCJyb2xlIjoiU3VwZXJBZG1pbiIsIk9yZ2FuaXphdGlvbklkIjoiMiIsIk9yZ2FuaXphdGlvbkxvZ28iOiIvdXBsb2Fkcy9vcmctbG9nb3Mvb3JnLWxvZ28tNTg3M2M0NzVkOTFkNGJiZDkwNDZkZWVjNjY3ZDEzNmMuanBnIiwibmJmIjoxNzc1ODg2MDA4LCJleHAiOjE3NzU5NzI0MDgsImlhdCI6MTc3NTg4NjAwOCwiaXNzIjoiUHJvRGVzWC1CYWNrZW5kIiwiYXVkIjoiUHJvRGVzWC1Gcm9udGVuZCJ9.epHRJ10F0iRfdbu5v9Q-fOThe3gMPMdXX7_sNnzHut4 - null null
2026-04-11 12:39:17.741 [INF] Microsoft.AspNetCore.Cors.Infrastructure.CorsService | CORS policy execution successful.
2026-04-11 12:39:17.742 [INF] Microsoft.AspNetCore.Routing.EndpointMiddleware | Executing endpoint '/hubs/staffsalary'
2026-04-11 12:41:23.702 [INF] Microsoft.AspNetCore.Routing.EndpointMiddleware | Executed endpoint '/hubs/staffsalary'
2026-04-11 12:41:23.705 [INF] Serilog.AspNetCore.RequestLoggingMiddleware | HTTP GET /hubs/staffsalary → 101 (125959.8ms)
2026-04-11 12:41:23.705 [INF] Microsoft.AspNetCore.Hosting.Diagnostics | Request finished HTTP/1.1 GET http://localhost:5217/hubs/staffsalary?id=v6hQC15GA9EgIeDuaPvJlw&access_token=eyJhbGciOiJIUzI1NiIsInR5cCI6IkpXVCJ9.eyJuYW1laWQiOiIxOCIsInVuaXF1ZV9uYW1lIjoidmFzYW50aGFrdW1hciIsImVtYWlsIjoidmFzYW50aDIwMDR2a0BnbWFpbC5jb20iLCJyb2xlIjoiU3VwZXJBZG1pbiIsIk9yZ2FuaXphdGlvbklkIjoiMiIsIk9yZ2FuaXphdGlvbkxvZ28iOiIvdXBsb2Fkcy9vcmctbG9nb3Mvb3JnLWxvZ28tNTg3M2M0NzVkOTFkNGJiZDkwNDZkZWVjNjY3ZDEzNmMuanBnIiwibmJmIjoxNzc1ODg2MDA4LCJleHAiOjE3NzU5NzI0MDgsImlhdCI6MTc3NTg4NjAwOCwiaXNzIjoiUHJvRGVzWC1CYWNrZW5kIiwiYXVkIjoiUHJvRGVzWC1Gcm9udGVuZCJ9.epHRJ10F0iRfdbu5v9Q-fOThe3gMPMdXX7_sNnzHut4 - 101 null null 125963.6989ms
2026-04-11 12:41:23.716 [INF] Microsoft.AspNetCore.Hosting.Diagnostics | Request starting HTTP/1.1 OPTIONS http://localhost:5217/hubs/staffsalary/negotiate?negotiateVersion=1 - null null
2026-04-11 12:41:23.716 [INF] Microsoft.AspNetCore.Cors.Infrastructure.CorsService | CORS policy execution successful.
2026-04-11 12:41:23.717 [INF] Microsoft.AspNetCore.Hosting.Diagnostics | Request finished HTTP/1.1 OPTIONS http://localhost:5217/hubs/staffsalary/negotiate?negotiateVersion=1 - 204 null null 0.2663ms
2026-04-11 12:41:23.720 [INF] Microsoft.AspNetCore.Hosting.Diagnostics | Request starting HTTP/1.1 POST http://localhost:5217/hubs/staffsalary/negotiate?negotiateVersion=1 - text/plain;charset=UTF-8 0
2026-04-11 12:41:23.721 [INF] Microsoft.AspNetCore.Cors.Infrastructure.CorsService | CORS policy execution successful.
2026-04-11 12:41:23.724 [INF] Microsoft.AspNetCore.Routing.EndpointMiddleware | Executing endpoint '/hubs/staffsalary/negotiate'
2026-04-11 12:41:23.724 [INF] Microsoft.AspNetCore.Routing.EndpointMiddleware | Executed endpoint '/hubs/staffsalary/negotiate'
2026-04-11 12:41:23.725 [INF] Serilog.AspNetCore.RequestLoggingMiddleware | HTTP POST /hubs/staffsalary/negotiate → 200 (1.1ms)
2026-04-11 12:41:23.725 [INF] Microsoft.AspNetCore.Hosting.Diagnostics | Request finished HTTP/1.1 POST http://localhost:5217/hubs/staffsalary/negotiate?negotiateVersion=1 - 200 316 application/json 4.4237ms
2026-04-11 12:41:23.746 [INF] Microsoft.AspNetCore.Hosting.Diagnostics | Request starting HTTP/1.1 GET http://localhost:5217/hubs/staffsalary?id=pfCeE-VH_FapLbLkHgeY6Q&access_token=eyJhbGciOiJIUzI1NiIsInR5cCI6IkpXVCJ9.eyJuYW1laWQiOiIxOCIsInVuaXF1ZV9uYW1lIjoidmFzYW50aGFrdW1hciIsImVtYWlsIjoidmFzYW50aDIwMDR2a0BnbWFpbC5jb20iLCJyb2xlIjoiU3VwZXJBZG1pbiIsIk9yZ2FuaXphdGlvbklkIjoiMiIsIk9yZ2FuaXphdGlvbkxvZ28iOiIvdXBsb2Fkcy9vcmctbG9nb3Mvb3JnLWxvZ28tNTg3M2M0NzVkOTFkNGJiZDkwNDZkZWVjNjY3ZDEzNmMuanBnIiwibmJmIjoxNzc1ODg2MDA4LCJleHAiOjE3NzU5NzI0MDgsImlhdCI6MTc3NTg4NjAwOCwiaXNzIjoiUHJvRGVzWC1CYWNrZW5kIiwiYXVkIjoiUHJvRGVzWC1Gcm9udGVuZCJ9.epHRJ10F0iRfdbu5v9Q-fOThe3gMPMdXX7_sNnzHut4 - null null
2026-04-11 12:41:23.747 [INF] Microsoft.AspNetCore.Cors.Infrastructure.CorsService | CORS policy execution successful.
2026-04-11 12:41:23.748 [INF] Microsoft.AspNetCore.Routing.EndpointMiddleware | Executing endpoint '/hubs/staffsalary'
2026-04-11 12:43:29.714 [INF] Microsoft.AspNetCore.Routing.EndpointMiddleware | Executed endpoint '/hubs/staffsalary'
2026-04-11 12:43:29.714 [INF] Serilog.AspNetCore.RequestLoggingMiddleware | HTTP GET /hubs/staffsalary → 101 (125966.8ms)
2026-04-11 12:43:29.714 [INF] Microsoft.AspNetCore.Hosting.Diagnostics | Request finished HTTP/1.1 GET http://localhost:5217/hubs/staffsalary?id=pfCeE-VH_FapLbLkHgeY6Q&access_token=eyJhbGciOiJIUzI1NiIsInR5cCI6IkpXVCJ9.eyJuYW1laWQiOiIxOCIsInVuaXF1ZV9uYW1lIjoidmFzYW50aGFrdW1hciIsImVtYWlsIjoidmFzYW50aDIwMDR2a0BnbWFpbC5jb20iLCJyb2xlIjoiU3VwZXJBZG1pbiIsIk9yZ2FuaXphdGlvbklkIjoiMiIsIk9yZ2FuaXphdGlvbkxvZ28iOiIvdXBsb2Fkcy9vcmctbG9nb3Mvb3JnLWxvZ28tNTg3M2M0NzVkOTFkNGJiZDkwNDZkZWVjNjY3ZDEzNmMuanBnIiwibmJmIjoxNzc1ODg2MDA4LCJleHAiOjE3NzU5NzI0MDgsImlhdCI6MTc3NTg4NjAwOCwiaXNzIjoiUHJvRGVzWC1CYWNrZW5kIiwiYXVkIjoiUHJvRGVzWC1Gcm9udGVuZCJ9.epHRJ10F0iRfdbu5v9Q-fOThe3gMPMdXX7_sNnzHut4 - 101 null null 125968.0674ms
2026-04-11 12:43:29.726 [INF] Microsoft.AspNetCore.Hosting.Diagnostics | Request starting HTTP/1.1 OPTIONS http://localhost:5217/hubs/staffsalary/negotiate?negotiateVersion=1 - null null
2026-04-11 12:43:29.726 [INF] Microsoft.AspNetCore.Cors.Infrastructure.CorsService | CORS policy execution successful.
2026-04-11 12:43:29.726 [INF] Microsoft.AspNetCore.Hosting.Diagnostics | Request finished HTTP/1.1 OPTIONS http://localhost:5217/hubs/staffsalary/negotiate?negotiateVersion=1 - 204 null null 0.2262ms
2026-04-11 12:43:29.728 [INF] Microsoft.AspNetCore.Hosting.Diagnostics | Request starting HTTP/1.1 POST http://localhost:5217/hubs/staffsalary/negotiate?negotiateVersion=1 - text/plain;charset=UTF-8 0
2026-04-11 12:43:29.728 [INF] Microsoft.AspNetCore.Cors.Infrastructure.CorsService | CORS policy execution successful.
2026-04-11 12:43:29.731 [INF] Microsoft.AspNetCore.Routing.EndpointMiddleware | Executing endpoint '/hubs/staffsalary/negotiate'
2026-04-11 12:43:29.732 [INF] Microsoft.AspNetCore.Routing.EndpointMiddleware | Executed endpoint '/hubs/staffsalary/negotiate'
2026-04-11 12:43:29.732 [INF] Serilog.AspNetCore.RequestLoggingMiddleware | HTTP POST /hubs/staffsalary/negotiate → 200 (0.7ms)
2026-04-11 12:43:29.732 [INF] Microsoft.AspNetCore.Hosting.Diagnostics | Request finished HTTP/1.1 POST http://localhost:5217/hubs/staffsalary/negotiate?negotiateVersion=1 - 200 316 application/json 3.7566ms
2026-04-11 12:43:29.744 [INF] Microsoft.AspNetCore.Hosting.Diagnostics | Request starting HTTP/1.1 GET http://localhost:5217/hubs/staffsalary?id=PJUg0_2Lg9ZPYG6etN7-Sg&access_token=eyJhbGciOiJIUzI1NiIsInR5cCI6IkpXVCJ9.eyJuYW1laWQiOiIxOCIsInVuaXF1ZV9uYW1lIjoidmFzYW50aGFrdW1hciIsImVtYWlsIjoidmFzYW50aDIwMDR2a0BnbWFpbC5jb20iLCJyb2xlIjoiU3VwZXJBZG1pbiIsIk9yZ2FuaXphdGlvbklkIjoiMiIsIk9yZ2FuaXphdGlvbkxvZ28iOiIvdXBsb2Fkcy9vcmctbG9nb3Mvb3JnLWxvZ28tNTg3M2M0NzVkOTFkNGJiZDkwNDZkZWVjNjY3ZDEzNmMuanBnIiwibmJmIjoxNzc1ODg2MDA4LCJleHAiOjE3NzU5NzI0MDgsImlhdCI6MTc3NTg4NjAwOCwiaXNzIjoiUHJvRGVzWC1CYWNrZW5kIiwiYXVkIjoiUHJvRGVzWC1Gcm9udGVuZCJ9.epHRJ10F0iRfdbu5v9Q-fOThe3gMPMdXX7_sNnzHut4 - null null
2026-04-11 12:43:29.744 [INF] Microsoft.AspNetCore.Cors.Infrastructure.CorsService | CORS policy execution successful.
2026-04-11 12:43:29.744 [INF] Microsoft.AspNetCore.Routing.EndpointMiddleware | Executing endpoint '/hubs/staffsalary'
2026-04-11 12:46:05.711 [INF] Microsoft.AspNetCore.Routing.EndpointMiddleware | Executed endpoint '/hubs/staffsalary'
2026-04-11 12:46:05.711 [INF] Serilog.AspNetCore.RequestLoggingMiddleware | HTTP GET /hubs/staffsalary → 101 (155966.7ms)
2026-04-11 12:46:05.711 [INF] Microsoft.AspNetCore.Hosting.Diagnostics | Request finished HTTP/1.1 GET http://localhost:5217/hubs/staffsalary?id=PJUg0_2Lg9ZPYG6etN7-Sg&access_token=eyJhbGciOiJIUzI1NiIsInR5cCI6IkpXVCJ9.eyJuYW1laWQiOiIxOCIsInVuaXF1ZV9uYW1lIjoidmFzYW50aGFrdW1hciIsImVtYWlsIjoidmFzYW50aDIwMDR2a0BnbWFpbC5jb20iLCJyb2xlIjoiU3VwZXJBZG1pbiIsIk9yZ2FuaXphdGlvbklkIjoiMiIsIk9yZ2FuaXphdGlvbkxvZ28iOiIvdXBsb2Fkcy9vcmctbG9nb3Mvb3JnLWxvZ28tNTg3M2M0NzVkOTFkNGJiZDkwNDZkZWVjNjY3ZDEzNmMuanBnIiwibmJmIjoxNzc1ODg2MDA4LCJleHAiOjE3NzU5NzI0MDgsImlhdCI6MTc3NTg4NjAwOCwiaXNzIjoiUHJvRGVzWC1CYWNrZW5kIiwiYXVkIjoiUHJvRGVzWC1Gcm9udGVuZCJ9.epHRJ10F0iRfdbu5v9Q-fOThe3gMPMdXX7_sNnzHut4 - 101 null null 155967.298ms
2026-04-11 12:46:05.720 [INF] Microsoft.AspNetCore.Hosting.Diagnostics | Request starting HTTP/1.1 OPTIONS http://localhost:5217/hubs/staffsalary/negotiate?negotiateVersion=1 - null null
2026-04-11 12:46:05.720 [INF] Microsoft.AspNetCore.Cors.Infrastructure.CorsService | CORS policy execution successful.
2026-04-11 12:46:05.720 [INF] Microsoft.AspNetCore.Hosting.Diagnostics | Request finished HTTP/1.1 OPTIONS http://localhost:5217/hubs/staffsalary/negotiate?negotiateVersion=1 - 204 null null 0.2082ms
2026-04-11 12:46:05.722 [INF] Microsoft.AspNetCore.Hosting.Diagnostics | Request starting HTTP/1.1 POST http://localhost:5217/hubs/staffsalary/negotiate?negotiateVersion=1 - text/plain;charset=UTF-8 0
2026-04-11 12:46:05.722 [INF] Microsoft.AspNetCore.Cors.Infrastructure.CorsService | CORS policy execution successful.
2026-04-11 12:46:05.722 [INF] Microsoft.AspNetCore.Routing.EndpointMiddleware | Executing endpoint '/hubs/staffsalary/negotiate'
2026-04-11 12:46:05.722 [INF] Microsoft.AspNetCore.Routing.EndpointMiddleware | Executed endpoint '/hubs/staffsalary/negotiate'
2026-04-11 12:46:05.722 [INF] Serilog.AspNetCore.RequestLoggingMiddleware | HTTP POST /hubs/staffsalary/negotiate → 200 (0.1ms)
2026-04-11 12:46:05.722 [INF] Microsoft.AspNetCore.Hosting.Diagnostics | Request finished HTTP/1.1 POST http://localhost:5217/hubs/staffsalary/negotiate?negotiateVersion=1 - 200 316 application/json 0.5951ms
2026-04-11 12:46:05.733 [INF] Microsoft.AspNetCore.Hosting.Diagnostics | Request starting HTTP/1.1 GET http://localhost:5217/hubs/staffsalary?id=NeiO5LlBemDwA9E15kaViA&access_token=eyJhbGciOiJIUzI1NiIsInR5cCI6IkpXVCJ9.eyJuYW1laWQiOiIxOCIsInVuaXF1ZV9uYW1lIjoidmFzYW50aGFrdW1hciIsImVtYWlsIjoidmFzYW50aDIwMDR2a0BnbWFpbC5jb20iLCJyb2xlIjoiU3VwZXJBZG1pbiIsIk9yZ2FuaXphdGlvbklkIjoiMiIsIk9yZ2FuaXphdGlvbkxvZ28iOiIvdXBsb2Fkcy9vcmctbG9nb3Mvb3JnLWxvZ28tNTg3M2M0NzVkOTFkNGJiZDkwNDZkZWVjNjY3ZDEzNmMuanBnIiwibmJmIjoxNzc1ODg2MDA4LCJleHAiOjE3NzU5NzI0MDgsImlhdCI6MTc3NTg4NjAwOCwiaXNzIjoiUHJvRGVzWC1CYWNrZW5kIiwiYXVkIjoiUHJvRGVzWC1Gcm9udGVuZCJ9.epHRJ10F0iRfdbu5v9Q-fOThe3gMPMdXX7_sNnzHut4 - null null
2026-04-11 12:46:05.733 [INF] Microsoft.AspNetCore.Cors.Infrastructure.CorsService | CORS policy execution successful.
2026-04-11 12:46:05.733 [INF] Microsoft.AspNetCore.Routing.EndpointMiddleware | Executing endpoint '/hubs/staffsalary'
2026-04-11 12:48:11.704 [INF] Microsoft.AspNetCore.Routing.EndpointMiddleware | Executed endpoint '/hubs/staffsalary'
2026-04-11 12:48:11.704 [INF] Serilog.AspNetCore.RequestLoggingMiddleware | HTTP GET /hubs/staffsalary → 101 (125970.5ms)
2026-04-11 12:48:11.704 [INF] Microsoft.AspNetCore.Hosting.Diagnostics | Request finished HTTP/1.1 GET http://localhost:5217/hubs/staffsalary?id=NeiO5LlBemDwA9E15kaViA&access_token=eyJhbGciOiJIUzI1NiIsInR5cCI6IkpXVCJ9.eyJuYW1laWQiOiIxOCIsInVuaXF1ZV9uYW1lIjoidmFzYW50aGFrdW1hciIsImVtYWlsIjoidmFzYW50aDIwMDR2a0BnbWFpbC5jb20iLCJyb2xlIjoiU3VwZXJBZG1pbiIsIk9yZ2FuaXphdGlvbklkIjoiMiIsIk9yZ2FuaXphdGlvbkxvZ28iOiIvdXBsb2Fkcy9vcmctbG9nb3Mvb3JnLWxvZ28tNTg3M2M0NzVkOTFkNGJiZDkwNDZkZWVjNjY3ZDEzNmMuanBnIiwibmJmIjoxNzc1ODg2MDA4LCJleHAiOjE3NzU5NzI0MDgsImlhdCI6MTc3NTg4NjAwOCwiaXNzIjoiUHJvRGVzWC1CYWNrZW5kIiwiYXVkIjoiUHJvRGVzWC1Gcm9udGVuZCJ9.epHRJ10F0iRfdbu5v9Q-fOThe3gMPMdXX7_sNnzHut4 - 101 null null 125971.1603ms
2026-04-11 12:48:11.712 [INF] Microsoft.AspNetCore.Hosting.Diagnostics | Request starting HTTP/1.1 OPTIONS http://localhost:5217/hubs/staffsalary/negotiate?negotiateVersion=1 - null null
2026-04-11 12:48:11.712 [INF] Microsoft.AspNetCore.Cors.Infrastructure.CorsService | CORS policy execution successful.
2026-04-11 12:48:11.712 [INF] Microsoft.AspNetCore.Hosting.Diagnostics | Request finished HTTP/1.1 OPTIONS http://localhost:5217/hubs/staffsalary/negotiate?negotiateVersion=1 - 204 null null 1.0188ms
2026-04-11 12:48:11.714 [INF] Microsoft.AspNetCore.Hosting.Diagnostics | Request starting HTTP/1.1 POST http://localhost:5217/hubs/staffsalary/negotiate?negotiateVersion=1 - text/plain;charset=UTF-8 0
2026-04-11 12:48:11.714 [INF] Microsoft.AspNetCore.Cors.Infrastructure.CorsService | CORS policy execution successful.
2026-04-11 12:48:11.714 [INF] Microsoft.AspNetCore.Routing.EndpointMiddleware | Executing endpoint '/hubs/staffsalary/negotiate'
2026-04-11 12:48:11.714 [INF] Microsoft.AspNetCore.Routing.EndpointMiddleware | Executed endpoint '/hubs/staffsalary/negotiate'
2026-04-11 12:48:11.714 [INF] Serilog.AspNetCore.RequestLoggingMiddleware | HTTP POST /hubs/staffsalary/negotiate → 200 (0.2ms)
2026-04-11 12:48:11.714 [INF] Microsoft.AspNetCore.Hosting.Diagnostics | Request finished HTTP/1.1 POST http://localhost:5217/hubs/staffsalary/negotiate?negotiateVersion=1 - 200 316 application/json 0.61ms
2026-04-11 12:48:11.726 [INF] Microsoft.AspNetCore.Hosting.Diagnostics | Request starting HTTP/1.1 GET http://localhost:5217/hubs/staffsalary?id=VVey9CaIGsMhZILTuov1RQ&access_token=eyJhbGciOiJIUzI1NiIsInR5cCI6IkpXVCJ9.eyJuYW1laWQiOiIxOCIsInVuaXF1ZV9uYW1lIjoidmFzYW50aGFrdW1hciIsImVtYWlsIjoidmFzYW50aDIwMDR2a0BnbWFpbC5jb20iLCJyb2xlIjoiU3VwZXJBZG1pbiIsIk9yZ2FuaXphdGlvbklkIjoiMiIsIk9yZ2FuaXphdGlvbkxvZ28iOiIvdXBsb2Fkcy9vcmctbG9nb3Mvb3JnLWxvZ28tNTg3M2M0NzVkOTFkNGJiZDkwNDZkZWVjNjY3ZDEzNmMuanBnIiwibmJmIjoxNzc1ODg2MDA4LCJleHAiOjE3NzU5NzI0MDgsImlhdCI6MTc3NTg4NjAwOCwiaXNzIjoiUHJvRGVzWC1CYWNrZW5kIiwiYXVkIjoiUHJvRGVzWC1Gcm9udGVuZCJ9.epHRJ10F0iRfdbu5v9Q-fOThe3gMPMdXX7_sNnzHut4 - null null
2026-04-11 12:48:11.726 [INF] Microsoft.AspNetCore.Cors.Infrastructure.CorsService | CORS policy execution successful.
2026-04-11 12:48:11.727 [INF] Microsoft.AspNetCore.Routing.EndpointMiddleware | Executing endpoint '/hubs/staffsalary'
2026-04-11 12:50:17.710 [INF] Microsoft.AspNetCore.Routing.EndpointMiddleware | Executed endpoint '/hubs/staffsalary'
2026-04-11 12:50:17.710 [INF] Serilog.AspNetCore.RequestLoggingMiddleware | HTTP GET /hubs/staffsalary → 101 (125982.9ms)
2026-04-11 12:50:17.710 [INF] Microsoft.AspNetCore.Hosting.Diagnostics | Request finished HTTP/1.1 GET http://localhost:5217/hubs/staffsalary?id=VVey9CaIGsMhZILTuov1RQ&access_token=eyJhbGciOiJIUzI1NiIsInR5cCI6IkpXVCJ9.eyJuYW1laWQiOiIxOCIsInVuaXF1ZV9uYW1lIjoidmFzYW50aGFrdW1hciIsImVtYWlsIjoidmFzYW50aDIwMDR2a0BnbWFpbC5jb20iLCJyb2xlIjoiU3VwZXJBZG1pbiIsIk9yZ2FuaXphdGlvbklkIjoiMiIsIk9yZ2FuaXphdGlvbkxvZ28iOiIvdXBsb2Fkcy9vcmctbG9nb3Mvb3JnLWxvZ28tNTg3M2M0NzVkOTFkNGJiZDkwNDZkZWVjNjY3ZDEzNmMuanBnIiwibmJmIjoxNzc1ODg2MDA4LCJleHAiOjE3NzU5NzI0MDgsImlhdCI6MTc3NTg4NjAwOCwiaXNzIjoiUHJvRGVzWC1CYWNrZW5kIiwiYXVkIjoiUHJvRGVzWC1Gcm9udGVuZCJ9.epHRJ10F0iRfdbu5v9Q-fOThe3gMPMdXX7_sNnzHut4 - 101 null null 125983.8956ms
2026-04-11 12:50:17.716 [INF] Microsoft.AspNetCore.Hosting.Diagnostics | Request starting HTTP/1.1 OPTIONS http://localhost:5217/hubs/staffsalary/negotiate?negotiateVersion=1 - null null
2026-04-11 12:50:17.716 [INF] Microsoft.AspNetCore.Cors.Infrastructure.CorsService | CORS policy execution successful.
2026-04-11 12:50:17.716 [INF] Microsoft.AspNetCore.Hosting.Diagnostics | Request finished HTTP/1.1 OPTIONS http://localhost:5217/hubs/staffsalary/negotiate?negotiateVersion=1 - 204 null null 0.2206ms
2026-04-11 12:50:17.720 [INF] Microsoft.AspNetCore.Hosting.Diagnostics | Request starting HTTP/1.1 POST http://localhost:5217/hubs/staffsalary/negotiate?negotiateVersion=1 - text/plain;charset=UTF-8 0
2026-04-11 12:50:17.720 [INF] Microsoft.AspNetCore.Cors.Infrastructure.CorsService | CORS policy execution successful.
2026-04-11 12:50:17.720 [INF] Microsoft.AspNetCore.Routing.EndpointMiddleware | Executing endpoint '/hubs/staffsalary/negotiate'
2026-04-11 12:50:17.720 [INF] Microsoft.AspNetCore.Routing.EndpointMiddleware | Executed endpoint '/hubs/staffsalary/negotiate'
2026-04-11 12:50:17.721 [INF] Serilog.AspNetCore.RequestLoggingMiddleware | HTTP POST /hubs/staffsalary/negotiate → 200 (0.8ms)
2026-04-11 12:50:17.721 [INF] Microsoft.AspNetCore.Hosting.Diagnostics | Request finished HTTP/1.1 POST http://localhost:5217/hubs/staffsalary/negotiate?negotiateVersion=1 - 200 316 application/json 1.3445ms
2026-04-11 12:50:17.733 [INF] Microsoft.AspNetCore.Hosting.Diagnostics | Request starting HTTP/1.1 GET http://localhost:5217/hubs/staffsalary?id=B9eSnXdhCgXVKv37qnElgw&access_token=eyJhbGciOiJIUzI1NiIsInR5cCI6IkpXVCJ9.eyJuYW1laWQiOiIxOCIsInVuaXF1ZV9uYW1lIjoidmFzYW50aGFrdW1hciIsImVtYWlsIjoidmFzYW50aDIwMDR2a0BnbWFpbC5jb20iLCJyb2xlIjoiU3VwZXJBZG1pbiIsIk9yZ2FuaXphdGlvbklkIjoiMiIsIk9yZ2FuaXphdGlvbkxvZ28iOiIvdXBsb2Fkcy9vcmctbG9nb3Mvb3JnLWxvZ28tNTg3M2M0NzVkOTFkNGJiZDkwNDZkZWVjNjY3ZDEzNmMuanBnIiwibmJmIjoxNzc1ODg2MDA4LCJleHAiOjE3NzU5NzI0MDgsImlhdCI6MTc3NTg4NjAwOCwiaXNzIjoiUHJvRGVzWC1CYWNrZW5kIiwiYXVkIjoiUHJvRGVzWC1Gcm9udGVuZCJ9.epHRJ10F0iRfdbu5v9Q-fOThe3gMPMdXX7_sNnzHut4 - null null
2026-04-11 12:50:17.733 [INF] Microsoft.AspNetCore.Cors.Infrastructure.CorsService | CORS policy execution successful.
2026-04-11 12:50:17.733 [INF] Microsoft.AspNetCore.Routing.EndpointMiddleware | Executing endpoint '/hubs/staffsalary'
2026-04-11 12:52:23.714 [INF] Microsoft.AspNetCore.Routing.EndpointMiddleware | Executed endpoint '/hubs/staffsalary'
2026-04-11 12:52:23.714 [INF] Serilog.AspNetCore.RequestLoggingMiddleware | HTTP GET /hubs/staffsalary → 101 (125980.7ms)
2026-04-11 12:52:23.714 [INF] Microsoft.AspNetCore.Hosting.Diagnostics | Request finished HTTP/1.1 GET http://localhost:5217/hubs/staffsalary?id=B9eSnXdhCgXVKv37qnElgw&access_token=eyJhbGciOiJIUzI1NiIsInR5cCI6IkpXVCJ9.eyJuYW1laWQiOiIxOCIsInVuaXF1ZV9uYW1lIjoidmFzYW50aGFrdW1hciIsImVtYWlsIjoidmFzYW50aDIwMDR2a0BnbWFpbC5jb20iLCJyb2xlIjoiU3VwZXJBZG1pbiIsIk9yZ2FuaXphdGlvbklkIjoiMiIsIk9yZ2FuaXphdGlvbkxvZ28iOiIvdXBsb2Fkcy9vcmctbG9nb3Mvb3JnLWxvZ28tNTg3M2M0NzVkOTFkNGJiZDkwNDZkZWVjNjY3ZDEzNmMuanBnIiwibmJmIjoxNzc1ODg2MDA4LCJleHAiOjE3NzU5NzI0MDgsImlhdCI6MTc3NTg4NjAwOCwiaXNzIjoiUHJvRGVzWC1CYWNrZW5kIiwiYXVkIjoiUHJvRGVzWC1Gcm9udGVuZCJ9.epHRJ10F0iRfdbu5v9Q-fOThe3gMPMdXX7_sNnzHut4 - 101 null null 125981.2459ms
2026-04-11 12:52:23.722 [INF] Microsoft.AspNetCore.Hosting.Diagnostics | Request starting HTTP/1.1 OPTIONS http://localhost:5217/hubs/staffsalary/negotiate?negotiateVersion=1 - null null
2026-04-11 12:52:23.722 [INF] Microsoft.AspNetCore.Cors.Infrastructure.CorsService | CORS policy execution successful.
2026-04-11 12:52:23.722 [INF] Microsoft.AspNetCore.Hosting.Diagnostics | Request finished HTTP/1.1 OPTIONS http://localhost:5217/hubs/staffsalary/negotiate?negotiateVersion=1 - 204 null null 0.1848ms
2026-04-11 12:52:23.724 [INF] Microsoft.AspNetCore.Hosting.Diagnostics | Request starting HTTP/1.1 POST http://localhost:5217/hubs/staffsalary/negotiate?negotiateVersion=1 - text/plain;charset=UTF-8 0
2026-04-11 12:52:23.725 [INF] Microsoft.AspNetCore.Cors.Infrastructure.CorsService | CORS policy execution successful.
2026-04-11 12:52:23.725 [INF] Microsoft.AspNetCore.Routing.EndpointMiddleware | Executing endpoint '/hubs/staffsalary/negotiate'
2026-04-11 12:52:23.725 [INF] Microsoft.AspNetCore.Routing.EndpointMiddleware | Executed endpoint '/hubs/staffsalary/negotiate'
2026-04-11 12:52:23.726 [INF] Serilog.AspNetCore.RequestLoggingMiddleware | HTTP POST /hubs/staffsalary/negotiate → 200 (0.6ms)
2026-04-11 12:52:23.726 [INF] Microsoft.AspNetCore.Hosting.Diagnostics | Request finished HTTP/1.1 POST http://localhost:5217/hubs/staffsalary/negotiate?negotiateVersion=1 - 200 316 application/json 1.103ms
2026-04-11 12:52:23.764 [INF] Microsoft.AspNetCore.Hosting.Diagnostics | Request starting HTTP/1.1 GET http://localhost:5217/hubs/staffsalary?id=a546W86ccpyb_9xVm8vVeA&access_token=eyJhbGciOiJIUzI1NiIsInR5cCI6IkpXVCJ9.eyJuYW1laWQiOiIxOCIsInVuaXF1ZV9uYW1lIjoidmFzYW50aGFrdW1hciIsImVtYWlsIjoidmFzYW50aDIwMDR2a0BnbWFpbC5jb20iLCJyb2xlIjoiU3VwZXJBZG1pbiIsIk9yZ2FuaXphdGlvbklkIjoiMiIsIk9yZ2FuaXphdGlvbkxvZ28iOiIvdXBsb2Fkcy9vcmctbG9nb3Mvb3JnLWxvZ28tNTg3M2M0NzVkOTFkNGJiZDkwNDZkZWVjNjY3ZDEzNmMuanBnIiwibmJmIjoxNzc1ODg2MDA4LCJleHAiOjE3NzU5NzI0MDgsImlhdCI6MTc3NTg4NjAwOCwiaXNzIjoiUHJvRGVzWC1CYWNrZW5kIiwiYXVkIjoiUHJvRGVzWC1Gcm9udGVuZCJ9.epHRJ10F0iRfdbu5v9Q-fOThe3gMPMdXX7_sNnzHut4 - null null
2026-04-11 12:52:23.764 [INF] Microsoft.AspNetCore.Cors.Infrastructure.CorsService | CORS policy execution successful.
2026-04-11 12:52:23.765 [INF] Microsoft.AspNetCore.Routing.EndpointMiddleware | Executing endpoint '/hubs/staffsalary'
2026-04-11 12:54:29.701 [INF] Microsoft.AspNetCore.Routing.EndpointMiddleware | Executed endpoint '/hubs/staffsalary'
2026-04-11 12:54:29.701 [INF] Serilog.AspNetCore.RequestLoggingMiddleware | HTTP GET /hubs/staffsalary → 101 (125936.9ms)
2026-04-11 12:54:29.702 [INF] Microsoft.AspNetCore.Hosting.Diagnostics | Request finished HTTP/1.1 GET http://localhost:5217/hubs/staffsalary?id=a546W86ccpyb_9xVm8vVeA&access_token=eyJhbGciOiJIUzI1NiIsInR5cCI6IkpXVCJ9.eyJuYW1laWQiOiIxOCIsInVuaXF1ZV9uYW1lIjoidmFzYW50aGFrdW1hciIsImVtYWlsIjoidmFzYW50aDIwMDR2a0BnbWFpbC5jb20iLCJyb2xlIjoiU3VwZXJBZG1pbiIsIk9yZ2FuaXphdGlvbklkIjoiMiIsIk9yZ2FuaXphdGlvbkxvZ28iOiIvdXBsb2Fkcy9vcmctbG9nb3Mvb3JnLWxvZ28tNTg3M2M0NzVkOTFkNGJiZDkwNDZkZWVjNjY3ZDEzNmMuanBnIiwibmJmIjoxNzc1ODg2MDA4LCJleHAiOjE3NzU5NzI0MDgsImlhdCI6MTc3NTg4NjAwOCwiaXNzIjoiUHJvRGVzWC1CYWNrZW5kIiwiYXVkIjoiUHJvRGVzWC1Gcm9udGVuZCJ9.epHRJ10F0iRfdbu5v9Q-fOThe3gMPMdXX7_sNnzHut4 - 101 null null 125937.4187ms
2026-04-11 12:54:29.707 [INF] Microsoft.AspNetCore.Hosting.Diagnostics | Request starting HTTP/1.1 OPTIONS http://localhost:5217/hubs/staffsalary/negotiate?negotiateVersion=1 - null null
2026-04-11 12:54:29.707 [INF] Microsoft.AspNetCore.Cors.Infrastructure.CorsService | CORS policy execution successful.
2026-04-11 12:54:29.707 [INF] Microsoft.AspNetCore.Hosting.Diagnostics | Request finished HTTP/1.1 OPTIONS http://localhost:5217/hubs/staffsalary/negotiate?negotiateVersion=1 - 204 null null 0.1712ms
2026-04-11 12:54:29.710 [INF] Microsoft.AspNetCore.Hosting.Diagnostics | Request starting HTTP/1.1 POST http://localhost:5217/hubs/staffsalary/negotiate?negotiateVersion=1 - text/plain;charset=UTF-8 0
2026-04-11 12:54:29.710 [INF] Microsoft.AspNetCore.Cors.Infrastructure.CorsService | CORS policy execution successful.
2026-04-11 12:54:29.711 [INF] Microsoft.AspNetCore.Routing.EndpointMiddleware | Executing endpoint '/hubs/staffsalary/negotiate'
2026-04-11 12:54:29.711 [INF] Microsoft.AspNetCore.Routing.EndpointMiddleware | Executed endpoint '/hubs/staffsalary/negotiate'
2026-04-11 12:54:29.711 [INF] Serilog.AspNetCore.RequestLoggingMiddleware | HTTP POST /hubs/staffsalary/negotiate → 200 (0.2ms)
2026-04-11 12:54:29.711 [INF] Microsoft.AspNetCore.Hosting.Diagnostics | Request finished HTTP/1.1 POST http://localhost:5217/hubs/staffsalary/negotiate?negotiateVersion=1 - 200 316 application/json 0.8025ms
2026-04-11 12:54:29.720 [INF] Microsoft.AspNetCore.Hosting.Diagnostics | Request starting HTTP/1.1 GET http://localhost:5217/hubs/staffsalary?id=Bd1sI_g6xftYO8sqaBcILw&access_token=eyJhbGciOiJIUzI1NiIsInR5cCI6IkpXVCJ9.eyJuYW1laWQiOiIxOCIsInVuaXF1ZV9uYW1lIjoidmFzYW50aGFrdW1hciIsImVtYWlsIjoidmFzYW50aDIwMDR2a0BnbWFpbC5jb20iLCJyb2xlIjoiU3VwZXJBZG1pbiIsIk9yZ2FuaXphdGlvbklkIjoiMiIsIk9yZ2FuaXphdGlvbkxvZ28iOiIvdXBsb2Fkcy9vcmctbG9nb3Mvb3JnLWxvZ28tNTg3M2M0NzVkOTFkNGJiZDkwNDZkZWVjNjY3ZDEzNmMuanBnIiwibmJmIjoxNzc1ODg2MDA4LCJleHAiOjE3NzU5NzI0MDgsImlhdCI6MTc3NTg4NjAwOCwiaXNzIjoiUHJvRGVzWC1CYWNrZW5kIiwiYXVkIjoiUHJvRGVzWC1Gcm9udGVuZCJ9.epHRJ10F0iRfdbu5v9Q-fOThe3gMPMdXX7_sNnzHut4 - null null
2026-04-11 12:54:29.720 [INF] Microsoft.AspNetCore.Cors.Infrastructure.CorsService | CORS policy execution successful.
2026-04-11 12:54:29.721 [INF] Microsoft.AspNetCore.Routing.EndpointMiddleware | Executing endpoint '/hubs/staffsalary'
2026-04-11 12:57:05.706 [INF] Microsoft.AspNetCore.Routing.EndpointMiddleware | Executed endpoint '/hubs/staffsalary'
2026-04-11 12:57:05.706 [INF] Serilog.AspNetCore.RequestLoggingMiddleware | HTTP GET /hubs/staffsalary → 101 (155985.7ms)
2026-04-11 12:57:05.706 [INF] Microsoft.AspNetCore.Hosting.Diagnostics | Request finished HTTP/1.1 GET http://localhost:5217/hubs/staffsalary?id=Bd1sI_g6xftYO8sqaBcILw&access_token=eyJhbGciOiJIUzI1NiIsInR5cCI6IkpXVCJ9.eyJuYW1laWQiOiIxOCIsInVuaXF1ZV9uYW1lIjoidmFzYW50aGFrdW1hciIsImVtYWlsIjoidmFzYW50aDIwMDR2a0BnbWFpbC5jb20iLCJyb2xlIjoiU3VwZXJBZG1pbiIsIk9yZ2FuaXphdGlvbklkIjoiMiIsIk9yZ2FuaXphdGlvbkxvZ28iOiIvdXBsb2Fkcy9vcmctbG9nb3Mvb3JnLWxvZ28tNTg3M2M0NzVkOTFkNGJiZDkwNDZkZWVjNjY3ZDEzNmMuanBnIiwibmJmIjoxNzc1ODg2MDA4LCJleHAiOjE3NzU5NzI0MDgsImlhdCI6MTc3NTg4NjAwOCwiaXNzIjoiUHJvRGVzWC1CYWNrZW5kIiwiYXVkIjoiUHJvRGVzWC1Gcm9udGVuZCJ9.epHRJ10F0iRfdbu5v9Q-fOThe3gMPMdXX7_sNnzHut4 - 101 null null 155986.1842ms
2026-04-11 12:57:05.716 [INF] Microsoft.AspNetCore.Hosting.Diagnostics | Request starting HTTP/1.1 OPTIONS http://localhost:5217/hubs/staffsalary/negotiate?negotiateVersion=1 - null null
2026-04-11 12:57:05.716 [INF] Microsoft.AspNetCore.Cors.Infrastructure.CorsService | CORS policy execution successful.
2026-04-11 12:57:05.716 [INF] Microsoft.AspNetCore.Hosting.Diagnostics | Request finished HTTP/1.1 OPTIONS http://localhost:5217/hubs/staffsalary/negotiate?negotiateVersion=1 - 204 null null 0.1698ms
2026-04-11 12:57:05.719 [INF] Microsoft.AspNetCore.Hosting.Diagnostics | Request starting HTTP/1.1 POST http://localhost:5217/hubs/staffsalary/negotiate?negotiateVersion=1 - text/plain;charset=UTF-8 0
2026-04-11 12:57:05.719 [INF] Microsoft.AspNetCore.Cors.Infrastructure.CorsService | CORS policy execution successful.
2026-04-11 12:57:05.720 [INF] Microsoft.AspNetCore.Routing.EndpointMiddleware | Executing endpoint '/hubs/staffsalary/negotiate'
2026-04-11 12:57:05.720 [INF] Microsoft.AspNetCore.Routing.EndpointMiddleware | Executed endpoint '/hubs/staffsalary/negotiate'
2026-04-11 12:57:05.720 [INF] Serilog.AspNetCore.RequestLoggingMiddleware | HTTP POST /hubs/staffsalary/negotiate → 200 (0.2ms)
2026-04-11 12:57:05.721 [INF] Microsoft.AspNetCore.Hosting.Diagnostics | Request finished HTTP/1.1 POST http://localhost:5217/hubs/staffsalary/negotiate?negotiateVersion=1 - 200 316 application/json 1.251ms
2026-04-11 12:57:05.737 [INF] Microsoft.AspNetCore.Hosting.Diagnostics | Request starting HTTP/1.1 GET http://localhost:5217/hubs/staffsalary?id=alWyfeaeiFBN3nQ9RtMT_Q&access_token=eyJhbGciOiJIUzI1NiIsInR5cCI6IkpXVCJ9.eyJuYW1laWQiOiIxOCIsInVuaXF1ZV9uYW1lIjoidmFzYW50aGFrdW1hciIsImVtYWlsIjoidmFzYW50aDIwMDR2a0BnbWFpbC5jb20iLCJyb2xlIjoiU3VwZXJBZG1pbiIsIk9yZ2FuaXphdGlvbklkIjoiMiIsIk9yZ2FuaXphdGlvbkxvZ28iOiIvdXBsb2Fkcy9vcmctbG9nb3Mvb3JnLWxvZ28tNTg3M2M0NzVkOTFkNGJiZDkwNDZkZWVjNjY3ZDEzNmMuanBnIiwibmJmIjoxNzc1ODg2MDA4LCJleHAiOjE3NzU5NzI0MDgsImlhdCI6MTc3NTg4NjAwOCwiaXNzIjoiUHJvRGVzWC1CYWNrZW5kIiwiYXVkIjoiUHJvRGVzWC1Gcm9udGVuZCJ9.epHRJ10F0iRfdbu5v9Q-fOThe3gMPMdXX7_sNnzHut4 - null null
2026-04-11 12:57:05.737 [INF] Microsoft.AspNetCore.Cors.Infrastructure.CorsService | CORS policy execution successful.
2026-04-11 12:57:05.738 [INF] Microsoft.AspNetCore.Routing.EndpointMiddleware | Executing endpoint '/hubs/staffsalary'
2026-04-11 12:59:11.706 [INF] Microsoft.AspNetCore.Routing.EndpointMiddleware | Executed endpoint '/hubs/staffsalary'
2026-04-11 12:59:11.707 [INF] Serilog.AspNetCore.RequestLoggingMiddleware | HTTP GET /hubs/staffsalary → 101 (125969.0ms)
2026-04-11 12:59:11.707 [INF] Microsoft.AspNetCore.Hosting.Diagnostics | Request finished HTTP/1.1 GET http://localhost:5217/hubs/staffsalary?id=alWyfeaeiFBN3nQ9RtMT_Q&access_token=eyJhbGciOiJIUzI1NiIsInR5cCI6IkpXVCJ9.eyJuYW1laWQiOiIxOCIsInVuaXF1ZV9uYW1lIjoidmFzYW50aGFrdW1hciIsImVtYWlsIjoidmFzYW50aDIwMDR2a0BnbWFpbC5jb20iLCJyb2xlIjoiU3VwZXJBZG1pbiIsIk9yZ2FuaXphdGlvbklkIjoiMiIsIk9yZ2FuaXphdGlvbkxvZ28iOiIvdXBsb2Fkcy9vcmctbG9nb3Mvb3JnLWxvZ28tNTg3M2M0NzVkOTFkNGJiZDkwNDZkZWVjNjY3ZDEzNmMuanBnIiwibmJmIjoxNzc1ODg2MDA4LCJleHAiOjE3NzU5NzI0MDgsImlhdCI6MTc3NTg4NjAwOCwiaXNzIjoiUHJvRGVzWC1CYWNrZW5kIiwiYXVkIjoiUHJvRGVzWC1Gcm9udGVuZCJ9.epHRJ10F0iRfdbu5v9Q-fOThe3gMPMdXX7_sNnzHut4 - 101 null null 125969.5186ms
2026-04-11 12:59:11.712 [INF] Microsoft.AspNetCore.Hosting.Diagnostics | Request starting HTTP/1.1 OPTIONS http://localhost:5217/hubs/staffsalary/negotiate?negotiateVersion=1 - null null
2026-04-11 12:59:11.712 [INF] Microsoft.AspNetCore.Cors.Infrastructure.CorsService | CORS policy execution successful.
2026-04-11 12:59:11.712 [INF] Microsoft.AspNetCore.Hosting.Diagnostics | Request finished HTTP/1.1 OPTIONS http://localhost:5217/hubs/staffsalary/negotiate?negotiateVersion=1 - 204 null null 0.1644ms
2026-04-11 12:59:11.714 [INF] Microsoft.AspNetCore.Hosting.Diagnostics | Request starting HTTP/1.1 POST http://localhost:5217/hubs/staffsalary/negotiate?negotiateVersion=1 - text/plain;charset=UTF-8 0
2026-04-11 12:59:11.714 [INF] Microsoft.AspNetCore.Cors.Infrastructure.CorsService | CORS policy execution successful.
2026-04-11 12:59:11.714 [INF] Microsoft.AspNetCore.Routing.EndpointMiddleware | Executing endpoint '/hubs/staffsalary/negotiate'
2026-04-11 12:59:11.714 [INF] Microsoft.AspNetCore.Routing.EndpointMiddleware | Executed endpoint '/hubs/staffsalary/negotiate'
2026-04-11 12:59:11.714 [INF] Serilog.AspNetCore.RequestLoggingMiddleware | HTTP POST /hubs/staffsalary/negotiate → 200 (0.2ms)
2026-04-11 12:59:11.714 [INF] Microsoft.AspNetCore.Hosting.Diagnostics | Request finished HTTP/1.1 POST http://localhost:5217/hubs/staffsalary/negotiate?negotiateVersion=1 - 200 316 application/json 0.5738ms
2026-04-11 12:59:11.722 [INF] Microsoft.AspNetCore.Hosting.Diagnostics | Request starting HTTP/1.1 GET http://localhost:5217/hubs/staffsalary?id=L3_UVnhA9UsUcjwstUHq5g&access_token=eyJhbGciOiJIUzI1NiIsInR5cCI6IkpXVCJ9.eyJuYW1laWQiOiIxOCIsInVuaXF1ZV9uYW1lIjoidmFzYW50aGFrdW1hciIsImVtYWlsIjoidmFzYW50aDIwMDR2a0BnbWFpbC5jb20iLCJyb2xlIjoiU3VwZXJBZG1pbiIsIk9yZ2FuaXphdGlvbklkIjoiMiIsIk9yZ2FuaXphdGlvbkxvZ28iOiIvdXBsb2Fkcy9vcmctbG9nb3Mvb3JnLWxvZ28tNTg3M2M0NzVkOTFkNGJiZDkwNDZkZWVjNjY3ZDEzNmMuanBnIiwibmJmIjoxNzc1ODg2MDA4LCJleHAiOjE3NzU5NzI0MDgsImlhdCI6MTc3NTg4NjAwOCwiaXNzIjoiUHJvRGVzWC1CYWNrZW5kIiwiYXVkIjoiUHJvRGVzWC1Gcm9udGVuZCJ9.epHRJ10F0iRfdbu5v9Q-fOThe3gMPMdXX7_sNnzHut4 - null null
2026-04-11 12:59:11.723 [INF] Microsoft.AspNetCore.Cors.Infrastructure.CorsService | CORS policy execution successful.
2026-04-11 12:59:11.723 [INF] Microsoft.AspNetCore.Routing.EndpointMiddleware | Executing endpoint '/hubs/staffsalary'
2026-04-11 13:01:17.713 [INF] Microsoft.AspNetCore.Routing.EndpointMiddleware | Executed endpoint '/hubs/staffsalary'
2026-04-11 13:01:17.713 [INF] Serilog.AspNetCore.RequestLoggingMiddleware | HTTP GET /hubs/staffsalary → 101 (125990.3ms)
2026-04-11 13:01:17.713 [INF] Microsoft.AspNetCore.Hosting.Diagnostics | Request finished HTTP/1.1 GET http://localhost:5217/hubs/staffsalary?id=L3_UVnhA9UsUcjwstUHq5g&access_token=eyJhbGciOiJIUzI1NiIsInR5cCI6IkpXVCJ9.eyJuYW1laWQiOiIxOCIsInVuaXF1ZV9uYW1lIjoidmFzYW50aGFrdW1hciIsImVtYWlsIjoidmFzYW50aDIwMDR2a0BnbWFpbC5jb20iLCJyb2xlIjoiU3VwZXJBZG1pbiIsIk9yZ2FuaXphdGlvbklkIjoiMiIsIk9yZ2FuaXphdGlvbkxvZ28iOiIvdXBsb2Fkcy9vcmctbG9nb3Mvb3JnLWxvZ28tNTg3M2M0NzVkOTFkNGJiZDkwNDZkZWVjNjY3ZDEzNmMuanBnIiwibmJmIjoxNzc1ODg2MDA4LCJleHAiOjE3NzU5NzI0MDgsImlhdCI6MTc3NTg4NjAwOCwiaXNzIjoiUHJvRGVzWC1CYWNrZW5kIiwiYXVkIjoiUHJvRGVzWC1Gcm9udGVuZCJ9.epHRJ10F0iRfdbu5v9Q-fOThe3gMPMdXX7_sNnzHut4 - 101 null null 125990.9359ms
2026-04-11 13:01:17.722 [INF] Microsoft.AspNetCore.Hosting.Diagnostics | Request starting HTTP/1.1 OPTIONS http://localhost:5217/hubs/staffsalary/negotiate?negotiateVersion=1 - null null
2026-04-11 13:01:17.722 [INF] Microsoft.AspNetCore.Cors.Infrastructure.CorsService | CORS policy execution successful.
2026-04-11 13:01:17.722 [INF] Microsoft.AspNetCore.Hosting.Diagnostics | Request finished HTTP/1.1 OPTIONS http://localhost:5217/hubs/staffsalary/negotiate?negotiateVersion=1 - 204 null null 0.1555ms
2026-04-11 13:01:17.724 [INF] Microsoft.AspNetCore.Hosting.Diagnostics | Request starting HTTP/1.1 POST http://localhost:5217/hubs/staffsalary/negotiate?negotiateVersion=1 - text/plain;charset=UTF-8 0
2026-04-11 13:01:17.724 [INF] Microsoft.AspNetCore.Cors.Infrastructure.CorsService | CORS policy execution successful.
2026-04-11 13:01:17.725 [INF] Microsoft.AspNetCore.Routing.EndpointMiddleware | Executing endpoint '/hubs/staffsalary/negotiate'
2026-04-11 13:01:17.725 [INF] Microsoft.AspNetCore.Routing.EndpointMiddleware | Executed endpoint '/hubs/staffsalary/negotiate'
2026-04-11 13:01:17.725 [INF] Serilog.AspNetCore.RequestLoggingMiddleware | HTTP POST /hubs/staffsalary/negotiate → 200 (0.2ms)
2026-04-11 13:01:17.725 [INF] Microsoft.AspNetCore.Hosting.Diagnostics | Request finished HTTP/1.1 POST http://localhost:5217/hubs/staffsalary/negotiate?negotiateVersion=1 - 200 316 application/json 0.5855ms
2026-04-11 13:01:17.736 [INF] Microsoft.AspNetCore.Hosting.Diagnostics | Request starting HTTP/1.1 GET http://localhost:5217/hubs/staffsalary?id=9Tq3C-GTrQK4JBcaLM5DvA&access_token=eyJhbGciOiJIUzI1NiIsInR5cCI6IkpXVCJ9.eyJuYW1laWQiOiIxOCIsInVuaXF1ZV9uYW1lIjoidmFzYW50aGFrdW1hciIsImVtYWlsIjoidmFzYW50aDIwMDR2a0BnbWFpbC5jb20iLCJyb2xlIjoiU3VwZXJBZG1pbiIsIk9yZ2FuaXphdGlvbklkIjoiMiIsIk9yZ2FuaXphdGlvbkxvZ28iOiIvdXBsb2Fkcy9vcmctbG9nb3Mvb3JnLWxvZ28tNTg3M2M0NzVkOTFkNGJiZDkwNDZkZWVjNjY3ZDEzNmMuanBnIiwibmJmIjoxNzc1ODg2MDA4LCJleHAiOjE3NzU5NzI0MDgsImlhdCI6MTc3NTg4NjAwOCwiaXNzIjoiUHJvRGVzWC1CYWNrZW5kIiwiYXVkIjoiUHJvRGVzWC1Gcm9udGVuZCJ9.epHRJ10F0iRfdbu5v9Q-fOThe3gMPMdXX7_sNnzHut4 - null null
2026-04-11 13:01:17.736 [INF] Microsoft.AspNetCore.Cors.Infrastructure.CorsService | CORS policy execution successful.
2026-04-11 13:01:17.736 [INF] Microsoft.AspNetCore.Routing.EndpointMiddleware | Executing endpoint '/hubs/staffsalary'
2026-04-11 13:03:23.708 [INF] Microsoft.AspNetCore.Routing.EndpointMiddleware | Executed endpoint '/hubs/staffsalary'
2026-04-11 13:03:23.708 [INF] Serilog.AspNetCore.RequestLoggingMiddleware | HTTP GET /hubs/staffsalary → 101 (125971.8ms)
2026-04-11 13:03:23.708 [INF] Microsoft.AspNetCore.Hosting.Diagnostics | Request finished HTTP/1.1 GET http://localhost:5217/hubs/staffsalary?id=9Tq3C-GTrQK4JBcaLM5DvA&access_token=eyJhbGciOiJIUzI1NiIsInR5cCI6IkpXVCJ9.eyJuYW1laWQiOiIxOCIsInVuaXF1ZV9uYW1lIjoidmFzYW50aGFrdW1hciIsImVtYWlsIjoidmFzYW50aDIwMDR2a0BnbWFpbC5jb20iLCJyb2xlIjoiU3VwZXJBZG1pbiIsIk9yZ2FuaXphdGlvbklkIjoiMiIsIk9yZ2FuaXphdGlvbkxvZ28iOiIvdXBsb2Fkcy9vcmctbG9nb3Mvb3JnLWxvZ28tNTg3M2M0NzVkOTFkNGJiZDkwNDZkZWVjNjY3ZDEzNmMuanBnIiwibmJmIjoxNzc1ODg2MDA4LCJleHAiOjE3NzU5NzI0MDgsImlhdCI6MTc3NTg4NjAwOCwiaXNzIjoiUHJvRGVzWC1CYWNrZW5kIiwiYXVkIjoiUHJvRGVzWC1Gcm9udGVuZCJ9.epHRJ10F0iRfdbu5v9Q-fOThe3gMPMdXX7_sNnzHut4 - 101 null null 125972.3665ms
2026-04-11 13:03:23.714 [INF] Microsoft.AspNetCore.Hosting.Diagnostics | Request starting HTTP/1.1 OPTIONS http://localhost:5217/hubs/staffsalary/negotiate?negotiateVersion=1 - null null
2026-04-11 13:03:23.715 [INF] Microsoft.AspNetCore.Cors.Infrastructure.CorsService | CORS policy execution successful.
2026-04-11 13:03:23.715 [INF] Microsoft.AspNetCore.Hosting.Diagnostics | Request finished HTTP/1.1 OPTIONS http://localhost:5217/hubs/staffsalary/negotiate?negotiateVersion=1 - 204 null null 0.1658ms
2026-04-11 13:03:23.716 [INF] Microsoft.AspNetCore.Hosting.Diagnostics | Request starting HTTP/1.1 POST http://localhost:5217/hubs/staffsalary/negotiate?negotiateVersion=1 - text/plain;charset=UTF-8 0
2026-04-11 13:03:23.717 [INF] Microsoft.AspNetCore.Cors.Infrastructure.CorsService | CORS policy execution successful.
2026-04-11 13:03:23.717 [INF] Microsoft.AspNetCore.Routing.EndpointMiddleware | Executing endpoint '/hubs/staffsalary/negotiate'
2026-04-11 13:03:23.717 [INF] Microsoft.AspNetCore.Routing.EndpointMiddleware | Executed endpoint '/hubs/staffsalary/negotiate'
2026-04-11 13:03:23.717 [INF] Serilog.AspNetCore.RequestLoggingMiddleware | HTTP POST /hubs/staffsalary/negotiate → 200 (0.2ms)
2026-04-11 13:03:23.717 [INF] Microsoft.AspNetCore.Hosting.Diagnostics | Request finished HTTP/1.1 POST http://localhost:5217/hubs/staffsalary/negotiate?negotiateVersion=1 - 200 316 application/json 0.6016ms
2026-04-11 13:03:23.729 [INF] Microsoft.AspNetCore.Hosting.Diagnostics | Request starting HTTP/1.1 GET http://localhost:5217/hubs/staffsalary?id=R7du5HN5soa_Koy2TOMY-A&access_token=eyJhbGciOiJIUzI1NiIsInR5cCI6IkpXVCJ9.eyJuYW1laWQiOiIxOCIsInVuaXF1ZV9uYW1lIjoidmFzYW50aGFrdW1hciIsImVtYWlsIjoidmFzYW50aDIwMDR2a0BnbWFpbC5jb20iLCJyb2xlIjoiU3VwZXJBZG1pbiIsIk9yZ2FuaXphdGlvbklkIjoiMiIsIk9yZ2FuaXphdGlvbkxvZ28iOiIvdXBsb2Fkcy9vcmctbG9nb3Mvb3JnLWxvZ28tNTg3M2M0NzVkOTFkNGJiZDkwNDZkZWVjNjY3ZDEzNmMuanBnIiwibmJmIjoxNzc1ODg2MDA4LCJleHAiOjE3NzU5NzI0MDgsImlhdCI6MTc3NTg4NjAwOCwiaXNzIjoiUHJvRGVzWC1CYWNrZW5kIiwiYXVkIjoiUHJvRGVzWC1Gcm9udGVuZCJ9.epHRJ10F0iRfdbu5v9Q-fOThe3gMPMdXX7_sNnzHut4 - null null
2026-04-11 13:03:23.729 [INF] Microsoft.AspNetCore.Cors.Infrastructure.CorsService | CORS policy execution successful.
2026-04-11 13:03:23.729 [INF] Microsoft.AspNetCore.Routing.EndpointMiddleware | Executing endpoint '/hubs/staffsalary'
2026-04-11 13:05:23.904 [INF] Microsoft.AspNetCore.Server.Kestrel.Connections | Connection id "0HNKNI2RU5GVM", Request id "0HNKNI2RU5GVM:00000001": the application aborted the connection.
2026-04-11 13:05:23.905 [INF] Microsoft.AspNetCore.Routing.EndpointMiddleware | Executed endpoint '/hubs/staffsalary'
2026-04-11 13:05:23.905 [INF] Serilog.AspNetCore.RequestLoggingMiddleware | HTTP GET /hubs/staffsalary → 101 (120175.5ms)
2026-04-11 13:05:23.905 [INF] Microsoft.AspNetCore.Hosting.Diagnostics | Request finished HTTP/1.1 GET http://localhost:5217/hubs/staffsalary?id=R7du5HN5soa_Koy2TOMY-A&access_token=eyJhbGciOiJIUzI1NiIsInR5cCI6IkpXVCJ9.eyJuYW1laWQiOiIxOCIsInVuaXF1ZV9uYW1lIjoidmFzYW50aGFrdW1hciIsImVtYWlsIjoidmFzYW50aDIwMDR2a0BnbWFpbC5jb20iLCJyb2xlIjoiU3VwZXJBZG1pbiIsIk9yZ2FuaXphdGlvbklkIjoiMiIsIk9yZ2FuaXphdGlvbkxvZ28iOiIvdXBsb2Fkcy9vcmctbG9nb3Mvb3JnLWxvZ28tNTg3M2M0NzVkOTFkNGJiZDkwNDZkZWVjNjY3ZDEzNmMuanBnIiwibmJmIjoxNzc1ODg2MDA4LCJleHAiOjE3NzU5NzI0MDgsImlhdCI6MTc3NTg4NjAwOCwiaXNzIjoiUHJvRGVzWC1CYWNrZW5kIiwiYXVkIjoiUHJvRGVzWC1Gcm9udGVuZCJ9.epHRJ10F0iRfdbu5v9Q-fOThe3gMPMdXX7_sNnzHut4 - 101 null null 120176.0648ms
