2026-04-08 12:01:37.662 [INF]  | === ProDesX-HRM Backend Starting (Migrations Rev 5: Explicit Columns) ===
2026-04-08 12:01:38.589 [INF]  | === ProDesX-HRM Backend Starting (Migrations Rev 4: Clean GOs) ===
2026-04-08 12:01:39.256 [INF]  | [DB] Connected to: 103.235.104.197 | proxPayroll
2026-04-08 12:01:39.715 [INF]  | [DB] Database exists. Running migrations.sql...
2026-04-08 12:01:42.340 [WRN]  | [DB] Batch skipped in migrations.sql: Invalid column name 'EmployeeId'.
2026-04-08 12:01:42.365 [WRN]  | [DB] Batch skipped in migrations.sql: Invalid column name 'EmployeeId'.
2026-04-08 12:01:44.726 [WRN]  | [DB] Batch skipped in migrations.sql: 'CREATE/ALTER PROCEDURE' must be the first statement in a query batch.
2026-04-08 12:01:47.600 [INF]  | [DB] Finished running migrations.sql. 151 batches applied, 3 skipped.
2026-04-08 12:01:50.331 [WRN]  | [DB] Procedure apply skipped: Invalid column name 'EmployeeId'.
2026-04-08 12:01:50.348 [WRN]  | [DB] Procedure apply skipped: Invalid column name 'EmployeeId'.
2026-04-08 12:01:57.270 [INF]  | [DB] Procedures refreshed (CREATE OR ALTER). 132 applied, 2 skipped.
2026-04-08 12:01:57.270 [INF]  | [DB] Migrations complete.
2026-04-08 12:01:57.638 [INF]  | === Backend running at http://localhost:5217 ===
2026-04-08 12:01:57.653 [INF] Microsoft.AspNetCore.DataProtection.KeyManagement.XmlKeyManager | User profile is available. Using 'C:\Users\vasanth\AppData\Local\ASP.NET\DataProtection-Keys' as key repository and Windows DPAPI to encrypt keys at rest.
2026-04-08 12:01:57.662 [INF] backend.Services.ShiftScheduleBackgroundService | Shift Schedule Background Service is starting.
2026-04-08 12:01:57.770 [INF] Microsoft.Hosting.Lifetime | Now listening on: http://localhost:5217
2026-04-08 12:01:57.770 [INF] Microsoft.Hosting.Lifetime | Application started. Press Ctrl+C to shut down.
2026-04-08 12:01:57.771 [INF] Microsoft.Hosting.Lifetime | Hosting environment: Development
2026-04-08 12:01:57.771 [INF] Microsoft.Hosting.Lifetime | Content root path: C:\Repos_Work\Prodesx_HRM_Mobile_Application\backend
2026-04-08 12:02:07.671 [INF] backend.Services.ShiftScheduleBackgroundService | Shift Schedule Background Service is running...
2026-04-08 12:02:13.928 [INF] backend.Services.ShiftScheduleBackgroundService | Shift Schedule Background Service completed. Inserted 0 new schedules for the rolling 30-day window.
2026-04-08 12:02:53.224 [INF] Microsoft.AspNetCore.Hosting.Diagnostics | Request starting HTTP/1.1 OPTIONS http://localhost:5217/api/auth/login - null null
2026-04-08 12:02:53.300 [INF] Microsoft.AspNetCore.Cors.Infrastructure.CorsService | CORS policy execution successful.
2026-04-08 12:02:53.322 [INF] Microsoft.AspNetCore.Hosting.Diagnostics | Request finished HTTP/1.1 OPTIONS http://localhost:5217/api/auth/login - 204 null null 101.5322ms
2026-04-08 12:02:53.329 [INF] Microsoft.AspNetCore.Hosting.Diagnostics | Request starting HTTP/1.1 POST http://localhost:5217/api/auth/login - application/json 62
2026-04-08 12:02:53.341 [INF] Microsoft.AspNetCore.Cors.Infrastructure.CorsService | CORS policy execution successful.
2026-04-08 12:02:53.369 [WRN] Microsoft.AspNetCore.HttpsPolicy.HttpsRedirectionMiddleware | Failed to determine the https port for redirect.
2026-04-08 12:02:53.428 [INF] Microsoft.AspNetCore.Routing.EndpointMiddleware | Executing endpoint 'backend.Controllers.AuthController.Login (backend)'
2026-04-08 12:02:53.464 [INF] Microsoft.AspNetCore.Mvc.Infrastructure.ControllerActionInvoker | Route matched with {action = "Login", controller = "Auth"}. Executing controller action with signature System.Threading.Tasks.Task`1[Microsoft.AspNetCore.Mvc.IActionResult] Login(backend.Models.LoginRequest) on controller backend.Controllers.AuthController (backend).
2026-04-08 12:02:53.849 [INF] backend.Controllers.AuthController | [Auth] Login attempt | Email=vasanth2004vk@gmail.com
2026-04-08 12:02:54.646 [INF] backend.Controllers.AuthController | [Auth] User login session recorded | UserId=18 | TokenExpiry="2026-04-09T06:32:54.4772315Z"
2026-04-08 12:02:54.647 [INF] backend.Controllers.AuthController | [Auth] Login SUCCESS | Email=vasanth2004vk@gmail.com | EffectiveRole=SuperAdmin | OrgId=2
2026-04-08 12:02:54.660 [INF] Microsoft.AspNetCore.Mvc.Infrastructure.ObjectResultExecutor | Executing OkObjectResult, writing value of type '<>f__AnonymousType23`2[[System.String, System.Private.CoreLib, Version=10.0.0.0, Culture=neutral, PublicKeyToken=7cec85d7bea7798e],[<>f__AnonymousType24`6[[System.Int32, System.Private.CoreLib, Version=10.0.0.0, Culture=neutral, PublicKeyToken=7cec85d7bea7798e],[System.String, System.Private.CoreLib, Version=10.0.0.0, Culture=neutral, PublicKeyToken=7cec85d7bea7798e],[System.String, System.Private.CoreLib, Version=10.0.0.0, Culture=neutral, PublicKeyToken=7cec85d7bea7798e],[System.String, System.Private.CoreLib, Version=10.0.0.0, Culture=neutral, PublicKeyToken=7cec85d7bea7798e],[System.Nullable`1[[System.Int32, System.Private.CoreLib, Version=10.0.0.0, Culture=neutral, PublicKeyToken=7cec85d7bea7798e]], System.Private.CoreLib, Version=10.0.0.0, Culture=neutral, PublicKeyToken=7cec85d7bea7798e],[System.String, System.Private.CoreLib, Version=10.0.0.0, Culture=neutral, PublicKeyToken=7cec85d7bea7798e]], backend, Version=1.0.0.0, Culture=neutral, PublicKeyToken=null]]'.
2026-04-08 12:02:54.698 [INF] Microsoft.AspNetCore.Mvc.Infrastructure.ControllerActionInvoker | Executed action backend.Controllers.AuthController.Login (backend) in 1226.1938ms
2026-04-08 12:02:54.699 [INF] Microsoft.AspNetCore.Routing.EndpointMiddleware | Executed endpoint 'backend.Controllers.AuthController.Login (backend)'
2026-04-08 12:02:54.703 [INF] Serilog.AspNetCore.RequestLoggingMiddleware | HTTP POST /api/auth/login → 200 (1275.8ms)
2026-04-08 12:02:54.708 [INF] Microsoft.AspNetCore.Hosting.Diagnostics | Request finished HTTP/1.1 POST http://localhost:5217/api/auth/login - 200 null application/json; charset=utf-8 1379.9867ms
2026-04-08 12:02:54.721 [INF] Microsoft.AspNetCore.Hosting.Diagnostics | Request starting HTTP/1.1 OPTIONS http://localhost:5217/api/users/organizations - null null
2026-04-08 12:02:54.722 [INF] Microsoft.AspNetCore.Cors.Infrastructure.CorsService | CORS policy execution successful.
2026-04-08 12:02:54.722 [INF] Microsoft.AspNetCore.Hosting.Diagnostics | Request finished HTTP/1.1 OPTIONS http://localhost:5217/api/users/organizations - 204 null null 0.8967ms
2026-04-08 12:02:54.724 [INF] Microsoft.AspNetCore.Hosting.Diagnostics | Request starting HTTP/1.1 GET http://localhost:5217/api/users/organizations - null null
2026-04-08 12:02:54.726 [INF] Microsoft.AspNetCore.Cors.Infrastructure.CorsService | CORS policy execution successful.
2026-04-08 12:02:54.799 [INF] Microsoft.AspNetCore.Routing.EndpointMiddleware | Executing endpoint 'backend.Controllers.UsersController.GetOrganizations (backend)'
2026-04-08 12:02:54.809 [INF] Microsoft.AspNetCore.Mvc.Infrastructure.ControllerActionInvoker | Route matched with {action = "GetOrganizations", controller = "Users"}. Executing controller action with signature System.Threading.Tasks.Task`1[Microsoft.AspNetCore.Mvc.IActionResult] GetOrganizations() on controller backend.Controllers.UsersController (backend).
2026-04-08 12:02:54.813 [INF] backend.Controllers.UsersController | [Users] GET organizations | Role=SuperAdmin | UserId=18
2026-04-08 12:02:54.838 [INF] Microsoft.AspNetCore.Mvc.Infrastructure.ObjectResultExecutor | Executing OkObjectResult, writing value of type 'System.Collections.Generic.List`1[[backend.Models.Organization, backend, Version=1.0.0.0, Culture=neutral, PublicKeyToken=null]]'.
2026-04-08 12:02:54.860 [INF] Microsoft.AspNetCore.Mvc.Infrastructure.ControllerActionInvoker | Executed action backend.Controllers.UsersController.GetOrganizations (backend) in 50.9745ms
2026-04-08 12:02:54.860 [INF] Microsoft.AspNetCore.Routing.EndpointMiddleware | Executed endpoint 'backend.Controllers.UsersController.GetOrganizations (backend)'
2026-04-08 12:02:54.860 [INF] Serilog.AspNetCore.RequestLoggingMiddleware | HTTP GET /api/users/organizations → 200 (61.1ms)
2026-04-08 12:02:54.860 [INF] Microsoft.AspNetCore.Hosting.Diagnostics | Request finished HTTP/1.1 GET http://localhost:5217/api/users/organizations - 200 null application/json; charset=utf-8 136.3701ms
2026-04-08 12:02:55.623 [INF] Microsoft.AspNetCore.Hosting.Diagnostics | Request starting HTTP/1.1 GET http://localhost:5217/uploads/org-logos/org-logo-5873c475d91d4bbd9046deec667d136c.jpg - null null
2026-04-08 12:02:55.624 [INF] Microsoft.AspNetCore.Cors.Infrastructure.CorsService | CORS policy execution successful.
2026-04-08 12:02:55.653 [INF] Microsoft.AspNetCore.StaticFiles.StaticFileMiddleware | The file /uploads/org-logos/org-logo-5873c475d91d4bbd9046deec667d136c.jpg was not modified
2026-04-08 12:02:55.654 [INF] Microsoft.AspNetCore.Hosting.Diagnostics | Request finished HTTP/1.1 GET http://localhost:5217/uploads/org-logos/org-logo-5873c475d91d4bbd9046deec667d136c.jpg - 304 null image/jpeg 31.1004ms
2026-04-08 12:02:55.692 [INF] Microsoft.AspNetCore.Hosting.Diagnostics | Request starting HTTP/1.1 OPTIONS http://localhost:5217/api/organizations - null null
2026-04-08 12:02:55.692 [INF] Microsoft.AspNetCore.Cors.Infrastructure.CorsService | CORS policy execution successful.
2026-04-08 12:02:55.693 [INF] Microsoft.AspNetCore.Hosting.Diagnostics | Request finished HTTP/1.1 OPTIONS http://localhost:5217/api/organizations - 204 null null 0.7207ms
2026-04-08 12:02:55.696 [INF] Microsoft.AspNetCore.Hosting.Diagnostics | Request starting HTTP/1.1 GET http://localhost:5217/api/organizations - application/json null
2026-04-08 12:02:55.696 [INF] Microsoft.AspNetCore.Cors.Infrastructure.CorsService | CORS policy execution successful.
2026-04-08 12:02:55.706 [INF] Microsoft.AspNetCore.Routing.EndpointMiddleware | Executing endpoint 'backend.Controllers.OrganizationsController.GetOrganizations (backend)'
2026-04-08 12:02:55.721 [INF] Microsoft.AspNetCore.Mvc.Infrastructure.ControllerActionInvoker | Route matched with {action = "GetOrganizations", controller = "Organizations"}. Executing controller action with signature System.Threading.Tasks.Task`1[Microsoft.AspNetCore.Mvc.IActionResult] GetOrganizations() on controller backend.Controllers.OrganizationsController (backend).
2026-04-08 12:02:55.724 [INF] backend.Controllers.OrganizationsController | [Orgs] GET all requested | Role=SuperAdmin | UserId=18
2026-04-08 12:02:55.745 [INF] Microsoft.AspNetCore.Mvc.Infrastructure.ObjectResultExecutor | Executing OkObjectResult, writing value of type 'System.Collections.Generic.List`1[[backend.Models.Organization, backend, Version=1.0.0.0, Culture=neutral, PublicKeyToken=null]]'.
2026-04-08 12:02:55.745 [INF] Microsoft.AspNetCore.Mvc.Infrastructure.ControllerActionInvoker | Executed action backend.Controllers.OrganizationsController.GetOrganizations (backend) in 24.0532ms
2026-04-08 12:02:55.746 [INF] Microsoft.AspNetCore.Routing.EndpointMiddleware | Executed endpoint 'backend.Controllers.OrganizationsController.GetOrganizations (backend)'
2026-04-08 12:02:55.746 [INF] Serilog.AspNetCore.RequestLoggingMiddleware | HTTP GET /api/organizations → 200 (39.8ms)
2026-04-08 12:02:55.746 [INF] Microsoft.AspNetCore.Hosting.Diagnostics | Request finished HTTP/1.1 GET http://localhost:5217/api/organizations - 200 null application/json; charset=utf-8 49.8713ms
2026-04-08 12:02:55.837 [INF] Microsoft.AspNetCore.Hosting.Diagnostics | Request starting HTTP/1.1 OPTIONS http://localhost:5217/api/leads - null null
2026-04-08 12:02:55.837 [INF] Microsoft.AspNetCore.Cors.Infrastructure.CorsService | CORS policy execution successful.
2026-04-08 12:02:55.837 [INF] Microsoft.AspNetCore.Hosting.Diagnostics | Request finished HTTP/1.1 OPTIONS http://localhost:5217/api/leads - 204 null null 0.3101ms
2026-04-08 12:02:55.841 [INF] Microsoft.AspNetCore.Hosting.Diagnostics | Request starting HTTP/1.1 GET http://localhost:5217/api/leads - application/json null
2026-04-08 12:02:55.841 [INF] Microsoft.AspNetCore.Cors.Infrastructure.CorsService | CORS policy execution successful.
2026-04-08 12:02:55.848 [INF] Microsoft.AspNetCore.Routing.EndpointMiddleware | Executing endpoint 'backend.Controllers.LeadsController.GetLeads (backend)'
2026-04-08 12:02:55.859 [INF] Microsoft.AspNetCore.Mvc.Infrastructure.ControllerActionInvoker | Route matched with {action = "GetLeads", controller = "Leads"}. Executing controller action with signature System.Threading.Tasks.Task`1[System.Collections.Generic.IEnumerable`1[backend.Models.Lead]] GetLeads() on controller backend.Controllers.LeadsController (backend).
2026-04-08 12:02:55.885 [INF] Microsoft.AspNetCore.Mvc.Infrastructure.ObjectResultExecutor | Executing ObjectResult, writing value of type 'System.Collections.Generic.List`1[[backend.Models.Lead, backend, Version=1.0.0.0, Culture=neutral, PublicKeyToken=null]]'.
2026-04-08 12:02:55.902 [INF] Microsoft.AspNetCore.Mvc.Infrastructure.ControllerActionInvoker | Executed action backend.Controllers.LeadsController.GetLeads (backend) in 42.3966ms
2026-04-08 12:02:55.902 [INF] Microsoft.AspNetCore.Routing.EndpointMiddleware | Executed endpoint 'backend.Controllers.LeadsController.GetLeads (backend)'
2026-04-08 12:02:55.902 [INF] Serilog.AspNetCore.RequestLoggingMiddleware | HTTP GET /api/leads → 200 (54.7ms)
2026-04-08 12:02:55.903 [INF] Microsoft.AspNetCore.Hosting.Diagnostics | Request finished HTTP/1.1 GET http://localhost:5217/api/leads - 200 null application/json; charset=utf-8 61.9484ms
2026-04-08 12:02:56.002 [INF] Microsoft.AspNetCore.Hosting.Diagnostics | Request starting HTTP/1.1 OPTIONS http://localhost:5217/api/employees?organizationId=2 - null null
2026-04-08 12:02:56.002 [INF] Microsoft.AspNetCore.Cors.Infrastructure.CorsService | CORS policy execution successful.
2026-04-08 12:02:56.002 [INF] Microsoft.AspNetCore.Hosting.Diagnostics | Request finished HTTP/1.1 OPTIONS http://localhost:5217/api/employees?organizationId=2 - 204 null null 0.4233ms
2026-04-08 12:02:56.004 [INF] Microsoft.AspNetCore.Hosting.Diagnostics | Request starting HTTP/1.1 GET http://localhost:5217/api/employees?organizationId=2 - application/json null
2026-04-08 12:02:56.004 [INF] Microsoft.AspNetCore.Cors.Infrastructure.CorsService | CORS policy execution successful.
2026-04-08 12:02:56.009 [INF] Microsoft.AspNetCore.Routing.EndpointMiddleware | Executing endpoint 'backend.Controllers.EmployeesController.GetEmployees (backend)'
2026-04-08 12:02:56.021 [INF] Microsoft.AspNetCore.Mvc.Infrastructure.ControllerActionInvoker | Route matched with {action = "GetEmployees", controller = "Employees"}. Executing controller action with signature System.Threading.Tasks.Task`1[Microsoft.AspNetCore.Mvc.IActionResult] GetEmployees(System.Nullable`1[System.Int32]) on controller backend.Controllers.EmployeesController (backend).
2026-04-08 12:02:56.027 [INF] backend.Controllers.EmployeesController | [Employees] GET all | TargetOrgId=2 | UserOrgId=2
2026-04-08 12:02:56.187 [INF] Microsoft.AspNetCore.Mvc.Infrastructure.ObjectResultExecutor | Executing OkObjectResult, writing value of type 'System.Collections.Generic.List`1[[backend.Models.Employee, backend, Version=1.0.0.0, Culture=neutral, PublicKeyToken=null]]'.
2026-04-08 12:02:56.206 [INF] Microsoft.AspNetCore.Mvc.Infrastructure.ControllerActionInvoker | Executed action backend.Controllers.EmployeesController.GetEmployees (backend) in 185.2697ms
2026-04-08 12:02:56.206 [INF] Microsoft.AspNetCore.Routing.EndpointMiddleware | Executed endpoint 'backend.Controllers.EmployeesController.GetEmployees (backend)'
2026-04-08 12:02:56.206 [INF] Serilog.AspNetCore.RequestLoggingMiddleware | HTTP GET /api/employees → 200 (197.0ms)
2026-04-08 12:02:56.206 [INF] Microsoft.AspNetCore.Hosting.Diagnostics | Request finished HTTP/1.1 GET http://localhost:5217/api/employees?organizationId=2 - 200 null application/json; charset=utf-8 202.6411ms
2026-04-08 12:02:56.217 [INF] Microsoft.AspNetCore.Hosting.Diagnostics | Request starting HTTP/1.1 OPTIONS http://localhost:5217/api/ShiftAssignments/roster?start=2026-04-08&end=2026-04-15&orgId=2 - null null
2026-04-08 12:02:56.217 [INF] Microsoft.AspNetCore.Cors.Infrastructure.CorsService | CORS policy execution successful.
2026-04-08 12:02:56.217 [INF] Microsoft.AspNetCore.Hosting.Diagnostics | Request finished HTTP/1.1 OPTIONS http://localhost:5217/api/ShiftAssignments/roster?start=2026-04-08&end=2026-04-15&orgId=2 - 204 null null 0.3775ms
2026-04-08 12:02:56.218 [INF] Microsoft.AspNetCore.Hosting.Diagnostics | Request starting HTTP/1.1 GET http://localhost:5217/api/ShiftAssignments/roster?start=2026-04-08&end=2026-04-15&orgId=2 - application/json null
2026-04-08 12:02:56.219 [INF] Microsoft.AspNetCore.Cors.Infrastructure.CorsService | CORS policy execution successful.
2026-04-08 12:02:56.219 [INF] Microsoft.AspNetCore.Routing.EndpointMiddleware | Executing endpoint 'backend.Controllers.ShiftAssignmentsController.GetMonthlyRosterFixed (backend)'
2026-04-08 12:02:56.230 [INF] Microsoft.AspNetCore.Mvc.Infrastructure.ControllerActionInvoker | Route matched with {action = "GetMonthlyRosterFixed", controller = "ShiftAssignments"}. Executing controller action with signature System.Threading.Tasks.Task`1[Microsoft.AspNetCore.Mvc.IActionResult] GetMonthlyRosterFixed(System.String, System.String, System.Nullable`1[System.Int32]) on controller backend.Controllers.ShiftAssignmentsController (backend).
2026-04-08 12:02:56.233 [INF] Microsoft.AspNetCore.Hosting.Diagnostics | Request starting HTTP/1.1 GET http://localhost:5217/uploads/employee-photos/emp-31.jpg - null null
2026-04-08 12:02:56.233 [INF] Microsoft.AspNetCore.Cors.Infrastructure.CorsService | CORS policy execution successful.
2026-04-08 12:02:56.234 [INF] Microsoft.AspNetCore.StaticFiles.StaticFileMiddleware | The file /uploads/employee-photos/emp-31.jpg was not modified
2026-04-08 12:02:56.234 [INF] Microsoft.AspNetCore.Hosting.Diagnostics | Request finished HTTP/1.1 GET http://localhost:5217/uploads/employee-photos/emp-31.jpg - 304 null image/jpeg 0.8498ms
2026-04-08 12:02:56.384 [INF] Microsoft.AspNetCore.Mvc.Infrastructure.ObjectResultExecutor | Executing OkObjectResult, writing value of type 'System.Collections.Generic.List`1[[backend.Models.EmployeeSchedule, backend, Version=1.0.0.0, Culture=neutral, PublicKeyToken=null]]'.
2026-04-08 12:02:56.388 [INF] Microsoft.AspNetCore.Mvc.Infrastructure.ControllerActionInvoker | Executed action backend.Controllers.ShiftAssignmentsController.GetMonthlyRosterFixed (backend) in 157.5723ms
2026-04-08 12:02:56.388 [INF] Microsoft.AspNetCore.Routing.EndpointMiddleware | Executed endpoint 'backend.Controllers.ShiftAssignmentsController.GetMonthlyRosterFixed (backend)'
2026-04-08 12:02:56.388 [INF] Serilog.AspNetCore.RequestLoggingMiddleware | HTTP GET /api/ShiftAssignments/roster → 200 (169.0ms)
2026-04-08 12:02:56.388 [INF] Microsoft.AspNetCore.Hosting.Diagnostics | Request finished HTTP/1.1 GET http://localhost:5217/api/ShiftAssignments/roster?start=2026-04-08&end=2026-04-15&orgId=2 - 200 null application/json; charset=utf-8 170.2713ms
2026-04-08 12:02:56.477 [INF] Microsoft.AspNetCore.Hosting.Diagnostics | Request starting HTTP/1.1 OPTIONS http://localhost:5217/api/Attendance/status?employeeId=31&orgId=2 - null null
2026-04-08 12:02:56.477 [INF] Microsoft.AspNetCore.Cors.Infrastructure.CorsService | CORS policy execution successful.
2026-04-08 12:02:56.477 [INF] Microsoft.AspNetCore.Hosting.Diagnostics | Request finished HTTP/1.1 OPTIONS http://localhost:5217/api/Attendance/status?employeeId=31&orgId=2 - 204 null null 0.6812ms
2026-04-08 12:02:56.480 [INF] Microsoft.AspNetCore.Hosting.Diagnostics | Request starting HTTP/1.1 GET http://localhost:5217/api/Attendance/status?employeeId=31&orgId=2 - application/json null
2026-04-08 12:02:56.482 [INF] Microsoft.AspNetCore.Cors.Infrastructure.CorsService | CORS policy execution successful.
2026-04-08 12:02:56.482 [INF] Microsoft.AspNetCore.Routing.EndpointMiddleware | Executing endpoint 'backend.Controllers.AttendanceController.GetStatus (backend)'
2026-04-08 12:02:56.496 [INF] Microsoft.AspNetCore.Mvc.Infrastructure.ControllerActionInvoker | Route matched with {action = "GetStatus", controller = "Attendance"}. Executing controller action with signature System.Threading.Tasks.Task`1[Microsoft.AspNetCore.Mvc.IActionResult] GetStatus(Int32, Int32) on controller backend.Controllers.AttendanceController (backend).
2026-04-08 12:02:56.588 [ERR] backend.Controllers.AttendanceController | Error getting attendance status
Microsoft.Data.SqlClient.SqlException (0x80131904): Invalid column name 'FN'.
Invalid column name 'AN'.
   at System.Threading.Tasks.ContinuationResultTaskFromResultTask`2.InnerInvoke()
   at System.Threading.ExecutionContext.RunInternal(ExecutionContext executionContext, ContextCallback callback, Object state)
--- End of stack trace from previous location ---
   at System.Threading.ExecutionContext.RunInternal(ExecutionContext executionContext, ContextCallback callback, Object state)
   at System.Threading.Tasks.Task.ExecuteWithThreadLocal(Task& currentTaskSlot, Thread threadPoolThread)
--- End of stack trace from previous location ---
   at Dapper.SqlMapper.QueryRowAsync[T](IDbConnection cnn, Row row, Type effectiveType, CommandDefinition command) in /_/Dapper/SqlMapper.Async.cs:line 489
   at backend.Controllers.AttendanceController.GetStatus(Int32 employeeId, Int32 orgId) in C:\Repos_Work\Prodesx_HRM_Mobile_Application\backend\Controllers\AttendanceController.cs:line 235
ClientConnectionId:8d8941f4-b316-42bd-8287-dd4d6a3dad34
Error Number:207,State:1,Class:16
2026-04-08 12:02:56.619 [INF] Microsoft.AspNetCore.Mvc.Infrastructure.ObjectResultExecutor | Executing ObjectResult, writing value of type 'System.String'.
2026-04-08 12:02:56.619 [INF] Microsoft.AspNetCore.Mvc.Infrastructure.ControllerActionInvoker | Executed action backend.Controllers.AttendanceController.GetStatus (backend) in 122.9686ms
2026-04-08 12:02:56.619 [INF] Microsoft.AspNetCore.Routing.EndpointMiddleware | Executed endpoint 'backend.Controllers.AttendanceController.GetStatus (backend)'
2026-04-08 12:02:56.619 [ERR] Serilog.AspNetCore.RequestLoggingMiddleware | HTTP GET /api/Attendance/status → 500 (136.8ms)
2026-04-08 12:02:56.621 [INF] Microsoft.AspNetCore.Hosting.Diagnostics | Request finished HTTP/1.1 GET http://localhost:5217/api/Attendance/status?employeeId=31&orgId=2 - 500 null text/plain; charset=utf-8 141.1367ms
2026-04-08 12:03:29.737 [INF] Microsoft.AspNetCore.Hosting.Diagnostics | Request starting HTTP/1.1 OPTIONS http://localhost:5217/api/SalaryYear/GetSalaryYearsByOrgId?orgId=2 - null null
2026-04-08 12:03:29.737 [INF] Microsoft.AspNetCore.Cors.Infrastructure.CorsService | CORS policy execution successful.
2026-04-08 12:03:29.738 [INF] Microsoft.AspNetCore.Hosting.Diagnostics | Request finished HTTP/1.1 OPTIONS http://localhost:5217/api/SalaryYear/GetSalaryYearsByOrgId?orgId=2 - 204 null null 0.7652ms
2026-04-08 12:03:29.740 [INF] Microsoft.AspNetCore.Hosting.Diagnostics | Request starting HTTP/1.1 GET http://localhost:5217/api/SalaryYear/GetSalaryYearsByOrgId?orgId=2 - application/json null
2026-04-08 12:03:29.743 [INF] Microsoft.AspNetCore.Cors.Infrastructure.CorsService | CORS policy execution successful.
2026-04-08 12:03:29.744 [INF] Microsoft.AspNetCore.Routing.EndpointMiddleware | Executing endpoint 'backend.Controllers.SalaryYearController.GetSalaryYearsByOrgId (backend)'
2026-04-08 12:03:29.754 [INF] Microsoft.AspNetCore.Mvc.Infrastructure.ControllerActionInvoker | Route matched with {action = "GetSalaryYearsByOrgId", controller = "SalaryYear"}. Executing controller action with signature System.Threading.Tasks.Task`1[Microsoft.AspNetCore.Mvc.IActionResult] GetSalaryYearsByOrgId(System.String) on controller backend.Controllers.SalaryYearController (backend).
2026-04-08 12:03:29.849 [INF] Microsoft.AspNetCore.Mvc.Infrastructure.ObjectResultExecutor | Executing OkObjectResult, writing value of type 'System.Collections.Generic.List`1[[backend.Models.SalaryYear, backend, Version=1.0.0.0, Culture=neutral, PublicKeyToken=null]]'.
2026-04-08 12:03:29.853 [INF] Microsoft.AspNetCore.Mvc.Infrastructure.ControllerActionInvoker | Executed action backend.Controllers.SalaryYearController.GetSalaryYearsByOrgId (backend) in 98.2365ms
2026-04-08 12:03:29.853 [INF] Microsoft.AspNetCore.Routing.EndpointMiddleware | Executed endpoint 'backend.Controllers.SalaryYearController.GetSalaryYearsByOrgId (backend)'
2026-04-08 12:03:29.853 [INF] Serilog.AspNetCore.RequestLoggingMiddleware | HTTP GET /api/SalaryYear/GetSalaryYearsByOrgId → 200 (109.2ms)
2026-04-08 12:03:29.853 [INF] Microsoft.AspNetCore.Hosting.Diagnostics | Request finished HTTP/1.1 GET http://localhost:5217/api/SalaryYear/GetSalaryYearsByOrgId?orgId=2 - 200 null application/json; charset=utf-8 112.7571ms
2026-04-08 12:03:29.862 [INF] Microsoft.AspNetCore.Hosting.Diagnostics | Request starting HTTP/1.1 OPTIONS http://localhost:5217/api/employees?organizationId=2 - null null
2026-04-08 12:03:29.862 [INF] Microsoft.AspNetCore.Cors.Infrastructure.CorsService | CORS policy execution successful.
2026-04-08 12:03:29.862 [INF] Microsoft.AspNetCore.Hosting.Diagnostics | Request finished HTTP/1.1 OPTIONS http://localhost:5217/api/employees?organizationId=2 - 204 null null 0.3788ms
2026-04-08 12:03:29.864 [INF] Microsoft.AspNetCore.Hosting.Diagnostics | Request starting HTTP/1.1 GET http://localhost:5217/api/employees?organizationId=2 - application/json null
2026-04-08 12:03:29.864 [INF] Microsoft.AspNetCore.Cors.Infrastructure.CorsService | CORS policy execution successful.
2026-04-08 12:03:29.865 [INF] Microsoft.AspNetCore.Routing.EndpointMiddleware | Executing endpoint 'backend.Controllers.EmployeesController.GetEmployees (backend)'
2026-04-08 12:03:29.865 [INF] Microsoft.AspNetCore.Mvc.Infrastructure.ControllerActionInvoker | Route matched with {action = "GetEmployees", controller = "Employees"}. Executing controller action with signature System.Threading.Tasks.Task`1[Microsoft.AspNetCore.Mvc.IActionResult] GetEmployees(System.Nullable`1[System.Int32]) on controller backend.Controllers.EmployeesController (backend).
2026-04-08 12:03:29.867 [INF] backend.Controllers.EmployeesController | [Employees] GET all | TargetOrgId=2 | UserOrgId=2
2026-04-08 12:03:29.879 [INF] Microsoft.AspNetCore.Mvc.Infrastructure.ObjectResultExecutor | Executing OkObjectResult, writing value of type 'System.Collections.Generic.List`1[[backend.Models.Employee, backend, Version=1.0.0.0, Culture=neutral, PublicKeyToken=null]]'.
2026-04-08 12:03:29.880 [INF] Microsoft.AspNetCore.Mvc.Infrastructure.ControllerActionInvoker | Executed action backend.Controllers.EmployeesController.GetEmployees (backend) in 14.7382ms
2026-04-08 12:03:29.880 [INF] Microsoft.AspNetCore.Routing.EndpointMiddleware | Executed endpoint 'backend.Controllers.EmployeesController.GetEmployees (backend)'
2026-04-08 12:03:29.880 [INF] Serilog.AspNetCore.RequestLoggingMiddleware | HTTP GET /api/employees → 200 (15.1ms)
2026-04-08 12:03:29.880 [INF] Microsoft.AspNetCore.Hosting.Diagnostics | Request finished HTTP/1.1 GET http://localhost:5217/api/employees?organizationId=2 - 200 null application/json; charset=utf-8 15.9723ms
2026-04-08 12:03:29.926 [INF] Microsoft.AspNetCore.Hosting.Diagnostics | Request starting HTTP/1.1 OPTIONS http://localhost:5217/api/SalarySettings/GetSalarySettings?orgId=2&salaryYearId=3 - null null
2026-04-08 12:03:29.926 [INF] Microsoft.AspNetCore.Cors.Infrastructure.CorsService | CORS policy execution successful.
2026-04-08 12:03:29.926 [INF] Microsoft.AspNetCore.Hosting.Diagnostics | Request finished HTTP/1.1 OPTIONS http://localhost:5217/api/SalarySettings/GetSalarySettings?orgId=2&salaryYearId=3 - 204 null null 0.3831ms
2026-04-08 12:03:29.929 [INF] Microsoft.AspNetCore.Hosting.Diagnostics | Request starting HTTP/1.1 GET http://localhost:5217/api/SalarySettings/GetSalarySettings?orgId=2&salaryYearId=3 - application/json null
2026-04-08 12:03:29.931 [INF] Microsoft.AspNetCore.Cors.Infrastructure.CorsService | CORS policy execution successful.
2026-04-08 12:03:29.931 [INF] Microsoft.AspNetCore.Routing.EndpointMiddleware | Executing endpoint 'backend.Controllers.SalarySettingsController.GetSalarySettings (backend)'
2026-04-08 12:03:29.939 [INF] Microsoft.AspNetCore.Mvc.Infrastructure.ControllerActionInvoker | Route matched with {action = "GetSalarySettings", controller = "SalarySettings"}. Executing controller action with signature System.Threading.Tasks.Task`1[Microsoft.AspNetCore.Mvc.IActionResult] GetSalarySettings(System.String, System.String) on controller backend.Controllers.SalarySettingsController (backend).
2026-04-08 12:03:30.076 [INF] Microsoft.AspNetCore.Mvc.Infrastructure.ObjectResultExecutor | Executing OkObjectResult, writing value of type 'System.Collections.Generic.List`1[[backend.Models.SalarySettings, backend, Version=1.0.0.0, Culture=neutral, PublicKeyToken=null]]'.
2026-04-08 12:03:30.087 [INF] Microsoft.AspNetCore.Mvc.Infrastructure.ControllerActionInvoker | Executed action backend.Controllers.SalarySettingsController.GetSalarySettings (backend) in 147.035ms
2026-04-08 12:03:30.087 [INF] Microsoft.AspNetCore.Routing.EndpointMiddleware | Executed endpoint 'backend.Controllers.SalarySettingsController.GetSalarySettings (backend)'
2026-04-08 12:03:30.087 [INF] Serilog.AspNetCore.RequestLoggingMiddleware | HTTP GET /api/SalarySettings/GetSalarySettings → 200 (155.6ms)
2026-04-08 12:03:30.087 [INF] Microsoft.AspNetCore.Hosting.Diagnostics | Request finished HTTP/1.1 GET http://localhost:5217/api/SalarySettings/GetSalarySettings?orgId=2&salaryYearId=3 - 200 null application/json; charset=utf-8 157.7852ms
2026-04-08 12:03:30.288 [INF] Microsoft.AspNetCore.Hosting.Diagnostics | Request starting HTTP/1.1 GET http://localhost:5217/uploads/employee-photos/emp-28.jpg - null null
2026-04-08 12:03:30.288 [INF] Microsoft.AspNetCore.Hosting.Diagnostics | Request starting HTTP/1.1 GET http://localhost:5217/uploads/employee-photos/emp-23.png - null null
2026-04-08 12:03:30.288 [INF] Microsoft.AspNetCore.Cors.Infrastructure.CorsService | CORS policy execution successful.
2026-04-08 12:03:30.288 [INF] Microsoft.AspNetCore.Cors.Infrastructure.CorsService | CORS policy execution successful.
2026-04-08 12:03:30.290 [INF] Microsoft.AspNetCore.StaticFiles.StaticFileMiddleware | The file /uploads/employee-photos/emp-23.png was not modified
2026-04-08 12:03:30.291 [INF] Microsoft.AspNetCore.Hosting.Diagnostics | Request finished HTTP/1.1 GET http://localhost:5217/uploads/employee-photos/emp-23.png - 304 null image/png 2.4593ms
2026-04-08 12:03:30.291 [INF] Microsoft.AspNetCore.Hosting.Diagnostics | Request starting HTTP/1.1 GET http://localhost:5217/uploads/employee-photos/emp-22.png - null null
2026-04-08 12:03:30.291 [INF] Microsoft.AspNetCore.Cors.Infrastructure.CorsService | CORS policy execution successful.
2026-04-08 12:03:30.292 [INF] Microsoft.AspNetCore.StaticFiles.StaticFileMiddleware | The file /uploads/employee-photos/emp-22.png was not modified
2026-04-08 12:03:30.292 [INF] Serilog.AspNetCore.RequestLoggingMiddleware | HTTP GET /uploads/employee-photos/emp-28.jpg → 404 (0.1ms)
2026-04-08 12:03:30.292 [INF] Microsoft.AspNetCore.Hosting.Diagnostics | Request finished HTTP/1.1 GET http://localhost:5217/uploads/employee-photos/emp-22.png - 304 null image/png 0.5633ms
2026-04-08 12:03:30.292 [INF] Microsoft.AspNetCore.Hosting.Diagnostics | Request finished HTTP/1.1 GET http://localhost:5217/uploads/employee-photos/emp-28.jpg - 404 0 null 3.7751ms
2026-04-08 12:03:30.293 [INF] Microsoft.AspNetCore.Hosting.Diagnostics | Request reached the end of the middleware pipeline without being handled by application code. Request path: GET http://localhost:5217/uploads/employee-photos/emp-28.jpg, Response status code: 404
2026-04-08 12:03:30.306 [INF] Microsoft.AspNetCore.Hosting.Diagnostics | Request starting HTTP/1.1 OPTIONS http://localhost:5217/hubs/salarysettings/negotiate?negotiateVersion=1 - null null
2026-04-08 12:03:30.307 [INF] Microsoft.AspNetCore.Cors.Infrastructure.CorsService | CORS policy execution successful.
2026-04-08 12:03:30.307 [INF] Microsoft.AspNetCore.Hosting.Diagnostics | Request finished HTTP/1.1 OPTIONS http://localhost:5217/hubs/salarysettings/negotiate?negotiateVersion=1 - 204 null null 1.1981ms
2026-04-08 12:03:30.308 [INF] Microsoft.AspNetCore.Hosting.Diagnostics | Request starting HTTP/1.1 POST http://localhost:5217/hubs/salarysettings/negotiate?negotiateVersion=1 - text/plain;charset=UTF-8 0
2026-04-08 12:03:30.313 [INF] Microsoft.AspNetCore.Cors.Infrastructure.CorsService | CORS policy execution successful.
2026-04-08 12:03:30.314 [INF] Microsoft.AspNetCore.Routing.EndpointMiddleware | Executing endpoint '/hubs/salarysettings/negotiate'
2026-04-08 12:03:30.322 [INF] Microsoft.AspNetCore.Routing.EndpointMiddleware | Executed endpoint '/hubs/salarysettings/negotiate'
2026-04-08 12:03:30.322 [INF] Serilog.AspNetCore.RequestLoggingMiddleware | HTTP POST /hubs/salarysettings/negotiate → 200 (8.3ms)
2026-04-08 12:03:30.322 [INF] Microsoft.AspNetCore.Hosting.Diagnostics | Request finished HTTP/1.1 POST http://localhost:5217/hubs/salarysettings/negotiate?negotiateVersion=1 - 200 316 application/json 13.4434ms
2026-04-08 12:03:30.367 [INF] Microsoft.AspNetCore.Hosting.Diagnostics | Request starting HTTP/1.1 GET http://localhost:5217/hubs/salarysettings?id=D1y54stgb4aL1uKVqh5LOA&access_token=eyJhbGciOiJIUzI1NiIsInR5cCI6IkpXVCJ9.eyJuYW1laWQiOiIxOCIsInVuaXF1ZV9uYW1lIjoidmFzYW50aGFrdW1hciIsImVtYWlsIjoidmFzYW50aDIwMDR2a0BnbWFpbC5jb20iLCJyb2xlIjoiU3VwZXJBZG1pbiIsIk9yZ2FuaXphdGlvbklkIjoiMiIsIk9yZ2FuaXphdGlvbkxvZ28iOiIvdXBsb2Fkcy9vcmctbG9nb3Mvb3JnLWxvZ28tNTg3M2M0NzVkOTFkNGJiZDkwNDZkZWVjNjY3ZDEzNmMuanBnIiwibmJmIjoxNzc1NjI5OTc0LCJleHAiOjE3NzU3MTYzNzQsImlhdCI6MTc3NTYyOTk3NCwiaXNzIjoiUHJvRGVzWC1CYWNrZW5kIiwiYXVkIjoiUHJvRGVzWC1Gcm9udGVuZCJ9.igbT3pLpIiahwfTYCSUnLfgWrpW2xHWNEZnnwNqmD4o - null null
2026-04-08 12:03:30.367 [INF] Microsoft.AspNetCore.Cors.Infrastructure.CorsService | CORS policy execution successful.
2026-04-08 12:03:30.368 [INF] Microsoft.AspNetCore.Routing.EndpointMiddleware | Executing endpoint '/hubs/salarysettings'
2026-04-08 12:03:33.861 [INF] Microsoft.AspNetCore.Routing.EndpointMiddleware | Executed endpoint '/hubs/salarysettings'
2026-04-08 12:03:33.861 [INF] Serilog.AspNetCore.RequestLoggingMiddleware | HTTP GET /hubs/salarysettings → 101 (3493.2ms)
2026-04-08 12:03:33.861 [INF] Microsoft.AspNetCore.Hosting.Diagnostics | Request finished HTTP/1.1 GET http://localhost:5217/hubs/salarysettings?id=D1y54stgb4aL1uKVqh5LOA&access_token=eyJhbGciOiJIUzI1NiIsInR5cCI6IkpXVCJ9.eyJuYW1laWQiOiIxOCIsInVuaXF1ZV9uYW1lIjoidmFzYW50aGFrdW1hciIsImVtYWlsIjoidmFzYW50aDIwMDR2a0BnbWFpbC5jb20iLCJyb2xlIjoiU3VwZXJBZG1pbiIsIk9yZ2FuaXphdGlvbklkIjoiMiIsIk9yZ2FuaXphdGlvbkxvZ28iOiIvdXBsb2Fkcy9vcmctbG9nb3Mvb3JnLWxvZ28tNTg3M2M0NzVkOTFkNGJiZDkwNDZkZWVjNjY3ZDEzNmMuanBnIiwibmJmIjoxNzc1NjI5OTc0LCJleHAiOjE3NzU3MTYzNzQsImlhdCI6MTc3NTYyOTk3NCwiaXNzIjoiUHJvRGVzWC1CYWNrZW5kIiwiYXVkIjoiUHJvRGVzWC1Gcm9udGVuZCJ9.igbT3pLpIiahwfTYCSUnLfgWrpW2xHWNEZnnwNqmD4o - 101 null null 3494.5692ms
2026-04-08 12:03:33.865 [INF] Microsoft.AspNetCore.Hosting.Diagnostics | Request starting HTTP/1.1 OPTIONS http://localhost:5217/api/SalaryYear/GetSalaryYearsByOrgId?orgId=8 - null null
2026-04-08 12:03:33.866 [INF] Microsoft.AspNetCore.Cors.Infrastructure.CorsService | CORS policy execution successful.
2026-04-08 12:03:33.866 [INF] Microsoft.AspNetCore.Hosting.Diagnostics | Request finished HTTP/1.1 OPTIONS http://localhost:5217/api/SalaryYear/GetSalaryYearsByOrgId?orgId=8 - 204 null null 0.5817ms
2026-04-08 12:03:33.867 [INF] Microsoft.AspNetCore.Hosting.Diagnostics | Request starting HTTP/1.1 GET http://localhost:5217/api/SalaryYear/GetSalaryYearsByOrgId?orgId=8 - application/json null
2026-04-08 12:03:33.867 [INF] Microsoft.AspNetCore.Cors.Infrastructure.CorsService | CORS policy execution successful.
2026-04-08 12:03:33.868 [INF] Microsoft.AspNetCore.Routing.EndpointMiddleware | Executing endpoint 'backend.Controllers.SalaryYearController.GetSalaryYearsByOrgId (backend)'
2026-04-08 12:03:33.868 [INF] Microsoft.AspNetCore.Mvc.Infrastructure.ControllerActionInvoker | Route matched with {action = "GetSalaryYearsByOrgId", controller = "SalaryYear"}. Executing controller action with signature System.Threading.Tasks.Task`1[Microsoft.AspNetCore.Mvc.IActionResult] GetSalaryYearsByOrgId(System.String) on controller backend.Controllers.SalaryYearController (backend).
2026-04-08 12:03:33.960 [INF] Microsoft.AspNetCore.Mvc.Infrastructure.ObjectResultExecutor | Executing OkObjectResult, writing value of type 'System.Collections.Generic.List`1[[backend.Models.SalaryYear, backend, Version=1.0.0.0, Culture=neutral, PublicKeyToken=null]]'.
2026-04-08 12:03:33.960 [INF] Microsoft.AspNetCore.Mvc.Infrastructure.ControllerActionInvoker | Executed action backend.Controllers.SalaryYearController.GetSalaryYearsByOrgId (backend) in 91.6545ms
2026-04-08 12:03:33.960 [INF] Microsoft.AspNetCore.Routing.EndpointMiddleware | Executed endpoint 'backend.Controllers.SalaryYearController.GetSalaryYearsByOrgId (backend)'
2026-04-08 12:03:33.960 [INF] Serilog.AspNetCore.RequestLoggingMiddleware | HTTP GET /api/SalaryYear/GetSalaryYearsByOrgId → 200 (92.0ms)
2026-04-08 12:03:33.960 [INF] Microsoft.AspNetCore.Hosting.Diagnostics | Request finished HTTP/1.1 GET http://localhost:5217/api/SalaryYear/GetSalaryYearsByOrgId?orgId=8 - 200 null application/json; charset=utf-8 92.7179ms
2026-04-08 12:03:33.977 [INF] Microsoft.AspNetCore.Hosting.Diagnostics | Request starting HTTP/1.1 OPTIONS http://localhost:5217/api/employees?organizationId=8 - null null
2026-04-08 12:03:33.978 [INF] Microsoft.AspNetCore.Cors.Infrastructure.CorsService | CORS policy execution successful.
2026-04-08 12:03:33.978 [INF] Microsoft.AspNetCore.Hosting.Diagnostics | Request finished HTTP/1.1 OPTIONS http://localhost:5217/api/employees?organizationId=8 - 204 null null 0.3064ms
2026-04-08 12:03:33.979 [INF] Microsoft.AspNetCore.Hosting.Diagnostics | Request starting HTTP/1.1 GET http://localhost:5217/api/employees?organizationId=8 - application/json null
2026-04-08 12:03:33.979 [INF] Microsoft.AspNetCore.Cors.Infrastructure.CorsService | CORS policy execution successful.
2026-04-08 12:03:33.980 [INF] Microsoft.AspNetCore.Routing.EndpointMiddleware | Executing endpoint 'backend.Controllers.EmployeesController.GetEmployees (backend)'
2026-04-08 12:03:33.980 [INF] Microsoft.AspNetCore.Mvc.Infrastructure.ControllerActionInvoker | Route matched with {action = "GetEmployees", controller = "Employees"}. Executing controller action with signature System.Threading.Tasks.Task`1[Microsoft.AspNetCore.Mvc.IActionResult] GetEmployees(System.Nullable`1[System.Int32]) on controller backend.Controllers.EmployeesController (backend).
2026-04-08 12:03:33.980 [INF] backend.Controllers.EmployeesController | [Employees] GET all | TargetOrgId=8 | UserOrgId=2
2026-04-08 12:03:34.067 [INF] Microsoft.AspNetCore.Mvc.Infrastructure.ObjectResultExecutor | Executing OkObjectResult, writing value of type 'System.Collections.Generic.List`1[[backend.Models.Employee, backend, Version=1.0.0.0, Culture=neutral, PublicKeyToken=null]]'.
2026-04-08 12:03:34.067 [INF] Microsoft.AspNetCore.Mvc.Infrastructure.ControllerActionInvoker | Executed action backend.Controllers.EmployeesController.GetEmployees (backend) in 87.0907ms
2026-04-08 12:03:34.067 [INF] Microsoft.AspNetCore.Routing.EndpointMiddleware | Executed endpoint 'backend.Controllers.EmployeesController.GetEmployees (backend)'
2026-04-08 12:03:34.067 [INF] Serilog.AspNetCore.RequestLoggingMiddleware | HTTP GET /api/employees → 200 (87.4ms)
2026-04-08 12:03:34.067 [INF] Microsoft.AspNetCore.Hosting.Diagnostics | Request finished HTTP/1.1 GET http://localhost:5217/api/employees?organizationId=8 - 200 null application/json; charset=utf-8 88.127ms
2026-04-08 12:03:34.071 [INF] Microsoft.AspNetCore.Hosting.Diagnostics | Request starting HTTP/1.1 OPTIONS http://localhost:5217/api/SalarySettings/GetSalarySettings?orgId=8&salaryYearId=3 - null null
2026-04-08 12:03:34.071 [INF] Microsoft.AspNetCore.Cors.Infrastructure.CorsService | CORS policy execution successful.
2026-04-08 12:03:34.072 [INF] Microsoft.AspNetCore.Hosting.Diagnostics | Request finished HTTP/1.1 OPTIONS http://localhost:5217/api/SalarySettings/GetSalarySettings?orgId=8&salaryYearId=3 - 204 null null 0.2366ms
2026-04-08 12:03:34.099 [INF] Microsoft.AspNetCore.Hosting.Diagnostics | Request starting HTTP/1.1 GET http://localhost:5217/api/SalarySettings/GetSalarySettings?orgId=8&salaryYearId=3 - application/json null
2026-04-08 12:03:34.100 [INF] Microsoft.AspNetCore.Cors.Infrastructure.CorsService | CORS policy execution successful.
2026-04-08 12:03:34.100 [INF] Microsoft.AspNetCore.Routing.EndpointMiddleware | Executing endpoint 'backend.Controllers.SalarySettingsController.GetSalarySettings (backend)'
2026-04-08 12:03:34.100 [INF] Microsoft.AspNetCore.Mvc.Infrastructure.ControllerActionInvoker | Route matched with {action = "GetSalarySettings", controller = "SalarySettings"}. Executing controller action with signature System.Threading.Tasks.Task`1[Microsoft.AspNetCore.Mvc.IActionResult] GetSalarySettings(System.String, System.String) on controller backend.Controllers.SalarySettingsController (backend).
2026-04-08 12:03:34.165 [INF] Microsoft.AspNetCore.Mvc.Infrastructure.ObjectResultExecutor | Executing OkObjectResult, writing value of type 'System.Collections.Generic.List`1[[backend.Models.SalarySettings, backend, Version=1.0.0.0, Culture=neutral, PublicKeyToken=null]]'.
2026-04-08 12:03:34.165 [INF] Microsoft.AspNetCore.Mvc.Infrastructure.ControllerActionInvoker | Executed action backend.Controllers.SalarySettingsController.GetSalarySettings (backend) in 65.1487ms
2026-04-08 12:03:34.166 [INF] Microsoft.AspNetCore.Routing.EndpointMiddleware | Executed endpoint 'backend.Controllers.SalarySettingsController.GetSalarySettings (backend)'
2026-04-08 12:03:34.166 [INF] Serilog.AspNetCore.RequestLoggingMiddleware | HTTP GET /api/SalarySettings/GetSalarySettings → 200 (65.5ms)
2026-04-08 12:03:34.166 [INF] Microsoft.AspNetCore.Hosting.Diagnostics | Request finished HTTP/1.1 GET http://localhost:5217/api/SalarySettings/GetSalarySettings?orgId=8&salaryYearId=3 - 200 null application/json; charset=utf-8 66.2476ms
2026-04-08 12:03:34.171 [INF] Microsoft.AspNetCore.Hosting.Diagnostics | Request starting HTTP/1.1 POST http://localhost:5217/hubs/salarysettings/negotiate?negotiateVersion=1 - text/plain;charset=UTF-8 0
2026-04-08 12:03:34.171 [INF] Microsoft.AspNetCore.Cors.Infrastructure.CorsService | CORS policy execution successful.
2026-04-08 12:03:34.172 [INF] Microsoft.AspNetCore.Routing.EndpointMiddleware | Executing endpoint '/hubs/salarysettings/negotiate'
2026-04-08 12:03:34.172 [INF] Microsoft.AspNetCore.Routing.EndpointMiddleware | Executed endpoint '/hubs/salarysettings/negotiate'
2026-04-08 12:03:34.172 [INF] Serilog.AspNetCore.RequestLoggingMiddleware | HTTP POST /hubs/salarysettings/negotiate → 200 (0.4ms)
2026-04-08 12:03:34.172 [INF] Microsoft.AspNetCore.Hosting.Diagnostics | Request finished HTTP/1.1 POST http://localhost:5217/hubs/salarysettings/negotiate?negotiateVersion=1 - 200 316 application/json 1.06ms
2026-04-08 12:03:34.262 [INF] Microsoft.AspNetCore.Hosting.Diagnostics | Request starting HTTP/1.1 GET http://localhost:5217/uploads/employee-photos/emp-34.png - null null
2026-04-08 12:03:34.262 [INF] Microsoft.AspNetCore.Cors.Infrastructure.CorsService | CORS policy execution successful.
2026-04-08 12:03:34.263 [INF] Serilog.AspNetCore.RequestLoggingMiddleware | HTTP GET /uploads/employee-photos/emp-34.png → 404 (0.0ms)
2026-04-08 12:03:34.263 [INF] Microsoft.AspNetCore.Hosting.Diagnostics | Request finished HTTP/1.1 GET http://localhost:5217/uploads/employee-photos/emp-34.png - 404 0 null 1.3667ms
2026-04-08 12:03:34.263 [INF] Microsoft.AspNetCore.Hosting.Diagnostics | Request reached the end of the middleware pipeline without being handled by application code. Request path: GET http://localhost:5217/uploads/employee-photos/emp-34.png, Response status code: 404
2026-04-08 12:03:34.271 [INF] Microsoft.AspNetCore.Hosting.Diagnostics | Request starting HTTP/1.1 GET http://localhost:5217/hubs/salarysettings?id=98LJtgsU5Bss2Ums9x79sw&access_token=eyJhbGciOiJIUzI1NiIsInR5cCI6IkpXVCJ9.eyJuYW1laWQiOiIxOCIsInVuaXF1ZV9uYW1lIjoidmFzYW50aGFrdW1hciIsImVtYWlsIjoidmFzYW50aDIwMDR2a0BnbWFpbC5jb20iLCJyb2xlIjoiU3VwZXJBZG1pbiIsIk9yZ2FuaXphdGlvbklkIjoiMiIsIk9yZ2FuaXphdGlvbkxvZ28iOiIvdXBsb2Fkcy9vcmctbG9nb3Mvb3JnLWxvZ28tNTg3M2M0NzVkOTFkNGJiZDkwNDZkZWVjNjY3ZDEzNmMuanBnIiwibmJmIjoxNzc1NjI5OTc0LCJleHAiOjE3NzU3MTYzNzQsImlhdCI6MTc3NTYyOTk3NCwiaXNzIjoiUHJvRGVzWC1CYWNrZW5kIiwiYXVkIjoiUHJvRGVzWC1Gcm9udGVuZCJ9.igbT3pLpIiahwfTYCSUnLfgWrpW2xHWNEZnnwNqmD4o - null null
2026-04-08 12:03:34.272 [INF] Microsoft.AspNetCore.Cors.Infrastructure.CorsService | CORS policy execution successful.
2026-04-08 12:03:34.272 [INF] Microsoft.AspNetCore.Routing.EndpointMiddleware | Executing endpoint '/hubs/salarysettings'
2026-04-08 12:03:36.143 [INF] Microsoft.AspNetCore.Routing.EndpointMiddleware | Executed endpoint '/hubs/salarysettings'
2026-04-08 12:03:36.143 [INF] Serilog.AspNetCore.RequestLoggingMiddleware | HTTP GET /hubs/salarysettings → 101 (1871.0ms)
2026-04-08 12:03:36.143 [INF] Microsoft.AspNetCore.Hosting.Diagnostics | Request finished HTTP/1.1 GET http://localhost:5217/hubs/salarysettings?id=98LJtgsU5Bss2Ums9x79sw&access_token=eyJhbGciOiJIUzI1NiIsInR5cCI6IkpXVCJ9.eyJuYW1laWQiOiIxOCIsInVuaXF1ZV9uYW1lIjoidmFzYW50aGFrdW1hciIsImVtYWlsIjoidmFzYW50aDIwMDR2a0BnbWFpbC5jb20iLCJyb2xlIjoiU3VwZXJBZG1pbiIsIk9yZ2FuaXphdGlvbklkIjoiMiIsIk9yZ2FuaXphdGlvbkxvZ28iOiIvdXBsb2Fkcy9vcmctbG9nb3Mvb3JnLWxvZ28tNTg3M2M0NzVkOTFkNGJiZDkwNDZkZWVjNjY3ZDEzNmMuanBnIiwibmJmIjoxNzc1NjI5OTc0LCJleHAiOjE3NzU3MTYzNzQsImlhdCI6MTc3NTYyOTk3NCwiaXNzIjoiUHJvRGVzWC1CYWNrZW5kIiwiYXVkIjoiUHJvRGVzWC1Gcm9udGVuZCJ9.igbT3pLpIiahwfTYCSUnLfgWrpW2xHWNEZnnwNqmD4o - 101 null null 1871.9428ms
2026-04-08 12:03:36.145 [INF] Microsoft.AspNetCore.Hosting.Diagnostics | Request starting HTTP/1.1 OPTIONS http://localhost:5217/api/SalaryYear/GetSalaryYearsByOrgId?orgId=2 - null null
2026-04-08 12:03:36.145 [INF] Microsoft.AspNetCore.Cors.Infrastructure.CorsService | CORS policy execution successful.
2026-04-08 12:03:36.146 [INF] Microsoft.AspNetCore.Hosting.Diagnostics | Request finished HTTP/1.1 OPTIONS http://localhost:5217/api/SalaryYear/GetSalaryYearsByOrgId?orgId=2 - 204 null null 0.3374ms
2026-04-08 12:03:36.147 [INF] Microsoft.AspNetCore.Hosting.Diagnostics | Request starting HTTP/1.1 GET http://localhost:5217/api/SalaryYear/GetSalaryYearsByOrgId?orgId=2 - application/json null
2026-04-08 12:03:36.147 [INF] Microsoft.AspNetCore.Cors.Infrastructure.CorsService | CORS policy execution successful.
2026-04-08 12:03:36.148 [INF] Microsoft.AspNetCore.Routing.EndpointMiddleware | Executing endpoint 'backend.Controllers.SalaryYearController.GetSalaryYearsByOrgId (backend)'
2026-04-08 12:03:36.148 [INF] Microsoft.AspNetCore.Mvc.Infrastructure.ControllerActionInvoker | Route matched with {action = "GetSalaryYearsByOrgId", controller = "SalaryYear"}. Executing controller action with signature System.Threading.Tasks.Task`1[Microsoft.AspNetCore.Mvc.IActionResult] GetSalaryYearsByOrgId(System.String) on controller backend.Controllers.SalaryYearController (backend).
2026-04-08 12:03:36.222 [INF] Microsoft.AspNetCore.Mvc.Infrastructure.ObjectResultExecutor | Executing OkObjectResult, writing value of type 'System.Collections.Generic.List`1[[backend.Models.SalaryYear, backend, Version=1.0.0.0, Culture=neutral, PublicKeyToken=null]]'.
2026-04-08 12:03:36.223 [INF] Microsoft.AspNetCore.Mvc.Infrastructure.ControllerActionInvoker | Executed action backend.Controllers.SalaryYearController.GetSalaryYearsByOrgId (backend) in 74.7302ms
2026-04-08 12:03:36.223 [INF] Microsoft.AspNetCore.Routing.EndpointMiddleware | Executed endpoint 'backend.Controllers.SalaryYearController.GetSalaryYearsByOrgId (backend)'
2026-04-08 12:03:36.223 [INF] Serilog.AspNetCore.RequestLoggingMiddleware | HTTP GET /api/SalaryYear/GetSalaryYearsByOrgId → 200 (75.0ms)
2026-04-08 12:03:36.223 [INF] Microsoft.AspNetCore.Hosting.Diagnostics | Request finished HTTP/1.1 GET http://localhost:5217/api/SalaryYear/GetSalaryYearsByOrgId?orgId=2 - 200 null application/json; charset=utf-8 75.7878ms
2026-04-08 12:03:36.268 [INF] Microsoft.AspNetCore.Hosting.Diagnostics | Request starting HTTP/1.1 OPTIONS http://localhost:5217/api/employees?organizationId=2 - null null
2026-04-08 12:03:36.269 [INF] Microsoft.AspNetCore.Cors.Infrastructure.CorsService | CORS policy execution successful.
2026-04-08 12:03:36.269 [INF] Microsoft.AspNetCore.Hosting.Diagnostics | Request finished HTTP/1.1 OPTIONS http://localhost:5217/api/employees?organizationId=2 - 204 null null 0.3157ms
2026-04-08 12:03:36.270 [INF] Microsoft.AspNetCore.Hosting.Diagnostics | Request starting HTTP/1.1 GET http://localhost:5217/api/employees?organizationId=2 - application/json null
2026-04-08 12:03:36.271 [INF] Microsoft.AspNetCore.Cors.Infrastructure.CorsService | CORS policy execution successful.
2026-04-08 12:03:36.271 [INF] Microsoft.AspNetCore.Routing.EndpointMiddleware | Executing endpoint 'backend.Controllers.EmployeesController.GetEmployees (backend)'
2026-04-08 12:03:36.271 [INF] Microsoft.AspNetCore.Mvc.Infrastructure.ControllerActionInvoker | Route matched with {action = "GetEmployees", controller = "Employees"}. Executing controller action with signature System.Threading.Tasks.Task`1[Microsoft.AspNetCore.Mvc.IActionResult] GetEmployees(System.Nullable`1[System.Int32]) on controller backend.Controllers.EmployeesController (backend).
2026-04-08 12:03:36.271 [INF] backend.Controllers.EmployeesController | [Employees] GET all | TargetOrgId=2 | UserOrgId=2
2026-04-08 12:03:36.377 [INF] Microsoft.AspNetCore.Mvc.Infrastructure.ObjectResultExecutor | Executing OkObjectResult, writing value of type 'System.Collections.Generic.List`1[[backend.Models.Employee, backend, Version=1.0.0.0, Culture=neutral, PublicKeyToken=null]]'.
2026-04-08 12:03:36.378 [INF] Microsoft.AspNetCore.Mvc.Infrastructure.ControllerActionInvoker | Executed action backend.Controllers.EmployeesController.GetEmployees (backend) in 106.6816ms
2026-04-08 12:03:36.378 [INF] Microsoft.AspNetCore.Routing.EndpointMiddleware | Executed endpoint 'backend.Controllers.EmployeesController.GetEmployees (backend)'
2026-04-08 12:03:36.378 [INF] Serilog.AspNetCore.RequestLoggingMiddleware | HTTP GET /api/employees → 200 (106.9ms)
2026-04-08 12:03:36.378 [INF] Microsoft.AspNetCore.Hosting.Diagnostics | Request finished HTTP/1.1 GET http://localhost:5217/api/employees?organizationId=2 - 200 null application/json; charset=utf-8 107.4503ms
2026-04-08 12:03:36.387 [INF] Microsoft.AspNetCore.Hosting.Diagnostics | Request starting HTTP/1.1 OPTIONS http://localhost:5217/api/SalarySettings/GetSalarySettings?orgId=2&salaryYearId=3 - null null
2026-04-08 12:03:36.387 [INF] Microsoft.AspNetCore.Cors.Infrastructure.CorsService | CORS policy execution successful.
2026-04-08 12:03:36.387 [INF] Microsoft.AspNetCore.Hosting.Diagnostics | Request finished HTTP/1.1 OPTIONS http://localhost:5217/api/SalarySettings/GetSalarySettings?orgId=2&salaryYearId=3 - 204 null null 0.3622ms
2026-04-08 12:03:36.388 [INF] Microsoft.AspNetCore.Hosting.Diagnostics | Request starting HTTP/1.1 GET http://localhost:5217/api/SalarySettings/GetSalarySettings?orgId=2&salaryYearId=3 - application/json null
2026-04-08 12:03:36.388 [INF] Microsoft.AspNetCore.Cors.Infrastructure.CorsService | CORS policy execution successful.
2026-04-08 12:03:36.389 [INF] Microsoft.AspNetCore.Routing.EndpointMiddleware | Executing endpoint 'backend.Controllers.SalarySettingsController.GetSalarySettings (backend)'
2026-04-08 12:03:36.389 [INF] Microsoft.AspNetCore.Mvc.Infrastructure.ControllerActionInvoker | Route matched with {action = "GetSalarySettings", controller = "SalarySettings"}. Executing controller action with signature System.Threading.Tasks.Task`1[Microsoft.AspNetCore.Mvc.IActionResult] GetSalarySettings(System.String, System.String) on controller backend.Controllers.SalarySettingsController (backend).
2026-04-08 12:03:36.402 [INF] Microsoft.AspNetCore.Mvc.Infrastructure.ObjectResultExecutor | Executing OkObjectResult, writing value of type 'System.Collections.Generic.List`1[[backend.Models.SalarySettings, backend, Version=1.0.0.0, Culture=neutral, PublicKeyToken=null]]'.
2026-04-08 12:03:36.402 [INF] Microsoft.AspNetCore.Mvc.Infrastructure.ControllerActionInvoker | Executed action backend.Controllers.SalarySettingsController.GetSalarySettings (backend) in 12.9453ms
2026-04-08 12:03:36.402 [INF] Microsoft.AspNetCore.Routing.EndpointMiddleware | Executed endpoint 'backend.Controllers.SalarySettingsController.GetSalarySettings (backend)'
2026-04-08 12:03:36.403 [INF] Serilog.AspNetCore.RequestLoggingMiddleware | HTTP GET /api/SalarySettings/GetSalarySettings → 200 (13.5ms)
2026-04-08 12:03:36.403 [INF] Microsoft.AspNetCore.Hosting.Diagnostics | Request finished HTTP/1.1 GET http://localhost:5217/api/SalarySettings/GetSalarySettings?orgId=2&salaryYearId=3 - 200 null application/json; charset=utf-8 14.2331ms
2026-04-08 12:03:36.543 [INF] Microsoft.AspNetCore.Hosting.Diagnostics | Request starting HTTP/1.1 OPTIONS http://localhost:5217/hubs/salarysettings/negotiate?negotiateVersion=1 - null null
2026-04-08 12:03:36.543 [INF] Microsoft.AspNetCore.Cors.Infrastructure.CorsService | CORS policy execution successful.
2026-04-08 12:03:36.543 [INF] Microsoft.AspNetCore.Hosting.Diagnostics | Request finished HTTP/1.1 OPTIONS http://localhost:5217/hubs/salarysettings/negotiate?negotiateVersion=1 - 204 null null 0.2769ms
2026-04-08 12:03:36.544 [INF] Microsoft.AspNetCore.Hosting.Diagnostics | Request starting HTTP/1.1 POST http://localhost:5217/hubs/salarysettings/negotiate?negotiateVersion=1 - text/plain;charset=UTF-8 0
2026-04-08 12:03:36.544 [INF] Microsoft.AspNetCore.Cors.Infrastructure.CorsService | CORS policy execution successful.
2026-04-08 12:03:36.545 [INF] Microsoft.AspNetCore.Routing.EndpointMiddleware | Executing endpoint '/hubs/salarysettings/negotiate'
2026-04-08 12:03:36.545 [INF] Microsoft.AspNetCore.Routing.EndpointMiddleware | Executed endpoint '/hubs/salarysettings/negotiate'
2026-04-08 12:03:36.545 [INF] Serilog.AspNetCore.RequestLoggingMiddleware | HTTP POST /hubs/salarysettings/negotiate → 200 (0.4ms)
2026-04-08 12:03:36.545 [INF] Microsoft.AspNetCore.Hosting.Diagnostics | Request finished HTTP/1.1 POST http://localhost:5217/hubs/salarysettings/negotiate?negotiateVersion=1 - 200 316 application/json 1.1386ms
2026-04-08 12:03:36.566 [INF] Microsoft.AspNetCore.Hosting.Diagnostics | Request starting HTTP/1.1 GET http://localhost:5217/hubs/salarysettings?id=bUfJQZ8jMsKSaUONY8ZFgA&access_token=eyJhbGciOiJIUzI1NiIsInR5cCI6IkpXVCJ9.eyJuYW1laWQiOiIxOCIsInVuaXF1ZV9uYW1lIjoidmFzYW50aGFrdW1hciIsImVtYWlsIjoidmFzYW50aDIwMDR2a0BnbWFpbC5jb20iLCJyb2xlIjoiU3VwZXJBZG1pbiIsIk9yZ2FuaXphdGlvbklkIjoiMiIsIk9yZ2FuaXphdGlvbkxvZ28iOiIvdXBsb2Fkcy9vcmctbG9nb3Mvb3JnLWxvZ28tNTg3M2M0NzVkOTFkNGJiZDkwNDZkZWVjNjY3ZDEzNmMuanBnIiwibmJmIjoxNzc1NjI5OTc0LCJleHAiOjE3NzU3MTYzNzQsImlhdCI6MTc3NTYyOTk3NCwiaXNzIjoiUHJvRGVzWC1CYWNrZW5kIiwiYXVkIjoiUHJvRGVzWC1Gcm9udGVuZCJ9.igbT3pLpIiahwfTYCSUnLfgWrpW2xHWNEZnnwNqmD4o - null null
2026-04-08 12:03:36.567 [INF] Microsoft.AspNetCore.Cors.Infrastructure.CorsService | CORS policy execution successful.
2026-04-08 12:03:36.567 [INF] Microsoft.AspNetCore.Routing.EndpointMiddleware | Executing endpoint '/hubs/salarysettings'
2026-04-08 12:04:02.729 [INF] Microsoft.AspNetCore.Hosting.Diagnostics | Request starting HTTP/1.1 OPTIONS http://localhost:5217/api/SalarySettings/SaveSalarySettings?orgId=2 - null null
2026-04-08 12:04:02.729 [INF] Microsoft.AspNetCore.Cors.Infrastructure.CorsService | CORS policy execution successful.
2026-04-08 12:04:02.729 [INF] Microsoft.AspNetCore.Hosting.Diagnostics | Request finished HTTP/1.1 OPTIONS http://localhost:5217/api/SalarySettings/SaveSalarySettings?orgId=2 - 204 null null 0.192ms
2026-04-08 12:04:02.730 [INF] Microsoft.AspNetCore.Hosting.Diagnostics | Request starting HTTP/1.1 POST http://localhost:5217/api/SalarySettings/SaveSalarySettings?orgId=2 - application/json 51
2026-04-08 12:04:02.730 [INF] Microsoft.AspNetCore.Cors.Infrastructure.CorsService | CORS policy execution successful.
2026-04-08 12:04:02.731 [INF] Microsoft.AspNetCore.Routing.EndpointMiddleware | Executing endpoint 'backend.Controllers.SalarySettingsController.SaveSalarySettings (backend)'
2026-04-08 12:04:02.746 [INF] Microsoft.AspNetCore.Mvc.Infrastructure.ControllerActionInvoker | Route matched with {action = "SaveSalarySettings", controller = "SalarySettings"}. Executing controller action with signature System.Threading.Tasks.Task`1[Microsoft.AspNetCore.Mvc.IActionResult] SaveSalarySettings(System.String, backend.Models.SalarySettings) on controller backend.Controllers.SalarySettingsController (backend).
2026-04-08 12:04:03.270 [INF] Microsoft.AspNetCore.Mvc.Infrastructure.ObjectResultExecutor | Executing OkObjectResult, writing value of type '<>f__AnonymousType1`1[[System.String, System.Private.CoreLib, Version=10.0.0.0, Culture=neutral, PublicKeyToken=7cec85d7bea7798e]]'.
2026-04-08 12:04:03.273 [INF] Microsoft.AspNetCore.Mvc.Infrastructure.ControllerActionInvoker | Executed action backend.Controllers.SalarySettingsController.SaveSalarySettings (backend) in 526.0949ms
2026-04-08 12:04:03.273 [INF] Microsoft.AspNetCore.Routing.EndpointMiddleware | Executed endpoint 'backend.Controllers.SalarySettingsController.SaveSalarySettings (backend)'
2026-04-08 12:04:03.273 [INF] Serilog.AspNetCore.RequestLoggingMiddleware | HTTP POST /api/SalarySettings/SaveSalarySettings → 200 (542.2ms)
2026-04-08 12:04:03.273 [INF] Microsoft.AspNetCore.Hosting.Diagnostics | Request finished HTTP/1.1 POST http://localhost:5217/api/SalarySettings/SaveSalarySettings?orgId=2 - 200 null application/json; charset=utf-8 542.7891ms
2026-04-08 12:04:03.286 [INF] Microsoft.AspNetCore.Hosting.Diagnostics | Request starting HTTP/1.1 OPTIONS http://localhost:5217/api/employees?organizationId=2 - null null
2026-04-08 12:04:03.286 [INF] Microsoft.AspNetCore.Cors.Infrastructure.CorsService | CORS policy execution successful.
2026-04-08 12:04:03.286 [INF] Microsoft.AspNetCore.Hosting.Diagnostics | Request finished HTTP/1.1 OPTIONS http://localhost:5217/api/employees?organizationId=2 - 204 null null 0.291ms
2026-04-08 12:04:03.288 [INF] Microsoft.AspNetCore.Hosting.Diagnostics | Request starting HTTP/1.1 GET http://localhost:5217/api/employees?organizationId=2 - application/json null
2026-04-08 12:04:03.288 [INF] Microsoft.AspNetCore.Cors.Infrastructure.CorsService | CORS policy execution successful.
2026-04-08 12:04:03.289 [INF] Microsoft.AspNetCore.Routing.EndpointMiddleware | Executing endpoint 'backend.Controllers.EmployeesController.GetEmployees (backend)'
2026-04-08 12:04:03.289 [INF] Microsoft.AspNetCore.Mvc.Infrastructure.ControllerActionInvoker | Route matched with {action = "GetEmployees", controller = "Employees"}. Executing controller action with signature System.Threading.Tasks.Task`1[Microsoft.AspNetCore.Mvc.IActionResult] GetEmployees(System.Nullable`1[System.Int32]) on controller backend.Controllers.EmployeesController (backend).
2026-04-08 12:04:03.290 [INF] backend.Controllers.EmployeesController | [Employees] GET all | TargetOrgId=2 | UserOrgId=2
2026-04-08 12:04:03.328 [INF] Microsoft.AspNetCore.Mvc.Infrastructure.ObjectResultExecutor | Executing OkObjectResult, writing value of type 'System.Collections.Generic.List`1[[backend.Models.Employee, backend, Version=1.0.0.0, Culture=neutral, PublicKeyToken=null]]'.
2026-04-08 12:04:03.329 [INF] Microsoft.AspNetCore.Mvc.Infrastructure.ControllerActionInvoker | Executed action backend.Controllers.EmployeesController.GetEmployees (backend) in 39.2946ms
2026-04-08 12:04:03.329 [INF] Microsoft.AspNetCore.Routing.EndpointMiddleware | Executed endpoint 'backend.Controllers.EmployeesController.GetEmployees (backend)'
2026-04-08 12:04:03.329 [INF] Serilog.AspNetCore.RequestLoggingMiddleware | HTTP GET /api/employees → 200 (39.6ms)
2026-04-08 12:04:03.329 [INF] Microsoft.AspNetCore.Hosting.Diagnostics | Request finished HTTP/1.1 GET http://localhost:5217/api/employees?organizationId=2 - 200 null application/json; charset=utf-8 40.6465ms
2026-04-08 12:04:03.477 [INF] Microsoft.AspNetCore.Hosting.Diagnostics | Request starting HTTP/1.1 OPTIONS http://localhost:5217/api/SalarySettings/GetSalarySettings?orgId=2&salaryYearId=3 - null null
2026-04-08 12:04:03.477 [INF] Microsoft.AspNetCore.Cors.Infrastructure.CorsService | CORS policy execution successful.
2026-04-08 12:04:03.478 [INF] Microsoft.AspNetCore.Hosting.Diagnostics | Request finished HTTP/1.1 OPTIONS http://localhost:5217/api/SalarySettings/GetSalarySettings?orgId=2&salaryYearId=3 - 204 null null 0.2682ms
2026-04-08 12:04:03.479 [INF] Microsoft.AspNetCore.Hosting.Diagnostics | Request starting HTTP/1.1 GET http://localhost:5217/api/SalarySettings/GetSalarySettings?orgId=2&salaryYearId=3 - application/json null
2026-04-08 12:04:03.479 [INF] Microsoft.AspNetCore.Cors.Infrastructure.CorsService | CORS policy execution successful.
2026-04-08 12:04:03.480 [INF] Microsoft.AspNetCore.Routing.EndpointMiddleware | Executing endpoint 'backend.Controllers.SalarySettingsController.GetSalarySettings (backend)'
2026-04-08 12:04:03.480 [INF] Microsoft.AspNetCore.Mvc.Infrastructure.ControllerActionInvoker | Route matched with {action = "GetSalarySettings", controller = "SalarySettings"}. Executing controller action with signature System.Threading.Tasks.Task`1[Microsoft.AspNetCore.Mvc.IActionResult] GetSalarySettings(System.String, System.String) on controller backend.Controllers.SalarySettingsController (backend).
2026-04-08 12:04:03.530 [INF] Microsoft.AspNetCore.Mvc.Infrastructure.ObjectResultExecutor | Executing OkObjectResult, writing value of type 'System.Collections.Generic.List`1[[backend.Models.SalarySettings, backend, Version=1.0.0.0, Culture=neutral, PublicKeyToken=null]]'.
2026-04-08 12:04:03.530 [INF] Microsoft.AspNetCore.Mvc.Infrastructure.ControllerActionInvoker | Executed action backend.Controllers.SalarySettingsController.GetSalarySettings (backend) in 50.1881ms
2026-04-08 12:04:03.530 [INF] Microsoft.AspNetCore.Routing.EndpointMiddleware | Executed endpoint 'backend.Controllers.SalarySettingsController.GetSalarySettings (backend)'
2026-04-08 12:04:03.530 [INF] Serilog.AspNetCore.RequestLoggingMiddleware | HTTP GET /api/SalarySettings/GetSalarySettings → 200 (50.5ms)
2026-04-08 12:04:03.530 [INF] Microsoft.AspNetCore.Hosting.Diagnostics | Request finished HTTP/1.1 GET http://localhost:5217/api/SalarySettings/GetSalarySettings?orgId=2&salaryYearId=3 - 200 null application/json; charset=utf-8 51.179ms
2026-04-08 12:07:53.087 [INF] Microsoft.AspNetCore.Hosting.Diagnostics | Request starting HTTP/1.1 OPTIONS http://localhost:5217/api/SalarySettings/UpdateSalarySettings?orgId=2 - null null
2026-04-08 12:07:53.087 [INF] Microsoft.AspNetCore.Cors.Infrastructure.CorsService | CORS policy execution successful.
2026-04-08 12:07:53.087 [INF] Microsoft.AspNetCore.Hosting.Diagnostics | Request finished HTTP/1.1 OPTIONS http://localhost:5217/api/SalarySettings/UpdateSalarySettings?orgId=2 - 204 null null 0.2411ms
2026-04-08 12:07:53.089 [INF] Microsoft.AspNetCore.Hosting.Diagnostics | Request starting HTTP/1.1 PUT http://localhost:5217/api/SalarySettings/UpdateSalarySettings?orgId=2 - application/json 60
2026-04-08 12:07:53.089 [INF] Microsoft.AspNetCore.Cors.Infrastructure.CorsService | CORS policy execution successful.
2026-04-08 12:07:53.090 [INF] Microsoft.AspNetCore.Routing.EndpointMiddleware | Executing endpoint 'backend.Controllers.SalarySettingsController.UpdateSalarySettings (backend)'
2026-04-08 12:07:53.102 [INF] Microsoft.AspNetCore.Mvc.Infrastructure.ControllerActionInvoker | Route matched with {action = "UpdateSalarySettings", controller = "SalarySettings"}. Executing controller action with signature System.Threading.Tasks.Task`1[Microsoft.AspNetCore.Mvc.IActionResult] UpdateSalarySettings(System.String, backend.Models.SalarySettings) on controller backend.Controllers.SalarySettingsController (backend).
2026-04-08 12:07:53.236 [INF] Microsoft.AspNetCore.Mvc.Infrastructure.ObjectResultExecutor | Executing OkObjectResult, writing value of type '<>f__AnonymousType1`1[[System.String, System.Private.CoreLib, Version=10.0.0.0, Culture=neutral, PublicKeyToken=7cec85d7bea7798e]]'.
2026-04-08 12:07:53.237 [INF] Microsoft.AspNetCore.Mvc.Infrastructure.ControllerActionInvoker | Executed action backend.Controllers.SalarySettingsController.UpdateSalarySettings (backend) in 134.8288ms
2026-04-08 12:07:53.237 [INF] Microsoft.AspNetCore.Routing.EndpointMiddleware | Executed endpoint 'backend.Controllers.SalarySettingsController.UpdateSalarySettings (backend)'
2026-04-08 12:07:53.237 [INF] Serilog.AspNetCore.RequestLoggingMiddleware | HTTP PUT /api/SalarySettings/UpdateSalarySettings → 200 (147.0ms)
2026-04-08 12:07:53.237 [INF] Microsoft.AspNetCore.Hosting.Diagnostics | Request finished HTTP/1.1 PUT http://localhost:5217/api/SalarySettings/UpdateSalarySettings?orgId=2 - 200 null application/json; charset=utf-8 147.7974ms
2026-04-08 12:07:53.250 [INF] Microsoft.AspNetCore.Hosting.Diagnostics | Request starting HTTP/1.1 OPTIONS http://localhost:5217/api/employees?organizationId=2 - null null
2026-04-08 12:07:53.250 [INF] Microsoft.AspNetCore.Cors.Infrastructure.CorsService | CORS policy execution successful.
2026-04-08 12:07:53.250 [INF] Microsoft.AspNetCore.Hosting.Diagnostics | Request finished HTTP/1.1 OPTIONS http://localhost:5217/api/employees?organizationId=2 - 204 null null 0.3116ms
2026-04-08 12:07:53.252 [INF] Microsoft.AspNetCore.Hosting.Diagnostics | Request starting HTTP/1.1 GET http://localhost:5217/api/employees?organizationId=2 - application/json null
2026-04-08 12:07:53.252 [INF] Microsoft.AspNetCore.Cors.Infrastructure.CorsService | CORS policy execution successful.
2026-04-08 12:07:53.253 [INF] Microsoft.AspNetCore.Routing.EndpointMiddleware | Executing endpoint 'backend.Controllers.EmployeesController.GetEmployees (backend)'
2026-04-08 12:07:53.253 [INF] Microsoft.AspNetCore.Mvc.Infrastructure.ControllerActionInvoker | Route matched with {action = "GetEmployees", controller = "Employees"}. Executing controller action with signature System.Threading.Tasks.Task`1[Microsoft.AspNetCore.Mvc.IActionResult] GetEmployees(System.Nullable`1[System.Int32]) on controller backend.Controllers.EmployeesController (backend).
2026-04-08 12:07:53.253 [INF] backend.Controllers.EmployeesController | [Employees] GET all | TargetOrgId=2 | UserOrgId=2
2026-04-08 12:07:53.269 [INF] Microsoft.AspNetCore.Mvc.Infrastructure.ObjectResultExecutor | Executing OkObjectResult, writing value of type 'System.Collections.Generic.List`1[[backend.Models.Employee, backend, Version=1.0.0.0, Culture=neutral, PublicKeyToken=null]]'.
2026-04-08 12:07:53.269 [INF] Microsoft.AspNetCore.Mvc.Infrastructure.ControllerActionInvoker | Executed action backend.Controllers.EmployeesController.GetEmployees (backend) in 16.5295ms
2026-04-08 12:07:53.269 [INF] Microsoft.AspNetCore.Routing.EndpointMiddleware | Executed endpoint 'backend.Controllers.EmployeesController.GetEmployees (backend)'
2026-04-08 12:07:53.269 [INF] Serilog.AspNetCore.RequestLoggingMiddleware | HTTP GET /api/employees → 200 (16.8ms)
2026-04-08 12:07:53.269 [INF] Microsoft.AspNetCore.Hosting.Diagnostics | Request finished HTTP/1.1 GET http://localhost:5217/api/employees?organizationId=2 - 200 null application/json; charset=utf-8 17.4472ms
2026-04-08 12:07:53.420 [INF] Microsoft.AspNetCore.Hosting.Diagnostics | Request starting HTTP/1.1 OPTIONS http://localhost:5217/api/SalarySettings/GetSalarySettings?orgId=2&salaryYearId=3 - null null
2026-04-08 12:07:53.420 [INF] Microsoft.AspNetCore.Cors.Infrastructure.CorsService | CORS policy execution successful.
2026-04-08 12:07:53.420 [INF] Microsoft.AspNetCore.Hosting.Diagnostics | Request finished HTTP/1.1 OPTIONS http://localhost:5217/api/SalarySettings/GetSalarySettings?orgId=2&salaryYearId=3 - 204 null null 0.2271ms
2026-04-08 12:07:53.421 [INF] Microsoft.AspNetCore.Hosting.Diagnostics | Request starting HTTP/1.1 GET http://localhost:5217/api/SalarySettings/GetSalarySettings?orgId=2&salaryYearId=3 - application/json null
2026-04-08 12:07:53.421 [INF] Microsoft.AspNetCore.Cors.Infrastructure.CorsService | CORS policy execution successful.
2026-04-08 12:07:53.422 [INF] Microsoft.AspNetCore.Routing.EndpointMiddleware | Executing endpoint 'backend.Controllers.SalarySettingsController.GetSalarySettings (backend)'
2026-04-08 12:07:53.422 [INF] Microsoft.AspNetCore.Mvc.Infrastructure.ControllerActionInvoker | Route matched with {action = "GetSalarySettings", controller = "SalarySettings"}. Executing controller action with signature System.Threading.Tasks.Task`1[Microsoft.AspNetCore.Mvc.IActionResult] GetSalarySettings(System.String, System.String) on controller backend.Controllers.SalarySettingsController (backend).
2026-04-08 12:07:53.442 [INF] Microsoft.AspNetCore.Mvc.Infrastructure.ObjectResultExecutor | Executing OkObjectResult, writing value of type 'System.Collections.Generic.List`1[[backend.Models.SalarySettings, backend, Version=1.0.0.0, Culture=neutral, PublicKeyToken=null]]'.
2026-04-08 12:07:53.442 [INF] Microsoft.AspNetCore.Mvc.Infrastructure.ControllerActionInvoker | Executed action backend.Controllers.SalarySettingsController.GetSalarySettings (backend) in 19.5881ms
2026-04-08 12:07:53.442 [INF] Microsoft.AspNetCore.Routing.EndpointMiddleware | Executed endpoint 'backend.Controllers.SalarySettingsController.GetSalarySettings (backend)'
2026-04-08 12:07:53.442 [INF] Serilog.AspNetCore.RequestLoggingMiddleware | HTTP GET /api/SalarySettings/GetSalarySettings → 200 (19.9ms)
2026-04-08 12:07:53.442 [INF] Microsoft.AspNetCore.Hosting.Diagnostics | Request finished HTTP/1.1 GET http://localhost:5217/api/SalarySettings/GetSalarySettings?orgId=2&salaryYearId=3 - 200 null application/json; charset=utf-8 20.7504ms
2026-04-08 12:08:04.462 [INF] Microsoft.AspNetCore.Routing.EndpointMiddleware | Executed endpoint '/hubs/salarysettings'
2026-04-08 12:08:04.462 [INF] Serilog.AspNetCore.RequestLoggingMiddleware | HTTP GET /hubs/salarysettings → 101 (267894.9ms)
2026-04-08 12:08:04.462 [INF] Microsoft.AspNetCore.Hosting.Diagnostics | Request finished HTTP/1.1 GET http://localhost:5217/hubs/salarysettings?id=bUfJQZ8jMsKSaUONY8ZFgA&access_token=eyJhbGciOiJIUzI1NiIsInR5cCI6IkpXVCJ9.eyJuYW1laWQiOiIxOCIsInVuaXF1ZV9uYW1lIjoidmFzYW50aGFrdW1hciIsImVtYWlsIjoidmFzYW50aDIwMDR2a0BnbWFpbC5jb20iLCJyb2xlIjoiU3VwZXJBZG1pbiIsIk9yZ2FuaXphdGlvbklkIjoiMiIsIk9yZ2FuaXphdGlvbkxvZ28iOiIvdXBsb2Fkcy9vcmctbG9nb3Mvb3JnLWxvZ28tNTg3M2M0NzVkOTFkNGJiZDkwNDZkZWVjNjY3ZDEzNmMuanBnIiwibmJmIjoxNzc1NjI5OTc0LCJleHAiOjE3NzU3MTYzNzQsImlhdCI6MTc3NTYyOTk3NCwiaXNzIjoiUHJvRGVzWC1CYWNrZW5kIiwiYXVkIjoiUHJvRGVzWC1Gcm9udGVuZCJ9.igbT3pLpIiahwfTYCSUnLfgWrpW2xHWNEZnnwNqmD4o - 101 null null 267895.978ms
2026-04-08 12:08:04.464 [INF] Microsoft.AspNetCore.Hosting.Diagnostics | Request starting HTTP/1.1 OPTIONS http://localhost:5217/api/SalaryYear/GetSalaryYearsByOrgId?orgId=1 - null null
2026-04-08 12:08:04.464 [INF] Microsoft.AspNetCore.Cors.Infrastructure.CorsService | CORS policy execution successful.
2026-04-08 12:08:04.464 [INF] Microsoft.AspNetCore.Hosting.Diagnostics | Request finished HTTP/1.1 OPTIONS http://localhost:5217/api/SalaryYear/GetSalaryYearsByOrgId?orgId=1 - 204 null null 0.1455ms
2026-04-08 12:08:04.465 [INF] Microsoft.AspNetCore.Hosting.Diagnostics | Request starting HTTP/1.1 GET http://localhost:5217/api/SalaryYear/GetSalaryYearsByOrgId?orgId=1 - application/json null
2026-04-08 12:08:04.465 [INF] Microsoft.AspNetCore.Cors.Infrastructure.CorsService | CORS policy execution successful.
2026-04-08 12:08:04.465 [INF] Microsoft.AspNetCore.Routing.EndpointMiddleware | Executing endpoint 'backend.Controllers.SalaryYearController.GetSalaryYearsByOrgId (backend)'
2026-04-08 12:08:04.465 [INF] Microsoft.AspNetCore.Mvc.Infrastructure.ControllerActionInvoker | Route matched with {action = "GetSalaryYearsByOrgId", controller = "SalaryYear"}. Executing controller action with signature System.Threading.Tasks.Task`1[Microsoft.AspNetCore.Mvc.IActionResult] GetSalaryYearsByOrgId(System.String) on controller backend.Controllers.SalaryYearController (backend).
2026-04-08 12:08:04.478 [INF] Microsoft.AspNetCore.Mvc.Infrastructure.ObjectResultExecutor | Executing OkObjectResult, writing value of type 'System.Collections.Generic.List`1[[backend.Models.SalaryYear, backend, Version=1.0.0.0, Culture=neutral, PublicKeyToken=null]]'.
2026-04-08 12:08:04.478 [INF] Microsoft.AspNetCore.Mvc.Infrastructure.ControllerActionInvoker | Executed action backend.Controllers.SalaryYearController.GetSalaryYearsByOrgId (backend) in 12.6768ms
2026-04-08 12:08:04.478 [INF] Microsoft.AspNetCore.Routing.EndpointMiddleware | Executed endpoint 'backend.Controllers.SalaryYearController.GetSalaryYearsByOrgId (backend)'
2026-04-08 12:08:04.478 [INF] Serilog.AspNetCore.RequestLoggingMiddleware | HTTP GET /api/SalaryYear/GetSalaryYearsByOrgId → 200 (12.9ms)
2026-04-08 12:08:04.478 [INF] Microsoft.AspNetCore.Hosting.Diagnostics | Request finished HTTP/1.1 GET http://localhost:5217/api/SalaryYear/GetSalaryYearsByOrgId?orgId=1 - 200 null application/json; charset=utf-8 13.4878ms
2026-04-08 12:08:04.545 [INF] Microsoft.AspNetCore.Hosting.Diagnostics | Request starting HTTP/1.1 OPTIONS http://localhost:5217/api/employees?organizationId=1 - null null
2026-04-08 12:08:04.545 [INF] Microsoft.AspNetCore.Cors.Infrastructure.CorsService | CORS policy execution successful.
2026-04-08 12:08:04.545 [INF] Microsoft.AspNetCore.Hosting.Diagnostics | Request finished HTTP/1.1 OPTIONS http://localhost:5217/api/employees?organizationId=1 - 204 null null 0.2098ms
2026-04-08 12:08:04.546 [INF] Microsoft.AspNetCore.Hosting.Diagnostics | Request starting HTTP/1.1 GET http://localhost:5217/api/employees?organizationId=1 - application/json null
2026-04-08 12:08:04.546 [INF] Microsoft.AspNetCore.Cors.Infrastructure.CorsService | CORS policy execution successful.
2026-04-08 12:08:04.547 [INF] Microsoft.AspNetCore.Routing.EndpointMiddleware | Executing endpoint 'backend.Controllers.EmployeesController.GetEmployees (backend)'
2026-04-08 12:08:04.547 [INF] Microsoft.AspNetCore.Mvc.Infrastructure.ControllerActionInvoker | Route matched with {action = "GetEmployees", controller = "Employees"}. Executing controller action with signature System.Threading.Tasks.Task`1[Microsoft.AspNetCore.Mvc.IActionResult] GetEmployees(System.Nullable`1[System.Int32]) on controller backend.Controllers.EmployeesController (backend).
2026-04-08 12:08:04.548 [INF] backend.Controllers.EmployeesController | [Employees] GET all | TargetOrgId=1 | UserOrgId=2
2026-04-08 12:08:04.822 [INF] Microsoft.AspNetCore.Mvc.Infrastructure.ObjectResultExecutor | Executing OkObjectResult, writing value of type 'System.Collections.Generic.List`1[[backend.Models.Employee, backend, Version=1.0.0.0, Culture=neutral, PublicKeyToken=null]]'.
2026-04-08 12:08:04.822 [INF] Microsoft.AspNetCore.Mvc.Infrastructure.ControllerActionInvoker | Executed action backend.Controllers.EmployeesController.GetEmployees (backend) in 275.0647ms
2026-04-08 12:08:04.822 [INF] Microsoft.AspNetCore.Routing.EndpointMiddleware | Executed endpoint 'backend.Controllers.EmployeesController.GetEmployees (backend)'
2026-04-08 12:08:04.822 [INF] Serilog.AspNetCore.RequestLoggingMiddleware | HTTP GET /api/employees → 200 (275.3ms)
2026-04-08 12:08:04.823 [INF] Microsoft.AspNetCore.Hosting.Diagnostics | Request finished HTTP/1.1 GET http://localhost:5217/api/employees?organizationId=1 - 200 null application/json; charset=utf-8 276.1763ms
2026-04-08 12:08:04.828 [INF] Microsoft.AspNetCore.Hosting.Diagnostics | Request starting HTTP/1.1 OPTIONS http://localhost:5217/api/SalarySettings/GetSalarySettings?orgId=1&salaryYearId=3 - null null
2026-04-08 12:08:04.828 [INF] Microsoft.AspNetCore.Cors.Infrastructure.CorsService | CORS policy execution successful.
2026-04-08 12:08:04.828 [INF] Microsoft.AspNetCore.Hosting.Diagnostics | Request finished HTTP/1.1 OPTIONS http://localhost:5217/api/SalarySettings/GetSalarySettings?orgId=1&salaryYearId=3 - 204 null null 0.1933ms
2026-04-08 12:08:04.829 [INF] Microsoft.AspNetCore.Hosting.Diagnostics | Request starting HTTP/1.1 GET http://localhost:5217/api/SalarySettings/GetSalarySettings?orgId=1&salaryYearId=3 - application/json null
2026-04-08 12:08:04.829 [INF] Microsoft.AspNetCore.Cors.Infrastructure.CorsService | CORS policy execution successful.
2026-04-08 12:08:04.830 [INF] Microsoft.AspNetCore.Routing.EndpointMiddleware | Executing endpoint 'backend.Controllers.SalarySettingsController.GetSalarySettings (backend)'
2026-04-08 12:08:04.830 [INF] Microsoft.AspNetCore.Mvc.Infrastructure.ControllerActionInvoker | Route matched with {action = "GetSalarySettings", controller = "SalarySettings"}. Executing controller action with signature System.Threading.Tasks.Task`1[Microsoft.AspNetCore.Mvc.IActionResult] GetSalarySettings(System.String, System.String) on controller backend.Controllers.SalarySettingsController (backend).
2026-04-08 12:08:04.845 [INF] Microsoft.AspNetCore.Mvc.Infrastructure.ObjectResultExecutor | Executing OkObjectResult, writing value of type 'System.Collections.Generic.List`1[[backend.Models.SalarySettings, backend, Version=1.0.0.0, Culture=neutral, PublicKeyToken=null]]'.
2026-04-08 12:08:04.845 [INF] Microsoft.AspNetCore.Mvc.Infrastructure.ControllerActionInvoker | Executed action backend.Controllers.SalarySettingsController.GetSalarySettings (backend) in 15.8024ms
2026-04-08 12:08:04.846 [INF] Microsoft.AspNetCore.Routing.EndpointMiddleware | Executed endpoint 'backend.Controllers.SalarySettingsController.GetSalarySettings (backend)'
2026-04-08 12:08:04.846 [INF] Serilog.AspNetCore.RequestLoggingMiddleware | HTTP GET /api/SalarySettings/GetSalarySettings → 200 (16.1ms)
2026-04-08 12:08:04.846 [INF] Microsoft.AspNetCore.Hosting.Diagnostics | Request finished HTTP/1.1 GET http://localhost:5217/api/SalarySettings/GetSalarySettings?orgId=1&salaryYearId=3 - 200 null application/json; charset=utf-8 16.7523ms
2026-04-08 12:08:04.855 [INF] Microsoft.AspNetCore.Hosting.Diagnostics | Request starting HTTP/1.1 OPTIONS http://localhost:5217/hubs/salarysettings/negotiate?negotiateVersion=1 - null null
2026-04-08 12:08:04.855 [INF] Microsoft.AspNetCore.Cors.Infrastructure.CorsService | CORS policy execution successful.
2026-04-08 12:08:04.856 [INF] Microsoft.AspNetCore.Hosting.Diagnostics | Request finished HTTP/1.1 OPTIONS http://localhost:5217/hubs/salarysettings/negotiate?negotiateVersion=1 - 204 null null 0.2956ms
2026-04-08 12:08:04.857 [INF] Microsoft.AspNetCore.Hosting.Diagnostics | Request starting HTTP/1.1 POST http://localhost:5217/hubs/salarysettings/negotiate?negotiateVersion=1 - text/plain;charset=UTF-8 0
2026-04-08 12:08:04.857 [INF] Microsoft.AspNetCore.Cors.Infrastructure.CorsService | CORS policy execution successful.
2026-04-08 12:08:04.858 [INF] Microsoft.AspNetCore.Routing.EndpointMiddleware | Executing endpoint '/hubs/salarysettings/negotiate'
2026-04-08 12:08:04.858 [INF] Microsoft.AspNetCore.Routing.EndpointMiddleware | Executed endpoint '/hubs/salarysettings/negotiate'
2026-04-08 12:08:04.858 [INF] Serilog.AspNetCore.RequestLoggingMiddleware | HTTP POST /hubs/salarysettings/negotiate → 200 (0.3ms)
2026-04-08 12:08:04.858 [INF] Microsoft.AspNetCore.Hosting.Diagnostics | Request finished HTTP/1.1 POST http://localhost:5217/hubs/salarysettings/negotiate?negotiateVersion=1 - 200 316 application/json 1.082ms
2026-04-08 12:08:04.873 [INF] Microsoft.AspNetCore.Hosting.Diagnostics | Request starting HTTP/1.1 GET http://localhost:5217/hubs/salarysettings?id=WHG6r6vq1eUudoVHYfgCWw&access_token=eyJhbGciOiJIUzI1NiIsInR5cCI6IkpXVCJ9.eyJuYW1laWQiOiIxOCIsInVuaXF1ZV9uYW1lIjoidmFzYW50aGFrdW1hciIsImVtYWlsIjoidmFzYW50aDIwMDR2a0BnbWFpbC5jb20iLCJyb2xlIjoiU3VwZXJBZG1pbiIsIk9yZ2FuaXphdGlvbklkIjoiMiIsIk9yZ2FuaXphdGlvbkxvZ28iOiIvdXBsb2Fkcy9vcmctbG9nb3Mvb3JnLWxvZ28tNTg3M2M0NzVkOTFkNGJiZDkwNDZkZWVjNjY3ZDEzNmMuanBnIiwibmJmIjoxNzc1NjI5OTc0LCJleHAiOjE3NzU3MTYzNzQsImlhdCI6MTc3NTYyOTk3NCwiaXNzIjoiUHJvRGVzWC1CYWNrZW5kIiwiYXVkIjoiUHJvRGVzWC1Gcm9udGVuZCJ9.igbT3pLpIiahwfTYCSUnLfgWrpW2xHWNEZnnwNqmD4o - null null
2026-04-08 12:08:04.874 [INF] Microsoft.AspNetCore.Cors.Infrastructure.CorsService | CORS policy execution successful.
2026-04-08 12:08:04.874 [INF] Microsoft.AspNetCore.Routing.EndpointMiddleware | Executing endpoint '/hubs/salarysettings'
2026-04-08 12:08:11.734 [INF] Microsoft.AspNetCore.Routing.EndpointMiddleware | Executed endpoint '/hubs/salarysettings'
2026-04-08 12:08:11.734 [INF] Serilog.AspNetCore.RequestLoggingMiddleware | HTTP GET /hubs/salarysettings → 101 (6860.3ms)
2026-04-08 12:08:11.734 [INF] Microsoft.AspNetCore.Hosting.Diagnostics | Request finished HTTP/1.1 GET http://localhost:5217/hubs/salarysettings?id=WHG6r6vq1eUudoVHYfgCWw&access_token=eyJhbGciOiJIUzI1NiIsInR5cCI6IkpXVCJ9.eyJuYW1laWQiOiIxOCIsInVuaXF1ZV9uYW1lIjoidmFzYW50aGFrdW1hciIsImVtYWlsIjoidmFzYW50aDIwMDR2a0BnbWFpbC5jb20iLCJyb2xlIjoiU3VwZXJBZG1pbiIsIk9yZ2FuaXphdGlvbklkIjoiMiIsIk9yZ2FuaXphdGlvbkxvZ28iOiIvdXBsb2Fkcy9vcmctbG9nb3Mvb3JnLWxvZ28tNTg3M2M0NzVkOTFkNGJiZDkwNDZkZWVjNjY3ZDEzNmMuanBnIiwibmJmIjoxNzc1NjI5OTc0LCJleHAiOjE3NzU3MTYzNzQsImlhdCI6MTc3NTYyOTk3NCwiaXNzIjoiUHJvRGVzWC1CYWNrZW5kIiwiYXVkIjoiUHJvRGVzWC1Gcm9udGVuZCJ9.igbT3pLpIiahwfTYCSUnLfgWrpW2xHWNEZnnwNqmD4o - 101 null null 6861.0002ms
2026-04-08 12:08:18.878 [INF] Microsoft.AspNetCore.Hosting.Diagnostics | Request starting HTTP/1.1 OPTIONS http://localhost:5217/api/users/organizations - null null
2026-04-08 12:08:18.878 [INF] Microsoft.AspNetCore.Cors.Infrastructure.CorsService | CORS policy execution successful.
2026-04-08 12:08:18.878 [INF] Microsoft.AspNetCore.Hosting.Diagnostics | Request finished HTTP/1.1 OPTIONS http://localhost:5217/api/users/organizations - 204 null null 0.1507ms
2026-04-08 12:08:18.879 [INF] Microsoft.AspNetCore.Hosting.Diagnostics | Request starting HTTP/1.1 GET http://localhost:5217/api/users/organizations - null null
2026-04-08 12:08:18.879 [INF] Microsoft.AspNetCore.Cors.Infrastructure.CorsService | CORS policy execution successful.
2026-04-08 12:08:18.880 [INF] Microsoft.AspNetCore.Routing.EndpointMiddleware | Executing endpoint 'backend.Controllers.UsersController.GetOrganizations (backend)'
2026-04-08 12:08:18.880 [INF] Microsoft.AspNetCore.Mvc.Infrastructure.ControllerActionInvoker | Route matched with {action = "GetOrganizations", controller = "Users"}. Executing controller action with signature System.Threading.Tasks.Task`1[Microsoft.AspNetCore.Mvc.IActionResult] GetOrganizations() on controller backend.Controllers.UsersController (backend).
2026-04-08 12:08:18.880 [INF] backend.Controllers.UsersController | [Users] GET organizations | Role=SuperAdmin | UserId=18
2026-04-08 12:08:19.012 [INF] Microsoft.AspNetCore.Mvc.Infrastructure.ObjectResultExecutor | Executing OkObjectResult, writing value of type 'System.Collections.Generic.List`1[[backend.Models.Organization, backend, Version=1.0.0.0, Culture=neutral, PublicKeyToken=null]]'.
2026-04-08 12:08:19.012 [INF] Microsoft.AspNetCore.Mvc.Infrastructure.ControllerActionInvoker | Executed action backend.Controllers.UsersController.GetOrganizations (backend) in 132.0595ms
2026-04-08 12:08:19.012 [INF] Microsoft.AspNetCore.Routing.EndpointMiddleware | Executed endpoint 'backend.Controllers.UsersController.GetOrganizations (backend)'
2026-04-08 12:08:19.012 [INF] Serilog.AspNetCore.RequestLoggingMiddleware | HTTP GET /api/users/organizations → 200 (132.3ms)
2026-04-08 12:08:19.012 [INF] Microsoft.AspNetCore.Hosting.Diagnostics | Request finished HTTP/1.1 GET http://localhost:5217/api/users/organizations - 200 null application/json; charset=utf-8 132.7287ms
2026-04-08 12:08:19.542 [INF] Microsoft.AspNetCore.Hosting.Diagnostics | Request starting HTTP/1.1 OPTIONS http://localhost:5217/api/organizations - null null
2026-04-08 12:08:19.542 [INF] Microsoft.AspNetCore.Cors.Infrastructure.CorsService | CORS policy execution successful.
2026-04-08 12:08:19.543 [INF] Microsoft.AspNetCore.Hosting.Diagnostics | Request finished HTTP/1.1 OPTIONS http://localhost:5217/api/organizations - 204 null null 0.1627ms
2026-04-08 12:08:19.544 [INF] Microsoft.AspNetCore.Hosting.Diagnostics | Request starting HTTP/1.1 GET http://localhost:5217/api/organizations - application/json null
2026-04-08 12:08:19.544 [INF] Microsoft.AspNetCore.Cors.Infrastructure.CorsService | CORS policy execution successful.
2026-04-08 12:08:19.544 [INF] Microsoft.AspNetCore.Routing.EndpointMiddleware | Executing endpoint 'backend.Controllers.OrganizationsController.GetOrganizations (backend)'
2026-04-08 12:08:19.544 [INF] Microsoft.AspNetCore.Mvc.Infrastructure.ControllerActionInvoker | Route matched with {action = "GetOrganizations", controller = "Organizations"}. Executing controller action with signature System.Threading.Tasks.Task`1[Microsoft.AspNetCore.Mvc.IActionResult] GetOrganizations() on controller backend.Controllers.OrganizationsController (backend).
2026-04-08 12:08:19.544 [INF] backend.Controllers.OrganizationsController | [Orgs] GET all requested | Role=SuperAdmin | UserId=18
2026-04-08 12:08:19.584 [INF] Microsoft.AspNetCore.Mvc.Infrastructure.ObjectResultExecutor | Executing OkObjectResult, writing value of type 'System.Collections.Generic.List`1[[backend.Models.Organization, backend, Version=1.0.0.0, Culture=neutral, PublicKeyToken=null]]'.
2026-04-08 12:08:19.584 [INF] Microsoft.AspNetCore.Mvc.Infrastructure.ControllerActionInvoker | Executed action backend.Controllers.OrganizationsController.GetOrganizations (backend) in 39.3819ms
2026-04-08 12:08:19.584 [INF] Microsoft.AspNetCore.Routing.EndpointMiddleware | Executed endpoint 'backend.Controllers.OrganizationsController.GetOrganizations (backend)'
2026-04-08 12:08:19.584 [INF] Serilog.AspNetCore.RequestLoggingMiddleware | HTTP GET /api/organizations → 200 (39.6ms)
2026-04-08 12:08:19.584 [INF] Microsoft.AspNetCore.Hosting.Diagnostics | Request finished HTTP/1.1 GET http://localhost:5217/api/organizations - 200 null application/json; charset=utf-8 40.0189ms
2026-04-08 12:08:19.697 [INF] Microsoft.AspNetCore.Hosting.Diagnostics | Request starting HTTP/1.1 OPTIONS http://localhost:5217/api/leads - null null
2026-04-08 12:08:19.697 [INF] Microsoft.AspNetCore.Cors.Infrastructure.CorsService | CORS policy execution successful.
2026-04-08 12:08:19.697 [INF] Microsoft.AspNetCore.Hosting.Diagnostics | Request finished HTTP/1.1 OPTIONS http://localhost:5217/api/leads - 204 null null 0.1915ms
2026-04-08 12:08:19.700 [INF] Microsoft.AspNetCore.Hosting.Diagnostics | Request starting HTTP/1.1 GET http://localhost:5217/api/leads - application/json null
2026-04-08 12:08:19.700 [INF] Microsoft.AspNetCore.Cors.Infrastructure.CorsService | CORS policy execution successful.
2026-04-08 12:08:19.700 [INF] Microsoft.AspNetCore.Routing.EndpointMiddleware | Executing endpoint 'backend.Controllers.LeadsController.GetLeads (backend)'
2026-04-08 12:08:19.701 [INF] Microsoft.AspNetCore.Mvc.Infrastructure.ControllerActionInvoker | Route matched with {action = "GetLeads", controller = "Leads"}. Executing controller action with signature System.Threading.Tasks.Task`1[System.Collections.Generic.IEnumerable`1[backend.Models.Lead]] GetLeads() on controller backend.Controllers.LeadsController (backend).
2026-04-08 12:08:19.727 [INF] Microsoft.AspNetCore.Mvc.Infrastructure.ObjectResultExecutor | Executing ObjectResult, writing value of type 'System.Collections.Generic.List`1[[backend.Models.Lead, backend, Version=1.0.0.0, Culture=neutral, PublicKeyToken=null]]'.
2026-04-08 12:08:19.727 [INF] Microsoft.AspNetCore.Mvc.Infrastructure.ControllerActionInvoker | Executed action backend.Controllers.LeadsController.GetLeads (backend) in 26.026ms
2026-04-08 12:08:19.727 [INF] Microsoft.AspNetCore.Routing.EndpointMiddleware | Executed endpoint 'backend.Controllers.LeadsController.GetLeads (backend)'
2026-04-08 12:08:19.727 [INF] Serilog.AspNetCore.RequestLoggingMiddleware | HTTP GET /api/leads → 200 (26.7ms)
2026-04-08 12:08:19.727 [INF] Microsoft.AspNetCore.Hosting.Diagnostics | Request finished HTTP/1.1 GET http://localhost:5217/api/leads - 200 null application/json; charset=utf-8 27.5827ms
2026-04-08 12:08:19.865 [INF] Microsoft.AspNetCore.Hosting.Diagnostics | Request starting HTTP/1.1 OPTIONS http://localhost:5217/api/employees?organizationId=2 - null null
2026-04-08 12:08:19.865 [INF] Microsoft.AspNetCore.Cors.Infrastructure.CorsService | CORS policy execution successful.
2026-04-08 12:08:19.865 [INF] Microsoft.AspNetCore.Hosting.Diagnostics | Request finished HTTP/1.1 OPTIONS http://localhost:5217/api/employees?organizationId=2 - 204 null null 0.2487ms
2026-04-08 12:08:19.867 [INF] Microsoft.AspNetCore.Hosting.Diagnostics | Request starting HTTP/1.1 GET http://localhost:5217/api/employees?organizationId=2 - application/json null
2026-04-08 12:08:19.867 [INF] Microsoft.AspNetCore.Cors.Infrastructure.CorsService | CORS policy execution successful.
2026-04-08 12:08:19.867 [INF] Microsoft.AspNetCore.Routing.EndpointMiddleware | Executing endpoint 'backend.Controllers.EmployeesController.GetEmployees (backend)'
2026-04-08 12:08:19.867 [INF] Microsoft.AspNetCore.Mvc.Infrastructure.ControllerActionInvoker | Route matched with {action = "GetEmployees", controller = "Employees"}. Executing controller action with signature System.Threading.Tasks.Task`1[Microsoft.AspNetCore.Mvc.IActionResult] GetEmployees(System.Nullable`1[System.Int32]) on controller backend.Controllers.EmployeesController (backend).
2026-04-08 12:08:19.868 [INF] backend.Controllers.EmployeesController | [Employees] GET all | TargetOrgId=2 | UserOrgId=2
2026-04-08 12:08:19.945 [INF] Microsoft.AspNetCore.Mvc.Infrastructure.ObjectResultExecutor | Executing OkObjectResult, writing value of type 'System.Collections.Generic.List`1[[backend.Models.Employee, backend, Version=1.0.0.0, Culture=neutral, PublicKeyToken=null]]'.
2026-04-08 12:08:19.945 [INF] Microsoft.AspNetCore.Mvc.Infrastructure.ControllerActionInvoker | Executed action backend.Controllers.EmployeesController.GetEmployees (backend) in 77.5153ms
2026-04-08 12:08:19.945 [INF] Microsoft.AspNetCore.Routing.EndpointMiddleware | Executed endpoint 'backend.Controllers.EmployeesController.GetEmployees (backend)'
2026-04-08 12:08:19.945 [INF] Serilog.AspNetCore.RequestLoggingMiddleware | HTTP GET /api/employees → 200 (77.8ms)
2026-04-08 12:08:19.945 [INF] Microsoft.AspNetCore.Hosting.Diagnostics | Request finished HTTP/1.1 GET http://localhost:5217/api/employees?organizationId=2 - 200 null application/json; charset=utf-8 78.3894ms
2026-04-08 12:08:19.952 [INF] Microsoft.AspNetCore.Hosting.Diagnostics | Request starting HTTP/1.1 OPTIONS http://localhost:5217/api/ShiftAssignments/roster?start=2026-04-08&end=2026-04-15&orgId=2 - null null
2026-04-08 12:08:19.952 [INF] Microsoft.AspNetCore.Cors.Infrastructure.CorsService | CORS policy execution successful.
2026-04-08 12:08:19.952 [INF] Microsoft.AspNetCore.Hosting.Diagnostics | Request finished HTTP/1.1 OPTIONS http://localhost:5217/api/ShiftAssignments/roster?start=2026-04-08&end=2026-04-15&orgId=2 - 204 null null 0.1852ms
2026-04-08 12:08:19.953 [INF] Microsoft.AspNetCore.Hosting.Diagnostics | Request starting HTTP/1.1 GET http://localhost:5217/api/ShiftAssignments/roster?start=2026-04-08&end=2026-04-15&orgId=2 - application/json null
2026-04-08 12:08:19.954 [INF] Microsoft.AspNetCore.Cors.Infrastructure.CorsService | CORS policy execution successful.
2026-04-08 12:08:19.954 [INF] Microsoft.AspNetCore.Routing.EndpointMiddleware | Executing endpoint 'backend.Controllers.ShiftAssignmentsController.GetMonthlyRosterFixed (backend)'
2026-04-08 12:08:19.954 [INF] Microsoft.AspNetCore.Mvc.Infrastructure.ControllerActionInvoker | Route matched with {action = "GetMonthlyRosterFixed", controller = "ShiftAssignments"}. Executing controller action with signature System.Threading.Tasks.Task`1[Microsoft.AspNetCore.Mvc.IActionResult] GetMonthlyRosterFixed(System.String, System.String, System.Nullable`1[System.Int32]) on controller backend.Controllers.ShiftAssignmentsController (backend).
2026-04-08 12:08:19.983 [INF] Microsoft.AspNetCore.Mvc.Infrastructure.ObjectResultExecutor | Executing OkObjectResult, writing value of type 'System.Collections.Generic.List`1[[backend.Models.EmployeeSchedule, backend, Version=1.0.0.0, Culture=neutral, PublicKeyToken=null]]'.
2026-04-08 12:08:19.983 [INF] Microsoft.AspNetCore.Mvc.Infrastructure.ControllerActionInvoker | Executed action backend.Controllers.ShiftAssignmentsController.GetMonthlyRosterFixed (backend) in 28.9689ms
2026-04-08 12:08:19.983 [INF] Microsoft.AspNetCore.Routing.EndpointMiddleware | Executed endpoint 'backend.Controllers.ShiftAssignmentsController.GetMonthlyRosterFixed (backend)'
2026-04-08 12:08:19.983 [INF] Serilog.AspNetCore.RequestLoggingMiddleware | HTTP GET /api/ShiftAssignments/roster → 200 (29.3ms)
2026-04-08 12:08:19.983 [INF] Microsoft.AspNetCore.Hosting.Diagnostics | Request finished HTTP/1.1 GET http://localhost:5217/api/ShiftAssignments/roster?start=2026-04-08&end=2026-04-15&orgId=2 - 200 null application/json; charset=utf-8 29.7853ms
2026-04-08 12:08:19.997 [INF] Microsoft.AspNetCore.Hosting.Diagnostics | Request starting HTTP/1.1 OPTIONS http://localhost:5217/api/Attendance/status?employeeId=31&orgId=2 - null null
2026-04-08 12:08:19.998 [INF] Microsoft.AspNetCore.Cors.Infrastructure.CorsService | CORS policy execution successful.
2026-04-08 12:08:19.998 [INF] Microsoft.AspNetCore.Hosting.Diagnostics | Request finished HTTP/1.1 OPTIONS http://localhost:5217/api/Attendance/status?employeeId=31&orgId=2 - 204 null null 0.1522ms
2026-04-08 12:08:20.000 [INF] Microsoft.AspNetCore.Hosting.Diagnostics | Request starting HTTP/1.1 GET http://localhost:5217/api/Attendance/status?employeeId=31&orgId=2 - application/json null
2026-04-08 12:08:20.000 [INF] Microsoft.AspNetCore.Cors.Infrastructure.CorsService | CORS policy execution successful.
2026-04-08 12:08:20.000 [INF] Microsoft.AspNetCore.Routing.EndpointMiddleware | Executing endpoint 'backend.Controllers.AttendanceController.GetStatus (backend)'
2026-04-08 12:08:20.000 [INF] Microsoft.AspNetCore.Mvc.Infrastructure.ControllerActionInvoker | Route matched with {action = "GetStatus", controller = "Attendance"}. Executing controller action with signature System.Threading.Tasks.Task`1[Microsoft.AspNetCore.Mvc.IActionResult] GetStatus(Int32, Int32) on controller backend.Controllers.AttendanceController (backend).
2026-04-08 12:08:20.076 [ERR] backend.Controllers.AttendanceController | Error getting attendance status
Microsoft.Data.SqlClient.SqlException (0x80131904): Invalid column name 'FN'.
Invalid column name 'AN'.
   at System.Threading.Tasks.ContinuationResultTaskFromResultTask`2.InnerInvoke()
   at System.Threading.ExecutionContext.RunInternal(ExecutionContext executionContext, ContextCallback callback, Object state)
--- End of stack trace from previous location ---
   at System.Threading.ExecutionContext.RunInternal(ExecutionContext executionContext, ContextCallback callback, Object state)
   at System.Threading.Tasks.Task.ExecuteWithThreadLocal(Task& currentTaskSlot, Thread threadPoolThread)
--- End of stack trace from previous location ---
   at Dapper.SqlMapper.QueryRowAsync[T](IDbConnection cnn, Row row, Type effectiveType, CommandDefinition command) in /_/Dapper/SqlMapper.Async.cs:line 489
   at backend.Controllers.AttendanceController.GetStatus(Int32 employeeId, Int32 orgId) in C:\Repos_Work\Prodesx_HRM_Mobile_Application\backend\Controllers\AttendanceController.cs:line 235
ClientConnectionId:8d8941f4-b316-42bd-8287-dd4d6a3dad34
Error Number:207,State:1,Class:16
2026-04-08 12:08:20.077 [INF] Microsoft.AspNetCore.Mvc.Infrastructure.ObjectResultExecutor | Executing ObjectResult, writing value of type 'System.String'.
2026-04-08 12:08:20.078 [INF] Microsoft.AspNetCore.Mvc.Infrastructure.ControllerActionInvoker | Executed action backend.Controllers.AttendanceController.GetStatus (backend) in 77.2539ms
2026-04-08 12:08:20.078 [INF] Microsoft.AspNetCore.Routing.EndpointMiddleware | Executed endpoint 'backend.Controllers.AttendanceController.GetStatus (backend)'
2026-04-08 12:08:20.078 [ERR] Serilog.AspNetCore.RequestLoggingMiddleware | HTTP GET /api/Attendance/status → 500 (77.5ms)
2026-04-08 12:08:20.078 [INF] Microsoft.AspNetCore.Hosting.Diagnostics | Request finished HTTP/1.1 GET http://localhost:5217/api/Attendance/status?employeeId=31&orgId=2 - 500 null text/plain; charset=utf-8 78.0442ms
2026-04-08 12:08:24.029 [INF] Microsoft.AspNetCore.Hosting.Diagnostics | Request starting HTTP/1.1 OPTIONS http://localhost:5217/api/SalaryYear/GetSalaryYearsByOrgId?orgId=2 - null null
2026-04-08 12:08:24.029 [INF] Microsoft.AspNetCore.Cors.Infrastructure.CorsService | CORS policy execution successful.
2026-04-08 12:08:24.029 [INF] Microsoft.AspNetCore.Hosting.Diagnostics | Request finished HTTP/1.1 OPTIONS http://localhost:5217/api/SalaryYear/GetSalaryYearsByOrgId?orgId=2 - 204 null null 0.3126ms
2026-04-08 12:08:24.031 [INF] Microsoft.AspNetCore.Hosting.Diagnostics | Request starting HTTP/1.1 GET http://localhost:5217/api/SalaryYear/GetSalaryYearsByOrgId?orgId=2 - application/json null
2026-04-08 12:08:24.031 [INF] Microsoft.AspNetCore.Cors.Infrastructure.CorsService | CORS policy execution successful.
2026-04-08 12:08:24.032 [INF] Microsoft.AspNetCore.Routing.EndpointMiddleware | Executing endpoint 'backend.Controllers.SalaryYearController.GetSalaryYearsByOrgId (backend)'
2026-04-08 12:08:24.032 [INF] Microsoft.AspNetCore.Mvc.Infrastructure.ControllerActionInvoker | Route matched with {action = "GetSalaryYearsByOrgId", controller = "SalaryYear"}. Executing controller action with signature System.Threading.Tasks.Task`1[Microsoft.AspNetCore.Mvc.IActionResult] GetSalaryYearsByOrgId(System.String) on controller backend.Controllers.SalaryYearController (backend).
2026-04-08 12:08:24.072 [INF] Microsoft.AspNetCore.Mvc.Infrastructure.ObjectResultExecutor | Executing OkObjectResult, writing value of type 'System.Collections.Generic.List`1[[backend.Models.SalaryYear, backend, Version=1.0.0.0, Culture=neutral, PublicKeyToken=null]]'.
2026-04-08 12:08:24.072 [INF] Microsoft.AspNetCore.Mvc.Infrastructure.ControllerActionInvoker | Executed action backend.Controllers.SalaryYearController.GetSalaryYearsByOrgId (backend) in 40.191ms
2026-04-08 12:08:24.072 [INF] Microsoft.AspNetCore.Routing.EndpointMiddleware | Executed endpoint 'backend.Controllers.SalaryYearController.GetSalaryYearsByOrgId (backend)'
2026-04-08 12:08:24.072 [INF] Serilog.AspNetCore.RequestLoggingMiddleware | HTTP GET /api/SalaryYear/GetSalaryYearsByOrgId → 200 (40.5ms)
2026-04-08 12:08:24.072 [INF] Microsoft.AspNetCore.Hosting.Diagnostics | Request finished HTTP/1.1 GET http://localhost:5217/api/SalaryYear/GetSalaryYearsByOrgId?orgId=2 - 200 null application/json; charset=utf-8 41.17ms
2026-04-08 12:08:24.137 [INF] Microsoft.AspNetCore.Hosting.Diagnostics | Request starting HTTP/1.1 GET http://localhost:5217/api/employees?organizationId=2 - application/json null
2026-04-08 12:08:24.137 [INF] Microsoft.AspNetCore.Cors.Infrastructure.CorsService | CORS policy execution successful.
2026-04-08 12:08:24.137 [INF] Microsoft.AspNetCore.Routing.EndpointMiddleware | Executing endpoint 'backend.Controllers.EmployeesController.GetEmployees (backend)'
2026-04-08 12:08:24.137 [INF] Microsoft.AspNetCore.Mvc.Infrastructure.ControllerActionInvoker | Route matched with {action = "GetEmployees", controller = "Employees"}. Executing controller action with signature System.Threading.Tasks.Task`1[Microsoft.AspNetCore.Mvc.IActionResult] GetEmployees(System.Nullable`1[System.Int32]) on controller backend.Controllers.EmployeesController (backend).
2026-04-08 12:08:24.138 [INF] backend.Controllers.EmployeesController | [Employees] GET all | TargetOrgId=2 | UserOrgId=2
2026-04-08 12:08:24.383 [INF] Microsoft.AspNetCore.Mvc.Infrastructure.ObjectResultExecutor | Executing OkObjectResult, writing value of type 'System.Collections.Generic.List`1[[backend.Models.Employee, backend, Version=1.0.0.0, Culture=neutral, PublicKeyToken=null]]'.
2026-04-08 12:08:24.384 [INF] Microsoft.AspNetCore.Mvc.Infrastructure.ControllerActionInvoker | Executed action backend.Controllers.EmployeesController.GetEmployees (backend) in 246.036ms
2026-04-08 12:08:24.384 [INF] Microsoft.AspNetCore.Routing.EndpointMiddleware | Executed endpoint 'backend.Controllers.EmployeesController.GetEmployees (backend)'
2026-04-08 12:08:24.384 [INF] Serilog.AspNetCore.RequestLoggingMiddleware | HTTP GET /api/employees → 200 (246.4ms)
2026-04-08 12:08:24.384 [INF] Microsoft.AspNetCore.Hosting.Diagnostics | Request finished HTTP/1.1 GET http://localhost:5217/api/employees?organizationId=2 - 200 null application/json; charset=utf-8 247.0949ms
2026-04-08 12:08:24.391 [INF] Microsoft.AspNetCore.Hosting.Diagnostics | Request starting HTTP/1.1 OPTIONS http://localhost:5217/api/SalarySettings/GetSalarySettings?orgId=2&salaryYearId=3 - null null
2026-04-08 12:08:24.391 [INF] Microsoft.AspNetCore.Cors.Infrastructure.CorsService | CORS policy execution successful.
2026-04-08 12:08:24.391 [INF] Microsoft.AspNetCore.Hosting.Diagnostics | Request finished HTTP/1.1 OPTIONS http://localhost:5217/api/SalarySettings/GetSalarySettings?orgId=2&salaryYearId=3 - 204 null null 0.1703ms
2026-04-08 12:08:24.392 [INF] Microsoft.AspNetCore.Hosting.Diagnostics | Request starting HTTP/1.1 GET http://localhost:5217/api/SalarySettings/GetSalarySettings?orgId=2&salaryYearId=3 - application/json null
2026-04-08 12:08:24.392 [INF] Microsoft.AspNetCore.Cors.Infrastructure.CorsService | CORS policy execution successful.
2026-04-08 12:08:24.392 [INF] Microsoft.AspNetCore.Routing.EndpointMiddleware | Executing endpoint 'backend.Controllers.SalarySettingsController.GetSalarySettings (backend)'
2026-04-08 12:08:24.392 [INF] Microsoft.AspNetCore.Mvc.Infrastructure.ControllerActionInvoker | Route matched with {action = "GetSalarySettings", controller = "SalarySettings"}. Executing controller action with signature System.Threading.Tasks.Task`1[Microsoft.AspNetCore.Mvc.IActionResult] GetSalarySettings(System.String, System.String) on controller backend.Controllers.SalarySettingsController (backend).
2026-04-08 12:08:24.405 [INF] Microsoft.AspNetCore.Mvc.Infrastructure.ObjectResultExecutor | Executing OkObjectResult, writing value of type 'System.Collections.Generic.List`1[[backend.Models.SalarySettings, backend, Version=1.0.0.0, Culture=neutral, PublicKeyToken=null]]'.
2026-04-08 12:08:24.405 [INF] Microsoft.AspNetCore.Mvc.Infrastructure.ControllerActionInvoker | Executed action backend.Controllers.SalarySettingsController.GetSalarySettings (backend) in 12.5172ms
2026-04-08 12:08:24.405 [INF] Microsoft.AspNetCore.Routing.EndpointMiddleware | Executed endpoint 'backend.Controllers.SalarySettingsController.GetSalarySettings (backend)'
2026-04-08 12:08:24.405 [INF] Serilog.AspNetCore.RequestLoggingMiddleware | HTTP GET /api/SalarySettings/GetSalarySettings → 200 (12.7ms)
2026-04-08 12:08:24.405 [INF] Microsoft.AspNetCore.Hosting.Diagnostics | Request finished HTTP/1.1 GET http://localhost:5217/api/SalarySettings/GetSalarySettings?orgId=2&salaryYearId=3 - 200 null application/json; charset=utf-8 13.2455ms
2026-04-08 12:08:24.599 [INF] Microsoft.AspNetCore.Hosting.Diagnostics | Request starting HTTP/1.1 GET http://localhost:5217/uploads/employee-photos/emp-28.jpg - null null
2026-04-08 12:08:24.599 [INF] Microsoft.AspNetCore.Cors.Infrastructure.CorsService | CORS policy execution successful.
2026-04-08 12:08:24.599 [INF] Serilog.AspNetCore.RequestLoggingMiddleware | HTTP GET /uploads/employee-photos/emp-28.jpg → 404 (0.0ms)
2026-04-08 12:08:24.600 [INF] Microsoft.AspNetCore.Hosting.Diagnostics | Request finished HTTP/1.1 GET http://localhost:5217/uploads/employee-photos/emp-28.jpg - 404 0 null 1.0572ms
2026-04-08 12:08:24.600 [INF] Microsoft.AspNetCore.Hosting.Diagnostics | Request reached the end of the middleware pipeline without being handled by application code. Request path: GET http://localhost:5217/uploads/employee-photos/emp-28.jpg, Response status code: 404
2026-04-08 12:08:24.624 [INF] Microsoft.AspNetCore.Hosting.Diagnostics | Request starting HTTP/1.1 OPTIONS http://localhost:5217/hubs/salarysettings/negotiate?negotiateVersion=1 - null null
2026-04-08 12:08:24.624 [INF] Microsoft.AspNetCore.Cors.Infrastructure.CorsService | CORS policy execution successful.
2026-04-08 12:08:24.624 [INF] Microsoft.AspNetCore.Hosting.Diagnostics | Request finished HTTP/1.1 OPTIONS http://localhost:5217/hubs/salarysettings/negotiate?negotiateVersion=1 - 204 null null 0.3164ms
2026-04-08 12:08:24.625 [INF] Microsoft.AspNetCore.Hosting.Diagnostics | Request starting HTTP/1.1 POST http://localhost:5217/hubs/salarysettings/negotiate?negotiateVersion=1 - text/plain;charset=UTF-8 0
2026-04-08 12:08:24.625 [INF] Microsoft.AspNetCore.Cors.Infrastructure.CorsService | CORS policy execution successful.
2026-04-08 12:08:24.626 [INF] Microsoft.AspNetCore.Routing.EndpointMiddleware | Executing endpoint '/hubs/salarysettings/negotiate'
2026-04-08 12:08:24.626 [INF] Microsoft.AspNetCore.Routing.EndpointMiddleware | Executed endpoint '/hubs/salarysettings/negotiate'
2026-04-08 12:08:24.626 [INF] Serilog.AspNetCore.RequestLoggingMiddleware | HTTP POST /hubs/salarysettings/negotiate → 200 (0.4ms)
2026-04-08 12:08:24.626 [INF] Microsoft.AspNetCore.Hosting.Diagnostics | Request finished HTTP/1.1 POST http://localhost:5217/hubs/salarysettings/negotiate?negotiateVersion=1 - 200 316 application/json 0.8544ms
2026-04-08 12:08:24.674 [INF] Microsoft.AspNetCore.Hosting.Diagnostics | Request starting HTTP/1.1 GET http://localhost:5217/hubs/salarysettings?id=FCfsXfoawV6v5RztuQuxRg&access_token=eyJhbGciOiJIUzI1NiIsInR5cCI6IkpXVCJ9.eyJuYW1laWQiOiIxOCIsInVuaXF1ZV9uYW1lIjoidmFzYW50aGFrdW1hciIsImVtYWlsIjoidmFzYW50aDIwMDR2a0BnbWFpbC5jb20iLCJyb2xlIjoiU3VwZXJBZG1pbiIsIk9yZ2FuaXphdGlvbklkIjoiMiIsIk9yZ2FuaXphdGlvbkxvZ28iOiIvdXBsb2Fkcy9vcmctbG9nb3Mvb3JnLWxvZ28tNTg3M2M0NzVkOTFkNGJiZDkwNDZkZWVjNjY3ZDEzNmMuanBnIiwibmJmIjoxNzc1NjI5OTc0LCJleHAiOjE3NzU3MTYzNzQsImlhdCI6MTc3NTYyOTk3NCwiaXNzIjoiUHJvRGVzWC1CYWNrZW5kIiwiYXVkIjoiUHJvRGVzWC1Gcm9udGVuZCJ9.igbT3pLpIiahwfTYCSUnLfgWrpW2xHWNEZnnwNqmD4o - null null
2026-04-08 12:08:24.674 [INF] Microsoft.AspNetCore.Cors.Infrastructure.CorsService | CORS policy execution successful.
2026-04-08 12:08:24.674 [INF] Microsoft.AspNetCore.Routing.EndpointMiddleware | Executing endpoint '/hubs/salarysettings'
2026-04-08 12:08:26.628 [INF] Microsoft.AspNetCore.Routing.EndpointMiddleware | Executed endpoint '/hubs/salarysettings'
2026-04-08 12:08:26.628 [INF] Serilog.AspNetCore.RequestLoggingMiddleware | HTTP GET /hubs/salarysettings → 101 (1954.0ms)
2026-04-08 12:08:26.628 [INF] Microsoft.AspNetCore.Hosting.Diagnostics | Request finished HTTP/1.1 GET http://localhost:5217/hubs/salarysettings?id=FCfsXfoawV6v5RztuQuxRg&access_token=eyJhbGciOiJIUzI1NiIsInR5cCI6IkpXVCJ9.eyJuYW1laWQiOiIxOCIsInVuaXF1ZV9uYW1lIjoidmFzYW50aGFrdW1hciIsImVtYWlsIjoidmFzYW50aDIwMDR2a0BnbWFpbC5jb20iLCJyb2xlIjoiU3VwZXJBZG1pbiIsIk9yZ2FuaXphdGlvbklkIjoiMiIsIk9yZ2FuaXphdGlvbkxvZ28iOiIvdXBsb2Fkcy9vcmctbG9nb3Mvb3JnLWxvZ28tNTg3M2M0NzVkOTFkNGJiZDkwNDZkZWVjNjY3ZDEzNmMuanBnIiwibmJmIjoxNzc1NjI5OTc0LCJleHAiOjE3NzU3MTYzNzQsImlhdCI6MTc3NTYyOTk3NCwiaXNzIjoiUHJvRGVzWC1CYWNrZW5kIiwiYXVkIjoiUHJvRGVzWC1Gcm9udGVuZCJ9.igbT3pLpIiahwfTYCSUnLfgWrpW2xHWNEZnnwNqmD4o - 101 null null 1954.5238ms
2026-04-08 12:08:26.631 [INF] Microsoft.AspNetCore.Hosting.Diagnostics | Request starting HTTP/1.1 OPTIONS http://localhost:5217/api/SalaryYear/GetSalaryYearsByOrgId?orgId=8 - null null
2026-04-08 12:08:26.631 [INF] Microsoft.AspNetCore.Cors.Infrastructure.CorsService | CORS policy execution successful.
2026-04-08 12:08:26.631 [INF] Microsoft.AspNetCore.Hosting.Diagnostics | Request finished HTTP/1.1 OPTIONS http://localhost:5217/api/SalaryYear/GetSalaryYearsByOrgId?orgId=8 - 204 null null 0.1746ms
2026-04-08 12:08:26.632 [INF] Microsoft.AspNetCore.Hosting.Diagnostics | Request starting HTTP/1.1 GET http://localhost:5217/api/SalaryYear/GetSalaryYearsByOrgId?orgId=8 - application/json null
2026-04-08 12:08:26.632 [INF] Microsoft.AspNetCore.Cors.Infrastructure.CorsService | CORS policy execution successful.
2026-04-08 12:08:26.633 [INF] Microsoft.AspNetCore.Routing.EndpointMiddleware | Executing endpoint 'backend.Controllers.SalaryYearController.GetSalaryYearsByOrgId (backend)'
2026-04-08 12:08:26.633 [INF] Microsoft.AspNetCore.Mvc.Infrastructure.ControllerActionInvoker | Route matched with {action = "GetSalaryYearsByOrgId", controller = "SalaryYear"}. Executing controller action with signature System.Threading.Tasks.Task`1[Microsoft.AspNetCore.Mvc.IActionResult] GetSalaryYearsByOrgId(System.String) on controller backend.Controllers.SalaryYearController (backend).
2026-04-08 12:08:26.647 [INF] Microsoft.AspNetCore.Mvc.Infrastructure.ObjectResultExecutor | Executing OkObjectResult, writing value of type 'System.Collections.Generic.List`1[[backend.Models.SalaryYear, backend, Version=1.0.0.0, Culture=neutral, PublicKeyToken=null]]'.
2026-04-08 12:08:26.647 [INF] Microsoft.AspNetCore.Mvc.Infrastructure.ControllerActionInvoker | Executed action backend.Controllers.SalaryYearController.GetSalaryYearsByOrgId (backend) in 13.7212ms
2026-04-08 12:08:26.647 [INF] Microsoft.AspNetCore.Routing.EndpointMiddleware | Executed endpoint 'backend.Controllers.SalaryYearController.GetSalaryYearsByOrgId (backend)'
2026-04-08 12:08:26.647 [INF] Serilog.AspNetCore.RequestLoggingMiddleware | HTTP GET /api/SalaryYear/GetSalaryYearsByOrgId → 200 (14.1ms)
2026-04-08 12:08:26.647 [INF] Microsoft.AspNetCore.Hosting.Diagnostics | Request finished HTTP/1.1 GET http://localhost:5217/api/SalaryYear/GetSalaryYearsByOrgId?orgId=8 - 200 null application/json; charset=utf-8 14.5872ms
2026-04-08 12:08:26.710 [INF] Microsoft.AspNetCore.Hosting.Diagnostics | Request starting HTTP/1.1 OPTIONS http://localhost:5217/api/employees?organizationId=8 - null null
2026-04-08 12:08:26.710 [INF] Microsoft.AspNetCore.Cors.Infrastructure.CorsService | CORS policy execution successful.
2026-04-08 12:08:26.710 [INF] Microsoft.AspNetCore.Hosting.Diagnostics | Request finished HTTP/1.1 OPTIONS http://localhost:5217/api/employees?organizationId=8 - 204 null null 0.1501ms
2026-04-08 12:08:26.712 [INF] Microsoft.AspNetCore.Hosting.Diagnostics | Request starting HTTP/1.1 GET http://localhost:5217/api/employees?organizationId=8 - application/json null
2026-04-08 12:08:26.712 [INF] Microsoft.AspNetCore.Cors.Infrastructure.CorsService | CORS policy execution successful.
2026-04-08 12:08:26.712 [INF] Microsoft.AspNetCore.Routing.EndpointMiddleware | Executing endpoint 'backend.Controllers.EmployeesController.GetEmployees (backend)'
2026-04-08 12:08:26.712 [INF] Microsoft.AspNetCore.Mvc.Infrastructure.ControllerActionInvoker | Route matched with {action = "GetEmployees", controller = "Employees"}. Executing controller action with signature System.Threading.Tasks.Task`1[Microsoft.AspNetCore.Mvc.IActionResult] GetEmployees(System.Nullable`1[System.Int32]) on controller backend.Controllers.EmployeesController (backend).
2026-04-08 12:08:26.713 [INF] backend.Controllers.EmployeesController | [Employees] GET all | TargetOrgId=8 | UserOrgId=2
2026-04-08 12:08:26.726 [INF] Microsoft.AspNetCore.Mvc.Infrastructure.ObjectResultExecutor | Executing OkObjectResult, writing value of type 'System.Collections.Generic.List`1[[backend.Models.Employee, backend, Version=1.0.0.0, Culture=neutral, PublicKeyToken=null]]'.
2026-04-08 12:08:26.727 [INF] Microsoft.AspNetCore.Mvc.Infrastructure.ControllerActionInvoker | Executed action backend.Controllers.EmployeesController.GetEmployees (backend) in 14.0855ms
2026-04-08 12:08:26.727 [INF] Microsoft.AspNetCore.Routing.EndpointMiddleware | Executed endpoint 'backend.Controllers.EmployeesController.GetEmployees (backend)'
2026-04-08 12:08:26.727 [INF] Serilog.AspNetCore.RequestLoggingMiddleware | HTTP GET /api/employees → 200 (14.3ms)
2026-04-08 12:08:26.727 [INF] Microsoft.AspNetCore.Hosting.Diagnostics | Request finished HTTP/1.1 GET http://localhost:5217/api/employees?organizationId=8 - 200 null application/json; charset=utf-8 14.8136ms
2026-04-08 12:08:26.767 [INF] Microsoft.AspNetCore.Hosting.Diagnostics | Request starting HTTP/1.1 OPTIONS http://localhost:5217/api/SalarySettings/GetSalarySettings?orgId=8&salaryYearId=3 - null null
2026-04-08 12:08:26.767 [INF] Microsoft.AspNetCore.Cors.Infrastructure.CorsService | CORS policy execution successful.
2026-04-08 12:08:26.767 [INF] Microsoft.AspNetCore.Hosting.Diagnostics | Request finished HTTP/1.1 OPTIONS http://localhost:5217/api/SalarySettings/GetSalarySettings?orgId=8&salaryYearId=3 - 204 null null 0.194ms
2026-04-08 12:08:26.769 [INF] Microsoft.AspNetCore.Hosting.Diagnostics | Request starting HTTP/1.1 GET http://localhost:5217/api/SalarySettings/GetSalarySettings?orgId=8&salaryYearId=3 - application/json null
2026-04-08 12:08:26.769 [INF] Microsoft.AspNetCore.Cors.Infrastructure.CorsService | CORS policy execution successful.
2026-04-08 12:08:26.769 [INF] Microsoft.AspNetCore.Routing.EndpointMiddleware | Executing endpoint 'backend.Controllers.SalarySettingsController.GetSalarySettings (backend)'
2026-04-08 12:08:26.769 [INF] Microsoft.AspNetCore.Mvc.Infrastructure.ControllerActionInvoker | Route matched with {action = "GetSalarySettings", controller = "SalarySettings"}. Executing controller action with signature System.Threading.Tasks.Task`1[Microsoft.AspNetCore.Mvc.IActionResult] GetSalarySettings(System.String, System.String) on controller backend.Controllers.SalarySettingsController (backend).
2026-04-08 12:08:26.789 [INF] Microsoft.AspNetCore.Mvc.Infrastructure.ObjectResultExecutor | Executing OkObjectResult, writing value of type 'System.Collections.Generic.List`1[[backend.Models.SalarySettings, backend, Version=1.0.0.0, Culture=neutral, PublicKeyToken=null]]'.
2026-04-08 12:08:26.789 [INF] Microsoft.AspNetCore.Mvc.Infrastructure.ControllerActionInvoker | Executed action backend.Controllers.SalarySettingsController.GetSalarySettings (backend) in 19.8888ms
2026-04-08 12:08:26.789 [INF] Microsoft.AspNetCore.Routing.EndpointMiddleware | Executed endpoint 'backend.Controllers.SalarySettingsController.GetSalarySettings (backend)'
2026-04-08 12:08:26.789 [INF] Serilog.AspNetCore.RequestLoggingMiddleware | HTTP GET /api/SalarySettings/GetSalarySettings → 200 (20.2ms)
2026-04-08 12:08:26.789 [INF] Microsoft.AspNetCore.Hosting.Diagnostics | Request finished HTTP/1.1 GET http://localhost:5217/api/SalarySettings/GetSalarySettings?orgId=8&salaryYearId=3 - 200 null application/json; charset=utf-8 20.677ms
2026-04-08 12:08:26.800 [INF] Microsoft.AspNetCore.Hosting.Diagnostics | Request starting HTTP/1.1 POST http://localhost:5217/hubs/salarysettings/negotiate?negotiateVersion=1 - text/plain;charset=UTF-8 0
2026-04-08 12:08:26.800 [INF] Microsoft.AspNetCore.Cors.Infrastructure.CorsService | CORS policy execution successful.
2026-04-08 12:08:26.800 [INF] Microsoft.AspNetCore.Routing.EndpointMiddleware | Executing endpoint '/hubs/salarysettings/negotiate'
2026-04-08 12:08:26.800 [INF] Microsoft.AspNetCore.Routing.EndpointMiddleware | Executed endpoint '/hubs/salarysettings/negotiate'
2026-04-08 12:08:26.800 [INF] Serilog.AspNetCore.RequestLoggingMiddleware | HTTP POST /hubs/salarysettings/negotiate → 200 (0.2ms)
2026-04-08 12:08:26.800 [INF] Microsoft.AspNetCore.Hosting.Diagnostics | Request finished HTTP/1.1 POST http://localhost:5217/hubs/salarysettings/negotiate?negotiateVersion=1 - 200 316 application/json 0.5364ms
2026-04-08 12:08:26.805 [INF] Microsoft.AspNetCore.Hosting.Diagnostics | Request starting HTTP/1.1 GET http://localhost:5217/hubs/salarysettings?id=NtYEscNERJmy5ifGcLGoYw&access_token=eyJhbGciOiJIUzI1NiIsInR5cCI6IkpXVCJ9.eyJuYW1laWQiOiIxOCIsInVuaXF1ZV9uYW1lIjoidmFzYW50aGFrdW1hciIsImVtYWlsIjoidmFzYW50aDIwMDR2a0BnbWFpbC5jb20iLCJyb2xlIjoiU3VwZXJBZG1pbiIsIk9yZ2FuaXphdGlvbklkIjoiMiIsIk9yZ2FuaXphdGlvbkxvZ28iOiIvdXBsb2Fkcy9vcmctbG9nb3Mvb3JnLWxvZ28tNTg3M2M0NzVkOTFkNGJiZDkwNDZkZWVjNjY3ZDEzNmMuanBnIiwibmJmIjoxNzc1NjI5OTc0LCJleHAiOjE3NzU3MTYzNzQsImlhdCI6MTc3NTYyOTk3NCwiaXNzIjoiUHJvRGVzWC1CYWNrZW5kIiwiYXVkIjoiUHJvRGVzWC1Gcm9udGVuZCJ9.igbT3pLpIiahwfTYCSUnLfgWrpW2xHWNEZnnwNqmD4o - null null
2026-04-08 12:08:26.805 [INF] Microsoft.AspNetCore.Cors.Infrastructure.CorsService | CORS policy execution successful.
2026-04-08 12:08:26.805 [INF] Microsoft.AspNetCore.Routing.EndpointMiddleware | Executing endpoint '/hubs/salarysettings'
2026-04-08 12:08:26.881 [INF] Microsoft.AspNetCore.Hosting.Diagnostics | Request starting HTTP/1.1 GET http://localhost:5217/uploads/employee-photos/emp-34.png - null null
2026-04-08 12:08:26.882 [INF] Microsoft.AspNetCore.Cors.Infrastructure.CorsService | CORS policy execution successful.
2026-04-08 12:08:26.882 [INF] Serilog.AspNetCore.RequestLoggingMiddleware | HTTP GET /uploads/employee-photos/emp-34.png → 404 (0.0ms)
2026-04-08 12:08:26.882 [INF] Microsoft.AspNetCore.Hosting.Diagnostics | Request finished HTTP/1.1 GET http://localhost:5217/uploads/employee-photos/emp-34.png - 404 0 null 0.9266ms
2026-04-08 12:08:26.882 [INF] Microsoft.AspNetCore.Hosting.Diagnostics | Request reached the end of the middleware pipeline without being handled by application code. Request path: GET http://localhost:5217/uploads/employee-photos/emp-34.png, Response status code: 404
2026-04-08 12:08:29.647 [INF] Microsoft.AspNetCore.Routing.EndpointMiddleware | Executed endpoint '/hubs/salarysettings'
2026-04-08 12:08:29.647 [INF] Serilog.AspNetCore.RequestLoggingMiddleware | HTTP GET /hubs/salarysettings → 101 (2841.8ms)
2026-04-08 12:08:29.647 [INF] Microsoft.AspNetCore.Hosting.Diagnostics | Request finished HTTP/1.1 GET http://localhost:5217/hubs/salarysettings?id=NtYEscNERJmy5ifGcLGoYw&access_token=eyJhbGciOiJIUzI1NiIsInR5cCI6IkpXVCJ9.eyJuYW1laWQiOiIxOCIsInVuaXF1ZV9uYW1lIjoidmFzYW50aGFrdW1hciIsImVtYWlsIjoidmFzYW50aDIwMDR2a0BnbWFpbC5jb20iLCJyb2xlIjoiU3VwZXJBZG1pbiIsIk9yZ2FuaXphdGlvbklkIjoiMiIsIk9yZ2FuaXphdGlvbkxvZ28iOiIvdXBsb2Fkcy9vcmctbG9nb3Mvb3JnLWxvZ28tNTg3M2M0NzVkOTFkNGJiZDkwNDZkZWVjNjY3ZDEzNmMuanBnIiwibmJmIjoxNzc1NjI5OTc0LCJleHAiOjE3NzU3MTYzNzQsImlhdCI6MTc3NTYyOTk3NCwiaXNzIjoiUHJvRGVzWC1CYWNrZW5kIiwiYXVkIjoiUHJvRGVzWC1Gcm9udGVuZCJ9.igbT3pLpIiahwfTYCSUnLfgWrpW2xHWNEZnnwNqmD4o - 101 null null 2842.3337ms
2026-04-08 12:08:29.648 [INF] Microsoft.AspNetCore.Hosting.Diagnostics | Request starting HTTP/1.1 OPTIONS http://localhost:5217/api/SalaryYear/GetSalaryYearsByOrgId?orgId=12 - null null
2026-04-08 12:08:29.649 [INF] Microsoft.AspNetCore.Cors.Infrastructure.CorsService | CORS policy execution successful.
2026-04-08 12:08:29.649 [INF] Microsoft.AspNetCore.Hosting.Diagnostics | Request finished HTTP/1.1 OPTIONS http://localhost:5217/api/SalaryYear/GetSalaryYearsByOrgId?orgId=12 - 204 null null 0.1286ms
2026-04-08 12:08:29.650 [INF] Microsoft.AspNetCore.Hosting.Diagnostics | Request starting HTTP/1.1 GET http://localhost:5217/api/SalaryYear/GetSalaryYearsByOrgId?orgId=12 - application/json null
2026-04-08 12:08:29.650 [INF] Microsoft.AspNetCore.Cors.Infrastructure.CorsService | CORS policy execution successful.
2026-04-08 12:08:29.650 [INF] Microsoft.AspNetCore.Routing.EndpointMiddleware | Executing endpoint 'backend.Controllers.SalaryYearController.GetSalaryYearsByOrgId (backend)'
2026-04-08 12:08:29.650 [INF] Microsoft.AspNetCore.Mvc.Infrastructure.ControllerActionInvoker | Route matched with {action = "GetSalaryYearsByOrgId", controller = "SalaryYear"}. Executing controller action with signature System.Threading.Tasks.Task`1[Microsoft.AspNetCore.Mvc.IActionResult] GetSalaryYearsByOrgId(System.String) on controller backend.Controllers.SalaryYearController (backend).
2026-04-08 12:08:29.673 [INF] Microsoft.AspNetCore.Mvc.Infrastructure.ObjectResultExecutor | Executing OkObjectResult, writing value of type 'System.Collections.Generic.List`1[[backend.Models.SalaryYear, backend, Version=1.0.0.0, Culture=neutral, PublicKeyToken=null]]'.
2026-04-08 12:08:29.673 [INF] Microsoft.AspNetCore.Mvc.Infrastructure.ControllerActionInvoker | Executed action backend.Controllers.SalaryYearController.GetSalaryYearsByOrgId (backend) in 22.9514ms
2026-04-08 12:08:29.673 [INF] Microsoft.AspNetCore.Routing.EndpointMiddleware | Executed endpoint 'backend.Controllers.SalaryYearController.GetSalaryYearsByOrgId (backend)'
2026-04-08 12:08:29.673 [INF] Serilog.AspNetCore.RequestLoggingMiddleware | HTTP GET /api/SalaryYear/GetSalaryYearsByOrgId → 200 (23.1ms)
2026-04-08 12:08:29.673 [INF] Microsoft.AspNetCore.Hosting.Diagnostics | Request finished HTTP/1.1 GET http://localhost:5217/api/SalaryYear/GetSalaryYearsByOrgId?orgId=12 - 200 null application/json; charset=utf-8 23.5509ms
2026-04-08 12:08:29.735 [INF] Microsoft.AspNetCore.Hosting.Diagnostics | Request starting HTTP/1.1 OPTIONS http://localhost:5217/api/employees?organizationId=12 - null null
2026-04-08 12:08:29.735 [INF] Microsoft.AspNetCore.Cors.Infrastructure.CorsService | CORS policy execution successful.
2026-04-08 12:08:29.735 [INF] Microsoft.AspNetCore.Hosting.Diagnostics | Request finished HTTP/1.1 OPTIONS http://localhost:5217/api/employees?organizationId=12 - 204 null null 0.1929ms
2026-04-08 12:08:29.736 [INF] Microsoft.AspNetCore.Hosting.Diagnostics | Request starting HTTP/1.1 GET http://localhost:5217/api/employees?organizationId=12 - application/json null
2026-04-08 12:08:29.737 [INF] Microsoft.AspNetCore.Cors.Infrastructure.CorsService | CORS policy execution successful.
2026-04-08 12:08:29.737 [INF] Microsoft.AspNetCore.Routing.EndpointMiddleware | Executing endpoint 'backend.Controllers.EmployeesController.GetEmployees (backend)'
2026-04-08 12:08:29.737 [INF] Microsoft.AspNetCore.Mvc.Infrastructure.ControllerActionInvoker | Route matched with {action = "GetEmployees", controller = "Employees"}. Executing controller action with signature System.Threading.Tasks.Task`1[Microsoft.AspNetCore.Mvc.IActionResult] GetEmployees(System.Nullable`1[System.Int32]) on controller backend.Controllers.EmployeesController (backend).
2026-04-08 12:08:29.737 [INF] backend.Controllers.EmployeesController | [Employees] GET all | TargetOrgId=12 | UserOrgId=2
2026-04-08 12:08:29.809 [INF] Microsoft.AspNetCore.Mvc.Infrastructure.ObjectResultExecutor | Executing OkObjectResult, writing value of type 'System.Collections.Generic.List`1[[backend.Models.Employee, backend, Version=1.0.0.0, Culture=neutral, PublicKeyToken=null]]'.
2026-04-08 12:08:29.809 [INF] Microsoft.AspNetCore.Mvc.Infrastructure.ControllerActionInvoker | Executed action backend.Controllers.EmployeesController.GetEmployees (backend) in 72.3779ms
2026-04-08 12:08:29.809 [INF] Microsoft.AspNetCore.Routing.EndpointMiddleware | Executed endpoint 'backend.Controllers.EmployeesController.GetEmployees (backend)'
2026-04-08 12:08:29.810 [INF] Serilog.AspNetCore.RequestLoggingMiddleware | HTTP GET /api/employees → 200 (72.6ms)
2026-04-08 12:08:29.810 [INF] Microsoft.AspNetCore.Hosting.Diagnostics | Request finished HTTP/1.1 GET http://localhost:5217/api/employees?organizationId=12 - 200 null application/json; charset=utf-8 73.1983ms
2026-04-08 12:08:29.832 [INF] Microsoft.AspNetCore.Hosting.Diagnostics | Request starting HTTP/1.1 OPTIONS http://localhost:5217/api/SalarySettings/GetSalarySettings?orgId=12&salaryYearId=3 - null null
2026-04-08 12:08:29.832 [INF] Microsoft.AspNetCore.Cors.Infrastructure.CorsService | CORS policy execution successful.
2026-04-08 12:08:29.832 [INF] Microsoft.AspNetCore.Hosting.Diagnostics | Request finished HTTP/1.1 OPTIONS http://localhost:5217/api/SalarySettings/GetSalarySettings?orgId=12&salaryYearId=3 - 204 null null 0.1635ms
2026-04-08 12:08:29.833 [INF] Microsoft.AspNetCore.Hosting.Diagnostics | Request starting HTTP/1.1 GET http://localhost:5217/api/SalarySettings/GetSalarySettings?orgId=12&salaryYearId=3 - application/json null
2026-04-08 12:08:29.833 [INF] Microsoft.AspNetCore.Cors.Infrastructure.CorsService | CORS policy execution successful.
2026-04-08 12:08:29.834 [INF] Microsoft.AspNetCore.Routing.EndpointMiddleware | Executing endpoint 'backend.Controllers.SalarySettingsController.GetSalarySettings (backend)'
2026-04-08 12:08:29.834 [INF] Microsoft.AspNetCore.Mvc.Infrastructure.ControllerActionInvoker | Route matched with {action = "GetSalarySettings", controller = "SalarySettings"}. Executing controller action with signature System.Threading.Tasks.Task`1[Microsoft.AspNetCore.Mvc.IActionResult] GetSalarySettings(System.String, System.String) on controller backend.Controllers.SalarySettingsController (backend).
2026-04-08 12:08:29.955 [INF] Microsoft.AspNetCore.Mvc.Infrastructure.ObjectResultExecutor | Executing OkObjectResult, writing value of type 'System.Collections.Generic.List`1[[backend.Models.SalarySettings, backend, Version=1.0.0.0, Culture=neutral, PublicKeyToken=null]]'.
2026-04-08 12:08:29.955 [INF] Microsoft.AspNetCore.Mvc.Infrastructure.ControllerActionInvoker | Executed action backend.Controllers.SalarySettingsController.GetSalarySettings (backend) in 121.5144ms
2026-04-08 12:08:29.955 [INF] Microsoft.AspNetCore.Routing.EndpointMiddleware | Executed endpoint 'backend.Controllers.SalarySettingsController.GetSalarySettings (backend)'
2026-04-08 12:08:29.955 [INF] Serilog.AspNetCore.RequestLoggingMiddleware | HTTP GET /api/SalarySettings/GetSalarySettings → 200 (121.7ms)
2026-04-08 12:08:29.955 [INF] Microsoft.AspNetCore.Hosting.Diagnostics | Request finished HTTP/1.1 GET http://localhost:5217/api/SalarySettings/GetSalarySettings?orgId=12&salaryYearId=3 - 200 null application/json; charset=utf-8 122.0089ms
2026-04-08 12:08:29.968 [INF] Microsoft.AspNetCore.Hosting.Diagnostics | Request starting HTTP/1.1 OPTIONS http://localhost:5217/hubs/salarysettings/negotiate?negotiateVersion=1 - null null
2026-04-08 12:08:29.968 [INF] Microsoft.AspNetCore.Cors.Infrastructure.CorsService | CORS policy execution successful.
2026-04-08 12:08:29.968 [INF] Microsoft.AspNetCore.Hosting.Diagnostics | Request finished HTTP/1.1 OPTIONS http://localhost:5217/hubs/salarysettings/negotiate?negotiateVersion=1 - 204 null null 0.2005ms
2026-04-08 12:08:29.970 [INF] Microsoft.AspNetCore.Hosting.Diagnostics | Request starting HTTP/1.1 POST http://localhost:5217/hubs/salarysettings/negotiate?negotiateVersion=1 - text/plain;charset=UTF-8 0
2026-04-08 12:08:29.970 [INF] Microsoft.AspNetCore.Cors.Infrastructure.CorsService | CORS policy execution successful.
2026-04-08 12:08:29.970 [INF] Microsoft.AspNetCore.Routing.EndpointMiddleware | Executing endpoint '/hubs/salarysettings/negotiate'
2026-04-08 12:08:29.971 [INF] Microsoft.AspNetCore.Routing.EndpointMiddleware | Executed endpoint '/hubs/salarysettings/negotiate'
2026-04-08 12:08:29.971 [INF] Serilog.AspNetCore.RequestLoggingMiddleware | HTTP POST /hubs/salarysettings/negotiate → 200 (0.6ms)
2026-04-08 12:08:29.971 [INF] Microsoft.AspNetCore.Hosting.Diagnostics | Request finished HTTP/1.1 POST http://localhost:5217/hubs/salarysettings/negotiate?negotiateVersion=1 - 200 316 application/json 1.2915ms
2026-04-08 12:08:30.091 [INF] Microsoft.AspNetCore.Hosting.Diagnostics | Request starting HTTP/1.1 GET http://localhost:5217/hubs/salarysettings?id=jKpThuseU9KvpPujrkh6Kw&access_token=eyJhbGciOiJIUzI1NiIsInR5cCI6IkpXVCJ9.eyJuYW1laWQiOiIxOCIsInVuaXF1ZV9uYW1lIjoidmFzYW50aGFrdW1hciIsImVtYWlsIjoidmFzYW50aDIwMDR2a0BnbWFpbC5jb20iLCJyb2xlIjoiU3VwZXJBZG1pbiIsIk9yZ2FuaXphdGlvbklkIjoiMiIsIk9yZ2FuaXphdGlvbkxvZ28iOiIvdXBsb2Fkcy9vcmctbG9nb3Mvb3JnLWxvZ28tNTg3M2M0NzVkOTFkNGJiZDkwNDZkZWVjNjY3ZDEzNmMuanBnIiwibmJmIjoxNzc1NjI5OTc0LCJleHAiOjE3NzU3MTYzNzQsImlhdCI6MTc3NTYyOTk3NCwiaXNzIjoiUHJvRGVzWC1CYWNrZW5kIiwiYXVkIjoiUHJvRGVzWC1Gcm9udGVuZCJ9.igbT3pLpIiahwfTYCSUnLfgWrpW2xHWNEZnnwNqmD4o - null null
2026-04-08 12:08:30.091 [INF] Microsoft.AspNetCore.Cors.Infrastructure.CorsService | CORS policy execution successful.
2026-04-08 12:08:30.092 [INF] Microsoft.AspNetCore.Routing.EndpointMiddleware | Executing endpoint '/hubs/salarysettings'
2026-04-08 12:08:31.785 [INF] Microsoft.AspNetCore.Routing.EndpointMiddleware | Executed endpoint '/hubs/salarysettings'
2026-04-08 12:08:31.785 [INF] Serilog.AspNetCore.RequestLoggingMiddleware | HTTP GET /hubs/salarysettings → 101 (1693.8ms)
2026-04-08 12:08:31.785 [INF] Microsoft.AspNetCore.Hosting.Diagnostics | Request finished HTTP/1.1 GET http://localhost:5217/hubs/salarysettings?id=jKpThuseU9KvpPujrkh6Kw&access_token=eyJhbGciOiJIUzI1NiIsInR5cCI6IkpXVCJ9.eyJuYW1laWQiOiIxOCIsInVuaXF1ZV9uYW1lIjoidmFzYW50aGFrdW1hciIsImVtYWlsIjoidmFzYW50aDIwMDR2a0BnbWFpbC5jb20iLCJyb2xlIjoiU3VwZXJBZG1pbiIsIk9yZ2FuaXphdGlvbklkIjoiMiIsIk9yZ2FuaXphdGlvbkxvZ28iOiIvdXBsb2Fkcy9vcmctbG9nb3Mvb3JnLWxvZ28tNTg3M2M0NzVkOTFkNGJiZDkwNDZkZWVjNjY3ZDEzNmMuanBnIiwibmJmIjoxNzc1NjI5OTc0LCJleHAiOjE3NzU3MTYzNzQsImlhdCI6MTc3NTYyOTk3NCwiaXNzIjoiUHJvRGVzWC1CYWNrZW5kIiwiYXVkIjoiUHJvRGVzWC1Gcm9udGVuZCJ9.igbT3pLpIiahwfTYCSUnLfgWrpW2xHWNEZnnwNqmD4o - 101 null null 1694.4149ms
2026-04-08 12:08:31.788 [INF] Microsoft.AspNetCore.Hosting.Diagnostics | Request starting HTTP/1.1 OPTIONS http://localhost:5217/api/SalaryYear/GetSalaryYearsByOrgId?orgId=9 - null null
2026-04-08 12:08:31.788 [INF] Microsoft.AspNetCore.Cors.Infrastructure.CorsService | CORS policy execution successful.
2026-04-08 12:08:31.788 [INF] Microsoft.AspNetCore.Hosting.Diagnostics | Request finished HTTP/1.1 OPTIONS http://localhost:5217/api/SalaryYear/GetSalaryYearsByOrgId?orgId=9 - 204 null null 0.2298ms
2026-04-08 12:08:31.789 [INF] Microsoft.AspNetCore.Hosting.Diagnostics | Request starting HTTP/1.1 GET http://localhost:5217/api/SalaryYear/GetSalaryYearsByOrgId?orgId=9 - application/json null
2026-04-08 12:08:31.790 [INF] Microsoft.AspNetCore.Cors.Infrastructure.CorsService | CORS policy execution successful.
2026-04-08 12:08:31.790 [INF] Microsoft.AspNetCore.Routing.EndpointMiddleware | Executing endpoint 'backend.Controllers.SalaryYearController.GetSalaryYearsByOrgId (backend)'
2026-04-08 12:08:31.790 [INF] Microsoft.AspNetCore.Mvc.Infrastructure.ControllerActionInvoker | Route matched with {action = "GetSalaryYearsByOrgId", controller = "SalaryYear"}. Executing controller action with signature System.Threading.Tasks.Task`1[Microsoft.AspNetCore.Mvc.IActionResult] GetSalaryYearsByOrgId(System.String) on controller backend.Controllers.SalaryYearController (backend).
2026-04-08 12:08:31.813 [INF] Microsoft.AspNetCore.Mvc.Infrastructure.ObjectResultExecutor | Executing OkObjectResult, writing value of type 'System.Collections.Generic.List`1[[backend.Models.SalaryYear, backend, Version=1.0.0.0, Culture=neutral, PublicKeyToken=null]]'.
2026-04-08 12:08:31.813 [INF] Microsoft.AspNetCore.Mvc.Infrastructure.ControllerActionInvoker | Executed action backend.Controllers.SalaryYearController.GetSalaryYearsByOrgId (backend) in 22.924ms
2026-04-08 12:08:31.813 [INF] Microsoft.AspNetCore.Routing.EndpointMiddleware | Executed endpoint 'backend.Controllers.SalaryYearController.GetSalaryYearsByOrgId (backend)'
2026-04-08 12:08:31.813 [INF] Serilog.AspNetCore.RequestLoggingMiddleware | HTTP GET /api/SalaryYear/GetSalaryYearsByOrgId → 200 (23.1ms)
2026-04-08 12:08:31.813 [INF] Microsoft.AspNetCore.Hosting.Diagnostics | Request finished HTTP/1.1 GET http://localhost:5217/api/SalaryYear/GetSalaryYearsByOrgId?orgId=9 - 200 null application/json; charset=utf-8 23.5702ms
2026-04-08 12:08:31.861 [INF] Microsoft.AspNetCore.Hosting.Diagnostics | Request starting HTTP/1.1 OPTIONS http://localhost:5217/api/employees?organizationId=9 - null null
2026-04-08 12:08:31.861 [INF] Microsoft.AspNetCore.Cors.Infrastructure.CorsService | CORS policy execution successful.
2026-04-08 12:08:31.861 [INF] Microsoft.AspNetCore.Hosting.Diagnostics | Request finished HTTP/1.1 OPTIONS http://localhost:5217/api/employees?organizationId=9 - 204 null null 0.28ms
2026-04-08 12:08:31.862 [INF] Microsoft.AspNetCore.Hosting.Diagnostics | Request starting HTTP/1.1 GET http://localhost:5217/api/employees?organizationId=9 - application/json null
2026-04-08 12:08:31.862 [INF] Microsoft.AspNetCore.Cors.Infrastructure.CorsService | CORS policy execution successful.
2026-04-08 12:08:31.863 [INF] Microsoft.AspNetCore.Routing.EndpointMiddleware | Executing endpoint 'backend.Controllers.EmployeesController.GetEmployees (backend)'
2026-04-08 12:08:31.863 [INF] Microsoft.AspNetCore.Mvc.Infrastructure.ControllerActionInvoker | Route matched with {action = "GetEmployees", controller = "Employees"}. Executing controller action with signature System.Threading.Tasks.Task`1[Microsoft.AspNetCore.Mvc.IActionResult] GetEmployees(System.Nullable`1[System.Int32]) on controller backend.Controllers.EmployeesController (backend).
2026-04-08 12:08:31.863 [INF] backend.Controllers.EmployeesController | [Employees] GET all | TargetOrgId=9 | UserOrgId=2
2026-04-08 12:08:31.877 [INF] Microsoft.AspNetCore.Mvc.Infrastructure.ObjectResultExecutor | Executing OkObjectResult, writing value of type 'System.Collections.Generic.List`1[[backend.Models.Employee, backend, Version=1.0.0.0, Culture=neutral, PublicKeyToken=null]]'.
2026-04-08 12:08:31.877 [INF] Microsoft.AspNetCore.Mvc.Infrastructure.ControllerActionInvoker | Executed action backend.Controllers.EmployeesController.GetEmployees (backend) in 14.659ms
2026-04-08 12:08:31.878 [INF] Microsoft.AspNetCore.Routing.EndpointMiddleware | Executed endpoint 'backend.Controllers.EmployeesController.GetEmployees (backend)'
2026-04-08 12:08:31.878 [INF] Serilog.AspNetCore.RequestLoggingMiddleware | HTTP GET /api/employees → 200 (14.9ms)
2026-04-08 12:08:31.878 [INF] Microsoft.AspNetCore.Hosting.Diagnostics | Request finished HTTP/1.1 GET http://localhost:5217/api/employees?organizationId=9 - 200 null application/json; charset=utf-8 15.3406ms
2026-04-08 12:08:31.911 [INF] Microsoft.AspNetCore.Hosting.Diagnostics | Request starting HTTP/1.1 OPTIONS http://localhost:5217/api/SalarySettings/GetSalarySettings?orgId=9&salaryYearId=3 - null null
2026-04-08 12:08:31.911 [INF] Microsoft.AspNetCore.Cors.Infrastructure.CorsService | CORS policy execution successful.
2026-04-08 12:08:31.911 [INF] Microsoft.AspNetCore.Hosting.Diagnostics | Request finished HTTP/1.1 OPTIONS http://localhost:5217/api/SalarySettings/GetSalarySettings?orgId=9&salaryYearId=3 - 204 null null 0.2678ms
2026-04-08 12:08:31.912 [INF] Microsoft.AspNetCore.Hosting.Diagnostics | Request starting HTTP/1.1 GET http://localhost:5217/api/SalarySettings/GetSalarySettings?orgId=9&salaryYearId=3 - application/json null
2026-04-08 12:08:31.912 [INF] Microsoft.AspNetCore.Cors.Infrastructure.CorsService | CORS policy execution successful.
2026-04-08 12:08:31.912 [INF] Microsoft.AspNetCore.Routing.EndpointMiddleware | Executing endpoint 'backend.Controllers.SalarySettingsController.GetSalarySettings (backend)'
2026-04-08 12:08:31.912 [INF] Microsoft.AspNetCore.Mvc.Infrastructure.ControllerActionInvoker | Route matched with {action = "GetSalarySettings", controller = "SalarySettings"}. Executing controller action with signature System.Threading.Tasks.Task`1[Microsoft.AspNetCore.Mvc.IActionResult] GetSalarySettings(System.String, System.String) on controller backend.Controllers.SalarySettingsController (backend).
2026-04-08 12:08:31.937 [INF] Microsoft.AspNetCore.Mvc.Infrastructure.ObjectResultExecutor | Executing OkObjectResult, writing value of type 'System.Collections.Generic.List`1[[backend.Models.SalarySettings, backend, Version=1.0.0.0, Culture=neutral, PublicKeyToken=null]]'.
2026-04-08 12:08:31.937 [INF] Microsoft.AspNetCore.Mvc.Infrastructure.ControllerActionInvoker | Executed action backend.Controllers.SalarySettingsController.GetSalarySettings (backend) in 24.5427ms
2026-04-08 12:08:31.937 [INF] Microsoft.AspNetCore.Routing.EndpointMiddleware | Executed endpoint 'backend.Controllers.SalarySettingsController.GetSalarySettings (backend)'
2026-04-08 12:08:31.937 [INF] Serilog.AspNetCore.RequestLoggingMiddleware | HTTP GET /api/SalarySettings/GetSalarySettings → 200 (24.7ms)
2026-04-08 12:08:31.937 [INF] Microsoft.AspNetCore.Hosting.Diagnostics | Request finished HTTP/1.1 GET http://localhost:5217/api/SalarySettings/GetSalarySettings?orgId=9&salaryYearId=3 - 200 null application/json; charset=utf-8 25.0918ms
2026-04-08 12:08:31.947 [INF] Microsoft.AspNetCore.Hosting.Diagnostics | Request starting HTTP/1.1 POST http://localhost:5217/hubs/salarysettings/negotiate?negotiateVersion=1 - text/plain;charset=UTF-8 0
2026-04-08 12:08:31.948 [INF] Microsoft.AspNetCore.Cors.Infrastructure.CorsService | CORS policy execution successful.
2026-04-08 12:08:31.948 [INF] Microsoft.AspNetCore.Routing.EndpointMiddleware | Executing endpoint '/hubs/salarysettings/negotiate'
2026-04-08 12:08:31.948 [INF] Microsoft.AspNetCore.Routing.EndpointMiddleware | Executed endpoint '/hubs/salarysettings/negotiate'
2026-04-08 12:08:31.948 [INF] Serilog.AspNetCore.RequestLoggingMiddleware | HTTP POST /hubs/salarysettings/negotiate → 200 (0.2ms)
2026-04-08 12:08:31.948 [INF] Microsoft.AspNetCore.Hosting.Diagnostics | Request finished HTTP/1.1 POST http://localhost:5217/hubs/salarysettings/negotiate?negotiateVersion=1 - 200 316 application/json 0.7027ms
2026-04-08 12:08:31.953 [INF] Microsoft.AspNetCore.Hosting.Diagnostics | Request starting HTTP/1.1 GET http://localhost:5217/hubs/salarysettings?id=pBz65SQM8Y8d2JcWMhKc7g&access_token=eyJhbGciOiJIUzI1NiIsInR5cCI6IkpXVCJ9.eyJuYW1laWQiOiIxOCIsInVuaXF1ZV9uYW1lIjoidmFzYW50aGFrdW1hciIsImVtYWlsIjoidmFzYW50aDIwMDR2a0BnbWFpbC5jb20iLCJyb2xlIjoiU3VwZXJBZG1pbiIsIk9yZ2FuaXphdGlvbklkIjoiMiIsIk9yZ2FuaXphdGlvbkxvZ28iOiIvdXBsb2Fkcy9vcmctbG9nb3Mvb3JnLWxvZ28tNTg3M2M0NzVkOTFkNGJiZDkwNDZkZWVjNjY3ZDEzNmMuanBnIiwibmJmIjoxNzc1NjI5OTc0LCJleHAiOjE3NzU3MTYzNzQsImlhdCI6MTc3NTYyOTk3NCwiaXNzIjoiUHJvRGVzWC1CYWNrZW5kIiwiYXVkIjoiUHJvRGVzWC1Gcm9udGVuZCJ9.igbT3pLpIiahwfTYCSUnLfgWrpW2xHWNEZnnwNqmD4o - null null
2026-04-08 12:08:31.953 [INF] Microsoft.AspNetCore.Cors.Infrastructure.CorsService | CORS policy execution successful.
2026-04-08 12:08:31.953 [INF] Microsoft.AspNetCore.Routing.EndpointMiddleware | Executing endpoint '/hubs/salarysettings'
2026-04-08 12:08:32.037 [INF] Microsoft.AspNetCore.Hosting.Diagnostics | Request starting HTTP/1.1 GET http://localhost:5217/uploads/employee-photos/emp-24.png - null null
2026-04-08 12:08:32.037 [INF] Microsoft.AspNetCore.Cors.Infrastructure.CorsService | CORS policy execution successful.
2026-04-08 12:08:32.067 [INF] Microsoft.AspNetCore.StaticFiles.StaticFileMiddleware | Sending file. Request path: '/uploads/employee-photos/emp-24.png'. Physical path: 'C:\Repos_Work\Prodesx_HRM_Mobile_Application\backend\wwwroot\uploads\employee-photos\emp-24.png'
2026-04-08 12:08:32.067 [INF] Microsoft.AspNetCore.Hosting.Diagnostics | Request finished HTTP/1.1 GET http://localhost:5217/uploads/employee-photos/emp-24.png - 200 948415 image/png 29.6468ms
2026-04-08 12:08:33.846 [INF] Microsoft.AspNetCore.Routing.EndpointMiddleware | Executed endpoint '/hubs/salarysettings'
2026-04-08 12:08:33.846 [INF] Serilog.AspNetCore.RequestLoggingMiddleware | HTTP GET /hubs/salarysettings → 101 (1893.0ms)
2026-04-08 12:08:33.846 [INF] Microsoft.AspNetCore.Hosting.Diagnostics | Request finished HTTP/1.1 GET http://localhost:5217/hubs/salarysettings?id=pBz65SQM8Y8d2JcWMhKc7g&access_token=eyJhbGciOiJIUzI1NiIsInR5cCI6IkpXVCJ9.eyJuYW1laWQiOiIxOCIsInVuaXF1ZV9uYW1lIjoidmFzYW50aGFrdW1hciIsImVtYWlsIjoidmFzYW50aDIwMDR2a0BnbWFpbC5jb20iLCJyb2xlIjoiU3VwZXJBZG1pbiIsIk9yZ2FuaXphdGlvbklkIjoiMiIsIk9yZ2FuaXphdGlvbkxvZ28iOiIvdXBsb2Fkcy9vcmctbG9nb3Mvb3JnLWxvZ28tNTg3M2M0NzVkOTFkNGJiZDkwNDZkZWVjNjY3ZDEzNmMuanBnIiwibmJmIjoxNzc1NjI5OTc0LCJleHAiOjE3NzU3MTYzNzQsImlhdCI6MTc3NTYyOTk3NCwiaXNzIjoiUHJvRGVzWC1CYWNrZW5kIiwiYXVkIjoiUHJvRGVzWC1Gcm9udGVuZCJ9.igbT3pLpIiahwfTYCSUnLfgWrpW2xHWNEZnnwNqmD4o - 101 null null 1893.855ms
2026-04-08 12:08:33.848 [INF] Microsoft.AspNetCore.Hosting.Diagnostics | Request starting HTTP/1.1 OPTIONS http://localhost:5217/api/SalaryYear/GetSalaryYearsByOrgId?orgId=3 - null null
2026-04-08 12:08:33.848 [INF] Microsoft.AspNetCore.Cors.Infrastructure.CorsService | CORS policy execution successful.
2026-04-08 12:08:33.848 [INF] Microsoft.AspNetCore.Hosting.Diagnostics | Request finished HTTP/1.1 OPTIONS http://localhost:5217/api/SalaryYear/GetSalaryYearsByOrgId?orgId=3 - 204 null null 0.2132ms
2026-04-08 12:08:33.850 [INF] Microsoft.AspNetCore.Hosting.Diagnostics | Request starting HTTP/1.1 GET http://localhost:5217/api/SalaryYear/GetSalaryYearsByOrgId?orgId=3 - application/json null
2026-04-08 12:08:33.850 [INF] Microsoft.AspNetCore.Cors.Infrastructure.CorsService | CORS policy execution successful.
2026-04-08 12:08:33.851 [INF] Microsoft.AspNetCore.Routing.EndpointMiddleware | Executing endpoint 'backend.Controllers.SalaryYearController.GetSalaryYearsByOrgId (backend)'
2026-04-08 12:08:33.851 [INF] Microsoft.AspNetCore.Mvc.Infrastructure.ControllerActionInvoker | Route matched with {action = "GetSalaryYearsByOrgId", controller = "SalaryYear"}. Executing controller action with signature System.Threading.Tasks.Task`1[Microsoft.AspNetCore.Mvc.IActionResult] GetSalaryYearsByOrgId(System.String) on controller backend.Controllers.SalaryYearController (backend).
2026-04-08 12:08:33.872 [INF] Microsoft.AspNetCore.Mvc.Infrastructure.ObjectResultExecutor | Executing OkObjectResult, writing value of type 'System.Collections.Generic.List`1[[backend.Models.SalaryYear, backend, Version=1.0.0.0, Culture=neutral, PublicKeyToken=null]]'.
2026-04-08 12:08:33.872 [INF] Microsoft.AspNetCore.Mvc.Infrastructure.ControllerActionInvoker | Executed action backend.Controllers.SalaryYearController.GetSalaryYearsByOrgId (backend) in 21.5639ms
2026-04-08 12:08:33.872 [INF] Microsoft.AspNetCore.Routing.EndpointMiddleware | Executed endpoint 'backend.Controllers.SalaryYearController.GetSalaryYearsByOrgId (backend)'
2026-04-08 12:08:33.872 [INF] Serilog.AspNetCore.RequestLoggingMiddleware | HTTP GET /api/SalaryYear/GetSalaryYearsByOrgId → 200 (21.8ms)
2026-04-08 12:08:33.873 [INF] Microsoft.AspNetCore.Hosting.Diagnostics | Request finished HTTP/1.1 GET http://localhost:5217/api/SalaryYear/GetSalaryYearsByOrgId?orgId=3 - 200 null application/json; charset=utf-8 22.4073ms
2026-04-08 12:08:33.931 [INF] Microsoft.AspNetCore.Hosting.Diagnostics | Request starting HTTP/1.1 OPTIONS http://localhost:5217/api/employees?organizationId=3 - null null
2026-04-08 12:08:33.932 [INF] Microsoft.AspNetCore.Cors.Infrastructure.CorsService | CORS policy execution successful.
2026-04-08 12:08:33.932 [INF] Microsoft.AspNetCore.Hosting.Diagnostics | Request finished HTTP/1.1 OPTIONS http://localhost:5217/api/employees?organizationId=3 - 204 null null 0.3854ms
2026-04-08 12:08:33.933 [INF] Microsoft.AspNetCore.Hosting.Diagnostics | Request starting HTTP/1.1 GET http://localhost:5217/api/employees?organizationId=3 - application/json null
2026-04-08 12:08:33.933 [INF] Microsoft.AspNetCore.Cors.Infrastructure.CorsService | CORS policy execution successful.
2026-04-08 12:08:33.934 [INF] Microsoft.AspNetCore.Routing.EndpointMiddleware | Executing endpoint 'backend.Controllers.EmployeesController.GetEmployees (backend)'
2026-04-08 12:08:33.934 [INF] Microsoft.AspNetCore.Mvc.Infrastructure.ControllerActionInvoker | Route matched with {action = "GetEmployees", controller = "Employees"}. Executing controller action with signature System.Threading.Tasks.Task`1[Microsoft.AspNetCore.Mvc.IActionResult] GetEmployees(System.Nullable`1[System.Int32]) on controller backend.Controllers.EmployeesController (backend).
2026-04-08 12:08:33.934 [INF] backend.Controllers.EmployeesController | [Employees] GET all | TargetOrgId=3 | UserOrgId=2
2026-04-08 12:08:33.948 [INF] Microsoft.AspNetCore.Mvc.Infrastructure.ObjectResultExecutor | Executing OkObjectResult, writing value of type 'System.Collections.Generic.List`1[[backend.Models.Employee, backend, Version=1.0.0.0, Culture=neutral, PublicKeyToken=null]]'.
2026-04-08 12:08:33.948 [INF] Microsoft.AspNetCore.Mvc.Infrastructure.ControllerActionInvoker | Executed action backend.Controllers.EmployeesController.GetEmployees (backend) in 14.3406ms
2026-04-08 12:08:33.948 [INF] Microsoft.AspNetCore.Routing.EndpointMiddleware | Executed endpoint 'backend.Controllers.EmployeesController.GetEmployees (backend)'
2026-04-08 12:08:33.948 [INF] Serilog.AspNetCore.RequestLoggingMiddleware | HTTP GET /api/employees → 200 (14.6ms)
2026-04-08 12:08:33.948 [INF] Microsoft.AspNetCore.Hosting.Diagnostics | Request finished HTTP/1.1 GET http://localhost:5217/api/employees?organizationId=3 - 200 null application/json; charset=utf-8 15.1015ms
2026-04-08 12:08:33.987 [INF] Microsoft.AspNetCore.Hosting.Diagnostics | Request starting HTTP/1.1 OPTIONS http://localhost:5217/api/SalarySettings/GetSalarySettings?orgId=3&salaryYearId=3 - null null
2026-04-08 12:08:33.987 [INF] Microsoft.AspNetCore.Cors.Infrastructure.CorsService | CORS policy execution successful.
2026-04-08 12:08:33.987 [INF] Microsoft.AspNetCore.Hosting.Diagnostics | Request finished HTTP/1.1 OPTIONS http://localhost:5217/api/SalarySettings/GetSalarySettings?orgId=3&salaryYearId=3 - 204 null null 0.1599ms
2026-04-08 12:08:33.988 [INF] Microsoft.AspNetCore.Hosting.Diagnostics | Request starting HTTP/1.1 GET http://localhost:5217/api/SalarySettings/GetSalarySettings?orgId=3&salaryYearId=3 - application/json null
2026-04-08 12:08:33.989 [INF] Microsoft.AspNetCore.Cors.Infrastructure.CorsService | CORS policy execution successful.
2026-04-08 12:08:33.989 [INF] Microsoft.AspNetCore.Routing.EndpointMiddleware | Executing endpoint 'backend.Controllers.SalarySettingsController.GetSalarySettings (backend)'
2026-04-08 12:08:33.989 [INF] Microsoft.AspNetCore.Mvc.Infrastructure.ControllerActionInvoker | Route matched with {action = "GetSalarySettings", controller = "SalarySettings"}. Executing controller action with signature System.Threading.Tasks.Task`1[Microsoft.AspNetCore.Mvc.IActionResult] GetSalarySettings(System.String, System.String) on controller backend.Controllers.SalarySettingsController (backend).
2026-04-08 12:08:34.008 [INF] Microsoft.AspNetCore.Mvc.Infrastructure.ObjectResultExecutor | Executing OkObjectResult, writing value of type 'System.Collections.Generic.List`1[[backend.Models.SalarySettings, backend, Version=1.0.0.0, Culture=neutral, PublicKeyToken=null]]'.
2026-04-08 12:08:34.009 [INF] Microsoft.AspNetCore.Mvc.Infrastructure.ControllerActionInvoker | Executed action backend.Controllers.SalarySettingsController.GetSalarySettings (backend) in 19.6166ms
2026-04-08 12:08:34.009 [INF] Microsoft.AspNetCore.Routing.EndpointMiddleware | Executed endpoint 'backend.Controllers.SalarySettingsController.GetSalarySettings (backend)'
2026-04-08 12:08:34.009 [INF] Serilog.AspNetCore.RequestLoggingMiddleware | HTTP GET /api/SalarySettings/GetSalarySettings → 200 (19.8ms)
2026-04-08 12:08:34.009 [INF] Microsoft.AspNetCore.Hosting.Diagnostics | Request finished HTTP/1.1 GET http://localhost:5217/api/SalarySettings/GetSalarySettings?orgId=3&salaryYearId=3 - 200 null application/json; charset=utf-8 20.2733ms
2026-04-08 12:08:34.016 [INF] Microsoft.AspNetCore.Hosting.Diagnostics | Request starting HTTP/1.1 POST http://localhost:5217/hubs/salarysettings/negotiate?negotiateVersion=1 - text/plain;charset=UTF-8 0
2026-04-08 12:08:34.017 [INF] Microsoft.AspNetCore.Cors.Infrastructure.CorsService | CORS policy execution successful.
2026-04-08 12:08:34.017 [INF] Microsoft.AspNetCore.Routing.EndpointMiddleware | Executing endpoint '/hubs/salarysettings/negotiate'
2026-04-08 12:08:34.017 [INF] Microsoft.AspNetCore.Routing.EndpointMiddleware | Executed endpoint '/hubs/salarysettings/negotiate'
2026-04-08 12:08:34.017 [INF] Serilog.AspNetCore.RequestLoggingMiddleware | HTTP POST /hubs/salarysettings/negotiate → 200 (0.2ms)
2026-04-08 12:08:34.017 [INF] Microsoft.AspNetCore.Hosting.Diagnostics | Request finished HTTP/1.1 POST http://localhost:5217/hubs/salarysettings/negotiate?negotiateVersion=1 - 200 316 application/json 0.9074ms
2026-04-08 12:08:34.022 [INF] Microsoft.AspNetCore.Hosting.Diagnostics | Request starting HTTP/1.1 GET http://localhost:5217/hubs/salarysettings?id=wLS2VqDVydhIFpPg5lbcGQ&access_token=eyJhbGciOiJIUzI1NiIsInR5cCI6IkpXVCJ9.eyJuYW1laWQiOiIxOCIsInVuaXF1ZV9uYW1lIjoidmFzYW50aGFrdW1hciIsImVtYWlsIjoidmFzYW50aDIwMDR2a0BnbWFpbC5jb20iLCJyb2xlIjoiU3VwZXJBZG1pbiIsIk9yZ2FuaXphdGlvbklkIjoiMiIsIk9yZ2FuaXphdGlvbkxvZ28iOiIvdXBsb2Fkcy9vcmctbG9nb3Mvb3JnLWxvZ28tNTg3M2M0NzVkOTFkNGJiZDkwNDZkZWVjNjY3ZDEzNmMuanBnIiwibmJmIjoxNzc1NjI5OTc0LCJleHAiOjE3NzU3MTYzNzQsImlhdCI6MTc3NTYyOTk3NCwiaXNzIjoiUHJvRGVzWC1CYWNrZW5kIiwiYXVkIjoiUHJvRGVzWC1Gcm9udGVuZCJ9.igbT3pLpIiahwfTYCSUnLfgWrpW2xHWNEZnnwNqmD4o - null null
2026-04-08 12:08:34.022 [INF] Microsoft.AspNetCore.Cors.Infrastructure.CorsService | CORS policy execution successful.
2026-04-08 12:08:34.023 [INF] Microsoft.AspNetCore.Routing.EndpointMiddleware | Executing endpoint '/hubs/salarysettings'
2026-04-08 12:08:36.055 [INF] Microsoft.AspNetCore.Routing.EndpointMiddleware | Executed endpoint '/hubs/salarysettings'
2026-04-08 12:08:36.056 [INF] Serilog.AspNetCore.RequestLoggingMiddleware | HTTP GET /hubs/salarysettings → 101 (2032.9ms)
2026-04-08 12:08:36.056 [INF] Microsoft.AspNetCore.Hosting.Diagnostics | Request finished HTTP/1.1 GET http://localhost:5217/hubs/salarysettings?id=wLS2VqDVydhIFpPg5lbcGQ&access_token=eyJhbGciOiJIUzI1NiIsInR5cCI6IkpXVCJ9.eyJuYW1laWQiOiIxOCIsInVuaXF1ZV9uYW1lIjoidmFzYW50aGFrdW1hciIsImVtYWlsIjoidmFzYW50aDIwMDR2a0BnbWFpbC5jb20iLCJyb2xlIjoiU3VwZXJBZG1pbiIsIk9yZ2FuaXphdGlvbklkIjoiMiIsIk9yZ2FuaXphdGlvbkxvZ28iOiIvdXBsb2Fkcy9vcmctbG9nb3Mvb3JnLWxvZ28tNTg3M2M0NzVkOTFkNGJiZDkwNDZkZWVjNjY3ZDEzNmMuanBnIiwibmJmIjoxNzc1NjI5OTc0LCJleHAiOjE3NzU3MTYzNzQsImlhdCI6MTc3NTYyOTk3NCwiaXNzIjoiUHJvRGVzWC1CYWNrZW5kIiwiYXVkIjoiUHJvRGVzWC1Gcm9udGVuZCJ9.igbT3pLpIiahwfTYCSUnLfgWrpW2xHWNEZnnwNqmD4o - 101 null null 2033.3029ms
2026-04-08 12:08:36.057 [INF] Microsoft.AspNetCore.Hosting.Diagnostics | Request starting HTTP/1.1 OPTIONS http://localhost:5217/api/SalaryYear/GetSalaryYearsByOrgId?orgId=1 - null null
2026-04-08 12:08:36.057 [INF] Microsoft.AspNetCore.Cors.Infrastructure.CorsService | CORS policy execution successful.
2026-04-08 12:08:36.057 [INF] Microsoft.AspNetCore.Hosting.Diagnostics | Request finished HTTP/1.1 OPTIONS http://localhost:5217/api/SalaryYear/GetSalaryYearsByOrgId?orgId=1 - 204 null null 0.1481ms
2026-04-08 12:08:36.058 [INF] Microsoft.AspNetCore.Hosting.Diagnostics | Request starting HTTP/1.1 GET http://localhost:5217/api/SalaryYear/GetSalaryYearsByOrgId?orgId=1 - application/json null
2026-04-08 12:08:36.058 [INF] Microsoft.AspNetCore.Cors.Infrastructure.CorsService | CORS policy execution successful.
2026-04-08 12:08:36.059 [INF] Microsoft.AspNetCore.Routing.EndpointMiddleware | Executing endpoint 'backend.Controllers.SalaryYearController.GetSalaryYearsByOrgId (backend)'
2026-04-08 12:08:36.059 [INF] Microsoft.AspNetCore.Mvc.Infrastructure.ControllerActionInvoker | Route matched with {action = "GetSalaryYearsByOrgId", controller = "SalaryYear"}. Executing controller action with signature System.Threading.Tasks.Task`1[Microsoft.AspNetCore.Mvc.IActionResult] GetSalaryYearsByOrgId(System.String) on controller backend.Controllers.SalaryYearController (backend).
2026-04-08 12:08:36.080 [INF] Microsoft.AspNetCore.Mvc.Infrastructure.ObjectResultExecutor | Executing OkObjectResult, writing value of type 'System.Collections.Generic.List`1[[backend.Models.SalaryYear, backend, Version=1.0.0.0, Culture=neutral, PublicKeyToken=null]]'.
2026-04-08 12:08:36.081 [INF] Microsoft.AspNetCore.Mvc.Infrastructure.ControllerActionInvoker | Executed action backend.Controllers.SalaryYearController.GetSalaryYearsByOrgId (backend) in 21.5136ms
2026-04-08 12:08:36.081 [INF] Microsoft.AspNetCore.Routing.EndpointMiddleware | Executed endpoint 'backend.Controllers.SalaryYearController.GetSalaryYearsByOrgId (backend)'
2026-04-08 12:08:36.081 [INF] Serilog.AspNetCore.RequestLoggingMiddleware | HTTP GET /api/SalaryYear/GetSalaryYearsByOrgId → 200 (21.7ms)
2026-04-08 12:08:36.081 [INF] Microsoft.AspNetCore.Hosting.Diagnostics | Request finished HTTP/1.1 GET http://localhost:5217/api/SalaryYear/GetSalaryYearsByOrgId?orgId=1 - 200 null application/json; charset=utf-8 22.4437ms
2026-04-08 12:08:36.125 [INF] Microsoft.AspNetCore.Hosting.Diagnostics | Request starting HTTP/1.1 OPTIONS http://localhost:5217/api/employees?organizationId=1 - null null
2026-04-08 12:08:36.125 [INF] Microsoft.AspNetCore.Cors.Infrastructure.CorsService | CORS policy execution successful.
2026-04-08 12:08:36.125 [INF] Microsoft.AspNetCore.Hosting.Diagnostics | Request finished HTTP/1.1 OPTIONS http://localhost:5217/api/employees?organizationId=1 - 204 null null 0.136ms
2026-04-08 12:08:36.127 [INF] Microsoft.AspNetCore.Hosting.Diagnostics | Request starting HTTP/1.1 GET http://localhost:5217/api/employees?organizationId=1 - application/json null
2026-04-08 12:08:36.127 [INF] Microsoft.AspNetCore.Cors.Infrastructure.CorsService | CORS policy execution successful.
2026-04-08 12:08:36.127 [INF] Microsoft.AspNetCore.Routing.EndpointMiddleware | Executing endpoint 'backend.Controllers.EmployeesController.GetEmployees (backend)'
2026-04-08 12:08:36.127 [INF] Microsoft.AspNetCore.Mvc.Infrastructure.ControllerActionInvoker | Route matched with {action = "GetEmployees", controller = "Employees"}. Executing controller action with signature System.Threading.Tasks.Task`1[Microsoft.AspNetCore.Mvc.IActionResult] GetEmployees(System.Nullable`1[System.Int32]) on controller backend.Controllers.EmployeesController (backend).
2026-04-08 12:08:36.127 [INF] backend.Controllers.EmployeesController | [Employees] GET all | TargetOrgId=1 | UserOrgId=2
2026-04-08 12:08:36.148 [INF] Microsoft.AspNetCore.Mvc.Infrastructure.ObjectResultExecutor | Executing OkObjectResult, writing value of type 'System.Collections.Generic.List`1[[backend.Models.Employee, backend, Version=1.0.0.0, Culture=neutral, PublicKeyToken=null]]'.
2026-04-08 12:08:36.148 [INF] Microsoft.AspNetCore.Mvc.Infrastructure.ControllerActionInvoker | Executed action backend.Controllers.EmployeesController.GetEmployees (backend) in 21.3122ms
2026-04-08 12:08:36.148 [INF] Microsoft.AspNetCore.Routing.EndpointMiddleware | Executed endpoint 'backend.Controllers.EmployeesController.GetEmployees (backend)'
2026-04-08 12:08:36.148 [INF] Serilog.AspNetCore.RequestLoggingMiddleware | HTTP GET /api/employees → 200 (21.6ms)
2026-04-08 12:08:36.148 [INF] Microsoft.AspNetCore.Hosting.Diagnostics | Request finished HTTP/1.1 GET http://localhost:5217/api/employees?organizationId=1 - 200 null application/json; charset=utf-8 21.9365ms
2026-04-08 12:08:36.169 [INF] Microsoft.AspNetCore.Hosting.Diagnostics | Request starting HTTP/1.1 OPTIONS http://localhost:5217/api/SalarySettings/GetSalarySettings?orgId=1&salaryYearId=3 - null null
2026-04-08 12:08:36.169 [INF] Microsoft.AspNetCore.Cors.Infrastructure.CorsService | CORS policy execution successful.
2026-04-08 12:08:36.169 [INF] Microsoft.AspNetCore.Hosting.Diagnostics | Request finished HTTP/1.1 OPTIONS http://localhost:5217/api/SalarySettings/GetSalarySettings?orgId=1&salaryYearId=3 - 204 null null 0.2215ms
2026-04-08 12:08:36.171 [INF] Microsoft.AspNetCore.Hosting.Diagnostics | Request starting HTTP/1.1 GET http://localhost:5217/api/SalarySettings/GetSalarySettings?orgId=1&salaryYearId=3 - application/json null
2026-04-08 12:08:36.171 [INF] Microsoft.AspNetCore.Cors.Infrastructure.CorsService | CORS policy execution successful.
2026-04-08 12:08:36.171 [INF] Microsoft.AspNetCore.Routing.EndpointMiddleware | Executing endpoint 'backend.Controllers.SalarySettingsController.GetSalarySettings (backend)'
2026-04-08 12:08:36.172 [INF] Microsoft.AspNetCore.Mvc.Infrastructure.ControllerActionInvoker | Route matched with {action = "GetSalarySettings", controller = "SalarySettings"}. Executing controller action with signature System.Threading.Tasks.Task`1[Microsoft.AspNetCore.Mvc.IActionResult] GetSalarySettings(System.String, System.String) on controller backend.Controllers.SalarySettingsController (backend).
2026-04-08 12:08:36.193 [INF] Microsoft.AspNetCore.Mvc.Infrastructure.ObjectResultExecutor | Executing OkObjectResult, writing value of type 'System.Collections.Generic.List`1[[backend.Models.SalarySettings, backend, Version=1.0.0.0, Culture=neutral, PublicKeyToken=null]]'.
2026-04-08 12:08:36.193 [INF] Microsoft.AspNetCore.Mvc.Infrastructure.ControllerActionInvoker | Executed action backend.Controllers.SalarySettingsController.GetSalarySettings (backend) in 21.5332ms
2026-04-08 12:08:36.193 [INF] Microsoft.AspNetCore.Routing.EndpointMiddleware | Executed endpoint 'backend.Controllers.SalarySettingsController.GetSalarySettings (backend)'
2026-04-08 12:08:36.193 [INF] Serilog.AspNetCore.RequestLoggingMiddleware | HTTP GET /api/SalarySettings/GetSalarySettings → 200 (21.8ms)
2026-04-08 12:08:36.193 [INF] Microsoft.AspNetCore.Hosting.Diagnostics | Request finished HTTP/1.1 GET http://localhost:5217/api/SalarySettings/GetSalarySettings?orgId=1&salaryYearId=3 - 200 null application/json; charset=utf-8 22.3317ms
2026-04-08 12:08:36.198 [INF] Microsoft.AspNetCore.Hosting.Diagnostics | Request starting HTTP/1.1 OPTIONS http://localhost:5217/hubs/salarysettings/negotiate?negotiateVersion=1 - null null
2026-04-08 12:08:36.198 [INF] Microsoft.AspNetCore.Cors.Infrastructure.CorsService | CORS policy execution successful.
2026-04-08 12:08:36.198 [INF] Microsoft.AspNetCore.Hosting.Diagnostics | Request finished HTTP/1.1 OPTIONS http://localhost:5217/hubs/salarysettings/negotiate?negotiateVersion=1 - 204 null null 0.17ms
2026-04-08 12:08:36.199 [INF] Microsoft.AspNetCore.Hosting.Diagnostics | Request starting HTTP/1.1 POST http://localhost:5217/hubs/salarysettings/negotiate?negotiateVersion=1 - text/plain;charset=UTF-8 0
2026-04-08 12:08:36.199 [INF] Microsoft.AspNetCore.Cors.Infrastructure.CorsService | CORS policy execution successful.
2026-04-08 12:08:36.199 [INF] Microsoft.AspNetCore.Routing.EndpointMiddleware | Executing endpoint '/hubs/salarysettings/negotiate'
2026-04-08 12:08:36.200 [INF] Microsoft.AspNetCore.Routing.EndpointMiddleware | Executed endpoint '/hubs/salarysettings/negotiate'
2026-04-08 12:08:36.200 [INF] Serilog.AspNetCore.RequestLoggingMiddleware | HTTP POST /hubs/salarysettings/negotiate → 200 (0.2ms)
2026-04-08 12:08:36.200 [INF] Microsoft.AspNetCore.Hosting.Diagnostics | Request finished HTTP/1.1 POST http://localhost:5217/hubs/salarysettings/negotiate?negotiateVersion=1 - 200 316 application/json 0.4739ms
2026-04-08 12:08:36.204 [INF] Microsoft.AspNetCore.Hosting.Diagnostics | Request starting HTTP/1.1 GET http://localhost:5217/hubs/salarysettings?id=FIjmqES8WKTBqZrln6rIwQ&access_token=eyJhbGciOiJIUzI1NiIsInR5cCI6IkpXVCJ9.eyJuYW1laWQiOiIxOCIsInVuaXF1ZV9uYW1lIjoidmFzYW50aGFrdW1hciIsImVtYWlsIjoidmFzYW50aDIwMDR2a0BnbWFpbC5jb20iLCJyb2xlIjoiU3VwZXJBZG1pbiIsIk9yZ2FuaXphdGlvbklkIjoiMiIsIk9yZ2FuaXphdGlvbkxvZ28iOiIvdXBsb2Fkcy9vcmctbG9nb3Mvb3JnLWxvZ28tNTg3M2M0NzVkOTFkNGJiZDkwNDZkZWVjNjY3ZDEzNmMuanBnIiwibmJmIjoxNzc1NjI5OTc0LCJleHAiOjE3NzU3MTYzNzQsImlhdCI6MTc3NTYyOTk3NCwiaXNzIjoiUHJvRGVzWC1CYWNrZW5kIiwiYXVkIjoiUHJvRGVzWC1Gcm9udGVuZCJ9.igbT3pLpIiahwfTYCSUnLfgWrpW2xHWNEZnnwNqmD4o - null null
2026-04-08 12:08:36.204 [INF] Microsoft.AspNetCore.Cors.Infrastructure.CorsService | CORS policy execution successful.
2026-04-08 12:08:36.204 [INF] Microsoft.AspNetCore.Routing.EndpointMiddleware | Executing endpoint '/hubs/salarysettings'
2026-04-08 12:10:08.617 [INF] Microsoft.AspNetCore.Routing.EndpointMiddleware | Executed endpoint '/hubs/salarysettings'
2026-04-08 12:10:08.618 [INF] Serilog.AspNetCore.RequestLoggingMiddleware | HTTP GET /hubs/salarysettings → 101 (92413.2ms)
2026-04-08 12:10:08.618 [INF] Microsoft.AspNetCore.Hosting.Diagnostics | Request finished HTTP/1.1 GET http://localhost:5217/hubs/salarysettings?id=FIjmqES8WKTBqZrln6rIwQ&access_token=eyJhbGciOiJIUzI1NiIsInR5cCI6IkpXVCJ9.eyJuYW1laWQiOiIxOCIsInVuaXF1ZV9uYW1lIjoidmFzYW50aGFrdW1hciIsImVtYWlsIjoidmFzYW50aDIwMDR2a0BnbWFpbC5jb20iLCJyb2xlIjoiU3VwZXJBZG1pbiIsIk9yZ2FuaXphdGlvbklkIjoiMiIsIk9yZ2FuaXphdGlvbkxvZ28iOiIvdXBsb2Fkcy9vcmctbG9nb3Mvb3JnLWxvZ28tNTg3M2M0NzVkOTFkNGJiZDkwNDZkZWVjNjY3ZDEzNmMuanBnIiwibmJmIjoxNzc1NjI5OTc0LCJleHAiOjE3NzU3MTYzNzQsImlhdCI6MTc3NTYyOTk3NCwiaXNzIjoiUHJvRGVzWC1CYWNrZW5kIiwiYXVkIjoiUHJvRGVzWC1Gcm9udGVuZCJ9.igbT3pLpIiahwfTYCSUnLfgWrpW2xHWNEZnnwNqmD4o - 101 null null 92413.9636ms
2026-04-08 12:10:11.585 [INF] Microsoft.AspNetCore.Hosting.Diagnostics | Request starting HTTP/1.1 OPTIONS http://localhost:5217/api/users/organizations - null null
2026-04-08 12:10:11.585 [INF] Microsoft.AspNetCore.Cors.Infrastructure.CorsService | CORS policy execution successful.
2026-04-08 12:10:11.585 [INF] Microsoft.AspNetCore.Hosting.Diagnostics | Request finished HTTP/1.1 OPTIONS http://localhost:5217/api/users/organizations - 204 null null 0.1495ms
2026-04-08 12:10:11.586 [INF] Microsoft.AspNetCore.Hosting.Diagnostics | Request starting HTTP/1.1 GET http://localhost:5217/api/users/organizations - null null
2026-04-08 12:10:11.586 [INF] Microsoft.AspNetCore.Cors.Infrastructure.CorsService | CORS policy execution successful.
2026-04-08 12:10:11.586 [INF] Microsoft.AspNetCore.Routing.EndpointMiddleware | Executing endpoint 'backend.Controllers.UsersController.GetOrganizations (backend)'
2026-04-08 12:10:11.586 [INF] Microsoft.AspNetCore.Mvc.Infrastructure.ControllerActionInvoker | Route matched with {action = "GetOrganizations", controller = "Users"}. Executing controller action with signature System.Threading.Tasks.Task`1[Microsoft.AspNetCore.Mvc.IActionResult] GetOrganizations() on controller backend.Controllers.UsersController (backend).
2026-04-08 12:10:11.586 [INF] backend.Controllers.UsersController | [Users] GET organizations | Role=SuperAdmin | UserId=18
2026-04-08 12:10:11.687 [INF] Microsoft.AspNetCore.Mvc.Infrastructure.ObjectResultExecutor | Executing OkObjectResult, writing value of type 'System.Collections.Generic.List`1[[backend.Models.Organization, backend, Version=1.0.0.0, Culture=neutral, PublicKeyToken=null]]'.
2026-04-08 12:10:11.687 [INF] Microsoft.AspNetCore.Mvc.Infrastructure.ControllerActionInvoker | Executed action backend.Controllers.UsersController.GetOrganizations (backend) in 101.0439ms
2026-04-08 12:10:11.688 [INF] Microsoft.AspNetCore.Routing.EndpointMiddleware | Executed endpoint 'backend.Controllers.UsersController.GetOrganizations (backend)'
2026-04-08 12:10:11.688 [INF] Serilog.AspNetCore.RequestLoggingMiddleware | HTTP GET /api/users/organizations → 200 (101.3ms)
2026-04-08 12:10:11.688 [INF] Microsoft.AspNetCore.Hosting.Diagnostics | Request finished HTTP/1.1 GET http://localhost:5217/api/users/organizations - 200 null application/json; charset=utf-8 101.6955ms
2026-04-08 12:10:12.087 [INF] Microsoft.AspNetCore.Hosting.Diagnostics | Request starting HTTP/1.1 OPTIONS http://localhost:5217/api/organizations - null null
2026-04-08 12:10:12.087 [INF] Microsoft.AspNetCore.Cors.Infrastructure.CorsService | CORS policy execution successful.
2026-04-08 12:10:12.087 [INF] Microsoft.AspNetCore.Hosting.Diagnostics | Request finished HTTP/1.1 OPTIONS http://localhost:5217/api/organizations - 204 null null 0.1903ms
2026-04-08 12:10:12.088 [INF] Microsoft.AspNetCore.Hosting.Diagnostics | Request starting HTTP/1.1 GET http://localhost:5217/api/organizations - application/json null
2026-04-08 12:10:12.088 [INF] Microsoft.AspNetCore.Cors.Infrastructure.CorsService | CORS policy execution successful.
2026-04-08 12:10:12.089 [INF] Microsoft.AspNetCore.Routing.EndpointMiddleware | Executing endpoint 'backend.Controllers.OrganizationsController.GetOrganizations (backend)'
2026-04-08 12:10:12.089 [INF] Microsoft.AspNetCore.Mvc.Infrastructure.ControllerActionInvoker | Route matched with {action = "GetOrganizations", controller = "Organizations"}. Executing controller action with signature System.Threading.Tasks.Task`1[Microsoft.AspNetCore.Mvc.IActionResult] GetOrganizations() on controller backend.Controllers.OrganizationsController (backend).
2026-04-08 12:10:12.089 [INF] backend.Controllers.OrganizationsController | [Orgs] GET all requested | Role=SuperAdmin | UserId=18
2026-04-08 12:10:12.133 [INF] Microsoft.AspNetCore.Mvc.Infrastructure.ObjectResultExecutor | Executing OkObjectResult, writing value of type 'System.Collections.Generic.List`1[[backend.Models.Organization, backend, Version=1.0.0.0, Culture=neutral, PublicKeyToken=null]]'.
2026-04-08 12:10:12.133 [INF] Microsoft.AspNetCore.Mvc.Infrastructure.ControllerActionInvoker | Executed action backend.Controllers.OrganizationsController.GetOrganizations (backend) in 44.6331ms
2026-04-08 12:10:12.133 [INF] Microsoft.AspNetCore.Routing.EndpointMiddleware | Executed endpoint 'backend.Controllers.OrganizationsController.GetOrganizations (backend)'
2026-04-08 12:10:12.133 [INF] Serilog.AspNetCore.RequestLoggingMiddleware | HTTP GET /api/organizations → 200 (44.8ms)
2026-04-08 12:10:12.133 [INF] Microsoft.AspNetCore.Hosting.Diagnostics | Request finished HTTP/1.1 GET http://localhost:5217/api/organizations - 200 null application/json; charset=utf-8 45.1999ms
2026-04-08 12:10:12.191 [INF] Microsoft.AspNetCore.Hosting.Diagnostics | Request starting HTTP/1.1 OPTIONS http://localhost:5217/api/leads - null null
2026-04-08 12:10:12.191 [INF] Microsoft.AspNetCore.Cors.Infrastructure.CorsService | CORS policy execution successful.
2026-04-08 12:10:12.191 [INF] Microsoft.AspNetCore.Hosting.Diagnostics | Request finished HTTP/1.1 OPTIONS http://localhost:5217/api/leads - 204 null null 0.1946ms
2026-04-08 12:10:12.192 [INF] Microsoft.AspNetCore.Hosting.Diagnostics | Request starting HTTP/1.1 GET http://localhost:5217/api/leads - application/json null
2026-04-08 12:10:12.193 [INF] Microsoft.AspNetCore.Cors.Infrastructure.CorsService | CORS policy execution successful.
2026-04-08 12:10:12.193 [INF] Microsoft.AspNetCore.Routing.EndpointMiddleware | Executing endpoint 'backend.Controllers.LeadsController.GetLeads (backend)'
2026-04-08 12:10:12.193 [INF] Microsoft.AspNetCore.Mvc.Infrastructure.ControllerActionInvoker | Route matched with {action = "GetLeads", controller = "Leads"}. Executing controller action with signature System.Threading.Tasks.Task`1[System.Collections.Generic.IEnumerable`1[backend.Models.Lead]] GetLeads() on controller backend.Controllers.LeadsController (backend).
2026-04-08 12:10:12.215 [INF] Microsoft.AspNetCore.Mvc.Infrastructure.ObjectResultExecutor | Executing ObjectResult, writing value of type 'System.Collections.Generic.List`1[[backend.Models.Lead, backend, Version=1.0.0.0, Culture=neutral, PublicKeyToken=null]]'.
2026-04-08 12:10:12.216 [INF] Microsoft.AspNetCore.Mvc.Infrastructure.ControllerActionInvoker | Executed action backend.Controllers.LeadsController.GetLeads (backend) in 22.7125ms
2026-04-08 12:10:12.216 [INF] Microsoft.AspNetCore.Routing.EndpointMiddleware | Executed endpoint 'backend.Controllers.LeadsController.GetLeads (backend)'
2026-04-08 12:10:12.216 [INF] Serilog.AspNetCore.RequestLoggingMiddleware | HTTP GET /api/leads → 200 (23.0ms)
2026-04-08 12:10:12.216 [INF] Microsoft.AspNetCore.Hosting.Diagnostics | Request finished HTTP/1.1 GET http://localhost:5217/api/leads - 200 null application/json; charset=utf-8 23.3806ms
2026-04-08 12:10:12.301 [INF] Microsoft.AspNetCore.Hosting.Diagnostics | Request starting HTTP/1.1 OPTIONS http://localhost:5217/api/employees?organizationId=2 - null null
2026-04-08 12:10:12.301 [INF] Microsoft.AspNetCore.Cors.Infrastructure.CorsService | CORS policy execution successful.
2026-04-08 12:10:12.301 [INF] Microsoft.AspNetCore.Hosting.Diagnostics | Request finished HTTP/1.1 OPTIONS http://localhost:5217/api/employees?organizationId=2 - 204 null null 0.2502ms
2026-04-08 12:10:12.303 [INF] Microsoft.AspNetCore.Hosting.Diagnostics | Request starting HTTP/1.1 GET http://localhost:5217/api/employees?organizationId=2 - application/json null
2026-04-08 12:10:12.303 [INF] Microsoft.AspNetCore.Cors.Infrastructure.CorsService | CORS policy execution successful.
2026-04-08 12:10:12.303 [INF] Microsoft.AspNetCore.Routing.EndpointMiddleware | Executing endpoint 'backend.Controllers.EmployeesController.GetEmployees (backend)'
2026-04-08 12:10:12.303 [INF] Microsoft.AspNetCore.Mvc.Infrastructure.ControllerActionInvoker | Route matched with {action = "GetEmployees", controller = "Employees"}. Executing controller action with signature System.Threading.Tasks.Task`1[Microsoft.AspNetCore.Mvc.IActionResult] GetEmployees(System.Nullable`1[System.Int32]) on controller backend.Controllers.EmployeesController (backend).
2026-04-08 12:10:12.304 [INF] backend.Controllers.EmployeesController | [Employees] GET all | TargetOrgId=2 | UserOrgId=2
2026-04-08 12:10:12.326 [INF] Microsoft.AspNetCore.Mvc.Infrastructure.ObjectResultExecutor | Executing OkObjectResult, writing value of type 'System.Collections.Generic.List`1[[backend.Models.Employee, backend, Version=1.0.0.0, Culture=neutral, PublicKeyToken=null]]'.
2026-04-08 12:10:12.327 [INF] Microsoft.AspNetCore.Mvc.Infrastructure.ControllerActionInvoker | Executed action backend.Controllers.EmployeesController.GetEmployees (backend) in 23.1481ms
2026-04-08 12:10:12.327 [INF] Microsoft.AspNetCore.Routing.EndpointMiddleware | Executed endpoint 'backend.Controllers.EmployeesController.GetEmployees (backend)'
2026-04-08 12:10:12.327 [INF] Serilog.AspNetCore.RequestLoggingMiddleware | HTTP GET /api/employees → 200 (23.4ms)
2026-04-08 12:10:12.327 [INF] Microsoft.AspNetCore.Hosting.Diagnostics | Request finished HTTP/1.1 GET http://localhost:5217/api/employees?organizationId=2 - 200 null application/json; charset=utf-8 23.7287ms
2026-04-08 12:10:12.347 [INF] Microsoft.AspNetCore.Hosting.Diagnostics | Request starting HTTP/1.1 OPTIONS http://localhost:5217/api/ShiftAssignments/roster?start=2026-04-08&end=2026-04-15&orgId=2 - null null
2026-04-08 12:10:12.347 [INF] Microsoft.AspNetCore.Cors.Infrastructure.CorsService | CORS policy execution successful.
2026-04-08 12:10:12.347 [INF] Microsoft.AspNetCore.Hosting.Diagnostics | Request finished HTTP/1.1 OPTIONS http://localhost:5217/api/ShiftAssignments/roster?start=2026-04-08&end=2026-04-15&orgId=2 - 204 null null 0.342ms
2026-04-08 12:10:12.349 [INF] Microsoft.AspNetCore.Hosting.Diagnostics | Request starting HTTP/1.1 GET http://localhost:5217/api/ShiftAssignments/roster?start=2026-04-08&end=2026-04-15&orgId=2 - application/json null
2026-04-08 12:10:12.349 [INF] Microsoft.AspNetCore.Cors.Infrastructure.CorsService | CORS policy execution successful.
2026-04-08 12:10:12.349 [INF] Microsoft.AspNetCore.Routing.EndpointMiddleware | Executing endpoint 'backend.Controllers.ShiftAssignmentsController.GetMonthlyRosterFixed (backend)'
2026-04-08 12:10:12.349 [INF] Microsoft.AspNetCore.Mvc.Infrastructure.ControllerActionInvoker | Route matched with {action = "GetMonthlyRosterFixed", controller = "ShiftAssignments"}. Executing controller action with signature System.Threading.Tasks.Task`1[Microsoft.AspNetCore.Mvc.IActionResult] GetMonthlyRosterFixed(System.String, System.String, System.Nullable`1[System.Int32]) on controller backend.Controllers.ShiftAssignmentsController (backend).
2026-04-08 12:10:12.510 [INF] Microsoft.AspNetCore.Mvc.Infrastructure.ObjectResultExecutor | Executing OkObjectResult, writing value of type 'System.Collections.Generic.List`1[[backend.Models.EmployeeSchedule, backend, Version=1.0.0.0, Culture=neutral, PublicKeyToken=null]]'.
2026-04-08 12:10:12.510 [INF] Microsoft.AspNetCore.Mvc.Infrastructure.ControllerActionInvoker | Executed action backend.Controllers.ShiftAssignmentsController.GetMonthlyRosterFixed (backend) in 160.6903ms
2026-04-08 12:10:12.510 [INF] Microsoft.AspNetCore.Routing.EndpointMiddleware | Executed endpoint 'backend.Controllers.ShiftAssignmentsController.GetMonthlyRosterFixed (backend)'
2026-04-08 12:10:12.510 [INF] Serilog.AspNetCore.RequestLoggingMiddleware | HTTP GET /api/ShiftAssignments/roster → 200 (161.0ms)
2026-04-08 12:10:12.510 [INF] Microsoft.AspNetCore.Hosting.Diagnostics | Request finished HTTP/1.1 GET http://localhost:5217/api/ShiftAssignments/roster?start=2026-04-08&end=2026-04-15&orgId=2 - 200 null application/json; charset=utf-8 161.3746ms
2026-04-08 12:10:12.514 [INF] Microsoft.AspNetCore.Hosting.Diagnostics | Request starting HTTP/1.1 OPTIONS http://localhost:5217/api/Attendance/status?employeeId=31&orgId=2 - null null
2026-04-08 12:10:12.514 [INF] Microsoft.AspNetCore.Cors.Infrastructure.CorsService | CORS policy execution successful.
2026-04-08 12:10:12.514 [INF] Microsoft.AspNetCore.Hosting.Diagnostics | Request finished HTTP/1.1 OPTIONS http://localhost:5217/api/Attendance/status?employeeId=31&orgId=2 - 204 null null 0.189ms
2026-04-08 12:10:12.515 [INF] Microsoft.AspNetCore.Hosting.Diagnostics | Request starting HTTP/1.1 GET http://localhost:5217/api/Attendance/status?employeeId=31&orgId=2 - application/json null
2026-04-08 12:10:12.515 [INF] Microsoft.AspNetCore.Cors.Infrastructure.CorsService | CORS policy execution successful.
2026-04-08 12:10:12.515 [INF] Microsoft.AspNetCore.Routing.EndpointMiddleware | Executing endpoint 'backend.Controllers.AttendanceController.GetStatus (backend)'
2026-04-08 12:10:12.515 [INF] Microsoft.AspNetCore.Mvc.Infrastructure.ControllerActionInvoker | Route matched with {action = "GetStatus", controller = "Attendance"}. Executing controller action with signature System.Threading.Tasks.Task`1[Microsoft.AspNetCore.Mvc.IActionResult] GetStatus(Int32, Int32) on controller backend.Controllers.AttendanceController (backend).
2026-04-08 12:10:12.564 [ERR] backend.Controllers.AttendanceController | Error getting attendance status
Microsoft.Data.SqlClient.SqlException (0x80131904): Invalid column name 'FN'.
Invalid column name 'AN'.
   at System.Threading.Tasks.ContinuationResultTaskFromResultTask`2.InnerInvoke()
   at System.Threading.ExecutionContext.RunInternal(ExecutionContext executionContext, ContextCallback callback, Object state)
--- End of stack trace from previous location ---
   at System.Threading.ExecutionContext.RunInternal(ExecutionContext executionContext, ContextCallback callback, Object state)
   at System.Threading.Tasks.Task.ExecuteWithThreadLocal(Task& currentTaskSlot, Thread threadPoolThread)
--- End of stack trace from previous location ---
   at Dapper.SqlMapper.QueryRowAsync[T](IDbConnection cnn, Row row, Type effectiveType, CommandDefinition command) in /_/Dapper/SqlMapper.Async.cs:line 489
   at backend.Controllers.AttendanceController.GetStatus(Int32 employeeId, Int32 orgId) in C:\Repos_Work\Prodesx_HRM_Mobile_Application\backend\Controllers\AttendanceController.cs:line 235
ClientConnectionId:8d8941f4-b316-42bd-8287-dd4d6a3dad34
Error Number:207,State:1,Class:16
2026-04-08 12:10:12.565 [INF] Microsoft.AspNetCore.Mvc.Infrastructure.ObjectResultExecutor | Executing ObjectResult, writing value of type 'System.String'.
2026-04-08 12:10:12.565 [INF] Microsoft.AspNetCore.Mvc.Infrastructure.ControllerActionInvoker | Executed action backend.Controllers.AttendanceController.GetStatus (backend) in 49.8896ms
2026-04-08 12:10:12.565 [INF] Microsoft.AspNetCore.Routing.EndpointMiddleware | Executed endpoint 'backend.Controllers.AttendanceController.GetStatus (backend)'
2026-04-08 12:10:12.565 [ERR] Serilog.AspNetCore.RequestLoggingMiddleware | HTTP GET /api/Attendance/status → 500 (50.1ms)
2026-04-08 12:10:12.565 [INF] Microsoft.AspNetCore.Hosting.Diagnostics | Request finished HTTP/1.1 GET http://localhost:5217/api/Attendance/status?employeeId=31&orgId=2 - 500 null text/plain; charset=utf-8 50.5711ms
2026-04-08 12:10:15.406 [INF] Microsoft.AspNetCore.Hosting.Diagnostics | Request starting HTTP/1.1 OPTIONS http://localhost:5217/api/SalaryYear/GetSalaryYearsByOrgId?orgId=2 - null null
2026-04-08 12:10:15.406 [INF] Microsoft.AspNetCore.Cors.Infrastructure.CorsService | CORS policy execution successful.
2026-04-08 12:10:15.406 [INF] Microsoft.AspNetCore.Hosting.Diagnostics | Request finished HTTP/1.1 OPTIONS http://localhost:5217/api/SalaryYear/GetSalaryYearsByOrgId?orgId=2 - 204 null null 0.2503ms
2026-04-08 12:10:15.407 [INF] Microsoft.AspNetCore.Hosting.Diagnostics | Request starting HTTP/1.1 GET http://localhost:5217/api/SalaryYear/GetSalaryYearsByOrgId?orgId=2 - application/json null
2026-04-08 12:10:15.408 [INF] Microsoft.AspNetCore.Cors.Infrastructure.CorsService | CORS policy execution successful.
2026-04-08 12:10:15.408 [INF] Microsoft.AspNetCore.Routing.EndpointMiddleware | Executing endpoint 'backend.Controllers.SalaryYearController.GetSalaryYearsByOrgId (backend)'
2026-04-08 12:10:15.408 [INF] Microsoft.AspNetCore.Mvc.Infrastructure.ControllerActionInvoker | Route matched with {action = "GetSalaryYearsByOrgId", controller = "SalaryYear"}. Executing controller action with signature System.Threading.Tasks.Task`1[Microsoft.AspNetCore.Mvc.IActionResult] GetSalaryYearsByOrgId(System.String) on controller backend.Controllers.SalaryYearController (backend).
2026-04-08 12:10:15.679 [INF] Microsoft.AspNetCore.Mvc.Infrastructure.ObjectResultExecutor | Executing OkObjectResult, writing value of type 'System.Collections.Generic.List`1[[backend.Models.SalaryYear, backend, Version=1.0.0.0, Culture=neutral, PublicKeyToken=null]]'.
2026-04-08 12:10:15.679 [INF] Microsoft.AspNetCore.Mvc.Infrastructure.ControllerActionInvoker | Executed action backend.Controllers.SalaryYearController.GetSalaryYearsByOrgId (backend) in 271.0544ms
2026-04-08 12:10:15.679 [INF] Microsoft.AspNetCore.Routing.EndpointMiddleware | Executed endpoint 'backend.Controllers.SalaryYearController.GetSalaryYearsByOrgId (backend)'
2026-04-08 12:10:15.679 [INF] Serilog.AspNetCore.RequestLoggingMiddleware | HTTP GET /api/SalaryYear/GetSalaryYearsByOrgId → 200 (271.3ms)
2026-04-08 12:10:15.679 [INF] Microsoft.AspNetCore.Hosting.Diagnostics | Request finished HTTP/1.1 GET http://localhost:5217/api/SalaryYear/GetSalaryYearsByOrgId?orgId=2 - 200 null application/json; charset=utf-8 271.6457ms
2026-04-08 12:10:15.685 [INF] Microsoft.AspNetCore.Hosting.Diagnostics | Request starting HTTP/1.1 GET http://localhost:5217/api/employees?organizationId=2 - application/json null
2026-04-08 12:10:15.685 [INF] Microsoft.AspNetCore.Cors.Infrastructure.CorsService | CORS policy execution successful.
2026-04-08 12:10:15.685 [INF] Microsoft.AspNetCore.Routing.EndpointMiddleware | Executing endpoint 'backend.Controllers.EmployeesController.GetEmployees (backend)'
2026-04-08 12:10:15.686 [INF] Microsoft.AspNetCore.Mvc.Infrastructure.ControllerActionInvoker | Route matched with {action = "GetEmployees", controller = "Employees"}. Executing controller action with signature System.Threading.Tasks.Task`1[Microsoft.AspNetCore.Mvc.IActionResult] GetEmployees(System.Nullable`1[System.Int32]) on controller backend.Controllers.EmployeesController (backend).
2026-04-08 12:10:15.686 [INF] backend.Controllers.EmployeesController | [Employees] GET all | TargetOrgId=2 | UserOrgId=2
2026-04-08 12:10:15.784 [INF] Microsoft.AspNetCore.Mvc.Infrastructure.ObjectResultExecutor | Executing OkObjectResult, writing value of type 'System.Collections.Generic.List`1[[backend.Models.Employee, backend, Version=1.0.0.0, Culture=neutral, PublicKeyToken=null]]'.
2026-04-08 12:10:15.784 [INF] Microsoft.AspNetCore.Mvc.Infrastructure.ControllerActionInvoker | Executed action backend.Controllers.EmployeesController.GetEmployees (backend) in 98.7319ms
2026-04-08 12:10:15.784 [INF] Microsoft.AspNetCore.Routing.EndpointMiddleware | Executed endpoint 'backend.Controllers.EmployeesController.GetEmployees (backend)'
2026-04-08 12:10:15.784 [INF] Serilog.AspNetCore.RequestLoggingMiddleware | HTTP GET /api/employees → 200 (99.0ms)
2026-04-08 12:10:15.784 [INF] Microsoft.AspNetCore.Hosting.Diagnostics | Request finished HTTP/1.1 GET http://localhost:5217/api/employees?organizationId=2 - 200 null application/json; charset=utf-8 99.6767ms
2026-04-08 12:10:15.798 [INF] Microsoft.AspNetCore.Hosting.Diagnostics | Request starting HTTP/1.1 OPTIONS http://localhost:5217/api/SalarySettings/GetSalarySettings?orgId=2&salaryYearId=3 - null null
2026-04-08 12:10:15.798 [INF] Microsoft.AspNetCore.Cors.Infrastructure.CorsService | CORS policy execution successful.
2026-04-08 12:10:15.798 [INF] Microsoft.AspNetCore.Hosting.Diagnostics | Request finished HTTP/1.1 OPTIONS http://localhost:5217/api/SalarySettings/GetSalarySettings?orgId=2&salaryYearId=3 - 204 null null 0.3008ms
2026-04-08 12:10:15.800 [INF] Microsoft.AspNetCore.Hosting.Diagnostics | Request starting HTTP/1.1 GET http://localhost:5217/api/SalarySettings/GetSalarySettings?orgId=2&salaryYearId=3 - application/json null
2026-04-08 12:10:15.800 [INF] Microsoft.AspNetCore.Cors.Infrastructure.CorsService | CORS policy execution successful.
2026-04-08 12:10:15.800 [INF] Microsoft.AspNetCore.Routing.EndpointMiddleware | Executing endpoint 'backend.Controllers.SalarySettingsController.GetSalarySettings (backend)'
2026-04-08 12:10:15.800 [INF] Microsoft.AspNetCore.Mvc.Infrastructure.ControllerActionInvoker | Route matched with {action = "GetSalarySettings", controller = "SalarySettings"}. Executing controller action with signature System.Threading.Tasks.Task`1[Microsoft.AspNetCore.Mvc.IActionResult] GetSalarySettings(System.String, System.String) on controller backend.Controllers.SalarySettingsController (backend).
2026-04-08 12:10:15.815 [INF] Microsoft.AspNetCore.Mvc.Infrastructure.ObjectResultExecutor | Executing OkObjectResult, writing value of type 'System.Collections.Generic.List`1[[backend.Models.SalarySettings, backend, Version=1.0.0.0, Culture=neutral, PublicKeyToken=null]]'.
2026-04-08 12:10:15.815 [INF] Microsoft.AspNetCore.Mvc.Infrastructure.ControllerActionInvoker | Executed action backend.Controllers.SalarySettingsController.GetSalarySettings (backend) in 14.6457ms
2026-04-08 12:10:15.815 [INF] Microsoft.AspNetCore.Routing.EndpointMiddleware | Executed endpoint 'backend.Controllers.SalarySettingsController.GetSalarySettings (backend)'
2026-04-08 12:10:15.815 [INF] Serilog.AspNetCore.RequestLoggingMiddleware | HTTP GET /api/SalarySettings/GetSalarySettings → 200 (14.9ms)
2026-04-08 12:10:15.815 [INF] Microsoft.AspNetCore.Hosting.Diagnostics | Request finished HTTP/1.1 GET http://localhost:5217/api/SalarySettings/GetSalarySettings?orgId=2&salaryYearId=3 - 200 null application/json; charset=utf-8 15.4787ms
2026-04-08 12:10:15.834 [INF] Microsoft.AspNetCore.Hosting.Diagnostics | Request starting HTTP/1.1 OPTIONS http://localhost:5217/hubs/salarysettings/negotiate?negotiateVersion=1 - null null
2026-04-08 12:10:15.834 [INF] Microsoft.AspNetCore.Cors.Infrastructure.CorsService | CORS policy execution successful.
2026-04-08 12:10:15.834 [INF] Microsoft.AspNetCore.Hosting.Diagnostics | Request finished HTTP/1.1 OPTIONS http://localhost:5217/hubs/salarysettings/negotiate?negotiateVersion=1 - 204 null null 0.1688ms
2026-04-08 12:10:15.836 [INF] Microsoft.AspNetCore.Hosting.Diagnostics | Request starting HTTP/1.1 POST http://localhost:5217/hubs/salarysettings/negotiate?negotiateVersion=1 - text/plain;charset=UTF-8 0
2026-04-08 12:10:15.836 [INF] Microsoft.AspNetCore.Cors.Infrastructure.CorsService | CORS policy execution successful.
2026-04-08 12:10:15.837 [INF] Microsoft.AspNetCore.Routing.EndpointMiddleware | Executing endpoint '/hubs/salarysettings/negotiate'
2026-04-08 12:10:15.837 [INF] Microsoft.AspNetCore.Routing.EndpointMiddleware | Executed endpoint '/hubs/salarysettings/negotiate'
2026-04-08 12:10:15.837 [INF] Serilog.AspNetCore.RequestLoggingMiddleware | HTTP POST /hubs/salarysettings/negotiate → 200 (0.3ms)
2026-04-08 12:10:15.837 [INF] Microsoft.AspNetCore.Hosting.Diagnostics | Request finished HTTP/1.1 POST http://localhost:5217/hubs/salarysettings/negotiate?negotiateVersion=1 - 200 316 application/json 1.0196ms
2026-04-08 12:10:15.972 [INF] Microsoft.AspNetCore.Hosting.Diagnostics | Request starting HTTP/1.1 GET http://localhost:5217/uploads/employee-photos/emp-28.jpg - null null
2026-04-08 12:10:15.972 [INF] Microsoft.AspNetCore.Cors.Infrastructure.CorsService | CORS policy execution successful.
2026-04-08 12:10:15.973 [INF] Serilog.AspNetCore.RequestLoggingMiddleware | HTTP GET /uploads/employee-photos/emp-28.jpg → 404 (0.0ms)
2026-04-08 12:10:15.973 [INF] Microsoft.AspNetCore.Hosting.Diagnostics | Request finished HTTP/1.1 GET http://localhost:5217/uploads/employee-photos/emp-28.jpg - 404 0 null 0.6519ms
2026-04-08 12:10:15.973 [INF] Microsoft.AspNetCore.Hosting.Diagnostics | Request reached the end of the middleware pipeline without being handled by application code. Request path: GET http://localhost:5217/uploads/employee-photos/emp-28.jpg, Response status code: 404
2026-04-08 12:10:16.015 [INF] Microsoft.AspNetCore.Hosting.Diagnostics | Request starting HTTP/1.1 GET http://localhost:5217/hubs/salarysettings?id=Qj7mpBv7VOJ-gpf7sUmZlw&access_token=eyJhbGciOiJIUzI1NiIsInR5cCI6IkpXVCJ9.eyJuYW1laWQiOiIxOCIsInVuaXF1ZV9uYW1lIjoidmFzYW50aGFrdW1hciIsImVtYWlsIjoidmFzYW50aDIwMDR2a0BnbWFpbC5jb20iLCJyb2xlIjoiU3VwZXJBZG1pbiIsIk9yZ2FuaXphdGlvbklkIjoiMiIsIk9yZ2FuaXphdGlvbkxvZ28iOiIvdXBsb2Fkcy9vcmctbG9nb3Mvb3JnLWxvZ28tNTg3M2M0NzVkOTFkNGJiZDkwNDZkZWVjNjY3ZDEzNmMuanBnIiwibmJmIjoxNzc1NjI5OTc0LCJleHAiOjE3NzU3MTYzNzQsImlhdCI6MTc3NTYyOTk3NCwiaXNzIjoiUHJvRGVzWC1CYWNrZW5kIiwiYXVkIjoiUHJvRGVzWC1Gcm9udGVuZCJ9.igbT3pLpIiahwfTYCSUnLfgWrpW2xHWNEZnnwNqmD4o - null null
2026-04-08 12:10:16.015 [INF] Microsoft.AspNetCore.Cors.Infrastructure.CorsService | CORS policy execution successful.
2026-04-08 12:10:16.016 [INF] Microsoft.AspNetCore.Routing.EndpointMiddleware | Executing endpoint '/hubs/salarysettings'
2026-04-08 12:12:21.361 [INF] Microsoft.AspNetCore.Routing.EndpointMiddleware | Executed endpoint '/hubs/salarysettings'
2026-04-08 12:12:21.361 [INF] Serilog.AspNetCore.RequestLoggingMiddleware | HTTP GET /hubs/salarysettings → 101 (125345.3ms)
2026-04-08 12:12:21.361 [INF] Microsoft.AspNetCore.Hosting.Diagnostics | Request finished HTTP/1.1 GET http://localhost:5217/hubs/salarysettings?id=Qj7mpBv7VOJ-gpf7sUmZlw&access_token=eyJhbGciOiJIUzI1NiIsInR5cCI6IkpXVCJ9.eyJuYW1laWQiOiIxOCIsInVuaXF1ZV9uYW1lIjoidmFzYW50aGFrdW1hciIsImVtYWlsIjoidmFzYW50aDIwMDR2a0BnbWFpbC5jb20iLCJyb2xlIjoiU3VwZXJBZG1pbiIsIk9yZ2FuaXphdGlvbklkIjoiMiIsIk9yZ2FuaXphdGlvbkxvZ28iOiIvdXBsb2Fkcy9vcmctbG9nb3Mvb3JnLWxvZ28tNTg3M2M0NzVkOTFkNGJiZDkwNDZkZWVjNjY3ZDEzNmMuanBnIiwibmJmIjoxNzc1NjI5OTc0LCJleHAiOjE3NzU3MTYzNzQsImlhdCI6MTc3NTYyOTk3NCwiaXNzIjoiUHJvRGVzWC1CYWNrZW5kIiwiYXVkIjoiUHJvRGVzWC1Gcm9udGVuZCJ9.igbT3pLpIiahwfTYCSUnLfgWrpW2xHWNEZnnwNqmD4o - 101 null null 125345.7461ms
2026-04-08 12:12:21.433 [INF] Microsoft.AspNetCore.Hosting.Diagnostics | Request starting HTTP/1.1 OPTIONS http://localhost:5217/hubs/salarysettings/negotiate?negotiateVersion=1 - null null
2026-04-08 12:12:21.433 [INF] Microsoft.AspNetCore.Cors.Infrastructure.CorsService | CORS policy execution successful.
2026-04-08 12:12:21.434 [INF] Microsoft.AspNetCore.Hosting.Diagnostics | Request finished HTTP/1.1 OPTIONS http://localhost:5217/hubs/salarysettings/negotiate?negotiateVersion=1 - 204 null null 0.1815ms
2026-04-08 12:12:21.435 [INF] Microsoft.AspNetCore.Hosting.Diagnostics | Request starting HTTP/1.1 POST http://localhost:5217/hubs/salarysettings/negotiate?negotiateVersion=1 - text/plain;charset=UTF-8 0
2026-04-08 12:12:21.435 [INF] Microsoft.AspNetCore.Cors.Infrastructure.CorsService | CORS policy execution successful.
2026-04-08 12:12:21.435 [INF] Microsoft.AspNetCore.Routing.EndpointMiddleware | Executing endpoint '/hubs/salarysettings/negotiate'
2026-04-08 12:12:21.435 [INF] Microsoft.AspNetCore.Routing.EndpointMiddleware | Executed endpoint '/hubs/salarysettings/negotiate'
2026-04-08 12:12:21.435 [INF] Serilog.AspNetCore.RequestLoggingMiddleware | HTTP POST /hubs/salarysettings/negotiate → 200 (0.2ms)
2026-04-08 12:12:21.435 [INF] Microsoft.AspNetCore.Hosting.Diagnostics | Request finished HTTP/1.1 POST http://localhost:5217/hubs/salarysettings/negotiate?negotiateVersion=1 - 200 316 application/json 0.4543ms
2026-04-08 12:12:21.441 [INF] Microsoft.AspNetCore.Hosting.Diagnostics | Request starting HTTP/1.1 GET http://localhost:5217/hubs/salarysettings?id=mVo27KGIMhBWuQOhZ3sZlA&access_token=eyJhbGciOiJIUzI1NiIsInR5cCI6IkpXVCJ9.eyJuYW1laWQiOiIxOCIsInVuaXF1ZV9uYW1lIjoidmFzYW50aGFrdW1hciIsImVtYWlsIjoidmFzYW50aDIwMDR2a0BnbWFpbC5jb20iLCJyb2xlIjoiU3VwZXJBZG1pbiIsIk9yZ2FuaXphdGlvbklkIjoiMiIsIk9yZ2FuaXphdGlvbkxvZ28iOiIvdXBsb2Fkcy9vcmctbG9nb3Mvb3JnLWxvZ28tNTg3M2M0NzVkOTFkNGJiZDkwNDZkZWVjNjY3ZDEzNmMuanBnIiwibmJmIjoxNzc1NjI5OTc0LCJleHAiOjE3NzU3MTYzNzQsImlhdCI6MTc3NTYyOTk3NCwiaXNzIjoiUHJvRGVzWC1CYWNrZW5kIiwiYXVkIjoiUHJvRGVzWC1Gcm9udGVuZCJ9.igbT3pLpIiahwfTYCSUnLfgWrpW2xHWNEZnnwNqmD4o - null null
2026-04-08 12:12:21.441 [INF] Microsoft.AspNetCore.Cors.Infrastructure.CorsService | CORS policy execution successful.
2026-04-08 12:12:21.441 [INF] Microsoft.AspNetCore.Routing.EndpointMiddleware | Executing endpoint '/hubs/salarysettings'
2026-04-08 12:14:26.354 [INF] Microsoft.AspNetCore.Routing.EndpointMiddleware | Executed endpoint '/hubs/salarysettings'
2026-04-08 12:14:26.354 [INF] Serilog.AspNetCore.RequestLoggingMiddleware | HTTP GET /hubs/salarysettings → 101 (124913.5ms)
2026-04-08 12:14:26.355 [INF] Microsoft.AspNetCore.Hosting.Diagnostics | Request finished HTTP/1.1 GET http://localhost:5217/hubs/salarysettings?id=mVo27KGIMhBWuQOhZ3sZlA&access_token=eyJhbGciOiJIUzI1NiIsInR5cCI6IkpXVCJ9.eyJuYW1laWQiOiIxOCIsInVuaXF1ZV9uYW1lIjoidmFzYW50aGFrdW1hciIsImVtYWlsIjoidmFzYW50aDIwMDR2a0BnbWFpbC5jb20iLCJyb2xlIjoiU3VwZXJBZG1pbiIsIk9yZ2FuaXphdGlvbklkIjoiMiIsIk9yZ2FuaXphdGlvbkxvZ28iOiIvdXBsb2Fkcy9vcmctbG9nb3Mvb3JnLWxvZ28tNTg3M2M0NzVkOTFkNGJiZDkwNDZkZWVjNjY3ZDEzNmMuanBnIiwibmJmIjoxNzc1NjI5OTc0LCJleHAiOjE3NzU3MTYzNzQsImlhdCI6MTc3NTYyOTk3NCwiaXNzIjoiUHJvRGVzWC1CYWNrZW5kIiwiYXVkIjoiUHJvRGVzWC1Gcm9udGVuZCJ9.igbT3pLpIiahwfTYCSUnLfgWrpW2xHWNEZnnwNqmD4o - 101 null null 124913.8641ms
2026-04-08 12:14:26.368 [INF] Microsoft.AspNetCore.Hosting.Diagnostics | Request starting HTTP/1.1 OPTIONS http://localhost:5217/hubs/salarysettings/negotiate?negotiateVersion=1 - null null
2026-04-08 12:14:26.368 [INF] Microsoft.AspNetCore.Cors.Infrastructure.CorsService | CORS policy execution successful.
2026-04-08 12:14:26.368 [INF] Microsoft.AspNetCore.Hosting.Diagnostics | Request finished HTTP/1.1 OPTIONS http://localhost:5217/hubs/salarysettings/negotiate?negotiateVersion=1 - 204 null null 0.2086ms
2026-04-08 12:14:26.370 [INF] Microsoft.AspNetCore.Hosting.Diagnostics | Request starting HTTP/1.1 POST http://localhost:5217/hubs/salarysettings/negotiate?negotiateVersion=1 - text/plain;charset=UTF-8 0
2026-04-08 12:14:26.370 [INF] Microsoft.AspNetCore.Cors.Infrastructure.CorsService | CORS policy execution successful.
2026-04-08 12:14:26.370 [INF] Microsoft.AspNetCore.Routing.EndpointMiddleware | Executing endpoint '/hubs/salarysettings/negotiate'
2026-04-08 12:14:26.371 [INF] Microsoft.AspNetCore.Routing.EndpointMiddleware | Executed endpoint '/hubs/salarysettings/negotiate'
2026-04-08 12:14:26.371 [INF] Serilog.AspNetCore.RequestLoggingMiddleware | HTTP POST /hubs/salarysettings/negotiate → 200 (0.5ms)
2026-04-08 12:14:26.371 [INF] Microsoft.AspNetCore.Hosting.Diagnostics | Request finished HTTP/1.1 POST http://localhost:5217/hubs/salarysettings/negotiate?negotiateVersion=1 - 200 316 application/json 1.036ms
2026-04-08 12:14:26.380 [INF] Microsoft.AspNetCore.Hosting.Diagnostics | Request starting HTTP/1.1 GET http://localhost:5217/hubs/salarysettings?id=es1wxdztK0-hYH4pArhr3A&access_token=eyJhbGciOiJIUzI1NiIsInR5cCI6IkpXVCJ9.eyJuYW1laWQiOiIxOCIsInVuaXF1ZV9uYW1lIjoidmFzYW50aGFrdW1hciIsImVtYWlsIjoidmFzYW50aDIwMDR2a0BnbWFpbC5jb20iLCJyb2xlIjoiU3VwZXJBZG1pbiIsIk9yZ2FuaXphdGlvbklkIjoiMiIsIk9yZ2FuaXphdGlvbkxvZ28iOiIvdXBsb2Fkcy9vcmctbG9nb3Mvb3JnLWxvZ28tNTg3M2M0NzVkOTFkNGJiZDkwNDZkZWVjNjY3ZDEzNmMuanBnIiwibmJmIjoxNzc1NjI5OTc0LCJleHAiOjE3NzU3MTYzNzQsImlhdCI6MTc3NTYyOTk3NCwiaXNzIjoiUHJvRGVzWC1CYWNrZW5kIiwiYXVkIjoiUHJvRGVzWC1Gcm9udGVuZCJ9.igbT3pLpIiahwfTYCSUnLfgWrpW2xHWNEZnnwNqmD4o - null null
2026-04-08 12:14:26.380 [INF] Microsoft.AspNetCore.Cors.Infrastructure.CorsService | CORS policy execution successful.
2026-04-08 12:14:26.380 [INF] Microsoft.AspNetCore.Routing.EndpointMiddleware | Executing endpoint '/hubs/salarysettings'
2026-04-08 12:16:32.355 [INF] Microsoft.AspNetCore.Routing.EndpointMiddleware | Executed endpoint '/hubs/salarysettings'
2026-04-08 12:16:32.355 [INF] Serilog.AspNetCore.RequestLoggingMiddleware | HTTP GET /hubs/salarysettings → 101 (125975.2ms)
2026-04-08 12:16:32.355 [INF] Microsoft.AspNetCore.Hosting.Diagnostics | Request finished HTTP/1.1 GET http://localhost:5217/hubs/salarysettings?id=es1wxdztK0-hYH4pArhr3A&access_token=eyJhbGciOiJIUzI1NiIsInR5cCI6IkpXVCJ9.eyJuYW1laWQiOiIxOCIsInVuaXF1ZV9uYW1lIjoidmFzYW50aGFrdW1hciIsImVtYWlsIjoidmFzYW50aDIwMDR2a0BnbWFpbC5jb20iLCJyb2xlIjoiU3VwZXJBZG1pbiIsIk9yZ2FuaXphdGlvbklkIjoiMiIsIk9yZ2FuaXphdGlvbkxvZ28iOiIvdXBsb2Fkcy9vcmctbG9nb3Mvb3JnLWxvZ28tNTg3M2M0NzVkOTFkNGJiZDkwNDZkZWVjNjY3ZDEzNmMuanBnIiwibmJmIjoxNzc1NjI5OTc0LCJleHAiOjE3NzU3MTYzNzQsImlhdCI6MTc3NTYyOTk3NCwiaXNzIjoiUHJvRGVzWC1CYWNrZW5kIiwiYXVkIjoiUHJvRGVzWC1Gcm9udGVuZCJ9.igbT3pLpIiahwfTYCSUnLfgWrpW2xHWNEZnnwNqmD4o - 101 null null 125975.6405ms
2026-04-08 12:16:32.360 [INF] Microsoft.AspNetCore.Hosting.Diagnostics | Request starting HTTP/1.1 OPTIONS http://localhost:5217/hubs/salarysettings/negotiate?negotiateVersion=1 - null null
2026-04-08 12:16:32.360 [INF] Microsoft.AspNetCore.Cors.Infrastructure.CorsService | CORS policy execution successful.
2026-04-08 12:16:32.360 [INF] Microsoft.AspNetCore.Hosting.Diagnostics | Request finished HTTP/1.1 OPTIONS http://localhost:5217/hubs/salarysettings/negotiate?negotiateVersion=1 - 204 null null 0.3659ms
2026-04-08 12:16:32.362 [INF] Microsoft.AspNetCore.Hosting.Diagnostics | Request starting HTTP/1.1 POST http://localhost:5217/hubs/salarysettings/negotiate?negotiateVersion=1 - text/plain;charset=UTF-8 0
2026-04-08 12:16:32.362 [INF] Microsoft.AspNetCore.Cors.Infrastructure.CorsService | CORS policy execution successful.
2026-04-08 12:16:32.362 [INF] Microsoft.AspNetCore.Routing.EndpointMiddleware | Executing endpoint '/hubs/salarysettings/negotiate'
2026-04-08 12:16:32.364 [INF] Microsoft.AspNetCore.Routing.EndpointMiddleware | Executed endpoint '/hubs/salarysettings/negotiate'
2026-04-08 12:16:32.364 [INF] Serilog.AspNetCore.RequestLoggingMiddleware | HTTP POST /hubs/salarysettings/negotiate → 200 (1.9ms)
2026-04-08 12:16:32.364 [INF] Microsoft.AspNetCore.Hosting.Diagnostics | Request finished HTTP/1.1 POST http://localhost:5217/hubs/salarysettings/negotiate?negotiateVersion=1 - 200 316 application/json 2.3522ms
2026-04-08 12:16:32.370 [INF] Microsoft.AspNetCore.Hosting.Diagnostics | Request starting HTTP/1.1 GET http://localhost:5217/hubs/salarysettings?id=S0noVIzav_qUy5T5tYrrHA&access_token=eyJhbGciOiJIUzI1NiIsInR5cCI6IkpXVCJ9.eyJuYW1laWQiOiIxOCIsInVuaXF1ZV9uYW1lIjoidmFzYW50aGFrdW1hciIsImVtYWlsIjoidmFzYW50aDIwMDR2a0BnbWFpbC5jb20iLCJyb2xlIjoiU3VwZXJBZG1pbiIsIk9yZ2FuaXphdGlvbklkIjoiMiIsIk9yZ2FuaXphdGlvbkxvZ28iOiIvdXBsb2Fkcy9vcmctbG9nb3Mvb3JnLWxvZ28tNTg3M2M0NzVkOTFkNGJiZDkwNDZkZWVjNjY3ZDEzNmMuanBnIiwibmJmIjoxNzc1NjI5OTc0LCJleHAiOjE3NzU3MTYzNzQsImlhdCI6MTc3NTYyOTk3NCwiaXNzIjoiUHJvRGVzWC1CYWNrZW5kIiwiYXVkIjoiUHJvRGVzWC1Gcm9udGVuZCJ9.igbT3pLpIiahwfTYCSUnLfgWrpW2xHWNEZnnwNqmD4o - null null
2026-04-08 12:16:32.370 [INF] Microsoft.AspNetCore.Cors.Infrastructure.CorsService | CORS policy execution successful.
2026-04-08 12:16:32.371 [INF] Microsoft.AspNetCore.Routing.EndpointMiddleware | Executing endpoint '/hubs/salarysettings'
2026-04-08 12:18:05.728 [INF] Microsoft.AspNetCore.Hosting.Diagnostics | Request starting HTTP/1.1 OPTIONS http://localhost:5217/api/users/organizations - null null
2026-04-08 12:18:05.728 [INF] Microsoft.AspNetCore.Cors.Infrastructure.CorsService | CORS policy execution successful.
2026-04-08 12:18:05.728 [INF] Microsoft.AspNetCore.Hosting.Diagnostics | Request finished HTTP/1.1 OPTIONS http://localhost:5217/api/users/organizations - 204 null null 0.1733ms
2026-04-08 12:18:05.730 [INF] Microsoft.AspNetCore.Hosting.Diagnostics | Request starting HTTP/1.1 GET http://localhost:5217/api/users/organizations - null null
2026-04-08 12:18:05.730 [INF] Microsoft.AspNetCore.Cors.Infrastructure.CorsService | CORS policy execution successful.
2026-04-08 12:18:05.730 [INF] Microsoft.AspNetCore.Routing.EndpointMiddleware | Executing endpoint 'backend.Controllers.UsersController.GetOrganizations (backend)'
2026-04-08 12:18:05.730 [INF] Microsoft.AspNetCore.Mvc.Infrastructure.ControllerActionInvoker | Route matched with {action = "GetOrganizations", controller = "Users"}. Executing controller action with signature System.Threading.Tasks.Task`1[Microsoft.AspNetCore.Mvc.IActionResult] GetOrganizations() on controller backend.Controllers.UsersController (backend).
2026-04-08 12:18:05.730 [INF] backend.Controllers.UsersController | [Users] GET organizations | Role=SuperAdmin | UserId=18
2026-04-08 12:18:05.953 [INF] Microsoft.AspNetCore.Mvc.Infrastructure.ObjectResultExecutor | Executing OkObjectResult, writing value of type 'System.Collections.Generic.List`1[[backend.Models.Organization, backend, Version=1.0.0.0, Culture=neutral, PublicKeyToken=null]]'.
2026-04-08 12:18:05.953 [INF] Microsoft.AspNetCore.Mvc.Infrastructure.ControllerActionInvoker | Executed action backend.Controllers.UsersController.GetOrganizations (backend) in 223.2693ms
2026-04-08 12:18:05.953 [INF] Microsoft.AspNetCore.Routing.EndpointMiddleware | Executed endpoint 'backend.Controllers.UsersController.GetOrganizations (backend)'
2026-04-08 12:18:05.953 [INF] Serilog.AspNetCore.RequestLoggingMiddleware | HTTP GET /api/users/organizations → 200 (223.5ms)
2026-04-08 12:18:05.954 [INF] Microsoft.AspNetCore.Hosting.Diagnostics | Request finished HTTP/1.1 GET http://localhost:5217/api/users/organizations - 200 null application/json; charset=utf-8 223.769ms
2026-04-08 12:18:06.584 [INF] Microsoft.AspNetCore.Hosting.Diagnostics | Request starting HTTP/1.1 OPTIONS http://localhost:5217/api/organizations - null null
2026-04-08 12:18:06.584 [INF] Microsoft.AspNetCore.Cors.Infrastructure.CorsService | CORS policy execution successful.
2026-04-08 12:18:06.585 [INF] Microsoft.AspNetCore.Hosting.Diagnostics | Request finished HTTP/1.1 OPTIONS http://localhost:5217/api/organizations - 204 null null 0.2201ms
2026-04-08 12:18:06.587 [INF] Microsoft.AspNetCore.Hosting.Diagnostics | Request starting HTTP/1.1 GET http://localhost:5217/api/organizations - application/json null
2026-04-08 12:18:06.587 [INF] Microsoft.AspNetCore.Cors.Infrastructure.CorsService | CORS policy execution successful.
2026-04-08 12:18:06.587 [INF] Microsoft.AspNetCore.Routing.EndpointMiddleware | Executing endpoint 'backend.Controllers.OrganizationsController.GetOrganizations (backend)'
2026-04-08 12:18:06.587 [INF] Microsoft.AspNetCore.Mvc.Infrastructure.ControllerActionInvoker | Route matched with {action = "GetOrganizations", controller = "Organizations"}. Executing controller action with signature System.Threading.Tasks.Task`1[Microsoft.AspNetCore.Mvc.IActionResult] GetOrganizations() on controller backend.Controllers.OrganizationsController (backend).
2026-04-08 12:18:06.587 [INF] backend.Controllers.OrganizationsController | [Orgs] GET all requested | Role=SuperAdmin | UserId=18
2026-04-08 12:18:06.631 [INF] Microsoft.AspNetCore.Mvc.Infrastructure.ObjectResultExecutor | Executing OkObjectResult, writing value of type 'System.Collections.Generic.List`1[[backend.Models.Organization, backend, Version=1.0.0.0, Culture=neutral, PublicKeyToken=null]]'.
2026-04-08 12:18:06.631 [INF] Microsoft.AspNetCore.Mvc.Infrastructure.ControllerActionInvoker | Executed action backend.Controllers.OrganizationsController.GetOrganizations (backend) in 44.0426ms
2026-04-08 12:18:06.631 [INF] Microsoft.AspNetCore.Routing.EndpointMiddleware | Executed endpoint 'backend.Controllers.OrganizationsController.GetOrganizations (backend)'
2026-04-08 12:18:06.631 [INF] Serilog.AspNetCore.RequestLoggingMiddleware | HTTP GET /api/organizations → 200 (44.3ms)
2026-04-08 12:18:06.631 [INF] Microsoft.AspNetCore.Hosting.Diagnostics | Request finished HTTP/1.1 GET http://localhost:5217/api/organizations - 200 null application/json; charset=utf-8 44.6446ms
2026-04-08 12:18:06.748 [INF] Microsoft.AspNetCore.Hosting.Diagnostics | Request starting HTTP/1.1 OPTIONS http://localhost:5217/api/leads - null null
2026-04-08 12:18:06.748 [INF] Microsoft.AspNetCore.Cors.Infrastructure.CorsService | CORS policy execution successful.
2026-04-08 12:18:06.748 [INF] Microsoft.AspNetCore.Hosting.Diagnostics | Request finished HTTP/1.1 OPTIONS http://localhost:5217/api/leads - 204 null null 0.1989ms
2026-04-08 12:18:06.750 [INF] Microsoft.AspNetCore.Hosting.Diagnostics | Request starting HTTP/1.1 GET http://localhost:5217/api/leads - application/json null
2026-04-08 12:18:06.750 [INF] Microsoft.AspNetCore.Cors.Infrastructure.CorsService | CORS policy execution successful.
2026-04-08 12:18:06.750 [INF] Microsoft.AspNetCore.Routing.EndpointMiddleware | Executing endpoint 'backend.Controllers.LeadsController.GetLeads (backend)'
2026-04-08 12:18:06.750 [INF] Microsoft.AspNetCore.Mvc.Infrastructure.ControllerActionInvoker | Route matched with {action = "GetLeads", controller = "Leads"}. Executing controller action with signature System.Threading.Tasks.Task`1[System.Collections.Generic.IEnumerable`1[backend.Models.Lead]] GetLeads() on controller backend.Controllers.LeadsController (backend).
2026-04-08 12:18:06.778 [INF] Microsoft.AspNetCore.Mvc.Infrastructure.ObjectResultExecutor | Executing ObjectResult, writing value of type 'System.Collections.Generic.List`1[[backend.Models.Lead, backend, Version=1.0.0.0, Culture=neutral, PublicKeyToken=null]]'.
2026-04-08 12:18:06.778 [INF] Microsoft.AspNetCore.Mvc.Infrastructure.ControllerActionInvoker | Executed action backend.Controllers.LeadsController.GetLeads (backend) in 27.526ms
2026-04-08 12:18:06.778 [INF] Microsoft.AspNetCore.Routing.EndpointMiddleware | Executed endpoint 'backend.Controllers.LeadsController.GetLeads (backend)'
2026-04-08 12:18:06.778 [INF] Serilog.AspNetCore.RequestLoggingMiddleware | HTTP GET /api/leads → 200 (27.7ms)
2026-04-08 12:18:06.778 [INF] Microsoft.AspNetCore.Hosting.Diagnostics | Request finished HTTP/1.1 GET http://localhost:5217/api/leads - 200 null application/json; charset=utf-8 28.0653ms
2026-04-08 12:18:06.908 [INF] Microsoft.AspNetCore.Hosting.Diagnostics | Request starting HTTP/1.1 OPTIONS http://localhost:5217/api/employees?organizationId=2 - null null
2026-04-08 12:18:06.908 [INF] Microsoft.AspNetCore.Cors.Infrastructure.CorsService | CORS policy execution successful.
2026-04-08 12:18:06.908 [INF] Microsoft.AspNetCore.Hosting.Diagnostics | Request finished HTTP/1.1 OPTIONS http://localhost:5217/api/employees?organizationId=2 - 204 null null 0.304ms
2026-04-08 12:18:06.912 [INF] Microsoft.AspNetCore.Hosting.Diagnostics | Request starting HTTP/1.1 GET http://localhost:5217/api/employees?organizationId=2 - application/json null
2026-04-08 12:18:06.912 [INF] Microsoft.AspNetCore.Cors.Infrastructure.CorsService | CORS policy execution successful.
2026-04-08 12:18:06.913 [INF] Microsoft.AspNetCore.Routing.EndpointMiddleware | Executing endpoint 'backend.Controllers.EmployeesController.GetEmployees (backend)'
2026-04-08 12:18:06.913 [INF] Microsoft.AspNetCore.Mvc.Infrastructure.ControllerActionInvoker | Route matched with {action = "GetEmployees", controller = "Employees"}. Executing controller action with signature System.Threading.Tasks.Task`1[Microsoft.AspNetCore.Mvc.IActionResult] GetEmployees(System.Nullable`1[System.Int32]) on controller backend.Controllers.EmployeesController (backend).
2026-04-08 12:18:06.913 [INF] backend.Controllers.EmployeesController | [Employees] GET all | TargetOrgId=2 | UserOrgId=2
2026-04-08 12:18:06.929 [INF] Microsoft.AspNetCore.Mvc.Infrastructure.ObjectResultExecutor | Executing OkObjectResult, writing value of type 'System.Collections.Generic.List`1[[backend.Models.Employee, backend, Version=1.0.0.0, Culture=neutral, PublicKeyToken=null]]'.
2026-04-08 12:18:06.930 [INF] Microsoft.AspNetCore.Mvc.Infrastructure.ControllerActionInvoker | Executed action backend.Controllers.EmployeesController.GetEmployees (backend) in 16.8504ms
2026-04-08 12:18:06.930 [INF] Microsoft.AspNetCore.Routing.EndpointMiddleware | Executed endpoint 'backend.Controllers.EmployeesController.GetEmployees (backend)'
2026-04-08 12:18:06.930 [INF] Serilog.AspNetCore.RequestLoggingMiddleware | HTTP GET /api/employees → 200 (17.1ms)
2026-04-08 12:18:06.930 [INF] Microsoft.AspNetCore.Hosting.Diagnostics | Request finished HTTP/1.1 GET http://localhost:5217/api/employees?organizationId=2 - 200 null application/json; charset=utf-8 18.0882ms
2026-04-08 12:18:07.024 [INF] Microsoft.AspNetCore.Hosting.Diagnostics | Request starting HTTP/1.1 OPTIONS http://localhost:5217/api/ShiftAssignments/roster?start=2026-04-08&end=2026-04-15&orgId=2 - null null
2026-04-08 12:18:07.024 [INF] Microsoft.AspNetCore.Cors.Infrastructure.CorsService | CORS policy execution successful.
2026-04-08 12:18:07.024 [INF] Microsoft.AspNetCore.Hosting.Diagnostics | Request finished HTTP/1.1 OPTIONS http://localhost:5217/api/ShiftAssignments/roster?start=2026-04-08&end=2026-04-15&orgId=2 - 204 null null 0.4413ms
2026-04-08 12:18:07.029 [INF] Microsoft.AspNetCore.Hosting.Diagnostics | Request starting HTTP/1.1 GET http://localhost:5217/api/ShiftAssignments/roster?start=2026-04-08&end=2026-04-15&orgId=2 - application/json null
2026-04-08 12:18:07.029 [INF] Microsoft.AspNetCore.Cors.Infrastructure.CorsService | CORS policy execution successful.
2026-04-08 12:18:07.029 [INF] Microsoft.AspNetCore.Routing.EndpointMiddleware | Executing endpoint 'backend.Controllers.ShiftAssignmentsController.GetMonthlyRosterFixed (backend)'
2026-04-08 12:18:07.029 [INF] Microsoft.AspNetCore.Mvc.Infrastructure.ControllerActionInvoker | Route matched with {action = "GetMonthlyRosterFixed", controller = "ShiftAssignments"}. Executing controller action with signature System.Threading.Tasks.Task`1[Microsoft.AspNetCore.Mvc.IActionResult] GetMonthlyRosterFixed(System.String, System.String, System.Nullable`1[System.Int32]) on controller backend.Controllers.ShiftAssignmentsController (backend).
2026-04-08 12:18:07.056 [INF] Microsoft.AspNetCore.Mvc.Infrastructure.ObjectResultExecutor | Executing OkObjectResult, writing value of type 'System.Collections.Generic.List`1[[backend.Models.EmployeeSchedule, backend, Version=1.0.0.0, Culture=neutral, PublicKeyToken=null]]'.
2026-04-08 12:18:07.056 [INF] Microsoft.AspNetCore.Mvc.Infrastructure.ControllerActionInvoker | Executed action backend.Controllers.ShiftAssignmentsController.GetMonthlyRosterFixed (backend) in 26.3667ms
2026-04-08 12:18:07.056 [INF] Microsoft.AspNetCore.Routing.EndpointMiddleware | Executed endpoint 'backend.Controllers.ShiftAssignmentsController.GetMonthlyRosterFixed (backend)'
2026-04-08 12:18:07.056 [INF] Serilog.AspNetCore.RequestLoggingMiddleware | HTTP GET /api/ShiftAssignments/roster → 200 (26.6ms)
2026-04-08 12:18:07.056 [INF] Microsoft.AspNetCore.Hosting.Diagnostics | Request finished HTTP/1.1 GET http://localhost:5217/api/ShiftAssignments/roster?start=2026-04-08&end=2026-04-15&orgId=2 - 200 null application/json; charset=utf-8 27.0342ms
2026-04-08 12:18:07.140 [INF] Microsoft.AspNetCore.Hosting.Diagnostics | Request starting HTTP/1.1 OPTIONS http://localhost:5217/api/Attendance/status?employeeId=31&orgId=2 - null null
2026-04-08 12:18:07.140 [INF] Microsoft.AspNetCore.Cors.Infrastructure.CorsService | CORS policy execution successful.
2026-04-08 12:18:07.140 [INF] Microsoft.AspNetCore.Hosting.Diagnostics | Request finished HTTP/1.1 OPTIONS http://localhost:5217/api/Attendance/status?employeeId=31&orgId=2 - 204 null null 0.2399ms
2026-04-08 12:18:07.144 [INF] Microsoft.AspNetCore.Hosting.Diagnostics | Request starting HTTP/1.1 GET http://localhost:5217/api/Attendance/status?employeeId=31&orgId=2 - application/json null
2026-04-08 12:18:07.144 [INF] Microsoft.AspNetCore.Cors.Infrastructure.CorsService | CORS policy execution successful.
2026-04-08 12:18:07.144 [INF] Microsoft.AspNetCore.Routing.EndpointMiddleware | Executing endpoint 'backend.Controllers.AttendanceController.GetStatus (backend)'
2026-04-08 12:18:07.144 [INF] Microsoft.AspNetCore.Mvc.Infrastructure.ControllerActionInvoker | Route matched with {action = "GetStatus", controller = "Attendance"}. Executing controller action with signature System.Threading.Tasks.Task`1[Microsoft.AspNetCore.Mvc.IActionResult] GetStatus(Int32, Int32) on controller backend.Controllers.AttendanceController (backend).
2026-04-08 12:18:07.189 [ERR] backend.Controllers.AttendanceController | Error getting attendance status
Microsoft.Data.SqlClient.SqlException (0x80131904): Invalid column name 'FN'.
Invalid column name 'AN'.
   at System.Threading.Tasks.ContinuationResultTaskFromResultTask`2.InnerInvoke()
   at System.Threading.ExecutionContext.RunInternal(ExecutionContext executionContext, ContextCallback callback, Object state)
--- End of stack trace from previous location ---
   at System.Threading.ExecutionContext.RunInternal(ExecutionContext executionContext, ContextCallback callback, Object state)
   at System.Threading.Tasks.Task.ExecuteWithThreadLocal(Task& currentTaskSlot, Thread threadPoolThread)
--- End of stack trace from previous location ---
   at Dapper.SqlMapper.QueryRowAsync[T](IDbConnection cnn, Row row, Type effectiveType, CommandDefinition command) in /_/Dapper/SqlMapper.Async.cs:line 489
   at backend.Controllers.AttendanceController.GetStatus(Int32 employeeId, Int32 orgId) in C:\Repos_Work\Prodesx_HRM_Mobile_Application\backend\Controllers\AttendanceController.cs:line 235
ClientConnectionId:ebb89db3-2aff-4e5d-803f-a62fd7bbdebb
Error Number:207,State:1,Class:16
2026-04-08 12:18:07.193 [INF] Microsoft.AspNetCore.Mvc.Infrastructure.ObjectResultExecutor | Executing ObjectResult, writing value of type 'System.String'.
2026-04-08 12:18:07.194 [INF] Microsoft.AspNetCore.Mvc.Infrastructure.ControllerActionInvoker | Executed action backend.Controllers.AttendanceController.GetStatus (backend) in 49.6742ms
2026-04-08 12:18:07.194 [INF] Microsoft.AspNetCore.Routing.EndpointMiddleware | Executed endpoint 'backend.Controllers.AttendanceController.GetStatus (backend)'
2026-04-08 12:18:07.194 [ERR] Serilog.AspNetCore.RequestLoggingMiddleware | HTTP GET /api/Attendance/status → 500 (50.1ms)
2026-04-08 12:18:07.194 [INF] Microsoft.AspNetCore.Hosting.Diagnostics | Request finished HTTP/1.1 GET http://localhost:5217/api/Attendance/status?employeeId=31&orgId=2 - 500 null text/plain; charset=utf-8 50.528ms
2026-04-08 12:18:10.393 [INF] Microsoft.AspNetCore.Hosting.Diagnostics | Request starting HTTP/1.1 OPTIONS http://localhost:5217/api/SalaryYear/GetSalaryYearsByOrgId?orgId=2 - null null
2026-04-08 12:18:10.393 [INF] Microsoft.AspNetCore.Cors.Infrastructure.CorsService | CORS policy execution successful.
2026-04-08 12:18:10.394 [INF] Microsoft.AspNetCore.Hosting.Diagnostics | Request finished HTTP/1.1 OPTIONS http://localhost:5217/api/SalaryYear/GetSalaryYearsByOrgId?orgId=2 - 204 null null 0.6958ms
2026-04-08 12:18:10.397 [INF] Microsoft.AspNetCore.Hosting.Diagnostics | Request starting HTTP/1.1 GET http://localhost:5217/api/SalaryYear/GetSalaryYearsByOrgId?orgId=2 - application/json null
2026-04-08 12:18:10.397 [INF] Microsoft.AspNetCore.Cors.Infrastructure.CorsService | CORS policy execution successful.
2026-04-08 12:18:10.397 [INF] Microsoft.AspNetCore.Routing.EndpointMiddleware | Executing endpoint 'backend.Controllers.SalaryYearController.GetSalaryYearsByOrgId (backend)'
2026-04-08 12:18:10.397 [INF] Microsoft.AspNetCore.Mvc.Infrastructure.ControllerActionInvoker | Route matched with {action = "GetSalaryYearsByOrgId", controller = "SalaryYear"}. Executing controller action with signature System.Threading.Tasks.Task`1[Microsoft.AspNetCore.Mvc.IActionResult] GetSalaryYearsByOrgId(System.String) on controller backend.Controllers.SalaryYearController (backend).
2026-04-08 12:18:11.511 [INF] Microsoft.AspNetCore.Mvc.Infrastructure.ObjectResultExecutor | Executing OkObjectResult, writing value of type 'System.Collections.Generic.List`1[[backend.Models.SalaryYear, backend, Version=1.0.0.0, Culture=neutral, PublicKeyToken=null]]'.
2026-04-08 12:18:11.512 [INF] Microsoft.AspNetCore.Mvc.Infrastructure.ControllerActionInvoker | Executed action backend.Controllers.SalaryYearController.GetSalaryYearsByOrgId (backend) in 1114.2389ms
2026-04-08 12:18:11.512 [INF] Microsoft.AspNetCore.Routing.EndpointMiddleware | Executed endpoint 'backend.Controllers.SalaryYearController.GetSalaryYearsByOrgId (backend)'
2026-04-08 12:18:11.512 [INF] Serilog.AspNetCore.RequestLoggingMiddleware | HTTP GET /api/SalaryYear/GetSalaryYearsByOrgId → 200 (1114.4ms)
2026-04-08 12:18:11.512 [INF] Microsoft.AspNetCore.Hosting.Diagnostics | Request finished HTTP/1.1 GET http://localhost:5217/api/SalaryYear/GetSalaryYearsByOrgId?orgId=2 - 200 null application/json; charset=utf-8 1114.8117ms
2026-04-08 12:18:11.564 [INF] Microsoft.AspNetCore.Hosting.Diagnostics | Request starting HTTP/1.1 GET http://localhost:5217/api/employees?organizationId=2 - application/json null
2026-04-08 12:18:11.564 [INF] Microsoft.AspNetCore.Cors.Infrastructure.CorsService | CORS policy execution successful.
2026-04-08 12:18:11.565 [INF] Microsoft.AspNetCore.Routing.EndpointMiddleware | Executing endpoint 'backend.Controllers.EmployeesController.GetEmployees (backend)'
2026-04-08 12:18:11.565 [INF] Microsoft.AspNetCore.Mvc.Infrastructure.ControllerActionInvoker | Route matched with {action = "GetEmployees", controller = "Employees"}. Executing controller action with signature System.Threading.Tasks.Task`1[Microsoft.AspNetCore.Mvc.IActionResult] GetEmployees(System.Nullable`1[System.Int32]) on controller backend.Controllers.EmployeesController (backend).
2026-04-08 12:18:11.565 [INF] backend.Controllers.EmployeesController | [Employees] GET all | TargetOrgId=2 | UserOrgId=2
2026-04-08 12:18:11.655 [INF] Microsoft.AspNetCore.Mvc.Infrastructure.ObjectResultExecutor | Executing OkObjectResult, writing value of type 'System.Collections.Generic.List`1[[backend.Models.Employee, backend, Version=1.0.0.0, Culture=neutral, PublicKeyToken=null]]'.
2026-04-08 12:18:11.655 [INF] Microsoft.AspNetCore.Mvc.Infrastructure.ControllerActionInvoker | Executed action backend.Controllers.EmployeesController.GetEmployees (backend) in 90.4398ms
2026-04-08 12:18:11.655 [INF] Microsoft.AspNetCore.Routing.EndpointMiddleware | Executed endpoint 'backend.Controllers.EmployeesController.GetEmployees (backend)'
2026-04-08 12:18:11.655 [INF] Serilog.AspNetCore.RequestLoggingMiddleware | HTTP GET /api/employees → 200 (90.6ms)
2026-04-08 12:18:11.655 [INF] Microsoft.AspNetCore.Hosting.Diagnostics | Request finished HTTP/1.1 GET http://localhost:5217/api/employees?organizationId=2 - 200 null application/json; charset=utf-8 91.3726ms
2026-04-08 12:18:11.739 [INF] Microsoft.AspNetCore.Hosting.Diagnostics | Request starting HTTP/1.1 OPTIONS http://localhost:5217/api/SalarySettings/GetSalarySettings?orgId=2&salaryYearId=3 - null null
2026-04-08 12:18:11.739 [INF] Microsoft.AspNetCore.Cors.Infrastructure.CorsService | CORS policy execution successful.
2026-04-08 12:18:11.739 [INF] Microsoft.AspNetCore.Hosting.Diagnostics | Request finished HTTP/1.1 OPTIONS http://localhost:5217/api/SalarySettings/GetSalarySettings?orgId=2&salaryYearId=3 - 204 null null 0.241ms
2026-04-08 12:18:11.741 [INF] Microsoft.AspNetCore.Hosting.Diagnostics | Request starting HTTP/1.1 GET http://localhost:5217/api/SalarySettings/GetSalarySettings?orgId=2&salaryYearId=3 - application/json null
2026-04-08 12:18:11.741 [INF] Microsoft.AspNetCore.Cors.Infrastructure.CorsService | CORS policy execution successful.
2026-04-08 12:18:11.742 [INF] Microsoft.AspNetCore.Routing.EndpointMiddleware | Executing endpoint 'backend.Controllers.SalarySettingsController.GetSalarySettings (backend)'
2026-04-08 12:18:11.742 [INF] Microsoft.AspNetCore.Mvc.Infrastructure.ControllerActionInvoker | Route matched with {action = "GetSalarySettings", controller = "SalarySettings"}. Executing controller action with signature System.Threading.Tasks.Task`1[Microsoft.AspNetCore.Mvc.IActionResult] GetSalarySettings(System.String, System.String) on controller backend.Controllers.SalarySettingsController (backend).
2026-04-08 12:18:11.764 [INF] Microsoft.AspNetCore.Mvc.Infrastructure.ObjectResultExecutor | Executing OkObjectResult, writing value of type 'System.Collections.Generic.List`1[[backend.Models.SalarySettings, backend, Version=1.0.0.0, Culture=neutral, PublicKeyToken=null]]'.
2026-04-08 12:18:11.764 [INF] Microsoft.AspNetCore.Mvc.Infrastructure.ControllerActionInvoker | Executed action backend.Controllers.SalarySettingsController.GetSalarySettings (backend) in 22.1664ms
2026-04-08 12:18:11.764 [INF] Microsoft.AspNetCore.Routing.EndpointMiddleware | Executed endpoint 'backend.Controllers.SalarySettingsController.GetSalarySettings (backend)'
2026-04-08 12:18:11.764 [INF] Serilog.AspNetCore.RequestLoggingMiddleware | HTTP GET /api/SalarySettings/GetSalarySettings → 200 (22.4ms)
2026-04-08 12:18:11.764 [INF] Microsoft.AspNetCore.Hosting.Diagnostics | Request finished HTTP/1.1 GET http://localhost:5217/api/SalarySettings/GetSalarySettings?orgId=2&salaryYearId=3 - 200 null application/json; charset=utf-8 22.9259ms
2026-04-08 12:18:12.069 [INF] Microsoft.AspNetCore.Hosting.Diagnostics | Request starting HTTP/1.1 GET http://localhost:5217/uploads/employee-photos/emp-28.jpg - null null
2026-04-08 12:18:12.069 [INF] Microsoft.AspNetCore.Cors.Infrastructure.CorsService | CORS policy execution successful.
2026-04-08 12:18:12.069 [INF] Serilog.AspNetCore.RequestLoggingMiddleware | HTTP GET /uploads/employee-photos/emp-28.jpg → 404 (0.0ms)
2026-04-08 12:18:12.069 [INF] Microsoft.AspNetCore.Hosting.Diagnostics | Request finished HTTP/1.1 GET http://localhost:5217/uploads/employee-photos/emp-28.jpg - 404 0 null 0.5634ms
2026-04-08 12:18:12.070 [INF] Microsoft.AspNetCore.Hosting.Diagnostics | Request reached the end of the middleware pipeline without being handled by application code. Request path: GET http://localhost:5217/uploads/employee-photos/emp-28.jpg, Response status code: 404
2026-04-08 12:18:12.094 [INF] Microsoft.AspNetCore.Hosting.Diagnostics | Request starting HTTP/1.1 OPTIONS http://localhost:5217/hubs/salarysettings/negotiate?negotiateVersion=1 - null null
2026-04-08 12:18:12.095 [INF] Microsoft.AspNetCore.Cors.Infrastructure.CorsService | CORS policy execution successful.
2026-04-08 12:18:12.095 [INF] Microsoft.AspNetCore.Hosting.Diagnostics | Request finished HTTP/1.1 OPTIONS http://localhost:5217/hubs/salarysettings/negotiate?negotiateVersion=1 - 204 null null 0.2429ms
2026-04-08 12:18:12.096 [INF] Microsoft.AspNetCore.Hosting.Diagnostics | Request starting HTTP/1.1 POST http://localhost:5217/hubs/salarysettings/negotiate?negotiateVersion=1 - text/plain;charset=UTF-8 0
2026-04-08 12:18:12.097 [INF] Microsoft.AspNetCore.Cors.Infrastructure.CorsService | CORS policy execution successful.
2026-04-08 12:18:12.097 [INF] Microsoft.AspNetCore.Routing.EndpointMiddleware | Executing endpoint '/hubs/salarysettings/negotiate'
2026-04-08 12:18:12.097 [INF] Microsoft.AspNetCore.Routing.EndpointMiddleware | Executed endpoint '/hubs/salarysettings/negotiate'
2026-04-08 12:18:12.097 [INF] Serilog.AspNetCore.RequestLoggingMiddleware | HTTP POST /hubs/salarysettings/negotiate → 200 (0.2ms)
2026-04-08 12:18:12.097 [INF] Microsoft.AspNetCore.Hosting.Diagnostics | Request finished HTTP/1.1 POST http://localhost:5217/hubs/salarysettings/negotiate?negotiateVersion=1 - 200 316 application/json 0.8808ms
2026-04-08 12:18:12.130 [INF] Microsoft.AspNetCore.Hosting.Diagnostics | Request starting HTTP/1.1 GET http://localhost:5217/hubs/salarysettings?id=M8mLvx-ND7yAP0spWSOSyQ&access_token=eyJhbGciOiJIUzI1NiIsInR5cCI6IkpXVCJ9.eyJuYW1laWQiOiIxOCIsInVuaXF1ZV9uYW1lIjoidmFzYW50aGFrdW1hciIsImVtYWlsIjoidmFzYW50aDIwMDR2a0BnbWFpbC5jb20iLCJyb2xlIjoiU3VwZXJBZG1pbiIsIk9yZ2FuaXphdGlvbklkIjoiMiIsIk9yZ2FuaXphdGlvbkxvZ28iOiIvdXBsb2Fkcy9vcmctbG9nb3Mvb3JnLWxvZ28tNTg3M2M0NzVkOTFkNGJiZDkwNDZkZWVjNjY3ZDEzNmMuanBnIiwibmJmIjoxNzc1NjI5OTc0LCJleHAiOjE3NzU3MTYzNzQsImlhdCI6MTc3NTYyOTk3NCwiaXNzIjoiUHJvRGVzWC1CYWNrZW5kIiwiYXVkIjoiUHJvRGVzWC1Gcm9udGVuZCJ9.igbT3pLpIiahwfTYCSUnLfgWrpW2xHWNEZnnwNqmD4o - null null
2026-04-08 12:18:12.130 [INF] Microsoft.AspNetCore.Cors.Infrastructure.CorsService | CORS policy execution successful.
2026-04-08 12:18:12.130 [INF] Microsoft.AspNetCore.Routing.EndpointMiddleware | Executing endpoint '/hubs/salarysettings'
2026-04-08 12:18:14.794 [INF] Microsoft.AspNetCore.Routing.EndpointMiddleware | Executed endpoint '/hubs/salarysettings'
2026-04-08 12:18:14.794 [INF] Serilog.AspNetCore.RequestLoggingMiddleware | HTTP GET /hubs/salarysettings → 101 (2664.0ms)
2026-04-08 12:18:14.794 [INF] Microsoft.AspNetCore.Hosting.Diagnostics | Request finished HTTP/1.1 GET http://localhost:5217/hubs/salarysettings?id=M8mLvx-ND7yAP0spWSOSyQ&access_token=eyJhbGciOiJIUzI1NiIsInR5cCI6IkpXVCJ9.eyJuYW1laWQiOiIxOCIsInVuaXF1ZV9uYW1lIjoidmFzYW50aGFrdW1hciIsImVtYWlsIjoidmFzYW50aDIwMDR2a0BnbWFpbC5jb20iLCJyb2xlIjoiU3VwZXJBZG1pbiIsIk9yZ2FuaXphdGlvbklkIjoiMiIsIk9yZ2FuaXphdGlvbkxvZ28iOiIvdXBsb2Fkcy9vcmctbG9nb3Mvb3JnLWxvZ28tNTg3M2M0NzVkOTFkNGJiZDkwNDZkZWVjNjY3ZDEzNmMuanBnIiwibmJmIjoxNzc1NjI5OTc0LCJleHAiOjE3NzU3MTYzNzQsImlhdCI6MTc3NTYyOTk3NCwiaXNzIjoiUHJvRGVzWC1CYWNrZW5kIiwiYXVkIjoiUHJvRGVzWC1Gcm9udGVuZCJ9.igbT3pLpIiahwfTYCSUnLfgWrpW2xHWNEZnnwNqmD4o - 101 null null 2664.2566ms
2026-04-08 12:18:16.737 [INF] Microsoft.AspNetCore.Hosting.Diagnostics | Request starting HTTP/1.1 OPTIONS http://localhost:5217/api/SalaryYear/GetSalaryYearsByOrgId?orgId=8 - null null
2026-04-08 12:18:16.737 [INF] Microsoft.AspNetCore.Cors.Infrastructure.CorsService | CORS policy execution successful.
2026-04-08 12:18:16.738 [INF] Microsoft.AspNetCore.Hosting.Diagnostics | Request finished HTTP/1.1 OPTIONS http://localhost:5217/api/SalaryYear/GetSalaryYearsByOrgId?orgId=8 - 204 null null 0.1625ms
2026-04-08 12:18:16.741 [INF] Microsoft.AspNetCore.Hosting.Diagnostics | Request starting HTTP/1.1 GET http://localhost:5217/api/SalaryYear/GetSalaryYearsByOrgId?orgId=8 - application/json null
2026-04-08 12:18:16.741 [INF] Microsoft.AspNetCore.Cors.Infrastructure.CorsService | CORS policy execution successful.
2026-04-08 12:18:16.741 [INF] Microsoft.AspNetCore.Routing.EndpointMiddleware | Executing endpoint 'backend.Controllers.SalaryYearController.GetSalaryYearsByOrgId (backend)'
2026-04-08 12:18:16.742 [INF] Microsoft.AspNetCore.Mvc.Infrastructure.ControllerActionInvoker | Route matched with {action = "GetSalaryYearsByOrgId", controller = "SalaryYear"}. Executing controller action with signature System.Threading.Tasks.Task`1[Microsoft.AspNetCore.Mvc.IActionResult] GetSalaryYearsByOrgId(System.String) on controller backend.Controllers.SalaryYearController (backend).
2026-04-08 12:18:16.851 [INF] Microsoft.AspNetCore.Mvc.Infrastructure.ObjectResultExecutor | Executing OkObjectResult, writing value of type 'System.Collections.Generic.List`1[[backend.Models.SalaryYear, backend, Version=1.0.0.0, Culture=neutral, PublicKeyToken=null]]'.
2026-04-08 12:18:16.852 [INF] Microsoft.AspNetCore.Mvc.Infrastructure.ControllerActionInvoker | Executed action backend.Controllers.SalaryYearController.GetSalaryYearsByOrgId (backend) in 109.9351ms
2026-04-08 12:18:16.852 [INF] Microsoft.AspNetCore.Routing.EndpointMiddleware | Executed endpoint 'backend.Controllers.SalaryYearController.GetSalaryYearsByOrgId (backend)'
2026-04-08 12:18:16.852 [INF] Serilog.AspNetCore.RequestLoggingMiddleware | HTTP GET /api/SalaryYear/GetSalaryYearsByOrgId → 200 (110.2ms)
2026-04-08 12:18:16.852 [INF] Microsoft.AspNetCore.Hosting.Diagnostics | Request finished HTTP/1.1 GET http://localhost:5217/api/SalaryYear/GetSalaryYearsByOrgId?orgId=8 - 200 null application/json; charset=utf-8 110.9167ms
2026-04-08 12:18:22.349 [INF] Microsoft.AspNetCore.Routing.EndpointMiddleware | Executed endpoint '/hubs/salarysettings'
2026-04-08 12:18:22.349 [INF] Serilog.AspNetCore.RequestLoggingMiddleware | HTTP GET /hubs/salarysettings → 101 (109978.8ms)
2026-04-08 12:18:22.349 [INF] Microsoft.AspNetCore.Hosting.Diagnostics | Request finished HTTP/1.1 GET http://localhost:5217/hubs/salarysettings?id=S0noVIzav_qUy5T5tYrrHA&access_token=eyJhbGciOiJIUzI1NiIsInR5cCI6IkpXVCJ9.eyJuYW1laWQiOiIxOCIsInVuaXF1ZV9uYW1lIjoidmFzYW50aGFrdW1hciIsImVtYWlsIjoidmFzYW50aDIwMDR2a0BnbWFpbC5jb20iLCJyb2xlIjoiU3VwZXJBZG1pbiIsIk9yZ2FuaXphdGlvbklkIjoiMiIsIk9yZ2FuaXphdGlvbkxvZ28iOiIvdXBsb2Fkcy9vcmctbG9nb3Mvb3JnLWxvZ28tNTg3M2M0NzVkOTFkNGJiZDkwNDZkZWVjNjY3ZDEzNmMuanBnIiwibmJmIjoxNzc1NjI5OTc0LCJleHAiOjE3NzU3MTYzNzQsImlhdCI6MTc3NTYyOTk3NCwiaXNzIjoiUHJvRGVzWC1CYWNrZW5kIiwiYXVkIjoiUHJvRGVzWC1Gcm9udGVuZCJ9.igbT3pLpIiahwfTYCSUnLfgWrpW2xHWNEZnnwNqmD4o - 101 null null 109979.1555ms
2026-04-08 12:18:22.358 [INF] Microsoft.AspNetCore.Hosting.Diagnostics | Request starting HTTP/1.1 OPTIONS http://localhost:5217/hubs/salarysettings/negotiate?negotiateVersion=1 - null null
2026-04-08 12:18:22.358 [INF] Microsoft.AspNetCore.Cors.Infrastructure.CorsService | CORS policy execution successful.
2026-04-08 12:18:22.358 [INF] Microsoft.AspNetCore.Hosting.Diagnostics | Request finished HTTP/1.1 OPTIONS http://localhost:5217/hubs/salarysettings/negotiate?negotiateVersion=1 - 204 null null 0.5685ms
2026-04-08 12:18:22.360 [INF] Microsoft.AspNetCore.Hosting.Diagnostics | Request starting HTTP/1.1 POST http://localhost:5217/hubs/salarysettings/negotiate?negotiateVersion=1 - text/plain;charset=UTF-8 0
2026-04-08 12:18:22.360 [INF] Microsoft.AspNetCore.Cors.Infrastructure.CorsService | CORS policy execution successful.
2026-04-08 12:18:22.360 [INF] Microsoft.AspNetCore.Routing.EndpointMiddleware | Executing endpoint '/hubs/salarysettings/negotiate'
2026-04-08 12:18:22.360 [INF] Microsoft.AspNetCore.Routing.EndpointMiddleware | Executed endpoint '/hubs/salarysettings/negotiate'
2026-04-08 12:18:22.360 [INF] Serilog.AspNetCore.RequestLoggingMiddleware | HTTP POST /hubs/salarysettings/negotiate → 200 (0.2ms)
2026-04-08 12:18:22.360 [INF] Microsoft.AspNetCore.Hosting.Diagnostics | Request finished HTTP/1.1 POST http://localhost:5217/hubs/salarysettings/negotiate?negotiateVersion=1 - 200 316 application/json 0.4681ms
2026-04-08 12:18:22.377 [INF] Microsoft.AspNetCore.Hosting.Diagnostics | Request starting HTTP/1.1 GET http://localhost:5217/hubs/salarysettings?id=RQj7hRjBWnZzqQUVRFTRUA&access_token=eyJhbGciOiJIUzI1NiIsInR5cCI6IkpXVCJ9.eyJuYW1laWQiOiIxOCIsInVuaXF1ZV9uYW1lIjoidmFzYW50aGFrdW1hciIsImVtYWlsIjoidmFzYW50aDIwMDR2a0BnbWFpbC5jb20iLCJyb2xlIjoiU3VwZXJBZG1pbiIsIk9yZ2FuaXphdGlvbklkIjoiMiIsIk9yZ2FuaXphdGlvbkxvZ28iOiIvdXBsb2Fkcy9vcmctbG9nb3Mvb3JnLWxvZ28tNTg3M2M0NzVkOTFkNGJiZDkwNDZkZWVjNjY3ZDEzNmMuanBnIiwibmJmIjoxNzc1NjI5OTc0LCJleHAiOjE3NzU3MTYzNzQsImlhdCI6MTc3NTYyOTk3NCwiaXNzIjoiUHJvRGVzWC1CYWNrZW5kIiwiYXVkIjoiUHJvRGVzWC1Gcm9udGVuZCJ9.igbT3pLpIiahwfTYCSUnLfgWrpW2xHWNEZnnwNqmD4o - null null
2026-04-08 12:18:22.377 [INF] Microsoft.AspNetCore.Cors.Infrastructure.CorsService | CORS policy execution successful.
2026-04-08 12:18:22.377 [INF] Microsoft.AspNetCore.Routing.EndpointMiddleware | Executing endpoint '/hubs/salarysettings'
2026-04-08 12:18:23.429 [INF] Microsoft.AspNetCore.Hosting.Diagnostics | Request starting HTTP/1.1 OPTIONS http://localhost:5217/api/SalaryYear/GetSalaryYearsByOrgId?orgId=2 - null null
2026-04-08 12:18:23.429 [INF] Microsoft.AspNetCore.Cors.Infrastructure.CorsService | CORS policy execution successful.
2026-04-08 12:18:23.429 [INF] Microsoft.AspNetCore.Hosting.Diagnostics | Request finished HTTP/1.1 OPTIONS http://localhost:5217/api/SalaryYear/GetSalaryYearsByOrgId?orgId=2 - 204 null null 0.1732ms
2026-04-08 12:18:23.430 [INF] Microsoft.AspNetCore.Hosting.Diagnostics | Request starting HTTP/1.1 GET http://localhost:5217/api/SalaryYear/GetSalaryYearsByOrgId?orgId=2 - application/json null
2026-04-08 12:18:23.430 [INF] Microsoft.AspNetCore.Cors.Infrastructure.CorsService | CORS policy execution successful.
2026-04-08 12:18:23.430 [INF] Microsoft.AspNetCore.Routing.EndpointMiddleware | Executing endpoint 'backend.Controllers.SalaryYearController.GetSalaryYearsByOrgId (backend)'
2026-04-08 12:18:23.430 [INF] Microsoft.AspNetCore.Mvc.Infrastructure.ControllerActionInvoker | Route matched with {action = "GetSalaryYearsByOrgId", controller = "SalaryYear"}. Executing controller action with signature System.Threading.Tasks.Task`1[Microsoft.AspNetCore.Mvc.IActionResult] GetSalaryYearsByOrgId(System.String) on controller backend.Controllers.SalaryYearController (backend).
2026-04-08 12:18:23.538 [INF] Microsoft.AspNetCore.Mvc.Infrastructure.ObjectResultExecutor | Executing OkObjectResult, writing value of type 'System.Collections.Generic.List`1[[backend.Models.SalaryYear, backend, Version=1.0.0.0, Culture=neutral, PublicKeyToken=null]]'.
2026-04-08 12:18:23.538 [INF] Microsoft.AspNetCore.Mvc.Infrastructure.ControllerActionInvoker | Executed action backend.Controllers.SalaryYearController.GetSalaryYearsByOrgId (backend) in 107.4656ms
2026-04-08 12:18:23.538 [INF] Microsoft.AspNetCore.Routing.EndpointMiddleware | Executed endpoint 'backend.Controllers.SalaryYearController.GetSalaryYearsByOrgId (backend)'
2026-04-08 12:18:23.538 [INF] Serilog.AspNetCore.RequestLoggingMiddleware | HTTP GET /api/SalaryYear/GetSalaryYearsByOrgId → 200 (107.6ms)
2026-04-08 12:18:23.538 [INF] Microsoft.AspNetCore.Hosting.Diagnostics | Request finished HTTP/1.1 GET http://localhost:5217/api/SalaryYear/GetSalaryYearsByOrgId?orgId=2 - 200 null application/json; charset=utf-8 107.8815ms
2026-04-08 12:18:23.570 [INF] Microsoft.AspNetCore.Hosting.Diagnostics | Request starting HTTP/1.1 OPTIONS http://localhost:5217/api/employees?organizationId=2 - null null
2026-04-08 12:18:23.571 [INF] Microsoft.AspNetCore.Cors.Infrastructure.CorsService | CORS policy execution successful.
2026-04-08 12:18:23.571 [INF] Microsoft.AspNetCore.Hosting.Diagnostics | Request finished HTTP/1.1 OPTIONS http://localhost:5217/api/employees?organizationId=2 - 204 null null 0.1814ms
2026-04-08 12:18:23.572 [INF] Microsoft.AspNetCore.Hosting.Diagnostics | Request starting HTTP/1.1 GET http://localhost:5217/api/employees?organizationId=2 - application/json null
2026-04-08 12:18:23.572 [INF] Microsoft.AspNetCore.Cors.Infrastructure.CorsService | CORS policy execution successful.
2026-04-08 12:18:23.572 [INF] Microsoft.AspNetCore.Routing.EndpointMiddleware | Executing endpoint 'backend.Controllers.EmployeesController.GetEmployees (backend)'
2026-04-08 12:18:23.572 [INF] Microsoft.AspNetCore.Mvc.Infrastructure.ControllerActionInvoker | Route matched with {action = "GetEmployees", controller = "Employees"}. Executing controller action with signature System.Threading.Tasks.Task`1[Microsoft.AspNetCore.Mvc.IActionResult] GetEmployees(System.Nullable`1[System.Int32]) on controller backend.Controllers.EmployeesController (backend).
2026-04-08 12:18:23.572 [INF] backend.Controllers.EmployeesController | [Employees] GET all | TargetOrgId=2 | UserOrgId=2
2026-04-08 12:18:23.693 [INF] Microsoft.AspNetCore.Mvc.Infrastructure.ObjectResultExecutor | Executing OkObjectResult, writing value of type 'System.Collections.Generic.List`1[[backend.Models.Employee, backend, Version=1.0.0.0, Culture=neutral, PublicKeyToken=null]]'.
2026-04-08 12:18:23.693 [INF] Microsoft.AspNetCore.Mvc.Infrastructure.ControllerActionInvoker | Executed action backend.Controllers.EmployeesController.GetEmployees (backend) in 120.5747ms
2026-04-08 12:18:23.693 [INF] Microsoft.AspNetCore.Routing.EndpointMiddleware | Executed endpoint 'backend.Controllers.EmployeesController.GetEmployees (backend)'
2026-04-08 12:18:23.693 [INF] Serilog.AspNetCore.RequestLoggingMiddleware | HTTP GET /api/employees → 200 (120.9ms)
2026-04-08 12:18:23.693 [INF] Microsoft.AspNetCore.Hosting.Diagnostics | Request finished HTTP/1.1 GET http://localhost:5217/api/employees?organizationId=2 - 200 null application/json; charset=utf-8 121.1727ms
2026-04-08 12:18:23.717 [INF] Microsoft.AspNetCore.Hosting.Diagnostics | Request starting HTTP/1.1 OPTIONS http://localhost:5217/api/SalarySettings/GetSalarySettings?orgId=2&salaryYearId=3 - null null
2026-04-08 12:18:23.717 [INF] Microsoft.AspNetCore.Cors.Infrastructure.CorsService | CORS policy execution successful.
2026-04-08 12:18:23.717 [INF] Microsoft.AspNetCore.Hosting.Diagnostics | Request finished HTTP/1.1 OPTIONS http://localhost:5217/api/SalarySettings/GetSalarySettings?orgId=2&salaryYearId=3 - 204 null null 0.2424ms
2026-04-08 12:18:23.719 [INF] Microsoft.AspNetCore.Hosting.Diagnostics | Request starting HTTP/1.1 GET http://localhost:5217/api/SalarySettings/GetSalarySettings?orgId=2&salaryYearId=3 - application/json null
2026-04-08 12:18:23.719 [INF] Microsoft.AspNetCore.Cors.Infrastructure.CorsService | CORS policy execution successful.
2026-04-08 12:18:23.719 [INF] Microsoft.AspNetCore.Routing.EndpointMiddleware | Executing endpoint 'backend.Controllers.SalarySettingsController.GetSalarySettings (backend)'
2026-04-08 12:18:23.719 [INF] Microsoft.AspNetCore.Mvc.Infrastructure.ControllerActionInvoker | Route matched with {action = "GetSalarySettings", controller = "SalarySettings"}. Executing controller action with signature System.Threading.Tasks.Task`1[Microsoft.AspNetCore.Mvc.IActionResult] GetSalarySettings(System.String, System.String) on controller backend.Controllers.SalarySettingsController (backend).
2026-04-08 12:18:23.846 [INF] Microsoft.AspNetCore.Mvc.Infrastructure.ObjectResultExecutor | Executing OkObjectResult, writing value of type 'System.Collections.Generic.List`1[[backend.Models.SalarySettings, backend, Version=1.0.0.0, Culture=neutral, PublicKeyToken=null]]'.
2026-04-08 12:18:23.846 [INF] Microsoft.AspNetCore.Mvc.Infrastructure.ControllerActionInvoker | Executed action backend.Controllers.SalarySettingsController.GetSalarySettings (backend) in 126.5208ms
2026-04-08 12:18:23.846 [INF] Microsoft.AspNetCore.Routing.EndpointMiddleware | Executed endpoint 'backend.Controllers.SalarySettingsController.GetSalarySettings (backend)'
2026-04-08 12:18:23.846 [INF] Serilog.AspNetCore.RequestLoggingMiddleware | HTTP GET /api/SalarySettings/GetSalarySettings → 200 (126.6ms)
2026-04-08 12:18:23.846 [INF] Microsoft.AspNetCore.Hosting.Diagnostics | Request finished HTTP/1.1 GET http://localhost:5217/api/SalarySettings/GetSalarySettings?orgId=2&salaryYearId=3 - 200 null application/json; charset=utf-8 126.9839ms
2026-04-08 12:18:24.102 [INF] Microsoft.AspNetCore.Hosting.Diagnostics | Request starting HTTP/1.1 POST http://localhost:5217/hubs/salarysettings/negotiate?negotiateVersion=1 - text/plain;charset=UTF-8 0
2026-04-08 12:18:24.102 [INF] Microsoft.AspNetCore.Cors.Infrastructure.CorsService | CORS policy execution successful.
2026-04-08 12:18:24.102 [INF] Microsoft.AspNetCore.Routing.EndpointMiddleware | Executing endpoint '/hubs/salarysettings/negotiate'
2026-04-08 12:18:24.103 [INF] Microsoft.AspNetCore.Routing.EndpointMiddleware | Executed endpoint '/hubs/salarysettings/negotiate'
2026-04-08 12:18:24.103 [INF] Serilog.AspNetCore.RequestLoggingMiddleware | HTTP POST /hubs/salarysettings/negotiate → 200 (0.2ms)
2026-04-08 12:18:24.103 [INF] Microsoft.AspNetCore.Hosting.Diagnostics | Request finished HTTP/1.1 POST http://localhost:5217/hubs/salarysettings/negotiate?negotiateVersion=1 - 200 316 application/json 0.6501ms
2026-04-08 12:18:24.142 [INF] Microsoft.AspNetCore.Hosting.Diagnostics | Request starting HTTP/1.1 GET http://localhost:5217/hubs/salarysettings?id=0zvfbmgD1llKAZ_8Fp0gWw&access_token=eyJhbGciOiJIUzI1NiIsInR5cCI6IkpXVCJ9.eyJuYW1laWQiOiIxOCIsInVuaXF1ZV9uYW1lIjoidmFzYW50aGFrdW1hciIsImVtYWlsIjoidmFzYW50aDIwMDR2a0BnbWFpbC5jb20iLCJyb2xlIjoiU3VwZXJBZG1pbiIsIk9yZ2FuaXphdGlvbklkIjoiMiIsIk9yZ2FuaXphdGlvbkxvZ28iOiIvdXBsb2Fkcy9vcmctbG9nb3Mvb3JnLWxvZ28tNTg3M2M0NzVkOTFkNGJiZDkwNDZkZWVjNjY3ZDEzNmMuanBnIiwibmJmIjoxNzc1NjI5OTc0LCJleHAiOjE3NzU3MTYzNzQsImlhdCI6MTc3NTYyOTk3NCwiaXNzIjoiUHJvRGVzWC1CYWNrZW5kIiwiYXVkIjoiUHJvRGVzWC1Gcm9udGVuZCJ9.igbT3pLpIiahwfTYCSUnLfgWrpW2xHWNEZnnwNqmD4o - null null
2026-04-08 12:18:24.142 [INF] Microsoft.AspNetCore.Cors.Infrastructure.CorsService | CORS policy execution successful.
2026-04-08 12:18:24.143 [INF] Microsoft.AspNetCore.Routing.EndpointMiddleware | Executing endpoint '/hubs/salarysettings'
2026-04-08 12:18:26.193 [INF] Microsoft.AspNetCore.Hosting.Diagnostics | Request starting HTTP/1.1 GET http://localhost:5217/api/employees?organizationId=2 - application/json null
2026-04-08 12:18:26.193 [INF] Microsoft.AspNetCore.Cors.Infrastructure.CorsService | CORS policy execution successful.
2026-04-08 12:18:26.193 [INF] Microsoft.AspNetCore.Routing.EndpointMiddleware | Executing endpoint 'backend.Controllers.EmployeesController.GetEmployees (backend)'
2026-04-08 12:18:26.193 [INF] Microsoft.AspNetCore.Mvc.Infrastructure.ControllerActionInvoker | Route matched with {action = "GetEmployees", controller = "Employees"}. Executing controller action with signature System.Threading.Tasks.Task`1[Microsoft.AspNetCore.Mvc.IActionResult] GetEmployees(System.Nullable`1[System.Int32]) on controller backend.Controllers.EmployeesController (backend).
2026-04-08 12:18:26.193 [INF] backend.Controllers.EmployeesController | [Employees] GET all | TargetOrgId=2 | UserOrgId=2
2026-04-08 12:18:26.281 [INF] Microsoft.AspNetCore.Mvc.Infrastructure.ObjectResultExecutor | Executing OkObjectResult, writing value of type 'System.Collections.Generic.List`1[[backend.Models.Employee, backend, Version=1.0.0.0, Culture=neutral, PublicKeyToken=null]]'.
2026-04-08 12:18:26.281 [INF] Microsoft.AspNetCore.Mvc.Infrastructure.ControllerActionInvoker | Executed action backend.Controllers.EmployeesController.GetEmployees (backend) in 87.9377ms
2026-04-08 12:18:26.281 [INF] Microsoft.AspNetCore.Routing.EndpointMiddleware | Executed endpoint 'backend.Controllers.EmployeesController.GetEmployees (backend)'
2026-04-08 12:18:26.281 [INF] Serilog.AspNetCore.RequestLoggingMiddleware | HTTP GET /api/employees → 200 (88.1ms)
2026-04-08 12:18:26.281 [INF] Microsoft.AspNetCore.Hosting.Diagnostics | Request finished HTTP/1.1 GET http://localhost:5217/api/employees?organizationId=2 - 200 null application/json; charset=utf-8 88.4424ms
2026-04-08 12:18:26.356 [INF] Microsoft.AspNetCore.Hosting.Diagnostics | Request starting HTTP/1.1 OPTIONS http://localhost:5217/api/SalarySettings/GetSalarySettings?orgId=2&salaryYearId=4 - null null
2026-04-08 12:18:26.357 [INF] Microsoft.AspNetCore.Cors.Infrastructure.CorsService | CORS policy execution successful.
2026-04-08 12:18:26.357 [INF] Microsoft.AspNetCore.Hosting.Diagnostics | Request finished HTTP/1.1 OPTIONS http://localhost:5217/api/SalarySettings/GetSalarySettings?orgId=2&salaryYearId=4 - 204 null null 0.2022ms
2026-04-08 12:18:26.360 [INF] Microsoft.AspNetCore.Hosting.Diagnostics | Request starting HTTP/1.1 GET http://localhost:5217/api/SalarySettings/GetSalarySettings?orgId=2&salaryYearId=4 - application/json null
2026-04-08 12:18:26.360 [INF] Microsoft.AspNetCore.Cors.Infrastructure.CorsService | CORS policy execution successful.
2026-04-08 12:18:26.360 [INF] Microsoft.AspNetCore.Routing.EndpointMiddleware | Executing endpoint 'backend.Controllers.SalarySettingsController.GetSalarySettings (backend)'
2026-04-08 12:18:26.360 [INF] Microsoft.AspNetCore.Mvc.Infrastructure.ControllerActionInvoker | Route matched with {action = "GetSalarySettings", controller = "SalarySettings"}. Executing controller action with signature System.Threading.Tasks.Task`1[Microsoft.AspNetCore.Mvc.IActionResult] GetSalarySettings(System.String, System.String) on controller backend.Controllers.SalarySettingsController (backend).
2026-04-08 12:18:26.378 [INF] Microsoft.AspNetCore.Mvc.Infrastructure.ObjectResultExecutor | Executing OkObjectResult, writing value of type 'System.Collections.Generic.List`1[[backend.Models.SalarySettings, backend, Version=1.0.0.0, Culture=neutral, PublicKeyToken=null]]'.
2026-04-08 12:18:26.378 [INF] Microsoft.AspNetCore.Mvc.Infrastructure.ControllerActionInvoker | Executed action backend.Controllers.SalarySettingsController.GetSalarySettings (backend) in 17.9886ms
2026-04-08 12:18:26.378 [INF] Microsoft.AspNetCore.Routing.EndpointMiddleware | Executed endpoint 'backend.Controllers.SalarySettingsController.GetSalarySettings (backend)'
2026-04-08 12:18:26.378 [INF] Serilog.AspNetCore.RequestLoggingMiddleware | HTTP GET /api/SalarySettings/GetSalarySettings → 200 (18.2ms)
2026-04-08 12:18:26.379 [INF] Microsoft.AspNetCore.Hosting.Diagnostics | Request finished HTTP/1.1 GET http://localhost:5217/api/SalarySettings/GetSalarySettings?orgId=2&salaryYearId=4 - 200 null application/json; charset=utf-8 18.6551ms
2026-04-08 12:18:30.102 [INF] Microsoft.AspNetCore.Hosting.Diagnostics | Request starting HTTP/1.1 OPTIONS http://localhost:5217/api/employees?organizationId=2 - null null
2026-04-08 12:18:30.102 [INF] Microsoft.AspNetCore.Cors.Infrastructure.CorsService | CORS policy execution successful.
2026-04-08 12:18:30.102 [INF] Microsoft.AspNetCore.Hosting.Diagnostics | Request finished HTTP/1.1 OPTIONS http://localhost:5217/api/employees?organizationId=2 - 204 null null 0.2226ms
2026-04-08 12:18:30.104 [INF] Microsoft.AspNetCore.Hosting.Diagnostics | Request starting HTTP/1.1 GET http://localhost:5217/api/employees?organizationId=2 - application/json null
2026-04-08 12:18:30.104 [INF] Microsoft.AspNetCore.Cors.Infrastructure.CorsService | CORS policy execution successful.
2026-04-08 12:18:30.104 [INF] Microsoft.AspNetCore.Routing.EndpointMiddleware | Executing endpoint 'backend.Controllers.EmployeesController.GetEmployees (backend)'
2026-04-08 12:18:30.104 [INF] Microsoft.AspNetCore.Mvc.Infrastructure.ControllerActionInvoker | Route matched with {action = "GetEmployees", controller = "Employees"}. Executing controller action with signature System.Threading.Tasks.Task`1[Microsoft.AspNetCore.Mvc.IActionResult] GetEmployees(System.Nullable`1[System.Int32]) on controller backend.Controllers.EmployeesController (backend).
2026-04-08 12:18:30.105 [INF] backend.Controllers.EmployeesController | [Employees] GET all | TargetOrgId=2 | UserOrgId=2
2026-04-08 12:18:30.245 [INF] Microsoft.AspNetCore.Mvc.Infrastructure.ObjectResultExecutor | Executing OkObjectResult, writing value of type 'System.Collections.Generic.List`1[[backend.Models.Employee, backend, Version=1.0.0.0, Culture=neutral, PublicKeyToken=null]]'.
2026-04-08 12:18:30.246 [INF] Microsoft.AspNetCore.Mvc.Infrastructure.ControllerActionInvoker | Executed action backend.Controllers.EmployeesController.GetEmployees (backend) in 141.2042ms
2026-04-08 12:18:30.246 [INF] Microsoft.AspNetCore.Routing.EndpointMiddleware | Executed endpoint 'backend.Controllers.EmployeesController.GetEmployees (backend)'
2026-04-08 12:18:30.246 [INF] Serilog.AspNetCore.RequestLoggingMiddleware | HTTP GET /api/employees → 200 (141.3ms)
2026-04-08 12:18:30.246 [INF] Microsoft.AspNetCore.Hosting.Diagnostics | Request finished HTTP/1.1 GET http://localhost:5217/api/employees?organizationId=2 - 200 null application/json; charset=utf-8 141.625ms
2026-04-08 12:18:30.274 [INF] Microsoft.AspNetCore.Hosting.Diagnostics | Request starting HTTP/1.1 OPTIONS http://localhost:5217/api/SalarySettings/GetSalarySettings?orgId=2&salaryYearId=3 - null null
2026-04-08 12:18:30.274 [INF] Microsoft.AspNetCore.Cors.Infrastructure.CorsService | CORS policy execution successful.
2026-04-08 12:18:30.275 [INF] Microsoft.AspNetCore.Hosting.Diagnostics | Request finished HTTP/1.1 OPTIONS http://localhost:5217/api/SalarySettings/GetSalarySettings?orgId=2&salaryYearId=3 - 204 null null 0.2274ms
2026-04-08 12:18:30.276 [INF] Microsoft.AspNetCore.Hosting.Diagnostics | Request starting HTTP/1.1 GET http://localhost:5217/api/SalarySettings/GetSalarySettings?orgId=2&salaryYearId=3 - application/json null
2026-04-08 12:18:30.276 [INF] Microsoft.AspNetCore.Cors.Infrastructure.CorsService | CORS policy execution successful.
2026-04-08 12:18:30.277 [INF] Microsoft.AspNetCore.Routing.EndpointMiddleware | Executing endpoint 'backend.Controllers.SalarySettingsController.GetSalarySettings (backend)'
2026-04-08 12:18:30.277 [INF] Microsoft.AspNetCore.Mvc.Infrastructure.ControllerActionInvoker | Route matched with {action = "GetSalarySettings", controller = "SalarySettings"}. Executing controller action with signature System.Threading.Tasks.Task`1[Microsoft.AspNetCore.Mvc.IActionResult] GetSalarySettings(System.String, System.String) on controller backend.Controllers.SalarySettingsController (backend).
2026-04-08 12:18:30.348 [INF] Microsoft.AspNetCore.Mvc.Infrastructure.ObjectResultExecutor | Executing OkObjectResult, writing value of type 'System.Collections.Generic.List`1[[backend.Models.SalarySettings, backend, Version=1.0.0.0, Culture=neutral, PublicKeyToken=null]]'.
2026-04-08 12:18:30.348 [INF] Microsoft.AspNetCore.Mvc.Infrastructure.ControllerActionInvoker | Executed action backend.Controllers.SalarySettingsController.GetSalarySettings (backend) in 71.1256ms
2026-04-08 12:18:30.348 [INF] Microsoft.AspNetCore.Routing.EndpointMiddleware | Executed endpoint 'backend.Controllers.SalarySettingsController.GetSalarySettings (backend)'
2026-04-08 12:18:30.348 [INF] Serilog.AspNetCore.RequestLoggingMiddleware | HTTP GET /api/SalarySettings/GetSalarySettings → 200 (71.3ms)
2026-04-08 12:18:30.348 [INF] Microsoft.AspNetCore.Hosting.Diagnostics | Request finished HTTP/1.1 GET http://localhost:5217/api/SalarySettings/GetSalarySettings?orgId=2&salaryYearId=3 - 200 null application/json; charset=utf-8 71.916ms
2026-04-08 12:18:32.712 [INF] Microsoft.AspNetCore.Routing.EndpointMiddleware | Executed endpoint '/hubs/salarysettings'
2026-04-08 12:18:32.712 [INF] Serilog.AspNetCore.RequestLoggingMiddleware | HTTP GET /hubs/salarysettings → 101 (8568.9ms)
2026-04-08 12:18:32.712 [INF] Microsoft.AspNetCore.Hosting.Diagnostics | Request finished HTTP/1.1 GET http://localhost:5217/hubs/salarysettings?id=0zvfbmgD1llKAZ_8Fp0gWw&access_token=eyJhbGciOiJIUzI1NiIsInR5cCI6IkpXVCJ9.eyJuYW1laWQiOiIxOCIsInVuaXF1ZV9uYW1lIjoidmFzYW50aGFrdW1hciIsImVtYWlsIjoidmFzYW50aDIwMDR2a0BnbWFpbC5jb20iLCJyb2xlIjoiU3VwZXJBZG1pbiIsIk9yZ2FuaXphdGlvbklkIjoiMiIsIk9yZ2FuaXphdGlvbkxvZ28iOiIvdXBsb2Fkcy9vcmctbG9nb3Mvb3JnLWxvZ28tNTg3M2M0NzVkOTFkNGJiZDkwNDZkZWVjNjY3ZDEzNmMuanBnIiwibmJmIjoxNzc1NjI5OTc0LCJleHAiOjE3NzU3MTYzNzQsImlhdCI6MTc3NTYyOTk3NCwiaXNzIjoiUHJvRGVzWC1CYWNrZW5kIiwiYXVkIjoiUHJvRGVzWC1Gcm9udGVuZCJ9.igbT3pLpIiahwfTYCSUnLfgWrpW2xHWNEZnnwNqmD4o - 101 null null 8569.4063ms
2026-04-08 12:18:32.714 [INF] Microsoft.AspNetCore.Hosting.Diagnostics | Request starting HTTP/1.1 OPTIONS http://localhost:5217/api/SalaryYear/GetSalaryYearsByOrgId?orgId=1 - null null
2026-04-08 12:18:32.714 [INF] Microsoft.AspNetCore.Cors.Infrastructure.CorsService | CORS policy execution successful.
2026-04-08 12:18:32.714 [INF] Microsoft.AspNetCore.Hosting.Diagnostics | Request finished HTTP/1.1 OPTIONS http://localhost:5217/api/SalaryYear/GetSalaryYearsByOrgId?orgId=1 - 204 null null 0.1314ms
2026-04-08 12:18:32.716 [INF] Microsoft.AspNetCore.Hosting.Diagnostics | Request starting HTTP/1.1 GET http://localhost:5217/api/SalaryYear/GetSalaryYearsByOrgId?orgId=1 - application/json null
2026-04-08 12:18:32.716 [INF] Microsoft.AspNetCore.Cors.Infrastructure.CorsService | CORS policy execution successful.
2026-04-08 12:18:32.716 [INF] Microsoft.AspNetCore.Routing.EndpointMiddleware | Executing endpoint 'backend.Controllers.SalaryYearController.GetSalaryYearsByOrgId (backend)'
2026-04-08 12:18:32.716 [INF] Microsoft.AspNetCore.Mvc.Infrastructure.ControllerActionInvoker | Route matched with {action = "GetSalaryYearsByOrgId", controller = "SalaryYear"}. Executing controller action with signature System.Threading.Tasks.Task`1[Microsoft.AspNetCore.Mvc.IActionResult] GetSalaryYearsByOrgId(System.String) on controller backend.Controllers.SalaryYearController (backend).
2026-04-08 12:18:32.765 [INF] Microsoft.AspNetCore.Mvc.Infrastructure.ObjectResultExecutor | Executing OkObjectResult, writing value of type 'System.Collections.Generic.List`1[[backend.Models.SalaryYear, backend, Version=1.0.0.0, Culture=neutral, PublicKeyToken=null]]'.
2026-04-08 12:18:32.766 [INF] Microsoft.AspNetCore.Mvc.Infrastructure.ControllerActionInvoker | Executed action backend.Controllers.SalaryYearController.GetSalaryYearsByOrgId (backend) in 49.3929ms
2026-04-08 12:18:32.766 [INF] Microsoft.AspNetCore.Routing.EndpointMiddleware | Executed endpoint 'backend.Controllers.SalaryYearController.GetSalaryYearsByOrgId (backend)'
2026-04-08 12:18:32.766 [INF] Serilog.AspNetCore.RequestLoggingMiddleware | HTTP GET /api/SalaryYear/GetSalaryYearsByOrgId → 200 (49.6ms)
2026-04-08 12:18:32.766 [INF] Microsoft.AspNetCore.Hosting.Diagnostics | Request finished HTTP/1.1 GET http://localhost:5217/api/SalaryYear/GetSalaryYearsByOrgId?orgId=1 - 200 null application/json; charset=utf-8 49.8707ms
2026-04-08 12:18:32.846 [INF] Microsoft.AspNetCore.Hosting.Diagnostics | Request starting HTTP/1.1 OPTIONS http://localhost:5217/api/employees?organizationId=1 - null null
2026-04-08 12:18:32.846 [INF] Microsoft.AspNetCore.Cors.Infrastructure.CorsService | CORS policy execution successful.
2026-04-08 12:18:32.846 [INF] Microsoft.AspNetCore.Hosting.Diagnostics | Request finished HTTP/1.1 OPTIONS http://localhost:5217/api/employees?organizationId=1 - 204 null null 0.2114ms
2026-04-08 12:18:32.849 [INF] Microsoft.AspNetCore.Hosting.Diagnostics | Request starting HTTP/1.1 GET http://localhost:5217/api/employees?organizationId=1 - application/json null
2026-04-08 12:18:32.849 [INF] Microsoft.AspNetCore.Cors.Infrastructure.CorsService | CORS policy execution successful.
2026-04-08 12:18:32.849 [INF] Microsoft.AspNetCore.Routing.EndpointMiddleware | Executing endpoint 'backend.Controllers.EmployeesController.GetEmployees (backend)'
2026-04-08 12:18:32.849 [INF] Microsoft.AspNetCore.Mvc.Infrastructure.ControllerActionInvoker | Route matched with {action = "GetEmployees", controller = "Employees"}. Executing controller action with signature System.Threading.Tasks.Task`1[Microsoft.AspNetCore.Mvc.IActionResult] GetEmployees(System.Nullable`1[System.Int32]) on controller backend.Controllers.EmployeesController (backend).
2026-04-08 12:18:32.849 [INF] backend.Controllers.EmployeesController | [Employees] GET all | TargetOrgId=1 | UserOrgId=2
2026-04-08 12:18:32.923 [INF] Microsoft.AspNetCore.Mvc.Infrastructure.ObjectResultExecutor | Executing OkObjectResult, writing value of type 'System.Collections.Generic.List`1[[backend.Models.Employee, backend, Version=1.0.0.0, Culture=neutral, PublicKeyToken=null]]'.
2026-04-08 12:18:32.923 [INF] Microsoft.AspNetCore.Mvc.Infrastructure.ControllerActionInvoker | Executed action backend.Controllers.EmployeesController.GetEmployees (backend) in 73.8315ms
2026-04-08 12:18:32.923 [INF] Microsoft.AspNetCore.Routing.EndpointMiddleware | Executed endpoint 'backend.Controllers.EmployeesController.GetEmployees (backend)'
2026-04-08 12:18:32.923 [INF] Serilog.AspNetCore.RequestLoggingMiddleware | HTTP GET /api/employees → 200 (74.0ms)
2026-04-08 12:18:32.923 [INF] Microsoft.AspNetCore.Hosting.Diagnostics | Request finished HTTP/1.1 GET http://localhost:5217/api/employees?organizationId=1 - 200 null application/json; charset=utf-8 74.2566ms
2026-04-08 12:18:32.948 [INF] Microsoft.AspNetCore.Hosting.Diagnostics | Request starting HTTP/1.1 OPTIONS http://localhost:5217/api/SalarySettings/GetSalarySettings?orgId=1&salaryYearId=2 - null null
2026-04-08 12:18:32.948 [INF] Microsoft.AspNetCore.Cors.Infrastructure.CorsService | CORS policy execution successful.
2026-04-08 12:18:32.949 [INF] Microsoft.AspNetCore.Hosting.Diagnostics | Request finished HTTP/1.1 OPTIONS http://localhost:5217/api/SalarySettings/GetSalarySettings?orgId=1&salaryYearId=2 - 204 null null 0.3672ms
2026-04-08 12:18:32.950 [INF] Microsoft.AspNetCore.Hosting.Diagnostics | Request starting HTTP/1.1 GET http://localhost:5217/api/SalarySettings/GetSalarySettings?orgId=1&salaryYearId=2 - application/json null
2026-04-08 12:18:32.950 [INF] Microsoft.AspNetCore.Cors.Infrastructure.CorsService | CORS policy execution successful.
2026-04-08 12:18:32.950 [INF] Microsoft.AspNetCore.Routing.EndpointMiddleware | Executing endpoint 'backend.Controllers.SalarySettingsController.GetSalarySettings (backend)'
2026-04-08 12:18:32.950 [INF] Microsoft.AspNetCore.Mvc.Infrastructure.ControllerActionInvoker | Route matched with {action = "GetSalarySettings", controller = "SalarySettings"}. Executing controller action with signature System.Threading.Tasks.Task`1[Microsoft.AspNetCore.Mvc.IActionResult] GetSalarySettings(System.String, System.String) on controller backend.Controllers.SalarySettingsController (backend).
2026-04-08 12:18:33.037 [INF] Microsoft.AspNetCore.Mvc.Infrastructure.ObjectResultExecutor | Executing OkObjectResult, writing value of type 'System.Collections.Generic.List`1[[backend.Models.SalarySettings, backend, Version=1.0.0.0, Culture=neutral, PublicKeyToken=null]]'.
2026-04-08 12:18:33.038 [INF] Microsoft.AspNetCore.Mvc.Infrastructure.ControllerActionInvoker | Executed action backend.Controllers.SalarySettingsController.GetSalarySettings (backend) in 87.1772ms
2026-04-08 12:18:33.038 [INF] Microsoft.AspNetCore.Routing.EndpointMiddleware | Executed endpoint 'backend.Controllers.SalarySettingsController.GetSalarySettings (backend)'
2026-04-08 12:18:33.038 [INF] Serilog.AspNetCore.RequestLoggingMiddleware | HTTP GET /api/SalarySettings/GetSalarySettings → 200 (87.3ms)
2026-04-08 12:18:33.038 [INF] Microsoft.AspNetCore.Hosting.Diagnostics | Request finished HTTP/1.1 GET http://localhost:5217/api/SalarySettings/GetSalarySettings?orgId=1&salaryYearId=2 - 200 null application/json; charset=utf-8 87.6378ms
2026-04-08 12:18:33.279 [INF] Microsoft.AspNetCore.Hosting.Diagnostics | Request starting HTTP/1.1 GET http://localhost:5217/uploads/employee-photos/emp-20.png - null null
2026-04-08 12:18:33.279 [INF] Microsoft.AspNetCore.Cors.Infrastructure.CorsService | CORS policy execution successful.
2026-04-08 12:18:33.282 [INF] Microsoft.AspNetCore.Hosting.Diagnostics | Request starting HTTP/1.1 GET http://localhost:5217/uploads/employee-photos/emp-30.png - null null
2026-04-08 12:18:33.282 [INF] Microsoft.AspNetCore.Cors.Infrastructure.CorsService | CORS policy execution successful.
2026-04-08 12:18:33.282 [INF] Serilog.AspNetCore.RequestLoggingMiddleware | HTTP GET /uploads/employee-photos/emp-30.png → 404 (0.0ms)
2026-04-08 12:18:33.282 [INF] Microsoft.AspNetCore.Hosting.Diagnostics | Request finished HTTP/1.1 GET http://localhost:5217/uploads/employee-photos/emp-30.png - 404 0 null 0.5399ms
2026-04-08 12:18:33.282 [INF] Microsoft.AspNetCore.Hosting.Diagnostics | Request reached the end of the middleware pipeline without being handled by application code. Request path: GET http://localhost:5217/uploads/employee-photos/emp-30.png, Response status code: 404
2026-04-08 12:18:33.283 [INF] Microsoft.AspNetCore.Hosting.Diagnostics | Request starting HTTP/1.1 GET http://localhost:5217/uploads/employee-photos/emp-29.jpg - null null
2026-04-08 12:18:33.283 [INF] Microsoft.AspNetCore.Cors.Infrastructure.CorsService | CORS policy execution successful.
2026-04-08 12:18:33.284 [INF] Serilog.AspNetCore.RequestLoggingMiddleware | HTTP GET /uploads/employee-photos/emp-29.jpg → 404 (0.0ms)
2026-04-08 12:18:33.284 [INF] Microsoft.AspNetCore.Hosting.Diagnostics | Request finished HTTP/1.1 GET http://localhost:5217/uploads/employee-photos/emp-29.jpg - 404 0 null 0.6648ms
2026-04-08 12:18:33.284 [INF] Microsoft.AspNetCore.Hosting.Diagnostics | Request reached the end of the middleware pipeline without being handled by application code. Request path: GET http://localhost:5217/uploads/employee-photos/emp-29.jpg, Response status code: 404
2026-04-08 12:18:33.284 [INF] Microsoft.AspNetCore.Hosting.Diagnostics | Request starting HTTP/1.1 GET http://localhost:5217/uploads/employee-photos/emp-26.png - null null
2026-04-08 12:18:33.285 [INF] Microsoft.AspNetCore.Cors.Infrastructure.CorsService | CORS policy execution successful.
2026-04-08 12:18:33.286 [INF] Microsoft.AspNetCore.Hosting.Diagnostics | Request starting HTTP/1.1 GET http://localhost:5217/uploads/employee-photos/emp-7.png - null null
2026-04-08 12:18:33.286 [INF] Microsoft.AspNetCore.Cors.Infrastructure.CorsService | CORS policy execution successful.
2026-04-08 12:18:33.290 [INF] Microsoft.AspNetCore.StaticFiles.StaticFileMiddleware | Sending file. Request path: '/uploads/employee-photos/emp-7.png'. Physical path: 'C:\Repos_Work\Prodesx_HRM_Mobile_Application\backend\wwwroot\uploads\employee-photos\emp-7.png'
2026-04-08 12:18:33.290 [INF] Microsoft.AspNetCore.Hosting.Diagnostics | Request finished HTTP/1.1 GET http://localhost:5217/uploads/employee-photos/emp-7.png - 200 84955 image/png 3.6419ms
2026-04-08 12:18:33.303 [INF] Microsoft.AspNetCore.StaticFiles.StaticFileMiddleware | Sending file. Request path: '/uploads/employee-photos/emp-20.png'. Physical path: 'C:\Repos_Work\Prodesx_HRM_Mobile_Application\backend\wwwroot\uploads\employee-photos\emp-20.png'
2026-04-08 12:18:33.303 [INF] Microsoft.AspNetCore.Hosting.Diagnostics | Request finished HTTP/1.1 GET http://localhost:5217/uploads/employee-photos/emp-20.png - 200 948415 image/png 24.3467ms
2026-04-08 12:18:33.305 [INF] Microsoft.AspNetCore.Hosting.Diagnostics | Request starting HTTP/1.1 OPTIONS http://localhost:5217/hubs/salarysettings/negotiate?negotiateVersion=1 - null null
2026-04-08 12:18:33.305 [INF] Microsoft.AspNetCore.Cors.Infrastructure.CorsService | CORS policy execution successful.
2026-04-08 12:18:33.305 [INF] Microsoft.AspNetCore.Hosting.Diagnostics | Request finished HTTP/1.1 OPTIONS http://localhost:5217/hubs/salarysettings/negotiate?negotiateVersion=1 - 204 null null 0.1605ms
2026-04-08 12:18:33.307 [INF] Microsoft.AspNetCore.Hosting.Diagnostics | Request starting HTTP/1.1 POST http://localhost:5217/hubs/salarysettings/negotiate?negotiateVersion=1 - text/plain;charset=UTF-8 0
2026-04-08 12:18:33.307 [INF] Microsoft.AspNetCore.Cors.Infrastructure.CorsService | CORS policy execution successful.
2026-04-08 12:18:33.308 [INF] Microsoft.AspNetCore.Routing.EndpointMiddleware | Executing endpoint '/hubs/salarysettings/negotiate'
2026-04-08 12:18:33.309 [INF] Microsoft.AspNetCore.Routing.EndpointMiddleware | Executed endpoint '/hubs/salarysettings/negotiate'
2026-04-08 12:18:33.309 [INF] Serilog.AspNetCore.RequestLoggingMiddleware | HTTP POST /hubs/salarysettings/negotiate → 200 (1.0ms)
2026-04-08 12:18:33.309 [INF] Microsoft.AspNetCore.Hosting.Diagnostics | Request finished HTTP/1.1 POST http://localhost:5217/hubs/salarysettings/negotiate?negotiateVersion=1 - 200 316 application/json 1.6929ms
2026-04-08 12:18:33.310 [INF] Microsoft.AspNetCore.StaticFiles.StaticFileMiddleware | Sending file. Request path: '/uploads/employee-photos/emp-26.png'. Physical path: 'C:\Repos_Work\Prodesx_HRM_Mobile_Application\backend\wwwroot\uploads\employee-photos\emp-26.png'
2026-04-08 12:18:33.310 [INF] Microsoft.AspNetCore.Hosting.Diagnostics | Request finished HTTP/1.1 GET http://localhost:5217/uploads/employee-photos/emp-26.png - 200 948415 image/png 25.9254ms
2026-04-08 12:18:33.358 [INF] Microsoft.AspNetCore.Hosting.Diagnostics | Request starting HTTP/1.1 GET http://localhost:5217/hubs/salarysettings?id=HqdtuxOgfhTQX8v7POFZCg&access_token=eyJhbGciOiJIUzI1NiIsInR5cCI6IkpXVCJ9.eyJuYW1laWQiOiIxOCIsInVuaXF1ZV9uYW1lIjoidmFzYW50aGFrdW1hciIsImVtYWlsIjoidmFzYW50aDIwMDR2a0BnbWFpbC5jb20iLCJyb2xlIjoiU3VwZXJBZG1pbiIsIk9yZ2FuaXphdGlvbklkIjoiMiIsIk9yZ2FuaXphdGlvbkxvZ28iOiIvdXBsb2Fkcy9vcmctbG9nb3Mvb3JnLWxvZ28tNTg3M2M0NzVkOTFkNGJiZDkwNDZkZWVjNjY3ZDEzNmMuanBnIiwibmJmIjoxNzc1NjI5OTc0LCJleHAiOjE3NzU3MTYzNzQsImlhdCI6MTc3NTYyOTk3NCwiaXNzIjoiUHJvRGVzWC1CYWNrZW5kIiwiYXVkIjoiUHJvRGVzWC1Gcm9udGVuZCJ9.igbT3pLpIiahwfTYCSUnLfgWrpW2xHWNEZnnwNqmD4o - null null
2026-04-08 12:18:33.359 [INF] Microsoft.AspNetCore.Cors.Infrastructure.CorsService | CORS policy execution successful.
2026-04-08 12:18:33.360 [INF] Microsoft.AspNetCore.Routing.EndpointMiddleware | Executing endpoint '/hubs/salarysettings'
2026-04-08 12:18:41.082 [INF] Microsoft.AspNetCore.Routing.EndpointMiddleware | Executed endpoint '/hubs/salarysettings'
2026-04-08 12:18:41.082 [INF] Serilog.AspNetCore.RequestLoggingMiddleware | HTTP GET /hubs/salarysettings → 101 (7722.1ms)
2026-04-08 12:18:41.082 [INF] Microsoft.AspNetCore.Hosting.Diagnostics | Request finished HTTP/1.1 GET http://localhost:5217/hubs/salarysettings?id=HqdtuxOgfhTQX8v7POFZCg&access_token=eyJhbGciOiJIUzI1NiIsInR5cCI6IkpXVCJ9.eyJuYW1laWQiOiIxOCIsInVuaXF1ZV9uYW1lIjoidmFzYW50aGFrdW1hciIsImVtYWlsIjoidmFzYW50aDIwMDR2a0BnbWFpbC5jb20iLCJyb2xlIjoiU3VwZXJBZG1pbiIsIk9yZ2FuaXphdGlvbklkIjoiMiIsIk9yZ2FuaXphdGlvbkxvZ28iOiIvdXBsb2Fkcy9vcmctbG9nb3Mvb3JnLWxvZ28tNTg3M2M0NzVkOTFkNGJiZDkwNDZkZWVjNjY3ZDEzNmMuanBnIiwibmJmIjoxNzc1NjI5OTc0LCJleHAiOjE3NzU3MTYzNzQsImlhdCI6MTc3NTYyOTk3NCwiaXNzIjoiUHJvRGVzWC1CYWNrZW5kIiwiYXVkIjoiUHJvRGVzWC1Gcm9udGVuZCJ9.igbT3pLpIiahwfTYCSUnLfgWrpW2xHWNEZnnwNqmD4o - 101 null null 7723.3225ms
2026-04-08 12:18:41.085 [INF] Microsoft.AspNetCore.Hosting.Diagnostics | Request starting HTTP/1.1 OPTIONS http://localhost:5217/api/SalaryYear/GetSalaryYearsByOrgId?orgId=12 - null null
2026-04-08 12:18:41.085 [INF] Microsoft.AspNetCore.Cors.Infrastructure.CorsService | CORS policy execution successful.
2026-04-08 12:18:41.085 [INF] Microsoft.AspNetCore.Hosting.Diagnostics | Request finished HTTP/1.1 OPTIONS http://localhost:5217/api/SalaryYear/GetSalaryYearsByOrgId?orgId=12 - 204 null null 0.185ms
2026-04-08 12:18:41.090 [INF] Microsoft.AspNetCore.Hosting.Diagnostics | Request starting HTTP/1.1 GET http://localhost:5217/api/SalaryYear/GetSalaryYearsByOrgId?orgId=12 - application/json null
2026-04-08 12:18:41.091 [INF] Microsoft.AspNetCore.Cors.Infrastructure.CorsService | CORS policy execution successful.
2026-04-08 12:18:41.091 [INF] Microsoft.AspNetCore.Routing.EndpointMiddleware | Executing endpoint 'backend.Controllers.SalaryYearController.GetSalaryYearsByOrgId (backend)'
2026-04-08 12:18:41.091 [INF] Microsoft.AspNetCore.Mvc.Infrastructure.ControllerActionInvoker | Route matched with {action = "GetSalaryYearsByOrgId", controller = "SalaryYear"}. Executing controller action with signature System.Threading.Tasks.Task`1[Microsoft.AspNetCore.Mvc.IActionResult] GetSalaryYearsByOrgId(System.String) on controller backend.Controllers.SalaryYearController (backend).
2026-04-08 12:18:41.147 [INF] Microsoft.AspNetCore.Mvc.Infrastructure.ObjectResultExecutor | Executing OkObjectResult, writing value of type 'System.Collections.Generic.List`1[[backend.Models.SalaryYear, backend, Version=1.0.0.0, Culture=neutral, PublicKeyToken=null]]'.
2026-04-08 12:18:41.147 [INF] Microsoft.AspNetCore.Mvc.Infrastructure.ControllerActionInvoker | Executed action backend.Controllers.SalaryYearController.GetSalaryYearsByOrgId (backend) in 55.7137ms
2026-04-08 12:18:41.147 [INF] Microsoft.AspNetCore.Routing.EndpointMiddleware | Executed endpoint 'backend.Controllers.SalaryYearController.GetSalaryYearsByOrgId (backend)'
2026-04-08 12:18:41.147 [INF] Serilog.AspNetCore.RequestLoggingMiddleware | HTTP GET /api/SalaryYear/GetSalaryYearsByOrgId → 200 (55.9ms)
2026-04-08 12:18:41.147 [INF] Microsoft.AspNetCore.Hosting.Diagnostics | Request finished HTTP/1.1 GET http://localhost:5217/api/SalaryYear/GetSalaryYearsByOrgId?orgId=12 - 200 null application/json; charset=utf-8 56.2788ms
2026-04-08 12:18:44.362 [INF] Microsoft.AspNetCore.Hosting.Diagnostics | Request starting HTTP/1.1 OPTIONS http://localhost:5217/api/SalaryYear/GetSalaryYearsByOrgId?orgId=1 - null null
2026-04-08 12:18:44.362 [INF] Microsoft.AspNetCore.Cors.Infrastructure.CorsService | CORS policy execution successful.
2026-04-08 12:18:44.362 [INF] Microsoft.AspNetCore.Hosting.Diagnostics | Request finished HTTP/1.1 OPTIONS http://localhost:5217/api/SalaryYear/GetSalaryYearsByOrgId?orgId=1 - 204 null null 0.1802ms
2026-04-08 12:18:44.364 [INF] Microsoft.AspNetCore.Hosting.Diagnostics | Request starting HTTP/1.1 GET http://localhost:5217/api/SalaryYear/GetSalaryYearsByOrgId?orgId=1 - application/json null
2026-04-08 12:18:44.364 [INF] Microsoft.AspNetCore.Cors.Infrastructure.CorsService | CORS policy execution successful.
2026-04-08 12:18:44.364 [INF] Microsoft.AspNetCore.Routing.EndpointMiddleware | Executing endpoint 'backend.Controllers.SalaryYearController.GetSalaryYearsByOrgId (backend)'
2026-04-08 12:18:44.364 [INF] Microsoft.AspNetCore.Mvc.Infrastructure.ControllerActionInvoker | Route matched with {action = "GetSalaryYearsByOrgId", controller = "SalaryYear"}. Executing controller action with signature System.Threading.Tasks.Task`1[Microsoft.AspNetCore.Mvc.IActionResult] GetSalaryYearsByOrgId(System.String) on controller backend.Controllers.SalaryYearController (backend).
2026-04-08 12:18:44.482 [INF] Microsoft.AspNetCore.Mvc.Infrastructure.ObjectResultExecutor | Executing OkObjectResult, writing value of type 'System.Collections.Generic.List`1[[backend.Models.SalaryYear, backend, Version=1.0.0.0, Culture=neutral, PublicKeyToken=null]]'.
2026-04-08 12:18:44.482 [INF] Microsoft.AspNetCore.Mvc.Infrastructure.ControllerActionInvoker | Executed action backend.Controllers.SalaryYearController.GetSalaryYearsByOrgId (backend) in 118.0312ms
2026-04-08 12:18:44.482 [INF] Microsoft.AspNetCore.Routing.EndpointMiddleware | Executed endpoint 'backend.Controllers.SalaryYearController.GetSalaryYearsByOrgId (backend)'
2026-04-08 12:18:44.482 [INF] Serilog.AspNetCore.RequestLoggingMiddleware | HTTP GET /api/SalaryYear/GetSalaryYearsByOrgId → 200 (118.2ms)
2026-04-08 12:18:44.482 [INF] Microsoft.AspNetCore.Hosting.Diagnostics | Request finished HTTP/1.1 GET http://localhost:5217/api/SalaryYear/GetSalaryYearsByOrgId?orgId=1 - 200 null application/json; charset=utf-8 118.5909ms
2026-04-08 12:18:44.518 [INF] Microsoft.AspNetCore.Hosting.Diagnostics | Request starting HTTP/1.1 OPTIONS http://localhost:5217/api/employees?organizationId=1 - null null
2026-04-08 12:18:44.518 [INF] Microsoft.AspNetCore.Cors.Infrastructure.CorsService | CORS policy execution successful.
2026-04-08 12:18:44.518 [INF] Microsoft.AspNetCore.Hosting.Diagnostics | Request finished HTTP/1.1 OPTIONS http://localhost:5217/api/employees?organizationId=1 - 204 null null 0.1984ms
2026-04-08 12:18:44.520 [INF] Microsoft.AspNetCore.Hosting.Diagnostics | Request starting HTTP/1.1 GET http://localhost:5217/api/employees?organizationId=1 - application/json null
2026-04-08 12:18:44.520 [INF] Microsoft.AspNetCore.Cors.Infrastructure.CorsService | CORS policy execution successful.
2026-04-08 12:18:44.520 [INF] Microsoft.AspNetCore.Routing.EndpointMiddleware | Executing endpoint 'backend.Controllers.EmployeesController.GetEmployees (backend)'
2026-04-08 12:18:44.520 [INF] Microsoft.AspNetCore.Mvc.Infrastructure.ControllerActionInvoker | Route matched with {action = "GetEmployees", controller = "Employees"}. Executing controller action with signature System.Threading.Tasks.Task`1[Microsoft.AspNetCore.Mvc.IActionResult] GetEmployees(System.Nullable`1[System.Int32]) on controller backend.Controllers.EmployeesController (backend).
2026-04-08 12:18:44.520 [INF] backend.Controllers.EmployeesController | [Employees] GET all | TargetOrgId=1 | UserOrgId=2
2026-04-08 12:18:44.827 [INF] Microsoft.AspNetCore.Mvc.Infrastructure.ObjectResultExecutor | Executing OkObjectResult, writing value of type 'System.Collections.Generic.List`1[[backend.Models.Employee, backend, Version=1.0.0.0, Culture=neutral, PublicKeyToken=null]]'.
2026-04-08 12:18:44.827 [INF] Microsoft.AspNetCore.Mvc.Infrastructure.ControllerActionInvoker | Executed action backend.Controllers.EmployeesController.GetEmployees (backend) in 306.541ms
2026-04-08 12:18:44.827 [INF] Microsoft.AspNetCore.Routing.EndpointMiddleware | Executed endpoint 'backend.Controllers.EmployeesController.GetEmployees (backend)'
2026-04-08 12:18:44.827 [INF] Serilog.AspNetCore.RequestLoggingMiddleware | HTTP GET /api/employees → 200 (306.7ms)
2026-04-08 12:18:44.827 [INF] Microsoft.AspNetCore.Hosting.Diagnostics | Request finished HTTP/1.1 GET http://localhost:5217/api/employees?organizationId=1 - 200 null application/json; charset=utf-8 306.9415ms
2026-04-08 12:18:44.841 [INF] Microsoft.AspNetCore.Hosting.Diagnostics | Request starting HTTP/1.1 OPTIONS http://localhost:5217/api/SalarySettings/GetSalarySettings?orgId=1&salaryYearId=2 - null null
2026-04-08 12:18:44.841 [INF] Microsoft.AspNetCore.Cors.Infrastructure.CorsService | CORS policy execution successful.
2026-04-08 12:18:44.841 [INF] Microsoft.AspNetCore.Hosting.Diagnostics | Request finished HTTP/1.1 OPTIONS http://localhost:5217/api/SalarySettings/GetSalarySettings?orgId=1&salaryYearId=2 - 204 null null 0.2842ms
2026-04-08 12:18:44.843 [INF] Microsoft.AspNetCore.Hosting.Diagnostics | Request starting HTTP/1.1 GET http://localhost:5217/api/SalarySettings/GetSalarySettings?orgId=1&salaryYearId=2 - application/json null
2026-04-08 12:18:44.843 [INF] Microsoft.AspNetCore.Cors.Infrastructure.CorsService | CORS policy execution successful.
2026-04-08 12:18:44.844 [INF] Microsoft.AspNetCore.Routing.EndpointMiddleware | Executing endpoint 'backend.Controllers.SalarySettingsController.GetSalarySettings (backend)'
2026-04-08 12:18:44.844 [INF] Microsoft.AspNetCore.Mvc.Infrastructure.ControllerActionInvoker | Route matched with {action = "GetSalarySettings", controller = "SalarySettings"}. Executing controller action with signature System.Threading.Tasks.Task`1[Microsoft.AspNetCore.Mvc.IActionResult] GetSalarySettings(System.String, System.String) on controller backend.Controllers.SalarySettingsController (backend).
2026-04-08 12:18:44.989 [INF] Microsoft.AspNetCore.Mvc.Infrastructure.ObjectResultExecutor | Executing OkObjectResult, writing value of type 'System.Collections.Generic.List`1[[backend.Models.SalarySettings, backend, Version=1.0.0.0, Culture=neutral, PublicKeyToken=null]]'.
2026-04-08 12:18:44.989 [INF] Microsoft.AspNetCore.Mvc.Infrastructure.ControllerActionInvoker | Executed action backend.Controllers.SalarySettingsController.GetSalarySettings (backend) in 145.3647ms
2026-04-08 12:18:44.989 [INF] Microsoft.AspNetCore.Routing.EndpointMiddleware | Executed endpoint 'backend.Controllers.SalarySettingsController.GetSalarySettings (backend)'
2026-04-08 12:18:44.989 [INF] Serilog.AspNetCore.RequestLoggingMiddleware | HTTP GET /api/SalarySettings/GetSalarySettings → 200 (145.5ms)
2026-04-08 12:18:44.989 [INF] Microsoft.AspNetCore.Hosting.Diagnostics | Request finished HTTP/1.1 GET http://localhost:5217/api/SalarySettings/GetSalarySettings?orgId=1&salaryYearId=2 - 200 null application/json; charset=utf-8 146.1069ms
2026-04-08 12:18:45.264 [INF] Microsoft.AspNetCore.Hosting.Diagnostics | Request starting HTTP/1.1 OPTIONS http://localhost:5217/hubs/salarysettings/negotiate?negotiateVersion=1 - null null
2026-04-08 12:18:45.264 [INF] Microsoft.AspNetCore.Cors.Infrastructure.CorsService | CORS policy execution successful.
2026-04-08 12:18:45.264 [INF] Microsoft.AspNetCore.Hosting.Diagnostics | Request finished HTTP/1.1 OPTIONS http://localhost:5217/hubs/salarysettings/negotiate?negotiateVersion=1 - 204 null null 0.5211ms
2026-04-08 12:18:45.265 [INF] Microsoft.AspNetCore.Hosting.Diagnostics | Request starting HTTP/1.1 POST http://localhost:5217/hubs/salarysettings/negotiate?negotiateVersion=1 - text/plain;charset=UTF-8 0
2026-04-08 12:18:45.266 [INF] Microsoft.AspNetCore.Cors.Infrastructure.CorsService | CORS policy execution successful.
2026-04-08 12:18:45.266 [INF] Microsoft.AspNetCore.Routing.EndpointMiddleware | Executing endpoint '/hubs/salarysettings/negotiate'
2026-04-08 12:18:45.266 [INF] Microsoft.AspNetCore.Routing.EndpointMiddleware | Executed endpoint '/hubs/salarysettings/negotiate'
2026-04-08 12:18:45.266 [INF] Serilog.AspNetCore.RequestLoggingMiddleware | HTTP POST /hubs/salarysettings/negotiate → 200 (0.2ms)
2026-04-08 12:18:45.266 [INF] Microsoft.AspNetCore.Hosting.Diagnostics | Request finished HTTP/1.1 POST http://localhost:5217/hubs/salarysettings/negotiate?negotiateVersion=1 - 200 316 application/json 0.499ms
2026-04-08 12:18:45.313 [INF] Microsoft.AspNetCore.Hosting.Diagnostics | Request starting HTTP/1.1 GET http://localhost:5217/hubs/salarysettings?id=1v8QHx6hNN7pjhjdFk99Gg&access_token=eyJhbGciOiJIUzI1NiIsInR5cCI6IkpXVCJ9.eyJuYW1laWQiOiIxOCIsInVuaXF1ZV9uYW1lIjoidmFzYW50aGFrdW1hciIsImVtYWlsIjoidmFzYW50aDIwMDR2a0BnbWFpbC5jb20iLCJyb2xlIjoiU3VwZXJBZG1pbiIsIk9yZ2FuaXphdGlvbklkIjoiMiIsIk9yZ2FuaXphdGlvbkxvZ28iOiIvdXBsb2Fkcy9vcmctbG9nb3Mvb3JnLWxvZ28tNTg3M2M0NzVkOTFkNGJiZDkwNDZkZWVjNjY3ZDEzNmMuanBnIiwibmJmIjoxNzc1NjI5OTc0LCJleHAiOjE3NzU3MTYzNzQsImlhdCI6MTc3NTYyOTk3NCwiaXNzIjoiUHJvRGVzWC1CYWNrZW5kIiwiYXVkIjoiUHJvRGVzWC1Gcm9udGVuZCJ9.igbT3pLpIiahwfTYCSUnLfgWrpW2xHWNEZnnwNqmD4o - null null
2026-04-08 12:18:45.313 [INF] Microsoft.AspNetCore.Cors.Infrastructure.CorsService | CORS policy execution successful.
2026-04-08 12:18:45.313 [INF] Microsoft.AspNetCore.Routing.EndpointMiddleware | Executing endpoint '/hubs/salarysettings'
2026-04-08 12:20:39.115 [INF] Microsoft.AspNetCore.Hosting.Diagnostics | Request starting HTTP/1.1 OPTIONS http://localhost:5217/api/OrganizationCalendarSettings?organizationId=2 - null null
2026-04-08 12:20:39.115 [INF] Microsoft.AspNetCore.Cors.Infrastructure.CorsService | CORS policy execution successful.
2026-04-08 12:20:39.115 [INF] Microsoft.AspNetCore.Hosting.Diagnostics | Request finished HTTP/1.1 OPTIONS http://localhost:5217/api/OrganizationCalendarSettings?organizationId=2 - 204 null null 0.1524ms
2026-04-08 12:20:39.117 [INF] Microsoft.AspNetCore.Hosting.Diagnostics | Request starting HTTP/1.1 GET http://localhost:5217/api/OrganizationCalendarSettings?organizationId=2 - application/json null
2026-04-08 12:20:39.117 [INF] Microsoft.AspNetCore.Cors.Infrastructure.CorsService | CORS policy execution successful.
2026-04-08 12:20:39.118 [INF] Microsoft.AspNetCore.Routing.EndpointMiddleware | Executing endpoint 'backend.Controllers.OrganizationCalendarSettingsController.GetSettings (backend)'
2026-04-08 12:20:39.133 [INF] Microsoft.AspNetCore.Mvc.Infrastructure.ControllerActionInvoker | Route matched with {action = "GetSettings", controller = "OrganizationCalendarSettings"}. Executing controller action with signature System.Threading.Tasks.Task`1[Microsoft.AspNetCore.Mvc.IActionResult] GetSettings(Int32) on controller backend.Controllers.OrganizationCalendarSettingsController (backend).
2026-04-08 12:20:39.137 [INF] backend.Controllers.OrganizationCalendarSettingsController | [CalendarSettings] GET requested for Org=2 by User=18
2026-04-08 12:20:39.168 [INF] Microsoft.AspNetCore.Mvc.Infrastructure.ObjectResultExecutor | Executing OkObjectResult, writing value of type 'backend.Models.OrganizationCalendarSettings'.
2026-04-08 12:20:39.176 [INF] Microsoft.AspNetCore.Mvc.Infrastructure.ControllerActionInvoker | Executed action backend.Controllers.OrganizationCalendarSettingsController.GetSettings (backend) in 42.1842ms
2026-04-08 12:20:39.176 [INF] Microsoft.AspNetCore.Routing.EndpointMiddleware | Executed endpoint 'backend.Controllers.OrganizationCalendarSettingsController.GetSettings (backend)'
2026-04-08 12:20:39.176 [INF] Serilog.AspNetCore.RequestLoggingMiddleware | HTTP GET /api/OrganizationCalendarSettings → 200 (57.6ms)
2026-04-08 12:20:39.176 [INF] Microsoft.AspNetCore.Hosting.Diagnostics | Request finished HTTP/1.1 GET http://localhost:5217/api/OrganizationCalendarSettings?organizationId=2 - 200 null application/json; charset=utf-8 59.2986ms
2026-04-08 12:20:39.251 [INF] Microsoft.AspNetCore.Hosting.Diagnostics | Request starting HTTP/1.1 OPTIONS http://localhost:5217/api/SalaryYear/GetSalaryYearsByOrgId?orgId=2 - null null
2026-04-08 12:20:39.252 [INF] Microsoft.AspNetCore.Cors.Infrastructure.CorsService | CORS policy execution successful.
2026-04-08 12:20:39.252 [INF] Microsoft.AspNetCore.Hosting.Diagnostics | Request finished HTTP/1.1 OPTIONS http://localhost:5217/api/SalaryYear/GetSalaryYearsByOrgId?orgId=2 - 204 null null 0.2796ms
2026-04-08 12:20:39.254 [INF] Microsoft.AspNetCore.Hosting.Diagnostics | Request starting HTTP/1.1 GET http://localhost:5217/api/SalaryYear/GetSalaryYearsByOrgId?orgId=2 - application/json null
2026-04-08 12:20:39.254 [INF] Microsoft.AspNetCore.Cors.Infrastructure.CorsService | CORS policy execution successful.
2026-04-08 12:20:39.254 [INF] Microsoft.AspNetCore.Routing.EndpointMiddleware | Executing endpoint 'backend.Controllers.SalaryYearController.GetSalaryYearsByOrgId (backend)'
2026-04-08 12:20:39.254 [INF] Microsoft.AspNetCore.Mvc.Infrastructure.ControllerActionInvoker | Route matched with {action = "GetSalaryYearsByOrgId", controller = "SalaryYear"}. Executing controller action with signature System.Threading.Tasks.Task`1[Microsoft.AspNetCore.Mvc.IActionResult] GetSalaryYearsByOrgId(System.String) on controller backend.Controllers.SalaryYearController (backend).
2026-04-08 12:20:39.274 [INF] Microsoft.AspNetCore.Mvc.Infrastructure.ObjectResultExecutor | Executing OkObjectResult, writing value of type 'System.Collections.Generic.List`1[[backend.Models.SalaryYear, backend, Version=1.0.0.0, Culture=neutral, PublicKeyToken=null]]'.
2026-04-08 12:20:39.274 [INF] Microsoft.AspNetCore.Mvc.Infrastructure.ControllerActionInvoker | Executed action backend.Controllers.SalaryYearController.GetSalaryYearsByOrgId (backend) in 19.8503ms
2026-04-08 12:20:39.274 [INF] Microsoft.AspNetCore.Routing.EndpointMiddleware | Executed endpoint 'backend.Controllers.SalaryYearController.GetSalaryYearsByOrgId (backend)'
2026-04-08 12:20:39.274 [INF] Serilog.AspNetCore.RequestLoggingMiddleware | HTTP GET /api/SalaryYear/GetSalaryYearsByOrgId → 200 (20.0ms)
2026-04-08 12:20:39.274 [INF] Microsoft.AspNetCore.Hosting.Diagnostics | Request finished HTTP/1.1 GET http://localhost:5217/api/SalaryYear/GetSalaryYearsByOrgId?orgId=2 - 200 null application/json; charset=utf-8 20.4804ms
2026-04-08 12:20:39.401 [INF] Microsoft.AspNetCore.Hosting.Diagnostics | Request starting HTTP/1.1 OPTIONS http://localhost:5217/hubs/salaryyears/negotiate?negotiateVersion=1 - null null
2026-04-08 12:20:39.402 [INF] Microsoft.AspNetCore.Cors.Infrastructure.CorsService | CORS policy execution successful.
2026-04-08 12:20:39.402 [INF] Microsoft.AspNetCore.Hosting.Diagnostics | Request finished HTTP/1.1 OPTIONS http://localhost:5217/hubs/salaryyears/negotiate?negotiateVersion=1 - 204 null null 0.2685ms
2026-04-08 12:20:39.403 [INF] Microsoft.AspNetCore.Hosting.Diagnostics | Request starting HTTP/1.1 POST http://localhost:5217/hubs/salaryyears/negotiate?negotiateVersion=1 - text/plain;charset=UTF-8 0
2026-04-08 12:20:39.403 [INF] Microsoft.AspNetCore.Cors.Infrastructure.CorsService | CORS policy execution successful.
2026-04-08 12:20:39.404 [INF] Microsoft.AspNetCore.Routing.EndpointMiddleware | Executing endpoint '/hubs/salaryyears/negotiate'
2026-04-08 12:20:39.404 [INF] Microsoft.AspNetCore.Routing.EndpointMiddleware | Executed endpoint '/hubs/salaryyears/negotiate'
2026-04-08 12:20:39.404 [INF] Serilog.AspNetCore.RequestLoggingMiddleware | HTTP POST /hubs/salaryyears/negotiate → 200 (0.5ms)
2026-04-08 12:20:39.404 [INF] Microsoft.AspNetCore.Hosting.Diagnostics | Request finished HTTP/1.1 POST http://localhost:5217/hubs/salaryyears/negotiate?negotiateVersion=1 - 200 316 application/json 0.8476ms
2026-04-08 12:20:39.416 [INF] Microsoft.AspNetCore.Hosting.Diagnostics | Request starting HTTP/1.1 GET http://localhost:5217/hubs/salaryyears?id=m5LXoncykVFEY3qQKmcAlw&access_token=eyJhbGciOiJIUzI1NiIsInR5cCI6IkpXVCJ9.eyJuYW1laWQiOiIxOCIsInVuaXF1ZV9uYW1lIjoidmFzYW50aGFrdW1hciIsImVtYWlsIjoidmFzYW50aDIwMDR2a0BnbWFpbC5jb20iLCJyb2xlIjoiU3VwZXJBZG1pbiIsIk9yZ2FuaXphdGlvbklkIjoiMiIsIk9yZ2FuaXphdGlvbkxvZ28iOiIvdXBsb2Fkcy9vcmctbG9nb3Mvb3JnLWxvZ28tNTg3M2M0NzVkOTFkNGJiZDkwNDZkZWVjNjY3ZDEzNmMuanBnIiwibmJmIjoxNzc1NjI5OTc0LCJleHAiOjE3NzU3MTYzNzQsImlhdCI6MTc3NTYyOTk3NCwiaXNzIjoiUHJvRGVzWC1CYWNrZW5kIiwiYXVkIjoiUHJvRGVzWC1Gcm9udGVuZCJ9.igbT3pLpIiahwfTYCSUnLfgWrpW2xHWNEZnnwNqmD4o - null null
2026-04-08 12:20:39.417 [INF] Microsoft.AspNetCore.Cors.Infrastructure.CorsService | CORS policy execution successful.
2026-04-08 12:20:39.417 [INF] Microsoft.AspNetCore.Routing.EndpointMiddleware | Executing endpoint '/hubs/salaryyears'
2026-04-08 12:22:11.076 [INF] Microsoft.AspNetCore.Hosting.Diagnostics | Request starting HTTP/1.1 OPTIONS http://localhost:5217/api/employees?organizationId=1 - null null
2026-04-08 12:22:11.076 [INF] Microsoft.AspNetCore.Cors.Infrastructure.CorsService | CORS policy execution successful.
2026-04-08 12:22:11.077 [INF] Microsoft.AspNetCore.Hosting.Diagnostics | Request finished HTTP/1.1 OPTIONS http://localhost:5217/api/employees?organizationId=1 - 204 null null 0.2159ms
2026-04-08 12:22:11.079 [INF] Microsoft.AspNetCore.Hosting.Diagnostics | Request starting HTTP/1.1 GET http://localhost:5217/api/employees?organizationId=1 - application/json null
2026-04-08 12:22:11.079 [INF] Microsoft.AspNetCore.Cors.Infrastructure.CorsService | CORS policy execution successful.
2026-04-08 12:22:11.079 [INF] Microsoft.AspNetCore.Routing.EndpointMiddleware | Executing endpoint 'backend.Controllers.EmployeesController.GetEmployees (backend)'
2026-04-08 12:22:11.079 [INF] Microsoft.AspNetCore.Mvc.Infrastructure.ControllerActionInvoker | Route matched with {action = "GetEmployees", controller = "Employees"}. Executing controller action with signature System.Threading.Tasks.Task`1[Microsoft.AspNetCore.Mvc.IActionResult] GetEmployees(System.Nullable`1[System.Int32]) on controller backend.Controllers.EmployeesController (backend).
2026-04-08 12:22:11.079 [INF] backend.Controllers.EmployeesController | [Employees] GET all | TargetOrgId=1 | UserOrgId=2
2026-04-08 12:22:11.181 [INF] Microsoft.AspNetCore.Mvc.Infrastructure.ObjectResultExecutor | Executing OkObjectResult, writing value of type 'System.Collections.Generic.List`1[[backend.Models.Employee, backend, Version=1.0.0.0, Culture=neutral, PublicKeyToken=null]]'.
2026-04-08 12:22:11.182 [INF] Microsoft.AspNetCore.Mvc.Infrastructure.ControllerActionInvoker | Executed action backend.Controllers.EmployeesController.GetEmployees (backend) in 102.6107ms
2026-04-08 12:22:11.182 [INF] Microsoft.AspNetCore.Routing.EndpointMiddleware | Executed endpoint 'backend.Controllers.EmployeesController.GetEmployees (backend)'
2026-04-08 12:22:11.182 [INF] Serilog.AspNetCore.RequestLoggingMiddleware | HTTP GET /api/employees → 200 (102.8ms)
2026-04-08 12:22:11.182 [INF] Microsoft.AspNetCore.Hosting.Diagnostics | Request finished HTTP/1.1 GET http://localhost:5217/api/employees?organizationId=1 - 200 null application/json; charset=utf-8 103.0879ms
2026-04-08 12:22:11.284 [INF] Microsoft.AspNetCore.Hosting.Diagnostics | Request starting HTTP/1.1 OPTIONS http://localhost:5217/api/SalarySettings/GetSalarySettings?orgId=1&salaryYearId=8 - null null
2026-04-08 12:22:11.284 [INF] Microsoft.AspNetCore.Cors.Infrastructure.CorsService | CORS policy execution successful.
2026-04-08 12:22:11.284 [INF] Microsoft.AspNetCore.Hosting.Diagnostics | Request finished HTTP/1.1 OPTIONS http://localhost:5217/api/SalarySettings/GetSalarySettings?orgId=1&salaryYearId=8 - 204 null null 0.367ms
2026-04-08 12:22:11.287 [INF] Microsoft.AspNetCore.Hosting.Diagnostics | Request starting HTTP/1.1 GET http://localhost:5217/api/SalarySettings/GetSalarySettings?orgId=1&salaryYearId=8 - application/json null
2026-04-08 12:22:11.287 [INF] Microsoft.AspNetCore.Cors.Infrastructure.CorsService | CORS policy execution successful.
2026-04-08 12:22:11.287 [INF] Microsoft.AspNetCore.Routing.EndpointMiddleware | Executing endpoint 'backend.Controllers.SalarySettingsController.GetSalarySettings (backend)'
2026-04-08 12:22:11.287 [INF] Microsoft.AspNetCore.Mvc.Infrastructure.ControllerActionInvoker | Route matched with {action = "GetSalarySettings", controller = "SalarySettings"}. Executing controller action with signature System.Threading.Tasks.Task`1[Microsoft.AspNetCore.Mvc.IActionResult] GetSalarySettings(System.String, System.String) on controller backend.Controllers.SalarySettingsController (backend).
2026-04-08 12:22:11.395 [INF] Microsoft.AspNetCore.Mvc.Infrastructure.ObjectResultExecutor | Executing OkObjectResult, writing value of type 'System.Collections.Generic.List`1[[backend.Models.SalarySettings, backend, Version=1.0.0.0, Culture=neutral, PublicKeyToken=null]]'.
2026-04-08 12:22:11.395 [INF] Microsoft.AspNetCore.Mvc.Infrastructure.ControllerActionInvoker | Executed action backend.Controllers.SalarySettingsController.GetSalarySettings (backend) in 107.8205ms
2026-04-08 12:22:11.395 [INF] Microsoft.AspNetCore.Routing.EndpointMiddleware | Executed endpoint 'backend.Controllers.SalarySettingsController.GetSalarySettings (backend)'
2026-04-08 12:22:11.395 [INF] Serilog.AspNetCore.RequestLoggingMiddleware | HTTP GET /api/SalarySettings/GetSalarySettings → 200 (108.0ms)
2026-04-08 12:22:11.395 [INF] Microsoft.AspNetCore.Hosting.Diagnostics | Request finished HTTP/1.1 GET http://localhost:5217/api/SalarySettings/GetSalarySettings?orgId=1&salaryYearId=8 - 200 null application/json; charset=utf-8 108.3539ms
2026-04-08 12:22:14.194 [INF] Microsoft.AspNetCore.Hosting.Diagnostics | Request starting HTTP/1.1 GET http://localhost:5217/api/employees?organizationId=1 - application/json null
2026-04-08 12:22:14.194 [INF] Microsoft.AspNetCore.Cors.Infrastructure.CorsService | CORS policy execution successful.
2026-04-08 12:22:14.194 [INF] Microsoft.AspNetCore.Routing.EndpointMiddleware | Executing endpoint 'backend.Controllers.EmployeesController.GetEmployees (backend)'
2026-04-08 12:22:14.194 [INF] Microsoft.AspNetCore.Mvc.Infrastructure.ControllerActionInvoker | Route matched with {action = "GetEmployees", controller = "Employees"}. Executing controller action with signature System.Threading.Tasks.Task`1[Microsoft.AspNetCore.Mvc.IActionResult] GetEmployees(System.Nullable`1[System.Int32]) on controller backend.Controllers.EmployeesController (backend).
2026-04-08 12:22:14.194 [INF] backend.Controllers.EmployeesController | [Employees] GET all | TargetOrgId=1 | UserOrgId=2
2026-04-08 12:22:14.342 [INF] Microsoft.AspNetCore.Mvc.Infrastructure.ObjectResultExecutor | Executing OkObjectResult, writing value of type 'System.Collections.Generic.List`1[[backend.Models.Employee, backend, Version=1.0.0.0, Culture=neutral, PublicKeyToken=null]]'.
2026-04-08 12:22:14.348 [INF] Microsoft.AspNetCore.Mvc.Infrastructure.ControllerActionInvoker | Executed action backend.Controllers.EmployeesController.GetEmployees (backend) in 153.9355ms
2026-04-08 12:22:14.348 [INF] Microsoft.AspNetCore.Routing.EndpointMiddleware | Executed endpoint 'backend.Controllers.EmployeesController.GetEmployees (backend)'
2026-04-08 12:22:14.348 [INF] Serilog.AspNetCore.RequestLoggingMiddleware | HTTP GET /api/employees → 200 (154.2ms)
2026-04-08 12:22:14.349 [INF] Microsoft.AspNetCore.Hosting.Diagnostics | Request finished HTTP/1.1 GET http://localhost:5217/api/employees?organizationId=1 - 200 null application/json; charset=utf-8 154.9543ms
2026-04-08 12:22:14.372 [INF] Microsoft.AspNetCore.Hosting.Diagnostics | Request starting HTTP/1.1 OPTIONS http://localhost:5217/api/SalarySettings/GetSalarySettings?orgId=1&salaryYearId=2 - null null
2026-04-08 12:22:14.372 [INF] Microsoft.AspNetCore.Cors.Infrastructure.CorsService | CORS policy execution successful.
2026-04-08 12:22:14.372 [INF] Microsoft.AspNetCore.Hosting.Diagnostics | Request finished HTTP/1.1 OPTIONS http://localhost:5217/api/SalarySettings/GetSalarySettings?orgId=1&salaryYearId=2 - 204 null null 0.2513ms
2026-04-08 12:22:14.374 [INF] Microsoft.AspNetCore.Hosting.Diagnostics | Request starting HTTP/1.1 GET http://localhost:5217/api/SalarySettings/GetSalarySettings?orgId=1&salaryYearId=2 - application/json null
2026-04-08 12:22:14.374 [INF] Microsoft.AspNetCore.Cors.Infrastructure.CorsService | CORS policy execution successful.
2026-04-08 12:22:14.374 [INF] Microsoft.AspNetCore.Routing.EndpointMiddleware | Executing endpoint 'backend.Controllers.SalarySettingsController.GetSalarySettings (backend)'
2026-04-08 12:22:14.374 [INF] Microsoft.AspNetCore.Mvc.Infrastructure.ControllerActionInvoker | Route matched with {action = "GetSalarySettings", controller = "SalarySettings"}. Executing controller action with signature System.Threading.Tasks.Task`1[Microsoft.AspNetCore.Mvc.IActionResult] GetSalarySettings(System.String, System.String) on controller backend.Controllers.SalarySettingsController (backend).
2026-04-08 12:22:14.388 [INF] Microsoft.AspNetCore.Mvc.Infrastructure.ObjectResultExecutor | Executing OkObjectResult, writing value of type 'System.Collections.Generic.List`1[[backend.Models.SalarySettings, backend, Version=1.0.0.0, Culture=neutral, PublicKeyToken=null]]'.
2026-04-08 12:22:14.388 [INF] Microsoft.AspNetCore.Mvc.Infrastructure.ControllerActionInvoker | Executed action backend.Controllers.SalarySettingsController.GetSalarySettings (backend) in 13.966ms
2026-04-08 12:22:14.388 [INF] Microsoft.AspNetCore.Routing.EndpointMiddleware | Executed endpoint 'backend.Controllers.SalarySettingsController.GetSalarySettings (backend)'
2026-04-08 12:22:14.388 [INF] Serilog.AspNetCore.RequestLoggingMiddleware | HTTP GET /api/SalarySettings/GetSalarySettings → 200 (14.2ms)
2026-04-08 12:22:14.388 [INF] Microsoft.AspNetCore.Hosting.Diagnostics | Request finished HTTP/1.1 GET http://localhost:5217/api/SalarySettings/GetSalarySettings?orgId=1&salaryYearId=2 - 200 null application/json; charset=utf-8 14.556ms
2026-04-08 12:22:20.444 [INF] Microsoft.AspNetCore.Routing.EndpointMiddleware | Executed endpoint '/hubs/salarysettings'
2026-04-08 12:22:20.444 [INF] Serilog.AspNetCore.RequestLoggingMiddleware | HTTP GET /hubs/salarysettings → 101 (215131.4ms)
2026-04-08 12:22:20.444 [INF] Microsoft.AspNetCore.Hosting.Diagnostics | Request finished HTTP/1.1 GET http://localhost:5217/hubs/salarysettings?id=1v8QHx6hNN7pjhjdFk99Gg&access_token=eyJhbGciOiJIUzI1NiIsInR5cCI6IkpXVCJ9.eyJuYW1laWQiOiIxOCIsInVuaXF1ZV9uYW1lIjoidmFzYW50aGFrdW1hciIsImVtYWlsIjoidmFzYW50aDIwMDR2a0BnbWFpbC5jb20iLCJyb2xlIjoiU3VwZXJBZG1pbiIsIk9yZ2FuaXphdGlvbklkIjoiMiIsIk9yZ2FuaXphdGlvbkxvZ28iOiIvdXBsb2Fkcy9vcmctbG9nb3Mvb3JnLWxvZ28tNTg3M2M0NzVkOTFkNGJiZDkwNDZkZWVjNjY3ZDEzNmMuanBnIiwibmJmIjoxNzc1NjI5OTc0LCJleHAiOjE3NzU3MTYzNzQsImlhdCI6MTc3NTYyOTk3NCwiaXNzIjoiUHJvRGVzWC1CYWNrZW5kIiwiYXVkIjoiUHJvRGVzWC1Gcm9udGVuZCJ9.igbT3pLpIiahwfTYCSUnLfgWrpW2xHWNEZnnwNqmD4o - 101 null null 215131.7929ms
2026-04-08 12:22:20.448 [INF] Microsoft.AspNetCore.Hosting.Diagnostics | Request starting HTTP/1.1 OPTIONS http://localhost:5217/api/SalaryYear/GetSalaryYearsByOrgId?orgId=2 - null null
2026-04-08 12:22:20.448 [INF] Microsoft.AspNetCore.Cors.Infrastructure.CorsService | CORS policy execution successful.
2026-04-08 12:22:20.448 [INF] Microsoft.AspNetCore.Hosting.Diagnostics | Request finished HTTP/1.1 OPTIONS http://localhost:5217/api/SalaryYear/GetSalaryYearsByOrgId?orgId=2 - 204 null null 0.1795ms
2026-04-08 12:22:20.450 [INF] Microsoft.AspNetCore.Hosting.Diagnostics | Request starting HTTP/1.1 GET http://localhost:5217/api/SalaryYear/GetSalaryYearsByOrgId?orgId=2 - application/json null
2026-04-08 12:22:20.450 [INF] Microsoft.AspNetCore.Cors.Infrastructure.CorsService | CORS policy execution successful.
2026-04-08 12:22:20.450 [INF] Microsoft.AspNetCore.Routing.EndpointMiddleware | Executing endpoint 'backend.Controllers.SalaryYearController.GetSalaryYearsByOrgId (backend)'
2026-04-08 12:22:20.450 [INF] Microsoft.AspNetCore.Mvc.Infrastructure.ControllerActionInvoker | Route matched with {action = "GetSalaryYearsByOrgId", controller = "SalaryYear"}. Executing controller action with signature System.Threading.Tasks.Task`1[Microsoft.AspNetCore.Mvc.IActionResult] GetSalaryYearsByOrgId(System.String) on controller backend.Controllers.SalaryYearController (backend).
2026-04-08 12:22:20.463 [INF] Microsoft.AspNetCore.Mvc.Infrastructure.ObjectResultExecutor | Executing OkObjectResult, writing value of type 'System.Collections.Generic.List`1[[backend.Models.SalaryYear, backend, Version=1.0.0.0, Culture=neutral, PublicKeyToken=null]]'.
2026-04-08 12:22:20.464 [INF] Microsoft.AspNetCore.Mvc.Infrastructure.ControllerActionInvoker | Executed action backend.Controllers.SalaryYearController.GetSalaryYearsByOrgId (backend) in 13.5361ms
2026-04-08 12:22:20.464 [INF] Microsoft.AspNetCore.Routing.EndpointMiddleware | Executed endpoint 'backend.Controllers.SalaryYearController.GetSalaryYearsByOrgId (backend)'
2026-04-08 12:22:20.464 [INF] Serilog.AspNetCore.RequestLoggingMiddleware | HTTP GET /api/SalaryYear/GetSalaryYearsByOrgId → 200 (13.7ms)
2026-04-08 12:22:20.464 [INF] Microsoft.AspNetCore.Hosting.Diagnostics | Request finished HTTP/1.1 GET http://localhost:5217/api/SalaryYear/GetSalaryYearsByOrgId?orgId=2 - 200 null application/json; charset=utf-8 14.0334ms
2026-04-08 12:22:20.624 [INF] Microsoft.AspNetCore.Hosting.Diagnostics | Request starting HTTP/1.1 OPTIONS http://localhost:5217/api/employees?organizationId=2 - null null
2026-04-08 12:22:20.625 [INF] Microsoft.AspNetCore.Cors.Infrastructure.CorsService | CORS policy execution successful.
2026-04-08 12:22:20.625 [INF] Microsoft.AspNetCore.Hosting.Diagnostics | Request finished HTTP/1.1 OPTIONS http://localhost:5217/api/employees?organizationId=2 - 204 null null 0.2299ms
2026-04-08 12:22:20.626 [INF] Microsoft.AspNetCore.Hosting.Diagnostics | Request starting HTTP/1.1 GET http://localhost:5217/api/employees?organizationId=2 - application/json null
2026-04-08 12:22:20.626 [INF] Microsoft.AspNetCore.Cors.Infrastructure.CorsService | CORS policy execution successful.
2026-04-08 12:22:20.627 [INF] Microsoft.AspNetCore.Routing.EndpointMiddleware | Executing endpoint 'backend.Controllers.EmployeesController.GetEmployees (backend)'
2026-04-08 12:22:20.627 [INF] Microsoft.AspNetCore.Mvc.Infrastructure.ControllerActionInvoker | Route matched with {action = "GetEmployees", controller = "Employees"}. Executing controller action with signature System.Threading.Tasks.Task`1[Microsoft.AspNetCore.Mvc.IActionResult] GetEmployees(System.Nullable`1[System.Int32]) on controller backend.Controllers.EmployeesController (backend).
2026-04-08 12:22:20.627 [INF] backend.Controllers.EmployeesController | [Employees] GET all | TargetOrgId=2 | UserOrgId=2
2026-04-08 12:22:20.741 [INF] Microsoft.AspNetCore.Mvc.Infrastructure.ObjectResultExecutor | Executing OkObjectResult, writing value of type 'System.Collections.Generic.List`1[[backend.Models.Employee, backend, Version=1.0.0.0, Culture=neutral, PublicKeyToken=null]]'.
2026-04-08 12:22:20.741 [INF] Microsoft.AspNetCore.Mvc.Infrastructure.ControllerActionInvoker | Executed action backend.Controllers.EmployeesController.GetEmployees (backend) in 114.3855ms
2026-04-08 12:22:20.741 [INF] Microsoft.AspNetCore.Routing.EndpointMiddleware | Executed endpoint 'backend.Controllers.EmployeesController.GetEmployees (backend)'
2026-04-08 12:22:20.741 [INF] Serilog.AspNetCore.RequestLoggingMiddleware | HTTP GET /api/employees → 200 (114.6ms)
2026-04-08 12:22:20.741 [INF] Microsoft.AspNetCore.Hosting.Diagnostics | Request finished HTTP/1.1 GET http://localhost:5217/api/employees?organizationId=2 - 200 null application/json; charset=utf-8 114.8817ms
2026-04-08 12:22:20.771 [INF] Microsoft.AspNetCore.Hosting.Diagnostics | Request starting HTTP/1.1 OPTIONS http://localhost:5217/api/SalarySettings/GetSalarySettings?orgId=2&salaryYearId=3 - null null
2026-04-08 12:22:20.771 [INF] Microsoft.AspNetCore.Cors.Infrastructure.CorsService | CORS policy execution successful.
2026-04-08 12:22:20.771 [INF] Microsoft.AspNetCore.Hosting.Diagnostics | Request finished HTTP/1.1 OPTIONS http://localhost:5217/api/SalarySettings/GetSalarySettings?orgId=2&salaryYearId=3 - 204 null null 0.1982ms
2026-04-08 12:22:20.773 [INF] Microsoft.AspNetCore.Hosting.Diagnostics | Request starting HTTP/1.1 GET http://localhost:5217/api/SalarySettings/GetSalarySettings?orgId=2&salaryYearId=3 - application/json null
2026-04-08 12:22:20.773 [INF] Microsoft.AspNetCore.Cors.Infrastructure.CorsService | CORS policy execution successful.
2026-04-08 12:22:20.773 [INF] Microsoft.AspNetCore.Routing.EndpointMiddleware | Executing endpoint 'backend.Controllers.SalarySettingsController.GetSalarySettings (backend)'
2026-04-08 12:22:20.773 [INF] Microsoft.AspNetCore.Mvc.Infrastructure.ControllerActionInvoker | Route matched with {action = "GetSalarySettings", controller = "SalarySettings"}. Executing controller action with signature System.Threading.Tasks.Task`1[Microsoft.AspNetCore.Mvc.IActionResult] GetSalarySettings(System.String, System.String) on controller backend.Controllers.SalarySettingsController (backend).
2026-04-08 12:22:20.841 [INF] Microsoft.AspNetCore.Mvc.Infrastructure.ObjectResultExecutor | Executing OkObjectResult, writing value of type 'System.Collections.Generic.List`1[[backend.Models.SalarySettings, backend, Version=1.0.0.0, Culture=neutral, PublicKeyToken=null]]'.
2026-04-08 12:22:20.841 [INF] Microsoft.AspNetCore.Mvc.Infrastructure.ControllerActionInvoker | Executed action backend.Controllers.SalarySettingsController.GetSalarySettings (backend) in 68.1296ms
2026-04-08 12:22:20.841 [INF] Microsoft.AspNetCore.Routing.EndpointMiddleware | Executed endpoint 'backend.Controllers.SalarySettingsController.GetSalarySettings (backend)'
2026-04-08 12:22:20.841 [INF] Serilog.AspNetCore.RequestLoggingMiddleware | HTTP GET /api/SalarySettings/GetSalarySettings → 200 (68.4ms)
2026-04-08 12:22:20.841 [INF] Microsoft.AspNetCore.Hosting.Diagnostics | Request finished HTTP/1.1 GET http://localhost:5217/api/SalarySettings/GetSalarySettings?orgId=2&salaryYearId=3 - 200 null application/json; charset=utf-8 68.6727ms
2026-04-08 12:22:21.086 [INF] Microsoft.AspNetCore.Hosting.Diagnostics | Request starting HTTP/1.1 OPTIONS http://localhost:5217/hubs/salarysettings/negotiate?negotiateVersion=1 - null null
2026-04-08 12:22:21.086 [INF] Microsoft.AspNetCore.Cors.Infrastructure.CorsService | CORS policy execution successful.
2026-04-08 12:22:21.086 [INF] Microsoft.AspNetCore.Hosting.Diagnostics | Request finished HTTP/1.1 OPTIONS http://localhost:5217/hubs/salarysettings/negotiate?negotiateVersion=1 - 204 null null 0.1819ms
2026-04-08 12:22:21.087 [INF] Microsoft.AspNetCore.Hosting.Diagnostics | Request starting HTTP/1.1 POST http://localhost:5217/hubs/salarysettings/negotiate?negotiateVersion=1 - text/plain;charset=UTF-8 0
2026-04-08 12:22:21.087 [INF] Microsoft.AspNetCore.Cors.Infrastructure.CorsService | CORS policy execution successful.
2026-04-08 12:22:21.087 [INF] Microsoft.AspNetCore.Routing.EndpointMiddleware | Executing endpoint '/hubs/salarysettings/negotiate'
2026-04-08 12:22:21.087 [INF] Microsoft.AspNetCore.Routing.EndpointMiddleware | Executed endpoint '/hubs/salarysettings/negotiate'
2026-04-08 12:22:21.087 [INF] Serilog.AspNetCore.RequestLoggingMiddleware | HTTP POST /hubs/salarysettings/negotiate → 200 (0.2ms)
2026-04-08 12:22:21.087 [INF] Microsoft.AspNetCore.Hosting.Diagnostics | Request finished HTTP/1.1 POST http://localhost:5217/hubs/salarysettings/negotiate?negotiateVersion=1 - 200 316 application/json 0.4185ms
2026-04-08 12:22:21.138 [INF] Microsoft.AspNetCore.Hosting.Diagnostics | Request starting HTTP/1.1 GET http://localhost:5217/hubs/salarysettings?id=Z6NY7S_8x99dINxYFPYVzw&access_token=eyJhbGciOiJIUzI1NiIsInR5cCI6IkpXVCJ9.eyJuYW1laWQiOiIxOCIsInVuaXF1ZV9uYW1lIjoidmFzYW50aGFrdW1hciIsImVtYWlsIjoidmFzYW50aDIwMDR2a0BnbWFpbC5jb20iLCJyb2xlIjoiU3VwZXJBZG1pbiIsIk9yZ2FuaXphdGlvbklkIjoiMiIsIk9yZ2FuaXphdGlvbkxvZ28iOiIvdXBsb2Fkcy9vcmctbG9nb3Mvb3JnLWxvZ28tNTg3M2M0NzVkOTFkNGJiZDkwNDZkZWVjNjY3ZDEzNmMuanBnIiwibmJmIjoxNzc1NjI5OTc0LCJleHAiOjE3NzU3MTYzNzQsImlhdCI6MTc3NTYyOTk3NCwiaXNzIjoiUHJvRGVzWC1CYWNrZW5kIiwiYXVkIjoiUHJvRGVzWC1Gcm9udGVuZCJ9.igbT3pLpIiahwfTYCSUnLfgWrpW2xHWNEZnnwNqmD4o - null null
2026-04-08 12:22:21.138 [INF] Microsoft.AspNetCore.Cors.Infrastructure.CorsService | CORS policy execution successful.
2026-04-08 12:22:21.139 [INF] Microsoft.AspNetCore.Routing.EndpointMiddleware | Executing endpoint '/hubs/salarysettings'
2026-04-08 12:22:25.471 [INF] Microsoft.AspNetCore.Routing.EndpointMiddleware | Executed endpoint '/hubs/salarysettings'
2026-04-08 12:22:25.471 [INF] Serilog.AspNetCore.RequestLoggingMiddleware | HTTP GET /hubs/salarysettings → 101 (4332.8ms)
2026-04-08 12:22:25.471 [INF] Microsoft.AspNetCore.Hosting.Diagnostics | Request finished HTTP/1.1 GET http://localhost:5217/hubs/salarysettings?id=Z6NY7S_8x99dINxYFPYVzw&access_token=eyJhbGciOiJIUzI1NiIsInR5cCI6IkpXVCJ9.eyJuYW1laWQiOiIxOCIsInVuaXF1ZV9uYW1lIjoidmFzYW50aGFrdW1hciIsImVtYWlsIjoidmFzYW50aDIwMDR2a0BnbWFpbC5jb20iLCJyb2xlIjoiU3VwZXJBZG1pbiIsIk9yZ2FuaXphdGlvbklkIjoiMiIsIk9yZ2FuaXphdGlvbkxvZ28iOiIvdXBsb2Fkcy9vcmctbG9nb3Mvb3JnLWxvZ28tNTg3M2M0NzVkOTFkNGJiZDkwNDZkZWVjNjY3ZDEzNmMuanBnIiwibmJmIjoxNzc1NjI5OTc0LCJleHAiOjE3NzU3MTYzNzQsImlhdCI6MTc3NTYyOTk3NCwiaXNzIjoiUHJvRGVzWC1CYWNrZW5kIiwiYXVkIjoiUHJvRGVzWC1Gcm9udGVuZCJ9.igbT3pLpIiahwfTYCSUnLfgWrpW2xHWNEZnnwNqmD4o - 101 null null 4333.3564ms
2026-04-08 12:22:25.475 [INF] Microsoft.AspNetCore.Hosting.Diagnostics | Request starting HTTP/1.1 OPTIONS http://localhost:5217/api/SalaryYear/GetSalaryYearsByOrgId?orgId=12 - null null
2026-04-08 12:22:25.475 [INF] Microsoft.AspNetCore.Cors.Infrastructure.CorsService | CORS policy execution successful.
2026-04-08 12:22:25.475 [INF] Microsoft.AspNetCore.Hosting.Diagnostics | Request finished HTTP/1.1 OPTIONS http://localhost:5217/api/SalaryYear/GetSalaryYearsByOrgId?orgId=12 - 204 null null 0.1632ms
2026-04-08 12:22:25.479 [INF] Microsoft.AspNetCore.Hosting.Diagnostics | Request starting HTTP/1.1 GET http://localhost:5217/api/SalaryYear/GetSalaryYearsByOrgId?orgId=12 - application/json null
2026-04-08 12:22:25.479 [INF] Microsoft.AspNetCore.Cors.Infrastructure.CorsService | CORS policy execution successful.
2026-04-08 12:22:25.479 [INF] Microsoft.AspNetCore.Routing.EndpointMiddleware | Executing endpoint 'backend.Controllers.SalaryYearController.GetSalaryYearsByOrgId (backend)'
2026-04-08 12:22:25.479 [INF] Microsoft.AspNetCore.Mvc.Infrastructure.ControllerActionInvoker | Route matched with {action = "GetSalaryYearsByOrgId", controller = "SalaryYear"}. Executing controller action with signature System.Threading.Tasks.Task`1[Microsoft.AspNetCore.Mvc.IActionResult] GetSalaryYearsByOrgId(System.String) on controller backend.Controllers.SalaryYearController (backend).
2026-04-08 12:22:25.501 [INF] Microsoft.AspNetCore.Mvc.Infrastructure.ObjectResultExecutor | Executing OkObjectResult, writing value of type 'System.Collections.Generic.List`1[[backend.Models.SalaryYear, backend, Version=1.0.0.0, Culture=neutral, PublicKeyToken=null]]'.
2026-04-08 12:22:25.501 [INF] Microsoft.AspNetCore.Mvc.Infrastructure.ControllerActionInvoker | Executed action backend.Controllers.SalaryYearController.GetSalaryYearsByOrgId (backend) in 21.9754ms
2026-04-08 12:22:25.501 [INF] Microsoft.AspNetCore.Routing.EndpointMiddleware | Executed endpoint 'backend.Controllers.SalaryYearController.GetSalaryYearsByOrgId (backend)'
2026-04-08 12:22:25.501 [INF] Serilog.AspNetCore.RequestLoggingMiddleware | HTTP GET /api/SalaryYear/GetSalaryYearsByOrgId → 200 (22.1ms)
2026-04-08 12:22:25.501 [INF] Microsoft.AspNetCore.Hosting.Diagnostics | Request finished HTTP/1.1 GET http://localhost:5217/api/SalaryYear/GetSalaryYearsByOrgId?orgId=12 - 200 null application/json; charset=utf-8 22.4807ms
2026-04-08 12:22:45.088 [INF] Microsoft.AspNetCore.Hosting.Diagnostics | Request starting HTTP/1.1 OPTIONS http://localhost:5217/api/OrganizationCalendarSettings?organizationId=12 - null null
2026-04-08 12:22:45.088 [INF] Microsoft.AspNetCore.Cors.Infrastructure.CorsService | CORS policy execution successful.
2026-04-08 12:22:45.088 [INF] Microsoft.AspNetCore.Hosting.Diagnostics | Request finished HTTP/1.1 OPTIONS http://localhost:5217/api/OrganizationCalendarSettings?organizationId=12 - 204 null null 0.1186ms
2026-04-08 12:22:45.089 [INF] Microsoft.AspNetCore.Routing.EndpointMiddleware | Executed endpoint '/hubs/salaryyears'
2026-04-08 12:22:45.089 [INF] Serilog.AspNetCore.RequestLoggingMiddleware | HTTP GET /hubs/salaryyears → 101 (125671.7ms)
2026-04-08 12:22:45.089 [INF] Microsoft.AspNetCore.Hosting.Diagnostics | Request finished HTTP/1.1 GET http://localhost:5217/hubs/salaryyears?id=m5LXoncykVFEY3qQKmcAlw&access_token=eyJhbGciOiJIUzI1NiIsInR5cCI6IkpXVCJ9.eyJuYW1laWQiOiIxOCIsInVuaXF1ZV9uYW1lIjoidmFzYW50aGFrdW1hciIsImVtYWlsIjoidmFzYW50aDIwMDR2a0BnbWFpbC5jb20iLCJyb2xlIjoiU3VwZXJBZG1pbiIsIk9yZ2FuaXphdGlvbklkIjoiMiIsIk9yZ2FuaXphdGlvbkxvZ28iOiIvdXBsb2Fkcy9vcmctbG9nb3Mvb3JnLWxvZ28tNTg3M2M0NzVkOTFkNGJiZDkwNDZkZWVjNjY3ZDEzNmMuanBnIiwibmJmIjoxNzc1NjI5OTc0LCJleHAiOjE3NzU3MTYzNzQsImlhdCI6MTc3NTYyOTk3NCwiaXNzIjoiUHJvRGVzWC1CYWNrZW5kIiwiYXVkIjoiUHJvRGVzWC1Gcm9udGVuZCJ9.igbT3pLpIiahwfTYCSUnLfgWrpW2xHWNEZnnwNqmD4o - 101 null null 125672.4573ms
2026-04-08 12:22:45.091 [INF] Microsoft.AspNetCore.Hosting.Diagnostics | Request starting HTTP/1.1 GET http://localhost:5217/api/OrganizationCalendarSettings?organizationId=12 - application/json null
2026-04-08 12:22:45.091 [INF] Microsoft.AspNetCore.Cors.Infrastructure.CorsService | CORS policy execution successful.
2026-04-08 12:22:45.092 [INF] Microsoft.AspNetCore.Routing.EndpointMiddleware | Executing endpoint 'backend.Controllers.OrganizationCalendarSettingsController.GetSettings (backend)'
2026-04-08 12:22:45.092 [INF] Microsoft.AspNetCore.Mvc.Infrastructure.ControllerActionInvoker | Route matched with {action = "GetSettings", controller = "OrganizationCalendarSettings"}. Executing controller action with signature System.Threading.Tasks.Task`1[Microsoft.AspNetCore.Mvc.IActionResult] GetSettings(Int32) on controller backend.Controllers.OrganizationCalendarSettingsController (backend).
2026-04-08 12:22:45.092 [INF] backend.Controllers.OrganizationCalendarSettingsController | [CalendarSettings] GET requested for Org=12 by User=18
2026-04-08 12:22:45.155 [INF] Microsoft.AspNetCore.Hosting.Diagnostics | Request starting HTTP/1.1 OPTIONS http://localhost:5217/hubs/salaryyears/negotiate?negotiateVersion=1 - null null
2026-04-08 12:22:45.156 [INF] Microsoft.AspNetCore.Cors.Infrastructure.CorsService | CORS policy execution successful.
2026-04-08 12:22:45.156 [INF] Microsoft.AspNetCore.Hosting.Diagnostics | Request finished HTTP/1.1 OPTIONS http://localhost:5217/hubs/salaryyears/negotiate?negotiateVersion=1 - 204 null null 0.2095ms
2026-04-08 12:22:45.157 [INF] Microsoft.AspNetCore.Hosting.Diagnostics | Request starting HTTP/1.1 POST http://localhost:5217/hubs/salaryyears/negotiate?negotiateVersion=1 - text/plain;charset=UTF-8 0
2026-04-08 12:22:45.157 [INF] Microsoft.AspNetCore.Cors.Infrastructure.CorsService | CORS policy execution successful.
2026-04-08 12:22:45.158 [INF] Microsoft.AspNetCore.Routing.EndpointMiddleware | Executing endpoint '/hubs/salaryyears/negotiate'
2026-04-08 12:22:45.158 [INF] Microsoft.AspNetCore.Routing.EndpointMiddleware | Executed endpoint '/hubs/salaryyears/negotiate'
2026-04-08 12:22:45.158 [INF] Serilog.AspNetCore.RequestLoggingMiddleware | HTTP POST /hubs/salaryyears/negotiate → 200 (0.3ms)
2026-04-08 12:22:45.158 [INF] Microsoft.AspNetCore.Hosting.Diagnostics | Request finished HTTP/1.1 POST http://localhost:5217/hubs/salaryyears/negotiate?negotiateVersion=1 - 200 316 application/json 0.6304ms
2026-04-08 12:22:45.172 [INF] Microsoft.AspNetCore.Mvc.Infrastructure.ObjectResultExecutor | Executing OkObjectResult, writing value of type 'null'.
2026-04-08 12:22:45.172 [INF] Microsoft.AspNetCore.Mvc.Infrastructure.ControllerActionInvoker | Executed action backend.Controllers.OrganizationCalendarSettingsController.GetSettings (backend) in 80.5534ms
2026-04-08 12:22:45.172 [INF] Microsoft.AspNetCore.Routing.EndpointMiddleware | Executed endpoint 'backend.Controllers.OrganizationCalendarSettingsController.GetSettings (backend)'
2026-04-08 12:22:45.172 [INF] Serilog.AspNetCore.RequestLoggingMiddleware | HTTP GET /api/OrganizationCalendarSettings → 204 (80.9ms)
2026-04-08 12:22:45.173 [INF] Microsoft.AspNetCore.Hosting.Diagnostics | Request finished HTTP/1.1 GET http://localhost:5217/api/OrganizationCalendarSettings?organizationId=12 - 204 null null 81.6375ms
2026-04-08 12:22:45.187 [INF] Microsoft.AspNetCore.Hosting.Diagnostics | Request starting HTTP/1.1 OPTIONS http://localhost:5217/api/SalaryYear/GetSalaryYearsByOrgId?orgId=12 - null null
2026-04-08 12:22:45.187 [INF] Microsoft.AspNetCore.Cors.Infrastructure.CorsService | CORS policy execution successful.
2026-04-08 12:22:45.187 [INF] Microsoft.AspNetCore.Hosting.Diagnostics | Request finished HTTP/1.1 OPTIONS http://localhost:5217/api/SalaryYear/GetSalaryYearsByOrgId?orgId=12 - 204 null null 0.2581ms
2026-04-08 12:22:45.189 [INF] Microsoft.AspNetCore.Hosting.Diagnostics | Request starting HTTP/1.1 GET http://localhost:5217/api/SalaryYear/GetSalaryYearsByOrgId?orgId=12 - application/json null
2026-04-08 12:22:45.189 [INF] Microsoft.AspNetCore.Cors.Infrastructure.CorsService | CORS policy execution successful.
2026-04-08 12:22:45.189 [INF] Microsoft.AspNetCore.Routing.EndpointMiddleware | Executing endpoint 'backend.Controllers.SalaryYearController.GetSalaryYearsByOrgId (backend)'
2026-04-08 12:22:45.189 [INF] Microsoft.AspNetCore.Mvc.Infrastructure.ControllerActionInvoker | Route matched with {action = "GetSalaryYearsByOrgId", controller = "SalaryYear"}. Executing controller action with signature System.Threading.Tasks.Task`1[Microsoft.AspNetCore.Mvc.IActionResult] GetSalaryYearsByOrgId(System.String) on controller backend.Controllers.SalaryYearController (backend).
2026-04-08 12:22:45.206 [INF] Microsoft.AspNetCore.Mvc.Infrastructure.ObjectResultExecutor | Executing OkObjectResult, writing value of type 'System.Collections.Generic.List`1[[backend.Models.SalaryYear, backend, Version=1.0.0.0, Culture=neutral, PublicKeyToken=null]]'.
2026-04-08 12:22:45.206 [INF] Microsoft.AspNetCore.Mvc.Infrastructure.ControllerActionInvoker | Executed action backend.Controllers.SalaryYearController.GetSalaryYearsByOrgId (backend) in 17.0388ms
2026-04-08 12:22:45.206 [INF] Microsoft.AspNetCore.Routing.EndpointMiddleware | Executed endpoint 'backend.Controllers.SalaryYearController.GetSalaryYearsByOrgId (backend)'
2026-04-08 12:22:45.206 [INF] Serilog.AspNetCore.RequestLoggingMiddleware | HTTP GET /api/SalaryYear/GetSalaryYearsByOrgId → 200 (17.4ms)
2026-04-08 12:22:45.206 [INF] Microsoft.AspNetCore.Hosting.Diagnostics | Request finished HTTP/1.1 GET http://localhost:5217/api/SalaryYear/GetSalaryYearsByOrgId?orgId=12 - 200 null application/json; charset=utf-8 17.7304ms
2026-04-08 12:22:45.208 [INF] Microsoft.AspNetCore.Hosting.Diagnostics | Request starting HTTP/1.1 GET http://localhost:5217/hubs/salaryyears?id=LayDeHOgSHYSGfrr2DhCmw&access_token=eyJhbGciOiJIUzI1NiIsInR5cCI6IkpXVCJ9.eyJuYW1laWQiOiIxOCIsInVuaXF1ZV9uYW1lIjoidmFzYW50aGFrdW1hciIsImVtYWlsIjoidmFzYW50aDIwMDR2a0BnbWFpbC5jb20iLCJyb2xlIjoiU3VwZXJBZG1pbiIsIk9yZ2FuaXphdGlvbklkIjoiMiIsIk9yZ2FuaXphdGlvbkxvZ28iOiIvdXBsb2Fkcy9vcmctbG9nb3Mvb3JnLWxvZ28tNTg3M2M0NzVkOTFkNGJiZDkwNDZkZWVjNjY3ZDEzNmMuanBnIiwibmJmIjoxNzc1NjI5OTc0LCJleHAiOjE3NzU3MTYzNzQsImlhdCI6MTc3NTYyOTk3NCwiaXNzIjoiUHJvRGVzWC1CYWNrZW5kIiwiYXVkIjoiUHJvRGVzWC1Gcm9udGVuZCJ9.igbT3pLpIiahwfTYCSUnLfgWrpW2xHWNEZnnwNqmD4o - null null
2026-04-08 12:22:45.209 [INF] Microsoft.AspNetCore.Cors.Infrastructure.CorsService | CORS policy execution successful.
2026-04-08 12:22:45.209 [INF] Microsoft.AspNetCore.Routing.EndpointMiddleware | Executing endpoint '/hubs/salaryyears'
2026-04-08 12:23:06.539 [INF] Microsoft.AspNetCore.Hosting.Diagnostics | Request starting HTTP/1.1 OPTIONS http://localhost:5217/api/SalaryYear/SaveSalaryYear?orgId=12 - null null
2026-04-08 12:23:06.539 [INF] Microsoft.AspNetCore.Cors.Infrastructure.CorsService | CORS policy execution successful.
2026-04-08 12:23:06.539 [INF] Microsoft.AspNetCore.Hosting.Diagnostics | Request finished HTTP/1.1 OPTIONS http://localhost:5217/api/SalaryYear/SaveSalaryYear?orgId=12 - 204 null null 0.3653ms
2026-04-08 12:23:06.540 [INF] Microsoft.AspNetCore.Hosting.Diagnostics | Request starting HTTP/1.1 POST http://localhost:5217/api/SalaryYear/SaveSalaryYear?orgId=12 - application/json 198
2026-04-08 12:23:06.540 [INF] Microsoft.AspNetCore.Cors.Infrastructure.CorsService | CORS policy execution successful.
2026-04-08 12:23:06.541 [INF] Microsoft.AspNetCore.Routing.EndpointMiddleware | Executing endpoint 'backend.Controllers.SalaryYearController.SaveSalaryYear (backend)'
2026-04-08 12:23:06.554 [INF] Microsoft.AspNetCore.Mvc.Infrastructure.ControllerActionInvoker | Route matched with {action = "SaveSalaryYear", controller = "SalaryYear"}. Executing controller action with signature System.Threading.Tasks.Task`1[Microsoft.AspNetCore.Mvc.IActionResult] SaveSalaryYear(System.String, backend.Models.SalaryYear) on controller backend.Controllers.SalaryYearController (backend).
2026-04-08 12:23:06.587 [INF] Microsoft.AspNetCore.Mvc.Infrastructure.ObjectResultExecutor | Executing OkObjectResult, writing value of type '<>f__AnonymousType1`1[[System.String, System.Private.CoreLib, Version=10.0.0.0, Culture=neutral, PublicKeyToken=7cec85d7bea7798e]]'.
2026-04-08 12:23:06.587 [INF] Microsoft.AspNetCore.Mvc.Infrastructure.ControllerActionInvoker | Executed action backend.Controllers.SalaryYearController.SaveSalaryYear (backend) in 33.1536ms
2026-04-08 12:23:06.587 [INF] Microsoft.AspNetCore.Routing.EndpointMiddleware | Executed endpoint 'backend.Controllers.SalaryYearController.SaveSalaryYear (backend)'
2026-04-08 12:23:06.587 [INF] Serilog.AspNetCore.RequestLoggingMiddleware | HTTP POST /api/SalaryYear/SaveSalaryYear → 200 (46.7ms)
2026-04-08 12:23:06.587 [INF] Microsoft.AspNetCore.Hosting.Diagnostics | Request finished HTTP/1.1 POST http://localhost:5217/api/SalaryYear/SaveSalaryYear?orgId=12 - 200 null application/json; charset=utf-8 47.2011ms
2026-04-08 12:23:06.633 [INF] Microsoft.AspNetCore.Hosting.Diagnostics | Request starting HTTP/1.1 OPTIONS http://localhost:5217/api/OrganizationCalendarSettings?organizationId=12 - null null
2026-04-08 12:23:06.633 [INF] Microsoft.AspNetCore.Cors.Infrastructure.CorsService | CORS policy execution successful.
2026-04-08 12:23:06.634 [INF] Microsoft.AspNetCore.Hosting.Diagnostics | Request finished HTTP/1.1 OPTIONS http://localhost:5217/api/OrganizationCalendarSettings?organizationId=12 - 204 null null 0.2337ms
2026-04-08 12:23:06.635 [INF] Microsoft.AspNetCore.Hosting.Diagnostics | Request starting HTTP/1.1 GET http://localhost:5217/api/OrganizationCalendarSettings?organizationId=12 - application/json null
2026-04-08 12:23:06.636 [INF] Microsoft.AspNetCore.Cors.Infrastructure.CorsService | CORS policy execution successful.
2026-04-08 12:23:06.636 [INF] Microsoft.AspNetCore.Routing.EndpointMiddleware | Executing endpoint 'backend.Controllers.OrganizationCalendarSettingsController.GetSettings (backend)'
2026-04-08 12:23:06.636 [INF] Microsoft.AspNetCore.Mvc.Infrastructure.ControllerActionInvoker | Route matched with {action = "GetSettings", controller = "OrganizationCalendarSettings"}. Executing controller action with signature System.Threading.Tasks.Task`1[Microsoft.AspNetCore.Mvc.IActionResult] GetSettings(Int32) on controller backend.Controllers.OrganizationCalendarSettingsController (backend).
2026-04-08 12:23:06.636 [INF] backend.Controllers.OrganizationCalendarSettingsController | [CalendarSettings] GET requested for Org=12 by User=18
2026-04-08 12:23:06.690 [INF] Microsoft.AspNetCore.Mvc.Infrastructure.ObjectResultExecutor | Executing OkObjectResult, writing value of type 'null'.
2026-04-08 12:23:06.690 [INF] Microsoft.AspNetCore.Mvc.Infrastructure.ControllerActionInvoker | Executed action backend.Controllers.OrganizationCalendarSettingsController.GetSettings (backend) in 54.1348ms
2026-04-08 12:23:06.690 [INF] Microsoft.AspNetCore.Routing.EndpointMiddleware | Executed endpoint 'backend.Controllers.OrganizationCalendarSettingsController.GetSettings (backend)'
2026-04-08 12:23:06.690 [INF] Serilog.AspNetCore.RequestLoggingMiddleware | HTTP GET /api/OrganizationCalendarSettings → 204 (54.3ms)
2026-04-08 12:23:06.690 [INF] Microsoft.AspNetCore.Hosting.Diagnostics | Request finished HTTP/1.1 GET http://localhost:5217/api/OrganizationCalendarSettings?organizationId=12 - 204 null null 54.7373ms
2026-04-08 12:23:06.768 [INF] Microsoft.AspNetCore.Hosting.Diagnostics | Request starting HTTP/1.1 OPTIONS http://localhost:5217/api/SalaryYear/GetSalaryYearsByOrgId?orgId=12 - null null
2026-04-08 12:23:06.768 [INF] Microsoft.AspNetCore.Cors.Infrastructure.CorsService | CORS policy execution successful.
2026-04-08 12:23:06.769 [INF] Microsoft.AspNetCore.Hosting.Diagnostics | Request finished HTTP/1.1 OPTIONS http://localhost:5217/api/SalaryYear/GetSalaryYearsByOrgId?orgId=12 - 204 null null 0.2615ms
2026-04-08 12:23:06.770 [INF] Microsoft.AspNetCore.Hosting.Diagnostics | Request starting HTTP/1.1 GET http://localhost:5217/api/SalaryYear/GetSalaryYearsByOrgId?orgId=12 - application/json null
2026-04-08 12:23:06.770 [INF] Microsoft.AspNetCore.Cors.Infrastructure.CorsService | CORS policy execution successful.
2026-04-08 12:23:06.771 [INF] Microsoft.AspNetCore.Routing.EndpointMiddleware | Executing endpoint 'backend.Controllers.SalaryYearController.GetSalaryYearsByOrgId (backend)'
2026-04-08 12:23:06.771 [INF] Microsoft.AspNetCore.Mvc.Infrastructure.ControllerActionInvoker | Route matched with {action = "GetSalaryYearsByOrgId", controller = "SalaryYear"}. Executing controller action with signature System.Threading.Tasks.Task`1[Microsoft.AspNetCore.Mvc.IActionResult] GetSalaryYearsByOrgId(System.String) on controller backend.Controllers.SalaryYearController (backend).
2026-04-08 12:23:06.784 [INF] Microsoft.AspNetCore.Mvc.Infrastructure.ObjectResultExecutor | Executing OkObjectResult, writing value of type 'System.Collections.Generic.List`1[[backend.Models.SalaryYear, backend, Version=1.0.0.0, Culture=neutral, PublicKeyToken=null]]'.
2026-04-08 12:23:06.784 [INF] Microsoft.AspNetCore.Mvc.Infrastructure.ControllerActionInvoker | Executed action backend.Controllers.SalaryYearController.GetSalaryYearsByOrgId (backend) in 13.3337ms
2026-04-08 12:23:06.784 [INF] Microsoft.AspNetCore.Routing.EndpointMiddleware | Executed endpoint 'backend.Controllers.SalaryYearController.GetSalaryYearsByOrgId (backend)'
2026-04-08 12:23:06.784 [INF] Serilog.AspNetCore.RequestLoggingMiddleware | HTTP GET /api/SalaryYear/GetSalaryYearsByOrgId → 200 (13.5ms)
2026-04-08 12:23:06.784 [INF] Microsoft.AspNetCore.Hosting.Diagnostics | Request finished HTTP/1.1 GET http://localhost:5217/api/SalaryYear/GetSalaryYearsByOrgId?orgId=12 - 200 null application/json; charset=utf-8 13.9751ms
2026-04-08 12:23:25.785 [INF] Microsoft.AspNetCore.Hosting.Diagnostics | Request starting HTTP/1.1 OPTIONS http://localhost:5217/api/SalaryYear/GetSalaryYearsByOrgId?orgId=1 - null null
2026-04-08 12:23:25.786 [INF] Microsoft.AspNetCore.Cors.Infrastructure.CorsService | CORS policy execution successful.
2026-04-08 12:23:25.786 [INF] Microsoft.AspNetCore.Hosting.Diagnostics | Request finished HTTP/1.1 OPTIONS http://localhost:5217/api/SalaryYear/GetSalaryYearsByOrgId?orgId=1 - 204 null null 0.1763ms
2026-04-08 12:23:25.787 [INF] Microsoft.AspNetCore.Hosting.Diagnostics | Request starting HTTP/1.1 GET http://localhost:5217/api/SalaryYear/GetSalaryYearsByOrgId?orgId=1 - application/json null
2026-04-08 12:23:25.787 [INF] Microsoft.AspNetCore.Cors.Infrastructure.CorsService | CORS policy execution successful.
2026-04-08 12:23:25.788 [INF] Microsoft.AspNetCore.Routing.EndpointMiddleware | Executing endpoint 'backend.Controllers.SalaryYearController.GetSalaryYearsByOrgId (backend)'
2026-04-08 12:23:25.788 [INF] Microsoft.AspNetCore.Mvc.Infrastructure.ControllerActionInvoker | Route matched with {action = "GetSalaryYearsByOrgId", controller = "SalaryYear"}. Executing controller action with signature System.Threading.Tasks.Task`1[Microsoft.AspNetCore.Mvc.IActionResult] GetSalaryYearsByOrgId(System.String) on controller backend.Controllers.SalaryYearController (backend).
2026-04-08 12:23:25.843 [INF] Microsoft.AspNetCore.Mvc.Infrastructure.ObjectResultExecutor | Executing OkObjectResult, writing value of type 'System.Collections.Generic.List`1[[backend.Models.SalaryYear, backend, Version=1.0.0.0, Culture=neutral, PublicKeyToken=null]]'.
2026-04-08 12:23:25.843 [INF] Microsoft.AspNetCore.Mvc.Infrastructure.ControllerActionInvoker | Executed action backend.Controllers.SalaryYearController.GetSalaryYearsByOrgId (backend) in 55.3532ms
2026-04-08 12:23:25.843 [INF] Microsoft.AspNetCore.Routing.EndpointMiddleware | Executed endpoint 'backend.Controllers.SalaryYearController.GetSalaryYearsByOrgId (backend)'
2026-04-08 12:23:25.843 [INF] Serilog.AspNetCore.RequestLoggingMiddleware | HTTP GET /api/SalaryYear/GetSalaryYearsByOrgId → 200 (55.5ms)
2026-04-08 12:23:25.843 [INF] Microsoft.AspNetCore.Hosting.Diagnostics | Request finished HTTP/1.1 GET http://localhost:5217/api/SalaryYear/GetSalaryYearsByOrgId?orgId=1 - 200 null application/json; charset=utf-8 55.9783ms
2026-04-08 12:23:25.897 [INF] Microsoft.AspNetCore.Hosting.Diagnostics | Request starting HTTP/1.1 OPTIONS http://localhost:5217/api/employees?organizationId=1 - null null
2026-04-08 12:23:25.897 [INF] Microsoft.AspNetCore.Cors.Infrastructure.CorsService | CORS policy execution successful.
2026-04-08 12:23:25.897 [INF] Microsoft.AspNetCore.Hosting.Diagnostics | Request finished HTTP/1.1 OPTIONS http://localhost:5217/api/employees?organizationId=1 - 204 null null 0.3902ms
2026-04-08 12:23:25.899 [INF] Microsoft.AspNetCore.Hosting.Diagnostics | Request starting HTTP/1.1 GET http://localhost:5217/api/employees?organizationId=1 - application/json null
2026-04-08 12:23:25.899 [INF] Microsoft.AspNetCore.Cors.Infrastructure.CorsService | CORS policy execution successful.
2026-04-08 12:23:25.899 [INF] Microsoft.AspNetCore.Routing.EndpointMiddleware | Executing endpoint 'backend.Controllers.EmployeesController.GetEmployees (backend)'
2026-04-08 12:23:25.899 [INF] Microsoft.AspNetCore.Mvc.Infrastructure.ControllerActionInvoker | Route matched with {action = "GetEmployees", controller = "Employees"}. Executing controller action with signature System.Threading.Tasks.Task`1[Microsoft.AspNetCore.Mvc.IActionResult] GetEmployees(System.Nullable`1[System.Int32]) on controller backend.Controllers.EmployeesController (backend).
2026-04-08 12:23:25.899 [INF] backend.Controllers.EmployeesController | [Employees] GET all | TargetOrgId=1 | UserOrgId=2
2026-04-08 12:23:25.970 [INF] Microsoft.AspNetCore.Mvc.Infrastructure.ObjectResultExecutor | Executing OkObjectResult, writing value of type 'System.Collections.Generic.List`1[[backend.Models.Employee, backend, Version=1.0.0.0, Culture=neutral, PublicKeyToken=null]]'.
2026-04-08 12:23:25.970 [INF] Microsoft.AspNetCore.Mvc.Infrastructure.ControllerActionInvoker | Executed action backend.Controllers.EmployeesController.GetEmployees (backend) in 70.8529ms
2026-04-08 12:23:25.970 [INF] Microsoft.AspNetCore.Routing.EndpointMiddleware | Executed endpoint 'backend.Controllers.EmployeesController.GetEmployees (backend)'
2026-04-08 12:23:25.970 [INF] Serilog.AspNetCore.RequestLoggingMiddleware | HTTP GET /api/employees → 200 (71.0ms)
2026-04-08 12:23:25.970 [INF] Microsoft.AspNetCore.Hosting.Diagnostics | Request finished HTTP/1.1 GET http://localhost:5217/api/employees?organizationId=1 - 200 null application/json; charset=utf-8 71.2789ms
2026-04-08 12:23:26.001 [INF] Microsoft.AspNetCore.Hosting.Diagnostics | Request starting HTTP/1.1 OPTIONS http://localhost:5217/api/SalarySettings/GetSalarySettings?orgId=1&salaryYearId=2 - null null
2026-04-08 12:23:26.002 [INF] Microsoft.AspNetCore.Cors.Infrastructure.CorsService | CORS policy execution successful.
2026-04-08 12:23:26.002 [INF] Microsoft.AspNetCore.Hosting.Diagnostics | Request finished HTTP/1.1 OPTIONS http://localhost:5217/api/SalarySettings/GetSalarySettings?orgId=1&salaryYearId=2 - 204 null null 0.1852ms
2026-04-08 12:23:26.003 [INF] Microsoft.AspNetCore.Hosting.Diagnostics | Request starting HTTP/1.1 GET http://localhost:5217/api/SalarySettings/GetSalarySettings?orgId=1&salaryYearId=2 - application/json null
2026-04-08 12:23:26.003 [INF] Microsoft.AspNetCore.Cors.Infrastructure.CorsService | CORS policy execution successful.
2026-04-08 12:23:26.003 [INF] Microsoft.AspNetCore.Routing.EndpointMiddleware | Executing endpoint 'backend.Controllers.SalarySettingsController.GetSalarySettings (backend)'
2026-04-08 12:23:26.003 [INF] Microsoft.AspNetCore.Mvc.Infrastructure.ControllerActionInvoker | Route matched with {action = "GetSalarySettings", controller = "SalarySettings"}. Executing controller action with signature System.Threading.Tasks.Task`1[Microsoft.AspNetCore.Mvc.IActionResult] GetSalarySettings(System.String, System.String) on controller backend.Controllers.SalarySettingsController (backend).
2026-04-08 12:23:26.085 [INF] Microsoft.AspNetCore.Mvc.Infrastructure.ObjectResultExecutor | Executing OkObjectResult, writing value of type 'System.Collections.Generic.List`1[[backend.Models.SalarySettings, backend, Version=1.0.0.0, Culture=neutral, PublicKeyToken=null]]'.
2026-04-08 12:23:26.086 [INF] Microsoft.AspNetCore.Mvc.Infrastructure.ControllerActionInvoker | Executed action backend.Controllers.SalarySettingsController.GetSalarySettings (backend) in 81.9238ms
2026-04-08 12:23:26.086 [INF] Microsoft.AspNetCore.Routing.EndpointMiddleware | Executed endpoint 'backend.Controllers.SalarySettingsController.GetSalarySettings (backend)'
2026-04-08 12:23:26.086 [INF] Serilog.AspNetCore.RequestLoggingMiddleware | HTTP GET /api/SalarySettings/GetSalarySettings → 200 (82.2ms)
2026-04-08 12:23:26.086 [INF] Microsoft.AspNetCore.Hosting.Diagnostics | Request finished HTTP/1.1 GET http://localhost:5217/api/SalarySettings/GetSalarySettings?orgId=1&salaryYearId=2 - 200 null application/json; charset=utf-8 82.5597ms
2026-04-08 12:23:26.375 [INF] Microsoft.AspNetCore.Hosting.Diagnostics | Request starting HTTP/1.1 OPTIONS http://localhost:5217/hubs/salarysettings/negotiate?negotiateVersion=1 - null null
2026-04-08 12:23:26.375 [INF] Microsoft.AspNetCore.Cors.Infrastructure.CorsService | CORS policy execution successful.
2026-04-08 12:23:26.375 [INF] Microsoft.AspNetCore.Hosting.Diagnostics | Request finished HTTP/1.1 OPTIONS http://localhost:5217/hubs/salarysettings/negotiate?negotiateVersion=1 - 204 null null 0.2333ms
2026-04-08 12:23:26.376 [INF] Microsoft.AspNetCore.Hosting.Diagnostics | Request starting HTTP/1.1 POST http://localhost:5217/hubs/salarysettings/negotiate?negotiateVersion=1 - text/plain;charset=UTF-8 0
2026-04-08 12:23:26.377 [INF] Microsoft.AspNetCore.Cors.Infrastructure.CorsService | CORS policy execution successful.
2026-04-08 12:23:26.377 [INF] Microsoft.AspNetCore.Routing.EndpointMiddleware | Executing endpoint '/hubs/salarysettings/negotiate'
2026-04-08 12:23:26.377 [INF] Microsoft.AspNetCore.Routing.EndpointMiddleware | Executed endpoint '/hubs/salarysettings/negotiate'
2026-04-08 12:23:26.377 [INF] Serilog.AspNetCore.RequestLoggingMiddleware | HTTP POST /hubs/salarysettings/negotiate → 200 (0.2ms)
2026-04-08 12:23:26.377 [INF] Microsoft.AspNetCore.Hosting.Diagnostics | Request finished HTTP/1.1 POST http://localhost:5217/hubs/salarysettings/negotiate?negotiateVersion=1 - 200 316 application/json 0.7933ms
2026-04-08 12:23:26.440 [INF] Microsoft.AspNetCore.Hosting.Diagnostics | Request starting HTTP/1.1 GET http://localhost:5217/hubs/salarysettings?id=pK2TRiNAFNxNKT0LqbgMBg&access_token=eyJhbGciOiJIUzI1NiIsInR5cCI6IkpXVCJ9.eyJuYW1laWQiOiIxOCIsInVuaXF1ZV9uYW1lIjoidmFzYW50aGFrdW1hciIsImVtYWlsIjoidmFzYW50aDIwMDR2a0BnbWFpbC5jb20iLCJyb2xlIjoiU3VwZXJBZG1pbiIsIk9yZ2FuaXphdGlvbklkIjoiMiIsIk9yZ2FuaXphdGlvbkxvZ28iOiIvdXBsb2Fkcy9vcmctbG9nb3Mvb3JnLWxvZ28tNTg3M2M0NzVkOTFkNGJiZDkwNDZkZWVjNjY3ZDEzNmMuanBnIiwibmJmIjoxNzc1NjI5OTc0LCJleHAiOjE3NzU3MTYzNzQsImlhdCI6MTc3NTYyOTk3NCwiaXNzIjoiUHJvRGVzWC1CYWNrZW5kIiwiYXVkIjoiUHJvRGVzWC1Gcm9udGVuZCJ9.igbT3pLpIiahwfTYCSUnLfgWrpW2xHWNEZnnwNqmD4o - null null
2026-04-08 12:23:26.440 [INF] Microsoft.AspNetCore.Cors.Infrastructure.CorsService | CORS policy execution successful.
2026-04-08 12:23:26.440 [INF] Microsoft.AspNetCore.Routing.EndpointMiddleware | Executing endpoint '/hubs/salarysettings'
2026-04-08 12:23:27.867 [INF] Microsoft.AspNetCore.Routing.EndpointMiddleware | Executed endpoint '/hubs/salarysettings'
2026-04-08 12:23:27.867 [INF] Serilog.AspNetCore.RequestLoggingMiddleware | HTTP GET /hubs/salarysettings → 101 (1427.2ms)
2026-04-08 12:23:27.867 [INF] Microsoft.AspNetCore.Hosting.Diagnostics | Request finished HTTP/1.1 GET http://localhost:5217/hubs/salarysettings?id=pK2TRiNAFNxNKT0LqbgMBg&access_token=eyJhbGciOiJIUzI1NiIsInR5cCI6IkpXVCJ9.eyJuYW1laWQiOiIxOCIsInVuaXF1ZV9uYW1lIjoidmFzYW50aGFrdW1hciIsImVtYWlsIjoidmFzYW50aDIwMDR2a0BnbWFpbC5jb20iLCJyb2xlIjoiU3VwZXJBZG1pbiIsIk9yZ2FuaXphdGlvbklkIjoiMiIsIk9yZ2FuaXphdGlvbkxvZ28iOiIvdXBsb2Fkcy9vcmctbG9nb3Mvb3JnLWxvZ28tNTg3M2M0NzVkOTFkNGJiZDkwNDZkZWVjNjY3ZDEzNmMuanBnIiwibmJmIjoxNzc1NjI5OTc0LCJleHAiOjE3NzU3MTYzNzQsImlhdCI6MTc3NTYyOTk3NCwiaXNzIjoiUHJvRGVzWC1CYWNrZW5kIiwiYXVkIjoiUHJvRGVzWC1Gcm9udGVuZCJ9.igbT3pLpIiahwfTYCSUnLfgWrpW2xHWNEZnnwNqmD4o - 101 null null 1427.5238ms
2026-04-08 12:23:27.869 [INF] Microsoft.AspNetCore.Hosting.Diagnostics | Request starting HTTP/1.1 OPTIONS http://localhost:5217/api/SalaryYear/GetSalaryYearsByOrgId?orgId=12 - null null
2026-04-08 12:23:27.869 [INF] Microsoft.AspNetCore.Cors.Infrastructure.CorsService | CORS policy execution successful.
2026-04-08 12:23:27.870 [INF] Microsoft.AspNetCore.Hosting.Diagnostics | Request finished HTTP/1.1 OPTIONS http://localhost:5217/api/SalaryYear/GetSalaryYearsByOrgId?orgId=12 - 204 null null 0.1698ms
2026-04-08 12:23:27.872 [INF] Microsoft.AspNetCore.Hosting.Diagnostics | Request starting HTTP/1.1 GET http://localhost:5217/api/SalaryYear/GetSalaryYearsByOrgId?orgId=12 - application/json null
2026-04-08 12:23:27.872 [INF] Microsoft.AspNetCore.Cors.Infrastructure.CorsService | CORS policy execution successful.
2026-04-08 12:23:27.872 [INF] Microsoft.AspNetCore.Routing.EndpointMiddleware | Executing endpoint 'backend.Controllers.SalaryYearController.GetSalaryYearsByOrgId (backend)'
2026-04-08 12:23:27.872 [INF] Microsoft.AspNetCore.Mvc.Infrastructure.ControllerActionInvoker | Route matched with {action = "GetSalaryYearsByOrgId", controller = "SalaryYear"}. Executing controller action with signature System.Threading.Tasks.Task`1[Microsoft.AspNetCore.Mvc.IActionResult] GetSalaryYearsByOrgId(System.String) on controller backend.Controllers.SalaryYearController (backend).
2026-04-08 12:23:27.887 [INF] Microsoft.AspNetCore.Mvc.Infrastructure.ObjectResultExecutor | Executing OkObjectResult, writing value of type 'System.Collections.Generic.List`1[[backend.Models.SalaryYear, backend, Version=1.0.0.0, Culture=neutral, PublicKeyToken=null]]'.
2026-04-08 12:23:27.887 [INF] Microsoft.AspNetCore.Mvc.Infrastructure.ControllerActionInvoker | Executed action backend.Controllers.SalaryYearController.GetSalaryYearsByOrgId (backend) in 14.6407ms
2026-04-08 12:23:27.887 [INF] Microsoft.AspNetCore.Routing.EndpointMiddleware | Executed endpoint 'backend.Controllers.SalaryYearController.GetSalaryYearsByOrgId (backend)'
2026-04-08 12:23:27.887 [INF] Serilog.AspNetCore.RequestLoggingMiddleware | HTTP GET /api/SalaryYear/GetSalaryYearsByOrgId → 200 (15.0ms)
2026-04-08 12:23:27.887 [INF] Microsoft.AspNetCore.Hosting.Diagnostics | Request finished HTTP/1.1 GET http://localhost:5217/api/SalaryYear/GetSalaryYearsByOrgId?orgId=12 - 200 null application/json; charset=utf-8 15.6823ms
2026-04-08 12:23:27.996 [INF] Microsoft.AspNetCore.Hosting.Diagnostics | Request starting HTTP/1.1 OPTIONS http://localhost:5217/api/employees?organizationId=12 - null null
2026-04-08 12:23:27.996 [INF] Microsoft.AspNetCore.Cors.Infrastructure.CorsService | CORS policy execution successful.
2026-04-08 12:23:27.996 [INF] Microsoft.AspNetCore.Hosting.Diagnostics | Request finished HTTP/1.1 OPTIONS http://localhost:5217/api/employees?organizationId=12 - 204 null null 0.1763ms
2026-04-08 12:23:27.998 [INF] Microsoft.AspNetCore.Hosting.Diagnostics | Request starting HTTP/1.1 GET http://localhost:5217/api/employees?organizationId=12 - application/json null
2026-04-08 12:23:27.999 [INF] Microsoft.AspNetCore.Cors.Infrastructure.CorsService | CORS policy execution successful.
2026-04-08 12:23:27.999 [INF] Microsoft.AspNetCore.Routing.EndpointMiddleware | Executing endpoint 'backend.Controllers.EmployeesController.GetEmployees (backend)'
2026-04-08 12:23:27.999 [INF] Microsoft.AspNetCore.Mvc.Infrastructure.ControllerActionInvoker | Route matched with {action = "GetEmployees", controller = "Employees"}. Executing controller action with signature System.Threading.Tasks.Task`1[Microsoft.AspNetCore.Mvc.IActionResult] GetEmployees(System.Nullable`1[System.Int32]) on controller backend.Controllers.EmployeesController (backend).
2026-04-08 12:23:27.999 [INF] backend.Controllers.EmployeesController | [Employees] GET all | TargetOrgId=12 | UserOrgId=2
2026-04-08 12:23:28.016 [INF] Microsoft.AspNetCore.Mvc.Infrastructure.ObjectResultExecutor | Executing OkObjectResult, writing value of type 'System.Collections.Generic.List`1[[backend.Models.Employee, backend, Version=1.0.0.0, Culture=neutral, PublicKeyToken=null]]'.
2026-04-08 12:23:28.016 [INF] Microsoft.AspNetCore.Mvc.Infrastructure.ControllerActionInvoker | Executed action backend.Controllers.EmployeesController.GetEmployees (backend) in 16.9308ms
2026-04-08 12:23:28.016 [INF] Microsoft.AspNetCore.Routing.EndpointMiddleware | Executed endpoint 'backend.Controllers.EmployeesController.GetEmployees (backend)'
2026-04-08 12:23:28.016 [INF] Serilog.AspNetCore.RequestLoggingMiddleware | HTTP GET /api/employees → 200 (17.1ms)
2026-04-08 12:23:28.016 [INF] Microsoft.AspNetCore.Hosting.Diagnostics | Request finished HTTP/1.1 GET http://localhost:5217/api/employees?organizationId=12 - 200 null application/json; charset=utf-8 17.6027ms
2026-04-08 12:23:28.086 [INF] Microsoft.AspNetCore.Hosting.Diagnostics | Request starting HTTP/1.1 OPTIONS http://localhost:5217/api/SalarySettings/GetSalarySettings?orgId=12&salaryYearId=9 - null null
2026-04-08 12:23:28.086 [INF] Microsoft.AspNetCore.Cors.Infrastructure.CorsService | CORS policy execution successful.
2026-04-08 12:23:28.086 [INF] Microsoft.AspNetCore.Hosting.Diagnostics | Request finished HTTP/1.1 OPTIONS http://localhost:5217/api/SalarySettings/GetSalarySettings?orgId=12&salaryYearId=9 - 204 null null 0.1878ms
2026-04-08 12:23:28.087 [INF] Microsoft.AspNetCore.Hosting.Diagnostics | Request starting HTTP/1.1 GET http://localhost:5217/api/SalarySettings/GetSalarySettings?orgId=12&salaryYearId=9 - application/json null
2026-04-08 12:23:28.087 [INF] Microsoft.AspNetCore.Cors.Infrastructure.CorsService | CORS policy execution successful.
2026-04-08 12:23:28.088 [INF] Microsoft.AspNetCore.Routing.EndpointMiddleware | Executing endpoint 'backend.Controllers.SalarySettingsController.GetSalarySettings (backend)'
2026-04-08 12:23:28.088 [INF] Microsoft.AspNetCore.Mvc.Infrastructure.ControllerActionInvoker | Route matched with {action = "GetSalarySettings", controller = "SalarySettings"}. Executing controller action with signature System.Threading.Tasks.Task`1[Microsoft.AspNetCore.Mvc.IActionResult] GetSalarySettings(System.String, System.String) on controller backend.Controllers.SalarySettingsController (backend).
2026-04-08 12:23:28.110 [INF] Microsoft.AspNetCore.Mvc.Infrastructure.ObjectResultExecutor | Executing OkObjectResult, writing value of type 'System.Collections.Generic.List`1[[backend.Models.SalarySettings, backend, Version=1.0.0.0, Culture=neutral, PublicKeyToken=null]]'.
2026-04-08 12:23:28.110 [INF] Microsoft.AspNetCore.Mvc.Infrastructure.ControllerActionInvoker | Executed action backend.Controllers.SalarySettingsController.GetSalarySettings (backend) in 21.7879ms
2026-04-08 12:23:28.110 [INF] Microsoft.AspNetCore.Routing.EndpointMiddleware | Executed endpoint 'backend.Controllers.SalarySettingsController.GetSalarySettings (backend)'
2026-04-08 12:23:28.110 [INF] Serilog.AspNetCore.RequestLoggingMiddleware | HTTP GET /api/SalarySettings/GetSalarySettings → 200 (22.0ms)
2026-04-08 12:23:28.110 [INF] Microsoft.AspNetCore.Hosting.Diagnostics | Request finished HTTP/1.1 GET http://localhost:5217/api/SalarySettings/GetSalarySettings?orgId=12&salaryYearId=9 - 200 null application/json; charset=utf-8 22.4885ms
2026-04-08 12:23:28.261 [INF] Microsoft.AspNetCore.Hosting.Diagnostics | Request starting HTTP/1.1 POST http://localhost:5217/hubs/salarysettings/negotiate?negotiateVersion=1 - text/plain;charset=UTF-8 0
2026-04-08 12:23:28.261 [INF] Microsoft.AspNetCore.Cors.Infrastructure.CorsService | CORS policy execution successful.
2026-04-08 12:23:28.261 [INF] Microsoft.AspNetCore.Routing.EndpointMiddleware | Executing endpoint '/hubs/salarysettings/negotiate'
2026-04-08 12:23:28.262 [INF] Microsoft.AspNetCore.Routing.EndpointMiddleware | Executed endpoint '/hubs/salarysettings/negotiate'
2026-04-08 12:23:28.262 [INF] Serilog.AspNetCore.RequestLoggingMiddleware | HTTP POST /hubs/salarysettings/negotiate → 200 (0.4ms)
2026-04-08 12:23:28.262 [INF] Microsoft.AspNetCore.Hosting.Diagnostics | Request finished HTTP/1.1 POST http://localhost:5217/hubs/salarysettings/negotiate?negotiateVersion=1 - 200 316 application/json 0.8298ms
2026-04-08 12:23:28.304 [INF] Microsoft.AspNetCore.Hosting.Diagnostics | Request starting HTTP/1.1 GET http://localhost:5217/hubs/salarysettings?id=kzVT74CUH808PztVByPP4g&access_token=eyJhbGciOiJIUzI1NiIsInR5cCI6IkpXVCJ9.eyJuYW1laWQiOiIxOCIsInVuaXF1ZV9uYW1lIjoidmFzYW50aGFrdW1hciIsImVtYWlsIjoidmFzYW50aDIwMDR2a0BnbWFpbC5jb20iLCJyb2xlIjoiU3VwZXJBZG1pbiIsIk9yZ2FuaXphdGlvbklkIjoiMiIsIk9yZ2FuaXphdGlvbkxvZ28iOiIvdXBsb2Fkcy9vcmctbG9nb3Mvb3JnLWxvZ28tNTg3M2M0NzVkOTFkNGJiZDkwNDZkZWVjNjY3ZDEzNmMuanBnIiwibmJmIjoxNzc1NjI5OTc0LCJleHAiOjE3NzU3MTYzNzQsImlhdCI6MTc3NTYyOTk3NCwiaXNzIjoiUHJvRGVzWC1CYWNrZW5kIiwiYXVkIjoiUHJvRGVzWC1Gcm9udGVuZCJ9.igbT3pLpIiahwfTYCSUnLfgWrpW2xHWNEZnnwNqmD4o - null null
2026-04-08 12:23:28.304 [INF] Microsoft.AspNetCore.Cors.Infrastructure.CorsService | CORS policy execution successful.
2026-04-08 12:23:28.304 [INF] Microsoft.AspNetCore.Routing.EndpointMiddleware | Executing endpoint '/hubs/salarysettings'
2026-04-08 12:23:36.292 [INF] Microsoft.AspNetCore.Hosting.Diagnostics | Request starting HTTP/1.1 OPTIONS http://localhost:5217/api/SalarySettings/SaveSalarySettings?orgId=12 - null null
2026-04-08 12:23:36.292 [INF] Microsoft.AspNetCore.Cors.Infrastructure.CorsService | CORS policy execution successful.
2026-04-08 12:23:36.292 [INF] Microsoft.AspNetCore.Hosting.Diagnostics | Request finished HTTP/1.1 OPTIONS http://localhost:5217/api/SalarySettings/SaveSalarySettings?orgId=12 - 204 null null 0.2308ms
2026-04-08 12:23:36.293 [INF] Microsoft.AspNetCore.Hosting.Diagnostics | Request starting HTTP/1.1 POST http://localhost:5217/api/SalarySettings/SaveSalarySettings?orgId=12 - application/json 51
2026-04-08 12:23:36.293 [INF] Microsoft.AspNetCore.Cors.Infrastructure.CorsService | CORS policy execution successful.
2026-04-08 12:23:36.293 [INF] Microsoft.AspNetCore.Routing.EndpointMiddleware | Executing endpoint 'backend.Controllers.SalarySettingsController.SaveSalarySettings (backend)'
2026-04-08 12:23:36.293 [INF] Microsoft.AspNetCore.Mvc.Infrastructure.ControllerActionInvoker | Route matched with {action = "SaveSalarySettings", controller = "SalarySettings"}. Executing controller action with signature System.Threading.Tasks.Task`1[Microsoft.AspNetCore.Mvc.IActionResult] SaveSalarySettings(System.String, backend.Models.SalarySettings) on controller backend.Controllers.SalarySettingsController (backend).
2026-04-08 12:23:36.400 [INF] Microsoft.AspNetCore.Mvc.Infrastructure.ObjectResultExecutor | Executing OkObjectResult, writing value of type '<>f__AnonymousType1`1[[System.String, System.Private.CoreLib, Version=10.0.0.0, Culture=neutral, PublicKeyToken=7cec85d7bea7798e]]'.
2026-04-08 12:23:36.401 [INF] Microsoft.AspNetCore.Mvc.Infrastructure.ControllerActionInvoker | Executed action backend.Controllers.SalarySettingsController.SaveSalarySettings (backend) in 107.4529ms
2026-04-08 12:23:36.401 [INF] Microsoft.AspNetCore.Routing.EndpointMiddleware | Executed endpoint 'backend.Controllers.SalarySettingsController.SaveSalarySettings (backend)'
2026-04-08 12:23:36.401 [INF] Serilog.AspNetCore.RequestLoggingMiddleware | HTTP POST /api/SalarySettings/SaveSalarySettings → 200 (107.6ms)
2026-04-08 12:23:36.401 [INF] Microsoft.AspNetCore.Hosting.Diagnostics | Request finished HTTP/1.1 POST http://localhost:5217/api/SalarySettings/SaveSalarySettings?orgId=12 - 200 null application/json; charset=utf-8 107.9312ms
2026-04-08 12:23:36.421 [INF] Microsoft.AspNetCore.Hosting.Diagnostics | Request starting HTTP/1.1 OPTIONS http://localhost:5217/api/employees?organizationId=12 - null null
2026-04-08 12:23:36.421 [INF] Microsoft.AspNetCore.Cors.Infrastructure.CorsService | CORS policy execution successful.
2026-04-08 12:23:36.421 [INF] Microsoft.AspNetCore.Hosting.Diagnostics | Request finished HTTP/1.1 OPTIONS http://localhost:5217/api/employees?organizationId=12 - 204 null null 0.3495ms
2026-04-08 12:23:36.423 [INF] Microsoft.AspNetCore.Hosting.Diagnostics | Request starting HTTP/1.1 GET http://localhost:5217/api/employees?organizationId=12 - application/json null
2026-04-08 12:23:36.423 [INF] Microsoft.AspNetCore.Cors.Infrastructure.CorsService | CORS policy execution successful.
2026-04-08 12:23:36.423 [INF] Microsoft.AspNetCore.Routing.EndpointMiddleware | Executing endpoint 'backend.Controllers.EmployeesController.GetEmployees (backend)'
2026-04-08 12:23:36.423 [INF] Microsoft.AspNetCore.Mvc.Infrastructure.ControllerActionInvoker | Route matched with {action = "GetEmployees", controller = "Employees"}. Executing controller action with signature System.Threading.Tasks.Task`1[Microsoft.AspNetCore.Mvc.IActionResult] GetEmployees(System.Nullable`1[System.Int32]) on controller backend.Controllers.EmployeesController (backend).
2026-04-08 12:23:36.423 [INF] backend.Controllers.EmployeesController | [Employees] GET all | TargetOrgId=12 | UserOrgId=2
2026-04-08 12:23:36.530 [INF] Microsoft.AspNetCore.Mvc.Infrastructure.ObjectResultExecutor | Executing OkObjectResult, writing value of type 'System.Collections.Generic.List`1[[backend.Models.Employee, backend, Version=1.0.0.0, Culture=neutral, PublicKeyToken=null]]'.
2026-04-08 12:23:36.530 [INF] Microsoft.AspNetCore.Mvc.Infrastructure.ControllerActionInvoker | Executed action backend.Controllers.EmployeesController.GetEmployees (backend) in 107.1908ms
2026-04-08 12:23:36.530 [INF] Microsoft.AspNetCore.Routing.EndpointMiddleware | Executed endpoint 'backend.Controllers.EmployeesController.GetEmployees (backend)'
2026-04-08 12:23:36.530 [INF] Serilog.AspNetCore.RequestLoggingMiddleware | HTTP GET /api/employees → 200 (107.4ms)
2026-04-08 12:23:36.530 [INF] Microsoft.AspNetCore.Hosting.Diagnostics | Request finished HTTP/1.1 GET http://localhost:5217/api/employees?organizationId=12 - 200 null application/json; charset=utf-8 107.7486ms
2026-04-08 12:23:36.660 [INF] Microsoft.AspNetCore.Hosting.Diagnostics | Request starting HTTP/1.1 OPTIONS http://localhost:5217/api/SalarySettings/GetSalarySettings?orgId=12&salaryYearId=9 - null null
2026-04-08 12:23:36.660 [INF] Microsoft.AspNetCore.Cors.Infrastructure.CorsService | CORS policy execution successful.
2026-04-08 12:23:36.660 [INF] Microsoft.AspNetCore.Hosting.Diagnostics | Request finished HTTP/1.1 OPTIONS http://localhost:5217/api/SalarySettings/GetSalarySettings?orgId=12&salaryYearId=9 - 204 null null 0.1764ms
2026-04-08 12:23:36.661 [INF] Microsoft.AspNetCore.Hosting.Diagnostics | Request starting HTTP/1.1 GET http://localhost:5217/api/SalarySettings/GetSalarySettings?orgId=12&salaryYearId=9 - application/json null
2026-04-08 12:23:36.661 [INF] Microsoft.AspNetCore.Cors.Infrastructure.CorsService | CORS policy execution successful.
2026-04-08 12:23:36.662 [INF] Microsoft.AspNetCore.Routing.EndpointMiddleware | Executing endpoint 'backend.Controllers.SalarySettingsController.GetSalarySettings (backend)'
2026-04-08 12:23:36.662 [INF] Microsoft.AspNetCore.Mvc.Infrastructure.ControllerActionInvoker | Route matched with {action = "GetSalarySettings", controller = "SalarySettings"}. Executing controller action with signature System.Threading.Tasks.Task`1[Microsoft.AspNetCore.Mvc.IActionResult] GetSalarySettings(System.String, System.String) on controller backend.Controllers.SalarySettingsController (backend).
2026-04-08 12:23:36.686 [INF] Microsoft.AspNetCore.Mvc.Infrastructure.ObjectResultExecutor | Executing OkObjectResult, writing value of type 'System.Collections.Generic.List`1[[backend.Models.SalarySettings, backend, Version=1.0.0.0, Culture=neutral, PublicKeyToken=null]]'.
2026-04-08 12:23:36.687 [INF] Microsoft.AspNetCore.Mvc.Infrastructure.ControllerActionInvoker | Executed action backend.Controllers.SalarySettingsController.GetSalarySettings (backend) in 25.1497ms
2026-04-08 12:23:36.687 [INF] Microsoft.AspNetCore.Routing.EndpointMiddleware | Executed endpoint 'backend.Controllers.SalarySettingsController.GetSalarySettings (backend)'
2026-04-08 12:23:36.687 [INF] Serilog.AspNetCore.RequestLoggingMiddleware | HTTP GET /api/SalarySettings/GetSalarySettings → 200 (25.4ms)
2026-04-08 12:23:36.687 [INF] Microsoft.AspNetCore.Hosting.Diagnostics | Request finished HTTP/1.1 GET http://localhost:5217/api/SalarySettings/GetSalarySettings?orgId=12&salaryYearId=9 - 200 null application/json; charset=utf-8 25.7819ms
2026-04-08 12:26:05.360 [INF] Microsoft.AspNetCore.Routing.EndpointMiddleware | Executed endpoint '/hubs/salaryyears'
2026-04-08 12:26:05.360 [INF] Serilog.AspNetCore.RequestLoggingMiddleware | HTTP GET /hubs/salaryyears → 101 (200150.9ms)
2026-04-08 12:26:05.360 [INF] Microsoft.AspNetCore.Hosting.Diagnostics | Request finished HTTP/1.1 GET http://localhost:5217/hubs/salaryyears?id=LayDeHOgSHYSGfrr2DhCmw&access_token=eyJhbGciOiJIUzI1NiIsInR5cCI6IkpXVCJ9.eyJuYW1laWQiOiIxOCIsInVuaXF1ZV9uYW1lIjoidmFzYW50aGFrdW1hciIsImVtYWlsIjoidmFzYW50aDIwMDR2a0BnbWFpbC5jb20iLCJyb2xlIjoiU3VwZXJBZG1pbiIsIk9yZ2FuaXphdGlvbklkIjoiMiIsIk9yZ2FuaXphdGlvbkxvZ28iOiIvdXBsb2Fkcy9vcmctbG9nb3Mvb3JnLWxvZ28tNTg3M2M0NzVkOTFkNGJiZDkwNDZkZWVjNjY3ZDEzNmMuanBnIiwibmJmIjoxNzc1NjI5OTc0LCJleHAiOjE3NzU3MTYzNzQsImlhdCI6MTc3NTYyOTk3NCwiaXNzIjoiUHJvRGVzWC1CYWNrZW5kIiwiYXVkIjoiUHJvRGVzWC1Gcm9udGVuZCJ9.igbT3pLpIiahwfTYCSUnLfgWrpW2xHWNEZnnwNqmD4o - 101 null null 200151.3429ms
2026-04-08 12:26:05.360 [INF] Microsoft.AspNetCore.Routing.EndpointMiddleware | Executed endpoint '/hubs/salarysettings'
2026-04-08 12:26:05.360 [INF] Serilog.AspNetCore.RequestLoggingMiddleware | HTTP GET /hubs/salarysettings → 101 (157055.7ms)
2026-04-08 12:26:05.360 [INF] Microsoft.AspNetCore.Hosting.Diagnostics | Request finished HTTP/1.1 GET http://localhost:5217/hubs/salarysettings?id=kzVT74CUH808PztVByPP4g&access_token=eyJhbGciOiJIUzI1NiIsInR5cCI6IkpXVCJ9.eyJuYW1laWQiOiIxOCIsInVuaXF1ZV9uYW1lIjoidmFzYW50aGFrdW1hciIsImVtYWlsIjoidmFzYW50aDIwMDR2a0BnbWFpbC5jb20iLCJyb2xlIjoiU3VwZXJBZG1pbiIsIk9yZ2FuaXphdGlvbklkIjoiMiIsIk9yZ2FuaXphdGlvbkxvZ28iOiIvdXBsb2Fkcy9vcmctbG9nb3Mvb3JnLWxvZ28tNTg3M2M0NzVkOTFkNGJiZDkwNDZkZWVjNjY3ZDEzNmMuanBnIiwibmJmIjoxNzc1NjI5OTc0LCJleHAiOjE3NzU3MTYzNzQsImlhdCI6MTc3NTYyOTk3NCwiaXNzIjoiUHJvRGVzWC1CYWNrZW5kIiwiYXVkIjoiUHJvRGVzWC1Gcm9udGVuZCJ9.igbT3pLpIiahwfTYCSUnLfgWrpW2xHWNEZnnwNqmD4o - 101 null null 157056.035ms
2026-04-08 12:26:05.429 [INF] Microsoft.AspNetCore.Hosting.Diagnostics | Request starting HTTP/1.1 OPTIONS http://localhost:5217/hubs/salaryyears/negotiate?negotiateVersion=1 - null null
2026-04-08 12:26:05.430 [INF] Microsoft.AspNetCore.Cors.Infrastructure.CorsService | CORS policy execution successful.
2026-04-08 12:26:05.430 [INF] Microsoft.AspNetCore.Hosting.Diagnostics | Request finished HTTP/1.1 OPTIONS http://localhost:5217/hubs/salaryyears/negotiate?negotiateVersion=1 - 204 null null 0.1821ms
2026-04-08 12:26:05.432 [INF] Microsoft.AspNetCore.Hosting.Diagnostics | Request starting HTTP/1.1 POST http://localhost:5217/hubs/salaryyears/negotiate?negotiateVersion=1 - text/plain;charset=UTF-8 0
2026-04-08 12:26:05.432 [INF] Microsoft.AspNetCore.Cors.Infrastructure.CorsService | CORS policy execution successful.
2026-04-08 12:26:05.432 [INF] Microsoft.AspNetCore.Routing.EndpointMiddleware | Executing endpoint '/hubs/salaryyears/negotiate'
2026-04-08 12:26:05.432 [INF] Microsoft.AspNetCore.Hosting.Diagnostics | Request starting HTTP/1.1 OPTIONS http://localhost:5217/hubs/salarysettings/negotiate?negotiateVersion=1 - null null
2026-04-08 12:26:05.432 [INF] Microsoft.AspNetCore.Cors.Infrastructure.CorsService | CORS policy execution successful.
2026-04-08 12:26:05.432 [INF] Microsoft.AspNetCore.Routing.EndpointMiddleware | Executed endpoint '/hubs/salaryyears/negotiate'
2026-04-08 12:26:05.432 [INF] Serilog.AspNetCore.RequestLoggingMiddleware | HTTP POST /hubs/salaryyears/negotiate → 200 (0.2ms)
2026-04-08 12:26:05.432 [INF] Microsoft.AspNetCore.Hosting.Diagnostics | Request finished HTTP/1.1 OPTIONS http://localhost:5217/hubs/salarysettings/negotiate?negotiateVersion=1 - 204 null null 0.09ms
2026-04-08 12:26:05.432 [INF] Microsoft.AspNetCore.Hosting.Diagnostics | Request finished HTTP/1.1 POST http://localhost:5217/hubs/salaryyears/negotiate?negotiateVersion=1 - 200 316 application/json 0.4542ms
2026-04-08 12:26:05.434 [INF] Microsoft.AspNetCore.Hosting.Diagnostics | Request starting HTTP/1.1 POST http://localhost:5217/hubs/salarysettings/negotiate?negotiateVersion=1 - text/plain;charset=UTF-8 0
2026-04-08 12:26:05.434 [INF] Microsoft.AspNetCore.Cors.Infrastructure.CorsService | CORS policy execution successful.
2026-04-08 12:26:05.434 [INF] Microsoft.AspNetCore.Routing.EndpointMiddleware | Executing endpoint '/hubs/salarysettings/negotiate'
2026-04-08 12:26:05.434 [INF] Microsoft.AspNetCore.Routing.EndpointMiddleware | Executed endpoint '/hubs/salarysettings/negotiate'
2026-04-08 12:26:05.434 [INF] Serilog.AspNetCore.RequestLoggingMiddleware | HTTP POST /hubs/salarysettings/negotiate → 200 (0.1ms)
2026-04-08 12:26:05.434 [INF] Microsoft.AspNetCore.Hosting.Diagnostics | Request finished HTTP/1.1 POST http://localhost:5217/hubs/salarysettings/negotiate?negotiateVersion=1 - 200 316 application/json 0.3555ms
2026-04-08 12:26:05.442 [INF] Microsoft.AspNetCore.Hosting.Diagnostics | Request starting HTTP/1.1 GET http://localhost:5217/hubs/salaryyears?id=3gk5QS3fooKSUoYETzTyMg&access_token=eyJhbGciOiJIUzI1NiIsInR5cCI6IkpXVCJ9.eyJuYW1laWQiOiIxOCIsInVuaXF1ZV9uYW1lIjoidmFzYW50aGFrdW1hciIsImVtYWlsIjoidmFzYW50aDIwMDR2a0BnbWFpbC5jb20iLCJyb2xlIjoiU3VwZXJBZG1pbiIsIk9yZ2FuaXphdGlvbklkIjoiMiIsIk9yZ2FuaXphdGlvbkxvZ28iOiIvdXBsb2Fkcy9vcmctbG9nb3Mvb3JnLWxvZ28tNTg3M2M0NzVkOTFkNGJiZDkwNDZkZWVjNjY3ZDEzNmMuanBnIiwibmJmIjoxNzc1NjI5OTc0LCJleHAiOjE3NzU3MTYzNzQsImlhdCI6MTc3NTYyOTk3NCwiaXNzIjoiUHJvRGVzWC1CYWNrZW5kIiwiYXVkIjoiUHJvRGVzWC1Gcm9udGVuZCJ9.igbT3pLpIiahwfTYCSUnLfgWrpW2xHWNEZnnwNqmD4o - null null
2026-04-08 12:26:05.442 [INF] Microsoft.AspNetCore.Cors.Infrastructure.CorsService | CORS policy execution successful.
2026-04-08 12:26:05.442 [INF] Microsoft.AspNetCore.Routing.EndpointMiddleware | Executing endpoint '/hubs/salaryyears'
2026-04-08 12:26:05.456 [INF] Microsoft.AspNetCore.Hosting.Diagnostics | Request starting HTTP/1.1 GET http://localhost:5217/hubs/salarysettings?id=ZAX0wNmxGpWwFnUgbTj4Wg&access_token=eyJhbGciOiJIUzI1NiIsInR5cCI6IkpXVCJ9.eyJuYW1laWQiOiIxOCIsInVuaXF1ZV9uYW1lIjoidmFzYW50aGFrdW1hciIsImVtYWlsIjoidmFzYW50aDIwMDR2a0BnbWFpbC5jb20iLCJyb2xlIjoiU3VwZXJBZG1pbiIsIk9yZ2FuaXphdGlvbklkIjoiMiIsIk9yZ2FuaXphdGlvbkxvZ28iOiIvdXBsb2Fkcy9vcmctbG9nb3Mvb3JnLWxvZ28tNTg3M2M0NzVkOTFkNGJiZDkwNDZkZWVjNjY3ZDEzNmMuanBnIiwibmJmIjoxNzc1NjI5OTc0LCJleHAiOjE3NzU3MTYzNzQsImlhdCI6MTc3NTYyOTk3NCwiaXNzIjoiUHJvRGVzWC1CYWNrZW5kIiwiYXVkIjoiUHJvRGVzWC1Gcm9udGVuZCJ9.igbT3pLpIiahwfTYCSUnLfgWrpW2xHWNEZnnwNqmD4o - null null
2026-04-08 12:26:05.456 [INF] Microsoft.AspNetCore.Cors.Infrastructure.CorsService | CORS policy execution successful.
2026-04-08 12:26:05.456 [INF] Microsoft.AspNetCore.Routing.EndpointMiddleware | Executing endpoint '/hubs/salarysettings'
2026-04-08 12:26:10.351 [INF] Microsoft.AspNetCore.Routing.EndpointMiddleware | Executed endpoint '/hubs/salarysettings'
2026-04-08 12:26:10.351 [INF] Serilog.AspNetCore.RequestLoggingMiddleware | HTTP GET /hubs/salarysettings → 101 (467974.3ms)
2026-04-08 12:26:10.351 [INF] Microsoft.AspNetCore.Hosting.Diagnostics | Request finished HTTP/1.1 GET http://localhost:5217/hubs/salarysettings?id=RQj7hRjBWnZzqQUVRFTRUA&access_token=eyJhbGciOiJIUzI1NiIsInR5cCI6IkpXVCJ9.eyJuYW1laWQiOiIxOCIsInVuaXF1ZV9uYW1lIjoidmFzYW50aGFrdW1hciIsImVtYWlsIjoidmFzYW50aDIwMDR2a0BnbWFpbC5jb20iLCJyb2xlIjoiU3VwZXJBZG1pbiIsIk9yZ2FuaXphdGlvbklkIjoiMiIsIk9yZ2FuaXphdGlvbkxvZ28iOiIvdXBsb2Fkcy9vcmctbG9nb3Mvb3JnLWxvZ28tNTg3M2M0NzVkOTFkNGJiZDkwNDZkZWVjNjY3ZDEzNmMuanBnIiwibmJmIjoxNzc1NjI5OTc0LCJleHAiOjE3NzU3MTYzNzQsImlhdCI6MTc3NTYyOTk3NCwiaXNzIjoiUHJvRGVzWC1CYWNrZW5kIiwiYXVkIjoiUHJvRGVzWC1Gcm9udGVuZCJ9.igbT3pLpIiahwfTYCSUnLfgWrpW2xHWNEZnnwNqmD4o - 101 null null 467974.7689ms
2026-04-08 12:26:10.369 [INF] Microsoft.AspNetCore.Hosting.Diagnostics | Request starting HTTP/1.1 POST http://localhost:5217/hubs/salarysettings/negotiate?negotiateVersion=1 - text/plain;charset=UTF-8 0
2026-04-08 12:26:10.369 [INF] Microsoft.AspNetCore.Cors.Infrastructure.CorsService | CORS policy execution successful.
2026-04-08 12:26:10.369 [INF] Microsoft.AspNetCore.Routing.EndpointMiddleware | Executing endpoint '/hubs/salarysettings/negotiate'
2026-04-08 12:26:10.369 [INF] Microsoft.AspNetCore.Routing.EndpointMiddleware | Executed endpoint '/hubs/salarysettings/negotiate'
2026-04-08 12:26:10.369 [INF] Serilog.AspNetCore.RequestLoggingMiddleware | HTTP POST /hubs/salarysettings/negotiate → 200 (0.2ms)
2026-04-08 12:26:10.369 [INF] Microsoft.AspNetCore.Hosting.Diagnostics | Request finished HTTP/1.1 POST http://localhost:5217/hubs/salarysettings/negotiate?negotiateVersion=1 - 200 316 application/json 0.4927ms
2026-04-08 12:26:10.376 [INF] Microsoft.AspNetCore.Hosting.Diagnostics | Request starting HTTP/1.1 GET http://localhost:5217/hubs/salarysettings?id=oWq7JMp9ewhU8AkzG638DQ&access_token=eyJhbGciOiJIUzI1NiIsInR5cCI6IkpXVCJ9.eyJuYW1laWQiOiIxOCIsInVuaXF1ZV9uYW1lIjoidmFzYW50aGFrdW1hciIsImVtYWlsIjoidmFzYW50aDIwMDR2a0BnbWFpbC5jb20iLCJyb2xlIjoiU3VwZXJBZG1pbiIsIk9yZ2FuaXphdGlvbklkIjoiMiIsIk9yZ2FuaXphdGlvbkxvZ28iOiIvdXBsb2Fkcy9vcmctbG9nb3Mvb3JnLWxvZ28tNTg3M2M0NzVkOTFkNGJiZDkwNDZkZWVjNjY3ZDEzNmMuanBnIiwibmJmIjoxNzc1NjI5OTc0LCJleHAiOjE3NzU3MTYzNzQsImlhdCI6MTc3NTYyOTk3NCwiaXNzIjoiUHJvRGVzWC1CYWNrZW5kIiwiYXVkIjoiUHJvRGVzWC1Gcm9udGVuZCJ9.igbT3pLpIiahwfTYCSUnLfgWrpW2xHWNEZnnwNqmD4o - null null
2026-04-08 12:26:10.377 [INF] Microsoft.AspNetCore.Cors.Infrastructure.CorsService | CORS policy execution successful.
2026-04-08 12:26:10.377 [INF] Microsoft.AspNetCore.Routing.EndpointMiddleware | Executing endpoint '/hubs/salarysettings'
2026-04-08 12:27:01.045 [INF] Microsoft.AspNetCore.Hosting.Diagnostics | Request starting HTTP/1.1 OPTIONS http://localhost:5217/api/OrganizationCalendarSettings?organizationId=2 - null null
2026-04-08 12:27:01.045 [INF] Microsoft.AspNetCore.Cors.Infrastructure.CorsService | CORS policy execution successful.
2026-04-08 12:27:01.045 [INF] Microsoft.AspNetCore.Hosting.Diagnostics | Request finished HTTP/1.1 OPTIONS http://localhost:5217/api/OrganizationCalendarSettings?organizationId=2 - 204 null null 0.2062ms
2026-04-08 12:27:01.047 [INF] Microsoft.AspNetCore.Hosting.Diagnostics | Request starting HTTP/1.1 GET http://localhost:5217/api/OrganizationCalendarSettings?organizationId=2 - application/json null
2026-04-08 12:27:01.047 [INF] Microsoft.AspNetCore.Cors.Infrastructure.CorsService | CORS policy execution successful.
2026-04-08 12:27:01.048 [INF] Microsoft.AspNetCore.Routing.EndpointMiddleware | Executing endpoint 'backend.Controllers.OrganizationCalendarSettingsController.GetSettings (backend)'
2026-04-08 12:27:01.048 [INF] Microsoft.AspNetCore.Mvc.Infrastructure.ControllerActionInvoker | Route matched with {action = "GetSettings", controller = "OrganizationCalendarSettings"}. Executing controller action with signature System.Threading.Tasks.Task`1[Microsoft.AspNetCore.Mvc.IActionResult] GetSettings(Int32) on controller backend.Controllers.OrganizationCalendarSettingsController (backend).
2026-04-08 12:27:01.048 [INF] backend.Controllers.OrganizationCalendarSettingsController | [CalendarSettings] GET requested for Org=2 by User=18
2026-04-08 12:27:01.051 [INF] Microsoft.AspNetCore.Hosting.Diagnostics | Request starting HTTP/1.1 OPTIONS http://localhost:5217/api/SalaryYear/GetSalaryYearsByOrgId?orgId=2 - null null
2026-04-08 12:27:01.051 [INF] Microsoft.AspNetCore.Cors.Infrastructure.CorsService | CORS policy execution successful.
2026-04-08 12:27:01.051 [INF] Microsoft.AspNetCore.Hosting.Diagnostics | Request finished HTTP/1.1 OPTIONS http://localhost:5217/api/SalaryYear/GetSalaryYearsByOrgId?orgId=2 - 204 null null 0.2264ms
2026-04-08 12:27:01.055 [INF] Microsoft.AspNetCore.Hosting.Diagnostics | Request starting HTTP/1.1 GET http://localhost:5217/api/SalaryYear/GetSalaryYearsByOrgId?orgId=2 - application/json null
2026-04-08 12:27:01.055 [INF] Microsoft.AspNetCore.Cors.Infrastructure.CorsService | CORS policy execution successful.
2026-04-08 12:27:01.055 [INF] Microsoft.AspNetCore.Routing.EndpointMiddleware | Executing endpoint 'backend.Controllers.SalaryYearController.GetSalaryYearsByOrgId (backend)'
2026-04-08 12:27:01.055 [INF] Microsoft.AspNetCore.Mvc.Infrastructure.ControllerActionInvoker | Route matched with {action = "GetSalaryYearsByOrgId", controller = "SalaryYear"}. Executing controller action with signature System.Threading.Tasks.Task`1[Microsoft.AspNetCore.Mvc.IActionResult] GetSalaryYearsByOrgId(System.String) on controller backend.Controllers.SalaryYearController (backend).
2026-04-08 12:27:01.065 [INF] Microsoft.AspNetCore.Mvc.Infrastructure.ObjectResultExecutor | Executing OkObjectResult, writing value of type 'backend.Models.OrganizationCalendarSettings'.
2026-04-08 12:27:01.066 [INF] Microsoft.AspNetCore.Mvc.Infrastructure.ControllerActionInvoker | Executed action backend.Controllers.OrganizationCalendarSettingsController.GetSettings (backend) in 17.9427ms
2026-04-08 12:27:01.066 [INF] Microsoft.AspNetCore.Routing.EndpointMiddleware | Executed endpoint 'backend.Controllers.OrganizationCalendarSettingsController.GetSettings (backend)'
2026-04-08 12:27:01.066 [INF] Serilog.AspNetCore.RequestLoggingMiddleware | HTTP GET /api/OrganizationCalendarSettings → 200 (18.3ms)
2026-04-08 12:27:01.066 [INF] Microsoft.AspNetCore.Hosting.Diagnostics | Request finished HTTP/1.1 GET http://localhost:5217/api/OrganizationCalendarSettings?organizationId=2 - 200 null application/json; charset=utf-8 19.0832ms
2026-04-08 12:27:01.811 [INF] Microsoft.AspNetCore.Mvc.Infrastructure.ObjectResultExecutor | Executing OkObjectResult, writing value of type 'System.Collections.Generic.List`1[[backend.Models.SalaryYear, backend, Version=1.0.0.0, Culture=neutral, PublicKeyToken=null]]'.
2026-04-08 12:27:01.811 [INF] Microsoft.AspNetCore.Mvc.Infrastructure.ControllerActionInvoker | Executed action backend.Controllers.SalaryYearController.GetSalaryYearsByOrgId (backend) in 755.8806ms
2026-04-08 12:27:01.811 [INF] Microsoft.AspNetCore.Routing.EndpointMiddleware | Executed endpoint 'backend.Controllers.SalaryYearController.GetSalaryYearsByOrgId (backend)'
2026-04-08 12:27:01.811 [INF] Serilog.AspNetCore.RequestLoggingMiddleware | HTTP GET /api/SalaryYear/GetSalaryYearsByOrgId → 200 (756.1ms)
2026-04-08 12:27:01.812 [INF] Microsoft.AspNetCore.Hosting.Diagnostics | Request finished HTTP/1.1 GET http://localhost:5217/api/SalaryYear/GetSalaryYearsByOrgId?orgId=2 - 200 null application/json; charset=utf-8 756.7933ms
2026-04-08 12:27:01.816 [INF] Microsoft.AspNetCore.Hosting.Diagnostics | Request starting HTTP/1.1 GET http://localhost:5217/api/SalaryYear/GetSalaryYearsByOrgId?orgId=2 - application/json null
2026-04-08 12:27:01.816 [INF] Microsoft.AspNetCore.Cors.Infrastructure.CorsService | CORS policy execution successful.
2026-04-08 12:27:01.816 [INF] Microsoft.AspNetCore.Routing.EndpointMiddleware | Executing endpoint 'backend.Controllers.SalaryYearController.GetSalaryYearsByOrgId (backend)'
2026-04-08 12:27:01.817 [INF] Microsoft.AspNetCore.Mvc.Infrastructure.ControllerActionInvoker | Route matched with {action = "GetSalaryYearsByOrgId", controller = "SalaryYear"}. Executing controller action with signature System.Threading.Tasks.Task`1[Microsoft.AspNetCore.Mvc.IActionResult] GetSalaryYearsByOrgId(System.String) on controller backend.Controllers.SalaryYearController (backend).
2026-04-08 12:27:01.866 [INF] Microsoft.AspNetCore.Hosting.Diagnostics | Request starting HTTP/1.1 OPTIONS http://localhost:5217/api/employees?organizationId=2 - null null
2026-04-08 12:27:01.866 [INF] Microsoft.AspNetCore.Cors.Infrastructure.CorsService | CORS policy execution successful.
2026-04-08 12:27:01.866 [INF] Microsoft.AspNetCore.Hosting.Diagnostics | Request finished HTTP/1.1 OPTIONS http://localhost:5217/api/employees?organizationId=2 - 204 null null 0.2458ms
2026-04-08 12:27:01.868 [INF] Microsoft.AspNetCore.Mvc.Infrastructure.ObjectResultExecutor | Executing OkObjectResult, writing value of type 'System.Collections.Generic.List`1[[backend.Models.SalaryYear, backend, Version=1.0.0.0, Culture=neutral, PublicKeyToken=null]]'.
2026-04-08 12:27:01.868 [INF] Microsoft.AspNetCore.Mvc.Infrastructure.ControllerActionInvoker | Executed action backend.Controllers.SalaryYearController.GetSalaryYearsByOrgId (backend) in 51.5737ms
2026-04-08 12:27:01.868 [INF] Microsoft.AspNetCore.Routing.EndpointMiddleware | Executed endpoint 'backend.Controllers.SalaryYearController.GetSalaryYearsByOrgId (backend)'
2026-04-08 12:27:01.868 [INF] Serilog.AspNetCore.RequestLoggingMiddleware | HTTP GET /api/SalaryYear/GetSalaryYearsByOrgId → 200 (51.8ms)
2026-04-08 12:27:01.868 [INF] Microsoft.AspNetCore.Hosting.Diagnostics | Request finished HTTP/1.1 GET http://localhost:5217/api/SalaryYear/GetSalaryYearsByOrgId?orgId=2 - 200 null application/json; charset=utf-8 52.3827ms
2026-04-08 12:27:01.871 [INF] Microsoft.AspNetCore.Hosting.Diagnostics | Request starting HTTP/1.1 GET http://localhost:5217/api/employees?organizationId=2 - application/json null
2026-04-08 12:27:01.871 [INF] Microsoft.AspNetCore.Cors.Infrastructure.CorsService | CORS policy execution successful.
2026-04-08 12:27:01.872 [INF] Microsoft.AspNetCore.Routing.EndpointMiddleware | Executing endpoint 'backend.Controllers.EmployeesController.GetEmployees (backend)'
2026-04-08 12:27:01.872 [INF] Microsoft.AspNetCore.Mvc.Infrastructure.ControllerActionInvoker | Route matched with {action = "GetEmployees", controller = "Employees"}. Executing controller action with signature System.Threading.Tasks.Task`1[Microsoft.AspNetCore.Mvc.IActionResult] GetEmployees(System.Nullable`1[System.Int32]) on controller backend.Controllers.EmployeesController (backend).
2026-04-08 12:27:01.872 [INF] backend.Controllers.EmployeesController | [Employees] GET all | TargetOrgId=2 | UserOrgId=2
2026-04-08 12:27:01.898 [INF] Microsoft.AspNetCore.Mvc.Infrastructure.ObjectResultExecutor | Executing OkObjectResult, writing value of type 'System.Collections.Generic.List`1[[backend.Models.Employee, backend, Version=1.0.0.0, Culture=neutral, PublicKeyToken=null]]'.
2026-04-08 12:27:01.898 [INF] Microsoft.AspNetCore.Mvc.Infrastructure.ControllerActionInvoker | Executed action backend.Controllers.EmployeesController.GetEmployees (backend) in 26.4454ms
2026-04-08 12:27:01.898 [INF] Microsoft.AspNetCore.Routing.EndpointMiddleware | Executed endpoint 'backend.Controllers.EmployeesController.GetEmployees (backend)'
2026-04-08 12:27:01.898 [INF] Serilog.AspNetCore.RequestLoggingMiddleware | HTTP GET /api/employees → 200 (26.6ms)
2026-04-08 12:27:01.898 [INF] Microsoft.AspNetCore.Hosting.Diagnostics | Request finished HTTP/1.1 GET http://localhost:5217/api/employees?organizationId=2 - 200 null application/json; charset=utf-8 26.9521ms
2026-04-08 12:27:02.080 [INF] Microsoft.AspNetCore.Hosting.Diagnostics | Request starting HTTP/1.1 OPTIONS http://localhost:5217/api/SalarySettings/GetSalarySettings?orgId=2&salaryYearId=3 - null null
2026-04-08 12:27:02.080 [INF] Microsoft.AspNetCore.Cors.Infrastructure.CorsService | CORS policy execution successful.
2026-04-08 12:27:02.080 [INF] Microsoft.AspNetCore.Hosting.Diagnostics | Request finished HTTP/1.1 OPTIONS http://localhost:5217/api/SalarySettings/GetSalarySettings?orgId=2&salaryYearId=3 - 204 null null 0.1414ms
2026-04-08 12:27:02.082 [INF] Microsoft.AspNetCore.Hosting.Diagnostics | Request starting HTTP/1.1 GET http://localhost:5217/api/SalarySettings/GetSalarySettings?orgId=2&salaryYearId=3 - application/json null
2026-04-08 12:27:02.082 [INF] Microsoft.AspNetCore.Cors.Infrastructure.CorsService | CORS policy execution successful.
2026-04-08 12:27:02.083 [INF] Microsoft.AspNetCore.Routing.EndpointMiddleware | Executing endpoint 'backend.Controllers.SalarySettingsController.GetSalarySettings (backend)'
2026-04-08 12:27:02.083 [INF] Microsoft.AspNetCore.Mvc.Infrastructure.ControllerActionInvoker | Route matched with {action = "GetSalarySettings", controller = "SalarySettings"}. Executing controller action with signature System.Threading.Tasks.Task`1[Microsoft.AspNetCore.Mvc.IActionResult] GetSalarySettings(System.String, System.String) on controller backend.Controllers.SalarySettingsController (backend).
2026-04-08 12:27:02.136 [INF] Microsoft.AspNetCore.Mvc.Infrastructure.ObjectResultExecutor | Executing OkObjectResult, writing value of type 'System.Collections.Generic.List`1[[backend.Models.SalarySettings, backend, Version=1.0.0.0, Culture=neutral, PublicKeyToken=null]]'.
2026-04-08 12:27:02.136 [INF] Microsoft.AspNetCore.Mvc.Infrastructure.ControllerActionInvoker | Executed action backend.Controllers.SalarySettingsController.GetSalarySettings (backend) in 53.4176ms
2026-04-08 12:27:02.136 [INF] Microsoft.AspNetCore.Routing.EndpointMiddleware | Executed endpoint 'backend.Controllers.SalarySettingsController.GetSalarySettings (backend)'
2026-04-08 12:27:02.136 [INF] Serilog.AspNetCore.RequestLoggingMiddleware | HTTP GET /api/SalarySettings/GetSalarySettings → 200 (53.6ms)
2026-04-08 12:27:02.136 [INF] Microsoft.AspNetCore.Hosting.Diagnostics | Request finished HTTP/1.1 GET http://localhost:5217/api/SalarySettings/GetSalarySettings?orgId=2&salaryYearId=3 - 200 null application/json; charset=utf-8 54.2829ms
2026-04-08 12:27:02.270 [INF] Microsoft.AspNetCore.Hosting.Diagnostics | Request starting HTTP/1.1 OPTIONS http://localhost:5217/hubs/salaryyears/negotiate?negotiateVersion=1 - null null
2026-04-08 12:27:02.270 [INF] Microsoft.AspNetCore.Cors.Infrastructure.CorsService | CORS policy execution successful.
2026-04-08 12:27:02.270 [INF] Microsoft.AspNetCore.Hosting.Diagnostics | Request finished HTTP/1.1 OPTIONS http://localhost:5217/hubs/salaryyears/negotiate?negotiateVersion=1 - 204 null null 0.1994ms
2026-04-08 12:27:02.272 [INF] Microsoft.AspNetCore.Hosting.Diagnostics | Request starting HTTP/1.1 POST http://localhost:5217/hubs/salaryyears/negotiate?negotiateVersion=1 - text/plain;charset=UTF-8 0
2026-04-08 12:27:02.272 [INF] Microsoft.AspNetCore.Cors.Infrastructure.CorsService | CORS policy execution successful.
2026-04-08 12:27:02.272 [INF] Microsoft.AspNetCore.Routing.EndpointMiddleware | Executing endpoint '/hubs/salaryyears/negotiate'
2026-04-08 12:27:02.272 [INF] Microsoft.AspNetCore.Routing.EndpointMiddleware | Executed endpoint '/hubs/salaryyears/negotiate'
2026-04-08 12:27:02.272 [INF] Serilog.AspNetCore.RequestLoggingMiddleware | HTTP POST /hubs/salaryyears/negotiate → 200 (0.3ms)
2026-04-08 12:27:02.272 [INF] Microsoft.AspNetCore.Hosting.Diagnostics | Request finished HTTP/1.1 POST http://localhost:5217/hubs/salaryyears/negotiate?negotiateVersion=1 - 200 316 application/json 0.6979ms
2026-04-08 12:27:02.298 [INF] Microsoft.AspNetCore.Hosting.Diagnostics | Request starting HTTP/1.1 GET http://localhost:5217/hubs/salaryyears?id=Khnm_2KSifV3wMOMsQ8wyg&access_token=eyJhbGciOiJIUzI1NiIsInR5cCI6IkpXVCJ9.eyJuYW1laWQiOiIxOCIsInVuaXF1ZV9uYW1lIjoidmFzYW50aGFrdW1hciIsImVtYWlsIjoidmFzYW50aDIwMDR2a0BnbWFpbC5jb20iLCJyb2xlIjoiU3VwZXJBZG1pbiIsIk9yZ2FuaXphdGlvbklkIjoiMiIsIk9yZ2FuaXphdGlvbkxvZ28iOiIvdXBsb2Fkcy9vcmctbG9nb3Mvb3JnLWxvZ28tNTg3M2M0NzVkOTFkNGJiZDkwNDZkZWVjNjY3ZDEzNmMuanBnIiwibmJmIjoxNzc1NjI5OTc0LCJleHAiOjE3NzU3MTYzNzQsImlhdCI6MTc3NTYyOTk3NCwiaXNzIjoiUHJvRGVzWC1CYWNrZW5kIiwiYXVkIjoiUHJvRGVzWC1Gcm9udGVuZCJ9.igbT3pLpIiahwfTYCSUnLfgWrpW2xHWNEZnnwNqmD4o - null null
2026-04-08 12:27:02.298 [INF] Microsoft.AspNetCore.Cors.Infrastructure.CorsService | CORS policy execution successful.
2026-04-08 12:27:02.298 [INF] Microsoft.AspNetCore.Routing.EndpointMiddleware | Executing endpoint '/hubs/salaryyears'
2026-04-08 12:34:37.352 [INF] Microsoft.AspNetCore.Routing.EndpointMiddleware | Executed endpoint '/hubs/salarysettings'
2026-04-08 12:34:37.352 [INF] Serilog.AspNetCore.RequestLoggingMiddleware | HTTP GET /hubs/salarysettings → 101 (506975.5ms)
2026-04-08 12:34:37.352 [INF] Microsoft.AspNetCore.Hosting.Diagnostics | Request finished HTTP/1.1 GET http://localhost:5217/hubs/salarysettings?id=oWq7JMp9ewhU8AkzG638DQ&access_token=eyJhbGciOiJIUzI1NiIsInR5cCI6IkpXVCJ9.eyJuYW1laWQiOiIxOCIsInVuaXF1ZV9uYW1lIjoidmFzYW50aGFrdW1hciIsImVtYWlsIjoidmFzYW50aDIwMDR2a0BnbWFpbC5jb20iLCJyb2xlIjoiU3VwZXJBZG1pbiIsIk9yZ2FuaXphdGlvbklkIjoiMiIsIk9yZ2FuaXphdGlvbkxvZ28iOiIvdXBsb2Fkcy9vcmctbG9nb3Mvb3JnLWxvZ28tNTg3M2M0NzVkOTFkNGJiZDkwNDZkZWVjNjY3ZDEzNmMuanBnIiwibmJmIjoxNzc1NjI5OTc0LCJleHAiOjE3NzU3MTYzNzQsImlhdCI6MTc3NTYyOTk3NCwiaXNzIjoiUHJvRGVzWC1CYWNrZW5kIiwiYXVkIjoiUHJvRGVzWC1Gcm9udGVuZCJ9.igbT3pLpIiahwfTYCSUnLfgWrpW2xHWNEZnnwNqmD4o - 101 null null 506975.8488ms
2026-04-08 12:34:37.365 [INF] Microsoft.AspNetCore.Hosting.Diagnostics | Request starting HTTP/1.1 OPTIONS http://localhost:5217/hubs/salarysettings/negotiate?negotiateVersion=1 - null null
2026-04-08 12:34:37.365 [INF] Microsoft.AspNetCore.Cors.Infrastructure.CorsService | CORS policy execution successful.
2026-04-08 12:34:37.365 [INF] Microsoft.AspNetCore.Hosting.Diagnostics | Request finished HTTP/1.1 OPTIONS http://localhost:5217/hubs/salarysettings/negotiate?negotiateVersion=1 - 204 null null 0.1328ms
2026-04-08 12:34:37.366 [INF] Microsoft.AspNetCore.Hosting.Diagnostics | Request starting HTTP/1.1 POST http://localhost:5217/hubs/salarysettings/negotiate?negotiateVersion=1 - text/plain;charset=UTF-8 0
2026-04-08 12:34:37.366 [INF] Microsoft.AspNetCore.Cors.Infrastructure.CorsService | CORS policy execution successful.
2026-04-08 12:34:37.366 [INF] Microsoft.AspNetCore.Routing.EndpointMiddleware | Executing endpoint '/hubs/salarysettings/negotiate'
2026-04-08 12:34:37.366 [INF] Microsoft.AspNetCore.Routing.EndpointMiddleware | Executed endpoint '/hubs/salarysettings/negotiate'
2026-04-08 12:34:37.366 [INF] Serilog.AspNetCore.RequestLoggingMiddleware | HTTP POST /hubs/salarysettings/negotiate → 200 (0.1ms)
2026-04-08 12:34:37.366 [INF] Microsoft.AspNetCore.Hosting.Diagnostics | Request finished HTTP/1.1 POST http://localhost:5217/hubs/salarysettings/negotiate?negotiateVersion=1 - 200 316 application/json 0.3714ms
2026-04-08 12:34:37.373 [INF] Microsoft.AspNetCore.Hosting.Diagnostics | Request starting HTTP/1.1 GET http://localhost:5217/hubs/salarysettings?id=GQpOKqMqmSVO_CotKjV5tA&access_token=eyJhbGciOiJIUzI1NiIsInR5cCI6IkpXVCJ9.eyJuYW1laWQiOiIxOCIsInVuaXF1ZV9uYW1lIjoidmFzYW50aGFrdW1hciIsImVtYWlsIjoidmFzYW50aDIwMDR2a0BnbWFpbC5jb20iLCJyb2xlIjoiU3VwZXJBZG1pbiIsIk9yZ2FuaXphdGlvbklkIjoiMiIsIk9yZ2FuaXphdGlvbkxvZ28iOiIvdXBsb2Fkcy9vcmctbG9nb3Mvb3JnLWxvZ28tNTg3M2M0NzVkOTFkNGJiZDkwNDZkZWVjNjY3ZDEzNmMuanBnIiwibmJmIjoxNzc1NjI5OTc0LCJleHAiOjE3NzU3MTYzNzQsImlhdCI6MTc3NTYyOTk3NCwiaXNzIjoiUHJvRGVzWC1CYWNrZW5kIiwiYXVkIjoiUHJvRGVzWC1Gcm9udGVuZCJ9.igbT3pLpIiahwfTYCSUnLfgWrpW2xHWNEZnnwNqmD4o - null null
2026-04-08 12:34:37.373 [INF] Microsoft.AspNetCore.Cors.Infrastructure.CorsService | CORS policy execution successful.
2026-04-08 12:34:37.373 [INF] Microsoft.AspNetCore.Routing.EndpointMiddleware | Executing endpoint '/hubs/salarysettings'
2026-04-08 12:36:56.355 [INF] Microsoft.AspNetCore.Routing.EndpointMiddleware | Executed endpoint '/hubs/salarysettings'
2026-04-08 12:36:56.355 [INF] Serilog.AspNetCore.RequestLoggingMiddleware | HTTP GET /hubs/salarysettings → 101 (138982.2ms)
2026-04-08 12:36:56.355 [INF] Microsoft.AspNetCore.Hosting.Diagnostics | Request finished HTTP/1.1 GET http://localhost:5217/hubs/salarysettings?id=GQpOKqMqmSVO_CotKjV5tA&access_token=eyJhbGciOiJIUzI1NiIsInR5cCI6IkpXVCJ9.eyJuYW1laWQiOiIxOCIsInVuaXF1ZV9uYW1lIjoidmFzYW50aGFrdW1hciIsImVtYWlsIjoidmFzYW50aDIwMDR2a0BnbWFpbC5jb20iLCJyb2xlIjoiU3VwZXJBZG1pbiIsIk9yZ2FuaXphdGlvbklkIjoiMiIsIk9yZ2FuaXphdGlvbkxvZ28iOiIvdXBsb2Fkcy9vcmctbG9nb3Mvb3JnLWxvZ28tNTg3M2M0NzVkOTFkNGJiZDkwNDZkZWVjNjY3ZDEzNmMuanBnIiwibmJmIjoxNzc1NjI5OTc0LCJleHAiOjE3NzU3MTYzNzQsImlhdCI6MTc3NTYyOTk3NCwiaXNzIjoiUHJvRGVzWC1CYWNrZW5kIiwiYXVkIjoiUHJvRGVzWC1Gcm9udGVuZCJ9.igbT3pLpIiahwfTYCSUnLfgWrpW2xHWNEZnnwNqmD4o - 101 null null 138982.4787ms
2026-04-08 12:36:56.368 [INF] Microsoft.AspNetCore.Hosting.Diagnostics | Request starting HTTP/1.1 OPTIONS http://localhost:5217/hubs/salarysettings/negotiate?negotiateVersion=1 - null null
2026-04-08 12:36:56.368 [INF] Microsoft.AspNetCore.Cors.Infrastructure.CorsService | CORS policy execution successful.
2026-04-08 12:36:56.368 [INF] Microsoft.AspNetCore.Hosting.Diagnostics | Request finished HTTP/1.1 OPTIONS http://localhost:5217/hubs/salarysettings/negotiate?negotiateVersion=1 - 204 null null 0.1584ms
2026-04-08 12:36:56.369 [INF] Microsoft.AspNetCore.Hosting.Diagnostics | Request starting HTTP/1.1 POST http://localhost:5217/hubs/salarysettings/negotiate?negotiateVersion=1 - text/plain;charset=UTF-8 0
2026-04-08 12:36:56.369 [INF] Microsoft.AspNetCore.Cors.Infrastructure.CorsService | CORS policy execution successful.
2026-04-08 12:36:56.369 [INF] Microsoft.AspNetCore.Routing.EndpointMiddleware | Executing endpoint '/hubs/salarysettings/negotiate'
2026-04-08 12:36:56.369 [INF] Microsoft.AspNetCore.Routing.EndpointMiddleware | Executed endpoint '/hubs/salarysettings/negotiate'
2026-04-08 12:36:56.369 [INF] Serilog.AspNetCore.RequestLoggingMiddleware | HTTP POST /hubs/salarysettings/negotiate → 200 (0.1ms)
2026-04-08 12:36:56.369 [INF] Microsoft.AspNetCore.Hosting.Diagnostics | Request finished HTTP/1.1 POST http://localhost:5217/hubs/salarysettings/negotiate?negotiateVersion=1 - 200 316 application/json 0.3122ms
2026-04-08 12:36:56.377 [INF] Microsoft.AspNetCore.Hosting.Diagnostics | Request starting HTTP/1.1 GET http://localhost:5217/hubs/salarysettings?id=YeTpzsLatN-MxN7ILsryaA&access_token=eyJhbGciOiJIUzI1NiIsInR5cCI6IkpXVCJ9.eyJuYW1laWQiOiIxOCIsInVuaXF1ZV9uYW1lIjoidmFzYW50aGFrdW1hciIsImVtYWlsIjoidmFzYW50aDIwMDR2a0BnbWFpbC5jb20iLCJyb2xlIjoiU3VwZXJBZG1pbiIsIk9yZ2FuaXphdGlvbklkIjoiMiIsIk9yZ2FuaXphdGlvbkxvZ28iOiIvdXBsb2Fkcy9vcmctbG9nb3Mvb3JnLWxvZ28tNTg3M2M0NzVkOTFkNGJiZDkwNDZkZWVjNjY3ZDEzNmMuanBnIiwibmJmIjoxNzc1NjI5OTc0LCJleHAiOjE3NzU3MTYzNzQsImlhdCI6MTc3NTYyOTk3NCwiaXNzIjoiUHJvRGVzWC1CYWNrZW5kIiwiYXVkIjoiUHJvRGVzWC1Gcm9udGVuZCJ9.igbT3pLpIiahwfTYCSUnLfgWrpW2xHWNEZnnwNqmD4o - null null
2026-04-08 12:36:56.377 [INF] Microsoft.AspNetCore.Cors.Infrastructure.CorsService | CORS policy execution successful.
2026-04-08 12:36:56.377 [INF] Microsoft.AspNetCore.Routing.EndpointMiddleware | Executing endpoint '/hubs/salarysettings'
2026-04-08 12:37:41.683 [INF] Microsoft.AspNetCore.Routing.EndpointMiddleware | Executed endpoint '/hubs/salarysettings'
2026-04-08 12:37:41.683 [INF] Serilog.AspNetCore.RequestLoggingMiddleware | HTTP GET /hubs/salarysettings → 101 (696226.9ms)
2026-04-08 12:37:41.683 [INF] Microsoft.AspNetCore.Hosting.Diagnostics | Request finished HTTP/1.1 GET http://localhost:5217/hubs/salarysettings?id=ZAX0wNmxGpWwFnUgbTj4Wg&access_token=eyJhbGciOiJIUzI1NiIsInR5cCI6IkpXVCJ9.eyJuYW1laWQiOiIxOCIsInVuaXF1ZV9uYW1lIjoidmFzYW50aGFrdW1hciIsImVtYWlsIjoidmFzYW50aDIwMDR2a0BnbWFpbC5jb20iLCJyb2xlIjoiU3VwZXJBZG1pbiIsIk9yZ2FuaXphdGlvbklkIjoiMiIsIk9yZ2FuaXphdGlvbkxvZ28iOiIvdXBsb2Fkcy9vcmctbG9nb3Mvb3JnLWxvZ28tNTg3M2M0NzVkOTFkNGJiZDkwNDZkZWVjNjY3ZDEzNmMuanBnIiwibmJmIjoxNzc1NjI5OTc0LCJleHAiOjE3NzU3MTYzNzQsImlhdCI6MTc3NTYyOTk3NCwiaXNzIjoiUHJvRGVzWC1CYWNrZW5kIiwiYXVkIjoiUHJvRGVzWC1Gcm9udGVuZCJ9.igbT3pLpIiahwfTYCSUnLfgWrpW2xHWNEZnnwNqmD4o - 101 null null 696227.2853ms
2026-04-08 12:37:41.690 [INF] Microsoft.AspNetCore.Hosting.Diagnostics | Request starting HTTP/1.1 OPTIONS http://localhost:5217/api/SalaryYear/GetSalaryYearsByOrgId?orgId=8 - null null
2026-04-08 12:37:41.690 [INF] Microsoft.AspNetCore.Cors.Infrastructure.CorsService | CORS policy execution successful.
2026-04-08 12:37:41.690 [INF] Microsoft.AspNetCore.Hosting.Diagnostics | Request finished HTTP/1.1 OPTIONS http://localhost:5217/api/SalaryYear/GetSalaryYearsByOrgId?orgId=8 - 204 null null 0.167ms
2026-04-08 12:37:41.692 [INF] Microsoft.AspNetCore.Hosting.Diagnostics | Request starting HTTP/1.1 GET http://localhost:5217/api/SalaryYear/GetSalaryYearsByOrgId?orgId=8 - application/json null
2026-04-08 12:37:41.692 [INF] Microsoft.AspNetCore.Cors.Infrastructure.CorsService | CORS policy execution successful.
2026-04-08 12:37:41.693 [INF] Microsoft.AspNetCore.Routing.EndpointMiddleware | Executing endpoint 'backend.Controllers.SalaryYearController.GetSalaryYearsByOrgId (backend)'
2026-04-08 12:37:41.693 [INF] Microsoft.AspNetCore.Mvc.Infrastructure.ControllerActionInvoker | Route matched with {action = "GetSalaryYearsByOrgId", controller = "SalaryYear"}. Executing controller action with signature System.Threading.Tasks.Task`1[Microsoft.AspNetCore.Mvc.IActionResult] GetSalaryYearsByOrgId(System.String) on controller backend.Controllers.SalaryYearController (backend).
2026-04-08 12:37:41.900 [INF] Microsoft.AspNetCore.Mvc.Infrastructure.ObjectResultExecutor | Executing OkObjectResult, writing value of type 'System.Collections.Generic.List`1[[backend.Models.SalaryYear, backend, Version=1.0.0.0, Culture=neutral, PublicKeyToken=null]]'.
2026-04-08 12:37:41.900 [INF] Microsoft.AspNetCore.Mvc.Infrastructure.ControllerActionInvoker | Executed action backend.Controllers.SalaryYearController.GetSalaryYearsByOrgId (backend) in 207.462ms
2026-04-08 12:37:41.900 [INF] Microsoft.AspNetCore.Routing.EndpointMiddleware | Executed endpoint 'backend.Controllers.SalaryYearController.GetSalaryYearsByOrgId (backend)'
2026-04-08 12:37:41.900 [INF] Serilog.AspNetCore.RequestLoggingMiddleware | HTTP GET /api/SalaryYear/GetSalaryYearsByOrgId → 200 (207.7ms)
2026-04-08 12:37:41.900 [INF] Microsoft.AspNetCore.Hosting.Diagnostics | Request finished HTTP/1.1 GET http://localhost:5217/api/SalaryYear/GetSalaryYearsByOrgId?orgId=8 - 200 null application/json; charset=utf-8 208.0321ms
2026-04-08 12:37:44.208 [INF] Microsoft.AspNetCore.Hosting.Diagnostics | Request starting HTTP/1.1 OPTIONS http://localhost:5217/api/SalaryYear/GetSalaryYearsByOrgId?orgId=1 - null null
2026-04-08 12:37:44.209 [INF] Microsoft.AspNetCore.Cors.Infrastructure.CorsService | CORS policy execution successful.
2026-04-08 12:37:44.209 [INF] Microsoft.AspNetCore.Hosting.Diagnostics | Request finished HTTP/1.1 OPTIONS http://localhost:5217/api/SalaryYear/GetSalaryYearsByOrgId?orgId=1 - 204 null null 0.1725ms
2026-04-08 12:37:44.211 [INF] Microsoft.AspNetCore.Hosting.Diagnostics | Request starting HTTP/1.1 GET http://localhost:5217/api/SalaryYear/GetSalaryYearsByOrgId?orgId=1 - application/json null
2026-04-08 12:37:44.211 [INF] Microsoft.AspNetCore.Cors.Infrastructure.CorsService | CORS policy execution successful.
2026-04-08 12:37:44.212 [INF] Microsoft.AspNetCore.Routing.EndpointMiddleware | Executing endpoint 'backend.Controllers.SalaryYearController.GetSalaryYearsByOrgId (backend)'
2026-04-08 12:37:44.212 [INF] Microsoft.AspNetCore.Mvc.Infrastructure.ControllerActionInvoker | Route matched with {action = "GetSalaryYearsByOrgId", controller = "SalaryYear"}. Executing controller action with signature System.Threading.Tasks.Task`1[Microsoft.AspNetCore.Mvc.IActionResult] GetSalaryYearsByOrgId(System.String) on controller backend.Controllers.SalaryYearController (backend).
2026-04-08 12:37:44.232 [INF] Microsoft.AspNetCore.Mvc.Infrastructure.ObjectResultExecutor | Executing OkObjectResult, writing value of type 'System.Collections.Generic.List`1[[backend.Models.SalaryYear, backend, Version=1.0.0.0, Culture=neutral, PublicKeyToken=null]]'.
2026-04-08 12:37:44.232 [INF] Microsoft.AspNetCore.Mvc.Infrastructure.ControllerActionInvoker | Executed action backend.Controllers.SalaryYearController.GetSalaryYearsByOrgId (backend) in 20.204ms
2026-04-08 12:37:44.232 [INF] Microsoft.AspNetCore.Routing.EndpointMiddleware | Executed endpoint 'backend.Controllers.SalaryYearController.GetSalaryYearsByOrgId (backend)'
2026-04-08 12:37:44.232 [INF] Serilog.AspNetCore.RequestLoggingMiddleware | HTTP GET /api/SalaryYear/GetSalaryYearsByOrgId → 200 (20.4ms)
2026-04-08 12:37:44.232 [INF] Microsoft.AspNetCore.Hosting.Diagnostics | Request finished HTTP/1.1 GET http://localhost:5217/api/SalaryYear/GetSalaryYearsByOrgId?orgId=1 - 200 null application/json; charset=utf-8 20.9312ms
2026-04-08 12:37:44.428 [INF] Microsoft.AspNetCore.Hosting.Diagnostics | Request starting HTTP/1.1 OPTIONS http://localhost:5217/api/employees?organizationId=1 - null null
2026-04-08 12:37:44.428 [INF] Microsoft.AspNetCore.Cors.Infrastructure.CorsService | CORS policy execution successful.
2026-04-08 12:37:44.428 [INF] Microsoft.AspNetCore.Hosting.Diagnostics | Request finished HTTP/1.1 OPTIONS http://localhost:5217/api/employees?organizationId=1 - 204 null null 0.3181ms
2026-04-08 12:37:44.467 [INF] Microsoft.AspNetCore.Hosting.Diagnostics | Request starting HTTP/1.1 GET http://localhost:5217/api/employees?organizationId=1 - application/json null
2026-04-08 12:37:44.467 [INF] Microsoft.AspNetCore.Cors.Infrastructure.CorsService | CORS policy execution successful.
2026-04-08 12:37:44.468 [INF] Microsoft.AspNetCore.Routing.EndpointMiddleware | Executing endpoint 'backend.Controllers.EmployeesController.GetEmployees (backend)'
2026-04-08 12:37:44.468 [INF] Microsoft.AspNetCore.Mvc.Infrastructure.ControllerActionInvoker | Route matched with {action = "GetEmployees", controller = "Employees"}. Executing controller action with signature System.Threading.Tasks.Task`1[Microsoft.AspNetCore.Mvc.IActionResult] GetEmployees(System.Nullable`1[System.Int32]) on controller backend.Controllers.EmployeesController (backend).
2026-04-08 12:37:44.468 [INF] backend.Controllers.EmployeesController | [Employees] GET all | TargetOrgId=1 | UserOrgId=2
2026-04-08 12:37:44.561 [INF] Microsoft.AspNetCore.Mvc.Infrastructure.ObjectResultExecutor | Executing OkObjectResult, writing value of type 'System.Collections.Generic.List`1[[backend.Models.Employee, backend, Version=1.0.0.0, Culture=neutral, PublicKeyToken=null]]'.
2026-04-08 12:37:44.562 [INF] Microsoft.AspNetCore.Mvc.Infrastructure.ControllerActionInvoker | Executed action backend.Controllers.EmployeesController.GetEmployees (backend) in 93.9539ms
2026-04-08 12:37:44.562 [INF] Microsoft.AspNetCore.Routing.EndpointMiddleware | Executed endpoint 'backend.Controllers.EmployeesController.GetEmployees (backend)'
2026-04-08 12:37:44.562 [INF] Serilog.AspNetCore.RequestLoggingMiddleware | HTTP GET /api/employees → 200 (94.1ms)
2026-04-08 12:37:44.562 [INF] Microsoft.AspNetCore.Hosting.Diagnostics | Request finished HTTP/1.1 GET http://localhost:5217/api/employees?organizationId=1 - 200 null application/json; charset=utf-8 94.4851ms
2026-04-08 12:37:44.571 [INF] Microsoft.AspNetCore.Hosting.Diagnostics | Request starting HTTP/1.1 OPTIONS http://localhost:5217/api/SalarySettings/GetSalarySettings?orgId=1&salaryYearId=2 - null null
2026-04-08 12:37:44.571 [INF] Microsoft.AspNetCore.Cors.Infrastructure.CorsService | CORS policy execution successful.
2026-04-08 12:37:44.571 [INF] Microsoft.AspNetCore.Hosting.Diagnostics | Request finished HTTP/1.1 OPTIONS http://localhost:5217/api/SalarySettings/GetSalarySettings?orgId=1&salaryYearId=2 - 204 null null 0.1776ms
2026-04-08 12:37:44.573 [INF] Microsoft.AspNetCore.Hosting.Diagnostics | Request starting HTTP/1.1 GET http://localhost:5217/api/SalarySettings/GetSalarySettings?orgId=1&salaryYearId=2 - application/json null
2026-04-08 12:37:44.573 [INF] Microsoft.AspNetCore.Cors.Infrastructure.CorsService | CORS policy execution successful.
2026-04-08 12:37:44.574 [INF] Microsoft.AspNetCore.Routing.EndpointMiddleware | Executing endpoint 'backend.Controllers.SalarySettingsController.GetSalarySettings (backend)'
2026-04-08 12:37:44.574 [INF] Microsoft.AspNetCore.Mvc.Infrastructure.ControllerActionInvoker | Route matched with {action = "GetSalarySettings", controller = "SalarySettings"}. Executing controller action with signature System.Threading.Tasks.Task`1[Microsoft.AspNetCore.Mvc.IActionResult] GetSalarySettings(System.String, System.String) on controller backend.Controllers.SalarySettingsController (backend).
2026-04-08 12:37:44.647 [INF] Microsoft.AspNetCore.Mvc.Infrastructure.ObjectResultExecutor | Executing OkObjectResult, writing value of type 'System.Collections.Generic.List`1[[backend.Models.SalarySettings, backend, Version=1.0.0.0, Culture=neutral, PublicKeyToken=null]]'.
2026-04-08 12:37:44.647 [INF] Microsoft.AspNetCore.Mvc.Infrastructure.ControllerActionInvoker | Executed action backend.Controllers.SalarySettingsController.GetSalarySettings (backend) in 73.7103ms
2026-04-08 12:37:44.648 [INF] Microsoft.AspNetCore.Routing.EndpointMiddleware | Executed endpoint 'backend.Controllers.SalarySettingsController.GetSalarySettings (backend)'
2026-04-08 12:37:44.648 [INF] Serilog.AspNetCore.RequestLoggingMiddleware | HTTP GET /api/SalarySettings/GetSalarySettings → 200 (73.9ms)
2026-04-08 12:37:44.648 [INF] Microsoft.AspNetCore.Hosting.Diagnostics | Request finished HTTP/1.1 GET http://localhost:5217/api/SalarySettings/GetSalarySettings?orgId=1&salaryYearId=2 - 200 null application/json; charset=utf-8 74.3895ms
2026-04-08 12:37:45.049 [INF] Microsoft.AspNetCore.Hosting.Diagnostics | Request starting HTTP/1.1 OPTIONS http://localhost:5217/hubs/salarysettings/negotiate?negotiateVersion=1 - null null
2026-04-08 12:37:45.049 [INF] Microsoft.AspNetCore.Cors.Infrastructure.CorsService | CORS policy execution successful.
2026-04-08 12:37:45.049 [INF] Microsoft.AspNetCore.Hosting.Diagnostics | Request finished HTTP/1.1 OPTIONS http://localhost:5217/hubs/salarysettings/negotiate?negotiateVersion=1 - 204 null null 0.1653ms
2026-04-08 12:37:45.050 [INF] Microsoft.AspNetCore.Hosting.Diagnostics | Request starting HTTP/1.1 POST http://localhost:5217/hubs/salarysettings/negotiate?negotiateVersion=1 - text/plain;charset=UTF-8 0
2026-04-08 12:37:45.050 [INF] Microsoft.AspNetCore.Cors.Infrastructure.CorsService | CORS policy execution successful.
2026-04-08 12:37:45.051 [INF] Microsoft.AspNetCore.Routing.EndpointMiddleware | Executing endpoint '/hubs/salarysettings/negotiate'
2026-04-08 12:37:45.052 [INF] Microsoft.AspNetCore.Routing.EndpointMiddleware | Executed endpoint '/hubs/salarysettings/negotiate'
2026-04-08 12:37:45.052 [INF] Serilog.AspNetCore.RequestLoggingMiddleware | HTTP POST /hubs/salarysettings/negotiate → 200 (1.1ms)
2026-04-08 12:37:45.052 [INF] Microsoft.AspNetCore.Hosting.Diagnostics | Request finished HTTP/1.1 POST http://localhost:5217/hubs/salarysettings/negotiate?negotiateVersion=1 - 200 316 application/json 1.4906ms
2026-04-08 12:37:45.093 [INF] Microsoft.AspNetCore.Hosting.Diagnostics | Request starting HTTP/1.1 GET http://localhost:5217/hubs/salarysettings?id=dJo-Ws0eY1qWs0kdz94MYw&access_token=eyJhbGciOiJIUzI1NiIsInR5cCI6IkpXVCJ9.eyJuYW1laWQiOiIxOCIsInVuaXF1ZV9uYW1lIjoidmFzYW50aGFrdW1hciIsImVtYWlsIjoidmFzYW50aDIwMDR2a0BnbWFpbC5jb20iLCJyb2xlIjoiU3VwZXJBZG1pbiIsIk9yZ2FuaXphdGlvbklkIjoiMiIsIk9yZ2FuaXphdGlvbkxvZ28iOiIvdXBsb2Fkcy9vcmctbG9nb3Mvb3JnLWxvZ28tNTg3M2M0NzVkOTFkNGJiZDkwNDZkZWVjNjY3ZDEzNmMuanBnIiwibmJmIjoxNzc1NjI5OTc0LCJleHAiOjE3NzU3MTYzNzQsImlhdCI6MTc3NTYyOTk3NCwiaXNzIjoiUHJvRGVzWC1CYWNrZW5kIiwiYXVkIjoiUHJvRGVzWC1Gcm9udGVuZCJ9.igbT3pLpIiahwfTYCSUnLfgWrpW2xHWNEZnnwNqmD4o - null null
2026-04-08 12:37:45.093 [INF] Microsoft.AspNetCore.Cors.Infrastructure.CorsService | CORS policy execution successful.
2026-04-08 12:37:45.093 [INF] Microsoft.AspNetCore.Routing.EndpointMiddleware | Executing endpoint '/hubs/salarysettings'
2026-04-08 12:37:50.419 [INF] Microsoft.AspNetCore.Routing.EndpointMiddleware | Executed endpoint '/hubs/salarysettings'
2026-04-08 12:37:50.419 [INF] Serilog.AspNetCore.RequestLoggingMiddleware | HTTP GET /hubs/salarysettings → 101 (5325.5ms)
2026-04-08 12:37:50.419 [INF] Microsoft.AspNetCore.Hosting.Diagnostics | Request finished HTTP/1.1 GET http://localhost:5217/hubs/salarysettings?id=dJo-Ws0eY1qWs0kdz94MYw&access_token=eyJhbGciOiJIUzI1NiIsInR5cCI6IkpXVCJ9.eyJuYW1laWQiOiIxOCIsInVuaXF1ZV9uYW1lIjoidmFzYW50aGFrdW1hciIsImVtYWlsIjoidmFzYW50aDIwMDR2a0BnbWFpbC5jb20iLCJyb2xlIjoiU3VwZXJBZG1pbiIsIk9yZ2FuaXphdGlvbklkIjoiMiIsIk9yZ2FuaXphdGlvbkxvZ28iOiIvdXBsb2Fkcy9vcmctbG9nb3Mvb3JnLWxvZ28tNTg3M2M0NzVkOTFkNGJiZDkwNDZkZWVjNjY3ZDEzNmMuanBnIiwibmJmIjoxNzc1NjI5OTc0LCJleHAiOjE3NzU3MTYzNzQsImlhdCI6MTc3NTYyOTk3NCwiaXNzIjoiUHJvRGVzWC1CYWNrZW5kIiwiYXVkIjoiUHJvRGVzWC1Gcm9udGVuZCJ9.igbT3pLpIiahwfTYCSUnLfgWrpW2xHWNEZnnwNqmD4o - 101 null null 5325.897ms
2026-04-08 12:37:50.423 [INF] Microsoft.AspNetCore.Hosting.Diagnostics | Request starting HTTP/1.1 OPTIONS http://localhost:5217/api/SalaryYear/GetSalaryYearsByOrgId?orgId=2 - null null
2026-04-08 12:37:50.423 [INF] Microsoft.AspNetCore.Cors.Infrastructure.CorsService | CORS policy execution successful.
2026-04-08 12:37:50.423 [INF] Microsoft.AspNetCore.Hosting.Diagnostics | Request finished HTTP/1.1 OPTIONS http://localhost:5217/api/SalaryYear/GetSalaryYearsByOrgId?orgId=2 - 204 null null 0.1877ms
2026-04-08 12:37:50.465 [INF] Microsoft.AspNetCore.Hosting.Diagnostics | Request starting HTTP/1.1 GET http://localhost:5217/api/SalaryYear/GetSalaryYearsByOrgId?orgId=2 - application/json null
2026-04-08 12:37:50.466 [INF] Microsoft.AspNetCore.Cors.Infrastructure.CorsService | CORS policy execution successful.
2026-04-08 12:37:50.466 [INF] Microsoft.AspNetCore.Routing.EndpointMiddleware | Executing endpoint 'backend.Controllers.SalaryYearController.GetSalaryYearsByOrgId (backend)'
2026-04-08 12:37:50.466 [INF] Microsoft.AspNetCore.Mvc.Infrastructure.ControllerActionInvoker | Route matched with {action = "GetSalaryYearsByOrgId", controller = "SalaryYear"}. Executing controller action with signature System.Threading.Tasks.Task`1[Microsoft.AspNetCore.Mvc.IActionResult] GetSalaryYearsByOrgId(System.String) on controller backend.Controllers.SalaryYearController (backend).
2026-04-08 12:37:50.521 [INF] Microsoft.AspNetCore.Mvc.Infrastructure.ObjectResultExecutor | Executing OkObjectResult, writing value of type 'System.Collections.Generic.List`1[[backend.Models.SalaryYear, backend, Version=1.0.0.0, Culture=neutral, PublicKeyToken=null]]'.
2026-04-08 12:37:50.522 [INF] Microsoft.AspNetCore.Mvc.Infrastructure.ControllerActionInvoker | Executed action backend.Controllers.SalaryYearController.GetSalaryYearsByOrgId (backend) in 55.6861ms
2026-04-08 12:37:50.522 [INF] Microsoft.AspNetCore.Routing.EndpointMiddleware | Executed endpoint 'backend.Controllers.SalaryYearController.GetSalaryYearsByOrgId (backend)'
2026-04-08 12:37:50.522 [INF] Serilog.AspNetCore.RequestLoggingMiddleware | HTTP GET /api/SalaryYear/GetSalaryYearsByOrgId → 200 (55.9ms)
2026-04-08 12:37:50.522 [INF] Microsoft.AspNetCore.Hosting.Diagnostics | Request finished HTTP/1.1 GET http://localhost:5217/api/SalaryYear/GetSalaryYearsByOrgId?orgId=2 - 200 null application/json; charset=utf-8 56.3397ms
2026-04-08 12:37:50.573 [INF] Microsoft.AspNetCore.Hosting.Diagnostics | Request starting HTTP/1.1 OPTIONS http://localhost:5217/api/employees?organizationId=2 - null null
2026-04-08 12:37:50.574 [INF] Microsoft.AspNetCore.Cors.Infrastructure.CorsService | CORS policy execution successful.
2026-04-08 12:37:50.574 [INF] Microsoft.AspNetCore.Hosting.Diagnostics | Request finished HTTP/1.1 OPTIONS http://localhost:5217/api/employees?organizationId=2 - 204 null null 0.1709ms
2026-04-08 12:37:50.576 [INF] Microsoft.AspNetCore.Hosting.Diagnostics | Request starting HTTP/1.1 GET http://localhost:5217/api/employees?organizationId=2 - application/json null
2026-04-08 12:37:50.576 [INF] Microsoft.AspNetCore.Cors.Infrastructure.CorsService | CORS policy execution successful.
2026-04-08 12:37:50.576 [INF] Microsoft.AspNetCore.Routing.EndpointMiddleware | Executing endpoint 'backend.Controllers.EmployeesController.GetEmployees (backend)'
2026-04-08 12:37:50.576 [INF] Microsoft.AspNetCore.Mvc.Infrastructure.ControllerActionInvoker | Route matched with {action = "GetEmployees", controller = "Employees"}. Executing controller action with signature System.Threading.Tasks.Task`1[Microsoft.AspNetCore.Mvc.IActionResult] GetEmployees(System.Nullable`1[System.Int32]) on controller backend.Controllers.EmployeesController (backend).
2026-04-08 12:37:50.576 [INF] backend.Controllers.EmployeesController | [Employees] GET all | TargetOrgId=2 | UserOrgId=2
2026-04-08 12:37:50.669 [INF] Microsoft.AspNetCore.Mvc.Infrastructure.ObjectResultExecutor | Executing OkObjectResult, writing value of type 'System.Collections.Generic.List`1[[backend.Models.Employee, backend, Version=1.0.0.0, Culture=neutral, PublicKeyToken=null]]'.
2026-04-08 12:37:50.670 [INF] Microsoft.AspNetCore.Mvc.Infrastructure.ControllerActionInvoker | Executed action backend.Controllers.EmployeesController.GetEmployees (backend) in 93.528ms
2026-04-08 12:37:50.670 [INF] Microsoft.AspNetCore.Routing.EndpointMiddleware | Executed endpoint 'backend.Controllers.EmployeesController.GetEmployees (backend)'
2026-04-08 12:37:50.670 [INF] Serilog.AspNetCore.RequestLoggingMiddleware | HTTP GET /api/employees → 200 (93.7ms)
2026-04-08 12:37:50.670 [INF] Microsoft.AspNetCore.Hosting.Diagnostics | Request finished HTTP/1.1 GET http://localhost:5217/api/employees?organizationId=2 - 200 null application/json; charset=utf-8 94.0068ms
2026-04-08 12:37:50.693 [INF] Microsoft.AspNetCore.Hosting.Diagnostics | Request starting HTTP/1.1 OPTIONS http://localhost:5217/api/SalarySettings/GetSalarySettings?orgId=2&salaryYearId=3 - null null
2026-04-08 12:37:50.694 [INF] Microsoft.AspNetCore.Cors.Infrastructure.CorsService | CORS policy execution successful.
2026-04-08 12:37:50.694 [INF] Microsoft.AspNetCore.Hosting.Diagnostics | Request finished HTTP/1.1 OPTIONS http://localhost:5217/api/SalarySettings/GetSalarySettings?orgId=2&salaryYearId=3 - 204 null null 0.1972ms
2026-04-08 12:37:50.696 [INF] Microsoft.AspNetCore.Hosting.Diagnostics | Request starting HTTP/1.1 GET http://localhost:5217/api/SalarySettings/GetSalarySettings?orgId=2&salaryYearId=3 - application/json null
2026-04-08 12:37:50.696 [INF] Microsoft.AspNetCore.Cors.Infrastructure.CorsService | CORS policy execution successful.
2026-04-08 12:37:50.696 [INF] Microsoft.AspNetCore.Routing.EndpointMiddleware | Executing endpoint 'backend.Controllers.SalarySettingsController.GetSalarySettings (backend)'
2026-04-08 12:37:50.696 [INF] Microsoft.AspNetCore.Mvc.Infrastructure.ControllerActionInvoker | Route matched with {action = "GetSalarySettings", controller = "SalarySettings"}. Executing controller action with signature System.Threading.Tasks.Task`1[Microsoft.AspNetCore.Mvc.IActionResult] GetSalarySettings(System.String, System.String) on controller backend.Controllers.SalarySettingsController (backend).
2026-04-08 12:37:50.812 [INF] Microsoft.AspNetCore.Mvc.Infrastructure.ObjectResultExecutor | Executing OkObjectResult, writing value of type 'System.Collections.Generic.List`1[[backend.Models.SalarySettings, backend, Version=1.0.0.0, Culture=neutral, PublicKeyToken=null]]'.
2026-04-08 12:37:50.813 [INF] Microsoft.AspNetCore.Mvc.Infrastructure.ControllerActionInvoker | Executed action backend.Controllers.SalarySettingsController.GetSalarySettings (backend) in 116.0983ms
2026-04-08 12:37:50.813 [INF] Microsoft.AspNetCore.Routing.EndpointMiddleware | Executed endpoint 'backend.Controllers.SalarySettingsController.GetSalarySettings (backend)'
2026-04-08 12:37:50.813 [INF] Serilog.AspNetCore.RequestLoggingMiddleware | HTTP GET /api/SalarySettings/GetSalarySettings → 200 (116.2ms)
2026-04-08 12:37:50.813 [INF] Microsoft.AspNetCore.Hosting.Diagnostics | Request finished HTTP/1.1 GET http://localhost:5217/api/SalarySettings/GetSalarySettings?orgId=2&salaryYearId=3 - 200 null application/json; charset=utf-8 116.5475ms
2026-04-08 12:37:51.206 [INF] Microsoft.AspNetCore.Hosting.Diagnostics | Request starting HTTP/1.1 OPTIONS http://localhost:5217/hubs/salarysettings/negotiate?negotiateVersion=1 - null null
2026-04-08 12:37:51.206 [INF] Microsoft.AspNetCore.Cors.Infrastructure.CorsService | CORS policy execution successful.
2026-04-08 12:37:51.207 [INF] Microsoft.AspNetCore.Hosting.Diagnostics | Request finished HTTP/1.1 OPTIONS http://localhost:5217/hubs/salarysettings/negotiate?negotiateVersion=1 - 204 null null 0.1676ms
2026-04-08 12:37:51.208 [INF] Microsoft.AspNetCore.Hosting.Diagnostics | Request starting HTTP/1.1 POST http://localhost:5217/hubs/salarysettings/negotiate?negotiateVersion=1 - text/plain;charset=UTF-8 0
2026-04-08 12:37:51.208 [INF] Microsoft.AspNetCore.Cors.Infrastructure.CorsService | CORS policy execution successful.
2026-04-08 12:37:51.208 [INF] Microsoft.AspNetCore.Routing.EndpointMiddleware | Executing endpoint '/hubs/salarysettings/negotiate'
2026-04-08 12:37:51.208 [INF] Microsoft.AspNetCore.Routing.EndpointMiddleware | Executed endpoint '/hubs/salarysettings/negotiate'
2026-04-08 12:37:51.208 [INF] Serilog.AspNetCore.RequestLoggingMiddleware | HTTP POST /hubs/salarysettings/negotiate → 200 (0.3ms)
2026-04-08 12:37:51.208 [INF] Microsoft.AspNetCore.Hosting.Diagnostics | Request finished HTTP/1.1 POST http://localhost:5217/hubs/salarysettings/negotiate?negotiateVersion=1 - 200 316 application/json 0.5343ms
2026-04-08 12:37:51.244 [INF] Microsoft.AspNetCore.Hosting.Diagnostics | Request starting HTTP/1.1 GET http://localhost:5217/hubs/salarysettings?id=rD3kNqv5KxZcrpi-r2t6OA&access_token=eyJhbGciOiJIUzI1NiIsInR5cCI6IkpXVCJ9.eyJuYW1laWQiOiIxOCIsInVuaXF1ZV9uYW1lIjoidmFzYW50aGFrdW1hciIsImVtYWlsIjoidmFzYW50aDIwMDR2a0BnbWFpbC5jb20iLCJyb2xlIjoiU3VwZXJBZG1pbiIsIk9yZ2FuaXphdGlvbklkIjoiMiIsIk9yZ2FuaXphdGlvbkxvZ28iOiIvdXBsb2Fkcy9vcmctbG9nb3Mvb3JnLWxvZ28tNTg3M2M0NzVkOTFkNGJiZDkwNDZkZWVjNjY3ZDEzNmMuanBnIiwibmJmIjoxNzc1NjI5OTc0LCJleHAiOjE3NzU3MTYzNzQsImlhdCI6MTc3NTYyOTk3NCwiaXNzIjoiUHJvRGVzWC1CYWNrZW5kIiwiYXVkIjoiUHJvRGVzWC1Gcm9udGVuZCJ9.igbT3pLpIiahwfTYCSUnLfgWrpW2xHWNEZnnwNqmD4o - null null
2026-04-08 12:37:51.244 [INF] Microsoft.AspNetCore.Cors.Infrastructure.CorsService | CORS policy execution successful.
2026-04-08 12:37:51.245 [INF] Microsoft.AspNetCore.Routing.EndpointMiddleware | Executing endpoint '/hubs/salarysettings'
2026-04-08 12:38:02.331 [INF] Microsoft.AspNetCore.Routing.EndpointMiddleware | Executed endpoint '/hubs/salarysettings'
2026-04-08 12:38:02.331 [INF] Serilog.AspNetCore.RequestLoggingMiddleware | HTTP GET /hubs/salarysettings → 101 (11086.2ms)
2026-04-08 12:38:02.331 [INF] Microsoft.AspNetCore.Hosting.Diagnostics | Request finished HTTP/1.1 GET http://localhost:5217/hubs/salarysettings?id=rD3kNqv5KxZcrpi-r2t6OA&access_token=eyJhbGciOiJIUzI1NiIsInR5cCI6IkpXVCJ9.eyJuYW1laWQiOiIxOCIsInVuaXF1ZV9uYW1lIjoidmFzYW50aGFrdW1hciIsImVtYWlsIjoidmFzYW50aDIwMDR2a0BnbWFpbC5jb20iLCJyb2xlIjoiU3VwZXJBZG1pbiIsIk9yZ2FuaXphdGlvbklkIjoiMiIsIk9yZ2FuaXphdGlvbkxvZ28iOiIvdXBsb2Fkcy9vcmctbG9nb3Mvb3JnLWxvZ28tNTg3M2M0NzVkOTFkNGJiZDkwNDZkZWVjNjY3ZDEzNmMuanBnIiwibmJmIjoxNzc1NjI5OTc0LCJleHAiOjE3NzU3MTYzNzQsImlhdCI6MTc3NTYyOTk3NCwiaXNzIjoiUHJvRGVzWC1CYWNrZW5kIiwiYXVkIjoiUHJvRGVzWC1Gcm9udGVuZCJ9.igbT3pLpIiahwfTYCSUnLfgWrpW2xHWNEZnnwNqmD4o - 101 null null 11086.6801ms
2026-04-08 12:38:02.340 [INF] Microsoft.AspNetCore.Hosting.Diagnostics | Request starting HTTP/1.1 OPTIONS http://localhost:5217/api/SalaryYear/GetSalaryYearsByOrgId?orgId=8 - null null
2026-04-08 12:38:02.340 [INF] Microsoft.AspNetCore.Cors.Infrastructure.CorsService | CORS policy execution successful.
2026-04-08 12:38:02.340 [INF] Microsoft.AspNetCore.Hosting.Diagnostics | Request finished HTTP/1.1 OPTIONS http://localhost:5217/api/SalaryYear/GetSalaryYearsByOrgId?orgId=8 - 204 null null 0.2686ms
2026-04-08 12:38:02.342 [INF] Microsoft.AspNetCore.Hosting.Diagnostics | Request starting HTTP/1.1 GET http://localhost:5217/api/SalaryYear/GetSalaryYearsByOrgId?orgId=8 - application/json null
2026-04-08 12:38:02.342 [INF] Microsoft.AspNetCore.Cors.Infrastructure.CorsService | CORS policy execution successful.
2026-04-08 12:38:02.342 [INF] Microsoft.AspNetCore.Routing.EndpointMiddleware | Executing endpoint 'backend.Controllers.SalaryYearController.GetSalaryYearsByOrgId (backend)'
2026-04-08 12:38:02.342 [INF] Microsoft.AspNetCore.Mvc.Infrastructure.ControllerActionInvoker | Route matched with {action = "GetSalaryYearsByOrgId", controller = "SalaryYear"}. Executing controller action with signature System.Threading.Tasks.Task`1[Microsoft.AspNetCore.Mvc.IActionResult] GetSalaryYearsByOrgId(System.String) on controller backend.Controllers.SalaryYearController (backend).
2026-04-08 12:38:02.354 [INF] Microsoft.AspNetCore.Mvc.Infrastructure.ObjectResultExecutor | Executing OkObjectResult, writing value of type 'System.Collections.Generic.List`1[[backend.Models.SalaryYear, backend, Version=1.0.0.0, Culture=neutral, PublicKeyToken=null]]'.
2026-04-08 12:38:02.355 [INF] Microsoft.AspNetCore.Mvc.Infrastructure.ControllerActionInvoker | Executed action backend.Controllers.SalaryYearController.GetSalaryYearsByOrgId (backend) in 12.5209ms
2026-04-08 12:38:02.355 [INF] Microsoft.AspNetCore.Routing.EndpointMiddleware | Executed endpoint 'backend.Controllers.SalaryYearController.GetSalaryYearsByOrgId (backend)'
2026-04-08 12:38:02.355 [INF] Serilog.AspNetCore.RequestLoggingMiddleware | HTTP GET /api/SalaryYear/GetSalaryYearsByOrgId → 200 (12.7ms)
2026-04-08 12:38:02.355 [INF] Microsoft.AspNetCore.Hosting.Diagnostics | Request finished HTTP/1.1 GET http://localhost:5217/api/SalaryYear/GetSalaryYearsByOrgId?orgId=8 - 200 null application/json; charset=utf-8 13.1939ms
2026-04-08 12:38:06.621 [INF] Microsoft.AspNetCore.Hosting.Diagnostics | Request starting HTTP/1.1 OPTIONS http://localhost:5217/api/users/organizations - null null
2026-04-08 12:38:06.621 [INF] Microsoft.AspNetCore.Cors.Infrastructure.CorsService | CORS policy execution successful.
2026-04-08 12:38:06.621 [INF] Microsoft.AspNetCore.Hosting.Diagnostics | Request finished HTTP/1.1 OPTIONS http://localhost:5217/api/users/organizations - 204 null null 0.3154ms
2026-04-08 12:38:06.659 [INF] Microsoft.AspNetCore.Hosting.Diagnostics | Request starting HTTP/1.1 GET http://localhost:5217/api/users/organizations - null null
2026-04-08 12:38:06.659 [INF] Microsoft.AspNetCore.Cors.Infrastructure.CorsService | CORS policy execution successful.
2026-04-08 12:38:06.659 [INF] Microsoft.AspNetCore.Routing.EndpointMiddleware | Executing endpoint 'backend.Controllers.UsersController.GetOrganizations (backend)'
2026-04-08 12:38:06.660 [INF] Microsoft.AspNetCore.Mvc.Infrastructure.ControllerActionInvoker | Route matched with {action = "GetOrganizations", controller = "Users"}. Executing controller action with signature System.Threading.Tasks.Task`1[Microsoft.AspNetCore.Mvc.IActionResult] GetOrganizations() on controller backend.Controllers.UsersController (backend).
2026-04-08 12:38:06.660 [INF] backend.Controllers.UsersController | [Users] GET organizations | Role=SuperAdmin | UserId=18
2026-04-08 12:38:06.678 [INF] Microsoft.AspNetCore.Mvc.Infrastructure.ObjectResultExecutor | Executing OkObjectResult, writing value of type 'System.Collections.Generic.List`1[[backend.Models.Organization, backend, Version=1.0.0.0, Culture=neutral, PublicKeyToken=null]]'.
2026-04-08 12:38:06.681 [INF] Microsoft.AspNetCore.Mvc.Infrastructure.ControllerActionInvoker | Executed action backend.Controllers.UsersController.GetOrganizations (backend) in 20.8937ms
2026-04-08 12:38:06.681 [INF] Microsoft.AspNetCore.Routing.EndpointMiddleware | Executed endpoint 'backend.Controllers.UsersController.GetOrganizations (backend)'
2026-04-08 12:38:06.681 [INF] Serilog.AspNetCore.RequestLoggingMiddleware | HTTP GET /api/users/organizations → 200 (21.3ms)
2026-04-08 12:38:06.681 [INF] Microsoft.AspNetCore.Hosting.Diagnostics | Request finished HTTP/1.1 GET http://localhost:5217/api/users/organizations - 200 null application/json; charset=utf-8 21.7987ms
2026-04-08 12:38:06.709 [INF] Microsoft.AspNetCore.Hosting.Diagnostics | Request starting HTTP/1.1 OPTIONS http://localhost:5217/api/designations?organizationId=2 - null null
2026-04-08 12:38:06.709 [INF] Microsoft.AspNetCore.Cors.Infrastructure.CorsService | CORS policy execution successful.
2026-04-08 12:38:06.710 [INF] Microsoft.AspNetCore.Hosting.Diagnostics | Request finished HTTP/1.1 OPTIONS http://localhost:5217/api/designations?organizationId=2 - 204 null null 0.1352ms
2026-04-08 12:38:06.711 [INF] Microsoft.AspNetCore.Hosting.Diagnostics | Request starting HTTP/1.1 OPTIONS http://localhost:5217/api/departments?organizationId=2 - null null
2026-04-08 12:38:06.711 [INF] Microsoft.AspNetCore.Cors.Infrastructure.CorsService | CORS policy execution successful.
2026-04-08 12:38:06.711 [INF] Microsoft.AspNetCore.Hosting.Diagnostics | Request finished HTTP/1.1 OPTIONS http://localhost:5217/api/departments?organizationId=2 - 204 null null 0.1889ms
2026-04-08 12:38:06.713 [INF] Microsoft.AspNetCore.Hosting.Diagnostics | Request starting HTTP/1.1 GET http://localhost:5217/api/designations?organizationId=2 - application/json null
2026-04-08 12:38:06.714 [INF] Microsoft.AspNetCore.Hosting.Diagnostics | Request starting HTTP/1.1 GET http://localhost:5217/api/departments?organizationId=2 - null null
2026-04-08 12:38:06.714 [INF] Microsoft.AspNetCore.Cors.Infrastructure.CorsService | CORS policy execution successful.
2026-04-08 12:38:06.715 [INF] Microsoft.AspNetCore.Cors.Infrastructure.CorsService | CORS policy execution successful.
2026-04-08 12:38:06.715 [INF] Microsoft.AspNetCore.Routing.EndpointMiddleware | Executing endpoint 'backend.Controllers.DepartmentController.GetDepartments (backend)'
2026-04-08 12:38:06.715 [INF] Microsoft.AspNetCore.Routing.EndpointMiddleware | Executing endpoint 'backend.Controllers.DesignationController.GetDesignations (backend)'
2026-04-08 12:38:06.729 [INF] Microsoft.AspNetCore.Mvc.Infrastructure.ControllerActionInvoker | Route matched with {action = "GetDepartments", controller = "Department"}. Executing controller action with signature System.Threading.Tasks.Task`1[Microsoft.AspNetCore.Mvc.IActionResult] GetDepartments(System.Nullable`1[System.Int32]) on controller backend.Controllers.DepartmentController (backend).
2026-04-08 12:38:06.731 [INF] Microsoft.AspNetCore.Mvc.Infrastructure.ControllerActionInvoker | Route matched with {action = "GetDesignations", controller = "Designation"}. Executing controller action with signature System.Threading.Tasks.Task`1[Microsoft.AspNetCore.Mvc.IActionResult] GetDesignations(System.Nullable`1[System.Int32]) on controller backend.Controllers.DesignationController (backend).
2026-04-08 12:38:06.773 [INF] Microsoft.AspNetCore.Mvc.Infrastructure.ObjectResultExecutor | Executing OkObjectResult, writing value of type 'System.Collections.Generic.List`1[[backend.Models.Department, backend, Version=1.0.0.0, Culture=neutral, PublicKeyToken=null]]'.
2026-04-08 12:38:06.779 [INF] Microsoft.AspNetCore.Mvc.Infrastructure.ControllerActionInvoker | Executed action backend.Controllers.DepartmentController.GetDepartments (backend) in 50.1855ms
2026-04-08 12:38:06.779 [INF] Microsoft.AspNetCore.Routing.EndpointMiddleware | Executed endpoint 'backend.Controllers.DepartmentController.GetDepartments (backend)'
2026-04-08 12:38:06.779 [INF] Serilog.AspNetCore.RequestLoggingMiddleware | HTTP GET /api/departments → 200 (64.2ms)
2026-04-08 12:38:06.779 [INF] Microsoft.AspNetCore.Hosting.Diagnostics | Request finished HTTP/1.1 GET http://localhost:5217/api/departments?organizationId=2 - 200 null application/json; charset=utf-8 65.5027ms
2026-04-08 12:38:06.835 [INF] backend.Controllers.DesignationController | Fetched 8 designations for OrgId 2
2026-04-08 12:38:06.835 [INF] Microsoft.AspNetCore.Mvc.Infrastructure.ObjectResultExecutor | Executing OkObjectResult, writing value of type 'System.Collections.Generic.List`1[[backend.Models.Designation, backend, Version=1.0.0.0, Culture=neutral, PublicKeyToken=null]]'.
2026-04-08 12:38:06.841 [INF] Microsoft.AspNetCore.Mvc.Infrastructure.ControllerActionInvoker | Executed action backend.Controllers.DesignationController.GetDesignations (backend) in 110.2278ms
2026-04-08 12:38:06.841 [INF] Microsoft.AspNetCore.Routing.EndpointMiddleware | Executed endpoint 'backend.Controllers.DesignationController.GetDesignations (backend)'
2026-04-08 12:38:06.841 [INF] Serilog.AspNetCore.RequestLoggingMiddleware | HTTP GET /api/designations → 200 (126.5ms)
2026-04-08 12:38:06.841 [INF] Microsoft.AspNetCore.Hosting.Diagnostics | Request finished HTTP/1.1 GET http://localhost:5217/api/designations?organizationId=2 - 200 null application/json; charset=utf-8 127.9433ms
2026-04-08 12:38:06.859 [INF] Microsoft.AspNetCore.Hosting.Diagnostics | Request starting HTTP/1.1 OPTIONS http://localhost:5217/api/employees?organizationId=2 - null null
2026-04-08 12:38:06.859 [INF] Microsoft.AspNetCore.Cors.Infrastructure.CorsService | CORS policy execution successful.
2026-04-08 12:38:06.859 [INF] Microsoft.AspNetCore.Hosting.Diagnostics | Request finished HTTP/1.1 OPTIONS http://localhost:5217/api/employees?organizationId=2 - 204 null null 0.1633ms
2026-04-08 12:38:06.860 [INF] Microsoft.AspNetCore.Hosting.Diagnostics | Request starting HTTP/1.1 GET http://localhost:5217/api/designations?organizationId=2 - application/json null
2026-04-08 12:38:06.860 [INF] Microsoft.AspNetCore.Cors.Infrastructure.CorsService | CORS policy execution successful.
2026-04-08 12:38:06.860 [INF] Microsoft.AspNetCore.Routing.EndpointMiddleware | Executing endpoint 'backend.Controllers.DesignationController.GetDesignations (backend)'
2026-04-08 12:38:06.860 [INF] Microsoft.AspNetCore.Mvc.Infrastructure.ControllerActionInvoker | Route matched with {action = "GetDesignations", controller = "Designation"}. Executing controller action with signature System.Threading.Tasks.Task`1[Microsoft.AspNetCore.Mvc.IActionResult] GetDesignations(System.Nullable`1[System.Int32]) on controller backend.Controllers.DesignationController (backend).
2026-04-08 12:38:06.860 [INF] Microsoft.AspNetCore.Hosting.Diagnostics | Request starting HTTP/1.1 GET http://localhost:5217/api/employees?organizationId=2 - application/json null
2026-04-08 12:38:06.860 [INF] Microsoft.AspNetCore.Cors.Infrastructure.CorsService | CORS policy execution successful.
2026-04-08 12:38:06.860 [INF] Microsoft.AspNetCore.Routing.EndpointMiddleware | Executing endpoint 'backend.Controllers.EmployeesController.GetEmployees (backend)'
2026-04-08 12:38:06.860 [INF] Microsoft.AspNetCore.Mvc.Infrastructure.ControllerActionInvoker | Route matched with {action = "GetEmployees", controller = "Employees"}. Executing controller action with signature System.Threading.Tasks.Task`1[Microsoft.AspNetCore.Mvc.IActionResult] GetEmployees(System.Nullable`1[System.Int32]) on controller backend.Controllers.EmployeesController (backend).
2026-04-08 12:38:06.860 [INF] backend.Controllers.EmployeesController | [Employees] GET all | TargetOrgId=2 | UserOrgId=2
2026-04-08 12:38:06.862 [INF] Microsoft.AspNetCore.Hosting.Diagnostics | Request starting HTTP/1.1 GET http://localhost:5217/api/departments?organizationId=2 - null null
2026-04-08 12:38:06.862 [INF] Microsoft.AspNetCore.Cors.Infrastructure.CorsService | CORS policy execution successful.
2026-04-08 12:38:06.862 [INF] Microsoft.AspNetCore.Routing.EndpointMiddleware | Executing endpoint 'backend.Controllers.DepartmentController.GetDepartments (backend)'
2026-04-08 12:38:06.862 [INF] Microsoft.AspNetCore.Mvc.Infrastructure.ControllerActionInvoker | Route matched with {action = "GetDepartments", controller = "Department"}. Executing controller action with signature System.Threading.Tasks.Task`1[Microsoft.AspNetCore.Mvc.IActionResult] GetDepartments(System.Nullable`1[System.Int32]) on controller backend.Controllers.DepartmentController (backend).
2026-04-08 12:38:06.877 [INF] backend.Controllers.DesignationController | Fetched 8 designations for OrgId 2
2026-04-08 12:38:06.877 [INF] Microsoft.AspNetCore.Mvc.Infrastructure.ObjectResultExecutor | Executing OkObjectResult, writing value of type 'System.Collections.Generic.List`1[[backend.Models.Designation, backend, Version=1.0.0.0, Culture=neutral, PublicKeyToken=null]]'.
2026-04-08 12:38:06.877 [INF] Microsoft.AspNetCore.Mvc.Infrastructure.ControllerActionInvoker | Executed action backend.Controllers.DesignationController.GetDesignations (backend) in 16.6184ms
2026-04-08 12:38:06.877 [INF] Microsoft.AspNetCore.Routing.EndpointMiddleware | Executed endpoint 'backend.Controllers.DesignationController.GetDesignations (backend)'
2026-04-08 12:38:06.877 [INF] Serilog.AspNetCore.RequestLoggingMiddleware | HTTP GET /api/designations → 200 (16.8ms)
2026-04-08 12:38:06.877 [INF] Microsoft.AspNetCore.Hosting.Diagnostics | Request finished HTTP/1.1 GET http://localhost:5217/api/designations?organizationId=2 - 200 null application/json; charset=utf-8 17.1654ms
2026-04-08 12:38:06.889 [INF] Microsoft.AspNetCore.Mvc.Infrastructure.ObjectResultExecutor | Executing OkObjectResult, writing value of type 'System.Collections.Generic.List`1[[backend.Models.Employee, backend, Version=1.0.0.0, Culture=neutral, PublicKeyToken=null]]'.
2026-04-08 12:38:06.889 [INF] Microsoft.AspNetCore.Mvc.Infrastructure.ControllerActionInvoker | Executed action backend.Controllers.EmployeesController.GetEmployees (backend) in 28.2403ms
2026-04-08 12:38:06.889 [INF] Microsoft.AspNetCore.Routing.EndpointMiddleware | Executed endpoint 'backend.Controllers.EmployeesController.GetEmployees (backend)'
2026-04-08 12:38:06.889 [INF] Serilog.AspNetCore.RequestLoggingMiddleware | HTTP GET /api/employees → 200 (28.4ms)
2026-04-08 12:38:06.889 [INF] Microsoft.AspNetCore.Hosting.Diagnostics | Request finished HTTP/1.1 GET http://localhost:5217/api/employees?organizationId=2 - 200 null application/json; charset=utf-8 28.5547ms
2026-04-08 12:38:06.946 [INF] Microsoft.AspNetCore.Hosting.Diagnostics | Request starting HTTP/1.1 GET http://localhost:5217/uploads/org-logos/org-logo-f3e5c29a5727487a9d6c2a5527e8919d.png - null null
2026-04-08 12:38:06.946 [INF] Microsoft.AspNetCore.Cors.Infrastructure.CorsService | CORS policy execution successful.
2026-04-08 12:38:06.946 [INF] Microsoft.AspNetCore.StaticFiles.StaticFileMiddleware | The file /uploads/org-logos/org-logo-f3e5c29a5727487a9d6c2a5527e8919d.png was not modified
2026-04-08 12:38:06.946 [INF] Microsoft.AspNetCore.Hosting.Diagnostics | Request finished HTTP/1.1 GET http://localhost:5217/uploads/org-logos/org-logo-f3e5c29a5727487a9d6c2a5527e8919d.png - 304 null image/png 0.7757ms
2026-04-08 12:38:06.957 [INF] Microsoft.AspNetCore.Mvc.Infrastructure.ObjectResultExecutor | Executing OkObjectResult, writing value of type 'System.Collections.Generic.List`1[[backend.Models.Department, backend, Version=1.0.0.0, Culture=neutral, PublicKeyToken=null]]'.
2026-04-08 12:38:06.957 [INF] Microsoft.AspNetCore.Mvc.Infrastructure.ControllerActionInvoker | Executed action backend.Controllers.DepartmentController.GetDepartments (backend) in 94.8727ms
2026-04-08 12:38:06.957 [INF] Microsoft.AspNetCore.Routing.EndpointMiddleware | Executed endpoint 'backend.Controllers.DepartmentController.GetDepartments (backend)'
2026-04-08 12:38:06.957 [INF] Serilog.AspNetCore.RequestLoggingMiddleware | HTTP GET /api/departments → 200 (95.0ms)
2026-04-08 12:38:06.957 [INF] Microsoft.AspNetCore.Hosting.Diagnostics | Request finished HTTP/1.1 GET http://localhost:5217/api/departments?organizationId=2 - 200 null application/json; charset=utf-8 95.2089ms
2026-04-08 12:38:06.972 [INF] Microsoft.AspNetCore.Hosting.Diagnostics | Request starting HTTP/1.1 GET http://localhost:5217/uploads/org-logos/org-logo-6fcb4a5d7f2e442f800ddd9bde90c680.jpg - null null
2026-04-08 12:38:06.972 [INF] Microsoft.AspNetCore.Cors.Infrastructure.CorsService | CORS policy execution successful.
2026-04-08 12:38:06.973 [INF] Microsoft.AspNetCore.StaticFiles.StaticFileMiddleware | The file /uploads/org-logos/org-logo-6fcb4a5d7f2e442f800ddd9bde90c680.jpg was not modified
2026-04-08 12:38:06.973 [INF] Microsoft.AspNetCore.Hosting.Diagnostics | Request finished HTTP/1.1 GET http://localhost:5217/uploads/org-logos/org-logo-6fcb4a5d7f2e442f800ddd9bde90c680.jpg - 304 null image/jpeg 0.6756ms
2026-04-08 12:38:07.638 [INF] Microsoft.AspNetCore.Hosting.Diagnostics | Request starting HTTP/1.1 OPTIONS http://localhost:5217/hubs/employees/negotiate?negotiateVersion=1 - null null
2026-04-08 12:38:07.639 [INF] Microsoft.AspNetCore.Cors.Infrastructure.CorsService | CORS policy execution successful.
2026-04-08 12:38:07.640 [INF] Microsoft.AspNetCore.Hosting.Diagnostics | Request finished HTTP/1.1 OPTIONS http://localhost:5217/hubs/employees/negotiate?negotiateVersion=1 - 204 null null 1.8563ms
2026-04-08 12:38:07.641 [INF] Microsoft.AspNetCore.Hosting.Diagnostics | Request starting HTTP/1.1 POST http://localhost:5217/hubs/employees/negotiate?negotiateVersion=1 - text/plain;charset=UTF-8 0
2026-04-08 12:38:07.641 [INF] Microsoft.AspNetCore.Cors.Infrastructure.CorsService | CORS policy execution successful.
2026-04-08 12:38:07.641 [INF] Microsoft.AspNetCore.Routing.EndpointMiddleware | Executing endpoint '/hubs/employees/negotiate'
2026-04-08 12:38:07.641 [INF] Microsoft.AspNetCore.Routing.EndpointMiddleware | Executed endpoint '/hubs/employees/negotiate'
2026-04-08 12:38:07.641 [INF] Serilog.AspNetCore.RequestLoggingMiddleware | HTTP POST /hubs/employees/negotiate → 200 (0.2ms)
2026-04-08 12:38:07.641 [INF] Microsoft.AspNetCore.Hosting.Diagnostics | Request starting HTTP/1.1 POST http://localhost:5217/hubs/employees/negotiate?negotiateVersion=1 - text/plain;charset=UTF-8 0
2026-04-08 12:38:07.641 [INF] Microsoft.AspNetCore.Hosting.Diagnostics | Request finished HTTP/1.1 POST http://localhost:5217/hubs/employees/negotiate?negotiateVersion=1 - 200 316 application/json 0.5385ms
2026-04-08 12:38:07.641 [INF] Microsoft.AspNetCore.Cors.Infrastructure.CorsService | CORS policy execution successful.
2026-04-08 12:38:07.641 [INF] Microsoft.AspNetCore.Routing.EndpointMiddleware | Executing endpoint '/hubs/employees/negotiate'
2026-04-08 12:38:07.642 [INF] Microsoft.AspNetCore.Routing.EndpointMiddleware | Executed endpoint '/hubs/employees/negotiate'
2026-04-08 12:38:07.642 [INF] Serilog.AspNetCore.RequestLoggingMiddleware | HTTP POST /hubs/employees/negotiate → 200 (0.1ms)
2026-04-08 12:38:07.642 [INF] Microsoft.AspNetCore.Hosting.Diagnostics | Request finished HTTP/1.1 POST http://localhost:5217/hubs/employees/negotiate?negotiateVersion=1 - 200 316 application/json 0.4036ms
2026-04-08 12:38:07.675 [INF] Microsoft.AspNetCore.Hosting.Diagnostics | Request starting HTTP/1.1 GET http://localhost:5217/hubs/employees?id=fQLz659AIirsE2Ia-T2qlQ&access_token=eyJhbGciOiJIUzI1NiIsInR5cCI6IkpXVCJ9.eyJuYW1laWQiOiIxOCIsInVuaXF1ZV9uYW1lIjoidmFzYW50aGFrdW1hciIsImVtYWlsIjoidmFzYW50aDIwMDR2a0BnbWFpbC5jb20iLCJyb2xlIjoiU3VwZXJBZG1pbiIsIk9yZ2FuaXphdGlvbklkIjoiMiIsIk9yZ2FuaXphdGlvbkxvZ28iOiIvdXBsb2Fkcy9vcmctbG9nb3Mvb3JnLWxvZ28tNTg3M2M0NzVkOTFkNGJiZDkwNDZkZWVjNjY3ZDEzNmMuanBnIiwibmJmIjoxNzc1NjI5OTc0LCJleHAiOjE3NzU3MTYzNzQsImlhdCI6MTc3NTYyOTk3NCwiaXNzIjoiUHJvRGVzWC1CYWNrZW5kIiwiYXVkIjoiUHJvRGVzWC1Gcm9udGVuZCJ9.igbT3pLpIiahwfTYCSUnLfgWrpW2xHWNEZnnwNqmD4o - null null
2026-04-08 12:38:07.675 [INF] Microsoft.AspNetCore.Cors.Infrastructure.CorsService | CORS policy execution successful.
2026-04-08 12:38:07.675 [INF] Microsoft.AspNetCore.Routing.EndpointMiddleware | Executing endpoint '/hubs/employees'
2026-04-08 12:38:07.698 [INF] Microsoft.AspNetCore.Hosting.Diagnostics | Request starting HTTP/1.1 GET http://localhost:5217/hubs/employees?id=mKQfmCNzOvx0flo-u4pj6Q&access_token=eyJhbGciOiJIUzI1NiIsInR5cCI6IkpXVCJ9.eyJuYW1laWQiOiIxOCIsInVuaXF1ZV9uYW1lIjoidmFzYW50aGFrdW1hciIsImVtYWlsIjoidmFzYW50aDIwMDR2a0BnbWFpbC5jb20iLCJyb2xlIjoiU3VwZXJBZG1pbiIsIk9yZ2FuaXphdGlvbklkIjoiMiIsIk9yZ2FuaXphdGlvbkxvZ28iOiIvdXBsb2Fkcy9vcmctbG9nb3Mvb3JnLWxvZ28tNTg3M2M0NzVkOTFkNGJiZDkwNDZkZWVjNjY3ZDEzNmMuanBnIiwibmJmIjoxNzc1NjI5OTc0LCJleHAiOjE3NzU3MTYzNzQsImlhdCI6MTc3NTYyOTk3NCwiaXNzIjoiUHJvRGVzWC1CYWNrZW5kIiwiYXVkIjoiUHJvRGVzWC1Gcm9udGVuZCJ9.igbT3pLpIiahwfTYCSUnLfgWrpW2xHWNEZnnwNqmD4o - null null
2026-04-08 12:38:07.699 [INF] Microsoft.AspNetCore.Cors.Infrastructure.CorsService | CORS policy execution successful.
2026-04-08 12:38:07.701 [INF] Microsoft.AspNetCore.Routing.EndpointMiddleware | Executing endpoint '/hubs/employees'
2026-04-08 12:38:09.973 [INF] Microsoft.AspNetCore.Hosting.Diagnostics | Request starting HTTP/1.1 OPTIONS http://localhost:5217/api/employees?organizationId=8 - null null
2026-04-08 12:38:09.973 [INF] Microsoft.AspNetCore.Cors.Infrastructure.CorsService | CORS policy execution successful.
2026-04-08 12:38:09.973 [INF] Microsoft.AspNetCore.Hosting.Diagnostics | Request finished HTTP/1.1 OPTIONS http://localhost:5217/api/employees?organizationId=8 - 204 null null 0.1565ms
2026-04-08 12:38:09.973 [INF] Microsoft.AspNetCore.Hosting.Diagnostics | Request starting HTTP/1.1 OPTIONS http://localhost:5217/api/designations?organizationId=8 - null null
2026-04-08 12:38:09.974 [INF] Microsoft.AspNetCore.Cors.Infrastructure.CorsService | CORS policy execution successful.
2026-04-08 12:38:09.974 [INF] Microsoft.AspNetCore.Hosting.Diagnostics | Request finished HTTP/1.1 OPTIONS http://localhost:5217/api/designations?organizationId=8 - 204 null null 0.0844ms
2026-04-08 12:38:09.974 [INF] Microsoft.AspNetCore.Hosting.Diagnostics | Request starting HTTP/1.1 OPTIONS http://localhost:5217/api/departments?organizationId=8 - null null
2026-04-08 12:38:09.974 [INF] Microsoft.AspNetCore.Cors.Infrastructure.CorsService | CORS policy execution successful.
2026-04-08 12:38:09.974 [INF] Microsoft.AspNetCore.Hosting.Diagnostics | Request finished HTTP/1.1 OPTIONS http://localhost:5217/api/departments?organizationId=8 - 204 null null 0.0693ms
2026-04-08 12:38:09.976 [INF] Microsoft.AspNetCore.Hosting.Diagnostics | Request starting HTTP/1.1 GET http://localhost:5217/api/designations?organizationId=8 - application/json null
2026-04-08 12:38:09.976 [INF] Microsoft.AspNetCore.Cors.Infrastructure.CorsService | CORS policy execution successful.
2026-04-08 12:38:09.976 [INF] Microsoft.AspNetCore.Routing.EndpointMiddleware | Executing endpoint 'backend.Controllers.DesignationController.GetDesignations (backend)'
2026-04-08 12:38:09.976 [INF] Microsoft.AspNetCore.Mvc.Infrastructure.ControllerActionInvoker | Route matched with {action = "GetDesignations", controller = "Designation"}. Executing controller action with signature System.Threading.Tasks.Task`1[Microsoft.AspNetCore.Mvc.IActionResult] GetDesignations(System.Nullable`1[System.Int32]) on controller backend.Controllers.DesignationController (backend).
2026-04-08 12:38:09.977 [INF] Microsoft.AspNetCore.Hosting.Diagnostics | Request starting HTTP/1.1 GET http://localhost:5217/api/departments?organizationId=8 - null null
2026-04-08 12:38:09.977 [INF] Microsoft.AspNetCore.Cors.Infrastructure.CorsService | CORS policy execution successful.
2026-04-08 12:38:09.977 [INF] Microsoft.AspNetCore.Hosting.Diagnostics | Request starting HTTP/1.1 GET http://localhost:5217/api/employees?organizationId=8 - application/json null
2026-04-08 12:38:09.977 [INF] Microsoft.AspNetCore.Cors.Infrastructure.CorsService | CORS policy execution successful.
2026-04-08 12:38:09.977 [INF] Microsoft.AspNetCore.Routing.EndpointMiddleware | Executing endpoint 'backend.Controllers.DepartmentController.GetDepartments (backend)'
2026-04-08 12:38:09.977 [INF] Microsoft.AspNetCore.Mvc.Infrastructure.ControllerActionInvoker | Route matched with {action = "GetDepartments", controller = "Department"}. Executing controller action with signature System.Threading.Tasks.Task`1[Microsoft.AspNetCore.Mvc.IActionResult] GetDepartments(System.Nullable`1[System.Int32]) on controller backend.Controllers.DepartmentController (backend).
2026-04-08 12:38:09.977 [INF] Microsoft.AspNetCore.Routing.EndpointMiddleware | Executing endpoint 'backend.Controllers.EmployeesController.GetEmployees (backend)'
2026-04-08 12:38:09.978 [INF] Microsoft.AspNetCore.Mvc.Infrastructure.ControllerActionInvoker | Route matched with {action = "GetEmployees", controller = "Employees"}. Executing controller action with signature System.Threading.Tasks.Task`1[Microsoft.AspNetCore.Mvc.IActionResult] GetEmployees(System.Nullable`1[System.Int32]) on controller backend.Controllers.EmployeesController (backend).
2026-04-08 12:38:09.978 [INF] backend.Controllers.EmployeesController | [Employees] GET all | TargetOrgId=8 | UserOrgId=2
2026-04-08 12:38:10.055 [INF] Microsoft.AspNetCore.Mvc.Infrastructure.ObjectResultExecutor | Executing OkObjectResult, writing value of type 'System.Collections.Generic.List`1[[backend.Models.Department, backend, Version=1.0.0.0, Culture=neutral, PublicKeyToken=null]]'.
2026-04-08 12:38:10.055 [INF] Microsoft.AspNetCore.Mvc.Infrastructure.ControllerActionInvoker | Executed action backend.Controllers.DepartmentController.GetDepartments (backend) in 77.2444ms
2026-04-08 12:38:10.055 [INF] Microsoft.AspNetCore.Routing.EndpointMiddleware | Executed endpoint 'backend.Controllers.DepartmentController.GetDepartments (backend)'
2026-04-08 12:38:10.055 [INF] Serilog.AspNetCore.RequestLoggingMiddleware | HTTP GET /api/departments → 200 (77.4ms)
2026-04-08 12:38:10.055 [INF] Microsoft.AspNetCore.Hosting.Diagnostics | Request finished HTTP/1.1 GET http://localhost:5217/api/departments?organizationId=8 - 200 null application/json; charset=utf-8 77.7327ms
2026-04-08 12:38:10.060 [INF] backend.Controllers.DesignationController | Fetched 1 designations for OrgId 8
2026-04-08 12:38:10.060 [INF] Microsoft.AspNetCore.Mvc.Infrastructure.ObjectResultExecutor | Executing OkObjectResult, writing value of type 'System.Collections.Generic.List`1[[backend.Models.Designation, backend, Version=1.0.0.0, Culture=neutral, PublicKeyToken=null]]'.
2026-04-08 12:38:10.060 [INF] Microsoft.AspNetCore.Mvc.Infrastructure.ObjectResultExecutor | Executing OkObjectResult, writing value of type 'System.Collections.Generic.List`1[[backend.Models.Employee, backend, Version=1.0.0.0, Culture=neutral, PublicKeyToken=null]]'.
2026-04-08 12:38:10.060 [INF] Microsoft.AspNetCore.Mvc.Infrastructure.ControllerActionInvoker | Executed action backend.Controllers.DesignationController.GetDesignations (backend) in 83.6405ms
2026-04-08 12:38:10.060 [INF] Microsoft.AspNetCore.Mvc.Infrastructure.ControllerActionInvoker | Executed action backend.Controllers.EmployeesController.GetEmployees (backend) in 82.3414ms
2026-04-08 12:38:10.060 [INF] Microsoft.AspNetCore.Routing.EndpointMiddleware | Executed endpoint 'backend.Controllers.DesignationController.GetDesignations (backend)'
2026-04-08 12:38:10.060 [INF] Microsoft.AspNetCore.Routing.EndpointMiddleware | Executed endpoint 'backend.Controllers.EmployeesController.GetEmployees (backend)'
2026-04-08 12:38:10.060 [INF] Serilog.AspNetCore.RequestLoggingMiddleware | HTTP GET /api/employees → 200 (82.5ms)
2026-04-08 12:38:10.060 [INF] Serilog.AspNetCore.RequestLoggingMiddleware | HTTP GET /api/designations → 200 (83.9ms)
2026-04-08 12:38:10.060 [INF] Microsoft.AspNetCore.Hosting.Diagnostics | Request finished HTTP/1.1 GET http://localhost:5217/api/employees?organizationId=8 - 200 null application/json; charset=utf-8 82.8097ms
2026-04-08 12:38:10.060 [INF] Microsoft.AspNetCore.Hosting.Diagnostics | Request finished HTTP/1.1 GET http://localhost:5217/api/designations?organizationId=8 - 200 null application/json; charset=utf-8 84.3471ms
2026-04-08 12:38:10.369 [INF] Microsoft.AspNetCore.Hosting.Diagnostics | Request starting HTTP/1.1 GET http://localhost:5217/uploads/employee-photos/emp-34.png - null null
2026-04-08 12:38:10.369 [INF] Microsoft.AspNetCore.Cors.Infrastructure.CorsService | CORS policy execution successful.
2026-04-08 12:38:10.369 [INF] Serilog.AspNetCore.RequestLoggingMiddleware | HTTP GET /uploads/employee-photos/emp-34.png → 404 (0.0ms)
2026-04-08 12:38:10.369 [INF] Microsoft.AspNetCore.Hosting.Diagnostics | Request finished HTTP/1.1 GET http://localhost:5217/uploads/employee-photos/emp-34.png - 404 0 null 0.7315ms
2026-04-08 12:38:10.370 [INF] Microsoft.AspNetCore.Hosting.Diagnostics | Request reached the end of the middleware pipeline without being handled by application code. Request path: GET http://localhost:5217/uploads/employee-photos/emp-34.png, Response status code: 404
2026-04-08 12:38:18.918 [INF] Microsoft.AspNetCore.Hosting.Diagnostics | Request starting HTTP/1.1 OPTIONS http://localhost:5217/api/SalaryYear/GetSalaryYearsByOrgId?orgId=2 - null null
2026-04-08 12:38:18.918 [INF] Microsoft.AspNetCore.Cors.Infrastructure.CorsService | CORS policy execution successful.
2026-04-08 12:38:18.918 [INF] Microsoft.AspNetCore.Hosting.Diagnostics | Request finished HTTP/1.1 OPTIONS http://localhost:5217/api/SalaryYear/GetSalaryYearsByOrgId?orgId=2 - 204 null null 0.1634ms
2026-04-08 12:38:18.920 [INF] Microsoft.AspNetCore.Hosting.Diagnostics | Request starting HTTP/1.1 GET http://localhost:5217/api/SalaryYear/GetSalaryYearsByOrgId?orgId=2 - application/json null
2026-04-08 12:38:18.920 [INF] Microsoft.AspNetCore.Cors.Infrastructure.CorsService | CORS policy execution successful.
2026-04-08 12:38:18.920 [INF] Microsoft.AspNetCore.Routing.EndpointMiddleware | Executing endpoint 'backend.Controllers.SalaryYearController.GetSalaryYearsByOrgId (backend)'
2026-04-08 12:38:18.920 [INF] Microsoft.AspNetCore.Mvc.Infrastructure.ControllerActionInvoker | Route matched with {action = "GetSalaryYearsByOrgId", controller = "SalaryYear"}. Executing controller action with signature System.Threading.Tasks.Task`1[Microsoft.AspNetCore.Mvc.IActionResult] GetSalaryYearsByOrgId(System.String) on controller backend.Controllers.SalaryYearController (backend).
2026-04-08 12:38:18.941 [INF] Microsoft.AspNetCore.Mvc.Infrastructure.ObjectResultExecutor | Executing OkObjectResult, writing value of type 'System.Collections.Generic.List`1[[backend.Models.SalaryYear, backend, Version=1.0.0.0, Culture=neutral, PublicKeyToken=null]]'.
2026-04-08 12:38:18.941 [INF] Microsoft.AspNetCore.Mvc.Infrastructure.ControllerActionInvoker | Executed action backend.Controllers.SalaryYearController.GetSalaryYearsByOrgId (backend) in 20.596ms
2026-04-08 12:38:18.941 [INF] Microsoft.AspNetCore.Routing.EndpointMiddleware | Executed endpoint 'backend.Controllers.SalaryYearController.GetSalaryYearsByOrgId (backend)'
2026-04-08 12:38:18.941 [INF] Serilog.AspNetCore.RequestLoggingMiddleware | HTTP GET /api/SalaryYear/GetSalaryYearsByOrgId → 200 (20.7ms)
2026-04-08 12:38:18.941 [INF] Microsoft.AspNetCore.Hosting.Diagnostics | Request finished HTTP/1.1 GET http://localhost:5217/api/SalaryYear/GetSalaryYearsByOrgId?orgId=2 - 200 null application/json; charset=utf-8 21.1045ms
2026-04-08 12:38:19.016 [INF] Microsoft.AspNetCore.Hosting.Diagnostics | Request starting HTTP/1.1 OPTIONS http://localhost:5217/api/employees?organizationId=2 - null null
2026-04-08 12:38:19.017 [INF] Microsoft.AspNetCore.Cors.Infrastructure.CorsService | CORS policy execution successful.
2026-04-08 12:38:19.017 [INF] Microsoft.AspNetCore.Hosting.Diagnostics | Request finished HTTP/1.1 OPTIONS http://localhost:5217/api/employees?organizationId=2 - 204 null null 0.3331ms
2026-04-08 12:38:19.019 [INF] Microsoft.AspNetCore.Hosting.Diagnostics | Request starting HTTP/1.1 GET http://localhost:5217/api/employees?organizationId=2 - application/json null
2026-04-08 12:38:19.019 [INF] Microsoft.AspNetCore.Cors.Infrastructure.CorsService | CORS policy execution successful.
2026-04-08 12:38:19.019 [INF] Microsoft.AspNetCore.Routing.EndpointMiddleware | Executing endpoint 'backend.Controllers.EmployeesController.GetEmployees (backend)'
2026-04-08 12:38:19.019 [INF] Microsoft.AspNetCore.Mvc.Infrastructure.ControllerActionInvoker | Route matched with {action = "GetEmployees", controller = "Employees"}. Executing controller action with signature System.Threading.Tasks.Task`1[Microsoft.AspNetCore.Mvc.IActionResult] GetEmployees(System.Nullable`1[System.Int32]) on controller backend.Controllers.EmployeesController (backend).
2026-04-08 12:38:19.020 [INF] backend.Controllers.EmployeesController | [Employees] GET all | TargetOrgId=2 | UserOrgId=2
2026-04-08 12:38:19.050 [INF] Microsoft.AspNetCore.Mvc.Infrastructure.ObjectResultExecutor | Executing OkObjectResult, writing value of type 'System.Collections.Generic.List`1[[backend.Models.Employee, backend, Version=1.0.0.0, Culture=neutral, PublicKeyToken=null]]'.
2026-04-08 12:38:19.050 [INF] Microsoft.AspNetCore.Mvc.Infrastructure.ControllerActionInvoker | Executed action backend.Controllers.EmployeesController.GetEmployees (backend) in 30.4638ms
2026-04-08 12:38:19.050 [INF] Microsoft.AspNetCore.Routing.EndpointMiddleware | Executed endpoint 'backend.Controllers.EmployeesController.GetEmployees (backend)'
2026-04-08 12:38:19.050 [INF] Serilog.AspNetCore.RequestLoggingMiddleware | HTTP GET /api/employees → 200 (30.7ms)
2026-04-08 12:38:19.050 [INF] Microsoft.AspNetCore.Hosting.Diagnostics | Request finished HTTP/1.1 GET http://localhost:5217/api/employees?organizationId=2 - 200 null application/json; charset=utf-8 31.1327ms
2026-04-08 12:38:19.135 [INF] Microsoft.AspNetCore.Hosting.Diagnostics | Request starting HTTP/1.1 OPTIONS http://localhost:5217/api/SalarySettings/GetSalarySettings?orgId=2&salaryYearId=3 - null null
2026-04-08 12:38:19.135 [INF] Microsoft.AspNetCore.Cors.Infrastructure.CorsService | CORS policy execution successful.
2026-04-08 12:38:19.135 [INF] Microsoft.AspNetCore.Hosting.Diagnostics | Request finished HTTP/1.1 OPTIONS http://localhost:5217/api/SalarySettings/GetSalarySettings?orgId=2&salaryYearId=3 - 204 null null 0.1778ms
2026-04-08 12:38:19.136 [INF] Microsoft.AspNetCore.Hosting.Diagnostics | Request starting HTTP/1.1 GET http://localhost:5217/api/SalarySettings/GetSalarySettings?orgId=2&salaryYearId=3 - application/json null
2026-04-08 12:38:19.136 [INF] Microsoft.AspNetCore.Cors.Infrastructure.CorsService | CORS policy execution successful.
2026-04-08 12:38:19.137 [INF] Microsoft.AspNetCore.Routing.EndpointMiddleware | Executing endpoint 'backend.Controllers.SalarySettingsController.GetSalarySettings (backend)'
2026-04-08 12:38:19.137 [INF] Microsoft.AspNetCore.Mvc.Infrastructure.ControllerActionInvoker | Route matched with {action = "GetSalarySettings", controller = "SalarySettings"}. Executing controller action with signature System.Threading.Tasks.Task`1[Microsoft.AspNetCore.Mvc.IActionResult] GetSalarySettings(System.String, System.String) on controller backend.Controllers.SalarySettingsController (backend).
2026-04-08 12:38:19.167 [INF] Microsoft.AspNetCore.Mvc.Infrastructure.ObjectResultExecutor | Executing OkObjectResult, writing value of type 'System.Collections.Generic.List`1[[backend.Models.SalarySettings, backend, Version=1.0.0.0, Culture=neutral, PublicKeyToken=null]]'.
2026-04-08 12:38:19.167 [INF] Microsoft.AspNetCore.Mvc.Infrastructure.ControllerActionInvoker | Executed action backend.Controllers.SalarySettingsController.GetSalarySettings (backend) in 30.3297ms
2026-04-08 12:38:19.167 [INF] Microsoft.AspNetCore.Routing.EndpointMiddleware | Executed endpoint 'backend.Controllers.SalarySettingsController.GetSalarySettings (backend)'
2026-04-08 12:38:19.167 [INF] Serilog.AspNetCore.RequestLoggingMiddleware | HTTP GET /api/SalarySettings/GetSalarySettings → 200 (30.7ms)
2026-04-08 12:38:19.167 [INF] Microsoft.AspNetCore.Hosting.Diagnostics | Request finished HTTP/1.1 GET http://localhost:5217/api/SalarySettings/GetSalarySettings?orgId=2&salaryYearId=3 - 200 null application/json; charset=utf-8 31.0925ms
2026-04-08 12:38:19.621 [INF] Microsoft.AspNetCore.Hosting.Diagnostics | Request starting HTTP/1.1 OPTIONS http://localhost:5217/hubs/salarysettings/negotiate?negotiateVersion=1 - null null
2026-04-08 12:38:19.621 [INF] Microsoft.AspNetCore.Cors.Infrastructure.CorsService | CORS policy execution successful.
2026-04-08 12:38:19.621 [INF] Microsoft.AspNetCore.Hosting.Diagnostics | Request finished HTTP/1.1 OPTIONS http://localhost:5217/hubs/salarysettings/negotiate?negotiateVersion=1 - 204 null null 0.1765ms
2026-04-08 12:38:19.622 [INF] Microsoft.AspNetCore.Hosting.Diagnostics | Request starting HTTP/1.1 POST http://localhost:5217/hubs/salarysettings/negotiate?negotiateVersion=1 - text/plain;charset=UTF-8 0
2026-04-08 12:38:19.622 [INF] Microsoft.AspNetCore.Cors.Infrastructure.CorsService | CORS policy execution successful.
2026-04-08 12:38:19.622 [INF] Microsoft.AspNetCore.Routing.EndpointMiddleware | Executing endpoint '/hubs/salarysettings/negotiate'
2026-04-08 12:38:19.623 [INF] Microsoft.AspNetCore.Routing.EndpointMiddleware | Executed endpoint '/hubs/salarysettings/negotiate'
2026-04-08 12:38:19.623 [INF] Serilog.AspNetCore.RequestLoggingMiddleware | HTTP POST /hubs/salarysettings/negotiate → 200 (0.1ms)
2026-04-08 12:38:19.623 [INF] Microsoft.AspNetCore.Hosting.Diagnostics | Request finished HTTP/1.1 POST http://localhost:5217/hubs/salarysettings/negotiate?negotiateVersion=1 - 200 316 application/json 0.3994ms
2026-04-08 12:38:19.805 [INF] Microsoft.AspNetCore.Hosting.Diagnostics | Request starting HTTP/1.1 GET http://localhost:5217/hubs/salarysettings?id=xEyHFg77Mdq4YVFjtUxFvQ&access_token=eyJhbGciOiJIUzI1NiIsInR5cCI6IkpXVCJ9.eyJuYW1laWQiOiIxOCIsInVuaXF1ZV9uYW1lIjoidmFzYW50aGFrdW1hciIsImVtYWlsIjoidmFzYW50aDIwMDR2a0BnbWFpbC5jb20iLCJyb2xlIjoiU3VwZXJBZG1pbiIsIk9yZ2FuaXphdGlvbklkIjoiMiIsIk9yZ2FuaXphdGlvbkxvZ28iOiIvdXBsb2Fkcy9vcmctbG9nb3Mvb3JnLWxvZ28tNTg3M2M0NzVkOTFkNGJiZDkwNDZkZWVjNjY3ZDEzNmMuanBnIiwibmJmIjoxNzc1NjI5OTc0LCJleHAiOjE3NzU3MTYzNzQsImlhdCI6MTc3NTYyOTk3NCwiaXNzIjoiUHJvRGVzWC1CYWNrZW5kIiwiYXVkIjoiUHJvRGVzWC1Gcm9udGVuZCJ9.igbT3pLpIiahwfTYCSUnLfgWrpW2xHWNEZnnwNqmD4o - null null
2026-04-08 12:38:19.805 [INF] Microsoft.AspNetCore.Cors.Infrastructure.CorsService | CORS policy execution successful.
2026-04-08 12:38:19.805 [INF] Microsoft.AspNetCore.Routing.EndpointMiddleware | Executing endpoint '/hubs/salarysettings'
2026-04-08 12:40:55.355 [INF] Microsoft.AspNetCore.Routing.EndpointMiddleware | Executed endpoint '/hubs/salarysettings'
2026-04-08 12:40:55.355 [INF] Serilog.AspNetCore.RequestLoggingMiddleware | HTTP GET /hubs/salarysettings → 101 (155549.5ms)
2026-04-08 12:40:55.355 [INF] Microsoft.AspNetCore.Hosting.Diagnostics | Request finished HTTP/1.1 GET http://localhost:5217/hubs/salarysettings?id=xEyHFg77Mdq4YVFjtUxFvQ&access_token=eyJhbGciOiJIUzI1NiIsInR5cCI6IkpXVCJ9.eyJuYW1laWQiOiIxOCIsInVuaXF1ZV9uYW1lIjoidmFzYW50aGFrdW1hciIsImVtYWlsIjoidmFzYW50aDIwMDR2a0BnbWFpbC5jb20iLCJyb2xlIjoiU3VwZXJBZG1pbiIsIk9yZ2FuaXphdGlvbklkIjoiMiIsIk9yZ2FuaXphdGlvbkxvZ28iOiIvdXBsb2Fkcy9vcmctbG9nb3Mvb3JnLWxvZ28tNTg3M2M0NzVkOTFkNGJiZDkwNDZkZWVjNjY3ZDEzNmMuanBnIiwibmJmIjoxNzc1NjI5OTc0LCJleHAiOjE3NzU3MTYzNzQsImlhdCI6MTc3NTYyOTk3NCwiaXNzIjoiUHJvRGVzWC1CYWNrZW5kIiwiYXVkIjoiUHJvRGVzWC1Gcm9udGVuZCJ9.igbT3pLpIiahwfTYCSUnLfgWrpW2xHWNEZnnwNqmD4o - 101 null null 155549.9094ms
2026-04-08 12:40:55.373 [INF] Microsoft.AspNetCore.Hosting.Diagnostics | Request starting HTTP/1.1 OPTIONS http://localhost:5217/hubs/salarysettings/negotiate?negotiateVersion=1 - null null
2026-04-08 12:40:55.373 [INF] Microsoft.AspNetCore.Cors.Infrastructure.CorsService | CORS policy execution successful.
2026-04-08 12:40:55.373 [INF] Microsoft.AspNetCore.Hosting.Diagnostics | Request finished HTTP/1.1 OPTIONS http://localhost:5217/hubs/salarysettings/negotiate?negotiateVersion=1 - 204 null null 0.1851ms
2026-04-08 12:40:55.374 [INF] Microsoft.AspNetCore.Hosting.Diagnostics | Request starting HTTP/1.1 POST http://localhost:5217/hubs/salarysettings/negotiate?negotiateVersion=1 - text/plain;charset=UTF-8 0
2026-04-08 12:40:55.374 [INF] Microsoft.AspNetCore.Cors.Infrastructure.CorsService | CORS policy execution successful.
2026-04-08 12:40:55.374 [INF] Microsoft.AspNetCore.Routing.EndpointMiddleware | Executing endpoint '/hubs/salarysettings/negotiate'
2026-04-08 12:40:55.374 [INF] Microsoft.AspNetCore.Routing.EndpointMiddleware | Executed endpoint '/hubs/salarysettings/negotiate'
2026-04-08 12:40:55.374 [INF] Serilog.AspNetCore.RequestLoggingMiddleware | HTTP POST /hubs/salarysettings/negotiate → 200 (0.1ms)
2026-04-08 12:40:55.374 [INF] Microsoft.AspNetCore.Hosting.Diagnostics | Request finished HTTP/1.1 POST http://localhost:5217/hubs/salarysettings/negotiate?negotiateVersion=1 - 200 316 application/json 0.4189ms
2026-04-08 12:40:55.382 [INF] Microsoft.AspNetCore.Hosting.Diagnostics | Request starting HTTP/1.1 GET http://localhost:5217/hubs/salarysettings?id=mUIyO2q8ECLHPo0r-TYkkw&access_token=eyJhbGciOiJIUzI1NiIsInR5cCI6IkpXVCJ9.eyJuYW1laWQiOiIxOCIsInVuaXF1ZV9uYW1lIjoidmFzYW50aGFrdW1hciIsImVtYWlsIjoidmFzYW50aDIwMDR2a0BnbWFpbC5jb20iLCJyb2xlIjoiU3VwZXJBZG1pbiIsIk9yZ2FuaXphdGlvbklkIjoiMiIsIk9yZ2FuaXphdGlvbkxvZ28iOiIvdXBsb2Fkcy9vcmctbG9nb3Mvb3JnLWxvZ28tNTg3M2M0NzVkOTFkNGJiZDkwNDZkZWVjNjY3ZDEzNmMuanBnIiwibmJmIjoxNzc1NjI5OTc0LCJleHAiOjE3NzU3MTYzNzQsImlhdCI6MTc3NTYyOTk3NCwiaXNzIjoiUHJvRGVzWC1CYWNrZW5kIiwiYXVkIjoiUHJvRGVzWC1Gcm9udGVuZCJ9.igbT3pLpIiahwfTYCSUnLfgWrpW2xHWNEZnnwNqmD4o - null null
2026-04-08 12:40:55.383 [INF] Microsoft.AspNetCore.Cors.Infrastructure.CorsService | CORS policy execution successful.
2026-04-08 12:40:55.383 [INF] Microsoft.AspNetCore.Routing.EndpointMiddleware | Executing endpoint '/hubs/salarysettings'
2026-04-08 12:40:57.360 [INF] Microsoft.AspNetCore.Routing.EndpointMiddleware | Executed endpoint '/hubs/employees'
2026-04-08 12:40:57.360 [INF] Microsoft.AspNetCore.Routing.EndpointMiddleware | Executed endpoint '/hubs/employees'
2026-04-08 12:40:57.360 [INF] Serilog.AspNetCore.RequestLoggingMiddleware | HTTP GET /hubs/employees → 101 (169659.4ms)
2026-04-08 12:40:57.360 [INF] Serilog.AspNetCore.RequestLoggingMiddleware | HTTP GET /hubs/employees → 101 (169685.0ms)
2026-04-08 12:40:57.360 [INF] Microsoft.AspNetCore.Hosting.Diagnostics | Request finished HTTP/1.1 GET http://localhost:5217/hubs/employees?id=mKQfmCNzOvx0flo-u4pj6Q&access_token=eyJhbGciOiJIUzI1NiIsInR5cCI6IkpXVCJ9.eyJuYW1laWQiOiIxOCIsInVuaXF1ZV9uYW1lIjoidmFzYW50aGFrdW1hciIsImVtYWlsIjoidmFzYW50aDIwMDR2a0BnbWFpbC5jb20iLCJyb2xlIjoiU3VwZXJBZG1pbiIsIk9yZ2FuaXphdGlvbklkIjoiMiIsIk9yZ2FuaXphdGlvbkxvZ28iOiIvdXBsb2Fkcy9vcmctbG9nb3Mvb3JnLWxvZ28tNTg3M2M0NzVkOTFkNGJiZDkwNDZkZWVjNjY3ZDEzNmMuanBnIiwibmJmIjoxNzc1NjI5OTc0LCJleHAiOjE3NzU3MTYzNzQsImlhdCI6MTc3NTYyOTk3NCwiaXNzIjoiUHJvRGVzWC1CYWNrZW5kIiwiYXVkIjoiUHJvRGVzWC1Gcm9udGVuZCJ9.igbT3pLpIiahwfTYCSUnLfgWrpW2xHWNEZnnwNqmD4o - 101 null null 169661.8408ms
2026-04-08 12:40:57.360 [INF] Microsoft.AspNetCore.Hosting.Diagnostics | Request finished HTTP/1.1 GET http://localhost:5217/hubs/employees?id=fQLz659AIirsE2Ia-T2qlQ&access_token=eyJhbGciOiJIUzI1NiIsInR5cCI6IkpXVCJ9.eyJuYW1laWQiOiIxOCIsInVuaXF1ZV9uYW1lIjoidmFzYW50aGFrdW1hciIsImVtYWlsIjoidmFzYW50aDIwMDR2a0BnbWFpbC5jb20iLCJyb2xlIjoiU3VwZXJBZG1pbiIsIk9yZ2FuaXphdGlvbklkIjoiMiIsIk9yZ2FuaXphdGlvbkxvZ28iOiIvdXBsb2Fkcy9vcmctbG9nb3Mvb3JnLWxvZ28tNTg3M2M0NzVkOTFkNGJiZDkwNDZkZWVjNjY3ZDEzNmMuanBnIiwibmJmIjoxNzc1NjI5OTc0LCJleHAiOjE3NzU3MTYzNzQsImlhdCI6MTc3NTYyOTk3NCwiaXNzIjoiUHJvRGVzWC1CYWNrZW5kIiwiYXVkIjoiUHJvRGVzWC1Gcm9udGVuZCJ9.igbT3pLpIiahwfTYCSUnLfgWrpW2xHWNEZnnwNqmD4o - 101 null null 169685.4368ms
2026-04-08 12:40:57.368 [INF] Microsoft.AspNetCore.Hosting.Diagnostics | Request starting HTTP/1.1 OPTIONS http://localhost:5217/hubs/employees/negotiate?negotiateVersion=1 - null null
2026-04-08 12:40:57.368 [INF] Microsoft.AspNetCore.Cors.Infrastructure.CorsService | CORS policy execution successful.
2026-04-08 12:40:57.368 [INF] Microsoft.AspNetCore.Hosting.Diagnostics | Request finished HTTP/1.1 OPTIONS http://localhost:5217/hubs/employees/negotiate?negotiateVersion=1 - 204 null null 0.1826ms
2026-04-08 12:40:57.370 [INF] Microsoft.AspNetCore.Hosting.Diagnostics | Request starting HTTP/1.1 POST http://localhost:5217/hubs/employees/negotiate?negotiateVersion=1 - text/plain;charset=UTF-8 0
2026-04-08 12:40:57.370 [INF] Microsoft.AspNetCore.Cors.Infrastructure.CorsService | CORS policy execution successful.
2026-04-08 12:40:57.370 [INF] Microsoft.AspNetCore.Routing.EndpointMiddleware | Executing endpoint '/hubs/employees/negotiate'
2026-04-08 12:40:57.370 [INF] Microsoft.AspNetCore.Routing.EndpointMiddleware | Executed endpoint '/hubs/employees/negotiate'
2026-04-08 12:40:57.370 [INF] Serilog.AspNetCore.RequestLoggingMiddleware | HTTP POST /hubs/employees/negotiate → 200 (0.2ms)
2026-04-08 12:40:57.370 [INF] Microsoft.AspNetCore.Hosting.Diagnostics | Request finished HTTP/1.1 POST http://localhost:5217/hubs/employees/negotiate?negotiateVersion=1 - 200 316 application/json 0.3909ms
2026-04-08 12:40:57.371 [INF] Microsoft.AspNetCore.Hosting.Diagnostics | Request starting HTTP/1.1 POST http://localhost:5217/hubs/employees/negotiate?negotiateVersion=1 - text/plain;charset=UTF-8 0
2026-04-08 12:40:57.371 [INF] Microsoft.AspNetCore.Cors.Infrastructure.CorsService | CORS policy execution successful.
2026-04-08 12:40:57.372 [INF] Microsoft.AspNetCore.Routing.EndpointMiddleware | Executing endpoint '/hubs/employees/negotiate'
2026-04-08 12:40:57.372 [INF] Microsoft.AspNetCore.Routing.EndpointMiddleware | Executed endpoint '/hubs/employees/negotiate'
2026-04-08 12:40:57.372 [INF] Serilog.AspNetCore.RequestLoggingMiddleware | HTTP POST /hubs/employees/negotiate → 200 (0.1ms)
2026-04-08 12:40:57.372 [INF] Microsoft.AspNetCore.Hosting.Diagnostics | Request finished HTTP/1.1 POST http://localhost:5217/hubs/employees/negotiate?negotiateVersion=1 - 200 316 application/json 0.3964ms
2026-04-08 12:40:57.378 [INF] Microsoft.AspNetCore.Hosting.Diagnostics | Request starting HTTP/1.1 GET http://localhost:5217/hubs/employees?id=xSi7Ye9y7a629qqy5T-xjQ&access_token=eyJhbGciOiJIUzI1NiIsInR5cCI6IkpXVCJ9.eyJuYW1laWQiOiIxOCIsInVuaXF1ZV9uYW1lIjoidmFzYW50aGFrdW1hciIsImVtYWlsIjoidmFzYW50aDIwMDR2a0BnbWFpbC5jb20iLCJyb2xlIjoiU3VwZXJBZG1pbiIsIk9yZ2FuaXphdGlvbklkIjoiMiIsIk9yZ2FuaXphdGlvbkxvZ28iOiIvdXBsb2Fkcy9vcmctbG9nb3Mvb3JnLWxvZ28tNTg3M2M0NzVkOTFkNGJiZDkwNDZkZWVjNjY3ZDEzNmMuanBnIiwibmJmIjoxNzc1NjI5OTc0LCJleHAiOjE3NzU3MTYzNzQsImlhdCI6MTc3NTYyOTk3NCwiaXNzIjoiUHJvRGVzWC1CYWNrZW5kIiwiYXVkIjoiUHJvRGVzWC1Gcm9udGVuZCJ9.igbT3pLpIiahwfTYCSUnLfgWrpW2xHWNEZnnwNqmD4o - null null
2026-04-08 12:40:57.378 [INF] Microsoft.AspNetCore.Cors.Infrastructure.CorsService | CORS policy execution successful.
2026-04-08 12:40:57.379 [INF] Microsoft.AspNetCore.Routing.EndpointMiddleware | Executing endpoint '/hubs/employees'
2026-04-08 12:40:57.392 [INF] Microsoft.AspNetCore.Hosting.Diagnostics | Request starting HTTP/1.1 GET http://localhost:5217/hubs/employees?id=_wuiW6tGocNhuAxwXbJGSA&access_token=eyJhbGciOiJIUzI1NiIsInR5cCI6IkpXVCJ9.eyJuYW1laWQiOiIxOCIsInVuaXF1ZV9uYW1lIjoidmFzYW50aGFrdW1hciIsImVtYWlsIjoidmFzYW50aDIwMDR2a0BnbWFpbC5jb20iLCJyb2xlIjoiU3VwZXJBZG1pbiIsIk9yZ2FuaXphdGlvbklkIjoiMiIsIk9yZ2FuaXphdGlvbkxvZ28iOiIvdXBsb2Fkcy9vcmctbG9nb3Mvb3JnLWxvZ28tNTg3M2M0NzVkOTFkNGJiZDkwNDZkZWVjNjY3ZDEzNmMuanBnIiwibmJmIjoxNzc1NjI5OTc0LCJleHAiOjE3NzU3MTYzNzQsImlhdCI6MTc3NTYyOTk3NCwiaXNzIjoiUHJvRGVzWC1CYWNrZW5kIiwiYXVkIjoiUHJvRGVzWC1Gcm9udGVuZCJ9.igbT3pLpIiahwfTYCSUnLfgWrpW2xHWNEZnnwNqmD4o - null null
2026-04-08 12:40:57.392 [INF] Microsoft.AspNetCore.Cors.Infrastructure.CorsService | CORS policy execution successful.
2026-04-08 12:40:57.392 [INF] Microsoft.AspNetCore.Routing.EndpointMiddleware | Executing endpoint '/hubs/employees'
2026-04-08 12:41:09.361 [INF] Microsoft.AspNetCore.Routing.EndpointMiddleware | Executed endpoint '/hubs/salarysettings'
2026-04-08 12:41:09.361 [INF] Serilog.AspNetCore.RequestLoggingMiddleware | HTTP GET /hubs/salarysettings → 101 (252984.4ms)
2026-04-08 12:41:09.361 [INF] Microsoft.AspNetCore.Routing.EndpointMiddleware | Executed endpoint '/hubs/salaryyears'
2026-04-08 12:41:09.361 [INF] Serilog.AspNetCore.RequestLoggingMiddleware | HTTP GET /hubs/salaryyears → 101 (847063.2ms)
2026-04-08 12:41:09.361 [INF] Microsoft.AspNetCore.Hosting.Diagnostics | Request finished HTTP/1.1 GET http://localhost:5217/hubs/salarysettings?id=YeTpzsLatN-MxN7ILsryaA&access_token=eyJhbGciOiJIUzI1NiIsInR5cCI6IkpXVCJ9.eyJuYW1laWQiOiIxOCIsInVuaXF1ZV9uYW1lIjoidmFzYW50aGFrdW1hciIsImVtYWlsIjoidmFzYW50aDIwMDR2a0BnbWFpbC5jb20iLCJyb2xlIjoiU3VwZXJBZG1pbiIsIk9yZ2FuaXphdGlvbklkIjoiMiIsIk9yZ2FuaXphdGlvbkxvZ28iOiIvdXBsb2Fkcy9vcmctbG9nb3Mvb3JnLWxvZ28tNTg3M2M0NzVkOTFkNGJiZDkwNDZkZWVjNjY3ZDEzNmMuanBnIiwibmJmIjoxNzc1NjI5OTc0LCJleHAiOjE3NzU3MTYzNzQsImlhdCI6MTc3NTYyOTk3NCwiaXNzIjoiUHJvRGVzWC1CYWNrZW5kIiwiYXVkIjoiUHJvRGVzWC1Gcm9udGVuZCJ9.igbT3pLpIiahwfTYCSUnLfgWrpW2xHWNEZnnwNqmD4o - 101 null null 252984.7134ms
2026-04-08 12:41:09.361 [INF] Microsoft.AspNetCore.Hosting.Diagnostics | Request finished HTTP/1.1 GET http://localhost:5217/hubs/salaryyears?id=Khnm_2KSifV3wMOMsQ8wyg&access_token=eyJhbGciOiJIUzI1NiIsInR5cCI6IkpXVCJ9.eyJuYW1laWQiOiIxOCIsInVuaXF1ZV9uYW1lIjoidmFzYW50aGFrdW1hciIsImVtYWlsIjoidmFzYW50aDIwMDR2a0BnbWFpbC5jb20iLCJyb2xlIjoiU3VwZXJBZG1pbiIsIk9yZ2FuaXphdGlvbklkIjoiMiIsIk9yZ2FuaXphdGlvbkxvZ28iOiIvdXBsb2Fkcy9vcmctbG9nb3Mvb3JnLWxvZ28tNTg3M2M0NzVkOTFkNGJiZDkwNDZkZWVjNjY3ZDEzNmMuanBnIiwibmJmIjoxNzc1NjI5OTc0LCJleHAiOjE3NzU3MTYzNzQsImlhdCI6MTc3NTYyOTk3NCwiaXNzIjoiUHJvRGVzWC1CYWNrZW5kIiwiYXVkIjoiUHJvRGVzWC1Gcm9udGVuZCJ9.igbT3pLpIiahwfTYCSUnLfgWrpW2xHWNEZnnwNqmD4o - 101 null null 847063.5481ms
2026-04-08 12:41:09.362 [INF] Microsoft.AspNetCore.Routing.EndpointMiddleware | Executed endpoint '/hubs/salaryyears'
2026-04-08 12:41:09.362 [INF] Serilog.AspNetCore.RequestLoggingMiddleware | HTTP GET /hubs/salaryyears → 101 (903919.5ms)
2026-04-08 12:41:09.362 [INF] Microsoft.AspNetCore.Hosting.Diagnostics | Request finished HTTP/1.1 GET http://localhost:5217/hubs/salaryyears?id=3gk5QS3fooKSUoYETzTyMg&access_token=eyJhbGciOiJIUzI1NiIsInR5cCI6IkpXVCJ9.eyJuYW1laWQiOiIxOCIsInVuaXF1ZV9uYW1lIjoidmFzYW50aGFrdW1hciIsImVtYWlsIjoidmFzYW50aDIwMDR2a0BnbWFpbC5jb20iLCJyb2xlIjoiU3VwZXJBZG1pbiIsIk9yZ2FuaXphdGlvbklkIjoiMiIsIk9yZ2FuaXphdGlvbkxvZ28iOiIvdXBsb2Fkcy9vcmctbG9nb3Mvb3JnLWxvZ28tNTg3M2M0NzVkOTFkNGJiZDkwNDZkZWVjNjY3ZDEzNmMuanBnIiwibmJmIjoxNzc1NjI5OTc0LCJleHAiOjE3NzU3MTYzNzQsImlhdCI6MTc3NTYyOTk3NCwiaXNzIjoiUHJvRGVzWC1CYWNrZW5kIiwiYXVkIjoiUHJvRGVzWC1Gcm9udGVuZCJ9.igbT3pLpIiahwfTYCSUnLfgWrpW2xHWNEZnnwNqmD4o - 101 null null 903919.8505ms
2026-04-08 12:41:09.377 [INF] Microsoft.AspNetCore.Hosting.Diagnostics | Request starting HTTP/1.1 OPTIONS http://localhost:5217/hubs/salarysettings/negotiate?negotiateVersion=1 - null null
2026-04-08 12:41:09.377 [INF] Microsoft.AspNetCore.Cors.Infrastructure.CorsService | CORS policy execution successful.
2026-04-08 12:41:09.377 [INF] Microsoft.AspNetCore.Hosting.Diagnostics | Request finished HTTP/1.1 OPTIONS http://localhost:5217/hubs/salarysettings/negotiate?negotiateVersion=1 - 204 null null 0.1561ms
2026-04-08 12:41:09.378 [INF] Microsoft.AspNetCore.Hosting.Diagnostics | Request starting HTTP/1.1 POST http://localhost:5217/hubs/salarysettings/negotiate?negotiateVersion=1 - text/plain;charset=UTF-8 0
2026-04-08 12:41:09.378 [INF] Microsoft.AspNetCore.Cors.Infrastructure.CorsService | CORS policy execution successful.
2026-04-08 12:41:09.379 [INF] Microsoft.AspNetCore.Routing.EndpointMiddleware | Executing endpoint '/hubs/salarysettings/negotiate'
2026-04-08 12:41:09.379 [INF] Microsoft.AspNetCore.Routing.EndpointMiddleware | Executed endpoint '/hubs/salarysettings/negotiate'
2026-04-08 12:41:09.379 [INF] Serilog.AspNetCore.RequestLoggingMiddleware | HTTP POST /hubs/salarysettings/negotiate → 200 (0.1ms)
2026-04-08 12:41:09.379 [INF] Microsoft.AspNetCore.Hosting.Diagnostics | Request finished HTTP/1.1 POST http://localhost:5217/hubs/salarysettings/negotiate?negotiateVersion=1 - 200 316 application/json 0.3581ms
2026-04-08 12:41:09.380 [INF] Microsoft.AspNetCore.Hosting.Diagnostics | Request starting HTTP/1.1 OPTIONS http://localhost:5217/hubs/salaryyears/negotiate?negotiateVersion=1 - null null
2026-04-08 12:41:09.380 [INF] Microsoft.AspNetCore.Cors.Infrastructure.CorsService | CORS policy execution successful.
2026-04-08 12:41:09.380 [INF] Microsoft.AspNetCore.Hosting.Diagnostics | Request finished HTTP/1.1 OPTIONS http://localhost:5217/hubs/salaryyears/negotiate?negotiateVersion=1 - 204 null null 0.2226ms
2026-04-08 12:41:09.382 [INF] Microsoft.AspNetCore.Hosting.Diagnostics | Request starting HTTP/1.1 POST http://localhost:5217/hubs/salaryyears/negotiate?negotiateVersion=1 - text/plain;charset=UTF-8 0
2026-04-08 12:41:09.382 [INF] Microsoft.AspNetCore.Cors.Infrastructure.CorsService | CORS policy execution successful.
2026-04-08 12:41:09.382 [INF] Microsoft.AspNetCore.Routing.EndpointMiddleware | Executing endpoint '/hubs/salaryyears/negotiate'
2026-04-08 12:41:09.382 [INF] Microsoft.AspNetCore.Routing.EndpointMiddleware | Executed endpoint '/hubs/salaryyears/negotiate'
2026-04-08 12:41:09.382 [INF] Serilog.AspNetCore.RequestLoggingMiddleware | HTTP POST /hubs/salaryyears/negotiate → 200 (0.1ms)
2026-04-08 12:41:09.382 [INF] Microsoft.AspNetCore.Hosting.Diagnostics | Request finished HTTP/1.1 POST http://localhost:5217/hubs/salaryyears/negotiate?negotiateVersion=1 - 200 316 application/json 0.4776ms
2026-04-08 12:41:09.385 [INF] Microsoft.AspNetCore.Hosting.Diagnostics | Request starting HTTP/1.1 POST http://localhost:5217/hubs/salaryyears/negotiate?negotiateVersion=1 - text/plain;charset=UTF-8 0
2026-04-08 12:41:09.385 [INF] Microsoft.AspNetCore.Cors.Infrastructure.CorsService | CORS policy execution successful.
2026-04-08 12:41:09.385 [INF] Microsoft.AspNetCore.Routing.EndpointMiddleware | Executing endpoint '/hubs/salaryyears/negotiate'
2026-04-08 12:41:09.385 [INF] Microsoft.AspNetCore.Routing.EndpointMiddleware | Executed endpoint '/hubs/salaryyears/negotiate'
2026-04-08 12:41:09.385 [INF] Serilog.AspNetCore.RequestLoggingMiddleware | HTTP POST /hubs/salaryyears/negotiate → 200 (0.2ms)
2026-04-08 12:41:09.385 [INF] Microsoft.AspNetCore.Hosting.Diagnostics | Request finished HTTP/1.1 POST http://localhost:5217/hubs/salaryyears/negotiate?negotiateVersion=1 - 200 316 application/json 0.5405ms
2026-04-08 12:41:09.390 [INF] Microsoft.AspNetCore.Hosting.Diagnostics | Request starting HTTP/1.1 GET http://localhost:5217/hubs/salarysettings?id=S9j2MS4gFN5F-vjxJFQmbA&access_token=eyJhbGciOiJIUzI1NiIsInR5cCI6IkpXVCJ9.eyJuYW1laWQiOiIxOCIsInVuaXF1ZV9uYW1lIjoidmFzYW50aGFrdW1hciIsImVtYWlsIjoidmFzYW50aDIwMDR2a0BnbWFpbC5jb20iLCJyb2xlIjoiU3VwZXJBZG1pbiIsIk9yZ2FuaXphdGlvbklkIjoiMiIsIk9yZ2FuaXphdGlvbkxvZ28iOiIvdXBsb2Fkcy9vcmctbG9nb3Mvb3JnLWxvZ28tNTg3M2M0NzVkOTFkNGJiZDkwNDZkZWVjNjY3ZDEzNmMuanBnIiwibmJmIjoxNzc1NjI5OTc0LCJleHAiOjE3NzU3MTYzNzQsImlhdCI6MTc3NTYyOTk3NCwiaXNzIjoiUHJvRGVzWC1CYWNrZW5kIiwiYXVkIjoiUHJvRGVzWC1Gcm9udGVuZCJ9.igbT3pLpIiahwfTYCSUnLfgWrpW2xHWNEZnnwNqmD4o - null null
2026-04-08 12:41:09.390 [INF] Microsoft.AspNetCore.Cors.Infrastructure.CorsService | CORS policy execution successful.
2026-04-08 12:41:09.390 [INF] Microsoft.AspNetCore.Routing.EndpointMiddleware | Executing endpoint '/hubs/salarysettings'
2026-04-08 12:41:09.405 [INF] Microsoft.AspNetCore.Hosting.Diagnostics | Request starting HTTP/1.1 GET http://localhost:5217/hubs/salaryyears?id=nbq4K7wObCSwgEXwuYJ2Sw&access_token=eyJhbGciOiJIUzI1NiIsInR5cCI6IkpXVCJ9.eyJuYW1laWQiOiIxOCIsInVuaXF1ZV9uYW1lIjoidmFzYW50aGFrdW1hciIsImVtYWlsIjoidmFzYW50aDIwMDR2a0BnbWFpbC5jb20iLCJyb2xlIjoiU3VwZXJBZG1pbiIsIk9yZ2FuaXphdGlvbklkIjoiMiIsIk9yZ2FuaXphdGlvbkxvZ28iOiIvdXBsb2Fkcy9vcmctbG9nb3Mvb3JnLWxvZ28tNTg3M2M0NzVkOTFkNGJiZDkwNDZkZWVjNjY3ZDEzNmMuanBnIiwibmJmIjoxNzc1NjI5OTc0LCJleHAiOjE3NzU3MTYzNzQsImlhdCI6MTc3NTYyOTk3NCwiaXNzIjoiUHJvRGVzWC1CYWNrZW5kIiwiYXVkIjoiUHJvRGVzWC1Gcm9udGVuZCJ9.igbT3pLpIiahwfTYCSUnLfgWrpW2xHWNEZnnwNqmD4o - null null
2026-04-08 12:41:09.405 [INF] Microsoft.AspNetCore.Cors.Infrastructure.CorsService | CORS policy execution successful.
2026-04-08 12:41:09.405 [INF] Microsoft.AspNetCore.Routing.EndpointMiddleware | Executing endpoint '/hubs/salaryyears'
2026-04-08 12:41:09.425 [INF] Microsoft.AspNetCore.Hosting.Diagnostics | Request starting HTTP/1.1 GET http://localhost:5217/hubs/salaryyears?id=ekbbYtYHuFi_B1V8b3Wt0Q&access_token=eyJhbGciOiJIUzI1NiIsInR5cCI6IkpXVCJ9.eyJuYW1laWQiOiIxOCIsInVuaXF1ZV9uYW1lIjoidmFzYW50aGFrdW1hciIsImVtYWlsIjoidmFzYW50aDIwMDR2a0BnbWFpbC5jb20iLCJyb2xlIjoiU3VwZXJBZG1pbiIsIk9yZ2FuaXphdGlvbklkIjoiMiIsIk9yZ2FuaXphdGlvbkxvZ28iOiIvdXBsb2Fkcy9vcmctbG9nb3Mvb3JnLWxvZ28tNTg3M2M0NzVkOTFkNGJiZDkwNDZkZWVjNjY3ZDEzNmMuanBnIiwibmJmIjoxNzc1NjI5OTc0LCJleHAiOjE3NzU3MTYzNzQsImlhdCI6MTc3NTYyOTk3NCwiaXNzIjoiUHJvRGVzWC1CYWNrZW5kIiwiYXVkIjoiUHJvRGVzWC1Gcm9udGVuZCJ9.igbT3pLpIiahwfTYCSUnLfgWrpW2xHWNEZnnwNqmD4o - null null
2026-04-08 12:41:09.425 [INF] Microsoft.AspNetCore.Cors.Infrastructure.CorsService | CORS policy execution successful.
2026-04-08 12:41:09.425 [INF] Microsoft.AspNetCore.Routing.EndpointMiddleware | Executing endpoint '/hubs/salaryyears'
2026-04-08 12:42:31.146 [INF] Microsoft.AspNetCore.Routing.EndpointMiddleware | Executed endpoint '/hubs/salarysettings'
2026-04-08 12:42:31.146 [INF] Serilog.AspNetCore.RequestLoggingMiddleware | HTTP GET /hubs/salarysettings → 101 (95763.4ms)
2026-04-08 12:42:31.146 [INF] Microsoft.AspNetCore.Hosting.Diagnostics | Request finished HTTP/1.1 GET http://localhost:5217/hubs/salarysettings?id=mUIyO2q8ECLHPo0r-TYkkw&access_token=eyJhbGciOiJIUzI1NiIsInR5cCI6IkpXVCJ9.eyJuYW1laWQiOiIxOCIsInVuaXF1ZV9uYW1lIjoidmFzYW50aGFrdW1hciIsImVtYWlsIjoidmFzYW50aDIwMDR2a0BnbWFpbC5jb20iLCJyb2xlIjoiU3VwZXJBZG1pbiIsIk9yZ2FuaXphdGlvbklkIjoiMiIsIk9yZ2FuaXphdGlvbkxvZ28iOiIvdXBsb2Fkcy9vcmctbG9nb3Mvb3JnLWxvZ28tNTg3M2M0NzVkOTFkNGJiZDkwNDZkZWVjNjY3ZDEzNmMuanBnIiwibmJmIjoxNzc1NjI5OTc0LCJleHAiOjE3NzU3MTYzNzQsImlhdCI6MTc3NTYyOTk3NCwiaXNzIjoiUHJvRGVzWC1CYWNrZW5kIiwiYXVkIjoiUHJvRGVzWC1Gcm9udGVuZCJ9.igbT3pLpIiahwfTYCSUnLfgWrpW2xHWNEZnnwNqmD4o - 101 null null 95763.812ms
2026-04-08 12:42:31.153 [INF] Microsoft.AspNetCore.Hosting.Diagnostics | Request starting HTTP/1.1 OPTIONS http://localhost:5217/api/SalaryYear/GetSalaryYearsByOrgId?orgId=1 - null null
2026-04-08 12:42:31.153 [INF] Microsoft.AspNetCore.Cors.Infrastructure.CorsService | CORS policy execution successful.
2026-04-08 12:42:31.153 [INF] Microsoft.AspNetCore.Hosting.Diagnostics | Request finished HTTP/1.1 OPTIONS http://localhost:5217/api/SalaryYear/GetSalaryYearsByOrgId?orgId=1 - 204 null null 0.335ms
2026-04-08 12:42:31.156 [INF] Microsoft.AspNetCore.Hosting.Diagnostics | Request starting HTTP/1.1 GET http://localhost:5217/api/SalaryYear/GetSalaryYearsByOrgId?orgId=1 - application/json null
2026-04-08 12:42:31.156 [INF] Microsoft.AspNetCore.Cors.Infrastructure.CorsService | CORS policy execution successful.
2026-04-08 12:42:31.156 [INF] Microsoft.AspNetCore.Routing.EndpointMiddleware | Executing endpoint 'backend.Controllers.SalaryYearController.GetSalaryYearsByOrgId (backend)'
2026-04-08 12:42:31.157 [INF] Microsoft.AspNetCore.Mvc.Infrastructure.ControllerActionInvoker | Route matched with {action = "GetSalaryYearsByOrgId", controller = "SalaryYear"}. Executing controller action with signature System.Threading.Tasks.Task`1[Microsoft.AspNetCore.Mvc.IActionResult] GetSalaryYearsByOrgId(System.String) on controller backend.Controllers.SalaryYearController (backend).
2026-04-08 12:42:31.209 [INF] Microsoft.AspNetCore.Mvc.Infrastructure.ObjectResultExecutor | Executing OkObjectResult, writing value of type 'System.Collections.Generic.List`1[[backend.Models.SalaryYear, backend, Version=1.0.0.0, Culture=neutral, PublicKeyToken=null]]'.
2026-04-08 12:42:31.209 [INF] Microsoft.AspNetCore.Mvc.Infrastructure.ControllerActionInvoker | Executed action backend.Controllers.SalaryYearController.GetSalaryYearsByOrgId (backend) in 52.0849ms
2026-04-08 12:42:31.209 [INF] Microsoft.AspNetCore.Routing.EndpointMiddleware | Executed endpoint 'backend.Controllers.SalaryYearController.GetSalaryYearsByOrgId (backend)'
2026-04-08 12:42:31.209 [INF] Serilog.AspNetCore.RequestLoggingMiddleware | HTTP GET /api/SalaryYear/GetSalaryYearsByOrgId → 200 (52.3ms)
2026-04-08 12:42:31.209 [INF] Microsoft.AspNetCore.Hosting.Diagnostics | Request finished HTTP/1.1 GET http://localhost:5217/api/SalaryYear/GetSalaryYearsByOrgId?orgId=1 - 200 null application/json; charset=utf-8 52.9456ms
2026-04-08 12:42:31.431 [INF] Microsoft.AspNetCore.Hosting.Diagnostics | Request starting HTTP/1.1 OPTIONS http://localhost:5217/api/employees?organizationId=1 - null null
2026-04-08 12:42:31.432 [INF] Microsoft.AspNetCore.Cors.Infrastructure.CorsService | CORS policy execution successful.
2026-04-08 12:42:31.432 [INF] Microsoft.AspNetCore.Hosting.Diagnostics | Request finished HTTP/1.1 OPTIONS http://localhost:5217/api/employees?organizationId=1 - 204 null null 0.2678ms
2026-04-08 12:42:31.436 [INF] Microsoft.AspNetCore.Hosting.Diagnostics | Request starting HTTP/1.1 GET http://localhost:5217/api/employees?organizationId=1 - application/json null
2026-04-08 12:42:31.436 [INF] Microsoft.AspNetCore.Cors.Infrastructure.CorsService | CORS policy execution successful.
2026-04-08 12:42:31.436 [INF] Microsoft.AspNetCore.Routing.EndpointMiddleware | Executing endpoint 'backend.Controllers.EmployeesController.GetEmployees (backend)'
2026-04-08 12:42:31.436 [INF] Microsoft.AspNetCore.Mvc.Infrastructure.ControllerActionInvoker | Route matched with {action = "GetEmployees", controller = "Employees"}. Executing controller action with signature System.Threading.Tasks.Task`1[Microsoft.AspNetCore.Mvc.IActionResult] GetEmployees(System.Nullable`1[System.Int32]) on controller backend.Controllers.EmployeesController (backend).
2026-04-08 12:42:31.437 [INF] backend.Controllers.EmployeesController | [Employees] GET all | TargetOrgId=1 | UserOrgId=2
2026-04-08 12:42:31.500 [INF] Microsoft.AspNetCore.Mvc.Infrastructure.ObjectResultExecutor | Executing OkObjectResult, writing value of type 'System.Collections.Generic.List`1[[backend.Models.Employee, backend, Version=1.0.0.0, Culture=neutral, PublicKeyToken=null]]'.
2026-04-08 12:42:31.500 [INF] Microsoft.AspNetCore.Mvc.Infrastructure.ControllerActionInvoker | Executed action backend.Controllers.EmployeesController.GetEmployees (backend) in 63.3332ms
2026-04-08 12:42:31.500 [INF] Microsoft.AspNetCore.Routing.EndpointMiddleware | Executed endpoint 'backend.Controllers.EmployeesController.GetEmployees (backend)'
2026-04-08 12:42:31.500 [INF] Serilog.AspNetCore.RequestLoggingMiddleware | HTTP GET /api/employees → 200 (63.5ms)
2026-04-08 12:42:31.500 [INF] Microsoft.AspNetCore.Hosting.Diagnostics | Request finished HTTP/1.1 GET http://localhost:5217/api/employees?organizationId=1 - 200 null application/json; charset=utf-8 64.1537ms
2026-04-08 12:42:31.543 [INF] Microsoft.AspNetCore.Hosting.Diagnostics | Request starting HTTP/1.1 OPTIONS http://localhost:5217/api/SalarySettings/GetSalarySettings?orgId=1&salaryYearId=2 - null null
2026-04-08 12:42:31.543 [INF] Microsoft.AspNetCore.Cors.Infrastructure.CorsService | CORS policy execution successful.
2026-04-08 12:42:31.544 [INF] Microsoft.AspNetCore.Hosting.Diagnostics | Request finished HTTP/1.1 OPTIONS http://localhost:5217/api/SalarySettings/GetSalarySettings?orgId=1&salaryYearId=2 - 204 null null 0.175ms
2026-04-08 12:42:31.545 [INF] Microsoft.AspNetCore.Hosting.Diagnostics | Request starting HTTP/1.1 GET http://localhost:5217/api/SalarySettings/GetSalarySettings?orgId=1&salaryYearId=2 - application/json null
2026-04-08 12:42:31.545 [INF] Microsoft.AspNetCore.Cors.Infrastructure.CorsService | CORS policy execution successful.
2026-04-08 12:42:31.546 [INF] Microsoft.AspNetCore.Routing.EndpointMiddleware | Executing endpoint 'backend.Controllers.SalarySettingsController.GetSalarySettings (backend)'
2026-04-08 12:42:31.546 [INF] Microsoft.AspNetCore.Mvc.Infrastructure.ControllerActionInvoker | Route matched with {action = "GetSalarySettings", controller = "SalarySettings"}. Executing controller action with signature System.Threading.Tasks.Task`1[Microsoft.AspNetCore.Mvc.IActionResult] GetSalarySettings(System.String, System.String) on controller backend.Controllers.SalarySettingsController (backend).
2026-04-08 12:42:31.597 [INF] Microsoft.AspNetCore.Mvc.Infrastructure.ObjectResultExecutor | Executing OkObjectResult, writing value of type 'System.Collections.Generic.List`1[[backend.Models.SalarySettings, backend, Version=1.0.0.0, Culture=neutral, PublicKeyToken=null]]'.
2026-04-08 12:42:31.597 [INF] Microsoft.AspNetCore.Mvc.Infrastructure.ControllerActionInvoker | Executed action backend.Controllers.SalarySettingsController.GetSalarySettings (backend) in 51.224ms
2026-04-08 12:42:31.597 [INF] Microsoft.AspNetCore.Routing.EndpointMiddleware | Executed endpoint 'backend.Controllers.SalarySettingsController.GetSalarySettings (backend)'
2026-04-08 12:42:31.597 [INF] Serilog.AspNetCore.RequestLoggingMiddleware | HTTP GET /api/SalarySettings/GetSalarySettings → 200 (51.4ms)
2026-04-08 12:42:31.597 [INF] Microsoft.AspNetCore.Hosting.Diagnostics | Request finished HTTP/1.1 GET http://localhost:5217/api/SalarySettings/GetSalarySettings?orgId=1&salaryYearId=2 - 200 null application/json; charset=utf-8 51.7091ms
2026-04-08 12:42:32.096 [INF] Microsoft.AspNetCore.Hosting.Diagnostics | Request starting HTTP/1.1 OPTIONS http://localhost:5217/hubs/salarysettings/negotiate?negotiateVersion=1 - null null
2026-04-08 12:42:32.096 [INF] Microsoft.AspNetCore.Cors.Infrastructure.CorsService | CORS policy execution successful.
2026-04-08 12:42:32.096 [INF] Microsoft.AspNetCore.Hosting.Diagnostics | Request finished HTTP/1.1 OPTIONS http://localhost:5217/hubs/salarysettings/negotiate?negotiateVersion=1 - 204 null null 0.1717ms
2026-04-08 12:42:32.098 [INF] Microsoft.AspNetCore.Hosting.Diagnostics | Request starting HTTP/1.1 POST http://localhost:5217/hubs/salarysettings/negotiate?negotiateVersion=1 - text/plain;charset=UTF-8 0
2026-04-08 12:42:32.098 [INF] Microsoft.AspNetCore.Cors.Infrastructure.CorsService | CORS policy execution successful.
2026-04-08 12:42:32.098 [INF] Microsoft.AspNetCore.Routing.EndpointMiddleware | Executing endpoint '/hubs/salarysettings/negotiate'
2026-04-08 12:42:32.098 [INF] Microsoft.AspNetCore.Routing.EndpointMiddleware | Executed endpoint '/hubs/salarysettings/negotiate'
2026-04-08 12:42:32.098 [INF] Serilog.AspNetCore.RequestLoggingMiddleware | HTTP POST /hubs/salarysettings/negotiate → 200 (0.2ms)
2026-04-08 12:42:32.098 [INF] Microsoft.AspNetCore.Hosting.Diagnostics | Request finished HTTP/1.1 POST http://localhost:5217/hubs/salarysettings/negotiate?negotiateVersion=1 - 200 316 application/json 0.6868ms
2026-04-08 12:42:32.155 [INF] Microsoft.AspNetCore.Hosting.Diagnostics | Request starting HTTP/1.1 GET http://localhost:5217/hubs/salarysettings?id=QDcpVCtpvp0XTIZsNodjcw&access_token=eyJhbGciOiJIUzI1NiIsInR5cCI6IkpXVCJ9.eyJuYW1laWQiOiIxOCIsInVuaXF1ZV9uYW1lIjoidmFzYW50aGFrdW1hciIsImVtYWlsIjoidmFzYW50aDIwMDR2a0BnbWFpbC5jb20iLCJyb2xlIjoiU3VwZXJBZG1pbiIsIk9yZ2FuaXphdGlvbklkIjoiMiIsIk9yZ2FuaXphdGlvbkxvZ28iOiIvdXBsb2Fkcy9vcmctbG9nb3Mvb3JnLWxvZ28tNTg3M2M0NzVkOTFkNGJiZDkwNDZkZWVjNjY3ZDEzNmMuanBnIiwibmJmIjoxNzc1NjI5OTc0LCJleHAiOjE3NzU3MTYzNzQsImlhdCI6MTc3NTYyOTk3NCwiaXNzIjoiUHJvRGVzWC1CYWNrZW5kIiwiYXVkIjoiUHJvRGVzWC1Gcm9udGVuZCJ9.igbT3pLpIiahwfTYCSUnLfgWrpW2xHWNEZnnwNqmD4o - null null
2026-04-08 12:42:32.155 [INF] Microsoft.AspNetCore.Cors.Infrastructure.CorsService | CORS policy execution successful.
2026-04-08 12:42:32.155 [INF] Microsoft.AspNetCore.Routing.EndpointMiddleware | Executing endpoint '/hubs/salarysettings'
2026-04-08 12:42:38.284 [INF] Microsoft.AspNetCore.Routing.EndpointMiddleware | Executed endpoint '/hubs/salarysettings'
2026-04-08 12:42:38.284 [INF] Serilog.AspNetCore.RequestLoggingMiddleware | HTTP GET /hubs/salarysettings → 101 (6128.9ms)
2026-04-08 12:42:38.284 [INF] Microsoft.AspNetCore.Hosting.Diagnostics | Request finished HTTP/1.1 GET http://localhost:5217/hubs/salarysettings?id=QDcpVCtpvp0XTIZsNodjcw&access_token=eyJhbGciOiJIUzI1NiIsInR5cCI6IkpXVCJ9.eyJuYW1laWQiOiIxOCIsInVuaXF1ZV9uYW1lIjoidmFzYW50aGFrdW1hciIsImVtYWlsIjoidmFzYW50aDIwMDR2a0BnbWFpbC5jb20iLCJyb2xlIjoiU3VwZXJBZG1pbiIsIk9yZ2FuaXphdGlvbklkIjoiMiIsIk9yZ2FuaXphdGlvbkxvZ28iOiIvdXBsb2Fkcy9vcmctbG9nb3Mvb3JnLWxvZ28tNTg3M2M0NzVkOTFkNGJiZDkwNDZkZWVjNjY3ZDEzNmMuanBnIiwibmJmIjoxNzc1NjI5OTc0LCJleHAiOjE3NzU3MTYzNzQsImlhdCI6MTc3NTYyOTk3NCwiaXNzIjoiUHJvRGVzWC1CYWNrZW5kIiwiYXVkIjoiUHJvRGVzWC1Gcm9udGVuZCJ9.igbT3pLpIiahwfTYCSUnLfgWrpW2xHWNEZnnwNqmD4o - 101 null null 6129.4932ms
2026-04-08 12:42:38.287 [INF] Microsoft.AspNetCore.Hosting.Diagnostics | Request starting HTTP/1.1 OPTIONS http://localhost:5217/api/SalaryYear/GetSalaryYearsByOrgId?orgId=8 - null null
2026-04-08 12:42:38.287 [INF] Microsoft.AspNetCore.Cors.Infrastructure.CorsService | CORS policy execution successful.
2026-04-08 12:42:38.287 [INF] Microsoft.AspNetCore.Hosting.Diagnostics | Request finished HTTP/1.1 OPTIONS http://localhost:5217/api/SalaryYear/GetSalaryYearsByOrgId?orgId=8 - 204 null null 0.161ms
2026-04-08 12:42:38.289 [INF] Microsoft.AspNetCore.Hosting.Diagnostics | Request starting HTTP/1.1 GET http://localhost:5217/api/SalaryYear/GetSalaryYearsByOrgId?orgId=8 - application/json null
2026-04-08 12:42:38.289 [INF] Microsoft.AspNetCore.Cors.Infrastructure.CorsService | CORS policy execution successful.
2026-04-08 12:42:38.289 [INF] Microsoft.AspNetCore.Routing.EndpointMiddleware | Executing endpoint 'backend.Controllers.SalaryYearController.GetSalaryYearsByOrgId (backend)'
2026-04-08 12:42:38.289 [INF] Microsoft.AspNetCore.Mvc.Infrastructure.ControllerActionInvoker | Route matched with {action = "GetSalaryYearsByOrgId", controller = "SalaryYear"}. Executing controller action with signature System.Threading.Tasks.Task`1[Microsoft.AspNetCore.Mvc.IActionResult] GetSalaryYearsByOrgId(System.String) on controller backend.Controllers.SalaryYearController (backend).
2026-04-08 12:42:38.331 [INF] Microsoft.AspNetCore.Mvc.Infrastructure.ObjectResultExecutor | Executing OkObjectResult, writing value of type 'System.Collections.Generic.List`1[[backend.Models.SalaryYear, backend, Version=1.0.0.0, Culture=neutral, PublicKeyToken=null]]'.
2026-04-08 12:42:38.332 [INF] Microsoft.AspNetCore.Mvc.Infrastructure.ControllerActionInvoker | Executed action backend.Controllers.SalaryYearController.GetSalaryYearsByOrgId (backend) in 42.0623ms
2026-04-08 12:42:38.332 [INF] Microsoft.AspNetCore.Routing.EndpointMiddleware | Executed endpoint 'backend.Controllers.SalaryYearController.GetSalaryYearsByOrgId (backend)'
2026-04-08 12:42:38.332 [INF] Serilog.AspNetCore.RequestLoggingMiddleware | HTTP GET /api/SalaryYear/GetSalaryYearsByOrgId → 200 (42.3ms)
2026-04-08 12:42:38.332 [INF] Microsoft.AspNetCore.Hosting.Diagnostics | Request finished HTTP/1.1 GET http://localhost:5217/api/SalaryYear/GetSalaryYearsByOrgId?orgId=8 - 200 null application/json; charset=utf-8 42.6193ms
2026-04-08 12:42:43.216 [INF] Microsoft.AspNetCore.Hosting.Diagnostics | Request starting HTTP/1.1 OPTIONS http://localhost:5217/api/SalaryYear/GetSalaryYearsByOrgId?orgId=1 - null null
2026-04-08 12:42:43.216 [INF] Microsoft.AspNetCore.Cors.Infrastructure.CorsService | CORS policy execution successful.
2026-04-08 12:42:43.216 [INF] Microsoft.AspNetCore.Hosting.Diagnostics | Request finished HTTP/1.1 OPTIONS http://localhost:5217/api/SalaryYear/GetSalaryYearsByOrgId?orgId=1 - 204 null null 0.1661ms
2026-04-08 12:42:43.218 [INF] Microsoft.AspNetCore.Hosting.Diagnostics | Request starting HTTP/1.1 GET http://localhost:5217/api/SalaryYear/GetSalaryYearsByOrgId?orgId=1 - application/json null
2026-04-08 12:42:43.218 [INF] Microsoft.AspNetCore.Cors.Infrastructure.CorsService | CORS policy execution successful.
2026-04-08 12:42:43.218 [INF] Microsoft.AspNetCore.Routing.EndpointMiddleware | Executing endpoint 'backend.Controllers.SalaryYearController.GetSalaryYearsByOrgId (backend)'
2026-04-08 12:42:43.218 [INF] Microsoft.AspNetCore.Mvc.Infrastructure.ControllerActionInvoker | Route matched with {action = "GetSalaryYearsByOrgId", controller = "SalaryYear"}. Executing controller action with signature System.Threading.Tasks.Task`1[Microsoft.AspNetCore.Mvc.IActionResult] GetSalaryYearsByOrgId(System.String) on controller backend.Controllers.SalaryYearController (backend).
2026-04-08 12:42:43.268 [INF] Microsoft.AspNetCore.Mvc.Infrastructure.ObjectResultExecutor | Executing OkObjectResult, writing value of type 'System.Collections.Generic.List`1[[backend.Models.SalaryYear, backend, Version=1.0.0.0, Culture=neutral, PublicKeyToken=null]]'.
2026-04-08 12:42:43.269 [INF] Microsoft.AspNetCore.Mvc.Infrastructure.ControllerActionInvoker | Executed action backend.Controllers.SalaryYearController.GetSalaryYearsByOrgId (backend) in 50.3053ms
2026-04-08 12:42:43.269 [INF] Microsoft.AspNetCore.Routing.EndpointMiddleware | Executed endpoint 'backend.Controllers.SalaryYearController.GetSalaryYearsByOrgId (backend)'
2026-04-08 12:42:43.269 [INF] Serilog.AspNetCore.RequestLoggingMiddleware | HTTP GET /api/SalaryYear/GetSalaryYearsByOrgId → 200 (50.4ms)
2026-04-08 12:42:43.269 [INF] Microsoft.AspNetCore.Hosting.Diagnostics | Request finished HTTP/1.1 GET http://localhost:5217/api/SalaryYear/GetSalaryYearsByOrgId?orgId=1 - 200 null application/json; charset=utf-8 50.727ms
2026-04-08 12:42:43.438 [INF] Microsoft.AspNetCore.Hosting.Diagnostics | Request starting HTTP/1.1 OPTIONS http://localhost:5217/api/employees?organizationId=1 - null null
2026-04-08 12:42:43.438 [INF] Microsoft.AspNetCore.Cors.Infrastructure.CorsService | CORS policy execution successful.
2026-04-08 12:42:43.438 [INF] Microsoft.AspNetCore.Hosting.Diagnostics | Request finished HTTP/1.1 OPTIONS http://localhost:5217/api/employees?organizationId=1 - 204 null null 0.1527ms
2026-04-08 12:42:43.439 [INF] Microsoft.AspNetCore.Hosting.Diagnostics | Request starting HTTP/1.1 GET http://localhost:5217/api/employees?organizationId=1 - application/json null
2026-04-08 12:42:43.439 [INF] Microsoft.AspNetCore.Cors.Infrastructure.CorsService | CORS policy execution successful.
2026-04-08 12:42:43.439 [INF] Microsoft.AspNetCore.Routing.EndpointMiddleware | Executing endpoint 'backend.Controllers.EmployeesController.GetEmployees (backend)'
2026-04-08 12:42:43.439 [INF] Microsoft.AspNetCore.Mvc.Infrastructure.ControllerActionInvoker | Route matched with {action = "GetEmployees", controller = "Employees"}. Executing controller action with signature System.Threading.Tasks.Task`1[Microsoft.AspNetCore.Mvc.IActionResult] GetEmployees(System.Nullable`1[System.Int32]) on controller backend.Controllers.EmployeesController (backend).
2026-04-08 12:42:43.439 [INF] backend.Controllers.EmployeesController | [Employees] GET all | TargetOrgId=1 | UserOrgId=2
2026-04-08 12:42:43.463 [INF] Microsoft.AspNetCore.Mvc.Infrastructure.ObjectResultExecutor | Executing OkObjectResult, writing value of type 'System.Collections.Generic.List`1[[backend.Models.Employee, backend, Version=1.0.0.0, Culture=neutral, PublicKeyToken=null]]'.
2026-04-08 12:42:43.463 [INF] Microsoft.AspNetCore.Mvc.Infrastructure.ControllerActionInvoker | Executed action backend.Controllers.EmployeesController.GetEmployees (backend) in 23.5786ms
2026-04-08 12:42:43.463 [INF] Microsoft.AspNetCore.Routing.EndpointMiddleware | Executed endpoint 'backend.Controllers.EmployeesController.GetEmployees (backend)'
2026-04-08 12:42:43.463 [INF] Serilog.AspNetCore.RequestLoggingMiddleware | HTTP GET /api/employees → 200 (23.8ms)
2026-04-08 12:42:43.463 [INF] Microsoft.AspNetCore.Hosting.Diagnostics | Request finished HTTP/1.1 GET http://localhost:5217/api/employees?organizationId=1 - 200 null application/json; charset=utf-8 24.1206ms
2026-04-08 12:42:43.543 [INF] Microsoft.AspNetCore.Hosting.Diagnostics | Request starting HTTP/1.1 OPTIONS http://localhost:5217/api/SalarySettings/GetSalarySettings?orgId=1&salaryYearId=2 - null null
2026-04-08 12:42:43.543 [INF] Microsoft.AspNetCore.Cors.Infrastructure.CorsService | CORS policy execution successful.
2026-04-08 12:42:43.543 [INF] Microsoft.AspNetCore.Hosting.Diagnostics | Request finished HTTP/1.1 OPTIONS http://localhost:5217/api/SalarySettings/GetSalarySettings?orgId=1&salaryYearId=2 - 204 null null 0.1869ms
2026-04-08 12:42:43.545 [INF] Microsoft.AspNetCore.Hosting.Diagnostics | Request starting HTTP/1.1 GET http://localhost:5217/api/SalarySettings/GetSalarySettings?orgId=1&salaryYearId=2 - application/json null
2026-04-08 12:42:43.545 [INF] Microsoft.AspNetCore.Cors.Infrastructure.CorsService | CORS policy execution successful.
2026-04-08 12:42:43.545 [INF] Microsoft.AspNetCore.Routing.EndpointMiddleware | Executing endpoint 'backend.Controllers.SalarySettingsController.GetSalarySettings (backend)'
2026-04-08 12:42:43.545 [INF] Microsoft.AspNetCore.Mvc.Infrastructure.ControllerActionInvoker | Route matched with {action = "GetSalarySettings", controller = "SalarySettings"}. Executing controller action with signature System.Threading.Tasks.Task`1[Microsoft.AspNetCore.Mvc.IActionResult] GetSalarySettings(System.String, System.String) on controller backend.Controllers.SalarySettingsController (backend).
2026-04-08 12:42:43.558 [INF] Microsoft.AspNetCore.Mvc.Infrastructure.ObjectResultExecutor | Executing OkObjectResult, writing value of type 'System.Collections.Generic.List`1[[backend.Models.SalarySettings, backend, Version=1.0.0.0, Culture=neutral, PublicKeyToken=null]]'.
2026-04-08 12:42:43.558 [INF] Microsoft.AspNetCore.Mvc.Infrastructure.ControllerActionInvoker | Executed action backend.Controllers.SalarySettingsController.GetSalarySettings (backend) in 13.0705ms
2026-04-08 12:42:43.558 [INF] Microsoft.AspNetCore.Routing.EndpointMiddleware | Executed endpoint 'backend.Controllers.SalarySettingsController.GetSalarySettings (backend)'
2026-04-08 12:42:43.558 [INF] Serilog.AspNetCore.RequestLoggingMiddleware | HTTP GET /api/SalarySettings/GetSalarySettings → 200 (13.3ms)
2026-04-08 12:42:43.558 [INF] Microsoft.AspNetCore.Hosting.Diagnostics | Request finished HTTP/1.1 GET http://localhost:5217/api/SalarySettings/GetSalarySettings?orgId=1&salaryYearId=2 - 200 null application/json; charset=utf-8 13.533ms
2026-04-08 12:42:43.987 [INF] Microsoft.AspNetCore.Hosting.Diagnostics | Request starting HTTP/1.1 OPTIONS http://localhost:5217/hubs/salarysettings/negotiate?negotiateVersion=1 - null null
2026-04-08 12:42:43.987 [INF] Microsoft.AspNetCore.Cors.Infrastructure.CorsService | CORS policy execution successful.
2026-04-08 12:42:43.987 [INF] Microsoft.AspNetCore.Hosting.Diagnostics | Request finished HTTP/1.1 OPTIONS http://localhost:5217/hubs/salarysettings/negotiate?negotiateVersion=1 - 204 null null 0.2684ms
2026-04-08 12:42:43.988 [INF] Microsoft.AspNetCore.Hosting.Diagnostics | Request starting HTTP/1.1 POST http://localhost:5217/hubs/salarysettings/negotiate?negotiateVersion=1 - text/plain;charset=UTF-8 0
2026-04-08 12:42:43.988 [INF] Microsoft.AspNetCore.Cors.Infrastructure.CorsService | CORS policy execution successful.
2026-04-08 12:42:43.989 [INF] Microsoft.AspNetCore.Routing.EndpointMiddleware | Executing endpoint '/hubs/salarysettings/negotiate'
2026-04-08 12:42:43.989 [INF] Microsoft.AspNetCore.Routing.EndpointMiddleware | Executed endpoint '/hubs/salarysettings/negotiate'
2026-04-08 12:42:43.989 [INF] Serilog.AspNetCore.RequestLoggingMiddleware | HTTP POST /hubs/salarysettings/negotiate → 200 (0.2ms)
2026-04-08 12:42:43.989 [INF] Microsoft.AspNetCore.Hosting.Diagnostics | Request finished HTTP/1.1 POST http://localhost:5217/hubs/salarysettings/negotiate?negotiateVersion=1 - 200 316 application/json 0.5263ms
2026-04-08 12:42:44.033 [INF] Microsoft.AspNetCore.Hosting.Diagnostics | Request starting HTTP/1.1 GET http://localhost:5217/hubs/salarysettings?id=oCklLsK6_F26hinYEwYY0A&access_token=eyJhbGciOiJIUzI1NiIsInR5cCI6IkpXVCJ9.eyJuYW1laWQiOiIxOCIsInVuaXF1ZV9uYW1lIjoidmFzYW50aGFrdW1hciIsImVtYWlsIjoidmFzYW50aDIwMDR2a0BnbWFpbC5jb20iLCJyb2xlIjoiU3VwZXJBZG1pbiIsIk9yZ2FuaXphdGlvbklkIjoiMiIsIk9yZ2FuaXphdGlvbkxvZ28iOiIvdXBsb2Fkcy9vcmctbG9nb3Mvb3JnLWxvZ28tNTg3M2M0NzVkOTFkNGJiZDkwNDZkZWVjNjY3ZDEzNmMuanBnIiwibmJmIjoxNzc1NjI5OTc0LCJleHAiOjE3NzU3MTYzNzQsImlhdCI6MTc3NTYyOTk3NCwiaXNzIjoiUHJvRGVzWC1CYWNrZW5kIiwiYXVkIjoiUHJvRGVzWC1Gcm9udGVuZCJ9.igbT3pLpIiahwfTYCSUnLfgWrpW2xHWNEZnnwNqmD4o - null null
2026-04-08 12:42:44.033 [INF] Microsoft.AspNetCore.Cors.Infrastructure.CorsService | CORS policy execution successful.
2026-04-08 12:42:44.033 [INF] Microsoft.AspNetCore.Routing.EndpointMiddleware | Executing endpoint '/hubs/salarysettings'
2026-04-08 12:42:45.222 [INF] Microsoft.AspNetCore.Hosting.Diagnostics | Request starting HTTP/1.1 GET http://localhost:5217/api/employees?organizationId=1 - application/json null
2026-04-08 12:42:45.223 [INF] Microsoft.AspNetCore.Cors.Infrastructure.CorsService | CORS policy execution successful.
2026-04-08 12:42:45.223 [INF] Microsoft.AspNetCore.Routing.EndpointMiddleware | Executing endpoint 'backend.Controllers.EmployeesController.GetEmployees (backend)'
2026-04-08 12:42:45.223 [INF] Microsoft.AspNetCore.Mvc.Infrastructure.ControllerActionInvoker | Route matched with {action = "GetEmployees", controller = "Employees"}. Executing controller action with signature System.Threading.Tasks.Task`1[Microsoft.AspNetCore.Mvc.IActionResult] GetEmployees(System.Nullable`1[System.Int32]) on controller backend.Controllers.EmployeesController (backend).
2026-04-08 12:42:45.223 [INF] backend.Controllers.EmployeesController | [Employees] GET all | TargetOrgId=1 | UserOrgId=2
2026-04-08 12:42:45.250 [INF] Microsoft.AspNetCore.Mvc.Infrastructure.ObjectResultExecutor | Executing OkObjectResult, writing value of type 'System.Collections.Generic.List`1[[backend.Models.Employee, backend, Version=1.0.0.0, Culture=neutral, PublicKeyToken=null]]'.
2026-04-08 12:42:45.250 [INF] Microsoft.AspNetCore.Mvc.Infrastructure.ControllerActionInvoker | Executed action backend.Controllers.EmployeesController.GetEmployees (backend) in 27.3156ms
2026-04-08 12:42:45.250 [INF] Microsoft.AspNetCore.Routing.EndpointMiddleware | Executed endpoint 'backend.Controllers.EmployeesController.GetEmployees (backend)'
2026-04-08 12:42:45.250 [INF] Serilog.AspNetCore.RequestLoggingMiddleware | HTTP GET /api/employees → 200 (27.5ms)
2026-04-08 12:42:45.250 [INF] Microsoft.AspNetCore.Hosting.Diagnostics | Request finished HTTP/1.1 GET http://localhost:5217/api/employees?organizationId=1 - 200 null application/json; charset=utf-8 27.7472ms
2026-04-08 12:42:45.425 [INF] Microsoft.AspNetCore.Hosting.Diagnostics | Request starting HTTP/1.1 GET http://localhost:5217/api/SalarySettings/GetSalarySettings?orgId=1&salaryYearId=2 - application/json null
2026-04-08 12:42:45.425 [INF] Microsoft.AspNetCore.Cors.Infrastructure.CorsService | CORS policy execution successful.
2026-04-08 12:42:45.426 [INF] Microsoft.AspNetCore.Routing.EndpointMiddleware | Executing endpoint 'backend.Controllers.SalarySettingsController.GetSalarySettings (backend)'
2026-04-08 12:42:45.426 [INF] Microsoft.AspNetCore.Mvc.Infrastructure.ControllerActionInvoker | Route matched with {action = "GetSalarySettings", controller = "SalarySettings"}. Executing controller action with signature System.Threading.Tasks.Task`1[Microsoft.AspNetCore.Mvc.IActionResult] GetSalarySettings(System.String, System.String) on controller backend.Controllers.SalarySettingsController (backend).
2026-04-08 12:42:45.489 [INF] Microsoft.AspNetCore.Mvc.Infrastructure.ObjectResultExecutor | Executing OkObjectResult, writing value of type 'System.Collections.Generic.List`1[[backend.Models.SalarySettings, backend, Version=1.0.0.0, Culture=neutral, PublicKeyToken=null]]'.
2026-04-08 12:42:45.489 [INF] Microsoft.AspNetCore.Mvc.Infrastructure.ControllerActionInvoker | Executed action backend.Controllers.SalarySettingsController.GetSalarySettings (backend) in 63.4716ms
2026-04-08 12:42:45.489 [INF] Microsoft.AspNetCore.Routing.EndpointMiddleware | Executed endpoint 'backend.Controllers.SalarySettingsController.GetSalarySettings (backend)'
2026-04-08 12:42:45.489 [INF] Serilog.AspNetCore.RequestLoggingMiddleware | HTTP GET /api/SalarySettings/GetSalarySettings → 200 (63.7ms)
2026-04-08 12:42:45.490 [INF] Microsoft.AspNetCore.Hosting.Diagnostics | Request finished HTTP/1.1 GET http://localhost:5217/api/SalarySettings/GetSalarySettings?orgId=1&salaryYearId=2 - 200 null application/json; charset=utf-8 64.1323ms
2026-04-08 12:42:46.045 [INF] Microsoft.AspNetCore.Hosting.Diagnostics | Request starting HTTP/1.1 GET http://localhost:5217/api/employees?organizationId=1 - application/json null
2026-04-08 12:42:46.045 [INF] Microsoft.AspNetCore.Cors.Infrastructure.CorsService | CORS policy execution successful.
2026-04-08 12:42:46.045 [INF] Microsoft.AspNetCore.Routing.EndpointMiddleware | Executing endpoint 'backend.Controllers.EmployeesController.GetEmployees (backend)'
2026-04-08 12:42:46.046 [INF] Microsoft.AspNetCore.Mvc.Infrastructure.ControllerActionInvoker | Route matched with {action = "GetEmployees", controller = "Employees"}. Executing controller action with signature System.Threading.Tasks.Task`1[Microsoft.AspNetCore.Mvc.IActionResult] GetEmployees(System.Nullable`1[System.Int32]) on controller backend.Controllers.EmployeesController (backend).
2026-04-08 12:42:46.046 [INF] backend.Controllers.EmployeesController | [Employees] GET all | TargetOrgId=1 | UserOrgId=2
2026-04-08 12:42:46.105 [INF] Microsoft.AspNetCore.Mvc.Infrastructure.ObjectResultExecutor | Executing OkObjectResult, writing value of type 'System.Collections.Generic.List`1[[backend.Models.Employee, backend, Version=1.0.0.0, Culture=neutral, PublicKeyToken=null]]'.
2026-04-08 12:42:46.105 [INF] Microsoft.AspNetCore.Mvc.Infrastructure.ControllerActionInvoker | Executed action backend.Controllers.EmployeesController.GetEmployees (backend) in 59.7482ms
2026-04-08 12:42:46.105 [INF] Microsoft.AspNetCore.Routing.EndpointMiddleware | Executed endpoint 'backend.Controllers.EmployeesController.GetEmployees (backend)'
2026-04-08 12:42:46.105 [INF] Serilog.AspNetCore.RequestLoggingMiddleware | HTTP GET /api/employees → 200 (59.9ms)
2026-04-08 12:42:46.105 [INF] Microsoft.AspNetCore.Hosting.Diagnostics | Request finished HTTP/1.1 GET http://localhost:5217/api/employees?organizationId=1 - 200 null application/json; charset=utf-8 60.3572ms
2026-04-08 12:42:46.176 [INF] Microsoft.AspNetCore.Hosting.Diagnostics | Request starting HTTP/1.1 GET http://localhost:5217/api/employees?organizationId=1 - application/json null
2026-04-08 12:42:46.176 [INF] Microsoft.AspNetCore.Cors.Infrastructure.CorsService | CORS policy execution successful.
2026-04-08 12:42:46.177 [INF] Microsoft.AspNetCore.Routing.EndpointMiddleware | Executing endpoint 'backend.Controllers.EmployeesController.GetEmployees (backend)'
2026-04-08 12:42:46.177 [INF] Microsoft.AspNetCore.Mvc.Infrastructure.ControllerActionInvoker | Route matched with {action = "GetEmployees", controller = "Employees"}. Executing controller action with signature System.Threading.Tasks.Task`1[Microsoft.AspNetCore.Mvc.IActionResult] GetEmployees(System.Nullable`1[System.Int32]) on controller backend.Controllers.EmployeesController (backend).
2026-04-08 12:42:46.177 [INF] backend.Controllers.EmployeesController | [Employees] GET all | TargetOrgId=1 | UserOrgId=2
2026-04-08 12:42:46.234 [INF] Microsoft.AspNetCore.Mvc.Infrastructure.ObjectResultExecutor | Executing OkObjectResult, writing value of type 'System.Collections.Generic.List`1[[backend.Models.Employee, backend, Version=1.0.0.0, Culture=neutral, PublicKeyToken=null]]'.
2026-04-08 12:42:46.234 [INF] Microsoft.AspNetCore.Mvc.Infrastructure.ControllerActionInvoker | Executed action backend.Controllers.EmployeesController.GetEmployees (backend) in 57.7217ms
2026-04-08 12:42:46.234 [INF] Microsoft.AspNetCore.Routing.EndpointMiddleware | Executed endpoint 'backend.Controllers.EmployeesController.GetEmployees (backend)'
2026-04-08 12:42:46.235 [INF] Serilog.AspNetCore.RequestLoggingMiddleware | HTTP GET /api/employees → 200 (57.9ms)
2026-04-08 12:42:46.235 [INF] Microsoft.AspNetCore.Hosting.Diagnostics | Request finished HTTP/1.1 GET http://localhost:5217/api/employees?organizationId=1 - 200 null application/json; charset=utf-8 58.2267ms
2026-04-08 12:42:46.333 [INF] Microsoft.AspNetCore.Hosting.Diagnostics | Request starting HTTP/1.1 GET http://localhost:5217/api/employees?organizationId=1 - application/json null
2026-04-08 12:42:46.333 [INF] Microsoft.AspNetCore.Cors.Infrastructure.CorsService | CORS policy execution successful.
2026-04-08 12:42:46.333 [INF] Microsoft.AspNetCore.Routing.EndpointMiddleware | Executing endpoint 'backend.Controllers.EmployeesController.GetEmployees (backend)'
2026-04-08 12:42:46.333 [INF] Microsoft.AspNetCore.Mvc.Infrastructure.ControllerActionInvoker | Route matched with {action = "GetEmployees", controller = "Employees"}. Executing controller action with signature System.Threading.Tasks.Task`1[Microsoft.AspNetCore.Mvc.IActionResult] GetEmployees(System.Nullable`1[System.Int32]) on controller backend.Controllers.EmployeesController (backend).
2026-04-08 12:42:46.334 [INF] backend.Controllers.EmployeesController | [Employees] GET all | TargetOrgId=1 | UserOrgId=2
2026-04-08 12:42:46.431 [INF] Microsoft.AspNetCore.Mvc.Infrastructure.ObjectResultExecutor | Executing OkObjectResult, writing value of type 'System.Collections.Generic.List`1[[backend.Models.Employee, backend, Version=1.0.0.0, Culture=neutral, PublicKeyToken=null]]'.
2026-04-08 12:42:46.432 [INF] Microsoft.AspNetCore.Mvc.Infrastructure.ControllerActionInvoker | Executed action backend.Controllers.EmployeesController.GetEmployees (backend) in 98.0713ms
2026-04-08 12:42:46.432 [INF] Microsoft.AspNetCore.Routing.EndpointMiddleware | Executed endpoint 'backend.Controllers.EmployeesController.GetEmployees (backend)'
2026-04-08 12:42:46.432 [INF] Serilog.AspNetCore.RequestLoggingMiddleware | HTTP GET /api/employees → 200 (98.3ms)
2026-04-08 12:42:46.432 [INF] Microsoft.AspNetCore.Hosting.Diagnostics | Request finished HTTP/1.1 GET http://localhost:5217/api/employees?organizationId=1 - 200 null application/json; charset=utf-8 98.9227ms
2026-04-08 12:42:46.489 [INF] Microsoft.AspNetCore.Hosting.Diagnostics | Request starting HTTP/1.1 GET http://localhost:5217/api/employees?organizationId=1 - application/json null
2026-04-08 12:42:46.489 [INF] Microsoft.AspNetCore.Cors.Infrastructure.CorsService | CORS policy execution successful.
2026-04-08 12:42:46.490 [INF] Microsoft.AspNetCore.Routing.EndpointMiddleware | Executing endpoint 'backend.Controllers.EmployeesController.GetEmployees (backend)'
2026-04-08 12:42:46.490 [INF] Microsoft.AspNetCore.Mvc.Infrastructure.ControllerActionInvoker | Route matched with {action = "GetEmployees", controller = "Employees"}. Executing controller action with signature System.Threading.Tasks.Task`1[Microsoft.AspNetCore.Mvc.IActionResult] GetEmployees(System.Nullable`1[System.Int32]) on controller backend.Controllers.EmployeesController (backend).
2026-04-08 12:42:46.490 [INF] backend.Controllers.EmployeesController | [Employees] GET all | TargetOrgId=1 | UserOrgId=2
2026-04-08 12:42:46.551 [INF] Microsoft.AspNetCore.Mvc.Infrastructure.ObjectResultExecutor | Executing OkObjectResult, writing value of type 'System.Collections.Generic.List`1[[backend.Models.Employee, backend, Version=1.0.0.0, Culture=neutral, PublicKeyToken=null]]'.
2026-04-08 12:42:46.551 [INF] Microsoft.AspNetCore.Mvc.Infrastructure.ControllerActionInvoker | Executed action backend.Controllers.EmployeesController.GetEmployees (backend) in 61.5597ms
2026-04-08 12:42:46.551 [INF] Microsoft.AspNetCore.Routing.EndpointMiddleware | Executed endpoint 'backend.Controllers.EmployeesController.GetEmployees (backend)'
2026-04-08 12:42:46.551 [INF] Serilog.AspNetCore.RequestLoggingMiddleware | HTTP GET /api/employees → 200 (61.8ms)
2026-04-08 12:42:46.551 [INF] Microsoft.AspNetCore.Hosting.Diagnostics | Request finished HTTP/1.1 GET http://localhost:5217/api/employees?organizationId=1 - 200 null application/json; charset=utf-8 62.1499ms
2026-04-08 12:42:46.690 [INF] Microsoft.AspNetCore.Hosting.Diagnostics | Request starting HTTP/1.1 GET http://localhost:5217/api/employees?organizationId=1 - application/json null
2026-04-08 12:42:46.690 [INF] Microsoft.AspNetCore.Cors.Infrastructure.CorsService | CORS policy execution successful.
2026-04-08 12:42:46.690 [INF] Microsoft.AspNetCore.Routing.EndpointMiddleware | Executing endpoint 'backend.Controllers.EmployeesController.GetEmployees (backend)'
2026-04-08 12:42:46.690 [INF] Microsoft.AspNetCore.Mvc.Infrastructure.ControllerActionInvoker | Route matched with {action = "GetEmployees", controller = "Employees"}. Executing controller action with signature System.Threading.Tasks.Task`1[Microsoft.AspNetCore.Mvc.IActionResult] GetEmployees(System.Nullable`1[System.Int32]) on controller backend.Controllers.EmployeesController (backend).
2026-04-08 12:42:46.691 [INF] backend.Controllers.EmployeesController | [Employees] GET all | TargetOrgId=1 | UserOrgId=2
2026-04-08 12:42:46.767 [INF] Microsoft.AspNetCore.Mvc.Infrastructure.ObjectResultExecutor | Executing OkObjectResult, writing value of type 'System.Collections.Generic.List`1[[backend.Models.Employee, backend, Version=1.0.0.0, Culture=neutral, PublicKeyToken=null]]'.
2026-04-08 12:42:46.767 [INF] Microsoft.AspNetCore.Mvc.Infrastructure.ControllerActionInvoker | Executed action backend.Controllers.EmployeesController.GetEmployees (backend) in 76.3553ms
2026-04-08 12:42:46.767 [INF] Microsoft.AspNetCore.Routing.EndpointMiddleware | Executed endpoint 'backend.Controllers.EmployeesController.GetEmployees (backend)'
2026-04-08 12:42:46.767 [INF] Serilog.AspNetCore.RequestLoggingMiddleware | HTTP GET /api/employees → 200 (76.5ms)
2026-04-08 12:42:46.767 [INF] Microsoft.AspNetCore.Hosting.Diagnostics | Request finished HTTP/1.1 GET http://localhost:5217/api/employees?organizationId=1 - 200 null application/json; charset=utf-8 76.8855ms
2026-04-08 12:42:46.923 [INF] Microsoft.AspNetCore.Hosting.Diagnostics | Request starting HTTP/1.1 GET http://localhost:5217/api/SalarySettings/GetSalarySettings?orgId=1&salaryYearId=2 - application/json null
2026-04-08 12:42:46.924 [INF] Microsoft.AspNetCore.Cors.Infrastructure.CorsService | CORS policy execution successful.
2026-04-08 12:42:46.924 [INF] Microsoft.AspNetCore.Routing.EndpointMiddleware | Executing endpoint 'backend.Controllers.SalarySettingsController.GetSalarySettings (backend)'
2026-04-08 12:42:46.924 [INF] Microsoft.AspNetCore.Mvc.Infrastructure.ControllerActionInvoker | Route matched with {action = "GetSalarySettings", controller = "SalarySettings"}. Executing controller action with signature System.Threading.Tasks.Task`1[Microsoft.AspNetCore.Mvc.IActionResult] GetSalarySettings(System.String, System.String) on controller backend.Controllers.SalarySettingsController (backend).
2026-04-08 12:42:46.987 [INF] Microsoft.AspNetCore.Mvc.Infrastructure.ObjectResultExecutor | Executing OkObjectResult, writing value of type 'System.Collections.Generic.List`1[[backend.Models.SalarySettings, backend, Version=1.0.0.0, Culture=neutral, PublicKeyToken=null]]'.
2026-04-08 12:42:46.988 [INF] Microsoft.AspNetCore.Mvc.Infrastructure.ControllerActionInvoker | Executed action backend.Controllers.SalarySettingsController.GetSalarySettings (backend) in 63.7428ms
2026-04-08 12:42:46.988 [INF] Microsoft.AspNetCore.Routing.EndpointMiddleware | Executed endpoint 'backend.Controllers.SalarySettingsController.GetSalarySettings (backend)'
2026-04-08 12:42:46.988 [INF] Serilog.AspNetCore.RequestLoggingMiddleware | HTTP GET /api/SalarySettings/GetSalarySettings → 200 (63.9ms)
2026-04-08 12:42:46.988 [INF] Microsoft.AspNetCore.Hosting.Diagnostics | Request finished HTTP/1.1 GET http://localhost:5217/api/SalarySettings/GetSalarySettings?orgId=1&salaryYearId=2 - 200 null application/json; charset=utf-8 64.2662ms
2026-04-08 12:42:46.989 [INF] Microsoft.AspNetCore.Hosting.Diagnostics | Request starting HTTP/1.1 GET http://localhost:5217/api/SalarySettings/GetSalarySettings?orgId=1&salaryYearId=2 - application/json null
2026-04-08 12:42:46.989 [INF] Microsoft.AspNetCore.Cors.Infrastructure.CorsService | CORS policy execution successful.
2026-04-08 12:42:46.989 [INF] Microsoft.AspNetCore.Routing.EndpointMiddleware | Executing endpoint 'backend.Controllers.SalarySettingsController.GetSalarySettings (backend)'
2026-04-08 12:42:46.989 [INF] Microsoft.AspNetCore.Mvc.Infrastructure.ControllerActionInvoker | Route matched with {action = "GetSalarySettings", controller = "SalarySettings"}. Executing controller action with signature System.Threading.Tasks.Task`1[Microsoft.AspNetCore.Mvc.IActionResult] GetSalarySettings(System.String, System.String) on controller backend.Controllers.SalarySettingsController (backend).
2026-04-08 12:42:47.050 [INF] Microsoft.AspNetCore.Mvc.Infrastructure.ObjectResultExecutor | Executing OkObjectResult, writing value of type 'System.Collections.Generic.List`1[[backend.Models.SalarySettings, backend, Version=1.0.0.0, Culture=neutral, PublicKeyToken=null]]'.
2026-04-08 12:42:47.050 [INF] Microsoft.AspNetCore.Mvc.Infrastructure.ControllerActionInvoker | Executed action backend.Controllers.SalarySettingsController.GetSalarySettings (backend) in 61.0172ms
2026-04-08 12:42:47.050 [INF] Microsoft.AspNetCore.Routing.EndpointMiddleware | Executed endpoint 'backend.Controllers.SalarySettingsController.GetSalarySettings (backend)'
2026-04-08 12:42:47.050 [INF] Serilog.AspNetCore.RequestLoggingMiddleware | HTTP GET /api/SalarySettings/GetSalarySettings → 200 (61.1ms)
2026-04-08 12:42:47.050 [INF] Microsoft.AspNetCore.Hosting.Diagnostics | Request finished HTTP/1.1 GET http://localhost:5217/api/SalarySettings/GetSalarySettings?orgId=1&salaryYearId=2 - 200 null application/json; charset=utf-8 61.3826ms
2026-04-08 12:42:47.052 [INF] Microsoft.AspNetCore.Hosting.Diagnostics | Request starting HTTP/1.1 GET http://localhost:5217/api/SalarySettings/GetSalarySettings?orgId=1&salaryYearId=2 - application/json null
2026-04-08 12:42:47.052 [INF] Microsoft.AspNetCore.Cors.Infrastructure.CorsService | CORS policy execution successful.
2026-04-08 12:42:47.052 [INF] Microsoft.AspNetCore.Routing.EndpointMiddleware | Executing endpoint 'backend.Controllers.SalarySettingsController.GetSalarySettings (backend)'
2026-04-08 12:42:47.052 [INF] Microsoft.AspNetCore.Mvc.Infrastructure.ControllerActionInvoker | Route matched with {action = "GetSalarySettings", controller = "SalarySettings"}. Executing controller action with signature System.Threading.Tasks.Task`1[Microsoft.AspNetCore.Mvc.IActionResult] GetSalarySettings(System.String, System.String) on controller backend.Controllers.SalarySettingsController (backend).
2026-04-08 12:42:47.117 [INF] Microsoft.AspNetCore.Mvc.Infrastructure.ObjectResultExecutor | Executing OkObjectResult, writing value of type 'System.Collections.Generic.List`1[[backend.Models.SalarySettings, backend, Version=1.0.0.0, Culture=neutral, PublicKeyToken=null]]'.
2026-04-08 12:42:47.117 [INF] Microsoft.AspNetCore.Mvc.Infrastructure.ControllerActionInvoker | Executed action backend.Controllers.SalarySettingsController.GetSalarySettings (backend) in 64.2711ms
2026-04-08 12:42:47.117 [INF] Microsoft.AspNetCore.Routing.EndpointMiddleware | Executed endpoint 'backend.Controllers.SalarySettingsController.GetSalarySettings (backend)'
2026-04-08 12:42:47.117 [INF] Serilog.AspNetCore.RequestLoggingMiddleware | HTTP GET /api/SalarySettings/GetSalarySettings → 200 (64.4ms)
2026-04-08 12:42:47.117 [INF] Microsoft.AspNetCore.Hosting.Diagnostics | Request finished HTTP/1.1 GET http://localhost:5217/api/SalarySettings/GetSalarySettings?orgId=1&salaryYearId=2 - 200 null application/json; charset=utf-8 64.8244ms
2026-04-08 12:42:47.118 [INF] Microsoft.AspNetCore.Hosting.Diagnostics | Request starting HTTP/1.1 GET http://localhost:5217/api/SalarySettings/GetSalarySettings?orgId=1&salaryYearId=2 - application/json null
2026-04-08 12:42:47.118 [INF] Microsoft.AspNetCore.Cors.Infrastructure.CorsService | CORS policy execution successful.
2026-04-08 12:42:47.118 [INF] Microsoft.AspNetCore.Routing.EndpointMiddleware | Executing endpoint 'backend.Controllers.SalarySettingsController.GetSalarySettings (backend)'
2026-04-08 12:42:47.118 [INF] Microsoft.AspNetCore.Mvc.Infrastructure.ControllerActionInvoker | Route matched with {action = "GetSalarySettings", controller = "SalarySettings"}. Executing controller action with signature System.Threading.Tasks.Task`1[Microsoft.AspNetCore.Mvc.IActionResult] GetSalarySettings(System.String, System.String) on controller backend.Controllers.SalarySettingsController (backend).
2026-04-08 12:42:47.183 [INF] Microsoft.AspNetCore.Mvc.Infrastructure.ObjectResultExecutor | Executing OkObjectResult, writing value of type 'System.Collections.Generic.List`1[[backend.Models.SalarySettings, backend, Version=1.0.0.0, Culture=neutral, PublicKeyToken=null]]'.
2026-04-08 12:42:47.183 [INF] Microsoft.AspNetCore.Mvc.Infrastructure.ControllerActionInvoker | Executed action backend.Controllers.SalarySettingsController.GetSalarySettings (backend) in 64.6051ms
2026-04-08 12:42:47.183 [INF] Microsoft.AspNetCore.Routing.EndpointMiddleware | Executed endpoint 'backend.Controllers.SalarySettingsController.GetSalarySettings (backend)'
2026-04-08 12:42:47.183 [INF] Serilog.AspNetCore.RequestLoggingMiddleware | HTTP GET /api/SalarySettings/GetSalarySettings → 200 (64.7ms)
2026-04-08 12:42:47.183 [INF] Microsoft.AspNetCore.Hosting.Diagnostics | Request finished HTTP/1.1 GET http://localhost:5217/api/SalarySettings/GetSalarySettings?orgId=1&salaryYearId=2 - 200 null application/json; charset=utf-8 65.0483ms
2026-04-08 12:42:47.185 [INF] Microsoft.AspNetCore.Hosting.Diagnostics | Request starting HTTP/1.1 GET http://localhost:5217/api/SalarySettings/GetSalarySettings?orgId=1&salaryYearId=2 - application/json null
2026-04-08 12:42:47.185 [INF] Microsoft.AspNetCore.Cors.Infrastructure.CorsService | CORS policy execution successful.
2026-04-08 12:42:47.185 [INF] Microsoft.AspNetCore.Routing.EndpointMiddleware | Executing endpoint 'backend.Controllers.SalarySettingsController.GetSalarySettings (backend)'
2026-04-08 12:42:47.185 [INF] Microsoft.AspNetCore.Mvc.Infrastructure.ControllerActionInvoker | Route matched with {action = "GetSalarySettings", controller = "SalarySettings"}. Executing controller action with signature System.Threading.Tasks.Task`1[Microsoft.AspNetCore.Mvc.IActionResult] GetSalarySettings(System.String, System.String) on controller backend.Controllers.SalarySettingsController (backend).
2026-04-08 12:42:47.264 [INF] Microsoft.AspNetCore.Mvc.Infrastructure.ObjectResultExecutor | Executing OkObjectResult, writing value of type 'System.Collections.Generic.List`1[[backend.Models.SalarySettings, backend, Version=1.0.0.0, Culture=neutral, PublicKeyToken=null]]'.
2026-04-08 12:42:47.265 [INF] Microsoft.AspNetCore.Mvc.Infrastructure.ControllerActionInvoker | Executed action backend.Controllers.SalarySettingsController.GetSalarySettings (backend) in 80.0559ms
2026-04-08 12:42:47.265 [INF] Microsoft.AspNetCore.Routing.EndpointMiddleware | Executed endpoint 'backend.Controllers.SalarySettingsController.GetSalarySettings (backend)'
2026-04-08 12:42:47.265 [INF] Serilog.AspNetCore.RequestLoggingMiddleware | HTTP GET /api/SalarySettings/GetSalarySettings → 200 (80.3ms)
2026-04-08 12:42:47.265 [INF] Microsoft.AspNetCore.Hosting.Diagnostics | Request finished HTTP/1.1 GET http://localhost:5217/api/SalarySettings/GetSalarySettings?orgId=1&salaryYearId=2 - 200 null application/json; charset=utf-8 80.6659ms
2026-04-08 12:42:47.270 [INF] Microsoft.AspNetCore.Hosting.Diagnostics | Request starting HTTP/1.1 GET http://localhost:5217/api/employees?organizationId=1 - application/json null
2026-04-08 12:42:47.270 [INF] Microsoft.AspNetCore.Cors.Infrastructure.CorsService | CORS policy execution successful.
2026-04-08 12:42:47.271 [INF] Microsoft.AspNetCore.Routing.EndpointMiddleware | Executing endpoint 'backend.Controllers.EmployeesController.GetEmployees (backend)'
2026-04-08 12:42:47.271 [INF] Microsoft.AspNetCore.Mvc.Infrastructure.ControllerActionInvoker | Route matched with {action = "GetEmployees", controller = "Employees"}. Executing controller action with signature System.Threading.Tasks.Task`1[Microsoft.AspNetCore.Mvc.IActionResult] GetEmployees(System.Nullable`1[System.Int32]) on controller backend.Controllers.EmployeesController (backend).
2026-04-08 12:42:47.271 [INF] backend.Controllers.EmployeesController | [Employees] GET all | TargetOrgId=1 | UserOrgId=2
2026-04-08 12:42:47.460 [INF] Microsoft.AspNetCore.Mvc.Infrastructure.ObjectResultExecutor | Executing OkObjectResult, writing value of type 'System.Collections.Generic.List`1[[backend.Models.Employee, backend, Version=1.0.0.0, Culture=neutral, PublicKeyToken=null]]'.
2026-04-08 12:42:47.460 [INF] Microsoft.AspNetCore.Mvc.Infrastructure.ControllerActionInvoker | Executed action backend.Controllers.EmployeesController.GetEmployees (backend) in 189.7252ms
2026-04-08 12:42:47.461 [INF] Microsoft.AspNetCore.Routing.EndpointMiddleware | Executed endpoint 'backend.Controllers.EmployeesController.GetEmployees (backend)'
2026-04-08 12:42:47.461 [INF] Serilog.AspNetCore.RequestLoggingMiddleware | HTTP GET /api/employees → 200 (189.9ms)
2026-04-08 12:42:47.461 [INF] Microsoft.AspNetCore.Hosting.Diagnostics | Request finished HTTP/1.1 GET http://localhost:5217/api/employees?organizationId=1 - 200 null application/json; charset=utf-8 190.3476ms
2026-04-08 12:42:47.607 [INF] Microsoft.AspNetCore.Hosting.Diagnostics | Request starting HTTP/1.1 GET http://localhost:5217/api/SalarySettings/GetSalarySettings?orgId=1&salaryYearId=2 - application/json null
2026-04-08 12:42:47.607 [INF] Microsoft.AspNetCore.Cors.Infrastructure.CorsService | CORS policy execution successful.
2026-04-08 12:42:47.608 [INF] Microsoft.AspNetCore.Routing.EndpointMiddleware | Executing endpoint 'backend.Controllers.SalarySettingsController.GetSalarySettings (backend)'
2026-04-08 12:42:47.608 [INF] Microsoft.AspNetCore.Mvc.Infrastructure.ControllerActionInvoker | Route matched with {action = "GetSalarySettings", controller = "SalarySettings"}. Executing controller action with signature System.Threading.Tasks.Task`1[Microsoft.AspNetCore.Mvc.IActionResult] GetSalarySettings(System.String, System.String) on controller backend.Controllers.SalarySettingsController (backend).
2026-04-08 12:42:47.683 [INF] Microsoft.AspNetCore.Mvc.Infrastructure.ObjectResultExecutor | Executing OkObjectResult, writing value of type 'System.Collections.Generic.List`1[[backend.Models.SalarySettings, backend, Version=1.0.0.0, Culture=neutral, PublicKeyToken=null]]'.
2026-04-08 12:42:47.683 [INF] Microsoft.AspNetCore.Mvc.Infrastructure.ControllerActionInvoker | Executed action backend.Controllers.SalarySettingsController.GetSalarySettings (backend) in 75.3345ms
2026-04-08 12:42:47.683 [INF] Microsoft.AspNetCore.Routing.EndpointMiddleware | Executed endpoint 'backend.Controllers.SalarySettingsController.GetSalarySettings (backend)'
2026-04-08 12:42:47.683 [INF] Serilog.AspNetCore.RequestLoggingMiddleware | HTTP GET /api/SalarySettings/GetSalarySettings → 200 (75.5ms)
2026-04-08 12:42:47.683 [INF] Microsoft.AspNetCore.Hosting.Diagnostics | Request finished HTTP/1.1 GET http://localhost:5217/api/SalarySettings/GetSalarySettings?orgId=1&salaryYearId=2 - 200 null application/json; charset=utf-8 75.8146ms
2026-04-08 12:46:22.043 [INF] Microsoft.AspNetCore.Hosting.Diagnostics | Request starting HTTP/1.1 OPTIONS http://localhost:5217/api/users/organizations - null null
2026-04-08 12:46:22.043 [INF] Microsoft.AspNetCore.Cors.Infrastructure.CorsService | CORS policy execution successful.
2026-04-08 12:46:22.043 [INF] Microsoft.AspNetCore.Hosting.Diagnostics | Request finished HTTP/1.1 OPTIONS http://localhost:5217/api/users/organizations - 204 null null 0.1637ms
2026-04-08 12:46:22.046 [INF] Microsoft.AspNetCore.Hosting.Diagnostics | Request starting HTTP/1.1 GET http://localhost:5217/api/users/organizations - null null
2026-04-08 12:46:22.046 [INF] Microsoft.AspNetCore.Cors.Infrastructure.CorsService | CORS policy execution successful.
2026-04-08 12:46:22.047 [INF] Microsoft.AspNetCore.Routing.EndpointMiddleware | Executing endpoint 'backend.Controllers.UsersController.GetOrganizations (backend)'
2026-04-08 12:46:22.047 [INF] Microsoft.AspNetCore.Mvc.Infrastructure.ControllerActionInvoker | Route matched with {action = "GetOrganizations", controller = "Users"}. Executing controller action with signature System.Threading.Tasks.Task`1[Microsoft.AspNetCore.Mvc.IActionResult] GetOrganizations() on controller backend.Controllers.UsersController (backend).
2026-04-08 12:46:22.047 [INF] backend.Controllers.UsersController | [Users] GET organizations | Role=SuperAdmin | UserId=18
2026-04-08 12:46:22.271 [INF] Microsoft.AspNetCore.Mvc.Infrastructure.ObjectResultExecutor | Executing OkObjectResult, writing value of type 'System.Collections.Generic.List`1[[backend.Models.Organization, backend, Version=1.0.0.0, Culture=neutral, PublicKeyToken=null]]'.
2026-04-08 12:46:22.272 [INF] Microsoft.AspNetCore.Mvc.Infrastructure.ControllerActionInvoker | Executed action backend.Controllers.UsersController.GetOrganizations (backend) in 224.9591ms
2026-04-08 12:46:22.272 [INF] Microsoft.AspNetCore.Routing.EndpointMiddleware | Executed endpoint 'backend.Controllers.UsersController.GetOrganizations (backend)'
2026-04-08 12:46:22.272 [INF] Serilog.AspNetCore.RequestLoggingMiddleware | HTTP GET /api/users/organizations → 200 (225.2ms)
2026-04-08 12:46:22.272 [INF] Microsoft.AspNetCore.Hosting.Diagnostics | Request finished HTTP/1.1 GET http://localhost:5217/api/users/organizations - 200 null application/json; charset=utf-8 225.8621ms
2026-04-08 12:46:22.309 [INF] Microsoft.AspNetCore.Hosting.Diagnostics | Request starting HTTP/1.1 OPTIONS http://localhost:5217/api/designations?organizationId=2 - null null
2026-04-08 12:46:22.309 [INF] Microsoft.AspNetCore.Cors.Infrastructure.CorsService | CORS policy execution successful.
2026-04-08 12:46:22.309 [INF] Microsoft.AspNetCore.Hosting.Diagnostics | Request finished HTTP/1.1 OPTIONS http://localhost:5217/api/designations?organizationId=2 - 204 null null 0.1992ms
2026-04-08 12:46:22.312 [INF] Microsoft.AspNetCore.Hosting.Diagnostics | Request starting HTTP/1.1 OPTIONS http://localhost:5217/api/departments?organizationId=2 - null null
2026-04-08 12:46:22.312 [INF] Microsoft.AspNetCore.Cors.Infrastructure.CorsService | CORS policy execution successful.
2026-04-08 12:46:22.312 [INF] Microsoft.AspNetCore.Hosting.Diagnostics | Request finished HTTP/1.1 OPTIONS http://localhost:5217/api/departments?organizationId=2 - 204 null null 0.2968ms
2026-04-08 12:46:22.314 [INF] Microsoft.AspNetCore.Hosting.Diagnostics | Request starting HTTP/1.1 GET http://localhost:5217/api/designations?organizationId=2 - application/json null
2026-04-08 12:46:22.315 [INF] Microsoft.AspNetCore.Cors.Infrastructure.CorsService | CORS policy execution successful.
2026-04-08 12:46:22.315 [INF] Microsoft.AspNetCore.Routing.EndpointMiddleware | Executing endpoint 'backend.Controllers.DesignationController.GetDesignations (backend)'
2026-04-08 12:46:22.315 [INF] Microsoft.AspNetCore.Mvc.Infrastructure.ControllerActionInvoker | Route matched with {action = "GetDesignations", controller = "Designation"}. Executing controller action with signature System.Threading.Tasks.Task`1[Microsoft.AspNetCore.Mvc.IActionResult] GetDesignations(System.Nullable`1[System.Int32]) on controller backend.Controllers.DesignationController (backend).
2026-04-08 12:46:22.317 [INF] Microsoft.AspNetCore.Hosting.Diagnostics | Request starting HTTP/1.1 GET http://localhost:5217/api/departments?organizationId=2 - null null
2026-04-08 12:46:22.317 [INF] Microsoft.AspNetCore.Cors.Infrastructure.CorsService | CORS policy execution successful.
2026-04-08 12:46:22.318 [INF] Microsoft.AspNetCore.Routing.EndpointMiddleware | Executing endpoint 'backend.Controllers.DepartmentController.GetDepartments (backend)'
2026-04-08 12:46:22.318 [INF] Microsoft.AspNetCore.Mvc.Infrastructure.ControllerActionInvoker | Route matched with {action = "GetDepartments", controller = "Department"}. Executing controller action with signature System.Threading.Tasks.Task`1[Microsoft.AspNetCore.Mvc.IActionResult] GetDepartments(System.Nullable`1[System.Int32]) on controller backend.Controllers.DepartmentController (backend).
2026-04-08 12:46:22.347 [INF] backend.Controllers.DesignationController | Fetched 8 designations for OrgId 2
2026-04-08 12:46:22.347 [INF] Microsoft.AspNetCore.Mvc.Infrastructure.ObjectResultExecutor | Executing OkObjectResult, writing value of type 'System.Collections.Generic.List`1[[backend.Models.Designation, backend, Version=1.0.0.0, Culture=neutral, PublicKeyToken=null]]'.
2026-04-08 12:46:22.348 [INF] Microsoft.AspNetCore.Mvc.Infrastructure.ControllerActionInvoker | Executed action backend.Controllers.DesignationController.GetDesignations (backend) in 32.3705ms
2026-04-08 12:46:22.348 [INF] Microsoft.AspNetCore.Routing.EndpointMiddleware | Executed endpoint 'backend.Controllers.DesignationController.GetDesignations (backend)'
2026-04-08 12:46:22.348 [INF] Serilog.AspNetCore.RequestLoggingMiddleware | HTTP GET /api/designations → 200 (33.1ms)
2026-04-08 12:46:22.348 [INF] Microsoft.AspNetCore.Hosting.Diagnostics | Request finished HTTP/1.1 GET http://localhost:5217/api/designations?organizationId=2 - 200 null application/json; charset=utf-8 33.4249ms
2026-04-08 12:46:22.580 [INF] Microsoft.AspNetCore.Mvc.Infrastructure.ObjectResultExecutor | Executing OkObjectResult, writing value of type 'System.Collections.Generic.List`1[[backend.Models.Department, backend, Version=1.0.0.0, Culture=neutral, PublicKeyToken=null]]'.
2026-04-08 12:46:22.580 [INF] Microsoft.AspNetCore.Mvc.Infrastructure.ControllerActionInvoker | Executed action backend.Controllers.DepartmentController.GetDepartments (backend) in 262.2194ms
2026-04-08 12:46:22.580 [INF] Microsoft.AspNetCore.Routing.EndpointMiddleware | Executed endpoint 'backend.Controllers.DepartmentController.GetDepartments (backend)'
2026-04-08 12:46:22.580 [INF] Serilog.AspNetCore.RequestLoggingMiddleware | HTTP GET /api/departments → 200 (262.4ms)
2026-04-08 12:46:22.580 [INF] Microsoft.AspNetCore.Hosting.Diagnostics | Request finished HTTP/1.1 GET http://localhost:5217/api/departments?organizationId=2 - 200 null application/json; charset=utf-8 262.8296ms
2026-04-08 12:46:22.597 [INF] Microsoft.AspNetCore.Hosting.Diagnostics | Request starting HTTP/1.1 OPTIONS http://localhost:5217/api/employees?organizationId=2 - null null
2026-04-08 12:46:22.597 [INF] Microsoft.AspNetCore.Cors.Infrastructure.CorsService | CORS policy execution successful.
2026-04-08 12:46:22.597 [INF] Microsoft.AspNetCore.Hosting.Diagnostics | Request finished HTTP/1.1 OPTIONS http://localhost:5217/api/employees?organizationId=2 - 204 null null 0.1714ms
2026-04-08 12:46:22.599 [INF] Microsoft.AspNetCore.Hosting.Diagnostics | Request starting HTTP/1.1 GET http://localhost:5217/api/designations?organizationId=2 - application/json null
2026-04-08 12:46:22.599 [INF] Microsoft.AspNetCore.Cors.Infrastructure.CorsService | CORS policy execution successful.
2026-04-08 12:46:22.599 [INF] Microsoft.AspNetCore.Routing.EndpointMiddleware | Executing endpoint 'backend.Controllers.DesignationController.GetDesignations (backend)'
2026-04-08 12:46:22.599 [INF] Microsoft.AspNetCore.Mvc.Infrastructure.ControllerActionInvoker | Route matched with {action = "GetDesignations", controller = "Designation"}. Executing controller action with signature System.Threading.Tasks.Task`1[Microsoft.AspNetCore.Mvc.IActionResult] GetDesignations(System.Nullable`1[System.Int32]) on controller backend.Controllers.DesignationController (backend).
2026-04-08 12:46:22.599 [INF] Microsoft.AspNetCore.Hosting.Diagnostics | Request starting HTTP/1.1 GET http://localhost:5217/api/employees?organizationId=2 - application/json null
2026-04-08 12:46:22.599 [INF] Microsoft.AspNetCore.Cors.Infrastructure.CorsService | CORS policy execution successful.
2026-04-08 12:46:22.599 [INF] Microsoft.AspNetCore.Routing.EndpointMiddleware | Executing endpoint 'backend.Controllers.EmployeesController.GetEmployees (backend)'
2026-04-08 12:46:22.599 [INF] Microsoft.AspNetCore.Mvc.Infrastructure.ControllerActionInvoker | Route matched with {action = "GetEmployees", controller = "Employees"}. Executing controller action with signature System.Threading.Tasks.Task`1[Microsoft.AspNetCore.Mvc.IActionResult] GetEmployees(System.Nullable`1[System.Int32]) on controller backend.Controllers.EmployeesController (backend).
2026-04-08 12:46:22.599 [INF] backend.Controllers.EmployeesController | [Employees] GET all | TargetOrgId=2 | UserOrgId=2
2026-04-08 12:46:22.601 [INF] Microsoft.AspNetCore.Hosting.Diagnostics | Request starting HTTP/1.1 GET http://localhost:5217/api/departments?organizationId=2 - null null
2026-04-08 12:46:22.601 [INF] Microsoft.AspNetCore.Cors.Infrastructure.CorsService | CORS policy execution successful.
2026-04-08 12:46:22.601 [INF] Microsoft.AspNetCore.Routing.EndpointMiddleware | Executing endpoint 'backend.Controllers.DepartmentController.GetDepartments (backend)'
2026-04-08 12:46:22.601 [INF] Microsoft.AspNetCore.Mvc.Infrastructure.ControllerActionInvoker | Route matched with {action = "GetDepartments", controller = "Department"}. Executing controller action with signature System.Threading.Tasks.Task`1[Microsoft.AspNetCore.Mvc.IActionResult] GetDepartments(System.Nullable`1[System.Int32]) on controller backend.Controllers.DepartmentController (backend).
2026-04-08 12:46:22.675 [INF] backend.Controllers.DesignationController | Fetched 8 designations for OrgId 2
2026-04-08 12:46:22.675 [INF] Microsoft.AspNetCore.Mvc.Infrastructure.ObjectResultExecutor | Executing OkObjectResult, writing value of type 'System.Collections.Generic.List`1[[backend.Models.Designation, backend, Version=1.0.0.0, Culture=neutral, PublicKeyToken=null]]'.
2026-04-08 12:46:22.675 [INF] Microsoft.AspNetCore.Mvc.Infrastructure.ObjectResultExecutor | Executing OkObjectResult, writing value of type 'System.Collections.Generic.List`1[[backend.Models.Employee, backend, Version=1.0.0.0, Culture=neutral, PublicKeyToken=null]]'.
2026-04-08 12:46:22.675 [INF] Microsoft.AspNetCore.Mvc.Infrastructure.ControllerActionInvoker | Executed action backend.Controllers.DesignationController.GetDesignations (backend) in 75.5853ms
2026-04-08 12:46:22.675 [INF] Microsoft.AspNetCore.Mvc.Infrastructure.ControllerActionInvoker | Executed action backend.Controllers.EmployeesController.GetEmployees (backend) in 75.3356ms
2026-04-08 12:46:22.675 [INF] Microsoft.AspNetCore.Routing.EndpointMiddleware | Executed endpoint 'backend.Controllers.DesignationController.GetDesignations (backend)'
2026-04-08 12:46:22.675 [INF] Microsoft.AspNetCore.Routing.EndpointMiddleware | Executed endpoint 'backend.Controllers.EmployeesController.GetEmployees (backend)'
2026-04-08 12:46:22.675 [INF] Serilog.AspNetCore.RequestLoggingMiddleware | HTTP GET /api/designations → 200 (75.7ms)
2026-04-08 12:46:22.675 [INF] Serilog.AspNetCore.RequestLoggingMiddleware | HTTP GET /api/employees → 200 (75.4ms)
2026-04-08 12:46:22.675 [INF] Microsoft.AspNetCore.Hosting.Diagnostics | Request finished HTTP/1.1 GET http://localhost:5217/api/employees?organizationId=2 - 200 null application/json; charset=utf-8 75.5856ms
2026-04-08 12:46:22.675 [INF] Microsoft.AspNetCore.Hosting.Diagnostics | Request finished HTTP/1.1 GET http://localhost:5217/api/designations?organizationId=2 - 200 null application/json; charset=utf-8 76.0225ms
2026-04-08 12:46:22.975 [INF] Microsoft.AspNetCore.Mvc.Infrastructure.ObjectResultExecutor | Executing OkObjectResult, writing value of type 'System.Collections.Generic.List`1[[backend.Models.Department, backend, Version=1.0.0.0, Culture=neutral, PublicKeyToken=null]]'.
2026-04-08 12:46:22.975 [INF] Microsoft.AspNetCore.Mvc.Infrastructure.ControllerActionInvoker | Executed action backend.Controllers.DepartmentController.GetDepartments (backend) in 374.3029ms
2026-04-08 12:46:22.975 [INF] Microsoft.AspNetCore.Routing.EndpointMiddleware | Executed endpoint 'backend.Controllers.DepartmentController.GetDepartments (backend)'
2026-04-08 12:46:22.975 [INF] Serilog.AspNetCore.RequestLoggingMiddleware | HTTP GET /api/departments → 200 (374.4ms)
2026-04-08 12:46:22.975 [INF] Microsoft.AspNetCore.Hosting.Diagnostics | Request finished HTTP/1.1 GET http://localhost:5217/api/departments?organizationId=2 - 200 null application/json; charset=utf-8 374.6674ms
2026-04-08 12:48:13.360 [INF] Microsoft.AspNetCore.Routing.EndpointMiddleware | Executed endpoint '/hubs/employees'
2026-04-08 12:48:13.360 [INF] Serilog.AspNetCore.RequestLoggingMiddleware | HTTP GET /hubs/employees → 101 (435968.3ms)
2026-04-08 12:48:13.360 [INF] Microsoft.AspNetCore.Hosting.Diagnostics | Request finished HTTP/1.1 GET http://localhost:5217/hubs/employees?id=_wuiW6tGocNhuAxwXbJGSA&access_token=eyJhbGciOiJIUzI1NiIsInR5cCI6IkpXVCJ9.eyJuYW1laWQiOiIxOCIsInVuaXF1ZV9uYW1lIjoidmFzYW50aGFrdW1hciIsImVtYWlsIjoidmFzYW50aDIwMDR2a0BnbWFpbC5jb20iLCJyb2xlIjoiU3VwZXJBZG1pbiIsIk9yZ2FuaXphdGlvbklkIjoiMiIsIk9yZ2FuaXphdGlvbkxvZ28iOiIvdXBsb2Fkcy9vcmctbG9nb3Mvb3JnLWxvZ28tNTg3M2M0NzVkOTFkNGJiZDkwNDZkZWVjNjY3ZDEzNmMuanBnIiwibmJmIjoxNzc1NjI5OTc0LCJleHAiOjE3NzU3MTYzNzQsImlhdCI6MTc3NTYyOTk3NCwiaXNzIjoiUHJvRGVzWC1CYWNrZW5kIiwiYXVkIjoiUHJvRGVzWC1Gcm9udGVuZCJ9.igbT3pLpIiahwfTYCSUnLfgWrpW2xHWNEZnnwNqmD4o - 101 null null 435968.6706ms
2026-04-08 12:48:13.363 [INF] Microsoft.AspNetCore.Routing.EndpointMiddleware | Executed endpoint '/hubs/salarysettings'
2026-04-08 12:48:13.363 [INF] Serilog.AspNetCore.RequestLoggingMiddleware | HTTP GET /hubs/salarysettings → 101 (423973.1ms)
2026-04-08 12:48:13.363 [INF] Microsoft.AspNetCore.Hosting.Diagnostics | Request finished HTTP/1.1 GET http://localhost:5217/hubs/salarysettings?id=S9j2MS4gFN5F-vjxJFQmbA&access_token=eyJhbGciOiJIUzI1NiIsInR5cCI6IkpXVCJ9.eyJuYW1laWQiOiIxOCIsInVuaXF1ZV9uYW1lIjoidmFzYW50aGFrdW1hciIsImVtYWlsIjoidmFzYW50aDIwMDR2a0BnbWFpbC5jb20iLCJyb2xlIjoiU3VwZXJBZG1pbiIsIk9yZ2FuaXphdGlvbklkIjoiMiIsIk9yZ2FuaXphdGlvbkxvZ28iOiIvdXBsb2Fkcy9vcmctbG9nb3Mvb3JnLWxvZ28tNTg3M2M0NzVkOTFkNGJiZDkwNDZkZWVjNjY3ZDEzNmMuanBnIiwibmJmIjoxNzc1NjI5OTc0LCJleHAiOjE3NzU3MTYzNzQsImlhdCI6MTc3NTYyOTk3NCwiaXNzIjoiUHJvRGVzWC1CYWNrZW5kIiwiYXVkIjoiUHJvRGVzWC1Gcm9udGVuZCJ9.igbT3pLpIiahwfTYCSUnLfgWrpW2xHWNEZnnwNqmD4o - 101 null null 423973.4742ms
2026-04-08 12:48:13.363 [INF] Microsoft.AspNetCore.Routing.EndpointMiddleware | Executed endpoint '/hubs/salaryyears'
2026-04-08 12:48:13.363 [INF] Serilog.AspNetCore.RequestLoggingMiddleware | HTTP GET /hubs/salaryyears → 101 (423958.3ms)
2026-04-08 12:48:13.363 [INF] Microsoft.AspNetCore.Hosting.Diagnostics | Request finished HTTP/1.1 GET http://localhost:5217/hubs/salaryyears?id=nbq4K7wObCSwgEXwuYJ2Sw&access_token=eyJhbGciOiJIUzI1NiIsInR5cCI6IkpXVCJ9.eyJuYW1laWQiOiIxOCIsInVuaXF1ZV9uYW1lIjoidmFzYW50aGFrdW1hciIsImVtYWlsIjoidmFzYW50aDIwMDR2a0BnbWFpbC5jb20iLCJyb2xlIjoiU3VwZXJBZG1pbiIsIk9yZ2FuaXphdGlvbklkIjoiMiIsIk9yZ2FuaXphdGlvbkxvZ28iOiIvdXBsb2Fkcy9vcmctbG9nb3Mvb3JnLWxvZ28tNTg3M2M0NzVkOTFkNGJiZDkwNDZkZWVjNjY3ZDEzNmMuanBnIiwibmJmIjoxNzc1NjI5OTc0LCJleHAiOjE3NzU3MTYzNzQsImlhdCI6MTc3NTYyOTk3NCwiaXNzIjoiUHJvRGVzWC1CYWNrZW5kIiwiYXVkIjoiUHJvRGVzWC1Gcm9udGVuZCJ9.igbT3pLpIiahwfTYCSUnLfgWrpW2xHWNEZnnwNqmD4o - 101 null null 423958.6306ms
2026-04-08 12:48:13.363 [INF] Microsoft.AspNetCore.Routing.EndpointMiddleware | Executed endpoint '/hubs/employees'
2026-04-08 12:48:13.363 [INF] Serilog.AspNetCore.RequestLoggingMiddleware | HTTP GET /hubs/employees → 101 (435984.8ms)
2026-04-08 12:48:13.363 [INF] Microsoft.AspNetCore.Hosting.Diagnostics | Request finished HTTP/1.1 GET http://localhost:5217/hubs/employees?id=xSi7Ye9y7a629qqy5T-xjQ&access_token=eyJhbGciOiJIUzI1NiIsInR5cCI6IkpXVCJ9.eyJuYW1laWQiOiIxOCIsInVuaXF1ZV9uYW1lIjoidmFzYW50aGFrdW1hciIsImVtYWlsIjoidmFzYW50aDIwMDR2a0BnbWFpbC5jb20iLCJyb2xlIjoiU3VwZXJBZG1pbiIsIk9yZ2FuaXphdGlvbklkIjoiMiIsIk9yZ2FuaXphdGlvbkxvZ28iOiIvdXBsb2Fkcy9vcmctbG9nb3Mvb3JnLWxvZ28tNTg3M2M0NzVkOTFkNGJiZDkwNDZkZWVjNjY3ZDEzNmMuanBnIiwibmJmIjoxNzc1NjI5OTc0LCJleHAiOjE3NzU3MTYzNzQsImlhdCI6MTc3NTYyOTk3NCwiaXNzIjoiUHJvRGVzWC1CYWNrZW5kIiwiYXVkIjoiUHJvRGVzWC1Gcm9udGVuZCJ9.igbT3pLpIiahwfTYCSUnLfgWrpW2xHWNEZnnwNqmD4o - 101 null null 435985.1173ms
2026-04-08 12:48:13.364 [INF] Microsoft.AspNetCore.Routing.EndpointMiddleware | Executed endpoint '/hubs/salaryyears'
2026-04-08 12:48:13.364 [INF] Serilog.AspNetCore.RequestLoggingMiddleware | HTTP GET /hubs/salaryyears → 101 (423938.6ms)
2026-04-08 12:48:13.364 [INF] Microsoft.AspNetCore.Hosting.Diagnostics | Request finished HTTP/1.1 GET http://localhost:5217/hubs/salaryyears?id=ekbbYtYHuFi_B1V8b3Wt0Q&access_token=eyJhbGciOiJIUzI1NiIsInR5cCI6IkpXVCJ9.eyJuYW1laWQiOiIxOCIsInVuaXF1ZV9uYW1lIjoidmFzYW50aGFrdW1hciIsImVtYWlsIjoidmFzYW50aDIwMDR2a0BnbWFpbC5jb20iLCJyb2xlIjoiU3VwZXJBZG1pbiIsIk9yZ2FuaXphdGlvbklkIjoiMiIsIk9yZ2FuaXphdGlvbkxvZ28iOiIvdXBsb2Fkcy9vcmctbG9nb3Mvb3JnLWxvZ28tNTg3M2M0NzVkOTFkNGJiZDkwNDZkZWVjNjY3ZDEzNmMuanBnIiwibmJmIjoxNzc1NjI5OTc0LCJleHAiOjE3NzU3MTYzNzQsImlhdCI6MTc3NTYyOTk3NCwiaXNzIjoiUHJvRGVzWC1CYWNrZW5kIiwiYXVkIjoiUHJvRGVzWC1Gcm9udGVuZCJ9.igbT3pLpIiahwfTYCSUnLfgWrpW2xHWNEZnnwNqmD4o - 101 null null 423938.9929ms
2026-04-08 12:48:13.382 [INF] Microsoft.AspNetCore.Hosting.Diagnostics | Request starting HTTP/1.1 OPTIONS http://localhost:5217/hubs/salaryyears/negotiate?negotiateVersion=1 - null null
2026-04-08 12:48:13.382 [INF] Microsoft.AspNetCore.Cors.Infrastructure.CorsService | CORS policy execution successful.
2026-04-08 12:48:13.382 [INF] Microsoft.AspNetCore.Hosting.Diagnostics | Request finished HTTP/1.1 OPTIONS http://localhost:5217/hubs/salaryyears/negotiate?negotiateVersion=1 - 204 null null 0.1452ms
2026-04-08 12:48:13.383 [INF] Microsoft.AspNetCore.Hosting.Diagnostics | Request starting HTTP/1.1 POST http://localhost:5217/hubs/salaryyears/negotiate?negotiateVersion=1 - text/plain;charset=UTF-8 0
2026-04-08 12:48:13.383 [INF] Microsoft.AspNetCore.Cors.Infrastructure.CorsService | CORS policy execution successful.
2026-04-08 12:48:13.383 [INF] Microsoft.AspNetCore.Routing.EndpointMiddleware | Executing endpoint '/hubs/salaryyears/negotiate'
2026-04-08 12:48:13.383 [INF] Microsoft.AspNetCore.Routing.EndpointMiddleware | Executed endpoint '/hubs/salaryyears/negotiate'
2026-04-08 12:48:13.383 [INF] Serilog.AspNetCore.RequestLoggingMiddleware | HTTP POST /hubs/salaryyears/negotiate → 200 (0.1ms)
2026-04-08 12:48:13.383 [INF] Microsoft.AspNetCore.Hosting.Diagnostics | Request finished HTTP/1.1 POST http://localhost:5217/hubs/salaryyears/negotiate?negotiateVersion=1 - 200 316 application/json 0.3331ms
2026-04-08 12:48:13.386 [INF] Microsoft.AspNetCore.Hosting.Diagnostics | Request starting HTTP/1.1 OPTIONS http://localhost:5217/hubs/employees/negotiate?negotiateVersion=1 - null null
2026-04-08 12:48:13.386 [INF] Microsoft.AspNetCore.Cors.Infrastructure.CorsService | CORS policy execution successful.
2026-04-08 12:48:13.386 [INF] Microsoft.AspNetCore.Hosting.Diagnostics | Request finished HTTP/1.1 OPTIONS http://localhost:5217/hubs/employees/negotiate?negotiateVersion=1 - 204 null null 0.1054ms
2026-04-08 12:48:13.387 [INF] Microsoft.AspNetCore.Hosting.Diagnostics | Request starting HTTP/1.1 POST http://localhost:5217/hubs/employees/negotiate?negotiateVersion=1 - text/plain;charset=UTF-8 0
2026-04-08 12:48:13.387 [INF] Microsoft.AspNetCore.Cors.Infrastructure.CorsService | CORS policy execution successful.
2026-04-08 12:48:13.387 [INF] Microsoft.AspNetCore.Routing.EndpointMiddleware | Executing endpoint '/hubs/employees/negotiate'
2026-04-08 12:48:13.387 [INF] Microsoft.AspNetCore.Routing.EndpointMiddleware | Executed endpoint '/hubs/employees/negotiate'
2026-04-08 12:48:13.387 [INF] Serilog.AspNetCore.RequestLoggingMiddleware | HTTP POST /hubs/employees/negotiate → 200 (0.1ms)
2026-04-08 12:48:13.387 [INF] Microsoft.AspNetCore.Hosting.Diagnostics | Request finished HTTP/1.1 POST http://localhost:5217/hubs/employees/negotiate?negotiateVersion=1 - 200 316 application/json 0.2758ms
2026-04-08 12:48:13.389 [INF] Microsoft.AspNetCore.Hosting.Diagnostics | Request starting HTTP/1.1 OPTIONS http://localhost:5217/hubs/salarysettings/negotiate?negotiateVersion=1 - null null
2026-04-08 12:48:13.389 [INF] Microsoft.AspNetCore.Cors.Infrastructure.CorsService | CORS policy execution successful.
2026-04-08 12:48:13.389 [INF] Microsoft.AspNetCore.Hosting.Diagnostics | Request finished HTTP/1.1 OPTIONS http://localhost:5217/hubs/salarysettings/negotiate?negotiateVersion=1 - 204 null null 0.1156ms
2026-04-08 12:48:13.391 [INF] Microsoft.AspNetCore.Hosting.Diagnostics | Request starting HTTP/1.1 POST http://localhost:5217/hubs/salarysettings/negotiate?negotiateVersion=1 - text/plain;charset=UTF-8 0
2026-04-08 12:48:13.391 [INF] Microsoft.AspNetCore.Cors.Infrastructure.CorsService | CORS policy execution successful.
2026-04-08 12:48:13.391 [INF] Microsoft.AspNetCore.Routing.EndpointMiddleware | Executing endpoint '/hubs/salarysettings/negotiate'
2026-04-08 12:48:13.391 [INF] Microsoft.AspNetCore.Routing.EndpointMiddleware | Executed endpoint '/hubs/salarysettings/negotiate'
2026-04-08 12:48:13.391 [INF] Serilog.AspNetCore.RequestLoggingMiddleware | HTTP POST /hubs/salarysettings/negotiate → 200 (0.2ms)
2026-04-08 12:48:13.391 [INF] Microsoft.AspNetCore.Hosting.Diagnostics | Request finished HTTP/1.1 POST http://localhost:5217/hubs/salarysettings/negotiate?negotiateVersion=1 - 200 316 application/json 0.4404ms
2026-04-08 12:48:13.393 [INF] Microsoft.AspNetCore.Hosting.Diagnostics | Request starting HTTP/1.1 POST http://localhost:5217/hubs/employees/negotiate?negotiateVersion=1 - text/plain;charset=UTF-8 0
2026-04-08 12:48:13.393 [INF] Microsoft.AspNetCore.Cors.Infrastructure.CorsService | CORS policy execution successful.
2026-04-08 12:48:13.393 [INF] Microsoft.AspNetCore.Routing.EndpointMiddleware | Executing endpoint '/hubs/employees/negotiate'
2026-04-08 12:48:13.393 [INF] Microsoft.AspNetCore.Routing.EndpointMiddleware | Executed endpoint '/hubs/employees/negotiate'
2026-04-08 12:48:13.393 [INF] Serilog.AspNetCore.RequestLoggingMiddleware | HTTP POST /hubs/employees/negotiate → 200 (0.2ms)
2026-04-08 12:48:13.393 [INF] Microsoft.AspNetCore.Hosting.Diagnostics | Request finished HTTP/1.1 POST http://localhost:5217/hubs/employees/negotiate?negotiateVersion=1 - 200 316 application/json 0.4275ms
2026-04-08 12:48:13.396 [INF] Microsoft.AspNetCore.Hosting.Diagnostics | Request starting HTTP/1.1 POST http://localhost:5217/hubs/salaryyears/negotiate?negotiateVersion=1 - text/plain;charset=UTF-8 0
2026-04-08 12:48:13.396 [INF] Microsoft.AspNetCore.Cors.Infrastructure.CorsService | CORS policy execution successful.
2026-04-08 12:48:13.397 [INF] Microsoft.AspNetCore.Routing.EndpointMiddleware | Executing endpoint '/hubs/salaryyears/negotiate'
2026-04-08 12:48:13.397 [INF] Microsoft.AspNetCore.Routing.EndpointMiddleware | Executed endpoint '/hubs/salaryyears/negotiate'
2026-04-08 12:48:13.397 [INF] Serilog.AspNetCore.RequestLoggingMiddleware | HTTP POST /hubs/salaryyears/negotiate → 200 (0.1ms)
2026-04-08 12:48:13.397 [INF] Microsoft.AspNetCore.Hosting.Diagnostics | Request finished HTTP/1.1 POST http://localhost:5217/hubs/salaryyears/negotiate?negotiateVersion=1 - 200 316 application/json 0.4736ms
2026-04-08 12:48:13.407 [INF] Microsoft.AspNetCore.Hosting.Diagnostics | Request starting HTTP/1.1 GET http://localhost:5217/hubs/salaryyears?id=642Kn9eMZo82wkXKekZIGg&access_token=eyJhbGciOiJIUzI1NiIsInR5cCI6IkpXVCJ9.eyJuYW1laWQiOiIxOCIsInVuaXF1ZV9uYW1lIjoidmFzYW50aGFrdW1hciIsImVtYWlsIjoidmFzYW50aDIwMDR2a0BnbWFpbC5jb20iLCJyb2xlIjoiU3VwZXJBZG1pbiIsIk9yZ2FuaXphdGlvbklkIjoiMiIsIk9yZ2FuaXphdGlvbkxvZ28iOiIvdXBsb2Fkcy9vcmctbG9nb3Mvb3JnLWxvZ28tNTg3M2M0NzVkOTFkNGJiZDkwNDZkZWVjNjY3ZDEzNmMuanBnIiwibmJmIjoxNzc1NjI5OTc0LCJleHAiOjE3NzU3MTYzNzQsImlhdCI6MTc3NTYyOTk3NCwiaXNzIjoiUHJvRGVzWC1CYWNrZW5kIiwiYXVkIjoiUHJvRGVzWC1Gcm9udGVuZCJ9.igbT3pLpIiahwfTYCSUnLfgWrpW2xHWNEZnnwNqmD4o - null null
2026-04-08 12:48:13.407 [INF] Microsoft.AspNetCore.Cors.Infrastructure.CorsService | CORS policy execution successful.
2026-04-08 12:48:13.407 [INF] Microsoft.AspNetCore.Routing.EndpointMiddleware | Executing endpoint '/hubs/salaryyears'
2026-04-08 12:48:13.422 [INF] Microsoft.AspNetCore.Hosting.Diagnostics | Request starting HTTP/1.1 GET http://localhost:5217/hubs/employees?id=hJNj12tRd3LgoGcwJVvorg&access_token=eyJhbGciOiJIUzI1NiIsInR5cCI6IkpXVCJ9.eyJuYW1laWQiOiIxOCIsInVuaXF1ZV9uYW1lIjoidmFzYW50aGFrdW1hciIsImVtYWlsIjoidmFzYW50aDIwMDR2a0BnbWFpbC5jb20iLCJyb2xlIjoiU3VwZXJBZG1pbiIsIk9yZ2FuaXphdGlvbklkIjoiMiIsIk9yZ2FuaXphdGlvbkxvZ28iOiIvdXBsb2Fkcy9vcmctbG9nb3Mvb3JnLWxvZ28tNTg3M2M0NzVkOTFkNGJiZDkwNDZkZWVjNjY3ZDEzNmMuanBnIiwibmJmIjoxNzc1NjI5OTc0LCJleHAiOjE3NzU3MTYzNzQsImlhdCI6MTc3NTYyOTk3NCwiaXNzIjoiUHJvRGVzWC1CYWNrZW5kIiwiYXVkIjoiUHJvRGVzWC1Gcm9udGVuZCJ9.igbT3pLpIiahwfTYCSUnLfgWrpW2xHWNEZnnwNqmD4o - null null
2026-04-08 12:48:13.422 [INF] Microsoft.AspNetCore.Cors.Infrastructure.CorsService | CORS policy execution successful.
2026-04-08 12:48:13.422 [INF] Microsoft.AspNetCore.Routing.EndpointMiddleware | Executing endpoint '/hubs/employees'
2026-04-08 12:48:13.434 [INF] Microsoft.AspNetCore.Hosting.Diagnostics | Request starting HTTP/1.1 GET http://localhost:5217/hubs/salarysettings?id=XUIJfAUxLEIbMMta0yhXEw&access_token=eyJhbGciOiJIUzI1NiIsInR5cCI6IkpXVCJ9.eyJuYW1laWQiOiIxOCIsInVuaXF1ZV9uYW1lIjoidmFzYW50aGFrdW1hciIsImVtYWlsIjoidmFzYW50aDIwMDR2a0BnbWFpbC5jb20iLCJyb2xlIjoiU3VwZXJBZG1pbiIsIk9yZ2FuaXphdGlvbklkIjoiMiIsIk9yZ2FuaXphdGlvbkxvZ28iOiIvdXBsb2Fkcy9vcmctbG9nb3Mvb3JnLWxvZ28tNTg3M2M0NzVkOTFkNGJiZDkwNDZkZWVjNjY3ZDEzNmMuanBnIiwibmJmIjoxNzc1NjI5OTc0LCJleHAiOjE3NzU3MTYzNzQsImlhdCI6MTc3NTYyOTk3NCwiaXNzIjoiUHJvRGVzWC1CYWNrZW5kIiwiYXVkIjoiUHJvRGVzWC1Gcm9udGVuZCJ9.igbT3pLpIiahwfTYCSUnLfgWrpW2xHWNEZnnwNqmD4o - null null
2026-04-08 12:48:13.434 [INF] Microsoft.AspNetCore.Cors.Infrastructure.CorsService | CORS policy execution successful.
2026-04-08 12:48:13.434 [INF] Microsoft.AspNetCore.Routing.EndpointMiddleware | Executing endpoint '/hubs/salarysettings'
2026-04-08 12:48:13.453 [INF] Microsoft.AspNetCore.Hosting.Diagnostics | Request starting HTTP/1.1 GET http://localhost:5217/hubs/employees?id=MZM4g5S8KJ4brCc1VNtlfA&access_token=eyJhbGciOiJIUzI1NiIsInR5cCI6IkpXVCJ9.eyJuYW1laWQiOiIxOCIsInVuaXF1ZV9uYW1lIjoidmFzYW50aGFrdW1hciIsImVtYWlsIjoidmFzYW50aDIwMDR2a0BnbWFpbC5jb20iLCJyb2xlIjoiU3VwZXJBZG1pbiIsIk9yZ2FuaXphdGlvbklkIjoiMiIsIk9yZ2FuaXphdGlvbkxvZ28iOiIvdXBsb2Fkcy9vcmctbG9nb3Mvb3JnLWxvZ28tNTg3M2M0NzVkOTFkNGJiZDkwNDZkZWVjNjY3ZDEzNmMuanBnIiwibmJmIjoxNzc1NjI5OTc0LCJleHAiOjE3NzU3MTYzNzQsImlhdCI6MTc3NTYyOTk3NCwiaXNzIjoiUHJvRGVzWC1CYWNrZW5kIiwiYXVkIjoiUHJvRGVzWC1Gcm9udGVuZCJ9.igbT3pLpIiahwfTYCSUnLfgWrpW2xHWNEZnnwNqmD4o - null null
2026-04-08 12:48:13.453 [INF] Microsoft.AspNetCore.Cors.Infrastructure.CorsService | CORS policy execution successful.
2026-04-08 12:48:13.453 [INF] Microsoft.AspNetCore.Routing.EndpointMiddleware | Executing endpoint '/hubs/employees'
2026-04-08 12:48:13.469 [INF] Microsoft.AspNetCore.Hosting.Diagnostics | Request starting HTTP/1.1 GET http://localhost:5217/hubs/salaryyears?id=gcpzVCxL5GdihjedPUR8GQ&access_token=eyJhbGciOiJIUzI1NiIsInR5cCI6IkpXVCJ9.eyJuYW1laWQiOiIxOCIsInVuaXF1ZV9uYW1lIjoidmFzYW50aGFrdW1hciIsImVtYWlsIjoidmFzYW50aDIwMDR2a0BnbWFpbC5jb20iLCJyb2xlIjoiU3VwZXJBZG1pbiIsIk9yZ2FuaXphdGlvbklkIjoiMiIsIk9yZ2FuaXphdGlvbkxvZ28iOiIvdXBsb2Fkcy9vcmctbG9nb3Mvb3JnLWxvZ28tNTg3M2M0NzVkOTFkNGJiZDkwNDZkZWVjNjY3ZDEzNmMuanBnIiwibmJmIjoxNzc1NjI5OTc0LCJleHAiOjE3NzU3MTYzNzQsImlhdCI6MTc3NTYyOTk3NCwiaXNzIjoiUHJvRGVzWC1CYWNrZW5kIiwiYXVkIjoiUHJvRGVzWC1Gcm9udGVuZCJ9.igbT3pLpIiahwfTYCSUnLfgWrpW2xHWNEZnnwNqmD4o - null null
2026-04-08 12:48:13.469 [INF] Microsoft.AspNetCore.Cors.Infrastructure.CorsService | CORS policy execution successful.
2026-04-08 12:48:13.470 [INF] Microsoft.AspNetCore.Routing.EndpointMiddleware | Executing endpoint '/hubs/salaryyears'
2026-04-08 12:48:23.350 [INF] Microsoft.AspNetCore.Routing.EndpointMiddleware | Executed endpoint '/hubs/salarysettings'
2026-04-08 12:48:23.350 [INF] Serilog.AspNetCore.RequestLoggingMiddleware | HTTP GET /hubs/salarysettings → 101 (339316.9ms)
2026-04-08 12:48:23.350 [INF] Microsoft.AspNetCore.Hosting.Diagnostics | Request finished HTTP/1.1 GET http://localhost:5217/hubs/salarysettings?id=oCklLsK6_F26hinYEwYY0A&access_token=eyJhbGciOiJIUzI1NiIsInR5cCI6IkpXVCJ9.eyJuYW1laWQiOiIxOCIsInVuaXF1ZV9uYW1lIjoidmFzYW50aGFrdW1hciIsImVtYWlsIjoidmFzYW50aDIwMDR2a0BnbWFpbC5jb20iLCJyb2xlIjoiU3VwZXJBZG1pbiIsIk9yZ2FuaXphdGlvbklkIjoiMiIsIk9yZ2FuaXphdGlvbkxvZ28iOiIvdXBsb2Fkcy9vcmctbG9nb3Mvb3JnLWxvZ28tNTg3M2M0NzVkOTFkNGJiZDkwNDZkZWVjNjY3ZDEzNmMuanBnIiwibmJmIjoxNzc1NjI5OTc0LCJleHAiOjE3NzU3MTYzNzQsImlhdCI6MTc3NTYyOTk3NCwiaXNzIjoiUHJvRGVzWC1CYWNrZW5kIiwiYXVkIjoiUHJvRGVzWC1Gcm9udGVuZCJ9.igbT3pLpIiahwfTYCSUnLfgWrpW2xHWNEZnnwNqmD4o - 101 null null 339317.269ms
2026-04-08 12:48:23.360 [INF] Microsoft.AspNetCore.Hosting.Diagnostics | Request starting HTTP/1.1 OPTIONS http://localhost:5217/hubs/salarysettings/negotiate?negotiateVersion=1 - null null
2026-04-08 12:48:23.360 [INF] Microsoft.AspNetCore.Cors.Infrastructure.CorsService | CORS policy execution successful.
2026-04-08 12:48:23.360 [INF] Microsoft.AspNetCore.Hosting.Diagnostics | Request finished HTTP/1.1 OPTIONS http://localhost:5217/hubs/salarysettings/negotiate?negotiateVersion=1 - 204 null null 0.1517ms
2026-04-08 12:48:23.362 [INF] Microsoft.AspNetCore.Hosting.Diagnostics | Request starting HTTP/1.1 POST http://localhost:5217/hubs/salarysettings/negotiate?negotiateVersion=1 - text/plain;charset=UTF-8 0
2026-04-08 12:48:23.362 [INF] Microsoft.AspNetCore.Cors.Infrastructure.CorsService | CORS policy execution successful.
2026-04-08 12:48:23.362 [INF] Microsoft.AspNetCore.Routing.EndpointMiddleware | Executing endpoint '/hubs/salarysettings/negotiate'
2026-04-08 12:48:23.362 [INF] Microsoft.AspNetCore.Routing.EndpointMiddleware | Executed endpoint '/hubs/salarysettings/negotiate'
2026-04-08 12:48:23.362 [INF] Serilog.AspNetCore.RequestLoggingMiddleware | HTTP POST /hubs/salarysettings/negotiate → 200 (0.1ms)
2026-04-08 12:48:23.362 [INF] Microsoft.AspNetCore.Hosting.Diagnostics | Request finished HTTP/1.1 POST http://localhost:5217/hubs/salarysettings/negotiate?negotiateVersion=1 - 200 316 application/json 0.4405ms
2026-04-08 12:48:23.371 [INF] Microsoft.AspNetCore.Hosting.Diagnostics | Request starting HTTP/1.1 GET http://localhost:5217/hubs/salarysettings?id=GvqinYAuM8paXZkQlaEthA&access_token=eyJhbGciOiJIUzI1NiIsInR5cCI6IkpXVCJ9.eyJuYW1laWQiOiIxOCIsInVuaXF1ZV9uYW1lIjoidmFzYW50aGFrdW1hciIsImVtYWlsIjoidmFzYW50aDIwMDR2a0BnbWFpbC5jb20iLCJyb2xlIjoiU3VwZXJBZG1pbiIsIk9yZ2FuaXphdGlvbklkIjoiMiIsIk9yZ2FuaXphdGlvbkxvZ28iOiIvdXBsb2Fkcy9vcmctbG9nb3Mvb3JnLWxvZ28tNTg3M2M0NzVkOTFkNGJiZDkwNDZkZWVjNjY3ZDEzNmMuanBnIiwibmJmIjoxNzc1NjI5OTc0LCJleHAiOjE3NzU3MTYzNzQsImlhdCI6MTc3NTYyOTk3NCwiaXNzIjoiUHJvRGVzWC1CYWNrZW5kIiwiYXVkIjoiUHJvRGVzWC1Gcm9udGVuZCJ9.igbT3pLpIiahwfTYCSUnLfgWrpW2xHWNEZnnwNqmD4o - null null
2026-04-08 12:48:23.371 [INF] Microsoft.AspNetCore.Cors.Infrastructure.CorsService | CORS policy execution successful.
2026-04-08 12:48:23.371 [INF] Microsoft.AspNetCore.Routing.EndpointMiddleware | Executing endpoint '/hubs/salarysettings'
2026-04-08 12:50:19.350 [INF] Microsoft.AspNetCore.Routing.EndpointMiddleware | Executed endpoint '/hubs/salarysettings'
2026-04-08 12:50:19.350 [INF] Microsoft.AspNetCore.Routing.EndpointMiddleware | Executed endpoint '/hubs/salaryyears'
2026-04-08 12:50:19.350 [INF] Serilog.AspNetCore.RequestLoggingMiddleware | HTTP GET /hubs/salaryyears → 101 (125880.3ms)
2026-04-08 12:50:19.350 [INF] Serilog.AspNetCore.RequestLoggingMiddleware | HTTP GET /hubs/salarysettings → 101 (125915.7ms)
2026-04-08 12:50:19.350 [INF] Microsoft.AspNetCore.Hosting.Diagnostics | Request finished HTTP/1.1 GET http://localhost:5217/hubs/salaryyears?id=gcpzVCxL5GdihjedPUR8GQ&access_token=eyJhbGciOiJIUzI1NiIsInR5cCI6IkpXVCJ9.eyJuYW1laWQiOiIxOCIsInVuaXF1ZV9uYW1lIjoidmFzYW50aGFrdW1hciIsImVtYWlsIjoidmFzYW50aDIwMDR2a0BnbWFpbC5jb20iLCJyb2xlIjoiU3VwZXJBZG1pbiIsIk9yZ2FuaXphdGlvbklkIjoiMiIsIk9yZ2FuaXphdGlvbkxvZ28iOiIvdXBsb2Fkcy9vcmctbG9nb3Mvb3JnLWxvZ28tNTg3M2M0NzVkOTFkNGJiZDkwNDZkZWVjNjY3ZDEzNmMuanBnIiwibmJmIjoxNzc1NjI5OTc0LCJleHAiOjE3NzU3MTYzNzQsImlhdCI6MTc3NTYyOTk3NCwiaXNzIjoiUHJvRGVzWC1CYWNrZW5kIiwiYXVkIjoiUHJvRGVzWC1Gcm9udGVuZCJ9.igbT3pLpIiahwfTYCSUnLfgWrpW2xHWNEZnnwNqmD4o - 101 null null 125880.5408ms
2026-04-08 12:50:19.350 [INF] Microsoft.AspNetCore.Hosting.Diagnostics | Request finished HTTP/1.1 GET http://localhost:5217/hubs/salarysettings?id=XUIJfAUxLEIbMMta0yhXEw&access_token=eyJhbGciOiJIUzI1NiIsInR5cCI6IkpXVCJ9.eyJuYW1laWQiOiIxOCIsInVuaXF1ZV9uYW1lIjoidmFzYW50aGFrdW1hciIsImVtYWlsIjoidmFzYW50aDIwMDR2a0BnbWFpbC5jb20iLCJyb2xlIjoiU3VwZXJBZG1pbiIsIk9yZ2FuaXphdGlvbklkIjoiMiIsIk9yZ2FuaXphdGlvbkxvZ28iOiIvdXBsb2Fkcy9vcmctbG9nb3Mvb3JnLWxvZ28tNTg3M2M0NzVkOTFkNGJiZDkwNDZkZWVjNjY3ZDEzNmMuanBnIiwibmJmIjoxNzc1NjI5OTc0LCJleHAiOjE3NzU3MTYzNzQsImlhdCI6MTc3NTYyOTk3NCwiaXNzIjoiUHJvRGVzWC1CYWNrZW5kIiwiYXVkIjoiUHJvRGVzWC1Gcm9udGVuZCJ9.igbT3pLpIiahwfTYCSUnLfgWrpW2xHWNEZnnwNqmD4o - 101 null null 125916.0242ms
2026-04-08 12:50:19.350 [INF] Microsoft.AspNetCore.Routing.EndpointMiddleware | Executed endpoint '/hubs/employees'
2026-04-08 12:50:19.350 [INF] Serilog.AspNetCore.RequestLoggingMiddleware | HTTP GET /hubs/employees → 101 (125896.5ms)
2026-04-08 12:50:19.350 [INF] Microsoft.AspNetCore.Routing.EndpointMiddleware | Executed endpoint '/hubs/employees'
2026-04-08 12:50:19.350 [INF] Serilog.AspNetCore.RequestLoggingMiddleware | HTTP GET /hubs/employees → 101 (125928.0ms)
2026-04-08 12:50:19.350 [INF] Microsoft.AspNetCore.Hosting.Diagnostics | Request finished HTTP/1.1 GET http://localhost:5217/hubs/employees?id=MZM4g5S8KJ4brCc1VNtlfA&access_token=eyJhbGciOiJIUzI1NiIsInR5cCI6IkpXVCJ9.eyJuYW1laWQiOiIxOCIsInVuaXF1ZV9uYW1lIjoidmFzYW50aGFrdW1hciIsImVtYWlsIjoidmFzYW50aDIwMDR2a0BnbWFpbC5jb20iLCJyb2xlIjoiU3VwZXJBZG1pbiIsIk9yZ2FuaXphdGlvbklkIjoiMiIsIk9yZ2FuaXphdGlvbkxvZ28iOiIvdXBsb2Fkcy9vcmctbG9nb3Mvb3JnLWxvZ28tNTg3M2M0NzVkOTFkNGJiZDkwNDZkZWVjNjY3ZDEzNmMuanBnIiwibmJmIjoxNzc1NjI5OTc0LCJleHAiOjE3NzU3MTYzNzQsImlhdCI6MTc3NTYyOTk3NCwiaXNzIjoiUHJvRGVzWC1CYWNrZW5kIiwiYXVkIjoiUHJvRGVzWC1Gcm9udGVuZCJ9.igbT3pLpIiahwfTYCSUnLfgWrpW2xHWNEZnnwNqmD4o - 101 null null 125896.8137ms
2026-04-08 12:50:19.350 [INF] Microsoft.AspNetCore.Hosting.Diagnostics | Request finished HTTP/1.1 GET http://localhost:5217/hubs/employees?id=hJNj12tRd3LgoGcwJVvorg&access_token=eyJhbGciOiJIUzI1NiIsInR5cCI6IkpXVCJ9.eyJuYW1laWQiOiIxOCIsInVuaXF1ZV9uYW1lIjoidmFzYW50aGFrdW1hciIsImVtYWlsIjoidmFzYW50aDIwMDR2a0BnbWFpbC5jb20iLCJyb2xlIjoiU3VwZXJBZG1pbiIsIk9yZ2FuaXphdGlvbklkIjoiMiIsIk9yZ2FuaXphdGlvbkxvZ28iOiIvdXBsb2Fkcy9vcmctbG9nb3Mvb3JnLWxvZ28tNTg3M2M0NzVkOTFkNGJiZDkwNDZkZWVjNjY3ZDEzNmMuanBnIiwibmJmIjoxNzc1NjI5OTc0LCJleHAiOjE3NzU3MTYzNzQsImlhdCI6MTc3NTYyOTk3NCwiaXNzIjoiUHJvRGVzWC1CYWNrZW5kIiwiYXVkIjoiUHJvRGVzWC1Gcm9udGVuZCJ9.igbT3pLpIiahwfTYCSUnLfgWrpW2xHWNEZnnwNqmD4o - 101 null null 125928.2455ms
2026-04-08 12:50:19.350 [INF] Microsoft.AspNetCore.Routing.EndpointMiddleware | Executed endpoint '/hubs/salaryyears'
2026-04-08 12:50:19.350 [INF] Serilog.AspNetCore.RequestLoggingMiddleware | HTTP GET /hubs/salaryyears → 101 (125943.1ms)
2026-04-08 12:50:19.350 [INF] Microsoft.AspNetCore.Hosting.Diagnostics | Request finished HTTP/1.1 GET http://localhost:5217/hubs/salaryyears?id=642Kn9eMZo82wkXKekZIGg&access_token=eyJhbGciOiJIUzI1NiIsInR5cCI6IkpXVCJ9.eyJuYW1laWQiOiIxOCIsInVuaXF1ZV9uYW1lIjoidmFzYW50aGFrdW1hciIsImVtYWlsIjoidmFzYW50aDIwMDR2a0BnbWFpbC5jb20iLCJyb2xlIjoiU3VwZXJBZG1pbiIsIk9yZ2FuaXphdGlvbklkIjoiMiIsIk9yZ2FuaXphdGlvbkxvZ28iOiIvdXBsb2Fkcy9vcmctbG9nb3Mvb3JnLWxvZ28tNTg3M2M0NzVkOTFkNGJiZDkwNDZkZWVjNjY3ZDEzNmMuanBnIiwibmJmIjoxNzc1NjI5OTc0LCJleHAiOjE3NzU3MTYzNzQsImlhdCI6MTc3NTYyOTk3NCwiaXNzIjoiUHJvRGVzWC1CYWNrZW5kIiwiYXVkIjoiUHJvRGVzWC1Gcm9udGVuZCJ9.igbT3pLpIiahwfTYCSUnLfgWrpW2xHWNEZnnwNqmD4o - 101 null null 125943.4995ms
2026-04-08 12:50:19.374 [INF] Microsoft.AspNetCore.Hosting.Diagnostics | Request starting HTTP/1.1 OPTIONS http://localhost:5217/hubs/salarysettings/negotiate?negotiateVersion=1 - null null
2026-04-08 12:50:19.374 [INF] Microsoft.AspNetCore.Cors.Infrastructure.CorsService | CORS policy execution successful.
2026-04-08 12:50:19.374 [INF] Microsoft.AspNetCore.Hosting.Diagnostics | Request finished HTTP/1.1 OPTIONS http://localhost:5217/hubs/salarysettings/negotiate?negotiateVersion=1 - 204 null null 0.1933ms
2026-04-08 12:50:19.375 [INF] Microsoft.AspNetCore.Hosting.Diagnostics | Request starting HTTP/1.1 POST http://localhost:5217/hubs/salarysettings/negotiate?negotiateVersion=1 - text/plain;charset=UTF-8 0
2026-04-08 12:50:19.375 [INF] Microsoft.AspNetCore.Cors.Infrastructure.CorsService | CORS policy execution successful.
2026-04-08 12:50:19.376 [INF] Microsoft.AspNetCore.Routing.EndpointMiddleware | Executing endpoint '/hubs/salarysettings/negotiate'
2026-04-08 12:50:19.376 [INF] Microsoft.AspNetCore.Routing.EndpointMiddleware | Executed endpoint '/hubs/salarysettings/negotiate'
2026-04-08 12:50:19.376 [INF] Serilog.AspNetCore.RequestLoggingMiddleware | HTTP POST /hubs/salarysettings/negotiate → 200 (0.1ms)
2026-04-08 12:50:19.376 [INF] Microsoft.AspNetCore.Hosting.Diagnostics | Request finished HTTP/1.1 POST http://localhost:5217/hubs/salarysettings/negotiate?negotiateVersion=1 - 200 316 application/json 0.621ms
2026-04-08 12:50:19.378 [INF] Microsoft.AspNetCore.Hosting.Diagnostics | Request starting HTTP/1.1 OPTIONS http://localhost:5217/hubs/salaryyears/negotiate?negotiateVersion=1 - null null
2026-04-08 12:50:19.378 [INF] Microsoft.AspNetCore.Cors.Infrastructure.CorsService | CORS policy execution successful.
2026-04-08 12:50:19.378 [INF] Microsoft.AspNetCore.Hosting.Diagnostics | Request finished HTTP/1.1 OPTIONS http://localhost:5217/hubs/salaryyears/negotiate?negotiateVersion=1 - 204 null null 0.1929ms
2026-04-08 12:50:19.379 [INF] Microsoft.AspNetCore.Hosting.Diagnostics | Request starting HTTP/1.1 OPTIONS http://localhost:5217/hubs/employees/negotiate?negotiateVersion=1 - null null
2026-04-08 12:50:19.379 [INF] Microsoft.AspNetCore.Cors.Infrastructure.CorsService | CORS policy execution successful.
2026-04-08 12:50:19.379 [INF] Microsoft.AspNetCore.Hosting.Diagnostics | Request finished HTTP/1.1 OPTIONS http://localhost:5217/hubs/employees/negotiate?negotiateVersion=1 - 204 null null 0.1407ms
2026-04-08 12:50:19.380 [INF] Microsoft.AspNetCore.Hosting.Diagnostics | Request starting HTTP/1.1 POST http://localhost:5217/hubs/salaryyears/negotiate?negotiateVersion=1 - text/plain;charset=UTF-8 0
2026-04-08 12:50:19.380 [INF] Microsoft.AspNetCore.Cors.Infrastructure.CorsService | CORS policy execution successful.
2026-04-08 12:50:19.380 [INF] Microsoft.AspNetCore.Routing.EndpointMiddleware | Executing endpoint '/hubs/salaryyears/negotiate'
2026-04-08 12:50:19.380 [INF] Microsoft.AspNetCore.Routing.EndpointMiddleware | Executed endpoint '/hubs/salaryyears/negotiate'
2026-04-08 12:50:19.380 [INF] Serilog.AspNetCore.RequestLoggingMiddleware | HTTP POST /hubs/salaryyears/negotiate → 200 (0.1ms)
2026-04-08 12:50:19.380 [INF] Microsoft.AspNetCore.Hosting.Diagnostics | Request finished HTTP/1.1 POST http://localhost:5217/hubs/salaryyears/negotiate?negotiateVersion=1 - 200 316 application/json 0.2949ms
2026-04-08 12:50:19.382 [INF] Microsoft.AspNetCore.Hosting.Diagnostics | Request starting HTTP/1.1 POST http://localhost:5217/hubs/employees/negotiate?negotiateVersion=1 - text/plain;charset=UTF-8 0
2026-04-08 12:50:19.382 [INF] Microsoft.AspNetCore.Cors.Infrastructure.CorsService | CORS policy execution successful.
2026-04-08 12:50:19.382 [INF] Microsoft.AspNetCore.Routing.EndpointMiddleware | Executing endpoint '/hubs/employees/negotiate'
2026-04-08 12:50:19.382 [INF] Microsoft.AspNetCore.Routing.EndpointMiddleware | Executed endpoint '/hubs/employees/negotiate'
2026-04-08 12:50:19.382 [INF] Serilog.AspNetCore.RequestLoggingMiddleware | HTTP POST /hubs/employees/negotiate → 200 (0.2ms)
2026-04-08 12:50:19.382 [INF] Microsoft.AspNetCore.Hosting.Diagnostics | Request finished HTTP/1.1 POST http://localhost:5217/hubs/employees/negotiate?negotiateVersion=1 - 200 316 application/json 0.704ms
2026-04-08 12:50:19.384 [INF] Microsoft.AspNetCore.Hosting.Diagnostics | Request starting HTTP/1.1 POST http://localhost:5217/hubs/employees/negotiate?negotiateVersion=1 - text/plain;charset=UTF-8 0
2026-04-08 12:50:19.384 [INF] Microsoft.AspNetCore.Cors.Infrastructure.CorsService | CORS policy execution successful.
2026-04-08 12:50:19.384 [INF] Microsoft.AspNetCore.Routing.EndpointMiddleware | Executing endpoint '/hubs/employees/negotiate'
2026-04-08 12:50:19.384 [INF] Microsoft.AspNetCore.Routing.EndpointMiddleware | Executed endpoint '/hubs/employees/negotiate'
2026-04-08 12:50:19.384 [INF] Serilog.AspNetCore.RequestLoggingMiddleware | HTTP POST /hubs/employees/negotiate → 200 (0.1ms)
2026-04-08 12:50:19.384 [INF] Microsoft.AspNetCore.Hosting.Diagnostics | Request finished HTTP/1.1 POST http://localhost:5217/hubs/employees/negotiate?negotiateVersion=1 - 200 316 application/json 0.4369ms
2026-04-08 12:50:19.388 [INF] Microsoft.AspNetCore.Hosting.Diagnostics | Request starting HTTP/1.1 POST http://localhost:5217/hubs/salaryyears/negotiate?negotiateVersion=1 - text/plain;charset=UTF-8 0
2026-04-08 12:50:19.388 [INF] Microsoft.AspNetCore.Cors.Infrastructure.CorsService | CORS policy execution successful.
2026-04-08 12:50:19.388 [INF] Microsoft.AspNetCore.Routing.EndpointMiddleware | Executing endpoint '/hubs/salaryyears/negotiate'
2026-04-08 12:50:19.388 [INF] Microsoft.AspNetCore.Routing.EndpointMiddleware | Executed endpoint '/hubs/salaryyears/negotiate'
2026-04-08 12:50:19.389 [INF] Serilog.AspNetCore.RequestLoggingMiddleware | HTTP POST /hubs/salaryyears/negotiate → 200 (0.2ms)
2026-04-08 12:50:19.389 [INF] Microsoft.AspNetCore.Hosting.Diagnostics | Request finished HTTP/1.1 POST http://localhost:5217/hubs/salaryyears/negotiate?negotiateVersion=1 - 200 316 application/json 0.6997ms
2026-04-08 12:50:19.400 [INF] Microsoft.AspNetCore.Hosting.Diagnostics | Request starting HTTP/1.1 GET http://localhost:5217/hubs/salarysettings?id=0kYs3kVdwswJzZj_jBfFAg&access_token=eyJhbGciOiJIUzI1NiIsInR5cCI6IkpXVCJ9.eyJuYW1laWQiOiIxOCIsInVuaXF1ZV9uYW1lIjoidmFzYW50aGFrdW1hciIsImVtYWlsIjoidmFzYW50aDIwMDR2a0BnbWFpbC5jb20iLCJyb2xlIjoiU3VwZXJBZG1pbiIsIk9yZ2FuaXphdGlvbklkIjoiMiIsIk9yZ2FuaXphdGlvbkxvZ28iOiIvdXBsb2Fkcy9vcmctbG9nb3Mvb3JnLWxvZ28tNTg3M2M0NzVkOTFkNGJiZDkwNDZkZWVjNjY3ZDEzNmMuanBnIiwibmJmIjoxNzc1NjI5OTc0LCJleHAiOjE3NzU3MTYzNzQsImlhdCI6MTc3NTYyOTk3NCwiaXNzIjoiUHJvRGVzWC1CYWNrZW5kIiwiYXVkIjoiUHJvRGVzWC1Gcm9udGVuZCJ9.igbT3pLpIiahwfTYCSUnLfgWrpW2xHWNEZnnwNqmD4o - null null
2026-04-08 12:50:19.400 [INF] Microsoft.AspNetCore.Cors.Infrastructure.CorsService | CORS policy execution successful.
2026-04-08 12:50:19.400 [INF] Microsoft.AspNetCore.Routing.EndpointMiddleware | Executing endpoint '/hubs/salarysettings'
2026-04-08 12:50:19.413 [INF] Microsoft.AspNetCore.Hosting.Diagnostics | Request starting HTTP/1.1 GET http://localhost:5217/hubs/salaryyears?id=cmJUnFLpOI_uqegnv8djPw&access_token=eyJhbGciOiJIUzI1NiIsInR5cCI6IkpXVCJ9.eyJuYW1laWQiOiIxOCIsInVuaXF1ZV9uYW1lIjoidmFzYW50aGFrdW1hciIsImVtYWlsIjoidmFzYW50aDIwMDR2a0BnbWFpbC5jb20iLCJyb2xlIjoiU3VwZXJBZG1pbiIsIk9yZ2FuaXphdGlvbklkIjoiMiIsIk9yZ2FuaXphdGlvbkxvZ28iOiIvdXBsb2Fkcy9vcmctbG9nb3Mvb3JnLWxvZ28tNTg3M2M0NzVkOTFkNGJiZDkwNDZkZWVjNjY3ZDEzNmMuanBnIiwibmJmIjoxNzc1NjI5OTc0LCJleHAiOjE3NzU3MTYzNzQsImlhdCI6MTc3NTYyOTk3NCwiaXNzIjoiUHJvRGVzWC1CYWNrZW5kIiwiYXVkIjoiUHJvRGVzWC1Gcm9udGVuZCJ9.igbT3pLpIiahwfTYCSUnLfgWrpW2xHWNEZnnwNqmD4o - null null
2026-04-08 12:50:19.413 [INF] Microsoft.AspNetCore.Cors.Infrastructure.CorsService | CORS policy execution successful.
2026-04-08 12:50:19.413 [INF] Microsoft.AspNetCore.Routing.EndpointMiddleware | Executing endpoint '/hubs/salaryyears'
2026-04-08 12:50:19.427 [INF] Microsoft.AspNetCore.Hosting.Diagnostics | Request starting HTTP/1.1 GET http://localhost:5217/hubs/employees?id=mxfNR1nE5ohBTebpiFDu_Q&access_token=eyJhbGciOiJIUzI1NiIsInR5cCI6IkpXVCJ9.eyJuYW1laWQiOiIxOCIsInVuaXF1ZV9uYW1lIjoidmFzYW50aGFrdW1hciIsImVtYWlsIjoidmFzYW50aDIwMDR2a0BnbWFpbC5jb20iLCJyb2xlIjoiU3VwZXJBZG1pbiIsIk9yZ2FuaXphdGlvbklkIjoiMiIsIk9yZ2FuaXphdGlvbkxvZ28iOiIvdXBsb2Fkcy9vcmctbG9nb3Mvb3JnLWxvZ28tNTg3M2M0NzVkOTFkNGJiZDkwNDZkZWVjNjY3ZDEzNmMuanBnIiwibmJmIjoxNzc1NjI5OTc0LCJleHAiOjE3NzU3MTYzNzQsImlhdCI6MTc3NTYyOTk3NCwiaXNzIjoiUHJvRGVzWC1CYWNrZW5kIiwiYXVkIjoiUHJvRGVzWC1Gcm9udGVuZCJ9.igbT3pLpIiahwfTYCSUnLfgWrpW2xHWNEZnnwNqmD4o - null null
2026-04-08 12:50:19.427 [INF] Microsoft.AspNetCore.Cors.Infrastructure.CorsService | CORS policy execution successful.
2026-04-08 12:50:19.428 [INF] Microsoft.AspNetCore.Routing.EndpointMiddleware | Executing endpoint '/hubs/employees'
2026-04-08 12:50:19.442 [INF] Microsoft.AspNetCore.Hosting.Diagnostics | Request starting HTTP/1.1 GET http://localhost:5217/hubs/employees?id=JutvWTu_rlFFd2b74HqRIg&access_token=eyJhbGciOiJIUzI1NiIsInR5cCI6IkpXVCJ9.eyJuYW1laWQiOiIxOCIsInVuaXF1ZV9uYW1lIjoidmFzYW50aGFrdW1hciIsImVtYWlsIjoidmFzYW50aDIwMDR2a0BnbWFpbC5jb20iLCJyb2xlIjoiU3VwZXJBZG1pbiIsIk9yZ2FuaXphdGlvbklkIjoiMiIsIk9yZ2FuaXphdGlvbkxvZ28iOiIvdXBsb2Fkcy9vcmctbG9nb3Mvb3JnLWxvZ28tNTg3M2M0NzVkOTFkNGJiZDkwNDZkZWVjNjY3ZDEzNmMuanBnIiwibmJmIjoxNzc1NjI5OTc0LCJleHAiOjE3NzU3MTYzNzQsImlhdCI6MTc3NTYyOTk3NCwiaXNzIjoiUHJvRGVzWC1CYWNrZW5kIiwiYXVkIjoiUHJvRGVzWC1Gcm9udGVuZCJ9.igbT3pLpIiahwfTYCSUnLfgWrpW2xHWNEZnnwNqmD4o - null null
2026-04-08 12:50:19.442 [INF] Microsoft.AspNetCore.Cors.Infrastructure.CorsService | CORS policy execution successful.
2026-04-08 12:50:19.443 [INF] Microsoft.AspNetCore.Routing.EndpointMiddleware | Executing endpoint '/hubs/employees'
2026-04-08 12:50:19.460 [INF] Microsoft.AspNetCore.Hosting.Diagnostics | Request starting HTTP/1.1 GET http://localhost:5217/hubs/salaryyears?id=54OgLj_OK1jJXg7lcqHbSQ&access_token=eyJhbGciOiJIUzI1NiIsInR5cCI6IkpXVCJ9.eyJuYW1laWQiOiIxOCIsInVuaXF1ZV9uYW1lIjoidmFzYW50aGFrdW1hciIsImVtYWlsIjoidmFzYW50aDIwMDR2a0BnbWFpbC5jb20iLCJyb2xlIjoiU3VwZXJBZG1pbiIsIk9yZ2FuaXphdGlvbklkIjoiMiIsIk9yZ2FuaXphdGlvbkxvZ28iOiIvdXBsb2Fkcy9vcmctbG9nb3Mvb3JnLWxvZ28tNTg3M2M0NzVkOTFkNGJiZDkwNDZkZWVjNjY3ZDEzNmMuanBnIiwibmJmIjoxNzc1NjI5OTc0LCJleHAiOjE3NzU3MTYzNzQsImlhdCI6MTc3NTYyOTk3NCwiaXNzIjoiUHJvRGVzWC1CYWNrZW5kIiwiYXVkIjoiUHJvRGVzWC1Gcm9udGVuZCJ9.igbT3pLpIiahwfTYCSUnLfgWrpW2xHWNEZnnwNqmD4o - null null
2026-04-08 12:50:19.461 [INF] Microsoft.AspNetCore.Cors.Infrastructure.CorsService | CORS policy execution successful.
2026-04-08 12:50:19.461 [INF] Microsoft.AspNetCore.Routing.EndpointMiddleware | Executing endpoint '/hubs/salaryyears'
2026-04-08 12:50:29.355 [INF] Microsoft.AspNetCore.Routing.EndpointMiddleware | Executed endpoint '/hubs/salarysettings'
2026-04-08 12:50:29.355 [INF] Serilog.AspNetCore.RequestLoggingMiddleware | HTTP GET /hubs/salarysettings → 101 (125983.6ms)
2026-04-08 12:50:29.355 [INF] Microsoft.AspNetCore.Hosting.Diagnostics | Request finished HTTP/1.1 GET http://localhost:5217/hubs/salarysettings?id=GvqinYAuM8paXZkQlaEthA&access_token=eyJhbGciOiJIUzI1NiIsInR5cCI6IkpXVCJ9.eyJuYW1laWQiOiIxOCIsInVuaXF1ZV9uYW1lIjoidmFzYW50aGFrdW1hciIsImVtYWlsIjoidmFzYW50aDIwMDR2a0BnbWFpbC5jb20iLCJyb2xlIjoiU3VwZXJBZG1pbiIsIk9yZ2FuaXphdGlvbklkIjoiMiIsIk9yZ2FuaXphdGlvbkxvZ28iOiIvdXBsb2Fkcy9vcmctbG9nb3Mvb3JnLWxvZ28tNTg3M2M0NzVkOTFkNGJiZDkwNDZkZWVjNjY3ZDEzNmMuanBnIiwibmJmIjoxNzc1NjI5OTc0LCJleHAiOjE3NzU3MTYzNzQsImlhdCI6MTc3NTYyOTk3NCwiaXNzIjoiUHJvRGVzWC1CYWNrZW5kIiwiYXVkIjoiUHJvRGVzWC1Gcm9udGVuZCJ9.igbT3pLpIiahwfTYCSUnLfgWrpW2xHWNEZnnwNqmD4o - 101 null null 125983.9608ms
2026-04-08 12:50:29.360 [INF] Microsoft.AspNetCore.Hosting.Diagnostics | Request starting HTTP/1.1 OPTIONS http://localhost:5217/hubs/salarysettings/negotiate?negotiateVersion=1 - null null
2026-04-08 12:50:29.360 [INF] Microsoft.AspNetCore.Cors.Infrastructure.CorsService | CORS policy execution successful.
2026-04-08 12:50:29.361 [INF] Microsoft.AspNetCore.Hosting.Diagnostics | Request finished HTTP/1.1 OPTIONS http://localhost:5217/hubs/salarysettings/negotiate?negotiateVersion=1 - 204 null null 0.1379ms
2026-04-08 12:50:29.361 [INF] Microsoft.AspNetCore.Hosting.Diagnostics | Request starting HTTP/1.1 POST http://localhost:5217/hubs/salarysettings/negotiate?negotiateVersion=1 - text/plain;charset=UTF-8 0
2026-04-08 12:50:29.362 [INF] Microsoft.AspNetCore.Cors.Infrastructure.CorsService | CORS policy execution successful.
2026-04-08 12:50:29.362 [INF] Microsoft.AspNetCore.Routing.EndpointMiddleware | Executing endpoint '/hubs/salarysettings/negotiate'
2026-04-08 12:50:29.362 [INF] Microsoft.AspNetCore.Routing.EndpointMiddleware | Executed endpoint '/hubs/salarysettings/negotiate'
2026-04-08 12:50:29.362 [INF] Serilog.AspNetCore.RequestLoggingMiddleware | HTTP POST /hubs/salarysettings/negotiate → 200 (0.1ms)
2026-04-08 12:50:29.362 [INF] Microsoft.AspNetCore.Hosting.Diagnostics | Request finished HTTP/1.1 POST http://localhost:5217/hubs/salarysettings/negotiate?negotiateVersion=1 - 200 316 application/json 0.341ms
2026-04-08 12:50:29.369 [INF] Microsoft.AspNetCore.Hosting.Diagnostics | Request starting HTTP/1.1 GET http://localhost:5217/hubs/salarysettings?id=NbgTSdg3kOCafHqSl9OdQQ&access_token=eyJhbGciOiJIUzI1NiIsInR5cCI6IkpXVCJ9.eyJuYW1laWQiOiIxOCIsInVuaXF1ZV9uYW1lIjoidmFzYW50aGFrdW1hciIsImVtYWlsIjoidmFzYW50aDIwMDR2a0BnbWFpbC5jb20iLCJyb2xlIjoiU3VwZXJBZG1pbiIsIk9yZ2FuaXphdGlvbklkIjoiMiIsIk9yZ2FuaXphdGlvbkxvZ28iOiIvdXBsb2Fkcy9vcmctbG9nb3Mvb3JnLWxvZ28tNTg3M2M0NzVkOTFkNGJiZDkwNDZkZWVjNjY3ZDEzNmMuanBnIiwibmJmIjoxNzc1NjI5OTc0LCJleHAiOjE3NzU3MTYzNzQsImlhdCI6MTc3NTYyOTk3NCwiaXNzIjoiUHJvRGVzWC1CYWNrZW5kIiwiYXVkIjoiUHJvRGVzWC1Gcm9udGVuZCJ9.igbT3pLpIiahwfTYCSUnLfgWrpW2xHWNEZnnwNqmD4o - null null
2026-04-08 12:50:29.370 [INF] Microsoft.AspNetCore.Cors.Infrastructure.CorsService | CORS policy execution successful.
2026-04-08 12:50:29.370 [INF] Microsoft.AspNetCore.Routing.EndpointMiddleware | Executing endpoint '/hubs/salarysettings'
2026-04-08 12:52:24.840 [INF] Microsoft.AspNetCore.Hosting.Diagnostics | Request starting HTTP/1.1 OPTIONS http://localhost:5217/api/SalaryYear/GetSalaryYearsByOrgId?orgId=2 - null null
2026-04-08 12:52:24.840 [INF] Microsoft.AspNetCore.Cors.Infrastructure.CorsService | CORS policy execution successful.
2026-04-08 12:52:24.840 [INF] Microsoft.AspNetCore.Hosting.Diagnostics | Request finished HTTP/1.1 OPTIONS http://localhost:5217/api/SalaryYear/GetSalaryYearsByOrgId?orgId=2 - 204 null null 0.231ms
2026-04-08 12:52:24.843 [INF] Microsoft.AspNetCore.Hosting.Diagnostics | Request starting HTTP/1.1 GET http://localhost:5217/api/SalaryYear/GetSalaryYearsByOrgId?orgId=2 - application/json null
2026-04-08 12:52:24.843 [INF] Microsoft.AspNetCore.Cors.Infrastructure.CorsService | CORS policy execution successful.
2026-04-08 12:52:24.843 [INF] Microsoft.AspNetCore.Routing.EndpointMiddleware | Executing endpoint 'backend.Controllers.SalaryYearController.GetSalaryYearsByOrgId (backend)'
2026-04-08 12:52:24.843 [INF] Microsoft.AspNetCore.Mvc.Infrastructure.ControllerActionInvoker | Route matched with {action = "GetSalaryYearsByOrgId", controller = "SalaryYear"}. Executing controller action with signature System.Threading.Tasks.Task`1[Microsoft.AspNetCore.Mvc.IActionResult] GetSalaryYearsByOrgId(System.String) on controller backend.Controllers.SalaryYearController (backend).
2026-04-08 12:52:24.942 [INF] Microsoft.AspNetCore.Mvc.Infrastructure.ObjectResultExecutor | Executing OkObjectResult, writing value of type 'System.Collections.Generic.List`1[[backend.Models.SalaryYear, backend, Version=1.0.0.0, Culture=neutral, PublicKeyToken=null]]'.
2026-04-08 12:52:24.942 [INF] Microsoft.AspNetCore.Mvc.Infrastructure.ControllerActionInvoker | Executed action backend.Controllers.SalaryYearController.GetSalaryYearsByOrgId (backend) in 98.9564ms
2026-04-08 12:52:24.942 [INF] Microsoft.AspNetCore.Routing.EndpointMiddleware | Executed endpoint 'backend.Controllers.SalaryYearController.GetSalaryYearsByOrgId (backend)'
2026-04-08 12:52:24.942 [INF] Serilog.AspNetCore.RequestLoggingMiddleware | HTTP GET /api/SalaryYear/GetSalaryYearsByOrgId → 200 (99.2ms)
2026-04-08 12:52:24.942 [INF] Microsoft.AspNetCore.Hosting.Diagnostics | Request finished HTTP/1.1 GET http://localhost:5217/api/SalaryYear/GetSalaryYearsByOrgId?orgId=2 - 200 null application/json; charset=utf-8 99.6743ms
2026-04-08 12:52:24.993 [INF] Microsoft.AspNetCore.Hosting.Diagnostics | Request starting HTTP/1.1 OPTIONS http://localhost:5217/api/employees?organizationId=2 - null null
2026-04-08 12:52:24.994 [INF] Microsoft.AspNetCore.Cors.Infrastructure.CorsService | CORS policy execution successful.
2026-04-08 12:52:24.994 [INF] Microsoft.AspNetCore.Hosting.Diagnostics | Request finished HTTP/1.1 OPTIONS http://localhost:5217/api/employees?organizationId=2 - 204 null null 0.1586ms
2026-04-08 12:52:24.995 [INF] Microsoft.AspNetCore.Hosting.Diagnostics | Request starting HTTP/1.1 GET http://localhost:5217/api/employees?organizationId=2 - application/json null
2026-04-08 12:52:24.995 [INF] Microsoft.AspNetCore.Cors.Infrastructure.CorsService | CORS policy execution successful.
2026-04-08 12:52:24.996 [INF] Microsoft.AspNetCore.Routing.EndpointMiddleware | Executing endpoint 'backend.Controllers.EmployeesController.GetEmployees (backend)'
2026-04-08 12:52:24.996 [INF] Microsoft.AspNetCore.Mvc.Infrastructure.ControllerActionInvoker | Route matched with {action = "GetEmployees", controller = "Employees"}. Executing controller action with signature System.Threading.Tasks.Task`1[Microsoft.AspNetCore.Mvc.IActionResult] GetEmployees(System.Nullable`1[System.Int32]) on controller backend.Controllers.EmployeesController (backend).
2026-04-08 12:52:24.996 [INF] backend.Controllers.EmployeesController | [Employees] GET all | TargetOrgId=2 | UserOrgId=2
2026-04-08 12:52:25.016 [INF] Microsoft.AspNetCore.Mvc.Infrastructure.ObjectResultExecutor | Executing OkObjectResult, writing value of type 'System.Collections.Generic.List`1[[backend.Models.Employee, backend, Version=1.0.0.0, Culture=neutral, PublicKeyToken=null]]'.
2026-04-08 12:52:25.016 [INF] Microsoft.AspNetCore.Mvc.Infrastructure.ControllerActionInvoker | Executed action backend.Controllers.EmployeesController.GetEmployees (backend) in 20.2735ms
2026-04-08 12:52:25.016 [INF] Microsoft.AspNetCore.Routing.EndpointMiddleware | Executed endpoint 'backend.Controllers.EmployeesController.GetEmployees (backend)'
2026-04-08 12:52:25.016 [INF] Serilog.AspNetCore.RequestLoggingMiddleware | HTTP GET /api/employees → 200 (20.5ms)
2026-04-08 12:52:25.016 [INF] Microsoft.AspNetCore.Hosting.Diagnostics | Request finished HTTP/1.1 GET http://localhost:5217/api/employees?organizationId=2 - 200 null application/json; charset=utf-8 20.9277ms
2026-04-08 12:52:25.124 [INF] Microsoft.AspNetCore.Hosting.Diagnostics | Request starting HTTP/1.1 OPTIONS http://localhost:5217/api/SalarySettings/GetSalarySettings?orgId=2&salaryYearId=3 - null null
2026-04-08 12:52:25.124 [INF] Microsoft.AspNetCore.Cors.Infrastructure.CorsService | CORS policy execution successful.
2026-04-08 12:52:25.124 [INF] Microsoft.AspNetCore.Hosting.Diagnostics | Request finished HTTP/1.1 OPTIONS http://localhost:5217/api/SalarySettings/GetSalarySettings?orgId=2&salaryYearId=3 - 204 null null 0.2459ms
2026-04-08 12:52:25.154 [INF] Microsoft.AspNetCore.Hosting.Diagnostics | Request starting HTTP/1.1 GET http://localhost:5217/api/SalarySettings/GetSalarySettings?orgId=2&salaryYearId=3 - application/json null
2026-04-08 12:52:25.159 [INF] Microsoft.AspNetCore.Cors.Infrastructure.CorsService | CORS policy execution successful.
2026-04-08 12:52:25.161 [INF] Microsoft.AspNetCore.Routing.EndpointMiddleware | Executing endpoint 'backend.Controllers.SalarySettingsController.GetSalarySettings (backend)'
2026-04-08 12:52:25.161 [INF] Microsoft.AspNetCore.Mvc.Infrastructure.ControllerActionInvoker | Route matched with {action = "GetSalarySettings", controller = "SalarySettings"}. Executing controller action with signature System.Threading.Tasks.Task`1[Microsoft.AspNetCore.Mvc.IActionResult] GetSalarySettings(System.String, System.String) on controller backend.Controllers.SalarySettingsController (backend).
2026-04-08 12:52:25.179 [INF] Microsoft.AspNetCore.Mvc.Infrastructure.ObjectResultExecutor | Executing OkObjectResult, writing value of type 'System.Collections.Generic.List`1[[backend.Models.SalarySettings, backend, Version=1.0.0.0, Culture=neutral, PublicKeyToken=null]]'.
2026-04-08 12:52:25.180 [INF] Microsoft.AspNetCore.Mvc.Infrastructure.ControllerActionInvoker | Executed action backend.Controllers.SalarySettingsController.GetSalarySettings (backend) in 18.7745ms
2026-04-08 12:52:25.180 [INF] Microsoft.AspNetCore.Routing.EndpointMiddleware | Executed endpoint 'backend.Controllers.SalarySettingsController.GetSalarySettings (backend)'
2026-04-08 12:52:25.180 [INF] Serilog.AspNetCore.RequestLoggingMiddleware | HTTP GET /api/SalarySettings/GetSalarySettings → 200 (19.0ms)
2026-04-08 12:52:25.180 [INF] Microsoft.AspNetCore.Hosting.Diagnostics | Request finished HTTP/1.1 GET http://localhost:5217/api/SalarySettings/GetSalarySettings?orgId=2&salaryYearId=3 - 200 null application/json; charset=utf-8 26.0383ms
2026-04-08 12:54:07.350 [INF] Microsoft.AspNetCore.Routing.EndpointMiddleware | Executed endpoint '/hubs/salaryyears'
2026-04-08 12:54:07.350 [INF] Microsoft.AspNetCore.Routing.EndpointMiddleware | Executed endpoint '/hubs/employees'
2026-04-08 12:54:07.350 [INF] Serilog.AspNetCore.RequestLoggingMiddleware | HTTP GET /hubs/salaryyears → 101 (227889.5ms)
2026-04-08 12:54:07.350 [INF] Microsoft.AspNetCore.Routing.EndpointMiddleware | Executed endpoint '/hubs/salarysettings'
2026-04-08 12:54:07.350 [INF] Serilog.AspNetCore.RequestLoggingMiddleware | HTTP GET /hubs/employees → 101 (227907.8ms)
2026-04-08 12:54:07.350 [INF] Microsoft.AspNetCore.Routing.EndpointMiddleware | Executed endpoint '/hubs/salarysettings'
2026-04-08 12:54:07.351 [INF] Serilog.AspNetCore.RequestLoggingMiddleware | HTTP GET /hubs/salarysettings → 101 (217980.8ms)
2026-04-08 12:54:07.350 [INF] Serilog.AspNetCore.RequestLoggingMiddleware | HTTP GET /hubs/salarysettings → 101 (227950.6ms)
2026-04-08 12:54:07.351 [INF] Microsoft.AspNetCore.Hosting.Diagnostics | Request finished HTTP/1.1 GET http://localhost:5217/hubs/salarysettings?id=0kYs3kVdwswJzZj_jBfFAg&access_token=eyJhbGciOiJIUzI1NiIsInR5cCI6IkpXVCJ9.eyJuYW1laWQiOiIxOCIsInVuaXF1ZV9uYW1lIjoidmFzYW50aGFrdW1hciIsImVtYWlsIjoidmFzYW50aDIwMDR2a0BnbWFpbC5jb20iLCJyb2xlIjoiU3VwZXJBZG1pbiIsIk9yZ2FuaXphdGlvbklkIjoiMiIsIk9yZ2FuaXphdGlvbkxvZ28iOiIvdXBsb2Fkcy9vcmctbG9nb3Mvb3JnLWxvZ28tNTg3M2M0NzVkOTFkNGJiZDkwNDZkZWVjNjY3ZDEzNmMuanBnIiwibmJmIjoxNzc1NjI5OTc0LCJleHAiOjE3NzU3MTYzNzQsImlhdCI6MTc3NTYyOTk3NCwiaXNzIjoiUHJvRGVzWC1CYWNrZW5kIiwiYXVkIjoiUHJvRGVzWC1Gcm9udGVuZCJ9.igbT3pLpIiahwfTYCSUnLfgWrpW2xHWNEZnnwNqmD4o - 101 null null 227950.928ms
2026-04-08 12:54:07.351 [INF] Microsoft.AspNetCore.Hosting.Diagnostics | Request finished HTTP/1.1 GET http://localhost:5217/hubs/salarysettings?id=NbgTSdg3kOCafHqSl9OdQQ&access_token=eyJhbGciOiJIUzI1NiIsInR5cCI6IkpXVCJ9.eyJuYW1laWQiOiIxOCIsInVuaXF1ZV9uYW1lIjoidmFzYW50aGFrdW1hciIsImVtYWlsIjoidmFzYW50aDIwMDR2a0BnbWFpbC5jb20iLCJyb2xlIjoiU3VwZXJBZG1pbiIsIk9yZ2FuaXphdGlvbklkIjoiMiIsIk9yZ2FuaXphdGlvbkxvZ28iOiIvdXBsb2Fkcy9vcmctbG9nb3Mvb3JnLWxvZ28tNTg3M2M0NzVkOTFkNGJiZDkwNDZkZWVjNjY3ZDEzNmMuanBnIiwibmJmIjoxNzc1NjI5OTc0LCJleHAiOjE3NzU3MTYzNzQsImlhdCI6MTc3NTYyOTk3NCwiaXNzIjoiUHJvRGVzWC1CYWNrZW5kIiwiYXVkIjoiUHJvRGVzWC1Gcm9udGVuZCJ9.igbT3pLpIiahwfTYCSUnLfgWrpW2xHWNEZnnwNqmD4o - 101 null null 217981.1387ms
2026-04-08 12:54:07.350 [INF] Microsoft.AspNetCore.Hosting.Diagnostics | Request finished HTTP/1.1 GET http://localhost:5217/hubs/employees?id=JutvWTu_rlFFd2b74HqRIg&access_token=eyJhbGciOiJIUzI1NiIsInR5cCI6IkpXVCJ9.eyJuYW1laWQiOiIxOCIsInVuaXF1ZV9uYW1lIjoidmFzYW50aGFrdW1hciIsImVtYWlsIjoidmFzYW50aDIwMDR2a0BnbWFpbC5jb20iLCJyb2xlIjoiU3VwZXJBZG1pbiIsIk9yZ2FuaXphdGlvbklkIjoiMiIsIk9yZ2FuaXphdGlvbkxvZ28iOiIvdXBsb2Fkcy9vcmctbG9nb3Mvb3JnLWxvZ28tNTg3M2M0NzVkOTFkNGJiZDkwNDZkZWVjNjY3ZDEzNmMuanBnIiwibmJmIjoxNzc1NjI5OTc0LCJleHAiOjE3NzU3MTYzNzQsImlhdCI6MTc3NTYyOTk3NCwiaXNzIjoiUHJvRGVzWC1CYWNrZW5kIiwiYXVkIjoiUHJvRGVzWC1Gcm9udGVuZCJ9.igbT3pLpIiahwfTYCSUnLfgWrpW2xHWNEZnnwNqmD4o - 101 null null 227908.1382ms
2026-04-08 12:54:07.351 [INF] Microsoft.AspNetCore.Routing.EndpointMiddleware | Executed endpoint '/hubs/employees'
2026-04-08 12:54:07.351 [INF] Microsoft.AspNetCore.Routing.EndpointMiddleware | Executed endpoint '/hubs/salaryyears'
2026-04-08 12:54:07.350 [INF] Microsoft.AspNetCore.Hosting.Diagnostics | Request finished HTTP/1.1 GET http://localhost:5217/hubs/salaryyears?id=54OgLj_OK1jJXg7lcqHbSQ&access_token=eyJhbGciOiJIUzI1NiIsInR5cCI6IkpXVCJ9.eyJuYW1laWQiOiIxOCIsInVuaXF1ZV9uYW1lIjoidmFzYW50aGFrdW1hciIsImVtYWlsIjoidmFzYW50aDIwMDR2a0BnbWFpbC5jb20iLCJyb2xlIjoiU3VwZXJBZG1pbiIsIk9yZ2FuaXphdGlvbklkIjoiMiIsIk9yZ2FuaXphdGlvbkxvZ28iOiIvdXBsb2Fkcy9vcmctbG9nb3Mvb3JnLWxvZ28tNTg3M2M0NzVkOTFkNGJiZDkwNDZkZWVjNjY3ZDEzNmMuanBnIiwibmJmIjoxNzc1NjI5OTc0LCJleHAiOjE3NzU3MTYzNzQsImlhdCI6MTc3NTYyOTk3NCwiaXNzIjoiUHJvRGVzWC1CYWNrZW5kIiwiYXVkIjoiUHJvRGVzWC1Gcm9udGVuZCJ9.igbT3pLpIiahwfTYCSUnLfgWrpW2xHWNEZnnwNqmD4o - 101 null null 227889.9882ms
2026-04-08 12:54:07.351 [INF] Serilog.AspNetCore.RequestLoggingMiddleware | HTTP GET /hubs/employees → 101 (227922.9ms)
2026-04-08 12:54:07.351 [INF] Serilog.AspNetCore.RequestLoggingMiddleware | HTTP GET /hubs/salaryyears → 101 (227937.3ms)
2026-04-08 12:54:07.351 [INF] Microsoft.AspNetCore.Hosting.Diagnostics | Request finished HTTP/1.1 GET http://localhost:5217/hubs/employees?id=mxfNR1nE5ohBTebpiFDu_Q&access_token=eyJhbGciOiJIUzI1NiIsInR5cCI6IkpXVCJ9.eyJuYW1laWQiOiIxOCIsInVuaXF1ZV9uYW1lIjoidmFzYW50aGFrdW1hciIsImVtYWlsIjoidmFzYW50aDIwMDR2a0BnbWFpbC5jb20iLCJyb2xlIjoiU3VwZXJBZG1pbiIsIk9yZ2FuaXphdGlvbklkIjoiMiIsIk9yZ2FuaXphdGlvbkxvZ28iOiIvdXBsb2Fkcy9vcmctbG9nb3Mvb3JnLWxvZ28tNTg3M2M0NzVkOTFkNGJiZDkwNDZkZWVjNjY3ZDEzNmMuanBnIiwibmJmIjoxNzc1NjI5OTc0LCJleHAiOjE3NzU3MTYzNzQsImlhdCI6MTc3NTYyOTk3NCwiaXNzIjoiUHJvRGVzWC1CYWNrZW5kIiwiYXVkIjoiUHJvRGVzWC1Gcm9udGVuZCJ9.igbT3pLpIiahwfTYCSUnLfgWrpW2xHWNEZnnwNqmD4o - 101 null null 227923.7022ms
2026-04-08 12:54:07.351 [INF] Microsoft.AspNetCore.Hosting.Diagnostics | Request finished HTTP/1.1 GET http://localhost:5217/hubs/salaryyears?id=cmJUnFLpOI_uqegnv8djPw&access_token=eyJhbGciOiJIUzI1NiIsInR5cCI6IkpXVCJ9.eyJuYW1laWQiOiIxOCIsInVuaXF1ZV9uYW1lIjoidmFzYW50aGFrdW1hciIsImVtYWlsIjoidmFzYW50aDIwMDR2a0BnbWFpbC5jb20iLCJyb2xlIjoiU3VwZXJBZG1pbiIsIk9yZ2FuaXphdGlvbklkIjoiMiIsIk9yZ2FuaXphdGlvbkxvZ28iOiIvdXBsb2Fkcy9vcmctbG9nb3Mvb3JnLWxvZ28tNTg3M2M0NzVkOTFkNGJiZDkwNDZkZWVjNjY3ZDEzNmMuanBnIiwibmJmIjoxNzc1NjI5OTc0LCJleHAiOjE3NzU3MTYzNzQsImlhdCI6MTc3NTYyOTk3NCwiaXNzIjoiUHJvRGVzWC1CYWNrZW5kIiwiYXVkIjoiUHJvRGVzWC1Gcm9udGVuZCJ9.igbT3pLpIiahwfTYCSUnLfgWrpW2xHWNEZnnwNqmD4o - 101 null null 227937.6582ms
2026-04-08 12:54:07.369 [INF] Microsoft.AspNetCore.Hosting.Diagnostics | Request starting HTTP/1.1 OPTIONS http://localhost:5217/hubs/salaryyears/negotiate?negotiateVersion=1 - null null
2026-04-08 12:54:07.369 [INF] Microsoft.AspNetCore.Cors.Infrastructure.CorsService | CORS policy execution successful.
2026-04-08 12:54:07.369 [INF] Microsoft.AspNetCore.Hosting.Diagnostics | Request finished HTTP/1.1 OPTIONS http://localhost:5217/hubs/salaryyears/negotiate?negotiateVersion=1 - 204 null null 0.1671ms
2026-04-08 12:54:07.370 [INF] Microsoft.AspNetCore.Hosting.Diagnostics | Request starting HTTP/1.1 POST http://localhost:5217/hubs/salaryyears/negotiate?negotiateVersion=1 - text/plain;charset=UTF-8 0
2026-04-08 12:54:07.370 [INF] Microsoft.AspNetCore.Cors.Infrastructure.CorsService | CORS policy execution successful.
2026-04-08 12:54:07.370 [INF] Microsoft.AspNetCore.Routing.EndpointMiddleware | Executing endpoint '/hubs/salaryyears/negotiate'
2026-04-08 12:54:07.370 [INF] Microsoft.AspNetCore.Routing.EndpointMiddleware | Executed endpoint '/hubs/salaryyears/negotiate'
2026-04-08 12:54:07.370 [INF] Serilog.AspNetCore.RequestLoggingMiddleware | HTTP POST /hubs/salaryyears/negotiate → 200 (0.1ms)
2026-04-08 12:54:07.370 [INF] Microsoft.AspNetCore.Hosting.Diagnostics | Request finished HTTP/1.1 POST http://localhost:5217/hubs/salaryyears/negotiate?negotiateVersion=1 - 200 316 application/json 0.3997ms
2026-04-08 12:54:07.375 [INF] Microsoft.AspNetCore.Hosting.Diagnostics | Request starting HTTP/1.1 OPTIONS http://localhost:5217/hubs/employees/negotiate?negotiateVersion=1 - null null
2026-04-08 12:54:07.375 [INF] Microsoft.AspNetCore.Cors.Infrastructure.CorsService | CORS policy execution successful.
2026-04-08 12:54:07.375 [INF] Microsoft.AspNetCore.Hosting.Diagnostics | Request finished HTTP/1.1 OPTIONS http://localhost:5217/hubs/employees/negotiate?negotiateVersion=1 - 204 null null 0.13ms
2026-04-08 12:54:07.376 [INF] Microsoft.AspNetCore.Hosting.Diagnostics | Request starting HTTP/1.1 POST http://localhost:5217/hubs/employees/negotiate?negotiateVersion=1 - text/plain;charset=UTF-8 0
2026-04-08 12:54:07.376 [INF] Microsoft.AspNetCore.Cors.Infrastructure.CorsService | CORS policy execution successful.
2026-04-08 12:54:07.376 [INF] Microsoft.AspNetCore.Routing.EndpointMiddleware | Executing endpoint '/hubs/employees/negotiate'
2026-04-08 12:54:07.377 [INF] Microsoft.AspNetCore.Routing.EndpointMiddleware | Executed endpoint '/hubs/employees/negotiate'
2026-04-08 12:54:07.377 [INF] Serilog.AspNetCore.RequestLoggingMiddleware | HTTP POST /hubs/employees/negotiate → 200 (0.1ms)
2026-04-08 12:54:07.377 [INF] Microsoft.AspNetCore.Hosting.Diagnostics | Request finished HTTP/1.1 POST http://localhost:5217/hubs/employees/negotiate?negotiateVersion=1 - 200 316 application/json 0.4164ms
2026-04-08 12:54:07.379 [INF] Microsoft.AspNetCore.Hosting.Diagnostics | Request starting HTTP/1.1 OPTIONS http://localhost:5217/hubs/salarysettings/negotiate?negotiateVersion=1 - null null
2026-04-08 12:54:07.379 [INF] Microsoft.AspNetCore.Cors.Infrastructure.CorsService | CORS policy execution successful.
2026-04-08 12:54:07.379 [INF] Microsoft.AspNetCore.Hosting.Diagnostics | Request finished HTTP/1.1 OPTIONS http://localhost:5217/hubs/salarysettings/negotiate?negotiateVersion=1 - 204 null null 0.1485ms
2026-04-08 12:54:07.380 [INF] Microsoft.AspNetCore.Hosting.Diagnostics | Request starting HTTP/1.1 POST http://localhost:5217/hubs/salarysettings/negotiate?negotiateVersion=1 - text/plain;charset=UTF-8 0
2026-04-08 12:54:07.380 [INF] Microsoft.AspNetCore.Cors.Infrastructure.CorsService | CORS policy execution successful.
2026-04-08 12:54:07.380 [INF] Microsoft.AspNetCore.Routing.EndpointMiddleware | Executing endpoint '/hubs/salarysettings/negotiate'
2026-04-08 12:54:07.380 [INF] Microsoft.AspNetCore.Routing.EndpointMiddleware | Executed endpoint '/hubs/salarysettings/negotiate'
2026-04-08 12:54:07.380 [INF] Serilog.AspNetCore.RequestLoggingMiddleware | HTTP POST /hubs/salarysettings/negotiate → 200 (0.1ms)
2026-04-08 12:54:07.381 [INF] Microsoft.AspNetCore.Hosting.Diagnostics | Request finished HTTP/1.1 POST http://localhost:5217/hubs/salarysettings/negotiate?negotiateVersion=1 - 200 316 application/json 0.6077ms
2026-04-08 12:54:07.383 [INF] Microsoft.AspNetCore.Hosting.Diagnostics | Request starting HTTP/1.1 POST http://localhost:5217/hubs/salarysettings/negotiate?negotiateVersion=1 - text/plain;charset=UTF-8 0
2026-04-08 12:54:07.383 [INF] Microsoft.AspNetCore.Cors.Infrastructure.CorsService | CORS policy execution successful.
2026-04-08 12:54:07.383 [INF] Microsoft.AspNetCore.Routing.EndpointMiddleware | Executing endpoint '/hubs/salarysettings/negotiate'
2026-04-08 12:54:07.383 [INF] Microsoft.AspNetCore.Routing.EndpointMiddleware | Executed endpoint '/hubs/salarysettings/negotiate'
2026-04-08 12:54:07.383 [INF] Serilog.AspNetCore.RequestLoggingMiddleware | HTTP POST /hubs/salarysettings/negotiate → 200 (0.1ms)
2026-04-08 12:54:07.383 [INF] Microsoft.AspNetCore.Hosting.Diagnostics | Request finished HTTP/1.1 POST http://localhost:5217/hubs/salarysettings/negotiate?negotiateVersion=1 - 200 316 application/json 0.3673ms
2026-04-08 12:54:07.386 [INF] Microsoft.AspNetCore.Hosting.Diagnostics | Request starting HTTP/1.1 POST http://localhost:5217/hubs/salaryyears/negotiate?negotiateVersion=1 - text/plain;charset=UTF-8 0
2026-04-08 12:54:07.386 [INF] Microsoft.AspNetCore.Cors.Infrastructure.CorsService | CORS policy execution successful.
2026-04-08 12:54:07.386 [INF] Microsoft.AspNetCore.Routing.EndpointMiddleware | Executing endpoint '/hubs/salaryyears/negotiate'
2026-04-08 12:54:07.387 [INF] Microsoft.AspNetCore.Routing.EndpointMiddleware | Executed endpoint '/hubs/salaryyears/negotiate'
2026-04-08 12:54:07.387 [INF] Serilog.AspNetCore.RequestLoggingMiddleware | HTTP POST /hubs/salaryyears/negotiate → 200 (0.1ms)
2026-04-08 12:54:07.387 [INF] Microsoft.AspNetCore.Hosting.Diagnostics | Request finished HTTP/1.1 POST http://localhost:5217/hubs/salaryyears/negotiate?negotiateVersion=1 - 200 316 application/json 0.3621ms
2026-04-08 12:54:07.390 [INF] Microsoft.AspNetCore.Hosting.Diagnostics | Request starting HTTP/1.1 POST http://localhost:5217/hubs/employees/negotiate?negotiateVersion=1 - text/plain;charset=UTF-8 0
2026-04-08 12:54:07.390 [INF] Microsoft.AspNetCore.Cors.Infrastructure.CorsService | CORS policy execution successful.
2026-04-08 12:54:07.390 [INF] Microsoft.AspNetCore.Routing.EndpointMiddleware | Executing endpoint '/hubs/employees/negotiate'
2026-04-08 12:54:07.390 [INF] Microsoft.AspNetCore.Routing.EndpointMiddleware | Executed endpoint '/hubs/employees/negotiate'
2026-04-08 12:54:07.390 [INF] Serilog.AspNetCore.RequestLoggingMiddleware | HTTP POST /hubs/employees/negotiate → 200 (0.2ms)
2026-04-08 12:54:07.390 [INF] Microsoft.AspNetCore.Hosting.Diagnostics | Request finished HTTP/1.1 POST http://localhost:5217/hubs/employees/negotiate?negotiateVersion=1 - 200 316 application/json 0.5717ms
2026-04-08 12:54:07.403 [INF] Microsoft.AspNetCore.Hosting.Diagnostics | Request starting HTTP/1.1 GET http://localhost:5217/hubs/salaryyears?id=Km_bB2TeM7YxirTQQ-Cn5w&access_token=eyJhbGciOiJIUzI1NiIsInR5cCI6IkpXVCJ9.eyJuYW1laWQiOiIxOCIsInVuaXF1ZV9uYW1lIjoidmFzYW50aGFrdW1hciIsImVtYWlsIjoidmFzYW50aDIwMDR2a0BnbWFpbC5jb20iLCJyb2xlIjoiU3VwZXJBZG1pbiIsIk9yZ2FuaXphdGlvbklkIjoiMiIsIk9yZ2FuaXphdGlvbkxvZ28iOiIvdXBsb2Fkcy9vcmctbG9nb3Mvb3JnLWxvZ28tNTg3M2M0NzVkOTFkNGJiZDkwNDZkZWVjNjY3ZDEzNmMuanBnIiwibmJmIjoxNzc1NjI5OTc0LCJleHAiOjE3NzU3MTYzNzQsImlhdCI6MTc3NTYyOTk3NCwiaXNzIjoiUHJvRGVzWC1CYWNrZW5kIiwiYXVkIjoiUHJvRGVzWC1Gcm9udGVuZCJ9.igbT3pLpIiahwfTYCSUnLfgWrpW2xHWNEZnnwNqmD4o - null null
2026-04-08 12:54:07.403 [INF] Microsoft.AspNetCore.Cors.Infrastructure.CorsService | CORS policy execution successful.
2026-04-08 12:54:07.403 [INF] Microsoft.AspNetCore.Routing.EndpointMiddleware | Executing endpoint '/hubs/salaryyears'
2026-04-08 12:54:07.418 [INF] Microsoft.AspNetCore.Hosting.Diagnostics | Request starting HTTP/1.1 GET http://localhost:5217/hubs/employees?id=naXy_pg2jKVnFEI25Bq0dg&access_token=eyJhbGciOiJIUzI1NiIsInR5cCI6IkpXVCJ9.eyJuYW1laWQiOiIxOCIsInVuaXF1ZV9uYW1lIjoidmFzYW50aGFrdW1hciIsImVtYWlsIjoidmFzYW50aDIwMDR2a0BnbWFpbC5jb20iLCJyb2xlIjoiU3VwZXJBZG1pbiIsIk9yZ2FuaXphdGlvbklkIjoiMiIsIk9yZ2FuaXphdGlvbkxvZ28iOiIvdXBsb2Fkcy9vcmctbG9nb3Mvb3JnLWxvZ28tNTg3M2M0NzVkOTFkNGJiZDkwNDZkZWVjNjY3ZDEzNmMuanBnIiwibmJmIjoxNzc1NjI5OTc0LCJleHAiOjE3NzU3MTYzNzQsImlhdCI6MTc3NTYyOTk3NCwiaXNzIjoiUHJvRGVzWC1CYWNrZW5kIiwiYXVkIjoiUHJvRGVzWC1Gcm9udGVuZCJ9.igbT3pLpIiahwfTYCSUnLfgWrpW2xHWNEZnnwNqmD4o - null null
2026-04-08 12:54:07.418 [INF] Microsoft.AspNetCore.Cors.Infrastructure.CorsService | CORS policy execution successful.
2026-04-08 12:54:07.418 [INF] Microsoft.AspNetCore.Routing.EndpointMiddleware | Executing endpoint '/hubs/employees'
2026-04-08 12:54:07.435 [INF] Microsoft.AspNetCore.Hosting.Diagnostics | Request starting HTTP/1.1 GET http://localhost:5217/hubs/salarysettings?id=YDT4VuQp4rYZqq-woCfjbA&access_token=eyJhbGciOiJIUzI1NiIsInR5cCI6IkpXVCJ9.eyJuYW1laWQiOiIxOCIsInVuaXF1ZV9uYW1lIjoidmFzYW50aGFrdW1hciIsImVtYWlsIjoidmFzYW50aDIwMDR2a0BnbWFpbC5jb20iLCJyb2xlIjoiU3VwZXJBZG1pbiIsIk9yZ2FuaXphdGlvbklkIjoiMiIsIk9yZ2FuaXphdGlvbkxvZ28iOiIvdXBsb2Fkcy9vcmctbG9nb3Mvb3JnLWxvZ28tNTg3M2M0NzVkOTFkNGJiZDkwNDZkZWVjNjY3ZDEzNmMuanBnIiwibmJmIjoxNzc1NjI5OTc0LCJleHAiOjE3NzU3MTYzNzQsImlhdCI6MTc3NTYyOTk3NCwiaXNzIjoiUHJvRGVzWC1CYWNrZW5kIiwiYXVkIjoiUHJvRGVzWC1Gcm9udGVuZCJ9.igbT3pLpIiahwfTYCSUnLfgWrpW2xHWNEZnnwNqmD4o - null null
2026-04-08 12:54:07.435 [INF] Microsoft.AspNetCore.Cors.Infrastructure.CorsService | CORS policy execution successful.
2026-04-08 12:54:07.435 [INF] Microsoft.AspNetCore.Routing.EndpointMiddleware | Executing endpoint '/hubs/salarysettings'
2026-04-08 12:54:07.460 [INF] Microsoft.AspNetCore.Hosting.Diagnostics | Request starting HTTP/1.1 GET http://localhost:5217/hubs/salarysettings?id=yhOl3NI5p_oFOK-aWtORag&access_token=eyJhbGciOiJIUzI1NiIsInR5cCI6IkpXVCJ9.eyJuYW1laWQiOiIxOCIsInVuaXF1ZV9uYW1lIjoidmFzYW50aGFrdW1hciIsImVtYWlsIjoidmFzYW50aDIwMDR2a0BnbWFpbC5jb20iLCJyb2xlIjoiU3VwZXJBZG1pbiIsIk9yZ2FuaXphdGlvbklkIjoiMiIsIk9yZ2FuaXphdGlvbkxvZ28iOiIvdXBsb2Fkcy9vcmctbG9nb3Mvb3JnLWxvZ28tNTg3M2M0NzVkOTFkNGJiZDkwNDZkZWVjNjY3ZDEzNmMuanBnIiwibmJmIjoxNzc1NjI5OTc0LCJleHAiOjE3NzU3MTYzNzQsImlhdCI6MTc3NTYyOTk3NCwiaXNzIjoiUHJvRGVzWC1CYWNrZW5kIiwiYXVkIjoiUHJvRGVzWC1Gcm9udGVuZCJ9.igbT3pLpIiahwfTYCSUnLfgWrpW2xHWNEZnnwNqmD4o - null null
2026-04-08 12:54:07.460 [INF] Microsoft.AspNetCore.Cors.Infrastructure.CorsService | CORS policy execution successful.
2026-04-08 12:54:07.460 [INF] Microsoft.AspNetCore.Routing.EndpointMiddleware | Executing endpoint '/hubs/salarysettings'
2026-04-08 12:54:07.476 [INF] Microsoft.AspNetCore.Hosting.Diagnostics | Request starting HTTP/1.1 GET http://localhost:5217/hubs/salaryyears?id=Dhsdg7RVx-vbl7zaJdam_A&access_token=eyJhbGciOiJIUzI1NiIsInR5cCI6IkpXVCJ9.eyJuYW1laWQiOiIxOCIsInVuaXF1ZV9uYW1lIjoidmFzYW50aGFrdW1hciIsImVtYWlsIjoidmFzYW50aDIwMDR2a0BnbWFpbC5jb20iLCJyb2xlIjoiU3VwZXJBZG1pbiIsIk9yZ2FuaXphdGlvbklkIjoiMiIsIk9yZ2FuaXphdGlvbkxvZ28iOiIvdXBsb2Fkcy9vcmctbG9nb3Mvb3JnLWxvZ28tNTg3M2M0NzVkOTFkNGJiZDkwNDZkZWVjNjY3ZDEzNmMuanBnIiwibmJmIjoxNzc1NjI5OTc0LCJleHAiOjE3NzU3MTYzNzQsImlhdCI6MTc3NTYyOTk3NCwiaXNzIjoiUHJvRGVzWC1CYWNrZW5kIiwiYXVkIjoiUHJvRGVzWC1Gcm9udGVuZCJ9.igbT3pLpIiahwfTYCSUnLfgWrpW2xHWNEZnnwNqmD4o - null null
2026-04-08 12:54:07.476 [INF] Microsoft.AspNetCore.Cors.Infrastructure.CorsService | CORS policy execution successful.
2026-04-08 12:54:07.476 [INF] Microsoft.AspNetCore.Routing.EndpointMiddleware | Executing endpoint '/hubs/salaryyears'
2026-04-08 12:54:07.492 [INF] Microsoft.AspNetCore.Hosting.Diagnostics | Request starting HTTP/1.1 GET http://localhost:5217/hubs/employees?id=azpKCEVEPDNehKiD0XZP8g&access_token=eyJhbGciOiJIUzI1NiIsInR5cCI6IkpXVCJ9.eyJuYW1laWQiOiIxOCIsInVuaXF1ZV9uYW1lIjoidmFzYW50aGFrdW1hciIsImVtYWlsIjoidmFzYW50aDIwMDR2a0BnbWFpbC5jb20iLCJyb2xlIjoiU3VwZXJBZG1pbiIsIk9yZ2FuaXphdGlvbklkIjoiMiIsIk9yZ2FuaXphdGlvbkxvZ28iOiIvdXBsb2Fkcy9vcmctbG9nb3Mvb3JnLWxvZ28tNTg3M2M0NzVkOTFkNGJiZDkwNDZkZWVjNjY3ZDEzNmMuanBnIiwibmJmIjoxNzc1NjI5OTc0LCJleHAiOjE3NzU3MTYzNzQsImlhdCI6MTc3NTYyOTk3NCwiaXNzIjoiUHJvRGVzWC1CYWNrZW5kIiwiYXVkIjoiUHJvRGVzWC1Gcm9udGVuZCJ9.igbT3pLpIiahwfTYCSUnLfgWrpW2xHWNEZnnwNqmD4o - null null
2026-04-08 12:54:07.492 [INF] Microsoft.AspNetCore.Cors.Infrastructure.CorsService | CORS policy execution successful.
2026-04-08 12:54:07.493 [INF] Microsoft.AspNetCore.Routing.EndpointMiddleware | Executing endpoint '/hubs/employees'
2026-04-08 12:56:13.356 [INF] Microsoft.AspNetCore.Routing.EndpointMiddleware | Executed endpoint '/hubs/salaryyears'
2026-04-08 12:56:13.356 [INF] Microsoft.AspNetCore.Routing.EndpointMiddleware | Executed endpoint '/hubs/salarysettings'
2026-04-08 12:56:13.356 [INF] Serilog.AspNetCore.RequestLoggingMiddleware | HTTP GET /hubs/salaryyears → 101 (125879.8ms)
2026-04-08 12:56:13.356 [INF] Serilog.AspNetCore.RequestLoggingMiddleware | HTTP GET /hubs/salarysettings → 101 (125921.2ms)
2026-04-08 12:56:13.356 [INF] Microsoft.AspNetCore.Routing.EndpointMiddleware | Executed endpoint '/hubs/employees'
2026-04-08 12:56:13.356 [INF] Microsoft.AspNetCore.Hosting.Diagnostics | Request finished HTTP/1.1 GET http://localhost:5217/hubs/salaryyears?id=Dhsdg7RVx-vbl7zaJdam_A&access_token=eyJhbGciOiJIUzI1NiIsInR5cCI6IkpXVCJ9.eyJuYW1laWQiOiIxOCIsInVuaXF1ZV9uYW1lIjoidmFzYW50aGFrdW1hciIsImVtYWlsIjoidmFzYW50aDIwMDR2a0BnbWFpbC5jb20iLCJyb2xlIjoiU3VwZXJBZG1pbiIsIk9yZ2FuaXphdGlvbklkIjoiMiIsIk9yZ2FuaXphdGlvbkxvZ28iOiIvdXBsb2Fkcy9vcmctbG9nb3Mvb3JnLWxvZ28tNTg3M2M0NzVkOTFkNGJiZDkwNDZkZWVjNjY3ZDEzNmMuanBnIiwibmJmIjoxNzc1NjI5OTc0LCJleHAiOjE3NzU3MTYzNzQsImlhdCI6MTc3NTYyOTk3NCwiaXNzIjoiUHJvRGVzWC1CYWNrZW5kIiwiYXVkIjoiUHJvRGVzWC1Gcm9udGVuZCJ9.igbT3pLpIiahwfTYCSUnLfgWrpW2xHWNEZnnwNqmD4o - 101 null null 125880.1462ms
2026-04-08 12:56:13.356 [INF] Microsoft.AspNetCore.Hosting.Diagnostics | Request finished HTTP/1.1 GET http://localhost:5217/hubs/salarysettings?id=YDT4VuQp4rYZqq-woCfjbA&access_token=eyJhbGciOiJIUzI1NiIsInR5cCI6IkpXVCJ9.eyJuYW1laWQiOiIxOCIsInVuaXF1ZV9uYW1lIjoidmFzYW50aGFrdW1hciIsImVtYWlsIjoidmFzYW50aDIwMDR2a0BnbWFpbC5jb20iLCJyb2xlIjoiU3VwZXJBZG1pbiIsIk9yZ2FuaXphdGlvbklkIjoiMiIsIk9yZ2FuaXphdGlvbkxvZ28iOiIvdXBsb2Fkcy9vcmctbG9nb3Mvb3JnLWxvZ28tNTg3M2M0NzVkOTFkNGJiZDkwNDZkZWVjNjY3ZDEzNmMuanBnIiwibmJmIjoxNzc1NjI5OTc0LCJleHAiOjE3NzU3MTYzNzQsImlhdCI6MTc3NTYyOTk3NCwiaXNzIjoiUHJvRGVzWC1CYWNrZW5kIiwiYXVkIjoiUHJvRGVzWC1Gcm9udGVuZCJ9.igbT3pLpIiahwfTYCSUnLfgWrpW2xHWNEZnnwNqmD4o - 101 null null 125921.6659ms
2026-04-08 12:56:13.356 [INF] Serilog.AspNetCore.RequestLoggingMiddleware | HTTP GET /hubs/employees → 101 (125938.3ms)
2026-04-08 12:56:13.356 [INF] Microsoft.AspNetCore.Routing.EndpointMiddleware | Executed endpoint '/hubs/salaryyears'
2026-04-08 12:56:13.356 [INF] Microsoft.AspNetCore.Hosting.Diagnostics | Request finished HTTP/1.1 GET http://localhost:5217/hubs/employees?id=naXy_pg2jKVnFEI25Bq0dg&access_token=eyJhbGciOiJIUzI1NiIsInR5cCI6IkpXVCJ9.eyJuYW1laWQiOiIxOCIsInVuaXF1ZV9uYW1lIjoidmFzYW50aGFrdW1hciIsImVtYWlsIjoidmFzYW50aDIwMDR2a0BnbWFpbC5jb20iLCJyb2xlIjoiU3VwZXJBZG1pbiIsIk9yZ2FuaXphdGlvbklkIjoiMiIsIk9yZ2FuaXphdGlvbkxvZ28iOiIvdXBsb2Fkcy9vcmctbG9nb3Mvb3JnLWxvZ28tNTg3M2M0NzVkOTFkNGJiZDkwNDZkZWVjNjY3ZDEzNmMuanBnIiwibmJmIjoxNzc1NjI5OTc0LCJleHAiOjE3NzU3MTYzNzQsImlhdCI6MTc3NTYyOTk3NCwiaXNzIjoiUHJvRGVzWC1CYWNrZW5kIiwiYXVkIjoiUHJvRGVzWC1Gcm9udGVuZCJ9.igbT3pLpIiahwfTYCSUnLfgWrpW2xHWNEZnnwNqmD4o - 101 null null 125938.7415ms
2026-04-08 12:56:13.356 [INF] Serilog.AspNetCore.RequestLoggingMiddleware | HTTP GET /hubs/salaryyears → 101 (125953.3ms)
2026-04-08 12:56:13.356 [INF] Microsoft.AspNetCore.Routing.EndpointMiddleware | Executed endpoint '/hubs/employees'
2026-04-08 12:56:13.356 [INF] Microsoft.AspNetCore.Routing.EndpointMiddleware | Executed endpoint '/hubs/salarysettings'
2026-04-08 12:56:13.357 [INF] Microsoft.AspNetCore.Hosting.Diagnostics | Request finished HTTP/1.1 GET http://localhost:5217/hubs/salaryyears?id=Km_bB2TeM7YxirTQQ-Cn5w&access_token=eyJhbGciOiJIUzI1NiIsInR5cCI6IkpXVCJ9.eyJuYW1laWQiOiIxOCIsInVuaXF1ZV9uYW1lIjoidmFzYW50aGFrdW1hciIsImVtYWlsIjoidmFzYW50aDIwMDR2a0BnbWFpbC5jb20iLCJyb2xlIjoiU3VwZXJBZG1pbiIsIk9yZ2FuaXphdGlvbklkIjoiMiIsIk9yZ2FuaXphdGlvbkxvZ28iOiIvdXBsb2Fkcy9vcmctbG9nb3Mvb3JnLWxvZ28tNTg3M2M0NzVkOTFkNGJiZDkwNDZkZWVjNjY3ZDEzNmMuanBnIiwibmJmIjoxNzc1NjI5OTc0LCJleHAiOjE3NzU3MTYzNzQsImlhdCI6MTc3NTYyOTk3NCwiaXNzIjoiUHJvRGVzWC1CYWNrZW5kIiwiYXVkIjoiUHJvRGVzWC1Gcm9udGVuZCJ9.igbT3pLpIiahwfTYCSUnLfgWrpW2xHWNEZnnwNqmD4o - 101 null null 125953.6447ms
2026-04-08 12:56:13.357 [INF] Serilog.AspNetCore.RequestLoggingMiddleware | HTTP GET /hubs/employees → 101 (125864.0ms)
2026-04-08 12:56:13.357 [INF] Serilog.AspNetCore.RequestLoggingMiddleware | HTTP GET /hubs/salarysettings → 101 (125896.5ms)
2026-04-08 12:56:13.357 [INF] Microsoft.AspNetCore.Hosting.Diagnostics | Request finished HTTP/1.1 GET http://localhost:5217/hubs/employees?id=azpKCEVEPDNehKiD0XZP8g&access_token=eyJhbGciOiJIUzI1NiIsInR5cCI6IkpXVCJ9.eyJuYW1laWQiOiIxOCIsInVuaXF1ZV9uYW1lIjoidmFzYW50aGFrdW1hciIsImVtYWlsIjoidmFzYW50aDIwMDR2a0BnbWFpbC5jb20iLCJyb2xlIjoiU3VwZXJBZG1pbiIsIk9yZ2FuaXphdGlvbklkIjoiMiIsIk9yZ2FuaXphdGlvbkxvZ28iOiIvdXBsb2Fkcy9vcmctbG9nb3Mvb3JnLWxvZ28tNTg3M2M0NzVkOTFkNGJiZDkwNDZkZWVjNjY3ZDEzNmMuanBnIiwibmJmIjoxNzc1NjI5OTc0LCJleHAiOjE3NzU3MTYzNzQsImlhdCI6MTc3NTYyOTk3NCwiaXNzIjoiUHJvRGVzWC1CYWNrZW5kIiwiYXVkIjoiUHJvRGVzWC1Gcm9udGVuZCJ9.igbT3pLpIiahwfTYCSUnLfgWrpW2xHWNEZnnwNqmD4o - 101 null null 125864.5892ms
2026-04-08 12:56:13.357 [INF] Microsoft.AspNetCore.Hosting.Diagnostics | Request finished HTTP/1.1 GET http://localhost:5217/hubs/salarysettings?id=yhOl3NI5p_oFOK-aWtORag&access_token=eyJhbGciOiJIUzI1NiIsInR5cCI6IkpXVCJ9.eyJuYW1laWQiOiIxOCIsInVuaXF1ZV9uYW1lIjoidmFzYW50aGFrdW1hciIsImVtYWlsIjoidmFzYW50aDIwMDR2a0BnbWFpbC5jb20iLCJyb2xlIjoiU3VwZXJBZG1pbiIsIk9yZ2FuaXphdGlvbklkIjoiMiIsIk9yZ2FuaXphdGlvbkxvZ28iOiIvdXBsb2Fkcy9vcmctbG9nb3Mvb3JnLWxvZ28tNTg3M2M0NzVkOTFkNGJiZDkwNDZkZWVjNjY3ZDEzNmMuanBnIiwibmJmIjoxNzc1NjI5OTc0LCJleHAiOjE3NzU3MTYzNzQsImlhdCI6MTc3NTYyOTk3NCwiaXNzIjoiUHJvRGVzWC1CYWNrZW5kIiwiYXVkIjoiUHJvRGVzWC1Gcm9udGVuZCJ9.igbT3pLpIiahwfTYCSUnLfgWrpW2xHWNEZnnwNqmD4o - 101 null null 125896.9469ms
2026-04-08 12:56:13.376 [INF] Microsoft.AspNetCore.Hosting.Diagnostics | Request starting HTTP/1.1 OPTIONS http://localhost:5217/hubs/salaryyears/negotiate?negotiateVersion=1 - null null
2026-04-08 12:56:13.376 [INF] Microsoft.AspNetCore.Cors.Infrastructure.CorsService | CORS policy execution successful.
2026-04-08 12:56:13.376 [INF] Microsoft.AspNetCore.Hosting.Diagnostics | Request finished HTTP/1.1 OPTIONS http://localhost:5217/hubs/salaryyears/negotiate?negotiateVersion=1 - 204 null null 0.1877ms
2026-04-08 12:56:13.377 [INF] Microsoft.AspNetCore.Hosting.Diagnostics | Request starting HTTP/1.1 POST http://localhost:5217/hubs/salaryyears/negotiate?negotiateVersion=1 - text/plain;charset=UTF-8 0
2026-04-08 12:56:13.377 [INF] Microsoft.AspNetCore.Cors.Infrastructure.CorsService | CORS policy execution successful.
2026-04-08 12:56:13.377 [INF] Microsoft.AspNetCore.Routing.EndpointMiddleware | Executing endpoint '/hubs/salaryyears/negotiate'
2026-04-08 12:56:13.377 [INF] Microsoft.AspNetCore.Routing.EndpointMiddleware | Executed endpoint '/hubs/salaryyears/negotiate'
2026-04-08 12:56:13.377 [INF] Serilog.AspNetCore.RequestLoggingMiddleware | HTTP POST /hubs/salaryyears/negotiate → 200 (0.2ms)
2026-04-08 12:56:13.377 [INF] Microsoft.AspNetCore.Hosting.Diagnostics | Request finished HTTP/1.1 POST http://localhost:5217/hubs/salaryyears/negotiate?negotiateVersion=1 - 200 316 application/json 0.4072ms
2026-04-08 12:56:13.380 [INF] Microsoft.AspNetCore.Hosting.Diagnostics | Request starting HTTP/1.1 OPTIONS http://localhost:5217/hubs/salarysettings/negotiate?negotiateVersion=1 - null null
2026-04-08 12:56:13.380 [INF] Microsoft.AspNetCore.Cors.Infrastructure.CorsService | CORS policy execution successful.
2026-04-08 12:56:13.380 [INF] Microsoft.AspNetCore.Hosting.Diagnostics | Request finished HTTP/1.1 OPTIONS http://localhost:5217/hubs/salarysettings/negotiate?negotiateVersion=1 - 204 null null 0.1516ms
2026-04-08 12:56:13.381 [INF] Microsoft.AspNetCore.Hosting.Diagnostics | Request starting HTTP/1.1 POST http://localhost:5217/hubs/salarysettings/negotiate?negotiateVersion=1 - text/plain;charset=UTF-8 0
2026-04-08 12:56:13.381 [INF] Microsoft.AspNetCore.Cors.Infrastructure.CorsService | CORS policy execution successful.
2026-04-08 12:56:13.381 [INF] Microsoft.AspNetCore.Routing.EndpointMiddleware | Executing endpoint '/hubs/salarysettings/negotiate'
2026-04-08 12:56:13.381 [INF] Microsoft.AspNetCore.Routing.EndpointMiddleware | Executed endpoint '/hubs/salarysettings/negotiate'
2026-04-08 12:56:13.381 [INF] Serilog.AspNetCore.RequestLoggingMiddleware | HTTP POST /hubs/salarysettings/negotiate → 200 (0.1ms)
2026-04-08 12:56:13.381 [INF] Microsoft.AspNetCore.Hosting.Diagnostics | Request finished HTTP/1.1 POST http://localhost:5217/hubs/salarysettings/negotiate?negotiateVersion=1 - 200 316 application/json 0.3326ms
2026-04-08 12:56:13.383 [INF] Microsoft.AspNetCore.Hosting.Diagnostics | Request starting HTTP/1.1 OPTIONS http://localhost:5217/hubs/employees/negotiate?negotiateVersion=1 - null null
2026-04-08 12:56:13.383 [INF] Microsoft.AspNetCore.Cors.Infrastructure.CorsService | CORS policy execution successful.
2026-04-08 12:56:13.383 [INF] Microsoft.AspNetCore.Hosting.Diagnostics | Request finished HTTP/1.1 OPTIONS http://localhost:5217/hubs/employees/negotiate?negotiateVersion=1 - 204 null null 0.1635ms
2026-04-08 12:56:13.384 [INF] Microsoft.AspNetCore.Hosting.Diagnostics | Request starting HTTP/1.1 POST http://localhost:5217/hubs/employees/negotiate?negotiateVersion=1 - text/plain;charset=UTF-8 0
2026-04-08 12:56:13.384 [INF] Microsoft.AspNetCore.Cors.Infrastructure.CorsService | CORS policy execution successful.
2026-04-08 12:56:13.385 [INF] Microsoft.AspNetCore.Routing.EndpointMiddleware | Executing endpoint '/hubs/employees/negotiate'
2026-04-08 12:56:13.385 [INF] Microsoft.AspNetCore.Routing.EndpointMiddleware | Executed endpoint '/hubs/employees/negotiate'
2026-04-08 12:56:13.385 [INF] Serilog.AspNetCore.RequestLoggingMiddleware | HTTP POST /hubs/employees/negotiate → 200 (0.2ms)
2026-04-08 12:56:13.385 [INF] Microsoft.AspNetCore.Hosting.Diagnostics | Request finished HTTP/1.1 POST http://localhost:5217/hubs/employees/negotiate?negotiateVersion=1 - 200 316 application/json 0.4186ms
2026-04-08 12:56:13.386 [INF] Microsoft.AspNetCore.Hosting.Diagnostics | Request starting HTTP/1.1 POST http://localhost:5217/hubs/salarysettings/negotiate?negotiateVersion=1 - text/plain;charset=UTF-8 0
2026-04-08 12:56:13.387 [INF] Microsoft.AspNetCore.Cors.Infrastructure.CorsService | CORS policy execution successful.
2026-04-08 12:56:13.387 [INF] Microsoft.AspNetCore.Routing.EndpointMiddleware | Executing endpoint '/hubs/salarysettings/negotiate'
2026-04-08 12:56:13.387 [INF] Microsoft.AspNetCore.Routing.EndpointMiddleware | Executed endpoint '/hubs/salarysettings/negotiate'
2026-04-08 12:56:13.387 [INF] Serilog.AspNetCore.RequestLoggingMiddleware | HTTP POST /hubs/salarysettings/negotiate → 200 (0.1ms)
2026-04-08 12:56:13.387 [INF] Microsoft.AspNetCore.Hosting.Diagnostics | Request finished HTTP/1.1 POST http://localhost:5217/hubs/salarysettings/negotiate?negotiateVersion=1 - 200 316 application/json 0.4226ms
2026-04-08 12:56:13.390 [INF] Microsoft.AspNetCore.Hosting.Diagnostics | Request starting HTTP/1.1 POST http://localhost:5217/hubs/employees/negotiate?negotiateVersion=1 - text/plain;charset=UTF-8 0
2026-04-08 12:56:13.390 [INF] Microsoft.AspNetCore.Cors.Infrastructure.CorsService | CORS policy execution successful.
2026-04-08 12:56:13.390 [INF] Microsoft.AspNetCore.Routing.EndpointMiddleware | Executing endpoint '/hubs/employees/negotiate'
2026-04-08 12:56:13.390 [INF] Microsoft.AspNetCore.Routing.EndpointMiddleware | Executed endpoint '/hubs/employees/negotiate'
2026-04-08 12:56:13.390 [INF] Serilog.AspNetCore.RequestLoggingMiddleware | HTTP POST /hubs/employees/negotiate → 200 (0.1ms)
2026-04-08 12:56:13.391 [INF] Microsoft.AspNetCore.Hosting.Diagnostics | Request finished HTTP/1.1 POST http://localhost:5217/hubs/employees/negotiate?negotiateVersion=1 - 200 316 application/json 0.3443ms
2026-04-08 12:56:13.393 [INF] Microsoft.AspNetCore.Hosting.Diagnostics | Request starting HTTP/1.1 POST http://localhost:5217/hubs/salaryyears/negotiate?negotiateVersion=1 - text/plain;charset=UTF-8 0
2026-04-08 12:56:13.393 [INF] Microsoft.AspNetCore.Cors.Infrastructure.CorsService | CORS policy execution successful.
2026-04-08 12:56:13.393 [INF] Microsoft.AspNetCore.Routing.EndpointMiddleware | Executing endpoint '/hubs/salaryyears/negotiate'
2026-04-08 12:56:13.393 [INF] Microsoft.AspNetCore.Routing.EndpointMiddleware | Executed endpoint '/hubs/salaryyears/negotiate'
2026-04-08 12:56:13.393 [INF] Serilog.AspNetCore.RequestLoggingMiddleware | HTTP POST /hubs/salaryyears/negotiate → 200 (0.1ms)
2026-04-08 12:56:13.393 [INF] Microsoft.AspNetCore.Hosting.Diagnostics | Request finished HTTP/1.1 POST http://localhost:5217/hubs/salaryyears/negotiate?negotiateVersion=1 - 200 316 application/json 0.2928ms
2026-04-08 12:56:13.403 [INF] Microsoft.AspNetCore.Hosting.Diagnostics | Request starting HTTP/1.1 GET http://localhost:5217/hubs/salaryyears?id=zoLFg0f_1_kfGJsojkFVyg&access_token=eyJhbGciOiJIUzI1NiIsInR5cCI6IkpXVCJ9.eyJuYW1laWQiOiIxOCIsInVuaXF1ZV9uYW1lIjoidmFzYW50aGFrdW1hciIsImVtYWlsIjoidmFzYW50aDIwMDR2a0BnbWFpbC5jb20iLCJyb2xlIjoiU3VwZXJBZG1pbiIsIk9yZ2FuaXphdGlvbklkIjoiMiIsIk9yZ2FuaXphdGlvbkxvZ28iOiIvdXBsb2Fkcy9vcmctbG9nb3Mvb3JnLWxvZ28tNTg3M2M0NzVkOTFkNGJiZDkwNDZkZWVjNjY3ZDEzNmMuanBnIiwibmJmIjoxNzc1NjI5OTc0LCJleHAiOjE3NzU3MTYzNzQsImlhdCI6MTc3NTYyOTk3NCwiaXNzIjoiUHJvRGVzWC1CYWNrZW5kIiwiYXVkIjoiUHJvRGVzWC1Gcm9udGVuZCJ9.igbT3pLpIiahwfTYCSUnLfgWrpW2xHWNEZnnwNqmD4o - null null
2026-04-08 12:56:13.403 [INF] Microsoft.AspNetCore.Cors.Infrastructure.CorsService | CORS policy execution successful.
2026-04-08 12:56:13.403 [INF] Microsoft.AspNetCore.Routing.EndpointMiddleware | Executing endpoint '/hubs/salaryyears'
2026-04-08 12:56:13.415 [INF] Microsoft.AspNetCore.Hosting.Diagnostics | Request starting HTTP/1.1 GET http://localhost:5217/hubs/salarysettings?id=_CWtxJ0rjgCPke1iZUhoDg&access_token=eyJhbGciOiJIUzI1NiIsInR5cCI6IkpXVCJ9.eyJuYW1laWQiOiIxOCIsInVuaXF1ZV9uYW1lIjoidmFzYW50aGFrdW1hciIsImVtYWlsIjoidmFzYW50aDIwMDR2a0BnbWFpbC5jb20iLCJyb2xlIjoiU3VwZXJBZG1pbiIsIk9yZ2FuaXphdGlvbklkIjoiMiIsIk9yZ2FuaXphdGlvbkxvZ28iOiIvdXBsb2Fkcy9vcmctbG9nb3Mvb3JnLWxvZ28tNTg3M2M0NzVkOTFkNGJiZDkwNDZkZWVjNjY3ZDEzNmMuanBnIiwibmJmIjoxNzc1NjI5OTc0LCJleHAiOjE3NzU3MTYzNzQsImlhdCI6MTc3NTYyOTk3NCwiaXNzIjoiUHJvRGVzWC1CYWNrZW5kIiwiYXVkIjoiUHJvRGVzWC1Gcm9udGVuZCJ9.igbT3pLpIiahwfTYCSUnLfgWrpW2xHWNEZnnwNqmD4o - null null
2026-04-08 12:56:13.416 [INF] Microsoft.AspNetCore.Cors.Infrastructure.CorsService | CORS policy execution successful.
2026-04-08 12:56:13.416 [INF] Microsoft.AspNetCore.Routing.EndpointMiddleware | Executing endpoint '/hubs/salarysettings'
2026-04-08 12:56:13.428 [INF] Microsoft.AspNetCore.Hosting.Diagnostics | Request starting HTTP/1.1 GET http://localhost:5217/hubs/employees?id=E88dAa4yj8eJJS2wNLtt4A&access_token=eyJhbGciOiJIUzI1NiIsInR5cCI6IkpXVCJ9.eyJuYW1laWQiOiIxOCIsInVuaXF1ZV9uYW1lIjoidmFzYW50aGFrdW1hciIsImVtYWlsIjoidmFzYW50aDIwMDR2a0BnbWFpbC5jb20iLCJyb2xlIjoiU3VwZXJBZG1pbiIsIk9yZ2FuaXphdGlvbklkIjoiMiIsIk9yZ2FuaXphdGlvbkxvZ28iOiIvdXBsb2Fkcy9vcmctbG9nb3Mvb3JnLWxvZ28tNTg3M2M0NzVkOTFkNGJiZDkwNDZkZWVjNjY3ZDEzNmMuanBnIiwibmJmIjoxNzc1NjI5OTc0LCJleHAiOjE3NzU3MTYzNzQsImlhdCI6MTc3NTYyOTk3NCwiaXNzIjoiUHJvRGVzWC1CYWNrZW5kIiwiYXVkIjoiUHJvRGVzWC1Gcm9udGVuZCJ9.igbT3pLpIiahwfTYCSUnLfgWrpW2xHWNEZnnwNqmD4o - null null
2026-04-08 12:56:13.428 [INF] Microsoft.AspNetCore.Cors.Infrastructure.CorsService | CORS policy execution successful.
2026-04-08 12:56:13.428 [INF] Microsoft.AspNetCore.Routing.EndpointMiddleware | Executing endpoint '/hubs/employees'
2026-04-08 12:56:13.450 [INF] Microsoft.AspNetCore.Hosting.Diagnostics | Request starting HTTP/1.1 GET http://localhost:5217/hubs/salarysettings?id=obPz5BKEh7altfPFE51g8g&access_token=eyJhbGciOiJIUzI1NiIsInR5cCI6IkpXVCJ9.eyJuYW1laWQiOiIxOCIsInVuaXF1ZV9uYW1lIjoidmFzYW50aGFrdW1hciIsImVtYWlsIjoidmFzYW50aDIwMDR2a0BnbWFpbC5jb20iLCJyb2xlIjoiU3VwZXJBZG1pbiIsIk9yZ2FuaXphdGlvbklkIjoiMiIsIk9yZ2FuaXphdGlvbkxvZ28iOiIvdXBsb2Fkcy9vcmctbG9nb3Mvb3JnLWxvZ28tNTg3M2M0NzVkOTFkNGJiZDkwNDZkZWVjNjY3ZDEzNmMuanBnIiwibmJmIjoxNzc1NjI5OTc0LCJleHAiOjE3NzU3MTYzNzQsImlhdCI6MTc3NTYyOTk3NCwiaXNzIjoiUHJvRGVzWC1CYWNrZW5kIiwiYXVkIjoiUHJvRGVzWC1Gcm9udGVuZCJ9.igbT3pLpIiahwfTYCSUnLfgWrpW2xHWNEZnnwNqmD4o - null null
2026-04-08 12:56:13.450 [INF] Microsoft.AspNetCore.Cors.Infrastructure.CorsService | CORS policy execution successful.
2026-04-08 12:56:13.450 [INF] Microsoft.AspNetCore.Routing.EndpointMiddleware | Executing endpoint '/hubs/salarysettings'
2026-04-08 12:56:13.466 [INF] Microsoft.AspNetCore.Hosting.Diagnostics | Request starting HTTP/1.1 GET http://localhost:5217/hubs/employees?id=Ayux6hhPQguAWXR2kYOufQ&access_token=eyJhbGciOiJIUzI1NiIsInR5cCI6IkpXVCJ9.eyJuYW1laWQiOiIxOCIsInVuaXF1ZV9uYW1lIjoidmFzYW50aGFrdW1hciIsImVtYWlsIjoidmFzYW50aDIwMDR2a0BnbWFpbC5jb20iLCJyb2xlIjoiU3VwZXJBZG1pbiIsIk9yZ2FuaXphdGlvbklkIjoiMiIsIk9yZ2FuaXphdGlvbkxvZ28iOiIvdXBsb2Fkcy9vcmctbG9nb3Mvb3JnLWxvZ28tNTg3M2M0NzVkOTFkNGJiZDkwNDZkZWVjNjY3ZDEzNmMuanBnIiwibmJmIjoxNzc1NjI5OTc0LCJleHAiOjE3NzU3MTYzNzQsImlhdCI6MTc3NTYyOTk3NCwiaXNzIjoiUHJvRGVzWC1CYWNrZW5kIiwiYXVkIjoiUHJvRGVzWC1Gcm9udGVuZCJ9.igbT3pLpIiahwfTYCSUnLfgWrpW2xHWNEZnnwNqmD4o - null null
2026-04-08 12:56:13.466 [INF] Microsoft.AspNetCore.Cors.Infrastructure.CorsService | CORS policy execution successful.
2026-04-08 12:56:13.466 [INF] Microsoft.AspNetCore.Routing.EndpointMiddleware | Executing endpoint '/hubs/employees'
2026-04-08 12:56:13.483 [INF] Microsoft.AspNetCore.Hosting.Diagnostics | Request starting HTTP/1.1 GET http://localhost:5217/hubs/salaryyears?id=xigPO6jNeKpwLJL_5FGh_A&access_token=eyJhbGciOiJIUzI1NiIsInR5cCI6IkpXVCJ9.eyJuYW1laWQiOiIxOCIsInVuaXF1ZV9uYW1lIjoidmFzYW50aGFrdW1hciIsImVtYWlsIjoidmFzYW50aDIwMDR2a0BnbWFpbC5jb20iLCJyb2xlIjoiU3VwZXJBZG1pbiIsIk9yZ2FuaXphdGlvbklkIjoiMiIsIk9yZ2FuaXphdGlvbkxvZ28iOiIvdXBsb2Fkcy9vcmctbG9nb3Mvb3JnLWxvZ28tNTg3M2M0NzVkOTFkNGJiZDkwNDZkZWVjNjY3ZDEzNmMuanBnIiwibmJmIjoxNzc1NjI5OTc0LCJleHAiOjE3NzU3MTYzNzQsImlhdCI6MTc3NTYyOTk3NCwiaXNzIjoiUHJvRGVzWC1CYWNrZW5kIiwiYXVkIjoiUHJvRGVzWC1Gcm9udGVuZCJ9.igbT3pLpIiahwfTYCSUnLfgWrpW2xHWNEZnnwNqmD4o - null null
2026-04-08 12:56:13.483 [INF] Microsoft.AspNetCore.Cors.Infrastructure.CorsService | CORS policy execution successful.
2026-04-08 12:56:13.483 [INF] Microsoft.AspNetCore.Routing.EndpointMiddleware | Executing endpoint '/hubs/salaryyears'
2026-04-08 12:56:30.695 [INF] Microsoft.AspNetCore.Hosting.Diagnostics | Request starting HTTP/1.1 OPTIONS http://localhost:5217/api/employees?organizationId=2 - null null
2026-04-08 12:56:30.695 [INF] Microsoft.AspNetCore.Cors.Infrastructure.CorsService | CORS policy execution successful.
2026-04-08 12:56:30.695 [INF] Microsoft.AspNetCore.Hosting.Diagnostics | Request finished HTTP/1.1 OPTIONS http://localhost:5217/api/employees?organizationId=2 - 204 null null 0.1755ms
2026-04-08 12:56:30.696 [INF] Microsoft.AspNetCore.Hosting.Diagnostics | Request starting HTTP/1.1 GET http://localhost:5217/api/employees?organizationId=2 - application/json null
2026-04-08 12:56:30.696 [INF] Microsoft.AspNetCore.Cors.Infrastructure.CorsService | CORS policy execution successful.
2026-04-08 12:56:30.696 [INF] Microsoft.AspNetCore.Routing.EndpointMiddleware | Executing endpoint 'backend.Controllers.EmployeesController.GetEmployees (backend)'
2026-04-08 12:56:30.696 [INF] Microsoft.AspNetCore.Mvc.Infrastructure.ControllerActionInvoker | Route matched with {action = "GetEmployees", controller = "Employees"}. Executing controller action with signature System.Threading.Tasks.Task`1[Microsoft.AspNetCore.Mvc.IActionResult] GetEmployees(System.Nullable`1[System.Int32]) on controller backend.Controllers.EmployeesController (backend).
2026-04-08 12:56:30.696 [INF] backend.Controllers.EmployeesController | [Employees] GET all | TargetOrgId=2 | UserOrgId=2
2026-04-08 12:56:30.712 [INF] Microsoft.AspNetCore.Mvc.Infrastructure.ObjectResultExecutor | Executing OkObjectResult, writing value of type 'System.Collections.Generic.List`1[[backend.Models.Employee, backend, Version=1.0.0.0, Culture=neutral, PublicKeyToken=null]]'.
2026-04-08 12:56:30.712 [INF] Microsoft.AspNetCore.Mvc.Infrastructure.ControllerActionInvoker | Executed action backend.Controllers.EmployeesController.GetEmployees (backend) in 16.0836ms
2026-04-08 12:56:30.712 [INF] Microsoft.AspNetCore.Routing.EndpointMiddleware | Executed endpoint 'backend.Controllers.EmployeesController.GetEmployees (backend)'
2026-04-08 12:56:30.712 [INF] Serilog.AspNetCore.RequestLoggingMiddleware | HTTP GET /api/employees → 200 (16.2ms)
2026-04-08 12:56:30.712 [INF] Microsoft.AspNetCore.Hosting.Diagnostics | Request finished HTTP/1.1 GET http://localhost:5217/api/employees?organizationId=2 - 200 null application/json; charset=utf-8 16.5092ms
2026-04-08 12:56:30.837 [INF] Microsoft.AspNetCore.Hosting.Diagnostics | Request starting HTTP/1.1 OPTIONS http://localhost:5217/api/SalarySettings/GetSalarySettings?orgId=2&salaryYearId=3 - null null
2026-04-08 12:56:30.837 [INF] Microsoft.AspNetCore.Cors.Infrastructure.CorsService | CORS policy execution successful.
2026-04-08 12:56:30.837 [INF] Microsoft.AspNetCore.Hosting.Diagnostics | Request finished HTTP/1.1 OPTIONS http://localhost:5217/api/SalarySettings/GetSalarySettings?orgId=2&salaryYearId=3 - 204 null null 0.1647ms
2026-04-08 12:56:30.838 [INF] Microsoft.AspNetCore.Hosting.Diagnostics | Request starting HTTP/1.1 GET http://localhost:5217/api/SalarySettings/GetSalarySettings?orgId=2&salaryYearId=3 - application/json null
2026-04-08 12:56:30.839 [INF] Microsoft.AspNetCore.Cors.Infrastructure.CorsService | CORS policy execution successful.
2026-04-08 12:56:30.839 [INF] Microsoft.AspNetCore.Routing.EndpointMiddleware | Executing endpoint 'backend.Controllers.SalarySettingsController.GetSalarySettings (backend)'
2026-04-08 12:56:30.839 [INF] Microsoft.AspNetCore.Mvc.Infrastructure.ControllerActionInvoker | Route matched with {action = "GetSalarySettings", controller = "SalarySettings"}. Executing controller action with signature System.Threading.Tasks.Task`1[Microsoft.AspNetCore.Mvc.IActionResult] GetSalarySettings(System.String, System.String) on controller backend.Controllers.SalarySettingsController (backend).
2026-04-08 12:56:30.852 [INF] Microsoft.AspNetCore.Mvc.Infrastructure.ObjectResultExecutor | Executing OkObjectResult, writing value of type 'System.Collections.Generic.List`1[[backend.Models.SalarySettings, backend, Version=1.0.0.0, Culture=neutral, PublicKeyToken=null]]'.
2026-04-08 12:56:30.852 [INF] Microsoft.AspNetCore.Mvc.Infrastructure.ControllerActionInvoker | Executed action backend.Controllers.SalarySettingsController.GetSalarySettings (backend) in 13.2614ms
2026-04-08 12:56:30.852 [INF] Microsoft.AspNetCore.Routing.EndpointMiddleware | Executed endpoint 'backend.Controllers.SalarySettingsController.GetSalarySettings (backend)'
2026-04-08 12:56:30.852 [INF] Serilog.AspNetCore.RequestLoggingMiddleware | HTTP GET /api/SalarySettings/GetSalarySettings → 200 (13.4ms)
2026-04-08 12:56:30.852 [INF] Microsoft.AspNetCore.Hosting.Diagnostics | Request finished HTTP/1.1 GET http://localhost:5217/api/SalarySettings/GetSalarySettings?orgId=2&salaryYearId=3 - 200 null application/json; charset=utf-8 13.8096ms
2026-04-08 12:59:09.348 [INF] Microsoft.AspNetCore.Routing.EndpointMiddleware | Executed endpoint '/hubs/salarysettings'
2026-04-08 12:59:09.348 [INF] Microsoft.AspNetCore.Routing.EndpointMiddleware | Executed endpoint '/hubs/salaryyears'
2026-04-08 12:59:09.348 [INF] Serilog.AspNetCore.RequestLoggingMiddleware | HTTP GET /hubs/salarysettings → 101 (175897.7ms)
2026-04-08 12:59:09.348 [INF] Microsoft.AspNetCore.Routing.EndpointMiddleware | Executed endpoint '/hubs/employees'
2026-04-08 12:59:09.348 [INF] Serilog.AspNetCore.RequestLoggingMiddleware | HTTP GET /hubs/employees → 101 (175881.7ms)
2026-04-08 12:59:09.348 [INF] Microsoft.AspNetCore.Routing.EndpointMiddleware | Executed endpoint '/hubs/salaryyears'
2026-04-08 12:59:09.348 [INF] Microsoft.AspNetCore.Routing.EndpointMiddleware | Executed endpoint '/hubs/employees'
2026-04-08 12:59:09.348 [INF] Microsoft.AspNetCore.Routing.EndpointMiddleware | Executed endpoint '/hubs/salarysettings'
2026-04-08 12:59:09.348 [INF] Serilog.AspNetCore.RequestLoggingMiddleware | HTTP GET /hubs/salarysettings → 101 (175932.5ms)
2026-04-08 12:59:09.348 [INF] Serilog.AspNetCore.RequestLoggingMiddleware | HTTP GET /hubs/salaryyears → 101 (175865.3ms)
2026-04-08 12:59:09.348 [INF] Microsoft.AspNetCore.Hosting.Diagnostics | Request finished HTTP/1.1 GET http://localhost:5217/hubs/salarysettings?id=_CWtxJ0rjgCPke1iZUhoDg&access_token=eyJhbGciOiJIUzI1NiIsInR5cCI6IkpXVCJ9.eyJuYW1laWQiOiIxOCIsInVuaXF1ZV9uYW1lIjoidmFzYW50aGFrdW1hciIsImVtYWlsIjoidmFzYW50aDIwMDR2a0BnbWFpbC5jb20iLCJyb2xlIjoiU3VwZXJBZG1pbiIsIk9yZ2FuaXphdGlvbklkIjoiMiIsIk9yZ2FuaXphdGlvbkxvZ28iOiIvdXBsb2Fkcy9vcmctbG9nb3Mvb3JnLWxvZ28tNTg3M2M0NzVkOTFkNGJiZDkwNDZkZWVjNjY3ZDEzNmMuanBnIiwibmJmIjoxNzc1NjI5OTc0LCJleHAiOjE3NzU3MTYzNzQsImlhdCI6MTc3NTYyOTk3NCwiaXNzIjoiUHJvRGVzWC1CYWNrZW5kIiwiYXVkIjoiUHJvRGVzWC1Gcm9udGVuZCJ9.igbT3pLpIiahwfTYCSUnLfgWrpW2xHWNEZnnwNqmD4o - 101 null null 175932.8369ms
2026-04-08 12:59:09.348 [INF] Microsoft.AspNetCore.Hosting.Diagnostics | Request finished HTTP/1.1 GET http://localhost:5217/hubs/employees?id=Ayux6hhPQguAWXR2kYOufQ&access_token=eyJhbGciOiJIUzI1NiIsInR5cCI6IkpXVCJ9.eyJuYW1laWQiOiIxOCIsInVuaXF1ZV9uYW1lIjoidmFzYW50aGFrdW1hciIsImVtYWlsIjoidmFzYW50aDIwMDR2a0BnbWFpbC5jb20iLCJyb2xlIjoiU3VwZXJBZG1pbiIsIk9yZ2FuaXphdGlvbklkIjoiMiIsIk9yZ2FuaXphdGlvbkxvZ28iOiIvdXBsb2Fkcy9vcmctbG9nb3Mvb3JnLWxvZ28tNTg3M2M0NzVkOTFkNGJiZDkwNDZkZWVjNjY3ZDEzNmMuanBnIiwibmJmIjoxNzc1NjI5OTc0LCJleHAiOjE3NzU3MTYzNzQsImlhdCI6MTc3NTYyOTk3NCwiaXNzIjoiUHJvRGVzWC1CYWNrZW5kIiwiYXVkIjoiUHJvRGVzWC1Gcm9udGVuZCJ9.igbT3pLpIiahwfTYCSUnLfgWrpW2xHWNEZnnwNqmD4o - 101 null null 175882.0248ms
2026-04-08 12:59:09.348 [INF] Serilog.AspNetCore.RequestLoggingMiddleware | HTTP GET /hubs/salaryyears → 101 (175945.1ms)
2026-04-08 12:59:09.348 [INF] Serilog.AspNetCore.RequestLoggingMiddleware | HTTP GET /hubs/employees → 101 (175920.0ms)
2026-04-08 12:59:09.348 [INF] Microsoft.AspNetCore.Hosting.Diagnostics | Request finished HTTP/1.1 GET http://localhost:5217/hubs/salarysettings?id=obPz5BKEh7altfPFE51g8g&access_token=eyJhbGciOiJIUzI1NiIsInR5cCI6IkpXVCJ9.eyJuYW1laWQiOiIxOCIsInVuaXF1ZV9uYW1lIjoidmFzYW50aGFrdW1hciIsImVtYWlsIjoidmFzYW50aDIwMDR2a0BnbWFpbC5jb20iLCJyb2xlIjoiU3VwZXJBZG1pbiIsIk9yZ2FuaXphdGlvbklkIjoiMiIsIk9yZ2FuaXphdGlvbkxvZ28iOiIvdXBsb2Fkcy9vcmctbG9nb3Mvb3JnLWxvZ28tNTg3M2M0NzVkOTFkNGJiZDkwNDZkZWVjNjY3ZDEzNmMuanBnIiwibmJmIjoxNzc1NjI5OTc0LCJleHAiOjE3NzU3MTYzNzQsImlhdCI6MTc3NTYyOTk3NCwiaXNzIjoiUHJvRGVzWC1CYWNrZW5kIiwiYXVkIjoiUHJvRGVzWC1Gcm9udGVuZCJ9.igbT3pLpIiahwfTYCSUnLfgWrpW2xHWNEZnnwNqmD4o - 101 null null 175898.0257ms
2026-04-08 12:59:09.348 [INF] Microsoft.AspNetCore.Hosting.Diagnostics | Request finished HTTP/1.1 GET http://localhost:5217/hubs/salaryyears?id=xigPO6jNeKpwLJL_5FGh_A&access_token=eyJhbGciOiJIUzI1NiIsInR5cCI6IkpXVCJ9.eyJuYW1laWQiOiIxOCIsInVuaXF1ZV9uYW1lIjoidmFzYW50aGFrdW1hciIsImVtYWlsIjoidmFzYW50aDIwMDR2a0BnbWFpbC5jb20iLCJyb2xlIjoiU3VwZXJBZG1pbiIsIk9yZ2FuaXphdGlvbklkIjoiMiIsIk9yZ2FuaXphdGlvbkxvZ28iOiIvdXBsb2Fkcy9vcmctbG9nb3Mvb3JnLWxvZ28tNTg3M2M0NzVkOTFkNGJiZDkwNDZkZWVjNjY3ZDEzNmMuanBnIiwibmJmIjoxNzc1NjI5OTc0LCJleHAiOjE3NzU3MTYzNzQsImlhdCI6MTc3NTYyOTk3NCwiaXNzIjoiUHJvRGVzWC1CYWNrZW5kIiwiYXVkIjoiUHJvRGVzWC1Gcm9udGVuZCJ9.igbT3pLpIiahwfTYCSUnLfgWrpW2xHWNEZnnwNqmD4o - 101 null null 175865.789ms
2026-04-08 12:59:09.348 [INF] Microsoft.AspNetCore.Hosting.Diagnostics | Request finished HTTP/1.1 GET http://localhost:5217/hubs/salaryyears?id=zoLFg0f_1_kfGJsojkFVyg&access_token=eyJhbGciOiJIUzI1NiIsInR5cCI6IkpXVCJ9.eyJuYW1laWQiOiIxOCIsInVuaXF1ZV9uYW1lIjoidmFzYW50aGFrdW1hciIsImVtYWlsIjoidmFzYW50aDIwMDR2a0BnbWFpbC5jb20iLCJyb2xlIjoiU3VwZXJBZG1pbiIsIk9yZ2FuaXphdGlvbklkIjoiMiIsIk9yZ2FuaXphdGlvbkxvZ28iOiIvdXBsb2Fkcy9vcmctbG9nb3Mvb3JnLWxvZ28tNTg3M2M0NzVkOTFkNGJiZDkwNDZkZWVjNjY3ZDEzNmMuanBnIiwibmJmIjoxNzc1NjI5OTc0LCJleHAiOjE3NzU3MTYzNzQsImlhdCI6MTc3NTYyOTk3NCwiaXNzIjoiUHJvRGVzWC1CYWNrZW5kIiwiYXVkIjoiUHJvRGVzWC1Gcm9udGVuZCJ9.igbT3pLpIiahwfTYCSUnLfgWrpW2xHWNEZnnwNqmD4o - 101 null null 175945.524ms
2026-04-08 12:59:09.348 [INF] Microsoft.AspNetCore.Hosting.Diagnostics | Request finished HTTP/1.1 GET http://localhost:5217/hubs/employees?id=E88dAa4yj8eJJS2wNLtt4A&access_token=eyJhbGciOiJIUzI1NiIsInR5cCI6IkpXVCJ9.eyJuYW1laWQiOiIxOCIsInVuaXF1ZV9uYW1lIjoidmFzYW50aGFrdW1hciIsImVtYWlsIjoidmFzYW50aDIwMDR2a0BnbWFpbC5jb20iLCJyb2xlIjoiU3VwZXJBZG1pbiIsIk9yZ2FuaXphdGlvbklkIjoiMiIsIk9yZ2FuaXphdGlvbkxvZ28iOiIvdXBsb2Fkcy9vcmctbG9nb3Mvb3JnLWxvZ28tNTg3M2M0NzVkOTFkNGJiZDkwNDZkZWVjNjY3ZDEzNmMuanBnIiwibmJmIjoxNzc1NjI5OTc0LCJleHAiOjE3NzU3MTYzNzQsImlhdCI6MTc3NTYyOTk3NCwiaXNzIjoiUHJvRGVzWC1CYWNrZW5kIiwiYXVkIjoiUHJvRGVzWC1Gcm9udGVuZCJ9.igbT3pLpIiahwfTYCSUnLfgWrpW2xHWNEZnnwNqmD4o - 101 null null 175920.4501ms
2026-04-08 12:59:09.368 [INF] Microsoft.AspNetCore.Hosting.Diagnostics | Request starting HTTP/1.1 OPTIONS http://localhost:5217/hubs/salarysettings/negotiate?negotiateVersion=1 - null null
2026-04-08 12:59:09.368 [INF] Microsoft.AspNetCore.Cors.Infrastructure.CorsService | CORS policy execution successful.
2026-04-08 12:59:09.368 [INF] Microsoft.AspNetCore.Hosting.Diagnostics | Request finished HTTP/1.1 OPTIONS http://localhost:5217/hubs/salarysettings/negotiate?negotiateVersion=1 - 204 null null 0.1751ms
2026-04-08 12:59:09.369 [INF] Microsoft.AspNetCore.Hosting.Diagnostics | Request starting HTTP/1.1 POST http://localhost:5217/hubs/salarysettings/negotiate?negotiateVersion=1 - text/plain;charset=UTF-8 0
2026-04-08 12:59:09.369 [INF] Microsoft.AspNetCore.Cors.Infrastructure.CorsService | CORS policy execution successful.
2026-04-08 12:59:09.369 [INF] Microsoft.AspNetCore.Routing.EndpointMiddleware | Executing endpoint '/hubs/salarysettings/negotiate'
2026-04-08 12:59:09.369 [INF] Microsoft.AspNetCore.Routing.EndpointMiddleware | Executed endpoint '/hubs/salarysettings/negotiate'
2026-04-08 12:59:09.369 [INF] Serilog.AspNetCore.RequestLoggingMiddleware | HTTP POST /hubs/salarysettings/negotiate → 200 (0.1ms)
2026-04-08 12:59:09.369 [INF] Microsoft.AspNetCore.Hosting.Diagnostics | Request finished HTTP/1.1 POST http://localhost:5217/hubs/salarysettings/negotiate?negotiateVersion=1 - 200 316 application/json 0.4682ms
2026-04-08 12:59:09.370 [INF] Microsoft.AspNetCore.Hosting.Diagnostics | Request starting HTTP/1.1 OPTIONS http://localhost:5217/hubs/salaryyears/negotiate?negotiateVersion=1 - null null
2026-04-08 12:59:09.371 [INF] Microsoft.AspNetCore.Cors.Infrastructure.CorsService | CORS policy execution successful.
2026-04-08 12:59:09.371 [INF] Microsoft.AspNetCore.Hosting.Diagnostics | Request finished HTTP/1.1 OPTIONS http://localhost:5217/hubs/salaryyears/negotiate?negotiateVersion=1 - 204 null null 0.0909ms
2026-04-08 12:59:09.371 [INF] Microsoft.AspNetCore.Hosting.Diagnostics | Request starting HTTP/1.1 POST http://localhost:5217/hubs/salaryyears/negotiate?negotiateVersion=1 - text/plain;charset=UTF-8 0
2026-04-08 12:59:09.372 [INF] Microsoft.AspNetCore.Cors.Infrastructure.CorsService | CORS policy execution successful.
2026-04-08 12:59:09.372 [INF] Microsoft.AspNetCore.Routing.EndpointMiddleware | Executing endpoint '/hubs/salaryyears/negotiate'
2026-04-08 12:59:09.372 [INF] Microsoft.AspNetCore.Routing.EndpointMiddleware | Executed endpoint '/hubs/salaryyears/negotiate'
2026-04-08 12:59:09.372 [INF] Serilog.AspNetCore.RequestLoggingMiddleware | HTTP POST /hubs/salaryyears/negotiate → 200 (0.1ms)
2026-04-08 12:59:09.372 [INF] Microsoft.AspNetCore.Hosting.Diagnostics | Request finished HTTP/1.1 POST http://localhost:5217/hubs/salaryyears/negotiate?negotiateVersion=1 - 200 316 application/json 0.2884ms
2026-04-08 12:59:09.373 [INF] Microsoft.AspNetCore.Hosting.Diagnostics | Request starting HTTP/1.1 POST http://localhost:5217/hubs/salarysettings/negotiate?negotiateVersion=1 - text/plain;charset=UTF-8 0
2026-04-08 12:59:09.373 [INF] Microsoft.AspNetCore.Cors.Infrastructure.CorsService | CORS policy execution successful.
2026-04-08 12:59:09.373 [INF] Microsoft.AspNetCore.Routing.EndpointMiddleware | Executing endpoint '/hubs/salarysettings/negotiate'
2026-04-08 12:59:09.374 [INF] Microsoft.AspNetCore.Routing.EndpointMiddleware | Executed endpoint '/hubs/salarysettings/negotiate'
2026-04-08 12:59:09.374 [INF] Serilog.AspNetCore.RequestLoggingMiddleware | HTTP POST /hubs/salarysettings/negotiate → 200 (0.1ms)
2026-04-08 12:59:09.374 [INF] Microsoft.AspNetCore.Hosting.Diagnostics | Request finished HTTP/1.1 POST http://localhost:5217/hubs/salarysettings/negotiate?negotiateVersion=1 - 200 316 application/json 0.4639ms
2026-04-08 12:59:09.377 [INF] Microsoft.AspNetCore.Hosting.Diagnostics | Request starting HTTP/1.1 POST http://localhost:5217/hubs/salaryyears/negotiate?negotiateVersion=1 - text/plain;charset=UTF-8 0
2026-04-08 12:59:09.377 [INF] Microsoft.AspNetCore.Cors.Infrastructure.CorsService | CORS policy execution successful.
2026-04-08 12:59:09.377 [INF] Microsoft.AspNetCore.Routing.EndpointMiddleware | Executing endpoint '/hubs/salaryyears/negotiate'
2026-04-08 12:59:09.377 [INF] Microsoft.AspNetCore.Routing.EndpointMiddleware | Executed endpoint '/hubs/salaryyears/negotiate'
2026-04-08 12:59:09.377 [INF] Serilog.AspNetCore.RequestLoggingMiddleware | HTTP POST /hubs/salaryyears/negotiate → 200 (0.1ms)
2026-04-08 12:59:09.377 [INF] Microsoft.AspNetCore.Hosting.Diagnostics | Request finished HTTP/1.1 POST http://localhost:5217/hubs/salaryyears/negotiate?negotiateVersion=1 - 200 316 application/json 0.4007ms
2026-04-08 12:59:09.380 [INF] Microsoft.AspNetCore.Hosting.Diagnostics | Request starting HTTP/1.1 OPTIONS http://localhost:5217/hubs/employees/negotiate?negotiateVersion=1 - null null
2026-04-08 12:59:09.380 [INF] Microsoft.AspNetCore.Cors.Infrastructure.CorsService | CORS policy execution successful.
2026-04-08 12:59:09.380 [INF] Microsoft.AspNetCore.Hosting.Diagnostics | Request finished HTTP/1.1 OPTIONS http://localhost:5217/hubs/employees/negotiate?negotiateVersion=1 - 204 null null 0.1705ms
2026-04-08 12:59:09.382 [INF] Microsoft.AspNetCore.Hosting.Diagnostics | Request starting HTTP/1.1 POST http://localhost:5217/hubs/employees/negotiate?negotiateVersion=1 - text/plain;charset=UTF-8 0
2026-04-08 12:59:09.382 [INF] Microsoft.AspNetCore.Cors.Infrastructure.CorsService | CORS policy execution successful.
2026-04-08 12:59:09.382 [INF] Microsoft.AspNetCore.Routing.EndpointMiddleware | Executing endpoint '/hubs/employees/negotiate'
2026-04-08 12:59:09.382 [INF] Microsoft.AspNetCore.Routing.EndpointMiddleware | Executed endpoint '/hubs/employees/negotiate'
2026-04-08 12:59:09.382 [INF] Serilog.AspNetCore.RequestLoggingMiddleware | HTTP POST /hubs/employees/negotiate → 200 (0.1ms)
2026-04-08 12:59:09.382 [INF] Microsoft.AspNetCore.Hosting.Diagnostics | Request finished HTTP/1.1 POST http://localhost:5217/hubs/employees/negotiate?negotiateVersion=1 - 200 316 application/json 0.4256ms
2026-04-08 12:59:09.383 [INF] Microsoft.AspNetCore.Hosting.Diagnostics | Request starting HTTP/1.1 POST http://localhost:5217/hubs/employees/negotiate?negotiateVersion=1 - text/plain;charset=UTF-8 0
2026-04-08 12:59:09.383 [INF] Microsoft.AspNetCore.Cors.Infrastructure.CorsService | CORS policy execution successful.
2026-04-08 12:59:09.383 [INF] Microsoft.AspNetCore.Routing.EndpointMiddleware | Executing endpoint '/hubs/employees/negotiate'
2026-04-08 12:59:09.383 [INF] Microsoft.AspNetCore.Routing.EndpointMiddleware | Executed endpoint '/hubs/employees/negotiate'
2026-04-08 12:59:09.384 [INF] Serilog.AspNetCore.RequestLoggingMiddleware | HTTP POST /hubs/employees/negotiate → 200 (0.1ms)
2026-04-08 12:59:09.384 [INF] Microsoft.AspNetCore.Hosting.Diagnostics | Request finished HTTP/1.1 POST http://localhost:5217/hubs/employees/negotiate?negotiateVersion=1 - 200 316 application/json 0.3329ms
2026-04-08 12:59:09.394 [INF] Microsoft.AspNetCore.Hosting.Diagnostics | Request starting HTTP/1.1 GET http://localhost:5217/hubs/salarysettings?id=GR1KHG8Uroejgr3NwCEBsA&access_token=eyJhbGciOiJIUzI1NiIsInR5cCI6IkpXVCJ9.eyJuYW1laWQiOiIxOCIsInVuaXF1ZV9uYW1lIjoidmFzYW50aGFrdW1hciIsImVtYWlsIjoidmFzYW50aDIwMDR2a0BnbWFpbC5jb20iLCJyb2xlIjoiU3VwZXJBZG1pbiIsIk9yZ2FuaXphdGlvbklkIjoiMiIsIk9yZ2FuaXphdGlvbkxvZ28iOiIvdXBsb2Fkcy9vcmctbG9nb3Mvb3JnLWxvZ28tNTg3M2M0NzVkOTFkNGJiZDkwNDZkZWVjNjY3ZDEzNmMuanBnIiwibmJmIjoxNzc1NjI5OTc0LCJleHAiOjE3NzU3MTYzNzQsImlhdCI6MTc3NTYyOTk3NCwiaXNzIjoiUHJvRGVzWC1CYWNrZW5kIiwiYXVkIjoiUHJvRGVzWC1Gcm9udGVuZCJ9.igbT3pLpIiahwfTYCSUnLfgWrpW2xHWNEZnnwNqmD4o - null null
2026-04-08 12:59:09.394 [INF] Microsoft.AspNetCore.Cors.Infrastructure.CorsService | CORS policy execution successful.
2026-04-08 12:59:09.394 [INF] Microsoft.AspNetCore.Routing.EndpointMiddleware | Executing endpoint '/hubs/salarysettings'
2026-04-08 12:59:09.409 [INF] Microsoft.AspNetCore.Hosting.Diagnostics | Request starting HTTP/1.1 GET http://localhost:5217/hubs/salaryyears?id=H5r5tdejC936oEM9bkmJIQ&access_token=eyJhbGciOiJIUzI1NiIsInR5cCI6IkpXVCJ9.eyJuYW1laWQiOiIxOCIsInVuaXF1ZV9uYW1lIjoidmFzYW50aGFrdW1hciIsImVtYWlsIjoidmFzYW50aDIwMDR2a0BnbWFpbC5jb20iLCJyb2xlIjoiU3VwZXJBZG1pbiIsIk9yZ2FuaXphdGlvbklkIjoiMiIsIk9yZ2FuaXphdGlvbkxvZ28iOiIvdXBsb2Fkcy9vcmctbG9nb3Mvb3JnLWxvZ28tNTg3M2M0NzVkOTFkNGJiZDkwNDZkZWVjNjY3ZDEzNmMuanBnIiwibmJmIjoxNzc1NjI5OTc0LCJleHAiOjE3NzU3MTYzNzQsImlhdCI6MTc3NTYyOTk3NCwiaXNzIjoiUHJvRGVzWC1CYWNrZW5kIiwiYXVkIjoiUHJvRGVzWC1Gcm9udGVuZCJ9.igbT3pLpIiahwfTYCSUnLfgWrpW2xHWNEZnnwNqmD4o - null null
2026-04-08 12:59:09.409 [INF] Microsoft.AspNetCore.Cors.Infrastructure.CorsService | CORS policy execution successful.
2026-04-08 12:59:09.410 [INF] Microsoft.AspNetCore.Routing.EndpointMiddleware | Executing endpoint '/hubs/salaryyears'
2026-04-08 12:59:09.422 [INF] Microsoft.AspNetCore.Hosting.Diagnostics | Request starting HTTP/1.1 GET http://localhost:5217/hubs/salarysettings?id=A16ggH7qoctPfS7_6NY2VQ&access_token=eyJhbGciOiJIUzI1NiIsInR5cCI6IkpXVCJ9.eyJuYW1laWQiOiIxOCIsInVuaXF1ZV9uYW1lIjoidmFzYW50aGFrdW1hciIsImVtYWlsIjoidmFzYW50aDIwMDR2a0BnbWFpbC5jb20iLCJyb2xlIjoiU3VwZXJBZG1pbiIsIk9yZ2FuaXphdGlvbklkIjoiMiIsIk9yZ2FuaXphdGlvbkxvZ28iOiIvdXBsb2Fkcy9vcmctbG9nb3Mvb3JnLWxvZ28tNTg3M2M0NzVkOTFkNGJiZDkwNDZkZWVjNjY3ZDEzNmMuanBnIiwibmJmIjoxNzc1NjI5OTc0LCJleHAiOjE3NzU3MTYzNzQsImlhdCI6MTc3NTYyOTk3NCwiaXNzIjoiUHJvRGVzWC1CYWNrZW5kIiwiYXVkIjoiUHJvRGVzWC1Gcm9udGVuZCJ9.igbT3pLpIiahwfTYCSUnLfgWrpW2xHWNEZnnwNqmD4o - null null
2026-04-08 12:59:09.422 [INF] Microsoft.AspNetCore.Cors.Infrastructure.CorsService | CORS policy execution successful.
2026-04-08 12:59:09.422 [INF] Microsoft.AspNetCore.Routing.EndpointMiddleware | Executing endpoint '/hubs/salarysettings'
2026-04-08 12:59:09.438 [INF] Microsoft.AspNetCore.Hosting.Diagnostics | Request starting HTTP/1.1 GET http://localhost:5217/hubs/salaryyears?id=PVct6GpkifmCBqzAinqwMg&access_token=eyJhbGciOiJIUzI1NiIsInR5cCI6IkpXVCJ9.eyJuYW1laWQiOiIxOCIsInVuaXF1ZV9uYW1lIjoidmFzYW50aGFrdW1hciIsImVtYWlsIjoidmFzYW50aDIwMDR2a0BnbWFpbC5jb20iLCJyb2xlIjoiU3VwZXJBZG1pbiIsIk9yZ2FuaXphdGlvbklkIjoiMiIsIk9yZ2FuaXphdGlvbkxvZ28iOiIvdXBsb2Fkcy9vcmctbG9nb3Mvb3JnLWxvZ28tNTg3M2M0NzVkOTFkNGJiZDkwNDZkZWVjNjY3ZDEzNmMuanBnIiwibmJmIjoxNzc1NjI5OTc0LCJleHAiOjE3NzU3MTYzNzQsImlhdCI6MTc3NTYyOTk3NCwiaXNzIjoiUHJvRGVzWC1CYWNrZW5kIiwiYXVkIjoiUHJvRGVzWC1Gcm9udGVuZCJ9.igbT3pLpIiahwfTYCSUnLfgWrpW2xHWNEZnnwNqmD4o - null null
2026-04-08 12:59:09.438 [INF] Microsoft.AspNetCore.Cors.Infrastructure.CorsService | CORS policy execution successful.
2026-04-08 12:59:09.438 [INF] Microsoft.AspNetCore.Routing.EndpointMiddleware | Executing endpoint '/hubs/salaryyears'
2026-04-08 12:59:09.457 [INF] Microsoft.AspNetCore.Hosting.Diagnostics | Request starting HTTP/1.1 GET http://localhost:5217/hubs/employees?id=wGqrmDr8OmTHOX3MF1GHEA&access_token=eyJhbGciOiJIUzI1NiIsInR5cCI6IkpXVCJ9.eyJuYW1laWQiOiIxOCIsInVuaXF1ZV9uYW1lIjoidmFzYW50aGFrdW1hciIsImVtYWlsIjoidmFzYW50aDIwMDR2a0BnbWFpbC5jb20iLCJyb2xlIjoiU3VwZXJBZG1pbiIsIk9yZ2FuaXphdGlvbklkIjoiMiIsIk9yZ2FuaXphdGlvbkxvZ28iOiIvdXBsb2Fkcy9vcmctbG9nb3Mvb3JnLWxvZ28tNTg3M2M0NzVkOTFkNGJiZDkwNDZkZWVjNjY3ZDEzNmMuanBnIiwibmJmIjoxNzc1NjI5OTc0LCJleHAiOjE3NzU3MTYzNzQsImlhdCI6MTc3NTYyOTk3NCwiaXNzIjoiUHJvRGVzWC1CYWNrZW5kIiwiYXVkIjoiUHJvRGVzWC1Gcm9udGVuZCJ9.igbT3pLpIiahwfTYCSUnLfgWrpW2xHWNEZnnwNqmD4o - null null
2026-04-08 12:59:09.457 [INF] Microsoft.AspNetCore.Cors.Infrastructure.CorsService | CORS policy execution successful.
2026-04-08 12:59:09.457 [INF] Microsoft.AspNetCore.Routing.EndpointMiddleware | Executing endpoint '/hubs/employees'
2026-04-08 12:59:09.472 [INF] Microsoft.AspNetCore.Hosting.Diagnostics | Request starting HTTP/1.1 GET http://localhost:5217/hubs/employees?id=hqLEMuUgc8Gum2w4Kru0YA&access_token=eyJhbGciOiJIUzI1NiIsInR5cCI6IkpXVCJ9.eyJuYW1laWQiOiIxOCIsInVuaXF1ZV9uYW1lIjoidmFzYW50aGFrdW1hciIsImVtYWlsIjoidmFzYW50aDIwMDR2a0BnbWFpbC5jb20iLCJyb2xlIjoiU3VwZXJBZG1pbiIsIk9yZ2FuaXphdGlvbklkIjoiMiIsIk9yZ2FuaXphdGlvbkxvZ28iOiIvdXBsb2Fkcy9vcmctbG9nb3Mvb3JnLWxvZ28tNTg3M2M0NzVkOTFkNGJiZDkwNDZkZWVjNjY3ZDEzNmMuanBnIiwibmJmIjoxNzc1NjI5OTc0LCJleHAiOjE3NzU3MTYzNzQsImlhdCI6MTc3NTYyOTk3NCwiaXNzIjoiUHJvRGVzWC1CYWNrZW5kIiwiYXVkIjoiUHJvRGVzWC1Gcm9udGVuZCJ9.igbT3pLpIiahwfTYCSUnLfgWrpW2xHWNEZnnwNqmD4o - null null
2026-04-08 12:59:09.472 [INF] Microsoft.AspNetCore.Cors.Infrastructure.CorsService | CORS policy execution successful.
2026-04-08 12:59:09.472 [INF] Microsoft.AspNetCore.Routing.EndpointMiddleware | Executing endpoint '/hubs/employees'
2026-04-08 13:01:25.435 [INF] Microsoft.AspNetCore.Hosting.Diagnostics | Request starting HTTP/1.1 OPTIONS http://localhost:5217/api/SalaryYear/GetSalaryYearsByOrgId?orgId=2 - null null
2026-04-08 13:01:25.435 [INF] Microsoft.AspNetCore.Cors.Infrastructure.CorsService | CORS policy execution successful.
2026-04-08 13:01:25.435 [INF] Microsoft.AspNetCore.Hosting.Diagnostics | Request finished HTTP/1.1 OPTIONS http://localhost:5217/api/SalaryYear/GetSalaryYearsByOrgId?orgId=2 - 204 null null 0.2098ms
2026-04-08 13:01:25.437 [INF] Microsoft.AspNetCore.Hosting.Diagnostics | Request starting HTTP/1.1 GET http://localhost:5217/api/SalaryYear/GetSalaryYearsByOrgId?orgId=2 - application/json null
2026-04-08 13:01:25.438 [INF] Microsoft.AspNetCore.Cors.Infrastructure.CorsService | CORS policy execution successful.
2026-04-08 13:01:25.438 [INF] Microsoft.AspNetCore.Routing.EndpointMiddleware | Executing endpoint 'backend.Controllers.SalaryYearController.GetSalaryYearsByOrgId (backend)'
2026-04-08 13:01:25.438 [INF] Microsoft.AspNetCore.Mvc.Infrastructure.ControllerActionInvoker | Route matched with {action = "GetSalaryYearsByOrgId", controller = "SalaryYear"}. Executing controller action with signature System.Threading.Tasks.Task`1[Microsoft.AspNetCore.Mvc.IActionResult] GetSalaryYearsByOrgId(System.String) on controller backend.Controllers.SalaryYearController (backend).
2026-04-08 13:01:27.223 [INF] Microsoft.AspNetCore.Mvc.Infrastructure.ObjectResultExecutor | Executing OkObjectResult, writing value of type 'System.Collections.Generic.List`1[[backend.Models.SalaryYear, backend, Version=1.0.0.0, Culture=neutral, PublicKeyToken=null]]'.
2026-04-08 13:01:27.223 [INF] Microsoft.AspNetCore.Mvc.Infrastructure.ControllerActionInvoker | Executed action backend.Controllers.SalaryYearController.GetSalaryYearsByOrgId (backend) in 1785.3233ms
2026-04-08 13:01:27.223 [INF] Microsoft.AspNetCore.Routing.EndpointMiddleware | Executed endpoint 'backend.Controllers.SalaryYearController.GetSalaryYearsByOrgId (backend)'
2026-04-08 13:01:27.223 [INF] Serilog.AspNetCore.RequestLoggingMiddleware | HTTP GET /api/SalaryYear/GetSalaryYearsByOrgId → 200 (1785.5ms)
2026-04-08 13:01:27.224 [INF] Microsoft.AspNetCore.Hosting.Diagnostics | Request finished HTTP/1.1 GET http://localhost:5217/api/SalaryYear/GetSalaryYearsByOrgId?orgId=2 - 200 null application/json; charset=utf-8 1786.0977ms
2026-04-08 13:01:27.239 [INF] Microsoft.AspNetCore.Hosting.Diagnostics | Request starting HTTP/1.1 OPTIONS http://localhost:5217/api/employees?organizationId=2 - null null
2026-04-08 13:01:27.239 [INF] Microsoft.AspNetCore.Cors.Infrastructure.CorsService | CORS policy execution successful.
2026-04-08 13:01:27.239 [INF] Microsoft.AspNetCore.Hosting.Diagnostics | Request finished HTTP/1.1 OPTIONS http://localhost:5217/api/employees?organizationId=2 - 204 null null 0.1519ms
2026-04-08 13:01:27.240 [INF] Microsoft.AspNetCore.Hosting.Diagnostics | Request starting HTTP/1.1 GET http://localhost:5217/api/employees?organizationId=2 - application/json null
2026-04-08 13:01:27.241 [INF] Microsoft.AspNetCore.Cors.Infrastructure.CorsService | CORS policy execution successful.
2026-04-08 13:01:27.241 [INF] Microsoft.AspNetCore.Routing.EndpointMiddleware | Executing endpoint 'backend.Controllers.EmployeesController.GetEmployees (backend)'
2026-04-08 13:01:27.241 [INF] Microsoft.AspNetCore.Mvc.Infrastructure.ControllerActionInvoker | Route matched with {action = "GetEmployees", controller = "Employees"}. Executing controller action with signature System.Threading.Tasks.Task`1[Microsoft.AspNetCore.Mvc.IActionResult] GetEmployees(System.Nullable`1[System.Int32]) on controller backend.Controllers.EmployeesController (backend).
2026-04-08 13:01:27.241 [INF] backend.Controllers.EmployeesController | [Employees] GET all | TargetOrgId=2 | UserOrgId=2
2026-04-08 13:01:27.270 [INF] Microsoft.AspNetCore.Mvc.Infrastructure.ObjectResultExecutor | Executing OkObjectResult, writing value of type 'System.Collections.Generic.List`1[[backend.Models.Employee, backend, Version=1.0.0.0, Culture=neutral, PublicKeyToken=null]]'.
2026-04-08 13:01:27.271 [INF] Microsoft.AspNetCore.Mvc.Infrastructure.ControllerActionInvoker | Executed action backend.Controllers.EmployeesController.GetEmployees (backend) in 30.5587ms
2026-04-08 13:01:27.271 [INF] Microsoft.AspNetCore.Routing.EndpointMiddleware | Executed endpoint 'backend.Controllers.EmployeesController.GetEmployees (backend)'
2026-04-08 13:01:27.271 [INF] Serilog.AspNetCore.RequestLoggingMiddleware | HTTP GET /api/employees → 200 (30.7ms)
2026-04-08 13:01:27.271 [INF] Microsoft.AspNetCore.Hosting.Diagnostics | Request finished HTTP/1.1 GET http://localhost:5217/api/employees?organizationId=2 - 200 null application/json; charset=utf-8 30.9554ms
2026-04-08 13:01:27.384 [INF] Microsoft.AspNetCore.Hosting.Diagnostics | Request starting HTTP/1.1 OPTIONS http://localhost:5217/api/SalarySettings/GetSalarySettings?orgId=2&salaryYearId=3 - null null
2026-04-08 13:01:27.384 [INF] Microsoft.AspNetCore.Cors.Infrastructure.CorsService | CORS policy execution successful.
2026-04-08 13:01:27.384 [INF] Microsoft.AspNetCore.Hosting.Diagnostics | Request finished HTTP/1.1 OPTIONS http://localhost:5217/api/SalarySettings/GetSalarySettings?orgId=2&salaryYearId=3 - 204 null null 0.1887ms
2026-04-08 13:01:27.386 [INF] Microsoft.AspNetCore.Hosting.Diagnostics | Request starting HTTP/1.1 GET http://localhost:5217/api/SalarySettings/GetSalarySettings?orgId=2&salaryYearId=3 - application/json null
2026-04-08 13:01:27.386 [INF] Microsoft.AspNetCore.Cors.Infrastructure.CorsService | CORS policy execution successful.
2026-04-08 13:01:27.386 [INF] Microsoft.AspNetCore.Routing.EndpointMiddleware | Executing endpoint 'backend.Controllers.SalarySettingsController.GetSalarySettings (backend)'
2026-04-08 13:01:27.386 [INF] Microsoft.AspNetCore.Mvc.Infrastructure.ControllerActionInvoker | Route matched with {action = "GetSalarySettings", controller = "SalarySettings"}. Executing controller action with signature System.Threading.Tasks.Task`1[Microsoft.AspNetCore.Mvc.IActionResult] GetSalarySettings(System.String, System.String) on controller backend.Controllers.SalarySettingsController (backend).
2026-04-08 13:01:27.546 [INF] Microsoft.AspNetCore.Mvc.Infrastructure.ObjectResultExecutor | Executing OkObjectResult, writing value of type 'System.Collections.Generic.List`1[[backend.Models.SalarySettings, backend, Version=1.0.0.0, Culture=neutral, PublicKeyToken=null]]'.
2026-04-08 13:01:27.546 [INF] Microsoft.AspNetCore.Mvc.Infrastructure.ControllerActionInvoker | Executed action backend.Controllers.SalarySettingsController.GetSalarySettings (backend) in 160.1824ms
2026-04-08 13:01:27.546 [INF] Microsoft.AspNetCore.Routing.EndpointMiddleware | Executed endpoint 'backend.Controllers.SalarySettingsController.GetSalarySettings (backend)'
2026-04-08 13:01:27.546 [INF] Serilog.AspNetCore.RequestLoggingMiddleware | HTTP GET /api/SalarySettings/GetSalarySettings → 200 (160.3ms)
2026-04-08 13:01:27.546 [INF] Microsoft.AspNetCore.Hosting.Diagnostics | Request finished HTTP/1.1 GET http://localhost:5217/api/SalarySettings/GetSalarySettings?orgId=2&salaryYearId=3 - 200 null application/json; charset=utf-8 160.6187ms
2026-04-08 13:03:01.358 [INF] Microsoft.AspNetCore.Routing.EndpointMiddleware | Executed endpoint '/hubs/employees'
2026-04-08 13:03:01.358 [INF] Microsoft.AspNetCore.Routing.EndpointMiddleware | Executed endpoint '/hubs/salarysettings'
2026-04-08 13:03:01.358 [INF] Serilog.AspNetCore.RequestLoggingMiddleware | HTTP GET /hubs/employees → 101 (231886.0ms)
2026-04-08 13:03:01.358 [INF] Microsoft.AspNetCore.Routing.EndpointMiddleware | Executed endpoint '/hubs/salarysettings'
2026-04-08 13:03:01.358 [INF] Microsoft.AspNetCore.Hosting.Diagnostics | Request finished HTTP/1.1 GET http://localhost:5217/hubs/employees?id=hqLEMuUgc8Gum2w4Kru0YA&access_token=eyJhbGciOiJIUzI1NiIsInR5cCI6IkpXVCJ9.eyJuYW1laWQiOiIxOCIsInVuaXF1ZV9uYW1lIjoidmFzYW50aGFrdW1hciIsImVtYWlsIjoidmFzYW50aDIwMDR2a0BnbWFpbC5jb20iLCJyb2xlIjoiU3VwZXJBZG1pbiIsIk9yZ2FuaXphdGlvbklkIjoiMiIsIk9yZ2FuaXphdGlvbkxvZ28iOiIvdXBsb2Fkcy9vcmctbG9nb3Mvb3JnLWxvZ28tNTg3M2M0NzVkOTFkNGJiZDkwNDZkZWVjNjY3ZDEzNmMuanBnIiwibmJmIjoxNzc1NjI5OTc0LCJleHAiOjE3NzU3MTYzNzQsImlhdCI6MTc3NTYyOTk3NCwiaXNzIjoiUHJvRGVzWC1CYWNrZW5kIiwiYXVkIjoiUHJvRGVzWC1Gcm9udGVuZCJ9.igbT3pLpIiahwfTYCSUnLfgWrpW2xHWNEZnnwNqmD4o - 101 null null 231886.3169ms
2026-04-08 13:03:01.359 [INF] Serilog.AspNetCore.RequestLoggingMiddleware | HTTP GET /hubs/salarysettings → 101 (231964.6ms)
2026-04-08 13:03:01.358 [INF] Serilog.AspNetCore.RequestLoggingMiddleware | HTTP GET /hubs/salarysettings → 101 (231936.4ms)
2026-04-08 13:03:01.359 [INF] Microsoft.AspNetCore.Hosting.Diagnostics | Request finished HTTP/1.1 GET http://localhost:5217/hubs/salarysettings?id=GR1KHG8Uroejgr3NwCEBsA&access_token=eyJhbGciOiJIUzI1NiIsInR5cCI6IkpXVCJ9.eyJuYW1laWQiOiIxOCIsInVuaXF1ZV9uYW1lIjoidmFzYW50aGFrdW1hciIsImVtYWlsIjoidmFzYW50aDIwMDR2a0BnbWFpbC5jb20iLCJyb2xlIjoiU3VwZXJBZG1pbiIsIk9yZ2FuaXphdGlvbklkIjoiMiIsIk9yZ2FuaXphdGlvbkxvZ28iOiIvdXBsb2Fkcy9vcmctbG9nb3Mvb3JnLWxvZ28tNTg3M2M0NzVkOTFkNGJiZDkwNDZkZWVjNjY3ZDEzNmMuanBnIiwibmJmIjoxNzc1NjI5OTc0LCJleHAiOjE3NzU3MTYzNzQsImlhdCI6MTc3NTYyOTk3NCwiaXNzIjoiUHJvRGVzWC1CYWNrZW5kIiwiYXVkIjoiUHJvRGVzWC1Gcm9udGVuZCJ9.igbT3pLpIiahwfTYCSUnLfgWrpW2xHWNEZnnwNqmD4o - 101 null null 231964.8961ms
2026-04-08 13:03:01.359 [INF] Microsoft.AspNetCore.Hosting.Diagnostics | Request finished HTTP/1.1 GET http://localhost:5217/hubs/salarysettings?id=A16ggH7qoctPfS7_6NY2VQ&access_token=eyJhbGciOiJIUzI1NiIsInR5cCI6IkpXVCJ9.eyJuYW1laWQiOiIxOCIsInVuaXF1ZV9uYW1lIjoidmFzYW50aGFrdW1hciIsImVtYWlsIjoidmFzYW50aDIwMDR2a0BnbWFpbC5jb20iLCJyb2xlIjoiU3VwZXJBZG1pbiIsIk9yZ2FuaXphdGlvbklkIjoiMiIsIk9yZ2FuaXphdGlvbkxvZ28iOiIvdXBsb2Fkcy9vcmctbG9nb3Mvb3JnLWxvZ28tNTg3M2M0NzVkOTFkNGJiZDkwNDZkZWVjNjY3ZDEzNmMuanBnIiwibmJmIjoxNzc1NjI5OTc0LCJleHAiOjE3NzU3MTYzNzQsImlhdCI6MTc3NTYyOTk3NCwiaXNzIjoiUHJvRGVzWC1CYWNrZW5kIiwiYXVkIjoiUHJvRGVzWC1Gcm9udGVuZCJ9.igbT3pLpIiahwfTYCSUnLfgWrpW2xHWNEZnnwNqmD4o - 101 null null 231936.9323ms
2026-04-08 13:03:01.359 [INF] Microsoft.AspNetCore.Routing.EndpointMiddleware | Executed endpoint '/hubs/employees'
2026-04-08 13:03:01.359 [INF] Serilog.AspNetCore.RequestLoggingMiddleware | HTTP GET /hubs/employees → 101 (231901.9ms)
2026-04-08 13:03:01.359 [INF] Microsoft.AspNetCore.Hosting.Diagnostics | Request finished HTTP/1.1 GET http://localhost:5217/hubs/employees?id=wGqrmDr8OmTHOX3MF1GHEA&access_token=eyJhbGciOiJIUzI1NiIsInR5cCI6IkpXVCJ9.eyJuYW1laWQiOiIxOCIsInVuaXF1ZV9uYW1lIjoidmFzYW50aGFrdW1hciIsImVtYWlsIjoidmFzYW50aDIwMDR2a0BnbWFpbC5jb20iLCJyb2xlIjoiU3VwZXJBZG1pbiIsIk9yZ2FuaXphdGlvbklkIjoiMiIsIk9yZ2FuaXphdGlvbkxvZ28iOiIvdXBsb2Fkcy9vcmctbG9nb3Mvb3JnLWxvZ28tNTg3M2M0NzVkOTFkNGJiZDkwNDZkZWVjNjY3ZDEzNmMuanBnIiwibmJmIjoxNzc1NjI5OTc0LCJleHAiOjE3NzU3MTYzNzQsImlhdCI6MTc3NTYyOTk3NCwiaXNzIjoiUHJvRGVzWC1CYWNrZW5kIiwiYXVkIjoiUHJvRGVzWC1Gcm9udGVuZCJ9.igbT3pLpIiahwfTYCSUnLfgWrpW2xHWNEZnnwNqmD4o - 101 null null 231902.1651ms
2026-04-08 13:03:01.374 [INF] Microsoft.AspNetCore.Hosting.Diagnostics | Request starting HTTP/1.1 OPTIONS http://localhost:5217/hubs/employees/negotiate?negotiateVersion=1 - null null
2026-04-08 13:03:01.374 [INF] Microsoft.AspNetCore.Cors.Infrastructure.CorsService | CORS policy execution successful.
2026-04-08 13:03:01.374 [INF] Microsoft.AspNetCore.Hosting.Diagnostics | Request finished HTTP/1.1 OPTIONS http://localhost:5217/hubs/employees/negotiate?negotiateVersion=1 - 204 null null 0.1787ms
2026-04-08 13:03:01.375 [INF] Microsoft.AspNetCore.Hosting.Diagnostics | Request starting HTTP/1.1 POST http://localhost:5217/hubs/employees/negotiate?negotiateVersion=1 - text/plain;charset=UTF-8 0
2026-04-08 13:03:01.375 [INF] Microsoft.AspNetCore.Cors.Infrastructure.CorsService | CORS policy execution successful.
2026-04-08 13:03:01.375 [INF] Microsoft.AspNetCore.Routing.EndpointMiddleware | Executing endpoint '/hubs/employees/negotiate'
2026-04-08 13:03:01.375 [INF] Microsoft.AspNetCore.Routing.EndpointMiddleware | Executed endpoint '/hubs/employees/negotiate'
2026-04-08 13:03:01.376 [INF] Serilog.AspNetCore.RequestLoggingMiddleware | HTTP POST /hubs/employees/negotiate → 200 (0.1ms)
2026-04-08 13:03:01.376 [INF] Microsoft.AspNetCore.Hosting.Diagnostics | Request finished HTTP/1.1 POST http://localhost:5217/hubs/employees/negotiate?negotiateVersion=1 - 200 316 application/json 0.3334ms
2026-04-08 13:03:01.377 [INF] Microsoft.AspNetCore.Hosting.Diagnostics | Request starting HTTP/1.1 POST http://localhost:5217/hubs/employees/negotiate?negotiateVersion=1 - text/plain;charset=UTF-8 0
2026-04-08 13:03:01.377 [INF] Microsoft.AspNetCore.Cors.Infrastructure.CorsService | CORS policy execution successful.
2026-04-08 13:03:01.377 [INF] Microsoft.AspNetCore.Routing.EndpointMiddleware | Executing endpoint '/hubs/employees/negotiate'
2026-04-08 13:03:01.377 [INF] Microsoft.AspNetCore.Routing.EndpointMiddleware | Executed endpoint '/hubs/employees/negotiate'
2026-04-08 13:03:01.377 [INF] Serilog.AspNetCore.RequestLoggingMiddleware | HTTP POST /hubs/employees/negotiate → 200 (0.1ms)
2026-04-08 13:03:01.377 [INF] Microsoft.AspNetCore.Hosting.Diagnostics | Request finished HTTP/1.1 POST http://localhost:5217/hubs/employees/negotiate?negotiateVersion=1 - 200 316 application/json 0.287ms
2026-04-08 13:03:01.380 [INF] Microsoft.AspNetCore.Hosting.Diagnostics | Request starting HTTP/1.1 OPTIONS http://localhost:5217/hubs/salarysettings/negotiate?negotiateVersion=1 - null null
2026-04-08 13:03:01.380 [INF] Microsoft.AspNetCore.Cors.Infrastructure.CorsService | CORS policy execution successful.
2026-04-08 13:03:01.381 [INF] Microsoft.AspNetCore.Hosting.Diagnostics | Request finished HTTP/1.1 OPTIONS http://localhost:5217/hubs/salarysettings/negotiate?negotiateVersion=1 - 204 null null 0.1681ms
2026-04-08 13:03:01.382 [INF] Microsoft.AspNetCore.Hosting.Diagnostics | Request starting HTTP/1.1 POST http://localhost:5217/hubs/salarysettings/negotiate?negotiateVersion=1 - text/plain;charset=UTF-8 0
2026-04-08 13:03:01.382 [INF] Microsoft.AspNetCore.Cors.Infrastructure.CorsService | CORS policy execution successful.
2026-04-08 13:03:01.382 [INF] Microsoft.AspNetCore.Routing.EndpointMiddleware | Executing endpoint '/hubs/salarysettings/negotiate'
2026-04-08 13:03:01.382 [INF] Microsoft.AspNetCore.Routing.EndpointMiddleware | Executed endpoint '/hubs/salarysettings/negotiate'
2026-04-08 13:03:01.382 [INF] Serilog.AspNetCore.RequestLoggingMiddleware | HTTP POST /hubs/salarysettings/negotiate → 200 (0.1ms)
2026-04-08 13:03:01.382 [INF] Microsoft.AspNetCore.Hosting.Diagnostics | Request finished HTTP/1.1 POST http://localhost:5217/hubs/salarysettings/negotiate?negotiateVersion=1 - 200 316 application/json 0.2989ms
2026-04-08 13:03:01.384 [INF] Microsoft.AspNetCore.Hosting.Diagnostics | Request starting HTTP/1.1 POST http://localhost:5217/hubs/salarysettings/negotiate?negotiateVersion=1 - text/plain;charset=UTF-8 0
2026-04-08 13:03:01.384 [INF] Microsoft.AspNetCore.Cors.Infrastructure.CorsService | CORS policy execution successful.
2026-04-08 13:03:01.384 [INF] Microsoft.AspNetCore.Routing.EndpointMiddleware | Executing endpoint '/hubs/salarysettings/negotiate'
2026-04-08 13:03:01.384 [INF] Microsoft.AspNetCore.Routing.EndpointMiddleware | Executed endpoint '/hubs/salarysettings/negotiate'
2026-04-08 13:03:01.384 [INF] Serilog.AspNetCore.RequestLoggingMiddleware | HTTP POST /hubs/salarysettings/negotiate → 200 (0.1ms)
2026-04-08 13:03:01.384 [INF] Microsoft.AspNetCore.Hosting.Diagnostics | Request finished HTTP/1.1 POST http://localhost:5217/hubs/salarysettings/negotiate?negotiateVersion=1 - 200 316 application/json 0.306ms
2026-04-08 13:03:01.395 [INF] Microsoft.AspNetCore.Hosting.Diagnostics | Request starting HTTP/1.1 GET http://localhost:5217/hubs/employees?id=cKKCEcPx8zyOTC38Klcs8Q&access_token=eyJhbGciOiJIUzI1NiIsInR5cCI6IkpXVCJ9.eyJuYW1laWQiOiIxOCIsInVuaXF1ZV9uYW1lIjoidmFzYW50aGFrdW1hciIsImVtYWlsIjoidmFzYW50aDIwMDR2a0BnbWFpbC5jb20iLCJyb2xlIjoiU3VwZXJBZG1pbiIsIk9yZ2FuaXphdGlvbklkIjoiMiIsIk9yZ2FuaXphdGlvbkxvZ28iOiIvdXBsb2Fkcy9vcmctbG9nb3Mvb3JnLWxvZ28tNTg3M2M0NzVkOTFkNGJiZDkwNDZkZWVjNjY3ZDEzNmMuanBnIiwibmJmIjoxNzc1NjI5OTc0LCJleHAiOjE3NzU3MTYzNzQsImlhdCI6MTc3NTYyOTk3NCwiaXNzIjoiUHJvRGVzWC1CYWNrZW5kIiwiYXVkIjoiUHJvRGVzWC1Gcm9udGVuZCJ9.igbT3pLpIiahwfTYCSUnLfgWrpW2xHWNEZnnwNqmD4o - null null
2026-04-08 13:03:01.395 [INF] Microsoft.AspNetCore.Cors.Infrastructure.CorsService | CORS policy execution successful.
2026-04-08 13:03:01.395 [INF] Microsoft.AspNetCore.Routing.EndpointMiddleware | Executing endpoint '/hubs/employees'
2026-04-08 13:03:01.411 [INF] Microsoft.AspNetCore.Hosting.Diagnostics | Request starting HTTP/1.1 GET http://localhost:5217/hubs/employees?id=vEUmzsezEet7v9RXRqaaSA&access_token=eyJhbGciOiJIUzI1NiIsInR5cCI6IkpXVCJ9.eyJuYW1laWQiOiIxOCIsInVuaXF1ZV9uYW1lIjoidmFzYW50aGFrdW1hciIsImVtYWlsIjoidmFzYW50aDIwMDR2a0BnbWFpbC5jb20iLCJyb2xlIjoiU3VwZXJBZG1pbiIsIk9yZ2FuaXphdGlvbklkIjoiMiIsIk9yZ2FuaXphdGlvbkxvZ28iOiIvdXBsb2Fkcy9vcmctbG9nb3Mvb3JnLWxvZ28tNTg3M2M0NzVkOTFkNGJiZDkwNDZkZWVjNjY3ZDEzNmMuanBnIiwibmJmIjoxNzc1NjI5OTc0LCJleHAiOjE3NzU3MTYzNzQsImlhdCI6MTc3NTYyOTk3NCwiaXNzIjoiUHJvRGVzWC1CYWNrZW5kIiwiYXVkIjoiUHJvRGVzWC1Gcm9udGVuZCJ9.igbT3pLpIiahwfTYCSUnLfgWrpW2xHWNEZnnwNqmD4o - null null
2026-04-08 13:03:01.411 [INF] Microsoft.AspNetCore.Cors.Infrastructure.CorsService | CORS policy execution successful.
2026-04-08 13:03:01.411 [INF] Microsoft.AspNetCore.Routing.EndpointMiddleware | Executing endpoint '/hubs/employees'
2026-04-08 13:03:01.436 [INF] Microsoft.AspNetCore.Hosting.Diagnostics | Request starting HTTP/1.1 GET http://localhost:5217/hubs/salarysettings?id=GCllYlqasKmXPu4d6sTxVg&access_token=eyJhbGciOiJIUzI1NiIsInR5cCI6IkpXVCJ9.eyJuYW1laWQiOiIxOCIsInVuaXF1ZV9uYW1lIjoidmFzYW50aGFrdW1hciIsImVtYWlsIjoidmFzYW50aDIwMDR2a0BnbWFpbC5jb20iLCJyb2xlIjoiU3VwZXJBZG1pbiIsIk9yZ2FuaXphdGlvbklkIjoiMiIsIk9yZ2FuaXphdGlvbkxvZ28iOiIvdXBsb2Fkcy9vcmctbG9nb3Mvb3JnLWxvZ28tNTg3M2M0NzVkOTFkNGJiZDkwNDZkZWVjNjY3ZDEzNmMuanBnIiwibmJmIjoxNzc1NjI5OTc0LCJleHAiOjE3NzU3MTYzNzQsImlhdCI6MTc3NTYyOTk3NCwiaXNzIjoiUHJvRGVzWC1CYWNrZW5kIiwiYXVkIjoiUHJvRGVzWC1Gcm9udGVuZCJ9.igbT3pLpIiahwfTYCSUnLfgWrpW2xHWNEZnnwNqmD4o - null null
2026-04-08 13:03:01.436 [INF] Microsoft.AspNetCore.Cors.Infrastructure.CorsService | CORS policy execution successful.
2026-04-08 13:03:01.437 [INF] Microsoft.AspNetCore.Routing.EndpointMiddleware | Executing endpoint '/hubs/salarysettings'
2026-04-08 13:03:01.451 [INF] Microsoft.AspNetCore.Hosting.Diagnostics | Request starting HTTP/1.1 GET http://localhost:5217/hubs/salarysettings?id=Xh0iQ-o2p6z1kgxsFR5ZUQ&access_token=eyJhbGciOiJIUzI1NiIsInR5cCI6IkpXVCJ9.eyJuYW1laWQiOiIxOCIsInVuaXF1ZV9uYW1lIjoidmFzYW50aGFrdW1hciIsImVtYWlsIjoidmFzYW50aDIwMDR2a0BnbWFpbC5jb20iLCJyb2xlIjoiU3VwZXJBZG1pbiIsIk9yZ2FuaXphdGlvbklkIjoiMiIsIk9yZ2FuaXphdGlvbkxvZ28iOiIvdXBsb2Fkcy9vcmctbG9nb3Mvb3JnLWxvZ28tNTg3M2M0NzVkOTFkNGJiZDkwNDZkZWVjNjY3ZDEzNmMuanBnIiwibmJmIjoxNzc1NjI5OTc0LCJleHAiOjE3NzU3MTYzNzQsImlhdCI6MTc3NTYyOTk3NCwiaXNzIjoiUHJvRGVzWC1CYWNrZW5kIiwiYXVkIjoiUHJvRGVzWC1Gcm9udGVuZCJ9.igbT3pLpIiahwfTYCSUnLfgWrpW2xHWNEZnnwNqmD4o - null null
2026-04-08 13:03:01.451 [INF] Microsoft.AspNetCore.Cors.Infrastructure.CorsService | CORS policy execution successful.
2026-04-08 13:03:01.451 [INF] Microsoft.AspNetCore.Routing.EndpointMiddleware | Executing endpoint '/hubs/salarysettings'
2026-04-08 13:03:02.352 [INF] Microsoft.AspNetCore.Routing.EndpointMiddleware | Executed endpoint '/hubs/salaryyears'
2026-04-08 13:03:02.352 [INF] Microsoft.AspNetCore.Routing.EndpointMiddleware | Executed endpoint '/hubs/salaryyears'
2026-04-08 13:03:02.352 [INF] Serilog.AspNetCore.RequestLoggingMiddleware | HTTP GET /hubs/salaryyears → 101 (232914.4ms)
2026-04-08 13:03:02.352 [INF] Serilog.AspNetCore.RequestLoggingMiddleware | HTTP GET /hubs/salaryyears → 101 (232942.9ms)
2026-04-08 13:03:02.352 [INF] Microsoft.AspNetCore.Hosting.Diagnostics | Request finished HTTP/1.1 GET http://localhost:5217/hubs/salaryyears?id=PVct6GpkifmCBqzAinqwMg&access_token=eyJhbGciOiJIUzI1NiIsInR5cCI6IkpXVCJ9.eyJuYW1laWQiOiIxOCIsInVuaXF1ZV9uYW1lIjoidmFzYW50aGFrdW1hciIsImVtYWlsIjoidmFzYW50aDIwMDR2a0BnbWFpbC5jb20iLCJyb2xlIjoiU3VwZXJBZG1pbiIsIk9yZ2FuaXphdGlvbklkIjoiMiIsIk9yZ2FuaXphdGlvbkxvZ28iOiIvdXBsb2Fkcy9vcmctbG9nb3Mvb3JnLWxvZ28tNTg3M2M0NzVkOTFkNGJiZDkwNDZkZWVjNjY3ZDEzNmMuanBnIiwibmJmIjoxNzc1NjI5OTc0LCJleHAiOjE3NzU3MTYzNzQsImlhdCI6MTc3NTYyOTk3NCwiaXNzIjoiUHJvRGVzWC1CYWNrZW5kIiwiYXVkIjoiUHJvRGVzWC1Gcm9udGVuZCJ9.igbT3pLpIiahwfTYCSUnLfgWrpW2xHWNEZnnwNqmD4o - 101 null null 232914.7363ms
2026-04-08 13:03:02.352 [INF] Microsoft.AspNetCore.Hosting.Diagnostics | Request finished HTTP/1.1 GET http://localhost:5217/hubs/salaryyears?id=H5r5tdejC936oEM9bkmJIQ&access_token=eyJhbGciOiJIUzI1NiIsInR5cCI6IkpXVCJ9.eyJuYW1laWQiOiIxOCIsInVuaXF1ZV9uYW1lIjoidmFzYW50aGFrdW1hciIsImVtYWlsIjoidmFzYW50aDIwMDR2a0BnbWFpbC5jb20iLCJyb2xlIjoiU3VwZXJBZG1pbiIsIk9yZ2FuaXphdGlvbklkIjoiMiIsIk9yZ2FuaXphdGlvbkxvZ28iOiIvdXBsb2Fkcy9vcmctbG9nb3Mvb3JnLWxvZ28tNTg3M2M0NzVkOTFkNGJiZDkwNDZkZWVjNjY3ZDEzNmMuanBnIiwibmJmIjoxNzc1NjI5OTc0LCJleHAiOjE3NzU3MTYzNzQsImlhdCI6MTc3NTYyOTk3NCwiaXNzIjoiUHJvRGVzWC1CYWNrZW5kIiwiYXVkIjoiUHJvRGVzWC1Gcm9udGVuZCJ9.igbT3pLpIiahwfTYCSUnLfgWrpW2xHWNEZnnwNqmD4o - 101 null null 232943.224ms
2026-04-08 13:03:02.360 [INF] Microsoft.AspNetCore.Hosting.Diagnostics | Request starting HTTP/1.1 OPTIONS http://localhost:5217/hubs/salaryyears/negotiate?negotiateVersion=1 - null null
2026-04-08 13:03:02.360 [INF] Microsoft.AspNetCore.Cors.Infrastructure.CorsService | CORS policy execution successful.
2026-04-08 13:03:02.360 [INF] Microsoft.AspNetCore.Hosting.Diagnostics | Request finished HTTP/1.1 OPTIONS http://localhost:5217/hubs/salaryyears/negotiate?negotiateVersion=1 - 204 null null 0.144ms
2026-04-08 13:03:02.361 [INF] Microsoft.AspNetCore.Hosting.Diagnostics | Request starting HTTP/1.1 POST http://localhost:5217/hubs/salaryyears/negotiate?negotiateVersion=1 - text/plain;charset=UTF-8 0
2026-04-08 13:03:02.361 [INF] Microsoft.AspNetCore.Cors.Infrastructure.CorsService | CORS policy execution successful.
2026-04-08 13:03:02.361 [INF] Microsoft.AspNetCore.Routing.EndpointMiddleware | Executing endpoint '/hubs/salaryyears/negotiate'
2026-04-08 13:03:02.361 [INF] Microsoft.AspNetCore.Routing.EndpointMiddleware | Executed endpoint '/hubs/salaryyears/negotiate'
2026-04-08 13:03:02.361 [INF] Serilog.AspNetCore.RequestLoggingMiddleware | HTTP POST /hubs/salaryyears/negotiate → 200 (0.1ms)
2026-04-08 13:03:02.361 [INF] Microsoft.AspNetCore.Hosting.Diagnostics | Request finished HTTP/1.1 POST http://localhost:5217/hubs/salaryyears/negotiate?negotiateVersion=1 - 200 316 application/json 0.3199ms
2026-04-08 13:03:02.362 [INF] Microsoft.AspNetCore.Hosting.Diagnostics | Request starting HTTP/1.1 POST http://localhost:5217/hubs/salaryyears/negotiate?negotiateVersion=1 - text/plain;charset=UTF-8 0
2026-04-08 13:03:02.362 [INF] Microsoft.AspNetCore.Cors.Infrastructure.CorsService | CORS policy execution successful.
2026-04-08 13:03:02.362 [INF] Microsoft.AspNetCore.Routing.EndpointMiddleware | Executing endpoint '/hubs/salaryyears/negotiate'
2026-04-08 13:03:02.362 [INF] Microsoft.AspNetCore.Routing.EndpointMiddleware | Executed endpoint '/hubs/salaryyears/negotiate'
2026-04-08 13:03:02.362 [INF] Serilog.AspNetCore.RequestLoggingMiddleware | HTTP POST /hubs/salaryyears/negotiate → 200 (0.1ms)
2026-04-08 13:03:02.362 [INF] Microsoft.AspNetCore.Hosting.Diagnostics | Request finished HTTP/1.1 POST http://localhost:5217/hubs/salaryyears/negotiate?negotiateVersion=1 - 200 316 application/json 0.2226ms
2026-04-08 13:03:02.370 [INF] Microsoft.AspNetCore.Hosting.Diagnostics | Request starting HTTP/1.1 GET http://localhost:5217/hubs/salaryyears?id=YxiMOzjX1RHqFMAtLSLPzg&access_token=eyJhbGciOiJIUzI1NiIsInR5cCI6IkpXVCJ9.eyJuYW1laWQiOiIxOCIsInVuaXF1ZV9uYW1lIjoidmFzYW50aGFrdW1hciIsImVtYWlsIjoidmFzYW50aDIwMDR2a0BnbWFpbC5jb20iLCJyb2xlIjoiU3VwZXJBZG1pbiIsIk9yZ2FuaXphdGlvbklkIjoiMiIsIk9yZ2FuaXphdGlvbkxvZ28iOiIvdXBsb2Fkcy9vcmctbG9nb3Mvb3JnLWxvZ28tNTg3M2M0NzVkOTFkNGJiZDkwNDZkZWVjNjY3ZDEzNmMuanBnIiwibmJmIjoxNzc1NjI5OTc0LCJleHAiOjE3NzU3MTYzNzQsImlhdCI6MTc3NTYyOTk3NCwiaXNzIjoiUHJvRGVzWC1CYWNrZW5kIiwiYXVkIjoiUHJvRGVzWC1Gcm9udGVuZCJ9.igbT3pLpIiahwfTYCSUnLfgWrpW2xHWNEZnnwNqmD4o - null null
2026-04-08 13:03:02.370 [INF] Microsoft.AspNetCore.Cors.Infrastructure.CorsService | CORS policy execution successful.
2026-04-08 13:03:02.370 [INF] Microsoft.AspNetCore.Routing.EndpointMiddleware | Executing endpoint '/hubs/salaryyears'
2026-04-08 13:03:02.382 [INF] Microsoft.AspNetCore.Hosting.Diagnostics | Request starting HTTP/1.1 GET http://localhost:5217/hubs/salaryyears?id=05M5PBxMYNx_UulQ1BJ28Q&access_token=eyJhbGciOiJIUzI1NiIsInR5cCI6IkpXVCJ9.eyJuYW1laWQiOiIxOCIsInVuaXF1ZV9uYW1lIjoidmFzYW50aGFrdW1hciIsImVtYWlsIjoidmFzYW50aDIwMDR2a0BnbWFpbC5jb20iLCJyb2xlIjoiU3VwZXJBZG1pbiIsIk9yZ2FuaXphdGlvbklkIjoiMiIsIk9yZ2FuaXphdGlvbkxvZ28iOiIvdXBsb2Fkcy9vcmctbG9nb3Mvb3JnLWxvZ28tNTg3M2M0NzVkOTFkNGJiZDkwNDZkZWVjNjY3ZDEzNmMuanBnIiwibmJmIjoxNzc1NjI5OTc0LCJleHAiOjE3NzU3MTYzNzQsImlhdCI6MTc3NTYyOTk3NCwiaXNzIjoiUHJvRGVzWC1CYWNrZW5kIiwiYXVkIjoiUHJvRGVzWC1Gcm9udGVuZCJ9.igbT3pLpIiahwfTYCSUnLfgWrpW2xHWNEZnnwNqmD4o - null null
2026-04-08 13:03:02.382 [INF] Microsoft.AspNetCore.Cors.Infrastructure.CorsService | CORS policy execution successful.
2026-04-08 13:03:02.382 [INF] Microsoft.AspNetCore.Routing.EndpointMiddleware | Executing endpoint '/hubs/salaryyears'
2026-04-08 13:05:07.353 [INF] Microsoft.AspNetCore.Routing.EndpointMiddleware | Executed endpoint '/hubs/employees'
2026-04-08 13:05:07.354 [INF] Serilog.AspNetCore.RequestLoggingMiddleware | HTTP GET /hubs/employees → 101 (125942.4ms)
2026-04-08 13:05:07.354 [INF] Microsoft.AspNetCore.Hosting.Diagnostics | Request finished HTTP/1.1 GET http://localhost:5217/hubs/employees?id=vEUmzsezEet7v9RXRqaaSA&access_token=eyJhbGciOiJIUzI1NiIsInR5cCI6IkpXVCJ9.eyJuYW1laWQiOiIxOCIsInVuaXF1ZV9uYW1lIjoidmFzYW50aGFrdW1hciIsImVtYWlsIjoidmFzYW50aDIwMDR2a0BnbWFpbC5jb20iLCJyb2xlIjoiU3VwZXJBZG1pbiIsIk9yZ2FuaXphdGlvbklkIjoiMiIsIk9yZ2FuaXphdGlvbkxvZ28iOiIvdXBsb2Fkcy9vcmctbG9nb3Mvb3JnLWxvZ28tNTg3M2M0NzVkOTFkNGJiZDkwNDZkZWVjNjY3ZDEzNmMuanBnIiwibmJmIjoxNzc1NjI5OTc0LCJleHAiOjE3NzU3MTYzNzQsImlhdCI6MTc3NTYyOTk3NCwiaXNzIjoiUHJvRGVzWC1CYWNrZW5kIiwiYXVkIjoiUHJvRGVzWC1Gcm9udGVuZCJ9.igbT3pLpIiahwfTYCSUnLfgWrpW2xHWNEZnnwNqmD4o - 101 null null 125942.7726ms
2026-04-08 13:05:07.354 [INF] Microsoft.AspNetCore.Routing.EndpointMiddleware | Executed endpoint '/hubs/salarysettings'
2026-04-08 13:05:07.354 [INF] Microsoft.AspNetCore.Routing.EndpointMiddleware | Executed endpoint '/hubs/salaryyears'
2026-04-08 13:05:07.354 [INF] Microsoft.AspNetCore.Routing.EndpointMiddleware | Executed endpoint '/hubs/salaryyears'
2026-04-08 13:05:07.354 [INF] Serilog.AspNetCore.RequestLoggingMiddleware | HTTP GET /hubs/salarysettings → 101 (125917.5ms)
2026-04-08 13:05:07.354 [INF] Serilog.AspNetCore.RequestLoggingMiddleware | HTTP GET /hubs/salaryyears → 101 (124983.9ms)
2026-04-08 13:05:07.354 [INF] Microsoft.AspNetCore.Hosting.Diagnostics | Request finished HTTP/1.1 GET http://localhost:5217/hubs/salarysettings?id=GCllYlqasKmXPu4d6sTxVg&access_token=eyJhbGciOiJIUzI1NiIsInR5cCI6IkpXVCJ9.eyJuYW1laWQiOiIxOCIsInVuaXF1ZV9uYW1lIjoidmFzYW50aGFrdW1hciIsImVtYWlsIjoidmFzYW50aDIwMDR2a0BnbWFpbC5jb20iLCJyb2xlIjoiU3VwZXJBZG1pbiIsIk9yZ2FuaXphdGlvbklkIjoiMiIsIk9yZ2FuaXphdGlvbkxvZ28iOiIvdXBsb2Fkcy9vcmctbG9nb3Mvb3JnLWxvZ28tNTg3M2M0NzVkOTFkNGJiZDkwNDZkZWVjNjY3ZDEzNmMuanBnIiwibmJmIjoxNzc1NjI5OTc0LCJleHAiOjE3NzU3MTYzNzQsImlhdCI6MTc3NTYyOTk3NCwiaXNzIjoiUHJvRGVzWC1CYWNrZW5kIiwiYXVkIjoiUHJvRGVzWC1Gcm9udGVuZCJ9.igbT3pLpIiahwfTYCSUnLfgWrpW2xHWNEZnnwNqmD4o - 101 null null 125917.8971ms
2026-04-08 13:05:07.354 [INF] Microsoft.AspNetCore.Hosting.Diagnostics | Request finished HTTP/1.1 GET http://localhost:5217/hubs/salaryyears?id=YxiMOzjX1RHqFMAtLSLPzg&access_token=eyJhbGciOiJIUzI1NiIsInR5cCI6IkpXVCJ9.eyJuYW1laWQiOiIxOCIsInVuaXF1ZV9uYW1lIjoidmFzYW50aGFrdW1hciIsImVtYWlsIjoidmFzYW50aDIwMDR2a0BnbWFpbC5jb20iLCJyb2xlIjoiU3VwZXJBZG1pbiIsIk9yZ2FuaXphdGlvbklkIjoiMiIsIk9yZ2FuaXphdGlvbkxvZ28iOiIvdXBsb2Fkcy9vcmctbG9nb3Mvb3JnLWxvZ28tNTg3M2M0NzVkOTFkNGJiZDkwNDZkZWVjNjY3ZDEzNmMuanBnIiwibmJmIjoxNzc1NjI5OTc0LCJleHAiOjE3NzU3MTYzNzQsImlhdCI6MTc3NTYyOTk3NCwiaXNzIjoiUHJvRGVzWC1CYWNrZW5kIiwiYXVkIjoiUHJvRGVzWC1Gcm9udGVuZCJ9.igbT3pLpIiahwfTYCSUnLfgWrpW2xHWNEZnnwNqmD4o - 101 null null 124984.2236ms
2026-04-08 13:05:07.354 [INF] Serilog.AspNetCore.RequestLoggingMiddleware | HTTP GET /hubs/salaryyears → 101 (124971.8ms)
2026-04-08 13:05:07.354 [INF] Microsoft.AspNetCore.Hosting.Diagnostics | Request finished HTTP/1.1 GET http://localhost:5217/hubs/salaryyears?id=05M5PBxMYNx_UulQ1BJ28Q&access_token=eyJhbGciOiJIUzI1NiIsInR5cCI6IkpXVCJ9.eyJuYW1laWQiOiIxOCIsInVuaXF1ZV9uYW1lIjoidmFzYW50aGFrdW1hciIsImVtYWlsIjoidmFzYW50aDIwMDR2a0BnbWFpbC5jb20iLCJyb2xlIjoiU3VwZXJBZG1pbiIsIk9yZ2FuaXphdGlvbklkIjoiMiIsIk9yZ2FuaXphdGlvbkxvZ28iOiIvdXBsb2Fkcy9vcmctbG9nb3Mvb3JnLWxvZ28tNTg3M2M0NzVkOTFkNGJiZDkwNDZkZWVjNjY3ZDEzNmMuanBnIiwibmJmIjoxNzc1NjI5OTc0LCJleHAiOjE3NzU3MTYzNzQsImlhdCI6MTc3NTYyOTk3NCwiaXNzIjoiUHJvRGVzWC1CYWNrZW5kIiwiYXVkIjoiUHJvRGVzWC1Gcm9udGVuZCJ9.igbT3pLpIiahwfTYCSUnLfgWrpW2xHWNEZnnwNqmD4o - 101 null null 124972.2226ms
2026-04-08 13:05:07.355 [INF] Microsoft.AspNetCore.Routing.EndpointMiddleware | Executed endpoint '/hubs/employees'
2026-04-08 13:05:07.355 [INF] Serilog.AspNetCore.RequestLoggingMiddleware | HTTP GET /hubs/employees → 101 (125959.9ms)
2026-04-08 13:05:07.355 [INF] Microsoft.AspNetCore.Hosting.Diagnostics | Request finished HTTP/1.1 GET http://localhost:5217/hubs/employees?id=cKKCEcPx8zyOTC38Klcs8Q&access_token=eyJhbGciOiJIUzI1NiIsInR5cCI6IkpXVCJ9.eyJuYW1laWQiOiIxOCIsInVuaXF1ZV9uYW1lIjoidmFzYW50aGFrdW1hciIsImVtYWlsIjoidmFzYW50aDIwMDR2a0BnbWFpbC5jb20iLCJyb2xlIjoiU3VwZXJBZG1pbiIsIk9yZ2FuaXphdGlvbklkIjoiMiIsIk9yZ2FuaXphdGlvbkxvZ28iOiIvdXBsb2Fkcy9vcmctbG9nb3Mvb3JnLWxvZ28tNTg3M2M0NzVkOTFkNGJiZDkwNDZkZWVjNjY3ZDEzNmMuanBnIiwibmJmIjoxNzc1NjI5OTc0LCJleHAiOjE3NzU3MTYzNzQsImlhdCI6MTc3NTYyOTk3NCwiaXNzIjoiUHJvRGVzWC1CYWNrZW5kIiwiYXVkIjoiUHJvRGVzWC1Gcm9udGVuZCJ9.igbT3pLpIiahwfTYCSUnLfgWrpW2xHWNEZnnwNqmD4o - 101 null null 125960.2219ms
2026-04-08 13:05:07.355 [INF] Microsoft.AspNetCore.Routing.EndpointMiddleware | Executed endpoint '/hubs/salarysettings'
2026-04-08 13:05:07.355 [INF] Serilog.AspNetCore.RequestLoggingMiddleware | HTTP GET /hubs/salarysettings → 101 (125903.6ms)
2026-04-08 13:05:07.355 [INF] Microsoft.AspNetCore.Hosting.Diagnostics | Request finished HTTP/1.1 GET http://localhost:5217/hubs/salarysettings?id=Xh0iQ-o2p6z1kgxsFR5ZUQ&access_token=eyJhbGciOiJIUzI1NiIsInR5cCI6IkpXVCJ9.eyJuYW1laWQiOiIxOCIsInVuaXF1ZV9uYW1lIjoidmFzYW50aGFrdW1hciIsImVtYWlsIjoidmFzYW50aDIwMDR2a0BnbWFpbC5jb20iLCJyb2xlIjoiU3VwZXJBZG1pbiIsIk9yZ2FuaXphdGlvbklkIjoiMiIsIk9yZ2FuaXphdGlvbkxvZ28iOiIvdXBsb2Fkcy9vcmctbG9nb3Mvb3JnLWxvZ28tNTg3M2M0NzVkOTFkNGJiZDkwNDZkZWVjNjY3ZDEzNmMuanBnIiwibmJmIjoxNzc1NjI5OTc0LCJleHAiOjE3NzU3MTYzNzQsImlhdCI6MTc3NTYyOTk3NCwiaXNzIjoiUHJvRGVzWC1CYWNrZW5kIiwiYXVkIjoiUHJvRGVzWC1Gcm9udGVuZCJ9.igbT3pLpIiahwfTYCSUnLfgWrpW2xHWNEZnnwNqmD4o - 101 null null 125903.8738ms
2026-04-08 13:05:07.432 [INF] Microsoft.AspNetCore.Hosting.Diagnostics | Request starting HTTP/1.1 OPTIONS http://localhost:5217/hubs/employees/negotiate?negotiateVersion=1 - null null
2026-04-08 13:05:07.432 [INF] Microsoft.AspNetCore.Cors.Infrastructure.CorsService | CORS policy execution successful.
2026-04-08 13:05:07.432 [INF] Microsoft.AspNetCore.Hosting.Diagnostics | Request finished HTTP/1.1 OPTIONS http://localhost:5217/hubs/employees/negotiate?negotiateVersion=1 - 204 null null 0.1455ms
2026-04-08 13:05:07.433 [INF] Microsoft.AspNetCore.Hosting.Diagnostics | Request starting HTTP/1.1 POST http://localhost:5217/hubs/employees/negotiate?negotiateVersion=1 - text/plain;charset=UTF-8 0
2026-04-08 13:05:07.434 [INF] Microsoft.AspNetCore.Cors.Infrastructure.CorsService | CORS policy execution successful.
2026-04-08 13:05:07.434 [INF] Microsoft.AspNetCore.Routing.EndpointMiddleware | Executing endpoint '/hubs/employees/negotiate'
2026-04-08 13:05:07.434 [INF] Microsoft.AspNetCore.Routing.EndpointMiddleware | Executed endpoint '/hubs/employees/negotiate'
2026-04-08 13:05:07.434 [INF] Serilog.AspNetCore.RequestLoggingMiddleware | HTTP POST /hubs/employees/negotiate → 200 (0.1ms)
2026-04-08 13:05:07.434 [INF] Microsoft.AspNetCore.Hosting.Diagnostics | Request finished HTTP/1.1 POST http://localhost:5217/hubs/employees/negotiate?negotiateVersion=1 - 200 316 application/json 0.3952ms
2026-04-08 13:05:07.437 [INF] Microsoft.AspNetCore.Hosting.Diagnostics | Request starting HTTP/1.1 OPTIONS http://localhost:5217/hubs/salaryyears/negotiate?negotiateVersion=1 - null null
2026-04-08 13:05:07.437 [INF] Microsoft.AspNetCore.Cors.Infrastructure.CorsService | CORS policy execution successful.
2026-04-08 13:05:07.437 [INF] Microsoft.AspNetCore.Hosting.Diagnostics | Request finished HTTP/1.1 OPTIONS http://localhost:5217/hubs/salaryyears/negotiate?negotiateVersion=1 - 204 null null 0.1593ms
2026-04-08 13:05:07.438 [INF] Microsoft.AspNetCore.Hosting.Diagnostics | Request starting HTTP/1.1 POST http://localhost:5217/hubs/salaryyears/negotiate?negotiateVersion=1 - text/plain;charset=UTF-8 0
2026-04-08 13:05:07.438 [INF] Microsoft.AspNetCore.Cors.Infrastructure.CorsService | CORS policy execution successful.
2026-04-08 13:05:07.438 [INF] Microsoft.AspNetCore.Routing.EndpointMiddleware | Executing endpoint '/hubs/salaryyears/negotiate'
2026-04-08 13:05:07.438 [INF] Microsoft.AspNetCore.Routing.EndpointMiddleware | Executed endpoint '/hubs/salaryyears/negotiate'
2026-04-08 13:05:07.438 [INF] Serilog.AspNetCore.RequestLoggingMiddleware | HTTP POST /hubs/salaryyears/negotiate → 200 (0.1ms)
2026-04-08 13:05:07.439 [INF] Microsoft.AspNetCore.Hosting.Diagnostics | Request finished HTTP/1.1 POST http://localhost:5217/hubs/salaryyears/negotiate?negotiateVersion=1 - 200 316 application/json 0.3407ms
2026-04-08 13:05:07.440 [INF] Microsoft.AspNetCore.Hosting.Diagnostics | Request starting HTTP/1.1 POST http://localhost:5217/hubs/salaryyears/negotiate?negotiateVersion=1 - text/plain;charset=UTF-8 0
2026-04-08 13:05:07.440 [INF] Microsoft.AspNetCore.Cors.Infrastructure.CorsService | CORS policy execution successful.
2026-04-08 13:05:07.440 [INF] Microsoft.AspNetCore.Routing.EndpointMiddleware | Executing endpoint '/hubs/salaryyears/negotiate'
2026-04-08 13:05:07.440 [INF] Microsoft.AspNetCore.Routing.EndpointMiddleware | Executed endpoint '/hubs/salaryyears/negotiate'
2026-04-08 13:05:07.440 [INF] Serilog.AspNetCore.RequestLoggingMiddleware | HTTP POST /hubs/salaryyears/negotiate → 200 (0.1ms)
2026-04-08 13:05:07.440 [INF] Microsoft.AspNetCore.Hosting.Diagnostics | Request finished HTTP/1.1 POST http://localhost:5217/hubs/salaryyears/negotiate?negotiateVersion=1 - 200 316 application/json 0.2545ms
2026-04-08 13:05:07.443 [INF] Microsoft.AspNetCore.Hosting.Diagnostics | Request starting HTTP/1.1 OPTIONS http://localhost:5217/hubs/salarysettings/negotiate?negotiateVersion=1 - null null
2026-04-08 13:05:07.443 [INF] Microsoft.AspNetCore.Cors.Infrastructure.CorsService | CORS policy execution successful.
2026-04-08 13:05:07.443 [INF] Microsoft.AspNetCore.Hosting.Diagnostics | Request finished HTTP/1.1 OPTIONS http://localhost:5217/hubs/salarysettings/negotiate?negotiateVersion=1 - 204 null null 0.1938ms
2026-04-08 13:05:07.444 [INF] Microsoft.AspNetCore.Hosting.Diagnostics | Request starting HTTP/1.1 POST http://localhost:5217/hubs/salarysettings/negotiate?negotiateVersion=1 - text/plain;charset=UTF-8 0
2026-04-08 13:05:07.444 [INF] Microsoft.AspNetCore.Cors.Infrastructure.CorsService | CORS policy execution successful.
2026-04-08 13:05:07.445 [INF] Microsoft.AspNetCore.Routing.EndpointMiddleware | Executing endpoint '/hubs/salarysettings/negotiate'
2026-04-08 13:05:07.445 [INF] Microsoft.AspNetCore.Routing.EndpointMiddleware | Executed endpoint '/hubs/salarysettings/negotiate'
2026-04-08 13:05:07.445 [INF] Serilog.AspNetCore.RequestLoggingMiddleware | HTTP POST /hubs/salarysettings/negotiate → 200 (0.1ms)
2026-04-08 13:05:07.445 [INF] Microsoft.AspNetCore.Hosting.Diagnostics | Request finished HTTP/1.1 POST http://localhost:5217/hubs/salarysettings/negotiate?negotiateVersion=1 - 200 316 application/json 0.4039ms
2026-04-08 13:05:07.446 [INF] Microsoft.AspNetCore.Hosting.Diagnostics | Request starting HTTP/1.1 POST http://localhost:5217/hubs/employees/negotiate?negotiateVersion=1 - text/plain;charset=UTF-8 0
2026-04-08 13:05:07.446 [INF] Microsoft.AspNetCore.Cors.Infrastructure.CorsService | CORS policy execution successful.
2026-04-08 13:05:07.446 [INF] Microsoft.AspNetCore.Routing.EndpointMiddleware | Executing endpoint '/hubs/employees/negotiate'
2026-04-08 13:05:07.446 [INF] Microsoft.AspNetCore.Routing.EndpointMiddleware | Executed endpoint '/hubs/employees/negotiate'
2026-04-08 13:05:07.446 [INF] Serilog.AspNetCore.RequestLoggingMiddleware | HTTP POST /hubs/employees/negotiate → 200 (0.1ms)
2026-04-08 13:05:07.447 [INF] Microsoft.AspNetCore.Hosting.Diagnostics | Request finished HTTP/1.1 POST http://localhost:5217/hubs/employees/negotiate?negotiateVersion=1 - 200 316 application/json 0.4033ms
2026-04-08 13:05:07.450 [INF] Microsoft.AspNetCore.Hosting.Diagnostics | Request starting HTTP/1.1 POST http://localhost:5217/hubs/salarysettings/negotiate?negotiateVersion=1 - text/plain;charset=UTF-8 0
2026-04-08 13:05:07.450 [INF] Microsoft.AspNetCore.Cors.Infrastructure.CorsService | CORS policy execution successful.
2026-04-08 13:05:07.450 [INF] Microsoft.AspNetCore.Routing.EndpointMiddleware | Executing endpoint '/hubs/salarysettings/negotiate'
2026-04-08 13:05:07.450 [INF] Microsoft.AspNetCore.Routing.EndpointMiddleware | Executed endpoint '/hubs/salarysettings/negotiate'
2026-04-08 13:05:07.450 [INF] Serilog.AspNetCore.RequestLoggingMiddleware | HTTP POST /hubs/salarysettings/negotiate → 200 (0.1ms)
2026-04-08 13:05:07.450 [INF] Microsoft.AspNetCore.Hosting.Diagnostics | Request finished HTTP/1.1 POST http://localhost:5217/hubs/salarysettings/negotiate?negotiateVersion=1 - 200 316 application/json 0.419ms
2026-04-08 13:05:07.458 [INF] Microsoft.AspNetCore.Hosting.Diagnostics | Request starting HTTP/1.1 GET http://localhost:5217/hubs/employees?id=tNrZEKoUpvFOHNWw5Pvf2g&access_token=eyJhbGciOiJIUzI1NiIsInR5cCI6IkpXVCJ9.eyJuYW1laWQiOiIxOCIsInVuaXF1ZV9uYW1lIjoidmFzYW50aGFrdW1hciIsImVtYWlsIjoidmFzYW50aDIwMDR2a0BnbWFpbC5jb20iLCJyb2xlIjoiU3VwZXJBZG1pbiIsIk9yZ2FuaXphdGlvbklkIjoiMiIsIk9yZ2FuaXphdGlvbkxvZ28iOiIvdXBsb2Fkcy9vcmctbG9nb3Mvb3JnLWxvZ28tNTg3M2M0NzVkOTFkNGJiZDkwNDZkZWVjNjY3ZDEzNmMuanBnIiwibmJmIjoxNzc1NjI5OTc0LCJleHAiOjE3NzU3MTYzNzQsImlhdCI6MTc3NTYyOTk3NCwiaXNzIjoiUHJvRGVzWC1CYWNrZW5kIiwiYXVkIjoiUHJvRGVzWC1Gcm9udGVuZCJ9.igbT3pLpIiahwfTYCSUnLfgWrpW2xHWNEZnnwNqmD4o - null null
2026-04-08 13:05:07.459 [INF] Microsoft.AspNetCore.Cors.Infrastructure.CorsService | CORS policy execution successful.
2026-04-08 13:05:07.459 [INF] Microsoft.AspNetCore.Routing.EndpointMiddleware | Executing endpoint '/hubs/employees'
2026-04-08 13:05:07.477 [INF] Microsoft.AspNetCore.Hosting.Diagnostics | Request starting HTTP/1.1 GET http://localhost:5217/hubs/salaryyears?id=SFkpE9lmzuTSXmHbRqQZOA&access_token=eyJhbGciOiJIUzI1NiIsInR5cCI6IkpXVCJ9.eyJuYW1laWQiOiIxOCIsInVuaXF1ZV9uYW1lIjoidmFzYW50aGFrdW1hciIsImVtYWlsIjoidmFzYW50aDIwMDR2a0BnbWFpbC5jb20iLCJyb2xlIjoiU3VwZXJBZG1pbiIsIk9yZ2FuaXphdGlvbklkIjoiMiIsIk9yZ2FuaXphdGlvbkxvZ28iOiIvdXBsb2Fkcy9vcmctbG9nb3Mvb3JnLWxvZ28tNTg3M2M0NzVkOTFkNGJiZDkwNDZkZWVjNjY3ZDEzNmMuanBnIiwibmJmIjoxNzc1NjI5OTc0LCJleHAiOjE3NzU3MTYzNzQsImlhdCI6MTc3NTYyOTk3NCwiaXNzIjoiUHJvRGVzWC1CYWNrZW5kIiwiYXVkIjoiUHJvRGVzWC1Gcm9udGVuZCJ9.igbT3pLpIiahwfTYCSUnLfgWrpW2xHWNEZnnwNqmD4o - null null
2026-04-08 13:05:07.477 [INF] Microsoft.AspNetCore.Cors.Infrastructure.CorsService | CORS policy execution successful.
2026-04-08 13:05:07.477 [INF] Microsoft.AspNetCore.Routing.EndpointMiddleware | Executing endpoint '/hubs/salaryyears'
2026-04-08 13:05:07.492 [INF] Microsoft.AspNetCore.Hosting.Diagnostics | Request starting HTTP/1.1 GET http://localhost:5217/hubs/salaryyears?id=v5H3hu3FRuyf3DGOZyuEeQ&access_token=eyJhbGciOiJIUzI1NiIsInR5cCI6IkpXVCJ9.eyJuYW1laWQiOiIxOCIsInVuaXF1ZV9uYW1lIjoidmFzYW50aGFrdW1hciIsImVtYWlsIjoidmFzYW50aDIwMDR2a0BnbWFpbC5jb20iLCJyb2xlIjoiU3VwZXJBZG1pbiIsIk9yZ2FuaXphdGlvbklkIjoiMiIsIk9yZ2FuaXphdGlvbkxvZ28iOiIvdXBsb2Fkcy9vcmctbG9nb3Mvb3JnLWxvZ28tNTg3M2M0NzVkOTFkNGJiZDkwNDZkZWVjNjY3ZDEzNmMuanBnIiwibmJmIjoxNzc1NjI5OTc0LCJleHAiOjE3NzU3MTYzNzQsImlhdCI6MTc3NTYyOTk3NCwiaXNzIjoiUHJvRGVzWC1CYWNrZW5kIiwiYXVkIjoiUHJvRGVzWC1Gcm9udGVuZCJ9.igbT3pLpIiahwfTYCSUnLfgWrpW2xHWNEZnnwNqmD4o - null null
2026-04-08 13:05:07.492 [INF] Microsoft.AspNetCore.Cors.Infrastructure.CorsService | CORS policy execution successful.
2026-04-08 13:05:07.492 [INF] Microsoft.AspNetCore.Routing.EndpointMiddleware | Executing endpoint '/hubs/salaryyears'
2026-04-08 13:05:07.511 [INF] Microsoft.AspNetCore.Hosting.Diagnostics | Request starting HTTP/1.1 GET http://localhost:5217/hubs/salarysettings?id=xsbCOd1oN2svnxJbmFWM0Q&access_token=eyJhbGciOiJIUzI1NiIsInR5cCI6IkpXVCJ9.eyJuYW1laWQiOiIxOCIsInVuaXF1ZV9uYW1lIjoidmFzYW50aGFrdW1hciIsImVtYWlsIjoidmFzYW50aDIwMDR2a0BnbWFpbC5jb20iLCJyb2xlIjoiU3VwZXJBZG1pbiIsIk9yZ2FuaXphdGlvbklkIjoiMiIsIk9yZ2FuaXphdGlvbkxvZ28iOiIvdXBsb2Fkcy9vcmctbG9nb3Mvb3JnLWxvZ28tNTg3M2M0NzVkOTFkNGJiZDkwNDZkZWVjNjY3ZDEzNmMuanBnIiwibmJmIjoxNzc1NjI5OTc0LCJleHAiOjE3NzU3MTYzNzQsImlhdCI6MTc3NTYyOTk3NCwiaXNzIjoiUHJvRGVzWC1CYWNrZW5kIiwiYXVkIjoiUHJvRGVzWC1Gcm9udGVuZCJ9.igbT3pLpIiahwfTYCSUnLfgWrpW2xHWNEZnnwNqmD4o - null null
2026-04-08 13:05:07.511 [INF] Microsoft.AspNetCore.Cors.Infrastructure.CorsService | CORS policy execution successful.
2026-04-08 13:05:07.511 [INF] Microsoft.AspNetCore.Routing.EndpointMiddleware | Executing endpoint '/hubs/salarysettings'
2026-04-08 13:05:07.527 [INF] Microsoft.AspNetCore.Hosting.Diagnostics | Request starting HTTP/1.1 GET http://localhost:5217/hubs/employees?id=vHEbavicsKEjmQTEos7vyA&access_token=eyJhbGciOiJIUzI1NiIsInR5cCI6IkpXVCJ9.eyJuYW1laWQiOiIxOCIsInVuaXF1ZV9uYW1lIjoidmFzYW50aGFrdW1hciIsImVtYWlsIjoidmFzYW50aDIwMDR2a0BnbWFpbC5jb20iLCJyb2xlIjoiU3VwZXJBZG1pbiIsIk9yZ2FuaXphdGlvbklkIjoiMiIsIk9yZ2FuaXphdGlvbkxvZ28iOiIvdXBsb2Fkcy9vcmctbG9nb3Mvb3JnLWxvZ28tNTg3M2M0NzVkOTFkNGJiZDkwNDZkZWVjNjY3ZDEzNmMuanBnIiwibmJmIjoxNzc1NjI5OTc0LCJleHAiOjE3NzU3MTYzNzQsImlhdCI6MTc3NTYyOTk3NCwiaXNzIjoiUHJvRGVzWC1CYWNrZW5kIiwiYXVkIjoiUHJvRGVzWC1Gcm9udGVuZCJ9.igbT3pLpIiahwfTYCSUnLfgWrpW2xHWNEZnnwNqmD4o - null null
2026-04-08 13:05:07.527 [INF] Microsoft.AspNetCore.Cors.Infrastructure.CorsService | CORS policy execution successful.
2026-04-08 13:05:07.527 [INF] Microsoft.AspNetCore.Routing.EndpointMiddleware | Executing endpoint '/hubs/employees'
2026-04-08 13:05:07.542 [INF] Microsoft.AspNetCore.Hosting.Diagnostics | Request starting HTTP/1.1 GET http://localhost:5217/hubs/salarysettings?id=QzTtLMgZmwys9Pu10o_-Cg&access_token=eyJhbGciOiJIUzI1NiIsInR5cCI6IkpXVCJ9.eyJuYW1laWQiOiIxOCIsInVuaXF1ZV9uYW1lIjoidmFzYW50aGFrdW1hciIsImVtYWlsIjoidmFzYW50aDIwMDR2a0BnbWFpbC5jb20iLCJyb2xlIjoiU3VwZXJBZG1pbiIsIk9yZ2FuaXphdGlvbklkIjoiMiIsIk9yZ2FuaXphdGlvbkxvZ28iOiIvdXBsb2Fkcy9vcmctbG9nb3Mvb3JnLWxvZ28tNTg3M2M0NzVkOTFkNGJiZDkwNDZkZWVjNjY3ZDEzNmMuanBnIiwibmJmIjoxNzc1NjI5OTc0LCJleHAiOjE3NzU3MTYzNzQsImlhdCI6MTc3NTYyOTk3NCwiaXNzIjoiUHJvRGVzWC1CYWNrZW5kIiwiYXVkIjoiUHJvRGVzWC1Gcm9udGVuZCJ9.igbT3pLpIiahwfTYCSUnLfgWrpW2xHWNEZnnwNqmD4o - null null
2026-04-08 13:05:07.542 [INF] Microsoft.AspNetCore.Cors.Infrastructure.CorsService | CORS policy execution successful.
2026-04-08 13:05:07.543 [INF] Microsoft.AspNetCore.Routing.EndpointMiddleware | Executing endpoint '/hubs/salarysettings'
2026-04-08 13:07:13.346 [INF] Microsoft.AspNetCore.Routing.EndpointMiddleware | Executed endpoint '/hubs/salarysettings'
2026-04-08 13:07:13.346 [INF] Microsoft.AspNetCore.Routing.EndpointMiddleware | Executed endpoint '/hubs/salaryyears'
2026-04-08 13:07:13.346 [INF] Serilog.AspNetCore.RequestLoggingMiddleware | HTTP GET /hubs/salarysettings → 101 (125834.5ms)
2026-04-08 13:07:13.346 [INF] Serilog.AspNetCore.RequestLoggingMiddleware | HTTP GET /hubs/salaryyears → 101 (125868.6ms)
2026-04-08 13:07:13.346 [INF] Microsoft.AspNetCore.Hosting.Diagnostics | Request finished HTTP/1.1 GET http://localhost:5217/hubs/salarysettings?id=xsbCOd1oN2svnxJbmFWM0Q&access_token=eyJhbGciOiJIUzI1NiIsInR5cCI6IkpXVCJ9.eyJuYW1laWQiOiIxOCIsInVuaXF1ZV9uYW1lIjoidmFzYW50aGFrdW1hciIsImVtYWlsIjoidmFzYW50aDIwMDR2a0BnbWFpbC5jb20iLCJyb2xlIjoiU3VwZXJBZG1pbiIsIk9yZ2FuaXphdGlvbklkIjoiMiIsIk9yZ2FuaXphdGlvbkxvZ28iOiIvdXBsb2Fkcy9vcmctbG9nb3Mvb3JnLWxvZ28tNTg3M2M0NzVkOTFkNGJiZDkwNDZkZWVjNjY3ZDEzNmMuanBnIiwibmJmIjoxNzc1NjI5OTc0LCJleHAiOjE3NzU3MTYzNzQsImlhdCI6MTc3NTYyOTk3NCwiaXNzIjoiUHJvRGVzWC1CYWNrZW5kIiwiYXVkIjoiUHJvRGVzWC1Gcm9udGVuZCJ9.igbT3pLpIiahwfTYCSUnLfgWrpW2xHWNEZnnwNqmD4o - 101 null null 125834.872ms
2026-04-08 13:07:13.346 [INF] Microsoft.AspNetCore.Hosting.Diagnostics | Request finished HTTP/1.1 GET http://localhost:5217/hubs/salaryyears?id=SFkpE9lmzuTSXmHbRqQZOA&access_token=eyJhbGciOiJIUzI1NiIsInR5cCI6IkpXVCJ9.eyJuYW1laWQiOiIxOCIsInVuaXF1ZV9uYW1lIjoidmFzYW50aGFrdW1hciIsImVtYWlsIjoidmFzYW50aDIwMDR2a0BnbWFpbC5jb20iLCJyb2xlIjoiU3VwZXJBZG1pbiIsIk9yZ2FuaXphdGlvbklkIjoiMiIsIk9yZ2FuaXphdGlvbkxvZ28iOiIvdXBsb2Fkcy9vcmctbG9nb3Mvb3JnLWxvZ28tNTg3M2M0NzVkOTFkNGJiZDkwNDZkZWVjNjY3ZDEzNmMuanBnIiwibmJmIjoxNzc1NjI5OTc0LCJleHAiOjE3NzU3MTYzNzQsImlhdCI6MTc3NTYyOTk3NCwiaXNzIjoiUHJvRGVzWC1CYWNrZW5kIiwiYXVkIjoiUHJvRGVzWC1Gcm9udGVuZCJ9.igbT3pLpIiahwfTYCSUnLfgWrpW2xHWNEZnnwNqmD4o - 101 null null 125868.982ms
2026-04-08 13:07:13.346 [INF] Microsoft.AspNetCore.Routing.EndpointMiddleware | Executed endpoint '/hubs/salaryyears'
2026-04-08 13:07:13.346 [INF] Serilog.AspNetCore.RequestLoggingMiddleware | HTTP GET /hubs/salaryyears → 101 (125854.0ms)
2026-04-08 13:07:13.346 [INF] Microsoft.AspNetCore.Hosting.Diagnostics | Request finished HTTP/1.1 GET http://localhost:5217/hubs/salaryyears?id=v5H3hu3FRuyf3DGOZyuEeQ&access_token=eyJhbGciOiJIUzI1NiIsInR5cCI6IkpXVCJ9.eyJuYW1laWQiOiIxOCIsInVuaXF1ZV9uYW1lIjoidmFzYW50aGFrdW1hciIsImVtYWlsIjoidmFzYW50aDIwMDR2a0BnbWFpbC5jb20iLCJyb2xlIjoiU3VwZXJBZG1pbiIsIk9yZ2FuaXphdGlvbklkIjoiMiIsIk9yZ2FuaXphdGlvbkxvZ28iOiIvdXBsb2Fkcy9vcmctbG9nb3Mvb3JnLWxvZ28tNTg3M2M0NzVkOTFkNGJiZDkwNDZkZWVjNjY3ZDEzNmMuanBnIiwibmJmIjoxNzc1NjI5OTc0LCJleHAiOjE3NzU3MTYzNzQsImlhdCI6MTc3NTYyOTk3NCwiaXNzIjoiUHJvRGVzWC1CYWNrZW5kIiwiYXVkIjoiUHJvRGVzWC1Gcm9udGVuZCJ9.igbT3pLpIiahwfTYCSUnLfgWrpW2xHWNEZnnwNqmD4o - 101 null null 125854.2951ms
2026-04-08 13:07:13.346 [INF] Microsoft.AspNetCore.Routing.EndpointMiddleware | Executed endpoint '/hubs/salarysettings'
2026-04-08 13:07:13.346 [INF] Serilog.AspNetCore.RequestLoggingMiddleware | HTTP GET /hubs/salarysettings → 101 (125802.7ms)
2026-04-08 13:07:13.346 [INF] Microsoft.AspNetCore.Hosting.Diagnostics | Request finished HTTP/1.1 GET http://localhost:5217/hubs/salarysettings?id=QzTtLMgZmwys9Pu10o_-Cg&access_token=eyJhbGciOiJIUzI1NiIsInR5cCI6IkpXVCJ9.eyJuYW1laWQiOiIxOCIsInVuaXF1ZV9uYW1lIjoidmFzYW50aGFrdW1hciIsImVtYWlsIjoidmFzYW50aDIwMDR2a0BnbWFpbC5jb20iLCJyb2xlIjoiU3VwZXJBZG1pbiIsIk9yZ2FuaXphdGlvbklkIjoiMiIsIk9yZ2FuaXphdGlvbkxvZ28iOiIvdXBsb2Fkcy9vcmctbG9nb3Mvb3JnLWxvZ28tNTg3M2M0NzVkOTFkNGJiZDkwNDZkZWVjNjY3ZDEzNmMuanBnIiwibmJmIjoxNzc1NjI5OTc0LCJleHAiOjE3NzU3MTYzNzQsImlhdCI6MTc3NTYyOTk3NCwiaXNzIjoiUHJvRGVzWC1CYWNrZW5kIiwiYXVkIjoiUHJvRGVzWC1Gcm9udGVuZCJ9.igbT3pLpIiahwfTYCSUnLfgWrpW2xHWNEZnnwNqmD4o - 101 null null 125804.1888ms
2026-04-08 13:07:13.346 [INF] Microsoft.AspNetCore.Routing.EndpointMiddleware | Executed endpoint '/hubs/employees'
2026-04-08 13:07:13.346 [INF] Serilog.AspNetCore.RequestLoggingMiddleware | HTTP GET /hubs/employees → 101 (125818.9ms)
2026-04-08 13:07:13.346 [INF] Microsoft.AspNetCore.Hosting.Diagnostics | Request finished HTTP/1.1 GET http://localhost:5217/hubs/employees?id=vHEbavicsKEjmQTEos7vyA&access_token=eyJhbGciOiJIUzI1NiIsInR5cCI6IkpXVCJ9.eyJuYW1laWQiOiIxOCIsInVuaXF1ZV9uYW1lIjoidmFzYW50aGFrdW1hciIsImVtYWlsIjoidmFzYW50aDIwMDR2a0BnbWFpbC5jb20iLCJyb2xlIjoiU3VwZXJBZG1pbiIsIk9yZ2FuaXphdGlvbklkIjoiMiIsIk9yZ2FuaXphdGlvbkxvZ28iOiIvdXBsb2Fkcy9vcmctbG9nb3Mvb3JnLWxvZ28tNTg3M2M0NzVkOTFkNGJiZDkwNDZkZWVjNjY3ZDEzNmMuanBnIiwibmJmIjoxNzc1NjI5OTc0LCJleHAiOjE3NzU3MTYzNzQsImlhdCI6MTc3NTYyOTk3NCwiaXNzIjoiUHJvRGVzWC1CYWNrZW5kIiwiYXVkIjoiUHJvRGVzWC1Gcm9udGVuZCJ9.igbT3pLpIiahwfTYCSUnLfgWrpW2xHWNEZnnwNqmD4o - 101 null null 125819.3821ms
2026-04-08 13:07:13.346 [INF] Microsoft.AspNetCore.Routing.EndpointMiddleware | Executed endpoint '/hubs/employees'
2026-04-08 13:07:13.346 [INF] Serilog.AspNetCore.RequestLoggingMiddleware | HTTP GET /hubs/employees → 101 (125887.5ms)
2026-04-08 13:07:13.346 [INF] Microsoft.AspNetCore.Hosting.Diagnostics | Request finished HTTP/1.1 GET http://localhost:5217/hubs/employees?id=tNrZEKoUpvFOHNWw5Pvf2g&access_token=eyJhbGciOiJIUzI1NiIsInR5cCI6IkpXVCJ9.eyJuYW1laWQiOiIxOCIsInVuaXF1ZV9uYW1lIjoidmFzYW50aGFrdW1hciIsImVtYWlsIjoidmFzYW50aDIwMDR2a0BnbWFpbC5jb20iLCJyb2xlIjoiU3VwZXJBZG1pbiIsIk9yZ2FuaXphdGlvbklkIjoiMiIsIk9yZ2FuaXphdGlvbkxvZ28iOiIvdXBsb2Fkcy9vcmctbG9nb3Mvb3JnLWxvZ28tNTg3M2M0NzVkOTFkNGJiZDkwNDZkZWVjNjY3ZDEzNmMuanBnIiwibmJmIjoxNzc1NjI5OTc0LCJleHAiOjE3NzU3MTYzNzQsImlhdCI6MTc3NTYyOTk3NCwiaXNzIjoiUHJvRGVzWC1CYWNrZW5kIiwiYXVkIjoiUHJvRGVzWC1Gcm9udGVuZCJ9.igbT3pLpIiahwfTYCSUnLfgWrpW2xHWNEZnnwNqmD4o - 101 null null 125887.8055ms
2026-04-08 13:07:13.362 [INF] Microsoft.AspNetCore.Hosting.Diagnostics | Request starting HTTP/1.1 OPTIONS http://localhost:5217/hubs/salarysettings/negotiate?negotiateVersion=1 - null null
2026-04-08 13:07:13.362 [INF] Microsoft.AspNetCore.Cors.Infrastructure.CorsService | CORS policy execution successful.
2026-04-08 13:07:13.362 [INF] Microsoft.AspNetCore.Hosting.Diagnostics | Request finished HTTP/1.1 OPTIONS http://localhost:5217/hubs/salarysettings/negotiate?negotiateVersion=1 - 204 null null 0.1522ms
2026-04-08 13:07:13.363 [INF] Microsoft.AspNetCore.Hosting.Diagnostics | Request starting HTTP/1.1 POST http://localhost:5217/hubs/salarysettings/negotiate?negotiateVersion=1 - text/plain;charset=UTF-8 0
2026-04-08 13:07:13.363 [INF] Microsoft.AspNetCore.Cors.Infrastructure.CorsService | CORS policy execution successful.
2026-04-08 13:07:13.363 [INF] Microsoft.AspNetCore.Routing.EndpointMiddleware | Executing endpoint '/hubs/salarysettings/negotiate'
2026-04-08 13:07:13.363 [INF] Microsoft.AspNetCore.Routing.EndpointMiddleware | Executed endpoint '/hubs/salarysettings/negotiate'
2026-04-08 13:07:13.363 [INF] Serilog.AspNetCore.RequestLoggingMiddleware | HTTP POST /hubs/salarysettings/negotiate → 200 (0.2ms)
2026-04-08 13:07:13.363 [INF] Microsoft.AspNetCore.Hosting.Diagnostics | Request finished HTTP/1.1 POST http://localhost:5217/hubs/salarysettings/negotiate?negotiateVersion=1 - 200 316 application/json 0.4111ms
2026-04-08 13:07:13.366 [INF] Microsoft.AspNetCore.Hosting.Diagnostics | Request starting HTTP/1.1 OPTIONS http://localhost:5217/hubs/salaryyears/negotiate?negotiateVersion=1 - null null
2026-04-08 13:07:13.366 [INF] Microsoft.AspNetCore.Cors.Infrastructure.CorsService | CORS policy execution successful.
2026-04-08 13:07:13.366 [INF] Microsoft.AspNetCore.Hosting.Diagnostics | Request finished HTTP/1.1 OPTIONS http://localhost:5217/hubs/salaryyears/negotiate?negotiateVersion=1 - 204 null null 0.109ms
2026-04-08 13:07:13.367 [INF] Microsoft.AspNetCore.Hosting.Diagnostics | Request starting HTTP/1.1 POST http://localhost:5217/hubs/salaryyears/negotiate?negotiateVersion=1 - text/plain;charset=UTF-8 0
2026-04-08 13:07:13.367 [INF] Microsoft.AspNetCore.Cors.Infrastructure.CorsService | CORS policy execution successful.
2026-04-08 13:07:13.367 [INF] Microsoft.AspNetCore.Routing.EndpointMiddleware | Executing endpoint '/hubs/salaryyears/negotiate'
2026-04-08 13:07:13.367 [INF] Microsoft.AspNetCore.Routing.EndpointMiddleware | Executed endpoint '/hubs/salaryyears/negotiate'
2026-04-08 13:07:13.367 [INF] Serilog.AspNetCore.RequestLoggingMiddleware | HTTP POST /hubs/salaryyears/negotiate → 200 (0.1ms)
2026-04-08 13:07:13.367 [INF] Microsoft.AspNetCore.Hosting.Diagnostics | Request finished HTTP/1.1 POST http://localhost:5217/hubs/salaryyears/negotiate?negotiateVersion=1 - 200 316 application/json 0.274ms
2026-04-08 13:07:13.368 [INF] Microsoft.AspNetCore.Hosting.Diagnostics | Request starting HTTP/1.1 POST http://localhost:5217/hubs/salaryyears/negotiate?negotiateVersion=1 - text/plain;charset=UTF-8 0
2026-04-08 13:07:13.368 [INF] Microsoft.AspNetCore.Cors.Infrastructure.CorsService | CORS policy execution successful.
2026-04-08 13:07:13.368 [INF] Microsoft.AspNetCore.Routing.EndpointMiddleware | Executing endpoint '/hubs/salaryyears/negotiate'
2026-04-08 13:07:13.368 [INF] Microsoft.AspNetCore.Routing.EndpointMiddleware | Executed endpoint '/hubs/salaryyears/negotiate'
2026-04-08 13:07:13.368 [INF] Serilog.AspNetCore.RequestLoggingMiddleware | HTTP POST /hubs/salaryyears/negotiate → 200 (0.1ms)
2026-04-08 13:07:13.368 [INF] Microsoft.AspNetCore.Hosting.Diagnostics | Request finished HTTP/1.1 POST http://localhost:5217/hubs/salaryyears/negotiate?negotiateVersion=1 - 200 316 application/json 0.2012ms
2026-04-08 13:07:13.370 [INF] Microsoft.AspNetCore.Hosting.Diagnostics | Request starting HTTP/1.1 POST http://localhost:5217/hubs/salarysettings/negotiate?negotiateVersion=1 - text/plain;charset=UTF-8 0
2026-04-08 13:07:13.370 [INF] Microsoft.AspNetCore.Cors.Infrastructure.CorsService | CORS policy execution successful.
2026-04-08 13:07:13.370 [INF] Microsoft.AspNetCore.Routing.EndpointMiddleware | Executing endpoint '/hubs/salarysettings/negotiate'
2026-04-08 13:07:13.370 [INF] Microsoft.AspNetCore.Routing.EndpointMiddleware | Executed endpoint '/hubs/salarysettings/negotiate'
2026-04-08 13:07:13.370 [INF] Serilog.AspNetCore.RequestLoggingMiddleware | HTTP POST /hubs/salarysettings/negotiate → 200 (0.1ms)
2026-04-08 13:07:13.370 [INF] Microsoft.AspNetCore.Hosting.Diagnostics | Request finished HTTP/1.1 POST http://localhost:5217/hubs/salarysettings/negotiate?negotiateVersion=1 - 200 316 application/json 0.2905ms
2026-04-08 13:07:13.374 [INF] Microsoft.AspNetCore.Hosting.Diagnostics | Request starting HTTP/1.1 OPTIONS http://localhost:5217/hubs/employees/negotiate?negotiateVersion=1 - null null
2026-04-08 13:07:13.374 [INF] Microsoft.AspNetCore.Cors.Infrastructure.CorsService | CORS policy execution successful.
2026-04-08 13:07:13.374 [INF] Microsoft.AspNetCore.Hosting.Diagnostics | Request finished HTTP/1.1 OPTIONS http://localhost:5217/hubs/employees/negotiate?negotiateVersion=1 - 204 null null 0.1182ms
2026-04-08 13:07:13.375 [INF] Microsoft.AspNetCore.Hosting.Diagnostics | Request starting HTTP/1.1 POST http://localhost:5217/hubs/employees/negotiate?negotiateVersion=1 - text/plain;charset=UTF-8 0
2026-04-08 13:07:13.375 [INF] Microsoft.AspNetCore.Cors.Infrastructure.CorsService | CORS policy execution successful.
2026-04-08 13:07:13.375 [INF] Microsoft.AspNetCore.Routing.EndpointMiddleware | Executing endpoint '/hubs/employees/negotiate'
2026-04-08 13:07:13.375 [INF] Microsoft.AspNetCore.Routing.EndpointMiddleware | Executed endpoint '/hubs/employees/negotiate'
2026-04-08 13:07:13.375 [INF] Serilog.AspNetCore.RequestLoggingMiddleware | HTTP POST /hubs/employees/negotiate → 200 (0.1ms)
2026-04-08 13:07:13.375 [INF] Microsoft.AspNetCore.Hosting.Diagnostics | Request finished HTTP/1.1 POST http://localhost:5217/hubs/employees/negotiate?negotiateVersion=1 - 200 316 application/json 0.2382ms
2026-04-08 13:07:13.376 [INF] Microsoft.AspNetCore.Hosting.Diagnostics | Request starting HTTP/1.1 POST http://localhost:5217/hubs/employees/negotiate?negotiateVersion=1 - text/plain;charset=UTF-8 0
2026-04-08 13:07:13.376 [INF] Microsoft.AspNetCore.Cors.Infrastructure.CorsService | CORS policy execution successful.
2026-04-08 13:07:13.377 [INF] Microsoft.AspNetCore.Routing.EndpointMiddleware | Executing endpoint '/hubs/employees/negotiate'
2026-04-08 13:07:13.377 [INF] Microsoft.AspNetCore.Routing.EndpointMiddleware | Executed endpoint '/hubs/employees/negotiate'
2026-04-08 13:07:13.377 [INF] Serilog.AspNetCore.RequestLoggingMiddleware | HTTP POST /hubs/employees/negotiate → 200 (0.1ms)
2026-04-08 13:07:13.377 [INF] Microsoft.AspNetCore.Hosting.Diagnostics | Request finished HTTP/1.1 POST http://localhost:5217/hubs/employees/negotiate?negotiateVersion=1 - 200 316 application/json 0.3183ms
2026-04-08 13:07:13.386 [INF] Microsoft.AspNetCore.Hosting.Diagnostics | Request starting HTTP/1.1 GET http://localhost:5217/hubs/salarysettings?id=fGkcN1DQEvuxoylOpkPeVA&access_token=eyJhbGciOiJIUzI1NiIsInR5cCI6IkpXVCJ9.eyJuYW1laWQiOiIxOCIsInVuaXF1ZV9uYW1lIjoidmFzYW50aGFrdW1hciIsImVtYWlsIjoidmFzYW50aDIwMDR2a0BnbWFpbC5jb20iLCJyb2xlIjoiU3VwZXJBZG1pbiIsIk9yZ2FuaXphdGlvbklkIjoiMiIsIk9yZ2FuaXphdGlvbkxvZ28iOiIvdXBsb2Fkcy9vcmctbG9nb3Mvb3JnLWxvZ28tNTg3M2M0NzVkOTFkNGJiZDkwNDZkZWVjNjY3ZDEzNmMuanBnIiwibmJmIjoxNzc1NjI5OTc0LCJleHAiOjE3NzU3MTYzNzQsImlhdCI6MTc3NTYyOTk3NCwiaXNzIjoiUHJvRGVzWC1CYWNrZW5kIiwiYXVkIjoiUHJvRGVzWC1Gcm9udGVuZCJ9.igbT3pLpIiahwfTYCSUnLfgWrpW2xHWNEZnnwNqmD4o - null null
2026-04-08 13:07:13.386 [INF] Microsoft.AspNetCore.Cors.Infrastructure.CorsService | CORS policy execution successful.
2026-04-08 13:07:13.386 [INF] Microsoft.AspNetCore.Routing.EndpointMiddleware | Executing endpoint '/hubs/salarysettings'
2026-04-08 13:07:13.399 [INF] Microsoft.AspNetCore.Hosting.Diagnostics | Request starting HTTP/1.1 GET http://localhost:5217/hubs/salaryyears?id=U2nN_SJ5jya3AvI6Q1YxJg&access_token=eyJhbGciOiJIUzI1NiIsInR5cCI6IkpXVCJ9.eyJuYW1laWQiOiIxOCIsInVuaXF1ZV9uYW1lIjoidmFzYW50aGFrdW1hciIsImVtYWlsIjoidmFzYW50aDIwMDR2a0BnbWFpbC5jb20iLCJyb2xlIjoiU3VwZXJBZG1pbiIsIk9yZ2FuaXphdGlvbklkIjoiMiIsIk9yZ2FuaXphdGlvbkxvZ28iOiIvdXBsb2Fkcy9vcmctbG9nb3Mvb3JnLWxvZ28tNTg3M2M0NzVkOTFkNGJiZDkwNDZkZWVjNjY3ZDEzNmMuanBnIiwibmJmIjoxNzc1NjI5OTc0LCJleHAiOjE3NzU3MTYzNzQsImlhdCI6MTc3NTYyOTk3NCwiaXNzIjoiUHJvRGVzWC1CYWNrZW5kIiwiYXVkIjoiUHJvRGVzWC1Gcm9udGVuZCJ9.igbT3pLpIiahwfTYCSUnLfgWrpW2xHWNEZnnwNqmD4o - null null
2026-04-08 13:07:13.399 [INF] Microsoft.AspNetCore.Cors.Infrastructure.CorsService | CORS policy execution successful.
2026-04-08 13:07:13.399 [INF] Microsoft.AspNetCore.Routing.EndpointMiddleware | Executing endpoint '/hubs/salaryyears'
2026-04-08 13:07:13.412 [INF] Microsoft.AspNetCore.Hosting.Diagnostics | Request starting HTTP/1.1 GET http://localhost:5217/hubs/salaryyears?id=Bek4k4xthEXTFnaNUjb6Zg&access_token=eyJhbGciOiJIUzI1NiIsInR5cCI6IkpXVCJ9.eyJuYW1laWQiOiIxOCIsInVuaXF1ZV9uYW1lIjoidmFzYW50aGFrdW1hciIsImVtYWlsIjoidmFzYW50aDIwMDR2a0BnbWFpbC5jb20iLCJyb2xlIjoiU3VwZXJBZG1pbiIsIk9yZ2FuaXphdGlvbklkIjoiMiIsIk9yZ2FuaXphdGlvbkxvZ28iOiIvdXBsb2Fkcy9vcmctbG9nb3Mvb3JnLWxvZ28tNTg3M2M0NzVkOTFkNGJiZDkwNDZkZWVjNjY3ZDEzNmMuanBnIiwibmJmIjoxNzc1NjI5OTc0LCJleHAiOjE3NzU3MTYzNzQsImlhdCI6MTc3NTYyOTk3NCwiaXNzIjoiUHJvRGVzWC1CYWNrZW5kIiwiYXVkIjoiUHJvRGVzWC1Gcm9udGVuZCJ9.igbT3pLpIiahwfTYCSUnLfgWrpW2xHWNEZnnwNqmD4o - null null
2026-04-08 13:07:13.412 [INF] Microsoft.AspNetCore.Cors.Infrastructure.CorsService | CORS policy execution successful.
2026-04-08 13:07:13.412 [INF] Microsoft.AspNetCore.Routing.EndpointMiddleware | Executing endpoint '/hubs/salaryyears'
2026-04-08 13:07:13.439 [INF] Microsoft.AspNetCore.Hosting.Diagnostics | Request starting HTTP/1.1 GET http://localhost:5217/hubs/salarysettings?id=L_Xi-Uc2FOdnY5Z-I2R4Tg&access_token=eyJhbGciOiJIUzI1NiIsInR5cCI6IkpXVCJ9.eyJuYW1laWQiOiIxOCIsInVuaXF1ZV9uYW1lIjoidmFzYW50aGFrdW1hciIsImVtYWlsIjoidmFzYW50aDIwMDR2a0BnbWFpbC5jb20iLCJyb2xlIjoiU3VwZXJBZG1pbiIsIk9yZ2FuaXphdGlvbklkIjoiMiIsIk9yZ2FuaXphdGlvbkxvZ28iOiIvdXBsb2Fkcy9vcmctbG9nb3Mvb3JnLWxvZ28tNTg3M2M0NzVkOTFkNGJiZDkwNDZkZWVjNjY3ZDEzNmMuanBnIiwibmJmIjoxNzc1NjI5OTc0LCJleHAiOjE3NzU3MTYzNzQsImlhdCI6MTc3NTYyOTk3NCwiaXNzIjoiUHJvRGVzWC1CYWNrZW5kIiwiYXVkIjoiUHJvRGVzWC1Gcm9udGVuZCJ9.igbT3pLpIiahwfTYCSUnLfgWrpW2xHWNEZnnwNqmD4o - null null
2026-04-08 13:07:13.439 [INF] Microsoft.AspNetCore.Cors.Infrastructure.CorsService | CORS policy execution successful.
2026-04-08 13:07:13.439 [INF] Microsoft.AspNetCore.Routing.EndpointMiddleware | Executing endpoint '/hubs/salarysettings'
2026-04-08 13:07:13.454 [INF] Microsoft.AspNetCore.Hosting.Diagnostics | Request starting HTTP/1.1 GET http://localhost:5217/hubs/employees?id=rFfsRDDyjlk11DsXIfOAkQ&access_token=eyJhbGciOiJIUzI1NiIsInR5cCI6IkpXVCJ9.eyJuYW1laWQiOiIxOCIsInVuaXF1ZV9uYW1lIjoidmFzYW50aGFrdW1hciIsImVtYWlsIjoidmFzYW50aDIwMDR2a0BnbWFpbC5jb20iLCJyb2xlIjoiU3VwZXJBZG1pbiIsIk9yZ2FuaXphdGlvbklkIjoiMiIsIk9yZ2FuaXphdGlvbkxvZ28iOiIvdXBsb2Fkcy9vcmctbG9nb3Mvb3JnLWxvZ28tNTg3M2M0NzVkOTFkNGJiZDkwNDZkZWVjNjY3ZDEzNmMuanBnIiwibmJmIjoxNzc1NjI5OTc0LCJleHAiOjE3NzU3MTYzNzQsImlhdCI6MTc3NTYyOTk3NCwiaXNzIjoiUHJvRGVzWC1CYWNrZW5kIiwiYXVkIjoiUHJvRGVzWC1Gcm9udGVuZCJ9.igbT3pLpIiahwfTYCSUnLfgWrpW2xHWNEZnnwNqmD4o - null null
2026-04-08 13:07:13.454 [INF] Microsoft.AspNetCore.Cors.Infrastructure.CorsService | CORS policy execution successful.
2026-04-08 13:07:13.454 [INF] Microsoft.AspNetCore.Routing.EndpointMiddleware | Executing endpoint '/hubs/employees'
2026-04-08 13:07:13.470 [INF] Microsoft.AspNetCore.Hosting.Diagnostics | Request starting HTTP/1.1 GET http://localhost:5217/hubs/employees?id=jxXLFuLBGnYHUEkWosCAeQ&access_token=eyJhbGciOiJIUzI1NiIsInR5cCI6IkpXVCJ9.eyJuYW1laWQiOiIxOCIsInVuaXF1ZV9uYW1lIjoidmFzYW50aGFrdW1hciIsImVtYWlsIjoidmFzYW50aDIwMDR2a0BnbWFpbC5jb20iLCJyb2xlIjoiU3VwZXJBZG1pbiIsIk9yZ2FuaXphdGlvbklkIjoiMiIsIk9yZ2FuaXphdGlvbkxvZ28iOiIvdXBsb2Fkcy9vcmctbG9nb3Mvb3JnLWxvZ28tNTg3M2M0NzVkOTFkNGJiZDkwNDZkZWVjNjY3ZDEzNmMuanBnIiwibmJmIjoxNzc1NjI5OTc0LCJleHAiOjE3NzU3MTYzNzQsImlhdCI6MTc3NTYyOTk3NCwiaXNzIjoiUHJvRGVzWC1CYWNrZW5kIiwiYXVkIjoiUHJvRGVzWC1Gcm9udGVuZCJ9.igbT3pLpIiahwfTYCSUnLfgWrpW2xHWNEZnnwNqmD4o - null null
2026-04-08 13:07:13.470 [INF] Microsoft.AspNetCore.Cors.Infrastructure.CorsService | CORS policy execution successful.
2026-04-08 13:07:13.470 [INF] Microsoft.AspNetCore.Routing.EndpointMiddleware | Executing endpoint '/hubs/employees'
2026-04-08 13:09:19.361 [INF] Microsoft.AspNetCore.Routing.EndpointMiddleware | Executed endpoint '/hubs/salaryyears'
2026-04-08 13:09:19.361 [INF] Microsoft.AspNetCore.Routing.EndpointMiddleware | Executed endpoint '/hubs/salarysettings'
2026-04-08 13:09:19.361 [INF] Serilog.AspNetCore.RequestLoggingMiddleware | HTTP GET /hubs/salaryyears → 101 (125961.8ms)
2026-04-08 13:09:19.361 [INF] Microsoft.AspNetCore.Routing.EndpointMiddleware | Executed endpoint '/hubs/salarysettings'
2026-04-08 13:09:19.361 [INF] Serilog.AspNetCore.RequestLoggingMiddleware | HTTP GET /hubs/salarysettings → 101 (125922.1ms)
2026-04-08 13:09:19.361 [INF] Microsoft.AspNetCore.Hosting.Diagnostics | Request finished HTTP/1.1 GET http://localhost:5217/hubs/salaryyears?id=U2nN_SJ5jya3AvI6Q1YxJg&access_token=eyJhbGciOiJIUzI1NiIsInR5cCI6IkpXVCJ9.eyJuYW1laWQiOiIxOCIsInVuaXF1ZV9uYW1lIjoidmFzYW50aGFrdW1hciIsImVtYWlsIjoidmFzYW50aDIwMDR2a0BnbWFpbC5jb20iLCJyb2xlIjoiU3VwZXJBZG1pbiIsIk9yZ2FuaXphdGlvbklkIjoiMiIsIk9yZ2FuaXphdGlvbkxvZ28iOiIvdXBsb2Fkcy9vcmctbG9nb3Mvb3JnLWxvZ28tNTg3M2M0NzVkOTFkNGJiZDkwNDZkZWVjNjY3ZDEzNmMuanBnIiwibmJmIjoxNzc1NjI5OTc0LCJleHAiOjE3NzU3MTYzNzQsImlhdCI6MTc3NTYyOTk3NCwiaXNzIjoiUHJvRGVzWC1CYWNrZW5kIiwiYXVkIjoiUHJvRGVzWC1Gcm9udGVuZCJ9.igbT3pLpIiahwfTYCSUnLfgWrpW2xHWNEZnnwNqmD4o - 101 null null 125962.1543ms
2026-04-08 13:09:19.361 [INF] Microsoft.AspNetCore.Hosting.Diagnostics | Request finished HTTP/1.1 GET http://localhost:5217/hubs/salarysettings?id=L_Xi-Uc2FOdnY5Z-I2R4Tg&access_token=eyJhbGciOiJIUzI1NiIsInR5cCI6IkpXVCJ9.eyJuYW1laWQiOiIxOCIsInVuaXF1ZV9uYW1lIjoidmFzYW50aGFrdW1hciIsImVtYWlsIjoidmFzYW50aDIwMDR2a0BnbWFpbC5jb20iLCJyb2xlIjoiU3VwZXJBZG1pbiIsIk9yZ2FuaXphdGlvbklkIjoiMiIsIk9yZ2FuaXphdGlvbkxvZ28iOiIvdXBsb2Fkcy9vcmctbG9nb3Mvb3JnLWxvZ28tNTg3M2M0NzVkOTFkNGJiZDkwNDZkZWVjNjY3ZDEzNmMuanBnIiwibmJmIjoxNzc1NjI5OTc0LCJleHAiOjE3NzU3MTYzNzQsImlhdCI6MTc3NTYyOTk3NCwiaXNzIjoiUHJvRGVzWC1CYWNrZW5kIiwiYXVkIjoiUHJvRGVzWC1Gcm9udGVuZCJ9.igbT3pLpIiahwfTYCSUnLfgWrpW2xHWNEZnnwNqmD4o - 101 null null 125922.3134ms
2026-04-08 13:09:19.361 [INF] Microsoft.AspNetCore.Routing.EndpointMiddleware | Executed endpoint '/hubs/salaryyears'
2026-04-08 13:09:19.361 [INF] Serilog.AspNetCore.RequestLoggingMiddleware | HTTP GET /hubs/salaryyears → 101 (125949.7ms)
2026-04-08 13:09:19.362 [INF] Microsoft.AspNetCore.Hosting.Diagnostics | Request finished HTTP/1.1 GET http://localhost:5217/hubs/salaryyears?id=Bek4k4xthEXTFnaNUjb6Zg&access_token=eyJhbGciOiJIUzI1NiIsInR5cCI6IkpXVCJ9.eyJuYW1laWQiOiIxOCIsInVuaXF1ZV9uYW1lIjoidmFzYW50aGFrdW1hciIsImVtYWlsIjoidmFzYW50aDIwMDR2a0BnbWFpbC5jb20iLCJyb2xlIjoiU3VwZXJBZG1pbiIsIk9yZ2FuaXphdGlvbklkIjoiMiIsIk9yZ2FuaXphdGlvbkxvZ28iOiIvdXBsb2Fkcy9vcmctbG9nb3Mvb3JnLWxvZ28tNTg3M2M0NzVkOTFkNGJiZDkwNDZkZWVjNjY3ZDEzNmMuanBnIiwibmJmIjoxNzc1NjI5OTc0LCJleHAiOjE3NzU3MTYzNzQsImlhdCI6MTc3NTYyOTk3NCwiaXNzIjoiUHJvRGVzWC1CYWNrZW5kIiwiYXVkIjoiUHJvRGVzWC1Gcm9udGVuZCJ9.igbT3pLpIiahwfTYCSUnLfgWrpW2xHWNEZnnwNqmD4o - 101 null null 125949.9631ms
2026-04-08 13:09:19.362 [INF] Microsoft.AspNetCore.Routing.EndpointMiddleware | Executed endpoint '/hubs/employees'
2026-04-08 13:09:19.362 [INF] Serilog.AspNetCore.RequestLoggingMiddleware | HTTP GET /hubs/employees → 101 (125891.5ms)
2026-04-08 13:09:19.362 [INF] Microsoft.AspNetCore.Hosting.Diagnostics | Request finished HTTP/1.1 GET http://localhost:5217/hubs/employees?id=jxXLFuLBGnYHUEkWosCAeQ&access_token=eyJhbGciOiJIUzI1NiIsInR5cCI6IkpXVCJ9.eyJuYW1laWQiOiIxOCIsInVuaXF1ZV9uYW1lIjoidmFzYW50aGFrdW1hciIsImVtYWlsIjoidmFzYW50aDIwMDR2a0BnbWFpbC5jb20iLCJyb2xlIjoiU3VwZXJBZG1pbiIsIk9yZ2FuaXphdGlvbklkIjoiMiIsIk9yZ2FuaXphdGlvbkxvZ28iOiIvdXBsb2Fkcy9vcmctbG9nb3Mvb3JnLWxvZ28tNTg3M2M0NzVkOTFkNGJiZDkwNDZkZWVjNjY3ZDEzNmMuanBnIiwibmJmIjoxNzc1NjI5OTc0LCJleHAiOjE3NzU3MTYzNzQsImlhdCI6MTc3NTYyOTk3NCwiaXNzIjoiUHJvRGVzWC1CYWNrZW5kIiwiYXVkIjoiUHJvRGVzWC1Gcm9udGVuZCJ9.igbT3pLpIiahwfTYCSUnLfgWrpW2xHWNEZnnwNqmD4o - 101 null null 125891.7562ms
2026-04-08 13:09:19.362 [INF] Microsoft.AspNetCore.Routing.EndpointMiddleware | Executed endpoint '/hubs/employees'
2026-04-08 13:09:19.362 [INF] Serilog.AspNetCore.RequestLoggingMiddleware | HTTP GET /hubs/employees → 101 (125907.4ms)
2026-04-08 13:09:19.362 [INF] Microsoft.AspNetCore.Hosting.Diagnostics | Request finished HTTP/1.1 GET http://localhost:5217/hubs/employees?id=rFfsRDDyjlk11DsXIfOAkQ&access_token=eyJhbGciOiJIUzI1NiIsInR5cCI6IkpXVCJ9.eyJuYW1laWQiOiIxOCIsInVuaXF1ZV9uYW1lIjoidmFzYW50aGFrdW1hciIsImVtYWlsIjoidmFzYW50aDIwMDR2a0BnbWFpbC5jb20iLCJyb2xlIjoiU3VwZXJBZG1pbiIsIk9yZ2FuaXphdGlvbklkIjoiMiIsIk9yZ2FuaXphdGlvbkxvZ28iOiIvdXBsb2Fkcy9vcmctbG9nb3Mvb3JnLWxvZ28tNTg3M2M0NzVkOTFkNGJiZDkwNDZkZWVjNjY3ZDEzNmMuanBnIiwibmJmIjoxNzc1NjI5OTc0LCJleHAiOjE3NzU3MTYzNzQsImlhdCI6MTc3NTYyOTk3NCwiaXNzIjoiUHJvRGVzWC1CYWNrZW5kIiwiYXVkIjoiUHJvRGVzWC1Gcm9udGVuZCJ9.igbT3pLpIiahwfTYCSUnLfgWrpW2xHWNEZnnwNqmD4o - 101 null null 125907.6813ms
2026-04-08 13:09:19.361 [INF] Serilog.AspNetCore.RequestLoggingMiddleware | HTTP GET /hubs/salarysettings → 101 (125975.5ms)
2026-04-08 13:09:19.362 [INF] Microsoft.AspNetCore.Hosting.Diagnostics | Request finished HTTP/1.1 GET http://localhost:5217/hubs/salarysettings?id=fGkcN1DQEvuxoylOpkPeVA&access_token=eyJhbGciOiJIUzI1NiIsInR5cCI6IkpXVCJ9.eyJuYW1laWQiOiIxOCIsInVuaXF1ZV9uYW1lIjoidmFzYW50aGFrdW1hciIsImVtYWlsIjoidmFzYW50aDIwMDR2a0BnbWFpbC5jb20iLCJyb2xlIjoiU3VwZXJBZG1pbiIsIk9yZ2FuaXphdGlvbklkIjoiMiIsIk9yZ2FuaXphdGlvbkxvZ28iOiIvdXBsb2Fkcy9vcmctbG9nb3Mvb3JnLWxvZ28tNTg3M2M0NzVkOTFkNGJiZDkwNDZkZWVjNjY3ZDEzNmMuanBnIiwibmJmIjoxNzc1NjI5OTc0LCJleHAiOjE3NzU3MTYzNzQsImlhdCI6MTc3NTYyOTk3NCwiaXNzIjoiUHJvRGVzWC1CYWNrZW5kIiwiYXVkIjoiUHJvRGVzWC1Gcm9udGVuZCJ9.igbT3pLpIiahwfTYCSUnLfgWrpW2xHWNEZnnwNqmD4o - 101 null null 125976.2839ms
2026-04-08 13:09:19.378 [INF] Microsoft.AspNetCore.Hosting.Diagnostics | Request starting HTTP/1.1 OPTIONS http://localhost:5217/hubs/salaryyears/negotiate?negotiateVersion=1 - null null
2026-04-08 13:09:19.378 [INF] Microsoft.AspNetCore.Cors.Infrastructure.CorsService | CORS policy execution successful.
2026-04-08 13:09:19.378 [INF] Microsoft.AspNetCore.Hosting.Diagnostics | Request finished HTTP/1.1 OPTIONS http://localhost:5217/hubs/salaryyears/negotiate?negotiateVersion=1 - 204 null null 0.2228ms
2026-04-08 13:09:19.380 [INF] Microsoft.AspNetCore.Hosting.Diagnostics | Request starting HTTP/1.1 POST http://localhost:5217/hubs/salaryyears/negotiate?negotiateVersion=1 - text/plain;charset=UTF-8 0
2026-04-08 13:09:19.380 [INF] Microsoft.AspNetCore.Cors.Infrastructure.CorsService | CORS policy execution successful.
2026-04-08 13:09:19.380 [INF] Microsoft.AspNetCore.Routing.EndpointMiddleware | Executing endpoint '/hubs/salaryyears/negotiate'
2026-04-08 13:09:19.380 [INF] Microsoft.AspNetCore.Routing.EndpointMiddleware | Executed endpoint '/hubs/salaryyears/negotiate'
2026-04-08 13:09:19.380 [INF] Serilog.AspNetCore.RequestLoggingMiddleware | HTTP POST /hubs/salaryyears/negotiate → 200 (0.2ms)
2026-04-08 13:09:19.380 [INF] Microsoft.AspNetCore.Hosting.Diagnostics | Request finished HTTP/1.1 POST http://localhost:5217/hubs/salaryyears/negotiate?negotiateVersion=1 - 200 316 application/json 0.5808ms
2026-04-08 13:09:19.381 [INF] Microsoft.AspNetCore.Hosting.Diagnostics | Request starting HTTP/1.1 OPTIONS http://localhost:5217/hubs/salarysettings/negotiate?negotiateVersion=1 - null null
2026-04-08 13:09:19.381 [INF] Microsoft.AspNetCore.Cors.Infrastructure.CorsService | CORS policy execution successful.
2026-04-08 13:09:19.381 [INF] Microsoft.AspNetCore.Hosting.Diagnostics | Request finished HTTP/1.1 OPTIONS http://localhost:5217/hubs/salarysettings/negotiate?negotiateVersion=1 - 204 null null 0.1807ms
2026-04-08 13:09:19.382 [INF] Microsoft.AspNetCore.Hosting.Diagnostics | Request starting HTTP/1.1 POST http://localhost:5217/hubs/salarysettings/negotiate?negotiateVersion=1 - text/plain;charset=UTF-8 0
2026-04-08 13:09:19.382 [INF] Microsoft.AspNetCore.Cors.Infrastructure.CorsService | CORS policy execution successful.
2026-04-08 13:09:19.382 [INF] Microsoft.AspNetCore.Routing.EndpointMiddleware | Executing endpoint '/hubs/salarysettings/negotiate'
2026-04-08 13:09:19.382 [INF] Microsoft.AspNetCore.Routing.EndpointMiddleware | Executed endpoint '/hubs/salarysettings/negotiate'
2026-04-08 13:09:19.382 [INF] Serilog.AspNetCore.RequestLoggingMiddleware | HTTP POST /hubs/salarysettings/negotiate → 200 (0.1ms)
2026-04-08 13:09:19.382 [INF] Microsoft.AspNetCore.Hosting.Diagnostics | Request finished HTTP/1.1 POST http://localhost:5217/hubs/salarysettings/negotiate?negotiateVersion=1 - 200 316 application/json 0.3396ms
2026-04-08 13:09:19.389 [INF] Microsoft.AspNetCore.Hosting.Diagnostics | Request starting HTTP/1.1 POST http://localhost:5217/hubs/salarysettings/negotiate?negotiateVersion=1 - text/plain;charset=UTF-8 0
2026-04-08 13:09:19.390 [INF] Microsoft.AspNetCore.Cors.Infrastructure.CorsService | CORS policy execution successful.
2026-04-08 13:09:19.390 [INF] Microsoft.AspNetCore.Routing.EndpointMiddleware | Executing endpoint '/hubs/salarysettings/negotiate'
2026-04-08 13:09:19.390 [INF] Microsoft.AspNetCore.Routing.EndpointMiddleware | Executed endpoint '/hubs/salarysettings/negotiate'
2026-04-08 13:09:19.390 [INF] Serilog.AspNetCore.RequestLoggingMiddleware | HTTP POST /hubs/salarysettings/negotiate → 200 (0.1ms)
2026-04-08 13:09:19.390 [INF] Microsoft.AspNetCore.Hosting.Diagnostics | Request finished HTTP/1.1 POST http://localhost:5217/hubs/salarysettings/negotiate?negotiateVersion=1 - 200 316 application/json 0.5542ms
2026-04-08 13:09:19.393 [INF] Microsoft.AspNetCore.Hosting.Diagnostics | Request starting HTTP/1.1 POST http://localhost:5217/hubs/salaryyears/negotiate?negotiateVersion=1 - text/plain;charset=UTF-8 0
2026-04-08 13:09:19.393 [INF] Microsoft.AspNetCore.Cors.Infrastructure.CorsService | CORS policy execution successful.
2026-04-08 13:09:19.394 [INF] Microsoft.AspNetCore.Routing.EndpointMiddleware | Executing endpoint '/hubs/salaryyears/negotiate'
2026-04-08 13:09:19.394 [INF] Microsoft.AspNetCore.Routing.EndpointMiddleware | Executed endpoint '/hubs/salaryyears/negotiate'
2026-04-08 13:09:19.394 [INF] Serilog.AspNetCore.RequestLoggingMiddleware | HTTP POST /hubs/salaryyears/negotiate → 200 (0.2ms)
2026-04-08 13:09:19.394 [INF] Microsoft.AspNetCore.Hosting.Diagnostics | Request finished HTTP/1.1 POST http://localhost:5217/hubs/salaryyears/negotiate?negotiateVersion=1 - 200 316 application/json 0.5685ms
2026-04-08 13:09:19.397 [INF] Microsoft.AspNetCore.Hosting.Diagnostics | Request starting HTTP/1.1 OPTIONS http://localhost:5217/hubs/employees/negotiate?negotiateVersion=1 - null null
2026-04-08 13:09:19.398 [INF] Microsoft.AspNetCore.Cors.Infrastructure.CorsService | CORS policy execution successful.
2026-04-08 13:09:19.398 [INF] Microsoft.AspNetCore.Hosting.Diagnostics | Request finished HTTP/1.1 OPTIONS http://localhost:5217/hubs/employees/negotiate?negotiateVersion=1 - 204 null null 0.1927ms
2026-04-08 13:09:19.400 [INF] Microsoft.AspNetCore.Hosting.Diagnostics | Request starting HTTP/1.1 POST http://localhost:5217/hubs/employees/negotiate?negotiateVersion=1 - text/plain;charset=UTF-8 0
2026-04-08 13:09:19.400 [INF] Microsoft.AspNetCore.Cors.Infrastructure.CorsService | CORS policy execution successful.
2026-04-08 13:09:19.401 [INF] Microsoft.AspNetCore.Routing.EndpointMiddleware | Executing endpoint '/hubs/employees/negotiate'
2026-04-08 13:09:19.401 [INF] Microsoft.AspNetCore.Routing.EndpointMiddleware | Executed endpoint '/hubs/employees/negotiate'
2026-04-08 13:09:19.401 [INF] Serilog.AspNetCore.RequestLoggingMiddleware | HTTP POST /hubs/employees/negotiate → 200 (0.2ms)
2026-04-08 13:09:19.401 [INF] Microsoft.AspNetCore.Hosting.Diagnostics | Request finished HTTP/1.1 POST http://localhost:5217/hubs/employees/negotiate?negotiateVersion=1 - 200 316 application/json 1.0183ms
2026-04-08 13:09:19.402 [INF] Microsoft.AspNetCore.Hosting.Diagnostics | Request starting HTTP/1.1 POST http://localhost:5217/hubs/employees/negotiate?negotiateVersion=1 - text/plain;charset=UTF-8 0
2026-04-08 13:09:19.403 [INF] Microsoft.AspNetCore.Cors.Infrastructure.CorsService | CORS policy execution successful.
2026-04-08 13:09:19.403 [INF] Microsoft.AspNetCore.Routing.EndpointMiddleware | Executing endpoint '/hubs/employees/negotiate'
2026-04-08 13:09:19.403 [INF] Microsoft.AspNetCore.Routing.EndpointMiddleware | Executed endpoint '/hubs/employees/negotiate'
2026-04-08 13:09:19.403 [INF] Serilog.AspNetCore.RequestLoggingMiddleware | HTTP POST /hubs/employees/negotiate → 200 (0.2ms)
2026-04-08 13:09:19.403 [INF] Microsoft.AspNetCore.Hosting.Diagnostics | Request finished HTTP/1.1 POST http://localhost:5217/hubs/employees/negotiate?negotiateVersion=1 - 200 316 application/json 0.7736ms
2026-04-08 13:09:19.414 [INF] Microsoft.AspNetCore.Hosting.Diagnostics | Request starting HTTP/1.1 GET http://localhost:5217/hubs/salaryyears?id=fh8zy7wFII4L5Mz4S-Poyg&access_token=eyJhbGciOiJIUzI1NiIsInR5cCI6IkpXVCJ9.eyJuYW1laWQiOiIxOCIsInVuaXF1ZV9uYW1lIjoidmFzYW50aGFrdW1hciIsImVtYWlsIjoidmFzYW50aDIwMDR2a0BnbWFpbC5jb20iLCJyb2xlIjoiU3VwZXJBZG1pbiIsIk9yZ2FuaXphdGlvbklkIjoiMiIsIk9yZ2FuaXphdGlvbkxvZ28iOiIvdXBsb2Fkcy9vcmctbG9nb3Mvb3JnLWxvZ28tNTg3M2M0NzVkOTFkNGJiZDkwNDZkZWVjNjY3ZDEzNmMuanBnIiwibmJmIjoxNzc1NjI5OTc0LCJleHAiOjE3NzU3MTYzNzQsImlhdCI6MTc3NTYyOTk3NCwiaXNzIjoiUHJvRGVzWC1CYWNrZW5kIiwiYXVkIjoiUHJvRGVzWC1Gcm9udGVuZCJ9.igbT3pLpIiahwfTYCSUnLfgWrpW2xHWNEZnnwNqmD4o - null null
2026-04-08 13:09:19.414 [INF] Microsoft.AspNetCore.Cors.Infrastructure.CorsService | CORS policy execution successful.
2026-04-08 13:09:19.415 [INF] Microsoft.AspNetCore.Routing.EndpointMiddleware | Executing endpoint '/hubs/salaryyears'
2026-04-08 13:09:19.432 [INF] Microsoft.AspNetCore.Hosting.Diagnostics | Request starting HTTP/1.1 GET http://localhost:5217/hubs/salarysettings?id=oQBZ29jnREpdKyDVpK3uSQ&access_token=eyJhbGciOiJIUzI1NiIsInR5cCI6IkpXVCJ9.eyJuYW1laWQiOiIxOCIsInVuaXF1ZV9uYW1lIjoidmFzYW50aGFrdW1hciIsImVtYWlsIjoidmFzYW50aDIwMDR2a0BnbWFpbC5jb20iLCJyb2xlIjoiU3VwZXJBZG1pbiIsIk9yZ2FuaXphdGlvbklkIjoiMiIsIk9yZ2FuaXphdGlvbkxvZ28iOiIvdXBsb2Fkcy9vcmctbG9nb3Mvb3JnLWxvZ28tNTg3M2M0NzVkOTFkNGJiZDkwNDZkZWVjNjY3ZDEzNmMuanBnIiwibmJmIjoxNzc1NjI5OTc0LCJleHAiOjE3NzU3MTYzNzQsImlhdCI6MTc3NTYyOTk3NCwiaXNzIjoiUHJvRGVzWC1CYWNrZW5kIiwiYXVkIjoiUHJvRGVzWC1Gcm9udGVuZCJ9.igbT3pLpIiahwfTYCSUnLfgWrpW2xHWNEZnnwNqmD4o - null null
2026-04-08 13:09:19.432 [INF] Microsoft.AspNetCore.Cors.Infrastructure.CorsService | CORS policy execution successful.
2026-04-08 13:09:19.432 [INF] Microsoft.AspNetCore.Routing.EndpointMiddleware | Executing endpoint '/hubs/salarysettings'
2026-04-08 13:09:19.455 [INF] Microsoft.AspNetCore.Hosting.Diagnostics | Request starting HTTP/1.1 GET http://localhost:5217/hubs/salarysettings?id=BN_1aHrNhFnGcRQ2N5z5kQ&access_token=eyJhbGciOiJIUzI1NiIsInR5cCI6IkpXVCJ9.eyJuYW1laWQiOiIxOCIsInVuaXF1ZV9uYW1lIjoidmFzYW50aGFrdW1hciIsImVtYWlsIjoidmFzYW50aDIwMDR2a0BnbWFpbC5jb20iLCJyb2xlIjoiU3VwZXJBZG1pbiIsIk9yZ2FuaXphdGlvbklkIjoiMiIsIk9yZ2FuaXphdGlvbkxvZ28iOiIvdXBsb2Fkcy9vcmctbG9nb3Mvb3JnLWxvZ28tNTg3M2M0NzVkOTFkNGJiZDkwNDZkZWVjNjY3ZDEzNmMuanBnIiwibmJmIjoxNzc1NjI5OTc0LCJleHAiOjE3NzU3MTYzNzQsImlhdCI6MTc3NTYyOTk3NCwiaXNzIjoiUHJvRGVzWC1CYWNrZW5kIiwiYXVkIjoiUHJvRGVzWC1Gcm9udGVuZCJ9.igbT3pLpIiahwfTYCSUnLfgWrpW2xHWNEZnnwNqmD4o - null null
2026-04-08 13:09:19.455 [INF] Microsoft.AspNetCore.Cors.Infrastructure.CorsService | CORS policy execution successful.
2026-04-08 13:09:19.455 [INF] Microsoft.AspNetCore.Routing.EndpointMiddleware | Executing endpoint '/hubs/salarysettings'
2026-04-08 13:09:19.474 [INF] Microsoft.AspNetCore.Hosting.Diagnostics | Request starting HTTP/1.1 GET http://localhost:5217/hubs/salaryyears?id=N5l3O_0PGCpdHyTXgQM5pQ&access_token=eyJhbGciOiJIUzI1NiIsInR5cCI6IkpXVCJ9.eyJuYW1laWQiOiIxOCIsInVuaXF1ZV9uYW1lIjoidmFzYW50aGFrdW1hciIsImVtYWlsIjoidmFzYW50aDIwMDR2a0BnbWFpbC5jb20iLCJyb2xlIjoiU3VwZXJBZG1pbiIsIk9yZ2FuaXphdGlvbklkIjoiMiIsIk9yZ2FuaXphdGlvbkxvZ28iOiIvdXBsb2Fkcy9vcmctbG9nb3Mvb3JnLWxvZ28tNTg3M2M0NzVkOTFkNGJiZDkwNDZkZWVjNjY3ZDEzNmMuanBnIiwibmJmIjoxNzc1NjI5OTc0LCJleHAiOjE3NzU3MTYzNzQsImlhdCI6MTc3NTYyOTk3NCwiaXNzIjoiUHJvRGVzWC1CYWNrZW5kIiwiYXVkIjoiUHJvRGVzWC1Gcm9udGVuZCJ9.igbT3pLpIiahwfTYCSUnLfgWrpW2xHWNEZnnwNqmD4o - null null
2026-04-08 13:09:19.474 [INF] Microsoft.AspNetCore.Cors.Infrastructure.CorsService | CORS policy execution successful.
2026-04-08 13:09:19.474 [INF] Microsoft.AspNetCore.Routing.EndpointMiddleware | Executing endpoint '/hubs/salaryyears'
2026-04-08 13:09:19.487 [INF] Microsoft.AspNetCore.Hosting.Diagnostics | Request starting HTTP/1.1 GET http://localhost:5217/hubs/employees?id=cjB_eaUxkgWwpuOu2B4I1A&access_token=eyJhbGciOiJIUzI1NiIsInR5cCI6IkpXVCJ9.eyJuYW1laWQiOiIxOCIsInVuaXF1ZV9uYW1lIjoidmFzYW50aGFrdW1hciIsImVtYWlsIjoidmFzYW50aDIwMDR2a0BnbWFpbC5jb20iLCJyb2xlIjoiU3VwZXJBZG1pbiIsIk9yZ2FuaXphdGlvbklkIjoiMiIsIk9yZ2FuaXphdGlvbkxvZ28iOiIvdXBsb2Fkcy9vcmctbG9nb3Mvb3JnLWxvZ28tNTg3M2M0NzVkOTFkNGJiZDkwNDZkZWVjNjY3ZDEzNmMuanBnIiwibmJmIjoxNzc1NjI5OTc0LCJleHAiOjE3NzU3MTYzNzQsImlhdCI6MTc3NTYyOTk3NCwiaXNzIjoiUHJvRGVzWC1CYWNrZW5kIiwiYXVkIjoiUHJvRGVzWC1Gcm9udGVuZCJ9.igbT3pLpIiahwfTYCSUnLfgWrpW2xHWNEZnnwNqmD4o - null null
2026-04-08 13:09:19.487 [INF] Microsoft.AspNetCore.Cors.Infrastructure.CorsService | CORS policy execution successful.
2026-04-08 13:09:19.487 [INF] Microsoft.AspNetCore.Routing.EndpointMiddleware | Executing endpoint '/hubs/employees'
2026-04-08 13:09:19.499 [INF] Microsoft.AspNetCore.Hosting.Diagnostics | Request starting HTTP/1.1 GET http://localhost:5217/hubs/employees?id=OYkBx4GdtSrVka6WFnQ_5Q&access_token=eyJhbGciOiJIUzI1NiIsInR5cCI6IkpXVCJ9.eyJuYW1laWQiOiIxOCIsInVuaXF1ZV9uYW1lIjoidmFzYW50aGFrdW1hciIsImVtYWlsIjoidmFzYW50aDIwMDR2a0BnbWFpbC5jb20iLCJyb2xlIjoiU3VwZXJBZG1pbiIsIk9yZ2FuaXphdGlvbklkIjoiMiIsIk9yZ2FuaXphdGlvbkxvZ28iOiIvdXBsb2Fkcy9vcmctbG9nb3Mvb3JnLWxvZ28tNTg3M2M0NzVkOTFkNGJiZDkwNDZkZWVjNjY3ZDEzNmMuanBnIiwibmJmIjoxNzc1NjI5OTc0LCJleHAiOjE3NzU3MTYzNzQsImlhdCI6MTc3NTYyOTk3NCwiaXNzIjoiUHJvRGVzWC1CYWNrZW5kIiwiYXVkIjoiUHJvRGVzWC1Gcm9udGVuZCJ9.igbT3pLpIiahwfTYCSUnLfgWrpW2xHWNEZnnwNqmD4o - null null
2026-04-08 13:09:19.499 [INF] Microsoft.AspNetCore.Cors.Infrastructure.CorsService | CORS policy execution successful.
2026-04-08 13:09:19.500 [INF] Microsoft.AspNetCore.Routing.EndpointMiddleware | Executing endpoint '/hubs/employees'
2026-04-08 13:11:25.357 [INF] Microsoft.AspNetCore.Routing.EndpointMiddleware | Executed endpoint '/hubs/salaryyears'
2026-04-08 13:11:25.357 [INF] Microsoft.AspNetCore.Routing.EndpointMiddleware | Executed endpoint '/hubs/salarysettings'
2026-04-08 13:11:25.357 [INF] Serilog.AspNetCore.RequestLoggingMiddleware | HTTP GET /hubs/salaryyears → 101 (125942.5ms)
2026-04-08 13:11:25.358 [INF] Microsoft.AspNetCore.Routing.EndpointMiddleware | Executed endpoint '/hubs/employees'
2026-04-08 13:11:25.358 [INF] Serilog.AspNetCore.RequestLoggingMiddleware | HTTP GET /hubs/salarysettings → 101 (125902.1ms)
2026-04-08 13:11:25.357 [INF] Microsoft.AspNetCore.Routing.EndpointMiddleware | Executed endpoint '/hubs/salaryyears'
2026-04-08 13:11:25.358 [INF] Microsoft.AspNetCore.Hosting.Diagnostics | Request finished HTTP/1.1 GET http://localhost:5217/hubs/salarysettings?id=BN_1aHrNhFnGcRQ2N5z5kQ&access_token=eyJhbGciOiJIUzI1NiIsInR5cCI6IkpXVCJ9.eyJuYW1laWQiOiIxOCIsInVuaXF1ZV9uYW1lIjoidmFzYW50aGFrdW1hciIsImVtYWlsIjoidmFzYW50aDIwMDR2a0BnbWFpbC5jb20iLCJyb2xlIjoiU3VwZXJBZG1pbiIsIk9yZ2FuaXphdGlvbklkIjoiMiIsIk9yZ2FuaXphdGlvbkxvZ28iOiIvdXBsb2Fkcy9vcmctbG9nb3Mvb3JnLWxvZ28tNTg3M2M0NzVkOTFkNGJiZDkwNDZkZWVjNjY3ZDEzNmMuanBnIiwibmJmIjoxNzc1NjI5OTc0LCJleHAiOjE3NzU3MTYzNzQsImlhdCI6MTc3NTYyOTk3NCwiaXNzIjoiUHJvRGVzWC1CYWNrZW5kIiwiYXVkIjoiUHJvRGVzWC1Gcm9udGVuZCJ9.igbT3pLpIiahwfTYCSUnLfgWrpW2xHWNEZnnwNqmD4o - 101 null null 125902.461ms
2026-04-08 13:11:25.358 [INF] Serilog.AspNetCore.RequestLoggingMiddleware | HTTP GET /hubs/salaryyears → 101 (125883.3ms)
2026-04-08 13:11:25.357 [INF] Microsoft.AspNetCore.Routing.EndpointMiddleware | Executed endpoint '/hubs/employees'
2026-04-08 13:11:25.358 [INF] Microsoft.AspNetCore.Hosting.Diagnostics | Request finished HTTP/1.1 GET http://localhost:5217/hubs/salaryyears?id=fh8zy7wFII4L5Mz4S-Poyg&access_token=eyJhbGciOiJIUzI1NiIsInR5cCI6IkpXVCJ9.eyJuYW1laWQiOiIxOCIsInVuaXF1ZV9uYW1lIjoidmFzYW50aGFrdW1hciIsImVtYWlsIjoidmFzYW50aDIwMDR2a0BnbWFpbC5jb20iLCJyb2xlIjoiU3VwZXJBZG1pbiIsIk9yZ2FuaXphdGlvbklkIjoiMiIsIk9yZ2FuaXphdGlvbkxvZ28iOiIvdXBsb2Fkcy9vcmctbG9nb3Mvb3JnLWxvZ28tNTg3M2M0NzVkOTFkNGJiZDkwNDZkZWVjNjY3ZDEzNmMuanBnIiwibmJmIjoxNzc1NjI5OTc0LCJleHAiOjE3NzU3MTYzNzQsImlhdCI6MTc3NTYyOTk3NCwiaXNzIjoiUHJvRGVzWC1CYWNrZW5kIiwiYXVkIjoiUHJvRGVzWC1Gcm9udGVuZCJ9.igbT3pLpIiahwfTYCSUnLfgWrpW2xHWNEZnnwNqmD4o - 101 null null 125943.3236ms
2026-04-08 13:11:25.358 [INF] Serilog.AspNetCore.RequestLoggingMiddleware | HTTP GET /hubs/employees → 101 (125858.0ms)
2026-04-08 13:11:25.358 [INF] Microsoft.AspNetCore.Hosting.Diagnostics | Request finished HTTP/1.1 GET http://localhost:5217/hubs/salaryyears?id=N5l3O_0PGCpdHyTXgQM5pQ&access_token=eyJhbGciOiJIUzI1NiIsInR5cCI6IkpXVCJ9.eyJuYW1laWQiOiIxOCIsInVuaXF1ZV9uYW1lIjoidmFzYW50aGFrdW1hciIsImVtYWlsIjoidmFzYW50aDIwMDR2a0BnbWFpbC5jb20iLCJyb2xlIjoiU3VwZXJBZG1pbiIsIk9yZ2FuaXphdGlvbklkIjoiMiIsIk9yZ2FuaXphdGlvbkxvZ28iOiIvdXBsb2Fkcy9vcmctbG9nb3Mvb3JnLWxvZ28tNTg3M2M0NzVkOTFkNGJiZDkwNDZkZWVjNjY3ZDEzNmMuanBnIiwibmJmIjoxNzc1NjI5OTc0LCJleHAiOjE3NzU3MTYzNzQsImlhdCI6MTc3NTYyOTk3NCwiaXNzIjoiUHJvRGVzWC1CYWNrZW5kIiwiYXVkIjoiUHJvRGVzWC1Gcm9udGVuZCJ9.igbT3pLpIiahwfTYCSUnLfgWrpW2xHWNEZnnwNqmD4o - 101 null null 125883.5946ms
2026-04-08 13:11:25.358 [INF] Microsoft.AspNetCore.Hosting.Diagnostics | Request finished HTTP/1.1 GET http://localhost:5217/hubs/employees?id=OYkBx4GdtSrVka6WFnQ_5Q&access_token=eyJhbGciOiJIUzI1NiIsInR5cCI6IkpXVCJ9.eyJuYW1laWQiOiIxOCIsInVuaXF1ZV9uYW1lIjoidmFzYW50aGFrdW1hciIsImVtYWlsIjoidmFzYW50aDIwMDR2a0BnbWFpbC5jb20iLCJyb2xlIjoiU3VwZXJBZG1pbiIsIk9yZ2FuaXphdGlvbklkIjoiMiIsIk9yZ2FuaXphdGlvbkxvZ28iOiIvdXBsb2Fkcy9vcmctbG9nb3Mvb3JnLWxvZ28tNTg3M2M0NzVkOTFkNGJiZDkwNDZkZWVjNjY3ZDEzNmMuanBnIiwibmJmIjoxNzc1NjI5OTc0LCJleHAiOjE3NzU3MTYzNzQsImlhdCI6MTc3NTYyOTk3NCwiaXNzIjoiUHJvRGVzWC1CYWNrZW5kIiwiYXVkIjoiUHJvRGVzWC1Gcm9udGVuZCJ9.igbT3pLpIiahwfTYCSUnLfgWrpW2xHWNEZnnwNqmD4o - 101 null null 125858.5108ms
2026-04-08 13:11:25.358 [INF] Serilog.AspNetCore.RequestLoggingMiddleware | HTTP GET /hubs/employees → 101 (125870.9ms)
2026-04-08 13:11:25.358 [INF] Microsoft.AspNetCore.Hosting.Diagnostics | Request finished HTTP/1.1 GET http://localhost:5217/hubs/employees?id=cjB_eaUxkgWwpuOu2B4I1A&access_token=eyJhbGciOiJIUzI1NiIsInR5cCI6IkpXVCJ9.eyJuYW1laWQiOiIxOCIsInVuaXF1ZV9uYW1lIjoidmFzYW50aGFrdW1hciIsImVtYWlsIjoidmFzYW50aDIwMDR2a0BnbWFpbC5jb20iLCJyb2xlIjoiU3VwZXJBZG1pbiIsIk9yZ2FuaXphdGlvbklkIjoiMiIsIk9yZ2FuaXphdGlvbkxvZ28iOiIvdXBsb2Fkcy9vcmctbG9nb3Mvb3JnLWxvZ28tNTg3M2M0NzVkOTFkNGJiZDkwNDZkZWVjNjY3ZDEzNmMuanBnIiwibmJmIjoxNzc1NjI5OTc0LCJleHAiOjE3NzU3MTYzNzQsImlhdCI6MTc3NTYyOTk3NCwiaXNzIjoiUHJvRGVzWC1CYWNrZW5kIiwiYXVkIjoiUHJvRGVzWC1Gcm9udGVuZCJ9.igbT3pLpIiahwfTYCSUnLfgWrpW2xHWNEZnnwNqmD4o - 101 null null 125871.4713ms
2026-04-08 13:11:25.358 [INF] Microsoft.AspNetCore.Routing.EndpointMiddleware | Executed endpoint '/hubs/salarysettings'
2026-04-08 13:11:25.358 [INF] Serilog.AspNetCore.RequestLoggingMiddleware | HTTP GET /hubs/salarysettings → 101 (125926.4ms)
2026-04-08 13:11:25.358 [INF] Microsoft.AspNetCore.Hosting.Diagnostics | Request finished HTTP/1.1 GET http://localhost:5217/hubs/salarysettings?id=oQBZ29jnREpdKyDVpK3uSQ&access_token=eyJhbGciOiJIUzI1NiIsInR5cCI6IkpXVCJ9.eyJuYW1laWQiOiIxOCIsInVuaXF1ZV9uYW1lIjoidmFzYW50aGFrdW1hciIsImVtYWlsIjoidmFzYW50aDIwMDR2a0BnbWFpbC5jb20iLCJyb2xlIjoiU3VwZXJBZG1pbiIsIk9yZ2FuaXphdGlvbklkIjoiMiIsIk9yZ2FuaXphdGlvbkxvZ28iOiIvdXBsb2Fkcy9vcmctbG9nb3Mvb3JnLWxvZ28tNTg3M2M0NzVkOTFkNGJiZDkwNDZkZWVjNjY3ZDEzNmMuanBnIiwibmJmIjoxNzc1NjI5OTc0LCJleHAiOjE3NzU3MTYzNzQsImlhdCI6MTc3NTYyOTk3NCwiaXNzIjoiUHJvRGVzWC1CYWNrZW5kIiwiYXVkIjoiUHJvRGVzWC1Gcm9udGVuZCJ9.igbT3pLpIiahwfTYCSUnLfgWrpW2xHWNEZnnwNqmD4o - 101 null null 125926.9213ms
2026-04-08 13:11:25.436 [INF] Microsoft.AspNetCore.Hosting.Diagnostics | Request starting HTTP/1.1 OPTIONS http://localhost:5217/hubs/salaryyears/negotiate?negotiateVersion=1 - null null
2026-04-08 13:11:25.436 [INF] Microsoft.AspNetCore.Cors.Infrastructure.CorsService | CORS policy execution successful.
2026-04-08 13:11:25.436 [INF] Microsoft.AspNetCore.Hosting.Diagnostics | Request finished HTTP/1.1 OPTIONS http://localhost:5217/hubs/salaryyears/negotiate?negotiateVersion=1 - 204 null null 0.25ms
2026-04-08 13:11:25.437 [INF] Microsoft.AspNetCore.Hosting.Diagnostics | Request starting HTTP/1.1 POST http://localhost:5217/hubs/salaryyears/negotiate?negotiateVersion=1 - text/plain;charset=UTF-8 0
2026-04-08 13:11:25.438 [INF] Microsoft.AspNetCore.Cors.Infrastructure.CorsService | CORS policy execution successful.
2026-04-08 13:11:25.438 [INF] Microsoft.AspNetCore.Routing.EndpointMiddleware | Executing endpoint '/hubs/salaryyears/negotiate'
2026-04-08 13:11:25.438 [INF] Microsoft.AspNetCore.Routing.EndpointMiddleware | Executed endpoint '/hubs/salaryyears/negotiate'
2026-04-08 13:11:25.438 [INF] Serilog.AspNetCore.RequestLoggingMiddleware | HTTP POST /hubs/salaryyears/negotiate → 200 (0.1ms)
2026-04-08 13:11:25.438 [INF] Microsoft.AspNetCore.Hosting.Diagnostics | Request finished HTTP/1.1 POST http://localhost:5217/hubs/salaryyears/negotiate?negotiateVersion=1 - 200 316 application/json 0.6707ms
2026-04-08 13:11:25.441 [INF] Microsoft.AspNetCore.Hosting.Diagnostics | Request starting HTTP/1.1 OPTIONS http://localhost:5217/hubs/employees/negotiate?negotiateVersion=1 - null null
2026-04-08 13:11:25.441 [INF] Microsoft.AspNetCore.Cors.Infrastructure.CorsService | CORS policy execution successful.
2026-04-08 13:11:25.441 [INF] Microsoft.AspNetCore.Hosting.Diagnostics | Request finished HTTP/1.1 OPTIONS http://localhost:5217/hubs/employees/negotiate?negotiateVersion=1 - 204 null null 0.3134ms
2026-04-08 13:11:25.443 [INF] Microsoft.AspNetCore.Hosting.Diagnostics | Request starting HTTP/1.1 POST http://localhost:5217/hubs/employees/negotiate?negotiateVersion=1 - text/plain;charset=UTF-8 0
2026-04-08 13:11:25.443 [INF] Microsoft.AspNetCore.Cors.Infrastructure.CorsService | CORS policy execution successful.
2026-04-08 13:11:25.443 [INF] Microsoft.AspNetCore.Routing.EndpointMiddleware | Executing endpoint '/hubs/employees/negotiate'
2026-04-08 13:11:25.443 [INF] Microsoft.AspNetCore.Routing.EndpointMiddleware | Executed endpoint '/hubs/employees/negotiate'
2026-04-08 13:11:25.443 [INF] Serilog.AspNetCore.RequestLoggingMiddleware | HTTP POST /hubs/employees/negotiate → 200 (0.1ms)
2026-04-08 13:11:25.444 [INF] Microsoft.AspNetCore.Hosting.Diagnostics | Request finished HTTP/1.1 POST http://localhost:5217/hubs/employees/negotiate?negotiateVersion=1 - 200 316 application/json 0.5265ms
2026-04-08 13:11:25.446 [INF] Microsoft.AspNetCore.Hosting.Diagnostics | Request starting HTTP/1.1 POST http://localhost:5217/hubs/salaryyears/negotiate?negotiateVersion=1 - text/plain;charset=UTF-8 0
2026-04-08 13:11:25.447 [INF] Microsoft.AspNetCore.Cors.Infrastructure.CorsService | CORS policy execution successful.
2026-04-08 13:11:25.447 [INF] Microsoft.AspNetCore.Routing.EndpointMiddleware | Executing endpoint '/hubs/salaryyears/negotiate'
2026-04-08 13:11:25.447 [INF] Microsoft.AspNetCore.Routing.EndpointMiddleware | Executed endpoint '/hubs/salaryyears/negotiate'
2026-04-08 13:11:25.447 [INF] Serilog.AspNetCore.RequestLoggingMiddleware | HTTP POST /hubs/salaryyears/negotiate → 200 (0.1ms)
2026-04-08 13:11:25.447 [INF] Microsoft.AspNetCore.Hosting.Diagnostics | Request finished HTTP/1.1 POST http://localhost:5217/hubs/salaryyears/negotiate?negotiateVersion=1 - 200 316 application/json 0.853ms
2026-04-08 13:11:25.454 [INF] Microsoft.AspNetCore.Hosting.Diagnostics | Request starting HTTP/1.1 OPTIONS http://localhost:5217/hubs/salarysettings/negotiate?negotiateVersion=1 - null null
2026-04-08 13:11:25.454 [INF] Microsoft.AspNetCore.Cors.Infrastructure.CorsService | CORS policy execution successful.
2026-04-08 13:11:25.454 [INF] Microsoft.AspNetCore.Hosting.Diagnostics | Request finished HTTP/1.1 OPTIONS http://localhost:5217/hubs/salarysettings/negotiate?negotiateVersion=1 - 204 null null 0.2343ms
2026-04-08 13:11:25.456 [INF] Microsoft.AspNetCore.Hosting.Diagnostics | Request starting HTTP/1.1 POST http://localhost:5217/hubs/salarysettings/negotiate?negotiateVersion=1 - text/plain;charset=UTF-8 0
2026-04-08 13:11:25.456 [INF] Microsoft.AspNetCore.Cors.Infrastructure.CorsService | CORS policy execution successful.
2026-04-08 13:11:25.456 [INF] Microsoft.AspNetCore.Routing.EndpointMiddleware | Executing endpoint '/hubs/salarysettings/negotiate'
2026-04-08 13:11:25.458 [INF] Microsoft.AspNetCore.Routing.EndpointMiddleware | Executed endpoint '/hubs/salarysettings/negotiate'
2026-04-08 13:11:25.460 [INF] Serilog.AspNetCore.RequestLoggingMiddleware | HTTP POST /hubs/salarysettings/negotiate → 200 (3.7ms)
2026-04-08 13:11:25.460 [INF] Microsoft.AspNetCore.Hosting.Diagnostics | Request finished HTTP/1.1 POST http://localhost:5217/hubs/salarysettings/negotiate?negotiateVersion=1 - 200 316 application/json 4.2554ms
2026-04-08 13:11:25.467 [INF] Microsoft.AspNetCore.Hosting.Diagnostics | Request starting HTTP/1.1 POST http://localhost:5217/hubs/employees/negotiate?negotiateVersion=1 - text/plain;charset=UTF-8 0
2026-04-08 13:11:25.467 [INF] Microsoft.AspNetCore.Cors.Infrastructure.CorsService | CORS policy execution successful.
2026-04-08 13:11:25.467 [INF] Microsoft.AspNetCore.Routing.EndpointMiddleware | Executing endpoint '/hubs/employees/negotiate'
2026-04-08 13:11:25.468 [INF] Microsoft.AspNetCore.Routing.EndpointMiddleware | Executed endpoint '/hubs/employees/negotiate'
2026-04-08 13:11:25.468 [INF] Serilog.AspNetCore.RequestLoggingMiddleware | HTTP POST /hubs/employees/negotiate → 200 (0.1ms)
2026-04-08 13:11:25.468 [INF] Microsoft.AspNetCore.Hosting.Diagnostics | Request finished HTTP/1.1 POST http://localhost:5217/hubs/employees/negotiate?negotiateVersion=1 - 200 316 application/json 0.4162ms
2026-04-08 13:11:25.471 [INF] Microsoft.AspNetCore.Hosting.Diagnostics | Request starting HTTP/1.1 POST http://localhost:5217/hubs/salarysettings/negotiate?negotiateVersion=1 - text/plain;charset=UTF-8 0
2026-04-08 13:11:25.471 [INF] Microsoft.AspNetCore.Cors.Infrastructure.CorsService | CORS policy execution successful.
2026-04-08 13:11:25.471 [INF] Microsoft.AspNetCore.Routing.EndpointMiddleware | Executing endpoint '/hubs/salarysettings/negotiate'
2026-04-08 13:11:25.471 [INF] Microsoft.AspNetCore.Routing.EndpointMiddleware | Executed endpoint '/hubs/salarysettings/negotiate'
2026-04-08 13:11:25.471 [INF] Serilog.AspNetCore.RequestLoggingMiddleware | HTTP POST /hubs/salarysettings/negotiate → 200 (0.1ms)
2026-04-08 13:11:25.471 [INF] Microsoft.AspNetCore.Hosting.Diagnostics | Request finished HTTP/1.1 POST http://localhost:5217/hubs/salarysettings/negotiate?negotiateVersion=1 - 200 316 application/json 0.5339ms
2026-04-08 13:11:25.489 [INF] Microsoft.AspNetCore.Hosting.Diagnostics | Request starting HTTP/1.1 GET http://localhost:5217/hubs/salaryyears?id=Wj_HaWal0AIG7RZn5fYj4Q&access_token=eyJhbGciOiJIUzI1NiIsInR5cCI6IkpXVCJ9.eyJuYW1laWQiOiIxOCIsInVuaXF1ZV9uYW1lIjoidmFzYW50aGFrdW1hciIsImVtYWlsIjoidmFzYW50aDIwMDR2a0BnbWFpbC5jb20iLCJyb2xlIjoiU3VwZXJBZG1pbiIsIk9yZ2FuaXphdGlvbklkIjoiMiIsIk9yZ2FuaXphdGlvbkxvZ28iOiIvdXBsb2Fkcy9vcmctbG9nb3Mvb3JnLWxvZ28tNTg3M2M0NzVkOTFkNGJiZDkwNDZkZWVjNjY3ZDEzNmMuanBnIiwibmJmIjoxNzc1NjI5OTc0LCJleHAiOjE3NzU3MTYzNzQsImlhdCI6MTc3NTYyOTk3NCwiaXNzIjoiUHJvRGVzWC1CYWNrZW5kIiwiYXVkIjoiUHJvRGVzWC1Gcm9udGVuZCJ9.igbT3pLpIiahwfTYCSUnLfgWrpW2xHWNEZnnwNqmD4o - null null
2026-04-08 13:11:25.489 [INF] Microsoft.AspNetCore.Cors.Infrastructure.CorsService | CORS policy execution successful.
2026-04-08 13:11:25.489 [INF] Microsoft.AspNetCore.Routing.EndpointMiddleware | Executing endpoint '/hubs/salaryyears'
2026-04-08 13:11:25.503 [INF] Microsoft.AspNetCore.Hosting.Diagnostics | Request starting HTTP/1.1 GET http://localhost:5217/hubs/employees?id=_iaaSJsMh7o1z3kutuqiAA&access_token=eyJhbGciOiJIUzI1NiIsInR5cCI6IkpXVCJ9.eyJuYW1laWQiOiIxOCIsInVuaXF1ZV9uYW1lIjoidmFzYW50aGFrdW1hciIsImVtYWlsIjoidmFzYW50aDIwMDR2a0BnbWFpbC5jb20iLCJyb2xlIjoiU3VwZXJBZG1pbiIsIk9yZ2FuaXphdGlvbklkIjoiMiIsIk9yZ2FuaXphdGlvbkxvZ28iOiIvdXBsb2Fkcy9vcmctbG9nb3Mvb3JnLWxvZ28tNTg3M2M0NzVkOTFkNGJiZDkwNDZkZWVjNjY3ZDEzNmMuanBnIiwibmJmIjoxNzc1NjI5OTc0LCJleHAiOjE3NzU3MTYzNzQsImlhdCI6MTc3NTYyOTk3NCwiaXNzIjoiUHJvRGVzWC1CYWNrZW5kIiwiYXVkIjoiUHJvRGVzWC1Gcm9udGVuZCJ9.igbT3pLpIiahwfTYCSUnLfgWrpW2xHWNEZnnwNqmD4o - null null
2026-04-08 13:11:25.503 [INF] Microsoft.AspNetCore.Cors.Infrastructure.CorsService | CORS policy execution successful.
2026-04-08 13:11:25.503 [INF] Microsoft.AspNetCore.Routing.EndpointMiddleware | Executing endpoint '/hubs/employees'
2026-04-08 13:11:25.519 [INF] Microsoft.AspNetCore.Hosting.Diagnostics | Request starting HTTP/1.1 GET http://localhost:5217/hubs/salaryyears?id=GIjSrYyhSZhrImIc76jwAA&access_token=eyJhbGciOiJIUzI1NiIsInR5cCI6IkpXVCJ9.eyJuYW1laWQiOiIxOCIsInVuaXF1ZV9uYW1lIjoidmFzYW50aGFrdW1hciIsImVtYWlsIjoidmFzYW50aDIwMDR2a0BnbWFpbC5jb20iLCJyb2xlIjoiU3VwZXJBZG1pbiIsIk9yZ2FuaXphdGlvbklkIjoiMiIsIk9yZ2FuaXphdGlvbkxvZ28iOiIvdXBsb2Fkcy9vcmctbG9nb3Mvb3JnLWxvZ28tNTg3M2M0NzVkOTFkNGJiZDkwNDZkZWVjNjY3ZDEzNmMuanBnIiwibmJmIjoxNzc1NjI5OTc0LCJleHAiOjE3NzU3MTYzNzQsImlhdCI6MTc3NTYyOTk3NCwiaXNzIjoiUHJvRGVzWC1CYWNrZW5kIiwiYXVkIjoiUHJvRGVzWC1Gcm9udGVuZCJ9.igbT3pLpIiahwfTYCSUnLfgWrpW2xHWNEZnnwNqmD4o - null null
2026-04-08 13:11:25.519 [INF] Microsoft.AspNetCore.Cors.Infrastructure.CorsService | CORS policy execution successful.
2026-04-08 13:11:25.519 [INF] Microsoft.AspNetCore.Routing.EndpointMiddleware | Executing endpoint '/hubs/salaryyears'
2026-04-08 13:11:25.544 [INF] Microsoft.AspNetCore.Hosting.Diagnostics | Request starting HTTP/1.1 GET http://localhost:5217/hubs/salarysettings?id=1A1F6BTB0lwjwX1y2qJz_Q&access_token=eyJhbGciOiJIUzI1NiIsInR5cCI6IkpXVCJ9.eyJuYW1laWQiOiIxOCIsInVuaXF1ZV9uYW1lIjoidmFzYW50aGFrdW1hciIsImVtYWlsIjoidmFzYW50aDIwMDR2a0BnbWFpbC5jb20iLCJyb2xlIjoiU3VwZXJBZG1pbiIsIk9yZ2FuaXphdGlvbklkIjoiMiIsIk9yZ2FuaXphdGlvbkxvZ28iOiIvdXBsb2Fkcy9vcmctbG9nb3Mvb3JnLWxvZ28tNTg3M2M0NzVkOTFkNGJiZDkwNDZkZWVjNjY3ZDEzNmMuanBnIiwibmJmIjoxNzc1NjI5OTc0LCJleHAiOjE3NzU3MTYzNzQsImlhdCI6MTc3NTYyOTk3NCwiaXNzIjoiUHJvRGVzWC1CYWNrZW5kIiwiYXVkIjoiUHJvRGVzWC1Gcm9udGVuZCJ9.igbT3pLpIiahwfTYCSUnLfgWrpW2xHWNEZnnwNqmD4o - null null
2026-04-08 13:11:25.544 [INF] Microsoft.AspNetCore.Cors.Infrastructure.CorsService | CORS policy execution successful.
2026-04-08 13:11:25.544 [INF] Microsoft.AspNetCore.Routing.EndpointMiddleware | Executing endpoint '/hubs/salarysettings'
2026-04-08 13:11:25.560 [INF] Microsoft.AspNetCore.Hosting.Diagnostics | Request starting HTTP/1.1 GET http://localhost:5217/hubs/employees?id=h2HWsOOZuMI3Wbygp5Ca-Q&access_token=eyJhbGciOiJIUzI1NiIsInR5cCI6IkpXVCJ9.eyJuYW1laWQiOiIxOCIsInVuaXF1ZV9uYW1lIjoidmFzYW50aGFrdW1hciIsImVtYWlsIjoidmFzYW50aDIwMDR2a0BnbWFpbC5jb20iLCJyb2xlIjoiU3VwZXJBZG1pbiIsIk9yZ2FuaXphdGlvbklkIjoiMiIsIk9yZ2FuaXphdGlvbkxvZ28iOiIvdXBsb2Fkcy9vcmctbG9nb3Mvb3JnLWxvZ28tNTg3M2M0NzVkOTFkNGJiZDkwNDZkZWVjNjY3ZDEzNmMuanBnIiwibmJmIjoxNzc1NjI5OTc0LCJleHAiOjE3NzU3MTYzNzQsImlhdCI6MTc3NTYyOTk3NCwiaXNzIjoiUHJvRGVzWC1CYWNrZW5kIiwiYXVkIjoiUHJvRGVzWC1Gcm9udGVuZCJ9.igbT3pLpIiahwfTYCSUnLfgWrpW2xHWNEZnnwNqmD4o - null null
2026-04-08 13:11:25.560 [INF] Microsoft.AspNetCore.Cors.Infrastructure.CorsService | CORS policy execution successful.
2026-04-08 13:11:25.560 [INF] Microsoft.AspNetCore.Routing.EndpointMiddleware | Executing endpoint '/hubs/employees'
2026-04-08 13:11:25.574 [INF] Microsoft.AspNetCore.Hosting.Diagnostics | Request starting HTTP/1.1 GET http://localhost:5217/hubs/salarysettings?id=UnYJ02Se2j2zIBAp_TpkJw&access_token=eyJhbGciOiJIUzI1NiIsInR5cCI6IkpXVCJ9.eyJuYW1laWQiOiIxOCIsInVuaXF1ZV9uYW1lIjoidmFzYW50aGFrdW1hciIsImVtYWlsIjoidmFzYW50aDIwMDR2a0BnbWFpbC5jb20iLCJyb2xlIjoiU3VwZXJBZG1pbiIsIk9yZ2FuaXphdGlvbklkIjoiMiIsIk9yZ2FuaXphdGlvbkxvZ28iOiIvdXBsb2Fkcy9vcmctbG9nb3Mvb3JnLWxvZ28tNTg3M2M0NzVkOTFkNGJiZDkwNDZkZWVjNjY3ZDEzNmMuanBnIiwibmJmIjoxNzc1NjI5OTc0LCJleHAiOjE3NzU3MTYzNzQsImlhdCI6MTc3NTYyOTk3NCwiaXNzIjoiUHJvRGVzWC1CYWNrZW5kIiwiYXVkIjoiUHJvRGVzWC1Gcm9udGVuZCJ9.igbT3pLpIiahwfTYCSUnLfgWrpW2xHWNEZnnwNqmD4o - null null
2026-04-08 13:11:25.574 [INF] Microsoft.AspNetCore.Cors.Infrastructure.CorsService | CORS policy execution successful.
2026-04-08 13:11:25.574 [INF] Microsoft.AspNetCore.Routing.EndpointMiddleware | Executing endpoint '/hubs/salarysettings'
2026-04-08 13:13:31.350 [INF] Microsoft.AspNetCore.Routing.EndpointMiddleware | Executed endpoint '/hubs/salarysettings'
2026-04-08 13:13:31.350 [INF] Microsoft.AspNetCore.Routing.EndpointMiddleware | Executed endpoint '/hubs/salaryyears'
2026-04-08 13:13:31.351 [INF] Serilog.AspNetCore.RequestLoggingMiddleware | HTTP GET /hubs/salaryyears → 101 (125861.5ms)
2026-04-08 13:13:31.350 [INF] Serilog.AspNetCore.RequestLoggingMiddleware | HTTP GET /hubs/salarysettings → 101 (125776.3ms)
2026-04-08 13:13:31.351 [INF] Microsoft.AspNetCore.Hosting.Diagnostics | Request finished HTTP/1.1 GET http://localhost:5217/hubs/salaryyears?id=Wj_HaWal0AIG7RZn5fYj4Q&access_token=eyJhbGciOiJIUzI1NiIsInR5cCI6IkpXVCJ9.eyJuYW1laWQiOiIxOCIsInVuaXF1ZV9uYW1lIjoidmFzYW50aGFrdW1hciIsImVtYWlsIjoidmFzYW50aDIwMDR2a0BnbWFpbC5jb20iLCJyb2xlIjoiU3VwZXJBZG1pbiIsIk9yZ2FuaXphdGlvbklkIjoiMiIsIk9yZ2FuaXphdGlvbkxvZ28iOiIvdXBsb2Fkcy9vcmctbG9nb3Mvb3JnLWxvZ28tNTg3M2M0NzVkOTFkNGJiZDkwNDZkZWVjNjY3ZDEzNmMuanBnIiwibmJmIjoxNzc1NjI5OTc0LCJleHAiOjE3NzU3MTYzNzQsImlhdCI6MTc3NTYyOTk3NCwiaXNzIjoiUHJvRGVzWC1CYWNrZW5kIiwiYXVkIjoiUHJvRGVzWC1Gcm9udGVuZCJ9.igbT3pLpIiahwfTYCSUnLfgWrpW2xHWNEZnnwNqmD4o - 101 null null 125861.9385ms
2026-04-08 13:13:31.351 [INF] Microsoft.AspNetCore.Hosting.Diagnostics | Request finished HTTP/1.1 GET http://localhost:5217/hubs/salarysettings?id=UnYJ02Se2j2zIBAp_TpkJw&access_token=eyJhbGciOiJIUzI1NiIsInR5cCI6IkpXVCJ9.eyJuYW1laWQiOiIxOCIsInVuaXF1ZV9uYW1lIjoidmFzYW50aGFrdW1hciIsImVtYWlsIjoidmFzYW50aDIwMDR2a0BnbWFpbC5jb20iLCJyb2xlIjoiU3VwZXJBZG1pbiIsIk9yZ2FuaXphdGlvbklkIjoiMiIsIk9yZ2FuaXphdGlvbkxvZ28iOiIvdXBsb2Fkcy9vcmctbG9nb3Mvb3JnLWxvZ28tNTg3M2M0NzVkOTFkNGJiZDkwNDZkZWVjNjY3ZDEzNmMuanBnIiwibmJmIjoxNzc1NjI5OTc0LCJleHAiOjE3NzU3MTYzNzQsImlhdCI6MTc3NTYyOTk3NCwiaXNzIjoiUHJvRGVzWC1CYWNrZW5kIiwiYXVkIjoiUHJvRGVzWC1Gcm9udGVuZCJ9.igbT3pLpIiahwfTYCSUnLfgWrpW2xHWNEZnnwNqmD4o - 101 null null 125776.8111ms
2026-04-08 13:13:31.351 [INF] Microsoft.AspNetCore.Routing.EndpointMiddleware | Executed endpoint '/hubs/salarysettings'
2026-04-08 13:13:31.351 [INF] Serilog.AspNetCore.RequestLoggingMiddleware | HTTP GET /hubs/salarysettings → 101 (125806.5ms)
2026-04-08 13:13:31.351 [INF] Microsoft.AspNetCore.Routing.EndpointMiddleware | Executed endpoint '/hubs/employees'
2026-04-08 13:13:31.351 [INF] Serilog.AspNetCore.RequestLoggingMiddleware | HTTP GET /hubs/employees → 101 (125790.7ms)
2026-04-08 13:13:31.351 [INF] Microsoft.AspNetCore.Hosting.Diagnostics | Request finished HTTP/1.1 GET http://localhost:5217/hubs/salarysettings?id=1A1F6BTB0lwjwX1y2qJz_Q&access_token=eyJhbGciOiJIUzI1NiIsInR5cCI6IkpXVCJ9.eyJuYW1laWQiOiIxOCIsInVuaXF1ZV9uYW1lIjoidmFzYW50aGFrdW1hciIsImVtYWlsIjoidmFzYW50aDIwMDR2a0BnbWFpbC5jb20iLCJyb2xlIjoiU3VwZXJBZG1pbiIsIk9yZ2FuaXphdGlvbklkIjoiMiIsIk9yZ2FuaXphdGlvbkxvZ28iOiIvdXBsb2Fkcy9vcmctbG9nb3Mvb3JnLWxvZ28tNTg3M2M0NzVkOTFkNGJiZDkwNDZkZWVjNjY3ZDEzNmMuanBnIiwibmJmIjoxNzc1NjI5OTc0LCJleHAiOjE3NzU3MTYzNzQsImlhdCI6MTc3NTYyOTk3NCwiaXNzIjoiUHJvRGVzWC1CYWNrZW5kIiwiYXVkIjoiUHJvRGVzWC1Gcm9udGVuZCJ9.igbT3pLpIiahwfTYCSUnLfgWrpW2xHWNEZnnwNqmD4o - 101 null null 125806.772ms
2026-04-08 13:13:31.351 [INF] Microsoft.AspNetCore.Routing.EndpointMiddleware | Executed endpoint '/hubs/employees'
2026-04-08 13:13:31.351 [INF] Microsoft.AspNetCore.Hosting.Diagnostics | Request finished HTTP/1.1 GET http://localhost:5217/hubs/employees?id=h2HWsOOZuMI3Wbygp5Ca-Q&access_token=eyJhbGciOiJIUzI1NiIsInR5cCI6IkpXVCJ9.eyJuYW1laWQiOiIxOCIsInVuaXF1ZV9uYW1lIjoidmFzYW50aGFrdW1hciIsImVtYWlsIjoidmFzYW50aDIwMDR2a0BnbWFpbC5jb20iLCJyb2xlIjoiU3VwZXJBZG1pbiIsIk9yZ2FuaXphdGlvbklkIjoiMiIsIk9yZ2FuaXphdGlvbkxvZ28iOiIvdXBsb2Fkcy9vcmctbG9nb3Mvb3JnLWxvZ28tNTg3M2M0NzVkOTFkNGJiZDkwNDZkZWVjNjY3ZDEzNmMuanBnIiwibmJmIjoxNzc1NjI5OTc0LCJleHAiOjE3NzU3MTYzNzQsImlhdCI6MTc3NTYyOTk3NCwiaXNzIjoiUHJvRGVzWC1CYWNrZW5kIiwiYXVkIjoiUHJvRGVzWC1Gcm9udGVuZCJ9.igbT3pLpIiahwfTYCSUnLfgWrpW2xHWNEZnnwNqmD4o - 101 null null 125791.0968ms
2026-04-08 13:13:31.351 [INF] Serilog.AspNetCore.RequestLoggingMiddleware | HTTP GET /hubs/employees → 101 (125848.1ms)
2026-04-08 13:13:31.351 [INF] Microsoft.AspNetCore.Hosting.Diagnostics | Request finished HTTP/1.1 GET http://localhost:5217/hubs/employees?id=_iaaSJsMh7o1z3kutuqiAA&access_token=eyJhbGciOiJIUzI1NiIsInR5cCI6IkpXVCJ9.eyJuYW1laWQiOiIxOCIsInVuaXF1ZV9uYW1lIjoidmFzYW50aGFrdW1hciIsImVtYWlsIjoidmFzYW50aDIwMDR2a0BnbWFpbC5jb20iLCJyb2xlIjoiU3VwZXJBZG1pbiIsIk9yZ2FuaXphdGlvbklkIjoiMiIsIk9yZ2FuaXphdGlvbkxvZ28iOiIvdXBsb2Fkcy9vcmctbG9nb3Mvb3JnLWxvZ28tNTg3M2M0NzVkOTFkNGJiZDkwNDZkZWVjNjY3ZDEzNmMuanBnIiwibmJmIjoxNzc1NjI5OTc0LCJleHAiOjE3NzU3MTYzNzQsImlhdCI6MTc3NTYyOTk3NCwiaXNzIjoiUHJvRGVzWC1CYWNrZW5kIiwiYXVkIjoiUHJvRGVzWC1Gcm9udGVuZCJ9.igbT3pLpIiahwfTYCSUnLfgWrpW2xHWNEZnnwNqmD4o - 101 null null 125848.4357ms
2026-04-08 13:13:31.351 [INF] Microsoft.AspNetCore.Routing.EndpointMiddleware | Executed endpoint '/hubs/salaryyears'
2026-04-08 13:13:31.351 [INF] Serilog.AspNetCore.RequestLoggingMiddleware | HTTP GET /hubs/salaryyears → 101 (125832.0ms)
2026-04-08 13:13:31.351 [INF] Microsoft.AspNetCore.Hosting.Diagnostics | Request finished HTTP/1.1 GET http://localhost:5217/hubs/salaryyears?id=GIjSrYyhSZhrImIc76jwAA&access_token=eyJhbGciOiJIUzI1NiIsInR5cCI6IkpXVCJ9.eyJuYW1laWQiOiIxOCIsInVuaXF1ZV9uYW1lIjoidmFzYW50aGFrdW1hciIsImVtYWlsIjoidmFzYW50aDIwMDR2a0BnbWFpbC5jb20iLCJyb2xlIjoiU3VwZXJBZG1pbiIsIk9yZ2FuaXphdGlvbklkIjoiMiIsIk9yZ2FuaXphdGlvbkxvZ28iOiIvdXBsb2Fkcy9vcmctbG9nb3Mvb3JnLWxvZ28tNTg3M2M0NzVkOTFkNGJiZDkwNDZkZWVjNjY3ZDEzNmMuanBnIiwibmJmIjoxNzc1NjI5OTc0LCJleHAiOjE3NzU3MTYzNzQsImlhdCI6MTc3NTYyOTk3NCwiaXNzIjoiUHJvRGVzWC1CYWNrZW5kIiwiYXVkIjoiUHJvRGVzWC1Gcm9udGVuZCJ9.igbT3pLpIiahwfTYCSUnLfgWrpW2xHWNEZnnwNqmD4o - 101 null null 125832.5417ms
2026-04-08 13:13:31.365 [INF] Microsoft.AspNetCore.Hosting.Diagnostics | Request starting HTTP/1.1 OPTIONS http://localhost:5217/hubs/salarysettings/negotiate?negotiateVersion=1 - null null
2026-04-08 13:13:31.365 [INF] Microsoft.AspNetCore.Cors.Infrastructure.CorsService | CORS policy execution successful.
2026-04-08 13:13:31.365 [INF] Microsoft.AspNetCore.Hosting.Diagnostics | Request finished HTTP/1.1 OPTIONS http://localhost:5217/hubs/salarysettings/negotiate?negotiateVersion=1 - 204 null null 0.1526ms
2026-04-08 13:13:31.366 [INF] Microsoft.AspNetCore.Hosting.Diagnostics | Request starting HTTP/1.1 POST http://localhost:5217/hubs/salarysettings/negotiate?negotiateVersion=1 - text/plain;charset=UTF-8 0
2026-04-08 13:13:31.367 [INF] Microsoft.AspNetCore.Cors.Infrastructure.CorsService | CORS policy execution successful.
2026-04-08 13:13:31.367 [INF] Microsoft.AspNetCore.Routing.EndpointMiddleware | Executing endpoint '/hubs/salarysettings/negotiate'
2026-04-08 13:13:31.367 [INF] Microsoft.AspNetCore.Routing.EndpointMiddleware | Executed endpoint '/hubs/salarysettings/negotiate'
2026-04-08 13:13:31.367 [INF] Serilog.AspNetCore.RequestLoggingMiddleware | HTTP POST /hubs/salarysettings/negotiate → 200 (0.1ms)
2026-04-08 13:13:31.367 [INF] Microsoft.AspNetCore.Hosting.Diagnostics | Request finished HTTP/1.1 POST http://localhost:5217/hubs/salarysettings/negotiate?negotiateVersion=1 - 200 316 application/json 0.7125ms
2026-04-08 13:13:31.368 [INF] Microsoft.AspNetCore.Hosting.Diagnostics | Request starting HTTP/1.1 OPTIONS http://localhost:5217/hubs/salaryyears/negotiate?negotiateVersion=1 - null null
2026-04-08 13:13:31.368 [INF] Microsoft.AspNetCore.Cors.Infrastructure.CorsService | CORS policy execution successful.
2026-04-08 13:13:31.368 [INF] Microsoft.AspNetCore.Hosting.Diagnostics | Request finished HTTP/1.1 OPTIONS http://localhost:5217/hubs/salaryyears/negotiate?negotiateVersion=1 - 204 null null 0.1062ms
2026-04-08 13:13:31.369 [INF] Microsoft.AspNetCore.Hosting.Diagnostics | Request starting HTTP/1.1 POST http://localhost:5217/hubs/salaryyears/negotiate?negotiateVersion=1 - text/plain;charset=UTF-8 0
2026-04-08 13:13:31.369 [INF] Microsoft.AspNetCore.Cors.Infrastructure.CorsService | CORS policy execution successful.
2026-04-08 13:13:31.370 [INF] Microsoft.AspNetCore.Routing.EndpointMiddleware | Executing endpoint '/hubs/salaryyears/negotiate'
2026-04-08 13:13:31.370 [INF] Microsoft.AspNetCore.Routing.EndpointMiddleware | Executed endpoint '/hubs/salaryyears/negotiate'
2026-04-08 13:13:31.370 [INF] Serilog.AspNetCore.RequestLoggingMiddleware | HTTP POST /hubs/salaryyears/negotiate → 200 (0.1ms)
2026-04-08 13:13:31.370 [INF] Microsoft.AspNetCore.Hosting.Diagnostics | Request finished HTTP/1.1 POST http://localhost:5217/hubs/salaryyears/negotiate?negotiateVersion=1 - 200 316 application/json 0.3087ms
2026-04-08 13:13:31.370 [INF] Microsoft.AspNetCore.Hosting.Diagnostics | Request starting HTTP/1.1 OPTIONS http://localhost:5217/hubs/employees/negotiate?negotiateVersion=1 - null null
2026-04-08 13:13:31.370 [INF] Microsoft.AspNetCore.Cors.Infrastructure.CorsService | CORS policy execution successful.
2026-04-08 13:13:31.370 [INF] Microsoft.AspNetCore.Hosting.Diagnostics | Request finished HTTP/1.1 OPTIONS http://localhost:5217/hubs/employees/negotiate?negotiateVersion=1 - 204 null null 0.097ms
2026-04-08 13:13:31.371 [INF] Microsoft.AspNetCore.Hosting.Diagnostics | Request starting HTTP/1.1 POST http://localhost:5217/hubs/employees/negotiate?negotiateVersion=1 - text/plain;charset=UTF-8 0
2026-04-08 13:13:31.371 [INF] Microsoft.AspNetCore.Cors.Infrastructure.CorsService | CORS policy execution successful.
2026-04-08 13:13:31.372 [INF] Microsoft.AspNetCore.Routing.EndpointMiddleware | Executing endpoint '/hubs/employees/negotiate'
2026-04-08 13:13:31.372 [INF] Microsoft.AspNetCore.Routing.EndpointMiddleware | Executed endpoint '/hubs/employees/negotiate'
2026-04-08 13:13:31.372 [INF] Serilog.AspNetCore.RequestLoggingMiddleware | HTTP POST /hubs/employees/negotiate → 200 (0.1ms)
2026-04-08 13:13:31.372 [INF] Microsoft.AspNetCore.Hosting.Diagnostics | Request finished HTTP/1.1 POST http://localhost:5217/hubs/employees/negotiate?negotiateVersion=1 - 200 316 application/json 0.3615ms
2026-04-08 13:13:31.373 [INF] Microsoft.AspNetCore.Hosting.Diagnostics | Request starting HTTP/1.1 POST http://localhost:5217/hubs/salarysettings/negotiate?negotiateVersion=1 - text/plain;charset=UTF-8 0
2026-04-08 13:13:31.373 [INF] Microsoft.AspNetCore.Cors.Infrastructure.CorsService | CORS policy execution successful.
2026-04-08 13:13:31.373 [INF] Microsoft.AspNetCore.Routing.EndpointMiddleware | Executing endpoint '/hubs/salarysettings/negotiate'
2026-04-08 13:13:31.373 [INF] Microsoft.AspNetCore.Routing.EndpointMiddleware | Executed endpoint '/hubs/salarysettings/negotiate'
2026-04-08 13:13:31.373 [INF] Serilog.AspNetCore.RequestLoggingMiddleware | HTTP POST /hubs/salarysettings/negotiate → 200 (0.1ms)
2026-04-08 13:13:31.373 [INF] Microsoft.AspNetCore.Hosting.Diagnostics | Request finished HTTP/1.1 POST http://localhost:5217/hubs/salarysettings/negotiate?negotiateVersion=1 - 200 316 application/json 0.2392ms
2026-04-08 13:13:31.377 [INF] Microsoft.AspNetCore.Hosting.Diagnostics | Request starting HTTP/1.1 POST http://localhost:5217/hubs/employees/negotiate?negotiateVersion=1 - text/plain;charset=UTF-8 0
2026-04-08 13:13:31.377 [INF] Microsoft.AspNetCore.Cors.Infrastructure.CorsService | CORS policy execution successful.
2026-04-08 13:13:31.377 [INF] Microsoft.AspNetCore.Routing.EndpointMiddleware | Executing endpoint '/hubs/employees/negotiate'
2026-04-08 13:13:31.377 [INF] Microsoft.AspNetCore.Routing.EndpointMiddleware | Executed endpoint '/hubs/employees/negotiate'
2026-04-08 13:13:31.377 [INF] Serilog.AspNetCore.RequestLoggingMiddleware | HTTP POST /hubs/employees/negotiate → 200 (0.1ms)
2026-04-08 13:13:31.377 [INF] Microsoft.AspNetCore.Hosting.Diagnostics | Request finished HTTP/1.1 POST http://localhost:5217/hubs/employees/negotiate?negotiateVersion=1 - 200 316 application/json 0.3274ms
2026-04-08 13:13:31.378 [INF] Microsoft.AspNetCore.Hosting.Diagnostics | Request starting HTTP/1.1 POST http://localhost:5217/hubs/salaryyears/negotiate?negotiateVersion=1 - text/plain;charset=UTF-8 0
2026-04-08 13:13:31.378 [INF] Microsoft.AspNetCore.Cors.Infrastructure.CorsService | CORS policy execution successful.
2026-04-08 13:13:31.378 [INF] Microsoft.AspNetCore.Routing.EndpointMiddleware | Executing endpoint '/hubs/salaryyears/negotiate'
2026-04-08 13:13:31.378 [INF] Microsoft.AspNetCore.Routing.EndpointMiddleware | Executed endpoint '/hubs/salaryyears/negotiate'
2026-04-08 13:13:31.378 [INF] Serilog.AspNetCore.RequestLoggingMiddleware | HTTP POST /hubs/salaryyears/negotiate → 200 (0.1ms)
2026-04-08 13:13:31.378 [INF] Microsoft.AspNetCore.Hosting.Diagnostics | Request finished HTTP/1.1 POST http://localhost:5217/hubs/salaryyears/negotiate?negotiateVersion=1 - 200 316 application/json 0.2981ms
2026-04-08 13:13:31.387 [INF] Microsoft.AspNetCore.Hosting.Diagnostics | Request starting HTTP/1.1 GET http://localhost:5217/hubs/salarysettings?id=RYAsUBk-uSqmFgNaCalqvQ&access_token=eyJhbGciOiJIUzI1NiIsInR5cCI6IkpXVCJ9.eyJuYW1laWQiOiIxOCIsInVuaXF1ZV9uYW1lIjoidmFzYW50aGFrdW1hciIsImVtYWlsIjoidmFzYW50aDIwMDR2a0BnbWFpbC5jb20iLCJyb2xlIjoiU3VwZXJBZG1pbiIsIk9yZ2FuaXphdGlvbklkIjoiMiIsIk9yZ2FuaXphdGlvbkxvZ28iOiIvdXBsb2Fkcy9vcmctbG9nb3Mvb3JnLWxvZ28tNTg3M2M0NzVkOTFkNGJiZDkwNDZkZWVjNjY3ZDEzNmMuanBnIiwibmJmIjoxNzc1NjI5OTc0LCJleHAiOjE3NzU3MTYzNzQsImlhdCI6MTc3NTYyOTk3NCwiaXNzIjoiUHJvRGVzWC1CYWNrZW5kIiwiYXVkIjoiUHJvRGVzWC1Gcm9udGVuZCJ9.igbT3pLpIiahwfTYCSUnLfgWrpW2xHWNEZnnwNqmD4o - null null
2026-04-08 13:13:31.387 [INF] Microsoft.AspNetCore.Cors.Infrastructure.CorsService | CORS policy execution successful.
2026-04-08 13:13:31.387 [INF] Microsoft.AspNetCore.Routing.EndpointMiddleware | Executing endpoint '/hubs/salarysettings'
2026-04-08 13:13:31.401 [INF] Microsoft.AspNetCore.Hosting.Diagnostics | Request starting HTTP/1.1 GET http://localhost:5217/hubs/salaryyears?id=Vab7VoE34qzlsOWbbCoHNA&access_token=eyJhbGciOiJIUzI1NiIsInR5cCI6IkpXVCJ9.eyJuYW1laWQiOiIxOCIsInVuaXF1ZV9uYW1lIjoidmFzYW50aGFrdW1hciIsImVtYWlsIjoidmFzYW50aDIwMDR2a0BnbWFpbC5jb20iLCJyb2xlIjoiU3VwZXJBZG1pbiIsIk9yZ2FuaXphdGlvbklkIjoiMiIsIk9yZ2FuaXphdGlvbkxvZ28iOiIvdXBsb2Fkcy9vcmctbG9nb3Mvb3JnLWxvZ28tNTg3M2M0NzVkOTFkNGJiZDkwNDZkZWVjNjY3ZDEzNmMuanBnIiwibmJmIjoxNzc1NjI5OTc0LCJleHAiOjE3NzU3MTYzNzQsImlhdCI6MTc3NTYyOTk3NCwiaXNzIjoiUHJvRGVzWC1CYWNrZW5kIiwiYXVkIjoiUHJvRGVzWC1Gcm9udGVuZCJ9.igbT3pLpIiahwfTYCSUnLfgWrpW2xHWNEZnnwNqmD4o - null null
2026-04-08 13:13:31.401 [INF] Microsoft.AspNetCore.Cors.Infrastructure.CorsService | CORS policy execution successful.
2026-04-08 13:13:31.401 [INF] Microsoft.AspNetCore.Routing.EndpointMiddleware | Executing endpoint '/hubs/salaryyears'
2026-04-08 13:13:31.414 [INF] Microsoft.AspNetCore.Hosting.Diagnostics | Request starting HTTP/1.1 GET http://localhost:5217/hubs/employees?id=wX8hRiqNv42Vx4Z5HoWNXA&access_token=eyJhbGciOiJIUzI1NiIsInR5cCI6IkpXVCJ9.eyJuYW1laWQiOiIxOCIsInVuaXF1ZV9uYW1lIjoidmFzYW50aGFrdW1hciIsImVtYWlsIjoidmFzYW50aDIwMDR2a0BnbWFpbC5jb20iLCJyb2xlIjoiU3VwZXJBZG1pbiIsIk9yZ2FuaXphdGlvbklkIjoiMiIsIk9yZ2FuaXphdGlvbkxvZ28iOiIvdXBsb2Fkcy9vcmctbG9nb3Mvb3JnLWxvZ28tNTg3M2M0NzVkOTFkNGJiZDkwNDZkZWVjNjY3ZDEzNmMuanBnIiwibmJmIjoxNzc1NjI5OTc0LCJleHAiOjE3NzU3MTYzNzQsImlhdCI6MTc3NTYyOTk3NCwiaXNzIjoiUHJvRGVzWC1CYWNrZW5kIiwiYXVkIjoiUHJvRGVzWC1Gcm9udGVuZCJ9.igbT3pLpIiahwfTYCSUnLfgWrpW2xHWNEZnnwNqmD4o - null null
2026-04-08 13:13:31.414 [INF] Microsoft.AspNetCore.Cors.Infrastructure.CorsService | CORS policy execution successful.
2026-04-08 13:13:31.414 [INF] Microsoft.AspNetCore.Routing.EndpointMiddleware | Executing endpoint '/hubs/employees'
2026-04-08 13:13:31.430 [INF] Microsoft.AspNetCore.Hosting.Diagnostics | Request starting HTTP/1.1 GET http://localhost:5217/hubs/salarysettings?id=nxa44MtaVJR3riYhcc83uA&access_token=eyJhbGciOiJIUzI1NiIsInR5cCI6IkpXVCJ9.eyJuYW1laWQiOiIxOCIsInVuaXF1ZV9uYW1lIjoidmFzYW50aGFrdW1hciIsImVtYWlsIjoidmFzYW50aDIwMDR2a0BnbWFpbC5jb20iLCJyb2xlIjoiU3VwZXJBZG1pbiIsIk9yZ2FuaXphdGlvbklkIjoiMiIsIk9yZ2FuaXphdGlvbkxvZ28iOiIvdXBsb2Fkcy9vcmctbG9nb3Mvb3JnLWxvZ28tNTg3M2M0NzVkOTFkNGJiZDkwNDZkZWVjNjY3ZDEzNmMuanBnIiwibmJmIjoxNzc1NjI5OTc0LCJleHAiOjE3NzU3MTYzNzQsImlhdCI6MTc3NTYyOTk3NCwiaXNzIjoiUHJvRGVzWC1CYWNrZW5kIiwiYXVkIjoiUHJvRGVzWC1Gcm9udGVuZCJ9.igbT3pLpIiahwfTYCSUnLfgWrpW2xHWNEZnnwNqmD4o - null null
2026-04-08 13:13:31.430 [INF] Microsoft.AspNetCore.Cors.Infrastructure.CorsService | CORS policy execution successful.
2026-04-08 13:13:31.430 [INF] Microsoft.AspNetCore.Routing.EndpointMiddleware | Executing endpoint '/hubs/salarysettings'
2026-04-08 13:13:31.445 [INF] Microsoft.AspNetCore.Hosting.Diagnostics | Request starting HTTP/1.1 GET http://localhost:5217/hubs/employees?id=56IugVFAULA515HIKVLWfw&access_token=eyJhbGciOiJIUzI1NiIsInR5cCI6IkpXVCJ9.eyJuYW1laWQiOiIxOCIsInVuaXF1ZV9uYW1lIjoidmFzYW50aGFrdW1hciIsImVtYWlsIjoidmFzYW50aDIwMDR2a0BnbWFpbC5jb20iLCJyb2xlIjoiU3VwZXJBZG1pbiIsIk9yZ2FuaXphdGlvbklkIjoiMiIsIk9yZ2FuaXphdGlvbkxvZ28iOiIvdXBsb2Fkcy9vcmctbG9nb3Mvb3JnLWxvZ28tNTg3M2M0NzVkOTFkNGJiZDkwNDZkZWVjNjY3ZDEzNmMuanBnIiwibmJmIjoxNzc1NjI5OTc0LCJleHAiOjE3NzU3MTYzNzQsImlhdCI6MTc3NTYyOTk3NCwiaXNzIjoiUHJvRGVzWC1CYWNrZW5kIiwiYXVkIjoiUHJvRGVzWC1Gcm9udGVuZCJ9.igbT3pLpIiahwfTYCSUnLfgWrpW2xHWNEZnnwNqmD4o - null null
2026-04-08 13:13:31.445 [INF] Microsoft.AspNetCore.Cors.Infrastructure.CorsService | CORS policy execution successful.
2026-04-08 13:13:31.445 [INF] Microsoft.AspNetCore.Routing.EndpointMiddleware | Executing endpoint '/hubs/employees'
2026-04-08 13:13:31.461 [INF] Microsoft.AspNetCore.Hosting.Diagnostics | Request starting HTTP/1.1 GET http://localhost:5217/hubs/salaryyears?id=trU3vO5QmllrOvN9Gtt2sg&access_token=eyJhbGciOiJIUzI1NiIsInR5cCI6IkpXVCJ9.eyJuYW1laWQiOiIxOCIsInVuaXF1ZV9uYW1lIjoidmFzYW50aGFrdW1hciIsImVtYWlsIjoidmFzYW50aDIwMDR2a0BnbWFpbC5jb20iLCJyb2xlIjoiU3VwZXJBZG1pbiIsIk9yZ2FuaXphdGlvbklkIjoiMiIsIk9yZ2FuaXphdGlvbkxvZ28iOiIvdXBsb2Fkcy9vcmctbG9nb3Mvb3JnLWxvZ28tNTg3M2M0NzVkOTFkNGJiZDkwNDZkZWVjNjY3ZDEzNmMuanBnIiwibmJmIjoxNzc1NjI5OTc0LCJleHAiOjE3NzU3MTYzNzQsImlhdCI6MTc3NTYyOTk3NCwiaXNzIjoiUHJvRGVzWC1CYWNrZW5kIiwiYXVkIjoiUHJvRGVzWC1Gcm9udGVuZCJ9.igbT3pLpIiahwfTYCSUnLfgWrpW2xHWNEZnnwNqmD4o - null null
2026-04-08 13:13:31.461 [INF] Microsoft.AspNetCore.Cors.Infrastructure.CorsService | CORS policy execution successful.
2026-04-08 13:13:31.461 [INF] Microsoft.AspNetCore.Routing.EndpointMiddleware | Executing endpoint '/hubs/salaryyears'
2026-04-08 13:15:37.360 [INF] Microsoft.AspNetCore.Routing.EndpointMiddleware | Executed endpoint '/hubs/employees'
2026-04-08 13:15:37.360 [INF] Serilog.AspNetCore.RequestLoggingMiddleware | HTTP GET /hubs/employees → 101 (125914.7ms)
2026-04-08 13:15:37.360 [INF] Microsoft.AspNetCore.Hosting.Diagnostics | Request finished HTTP/1.1 GET http://localhost:5217/hubs/employees?id=56IugVFAULA515HIKVLWfw&access_token=eyJhbGciOiJIUzI1NiIsInR5cCI6IkpXVCJ9.eyJuYW1laWQiOiIxOCIsInVuaXF1ZV9uYW1lIjoidmFzYW50aGFrdW1hciIsImVtYWlsIjoidmFzYW50aDIwMDR2a0BnbWFpbC5jb20iLCJyb2xlIjoiU3VwZXJBZG1pbiIsIk9yZ2FuaXphdGlvbklkIjoiMiIsIk9yZ2FuaXphdGlvbkxvZ28iOiIvdXBsb2Fkcy9vcmctbG9nb3Mvb3JnLWxvZ28tNTg3M2M0NzVkOTFkNGJiZDkwNDZkZWVjNjY3ZDEzNmMuanBnIiwibmJmIjoxNzc1NjI5OTc0LCJleHAiOjE3NzU3MTYzNzQsImlhdCI6MTc3NTYyOTk3NCwiaXNzIjoiUHJvRGVzWC1CYWNrZW5kIiwiYXVkIjoiUHJvRGVzWC1Gcm9udGVuZCJ9.igbT3pLpIiahwfTYCSUnLfgWrpW2xHWNEZnnwNqmD4o - 101 null null 125915.1524ms
2026-04-08 13:15:37.360 [INF] Microsoft.AspNetCore.Routing.EndpointMiddleware | Executed endpoint '/hubs/salaryyears'
2026-04-08 13:15:37.360 [INF] Serilog.AspNetCore.RequestLoggingMiddleware | HTTP GET /hubs/salaryyears → 101 (125899.0ms)
2026-04-08 13:15:37.360 [INF] Microsoft.AspNetCore.Routing.EndpointMiddleware | Executed endpoint '/hubs/salarysettings'
2026-04-08 13:15:37.360 [INF] Serilog.AspNetCore.RequestLoggingMiddleware | HTTP GET /hubs/salarysettings → 101 (125973.0ms)
2026-04-08 13:15:37.360 [INF] Microsoft.AspNetCore.Routing.EndpointMiddleware | Executed endpoint '/hubs/salarysettings'
2026-04-08 13:15:37.360 [INF] Serilog.AspNetCore.RequestLoggingMiddleware | HTTP GET /hubs/salarysettings → 101 (125930.6ms)
2026-04-08 13:15:37.360 [INF] Microsoft.AspNetCore.Hosting.Diagnostics | Request finished HTTP/1.1 GET http://localhost:5217/hubs/salarysettings?id=nxa44MtaVJR3riYhcc83uA&access_token=eyJhbGciOiJIUzI1NiIsInR5cCI6IkpXVCJ9.eyJuYW1laWQiOiIxOCIsInVuaXF1ZV9uYW1lIjoidmFzYW50aGFrdW1hciIsImVtYWlsIjoidmFzYW50aDIwMDR2a0BnbWFpbC5jb20iLCJyb2xlIjoiU3VwZXJBZG1pbiIsIk9yZ2FuaXphdGlvbklkIjoiMiIsIk9yZ2FuaXphdGlvbkxvZ28iOiIvdXBsb2Fkcy9vcmctbG9nb3Mvb3JnLWxvZ28tNTg3M2M0NzVkOTFkNGJiZDkwNDZkZWVjNjY3ZDEzNmMuanBnIiwibmJmIjoxNzc1NjI5OTc0LCJleHAiOjE3NzU3MTYzNzQsImlhdCI6MTc3NTYyOTk3NCwiaXNzIjoiUHJvRGVzWC1CYWNrZW5kIiwiYXVkIjoiUHJvRGVzWC1Gcm9udGVuZCJ9.igbT3pLpIiahwfTYCSUnLfgWrpW2xHWNEZnnwNqmD4o - 101 null null 125930.8924ms
2026-04-08 13:15:37.360 [INF] Microsoft.AspNetCore.Hosting.Diagnostics | Request finished HTTP/1.1 GET http://localhost:5217/hubs/salaryyears?id=trU3vO5QmllrOvN9Gtt2sg&access_token=eyJhbGciOiJIUzI1NiIsInR5cCI6IkpXVCJ9.eyJuYW1laWQiOiIxOCIsInVuaXF1ZV9uYW1lIjoidmFzYW50aGFrdW1hciIsImVtYWlsIjoidmFzYW50aDIwMDR2a0BnbWFpbC5jb20iLCJyb2xlIjoiU3VwZXJBZG1pbiIsIk9yZ2FuaXphdGlvbklkIjoiMiIsIk9yZ2FuaXphdGlvbkxvZ28iOiIvdXBsb2Fkcy9vcmctbG9nb3Mvb3JnLWxvZ28tNTg3M2M0NzVkOTFkNGJiZDkwNDZkZWVjNjY3ZDEzNmMuanBnIiwibmJmIjoxNzc1NjI5OTc0LCJleHAiOjE3NzU3MTYzNzQsImlhdCI6MTc3NTYyOTk3NCwiaXNzIjoiUHJvRGVzWC1CYWNrZW5kIiwiYXVkIjoiUHJvRGVzWC1Gcm9udGVuZCJ9.igbT3pLpIiahwfTYCSUnLfgWrpW2xHWNEZnnwNqmD4o - 101 null null 125899.2899ms
2026-04-08 13:15:37.360 [INF] Microsoft.AspNetCore.Hosting.Diagnostics | Request finished HTTP/1.1 GET http://localhost:5217/hubs/salarysettings?id=RYAsUBk-uSqmFgNaCalqvQ&access_token=eyJhbGciOiJIUzI1NiIsInR5cCI6IkpXVCJ9.eyJuYW1laWQiOiIxOCIsInVuaXF1ZV9uYW1lIjoidmFzYW50aGFrdW1hciIsImVtYWlsIjoidmFzYW50aDIwMDR2a0BnbWFpbC5jb20iLCJyb2xlIjoiU3VwZXJBZG1pbiIsIk9yZ2FuaXphdGlvbklkIjoiMiIsIk9yZ2FuaXphdGlvbkxvZ28iOiIvdXBsb2Fkcy9vcmctbG9nb3Mvb3JnLWxvZ28tNTg3M2M0NzVkOTFkNGJiZDkwNDZkZWVjNjY3ZDEzNmMuanBnIiwibmJmIjoxNzc1NjI5OTc0LCJleHAiOjE3NzU3MTYzNzQsImlhdCI6MTc3NTYyOTk3NCwiaXNzIjoiUHJvRGVzWC1CYWNrZW5kIiwiYXVkIjoiUHJvRGVzWC1Gcm9udGVuZCJ9.igbT3pLpIiahwfTYCSUnLfgWrpW2xHWNEZnnwNqmD4o - 101 null null 125973.2997ms
2026-04-08 13:15:37.361 [INF] Microsoft.AspNetCore.Routing.EndpointMiddleware | Executed endpoint '/hubs/salaryyears'
2026-04-08 13:15:37.361 [INF] Serilog.AspNetCore.RequestLoggingMiddleware | HTTP GET /hubs/salaryyears → 101 (125959.7ms)
2026-04-08 13:15:37.361 [INF] Microsoft.AspNetCore.Hosting.Diagnostics | Request finished HTTP/1.1 GET http://localhost:5217/hubs/salaryyears?id=Vab7VoE34qzlsOWbbCoHNA&access_token=eyJhbGciOiJIUzI1NiIsInR5cCI6IkpXVCJ9.eyJuYW1laWQiOiIxOCIsInVuaXF1ZV9uYW1lIjoidmFzYW50aGFrdW1hciIsImVtYWlsIjoidmFzYW50aDIwMDR2a0BnbWFpbC5jb20iLCJyb2xlIjoiU3VwZXJBZG1pbiIsIk9yZ2FuaXphdGlvbklkIjoiMiIsIk9yZ2FuaXphdGlvbkxvZ28iOiIvdXBsb2Fkcy9vcmctbG9nb3Mvb3JnLWxvZ28tNTg3M2M0NzVkOTFkNGJiZDkwNDZkZWVjNjY3ZDEzNmMuanBnIiwibmJmIjoxNzc1NjI5OTc0LCJleHAiOjE3NzU3MTYzNzQsImlhdCI6MTc3NTYyOTk3NCwiaXNzIjoiUHJvRGVzWC1CYWNrZW5kIiwiYXVkIjoiUHJvRGVzWC1Gcm9udGVuZCJ9.igbT3pLpIiahwfTYCSUnLfgWrpW2xHWNEZnnwNqmD4o - 101 null null 125960.0562ms
2026-04-08 13:15:37.361 [INF] Microsoft.AspNetCore.Routing.EndpointMiddleware | Executed endpoint '/hubs/employees'
2026-04-08 13:15:37.361 [INF] Serilog.AspNetCore.RequestLoggingMiddleware | HTTP GET /hubs/employees → 101 (125946.7ms)
2026-04-08 13:15:37.361 [INF] Microsoft.AspNetCore.Hosting.Diagnostics | Request finished HTTP/1.1 GET http://localhost:5217/hubs/employees?id=wX8hRiqNv42Vx4Z5HoWNXA&access_token=eyJhbGciOiJIUzI1NiIsInR5cCI6IkpXVCJ9.eyJuYW1laWQiOiIxOCIsInVuaXF1ZV9uYW1lIjoidmFzYW50aGFrdW1hciIsImVtYWlsIjoidmFzYW50aDIwMDR2a0BnbWFpbC5jb20iLCJyb2xlIjoiU3VwZXJBZG1pbiIsIk9yZ2FuaXphdGlvbklkIjoiMiIsIk9yZ2FuaXphdGlvbkxvZ28iOiIvdXBsb2Fkcy9vcmctbG9nb3Mvb3JnLWxvZ28tNTg3M2M0NzVkOTFkNGJiZDkwNDZkZWVjNjY3ZDEzNmMuanBnIiwibmJmIjoxNzc1NjI5OTc0LCJleHAiOjE3NzU3MTYzNzQsImlhdCI6MTc3NTYyOTk3NCwiaXNzIjoiUHJvRGVzWC1CYWNrZW5kIiwiYXVkIjoiUHJvRGVzWC1Gcm9udGVuZCJ9.igbT3pLpIiahwfTYCSUnLfgWrpW2xHWNEZnnwNqmD4o - 101 null null 125947.0558ms
2026-04-08 13:15:37.379 [INF] Microsoft.AspNetCore.Hosting.Diagnostics | Request starting HTTP/1.1 OPTIONS http://localhost:5217/hubs/employees/negotiate?negotiateVersion=1 - null null
2026-04-08 13:15:37.380 [INF] Microsoft.AspNetCore.Cors.Infrastructure.CorsService | CORS policy execution successful.
2026-04-08 13:15:37.380 [INF] Microsoft.AspNetCore.Hosting.Diagnostics | Request finished HTTP/1.1 OPTIONS http://localhost:5217/hubs/employees/negotiate?negotiateVersion=1 - 204 null null 0.1641ms
2026-04-08 13:15:37.381 [INF] Microsoft.AspNetCore.Hosting.Diagnostics | Request starting HTTP/1.1 POST http://localhost:5217/hubs/employees/negotiate?negotiateVersion=1 - text/plain;charset=UTF-8 0
2026-04-08 13:15:37.381 [INF] Microsoft.AspNetCore.Cors.Infrastructure.CorsService | CORS policy execution successful.
2026-04-08 13:15:37.381 [INF] Microsoft.AspNetCore.Routing.EndpointMiddleware | Executing endpoint '/hubs/employees/negotiate'
2026-04-08 13:15:37.381 [INF] Microsoft.AspNetCore.Routing.EndpointMiddleware | Executed endpoint '/hubs/employees/negotiate'
2026-04-08 13:15:37.381 [INF] Serilog.AspNetCore.RequestLoggingMiddleware | HTTP POST /hubs/employees/negotiate → 200 (0.1ms)
2026-04-08 13:15:37.381 [INF] Microsoft.AspNetCore.Hosting.Diagnostics | Request finished HTTP/1.1 POST http://localhost:5217/hubs/employees/negotiate?negotiateVersion=1 - 200 316 application/json 0.4159ms
2026-04-08 13:15:37.385 [INF] Microsoft.AspNetCore.Hosting.Diagnostics | Request starting HTTP/1.1 OPTIONS http://localhost:5217/hubs/salarysettings/negotiate?negotiateVersion=1 - null null
2026-04-08 13:15:37.386 [INF] Microsoft.AspNetCore.Cors.Infrastructure.CorsService | CORS policy execution successful.
2026-04-08 13:15:37.386 [INF] Microsoft.AspNetCore.Hosting.Diagnostics | Request finished HTTP/1.1 OPTIONS http://localhost:5217/hubs/salarysettings/negotiate?negotiateVersion=1 - 204 null null 0.1694ms
2026-04-08 13:15:37.387 [INF] Microsoft.AspNetCore.Hosting.Diagnostics | Request starting HTTP/1.1 POST http://localhost:5217/hubs/salarysettings/negotiate?negotiateVersion=1 - text/plain;charset=UTF-8 0
2026-04-08 13:15:37.387 [INF] Microsoft.AspNetCore.Cors.Infrastructure.CorsService | CORS policy execution successful.
2026-04-08 13:15:37.387 [INF] Microsoft.AspNetCore.Routing.EndpointMiddleware | Executing endpoint '/hubs/salarysettings/negotiate'
2026-04-08 13:15:37.387 [INF] Microsoft.AspNetCore.Routing.EndpointMiddleware | Executed endpoint '/hubs/salarysettings/negotiate'
2026-04-08 13:15:37.387 [INF] Serilog.AspNetCore.RequestLoggingMiddleware | HTTP POST /hubs/salarysettings/negotiate → 200 (0.1ms)
2026-04-08 13:15:37.387 [INF] Microsoft.AspNetCore.Hosting.Diagnostics | Request finished HTTP/1.1 POST http://localhost:5217/hubs/salarysettings/negotiate?negotiateVersion=1 - 200 316 application/json 0.3587ms
2026-04-08 13:15:37.389 [INF] Microsoft.AspNetCore.Hosting.Diagnostics | Request starting HTTP/1.1 POST http://localhost:5217/hubs/employees/negotiate?negotiateVersion=1 - text/plain;charset=UTF-8 0
2026-04-08 13:15:37.389 [INF] Microsoft.AspNetCore.Cors.Infrastructure.CorsService | CORS policy execution successful.
2026-04-08 13:15:37.390 [INF] Microsoft.AspNetCore.Routing.EndpointMiddleware | Executing endpoint '/hubs/employees/negotiate'
2026-04-08 13:15:37.390 [INF] Microsoft.AspNetCore.Routing.EndpointMiddleware | Executed endpoint '/hubs/employees/negotiate'
2026-04-08 13:15:37.390 [INF] Serilog.AspNetCore.RequestLoggingMiddleware | HTTP POST /hubs/employees/negotiate → 200 (0.1ms)
2026-04-08 13:15:37.390 [INF] Microsoft.AspNetCore.Hosting.Diagnostics | Request finished HTTP/1.1 POST http://localhost:5217/hubs/employees/negotiate?negotiateVersion=1 - 200 316 application/json 0.3467ms
2026-04-08 13:15:37.393 [INF] Microsoft.AspNetCore.Hosting.Diagnostics | Request starting HTTP/1.1 OPTIONS http://localhost:5217/hubs/salaryyears/negotiate?negotiateVersion=1 - null null
2026-04-08 13:15:37.393 [INF] Microsoft.AspNetCore.Cors.Infrastructure.CorsService | CORS policy execution successful.
2026-04-08 13:15:37.393 [INF] Microsoft.AspNetCore.Hosting.Diagnostics | Request finished HTTP/1.1 OPTIONS http://localhost:5217/hubs/salaryyears/negotiate?negotiateVersion=1 - 204 null null 0.1537ms
2026-04-08 13:15:37.394 [INF] Microsoft.AspNetCore.Hosting.Diagnostics | Request starting HTTP/1.1 POST http://localhost:5217/hubs/salaryyears/negotiate?negotiateVersion=1 - text/plain;charset=UTF-8 0
2026-04-08 13:15:37.394 [INF] Microsoft.AspNetCore.Cors.Infrastructure.CorsService | CORS policy execution successful.
2026-04-08 13:15:37.394 [INF] Microsoft.AspNetCore.Routing.EndpointMiddleware | Executing endpoint '/hubs/salaryyears/negotiate'
2026-04-08 13:15:37.394 [INF] Microsoft.AspNetCore.Routing.EndpointMiddleware | Executed endpoint '/hubs/salaryyears/negotiate'
2026-04-08 13:15:37.394 [INF] Serilog.AspNetCore.RequestLoggingMiddleware | HTTP POST /hubs/salaryyears/negotiate → 200 (0.1ms)
2026-04-08 13:15:37.394 [INF] Microsoft.AspNetCore.Hosting.Diagnostics | Request finished HTTP/1.1 POST http://localhost:5217/hubs/salaryyears/negotiate?negotiateVersion=1 - 200 316 application/json 0.385ms
2026-04-08 13:15:37.396 [INF] Microsoft.AspNetCore.Hosting.Diagnostics | Request starting HTTP/1.1 POST http://localhost:5217/hubs/salarysettings/negotiate?negotiateVersion=1 - text/plain;charset=UTF-8 0
2026-04-08 13:15:37.396 [INF] Microsoft.AspNetCore.Cors.Infrastructure.CorsService | CORS policy execution successful.
2026-04-08 13:15:37.396 [INF] Microsoft.AspNetCore.Routing.EndpointMiddleware | Executing endpoint '/hubs/salarysettings/negotiate'
2026-04-08 13:15:37.396 [INF] Microsoft.AspNetCore.Routing.EndpointMiddleware | Executed endpoint '/hubs/salarysettings/negotiate'
2026-04-08 13:15:37.396 [INF] Serilog.AspNetCore.RequestLoggingMiddleware | HTTP POST /hubs/salarysettings/negotiate → 200 (0.1ms)
2026-04-08 13:15:37.396 [INF] Microsoft.AspNetCore.Hosting.Diagnostics | Request finished HTTP/1.1 POST http://localhost:5217/hubs/salarysettings/negotiate?negotiateVersion=1 - 200 316 application/json 0.3244ms
2026-04-08 13:15:37.400 [INF] Microsoft.AspNetCore.Hosting.Diagnostics | Request starting HTTP/1.1 POST http://localhost:5217/hubs/salaryyears/negotiate?negotiateVersion=1 - text/plain;charset=UTF-8 0
2026-04-08 13:15:37.400 [INF] Microsoft.AspNetCore.Cors.Infrastructure.CorsService | CORS policy execution successful.
2026-04-08 13:15:37.400 [INF] Microsoft.AspNetCore.Routing.EndpointMiddleware | Executing endpoint '/hubs/salaryyears/negotiate'
2026-04-08 13:15:37.401 [INF] Microsoft.AspNetCore.Routing.EndpointMiddleware | Executed endpoint '/hubs/salaryyears/negotiate'
2026-04-08 13:15:37.401 [INF] Serilog.AspNetCore.RequestLoggingMiddleware | HTTP POST /hubs/salaryyears/negotiate → 200 (0.1ms)
2026-04-08 13:15:37.401 [INF] Microsoft.AspNetCore.Hosting.Diagnostics | Request finished HTTP/1.1 POST http://localhost:5217/hubs/salaryyears/negotiate?negotiateVersion=1 - 200 316 application/json 0.4681ms
2026-04-08 13:15:37.422 [INF] Microsoft.AspNetCore.Hosting.Diagnostics | Request starting HTTP/1.1 GET http://localhost:5217/hubs/employees?id=mL9_WIlYwFHCX9DPo_xVUw&access_token=eyJhbGciOiJIUzI1NiIsInR5cCI6IkpXVCJ9.eyJuYW1laWQiOiIxOCIsInVuaXF1ZV9uYW1lIjoidmFzYW50aGFrdW1hciIsImVtYWlsIjoidmFzYW50aDIwMDR2a0BnbWFpbC5jb20iLCJyb2xlIjoiU3VwZXJBZG1pbiIsIk9yZ2FuaXphdGlvbklkIjoiMiIsIk9yZ2FuaXphdGlvbkxvZ28iOiIvdXBsb2Fkcy9vcmctbG9nb3Mvb3JnLWxvZ28tNTg3M2M0NzVkOTFkNGJiZDkwNDZkZWVjNjY3ZDEzNmMuanBnIiwibmJmIjoxNzc1NjI5OTc0LCJleHAiOjE3NzU3MTYzNzQsImlhdCI6MTc3NTYyOTk3NCwiaXNzIjoiUHJvRGVzWC1CYWNrZW5kIiwiYXVkIjoiUHJvRGVzWC1Gcm9udGVuZCJ9.igbT3pLpIiahwfTYCSUnLfgWrpW2xHWNEZnnwNqmD4o - null null
2026-04-08 13:15:37.422 [INF] Microsoft.AspNetCore.Cors.Infrastructure.CorsService | CORS policy execution successful.
2026-04-08 13:15:37.422 [INF] Microsoft.AspNetCore.Routing.EndpointMiddleware | Executing endpoint '/hubs/employees'
2026-04-08 13:15:37.435 [INF] Microsoft.AspNetCore.Hosting.Diagnostics | Request starting HTTP/1.1 GET http://localhost:5217/hubs/salarysettings?id=RiejENr-t1Oze0u0egwdGA&access_token=eyJhbGciOiJIUzI1NiIsInR5cCI6IkpXVCJ9.eyJuYW1laWQiOiIxOCIsInVuaXF1ZV9uYW1lIjoidmFzYW50aGFrdW1hciIsImVtYWlsIjoidmFzYW50aDIwMDR2a0BnbWFpbC5jb20iLCJyb2xlIjoiU3VwZXJBZG1pbiIsIk9yZ2FuaXphdGlvbklkIjoiMiIsIk9yZ2FuaXphdGlvbkxvZ28iOiIvdXBsb2Fkcy9vcmctbG9nb3Mvb3JnLWxvZ28tNTg3M2M0NzVkOTFkNGJiZDkwNDZkZWVjNjY3ZDEzNmMuanBnIiwibmJmIjoxNzc1NjI5OTc0LCJleHAiOjE3NzU3MTYzNzQsImlhdCI6MTc3NTYyOTk3NCwiaXNzIjoiUHJvRGVzWC1CYWNrZW5kIiwiYXVkIjoiUHJvRGVzWC1Gcm9udGVuZCJ9.igbT3pLpIiahwfTYCSUnLfgWrpW2xHWNEZnnwNqmD4o - null null
2026-04-08 13:15:37.435 [INF] Microsoft.AspNetCore.Cors.Infrastructure.CorsService | CORS policy execution successful.
2026-04-08 13:15:37.435 [INF] Microsoft.AspNetCore.Routing.EndpointMiddleware | Executing endpoint '/hubs/salarysettings'
2026-04-08 13:15:37.447 [INF] Microsoft.AspNetCore.Hosting.Diagnostics | Request starting HTTP/1.1 GET http://localhost:5217/hubs/employees?id=_Kw0eE7nMBJLvz7UZKwdRA&access_token=eyJhbGciOiJIUzI1NiIsInR5cCI6IkpXVCJ9.eyJuYW1laWQiOiIxOCIsInVuaXF1ZV9uYW1lIjoidmFzYW50aGFrdW1hciIsImVtYWlsIjoidmFzYW50aDIwMDR2a0BnbWFpbC5jb20iLCJyb2xlIjoiU3VwZXJBZG1pbiIsIk9yZ2FuaXphdGlvbklkIjoiMiIsIk9yZ2FuaXphdGlvbkxvZ28iOiIvdXBsb2Fkcy9vcmctbG9nb3Mvb3JnLWxvZ28tNTg3M2M0NzVkOTFkNGJiZDkwNDZkZWVjNjY3ZDEzNmMuanBnIiwibmJmIjoxNzc1NjI5OTc0LCJleHAiOjE3NzU3MTYzNzQsImlhdCI6MTc3NTYyOTk3NCwiaXNzIjoiUHJvRGVzWC1CYWNrZW5kIiwiYXVkIjoiUHJvRGVzWC1Gcm9udGVuZCJ9.igbT3pLpIiahwfTYCSUnLfgWrpW2xHWNEZnnwNqmD4o - null null
2026-04-08 13:15:37.447 [INF] Microsoft.AspNetCore.Cors.Infrastructure.CorsService | CORS policy execution successful.
2026-04-08 13:15:37.447 [INF] Microsoft.AspNetCore.Routing.EndpointMiddleware | Executing endpoint '/hubs/employees'
2026-04-08 13:15:37.468 [INF] Microsoft.AspNetCore.Hosting.Diagnostics | Request starting HTTP/1.1 GET http://localhost:5217/hubs/salaryyears?id=k47HkuBVFiqvR7MRYe-eMA&access_token=eyJhbGciOiJIUzI1NiIsInR5cCI6IkpXVCJ9.eyJuYW1laWQiOiIxOCIsInVuaXF1ZV9uYW1lIjoidmFzYW50aGFrdW1hciIsImVtYWlsIjoidmFzYW50aDIwMDR2a0BnbWFpbC5jb20iLCJyb2xlIjoiU3VwZXJBZG1pbiIsIk9yZ2FuaXphdGlvbklkIjoiMiIsIk9yZ2FuaXphdGlvbkxvZ28iOiIvdXBsb2Fkcy9vcmctbG9nb3Mvb3JnLWxvZ28tNTg3M2M0NzVkOTFkNGJiZDkwNDZkZWVjNjY3ZDEzNmMuanBnIiwibmJmIjoxNzc1NjI5OTc0LCJleHAiOjE3NzU3MTYzNzQsImlhdCI6MTc3NTYyOTk3NCwiaXNzIjoiUHJvRGVzWC1CYWNrZW5kIiwiYXVkIjoiUHJvRGVzWC1Gcm9udGVuZCJ9.igbT3pLpIiahwfTYCSUnLfgWrpW2xHWNEZnnwNqmD4o - null null
2026-04-08 13:15:37.469 [INF] Microsoft.AspNetCore.Cors.Infrastructure.CorsService | CORS policy execution successful.
2026-04-08 13:15:37.469 [INF] Microsoft.AspNetCore.Routing.EndpointMiddleware | Executing endpoint '/hubs/salaryyears'
2026-04-08 13:15:37.485 [INF] Microsoft.AspNetCore.Hosting.Diagnostics | Request starting HTTP/1.1 GET http://localhost:5217/hubs/salarysettings?id=pXhbH61kBHbwZb6zvXkb_Q&access_token=eyJhbGciOiJIUzI1NiIsInR5cCI6IkpXVCJ9.eyJuYW1laWQiOiIxOCIsInVuaXF1ZV9uYW1lIjoidmFzYW50aGFrdW1hciIsImVtYWlsIjoidmFzYW50aDIwMDR2a0BnbWFpbC5jb20iLCJyb2xlIjoiU3VwZXJBZG1pbiIsIk9yZ2FuaXphdGlvbklkIjoiMiIsIk9yZ2FuaXphdGlvbkxvZ28iOiIvdXBsb2Fkcy9vcmctbG9nb3Mvb3JnLWxvZ28tNTg3M2M0NzVkOTFkNGJiZDkwNDZkZWVjNjY3ZDEzNmMuanBnIiwibmJmIjoxNzc1NjI5OTc0LCJleHAiOjE3NzU3MTYzNzQsImlhdCI6MTc3NTYyOTk3NCwiaXNzIjoiUHJvRGVzWC1CYWNrZW5kIiwiYXVkIjoiUHJvRGVzWC1Gcm9udGVuZCJ9.igbT3pLpIiahwfTYCSUnLfgWrpW2xHWNEZnnwNqmD4o - null null
2026-04-08 13:15:37.485 [INF] Microsoft.AspNetCore.Cors.Infrastructure.CorsService | CORS policy execution successful.
2026-04-08 13:15:37.485 [INF] Microsoft.AspNetCore.Routing.EndpointMiddleware | Executing endpoint '/hubs/salarysettings'
2026-04-08 13:15:37.500 [INF] Microsoft.AspNetCore.Hosting.Diagnostics | Request starting HTTP/1.1 GET http://localhost:5217/hubs/salaryyears?id=MSzf3eDZxZ4bTRgc-n2I_w&access_token=eyJhbGciOiJIUzI1NiIsInR5cCI6IkpXVCJ9.eyJuYW1laWQiOiIxOCIsInVuaXF1ZV9uYW1lIjoidmFzYW50aGFrdW1hciIsImVtYWlsIjoidmFzYW50aDIwMDR2a0BnbWFpbC5jb20iLCJyb2xlIjoiU3VwZXJBZG1pbiIsIk9yZ2FuaXphdGlvbklkIjoiMiIsIk9yZ2FuaXphdGlvbkxvZ28iOiIvdXBsb2Fkcy9vcmctbG9nb3Mvb3JnLWxvZ28tNTg3M2M0NzVkOTFkNGJiZDkwNDZkZWVjNjY3ZDEzNmMuanBnIiwibmJmIjoxNzc1NjI5OTc0LCJleHAiOjE3NzU3MTYzNzQsImlhdCI6MTc3NTYyOTk3NCwiaXNzIjoiUHJvRGVzWC1CYWNrZW5kIiwiYXVkIjoiUHJvRGVzWC1Gcm9udGVuZCJ9.igbT3pLpIiahwfTYCSUnLfgWrpW2xHWNEZnnwNqmD4o - null null
2026-04-08 13:15:37.501 [INF] Microsoft.AspNetCore.Cors.Infrastructure.CorsService | CORS policy execution successful.
2026-04-08 13:15:37.501 [INF] Microsoft.AspNetCore.Routing.EndpointMiddleware | Executing endpoint '/hubs/salaryyears'
2026-04-08 13:18:09.358 [INF] Microsoft.AspNetCore.Routing.EndpointMiddleware | Executed endpoint '/hubs/salaryyears'
2026-04-08 13:18:09.358 [INF] Microsoft.AspNetCore.Routing.EndpointMiddleware | Executed endpoint '/hubs/salarysettings'
2026-04-08 13:18:09.358 [INF] Serilog.AspNetCore.RequestLoggingMiddleware | HTTP GET /hubs/salarysettings → 101 (151923.3ms)
2026-04-08 13:18:09.358 [INF] Microsoft.AspNetCore.Hosting.Diagnostics | Request finished HTTP/1.1 GET http://localhost:5217/hubs/salarysettings?id=RiejENr-t1Oze0u0egwdGA&access_token=eyJhbGciOiJIUzI1NiIsInR5cCI6IkpXVCJ9.eyJuYW1laWQiOiIxOCIsInVuaXF1ZV9uYW1lIjoidmFzYW50aGFrdW1hciIsImVtYWlsIjoidmFzYW50aDIwMDR2a0BnbWFpbC5jb20iLCJyb2xlIjoiU3VwZXJBZG1pbiIsIk9yZ2FuaXphdGlvbklkIjoiMiIsIk9yZ2FuaXphdGlvbkxvZ28iOiIvdXBsb2Fkcy9vcmctbG9nb3Mvb3JnLWxvZ28tNTg3M2M0NzVkOTFkNGJiZDkwNDZkZWVjNjY3ZDEzNmMuanBnIiwibmJmIjoxNzc1NjI5OTc0LCJleHAiOjE3NzU3MTYzNzQsImlhdCI6MTc3NTYyOTk3NCwiaXNzIjoiUHJvRGVzWC1CYWNrZW5kIiwiYXVkIjoiUHJvRGVzWC1Gcm9udGVuZCJ9.igbT3pLpIiahwfTYCSUnLfgWrpW2xHWNEZnnwNqmD4o - 101 null null 151923.6849ms
2026-04-08 13:18:09.358 [INF] Serilog.AspNetCore.RequestLoggingMiddleware | HTTP GET /hubs/salaryyears → 101 (151857.7ms)
2026-04-08 13:18:09.359 [INF] Microsoft.AspNetCore.Routing.EndpointMiddleware | Executed endpoint '/hubs/salaryyears'
2026-04-08 13:18:09.359 [INF] Serilog.AspNetCore.RequestLoggingMiddleware | HTTP GET /hubs/salaryyears → 101 (151890.0ms)
2026-04-08 13:18:09.359 [INF] Microsoft.AspNetCore.Hosting.Diagnostics | Request finished HTTP/1.1 GET http://localhost:5217/hubs/salaryyears?id=k47HkuBVFiqvR7MRYe-eMA&access_token=eyJhbGciOiJIUzI1NiIsInR5cCI6IkpXVCJ9.eyJuYW1laWQiOiIxOCIsInVuaXF1ZV9uYW1lIjoidmFzYW50aGFrdW1hciIsImVtYWlsIjoidmFzYW50aDIwMDR2a0BnbWFpbC5jb20iLCJyb2xlIjoiU3VwZXJBZG1pbiIsIk9yZ2FuaXphdGlvbklkIjoiMiIsIk9yZ2FuaXphdGlvbkxvZ28iOiIvdXBsb2Fkcy9vcmctbG9nb3Mvb3JnLWxvZ28tNTg3M2M0NzVkOTFkNGJiZDkwNDZkZWVjNjY3ZDEzNmMuanBnIiwibmJmIjoxNzc1NjI5OTc0LCJleHAiOjE3NzU3MTYzNzQsImlhdCI6MTc3NTYyOTk3NCwiaXNzIjoiUHJvRGVzWC1CYWNrZW5kIiwiYXVkIjoiUHJvRGVzWC1Gcm9udGVuZCJ9.igbT3pLpIiahwfTYCSUnLfgWrpW2xHWNEZnnwNqmD4o - 101 null null 151890.4253ms
2026-04-08 13:18:09.359 [INF] Microsoft.AspNetCore.Hosting.Diagnostics | Request finished HTTP/1.1 GET http://localhost:5217/hubs/salaryyears?id=MSzf3eDZxZ4bTRgc-n2I_w&access_token=eyJhbGciOiJIUzI1NiIsInR5cCI6IkpXVCJ9.eyJuYW1laWQiOiIxOCIsInVuaXF1ZV9uYW1lIjoidmFzYW50aGFrdW1hciIsImVtYWlsIjoidmFzYW50aDIwMDR2a0BnbWFpbC5jb20iLCJyb2xlIjoiU3VwZXJBZG1pbiIsIk9yZ2FuaXphdGlvbklkIjoiMiIsIk9yZ2FuaXphdGlvbkxvZ28iOiIvdXBsb2Fkcy9vcmctbG9nb3Mvb3JnLWxvZ28tNTg3M2M0NzVkOTFkNGJiZDkwNDZkZWVjNjY3ZDEzNmMuanBnIiwibmJmIjoxNzc1NjI5OTc0LCJleHAiOjE3NzU3MTYzNzQsImlhdCI6MTc3NTYyOTk3NCwiaXNzIjoiUHJvRGVzWC1CYWNrZW5kIiwiYXVkIjoiUHJvRGVzWC1Gcm9udGVuZCJ9.igbT3pLpIiahwfTYCSUnLfgWrpW2xHWNEZnnwNqmD4o - 101 null null 151858.2849ms
2026-04-08 13:18:09.359 [INF] Microsoft.AspNetCore.Routing.EndpointMiddleware | Executed endpoint '/hubs/employees'
2026-04-08 13:18:09.359 [INF] Serilog.AspNetCore.RequestLoggingMiddleware | HTTP GET /hubs/employees → 101 (151911.8ms)
2026-04-08 13:18:09.359 [INF] Microsoft.AspNetCore.Hosting.Diagnostics | Request finished HTTP/1.1 GET http://localhost:5217/hubs/employees?id=_Kw0eE7nMBJLvz7UZKwdRA&access_token=eyJhbGciOiJIUzI1NiIsInR5cCI6IkpXVCJ9.eyJuYW1laWQiOiIxOCIsInVuaXF1ZV9uYW1lIjoidmFzYW50aGFrdW1hciIsImVtYWlsIjoidmFzYW50aDIwMDR2a0BnbWFpbC5jb20iLCJyb2xlIjoiU3VwZXJBZG1pbiIsIk9yZ2FuaXphdGlvbklkIjoiMiIsIk9yZ2FuaXphdGlvbkxvZ28iOiIvdXBsb2Fkcy9vcmctbG9nb3Mvb3JnLWxvZ28tNTg3M2M0NzVkOTFkNGJiZDkwNDZkZWVjNjY3ZDEzNmMuanBnIiwibmJmIjoxNzc1NjI5OTc0LCJleHAiOjE3NzU3MTYzNzQsImlhdCI6MTc3NTYyOTk3NCwiaXNzIjoiUHJvRGVzWC1CYWNrZW5kIiwiYXVkIjoiUHJvRGVzWC1Gcm9udGVuZCJ9.igbT3pLpIiahwfTYCSUnLfgWrpW2xHWNEZnnwNqmD4o - 101 null null 151912.0707ms
2026-04-08 13:18:09.360 [INF] Microsoft.AspNetCore.Routing.EndpointMiddleware | Executed endpoint '/hubs/salarysettings'
2026-04-08 13:18:09.360 [INF] Serilog.AspNetCore.RequestLoggingMiddleware | HTTP GET /hubs/salarysettings → 101 (151874.3ms)
2026-04-08 13:18:09.360 [INF] Microsoft.AspNetCore.Hosting.Diagnostics | Request finished HTTP/1.1 GET http://localhost:5217/hubs/salarysettings?id=pXhbH61kBHbwZb6zvXkb_Q&access_token=eyJhbGciOiJIUzI1NiIsInR5cCI6IkpXVCJ9.eyJuYW1laWQiOiIxOCIsInVuaXF1ZV9uYW1lIjoidmFzYW50aGFrdW1hciIsImVtYWlsIjoidmFzYW50aDIwMDR2a0BnbWFpbC5jb20iLCJyb2xlIjoiU3VwZXJBZG1pbiIsIk9yZ2FuaXphdGlvbklkIjoiMiIsIk9yZ2FuaXphdGlvbkxvZ28iOiIvdXBsb2Fkcy9vcmctbG9nb3Mvb3JnLWxvZ28tNTg3M2M0NzVkOTFkNGJiZDkwNDZkZWVjNjY3ZDEzNmMuanBnIiwibmJmIjoxNzc1NjI5OTc0LCJleHAiOjE3NzU3MTYzNzQsImlhdCI6MTc3NTYyOTk3NCwiaXNzIjoiUHJvRGVzWC1CYWNrZW5kIiwiYXVkIjoiUHJvRGVzWC1Gcm9udGVuZCJ9.igbT3pLpIiahwfTYCSUnLfgWrpW2xHWNEZnnwNqmD4o - 101 null null 151874.5426ms
2026-04-08 13:18:09.361 [INF] Microsoft.AspNetCore.Routing.EndpointMiddleware | Executed endpoint '/hubs/employees'
2026-04-08 13:18:09.361 [INF] Serilog.AspNetCore.RequestLoggingMiddleware | HTTP GET /hubs/employees → 101 (151939.4ms)
2026-04-08 13:18:09.361 [INF] Microsoft.AspNetCore.Hosting.Diagnostics | Request finished HTTP/1.1 GET http://localhost:5217/hubs/employees?id=mL9_WIlYwFHCX9DPo_xVUw&access_token=eyJhbGciOiJIUzI1NiIsInR5cCI6IkpXVCJ9.eyJuYW1laWQiOiIxOCIsInVuaXF1ZV9uYW1lIjoidmFzYW50aGFrdW1hciIsImVtYWlsIjoidmFzYW50aDIwMDR2a0BnbWFpbC5jb20iLCJyb2xlIjoiU3VwZXJBZG1pbiIsIk9yZ2FuaXphdGlvbklkIjoiMiIsIk9yZ2FuaXphdGlvbkxvZ28iOiIvdXBsb2Fkcy9vcmctbG9nb3Mvb3JnLWxvZ28tNTg3M2M0NzVkOTFkNGJiZDkwNDZkZWVjNjY3ZDEzNmMuanBnIiwibmJmIjoxNzc1NjI5OTc0LCJleHAiOjE3NzU3MTYzNzQsImlhdCI6MTc3NTYyOTk3NCwiaXNzIjoiUHJvRGVzWC1CYWNrZW5kIiwiYXVkIjoiUHJvRGVzWC1Gcm9udGVuZCJ9.igbT3pLpIiahwfTYCSUnLfgWrpW2xHWNEZnnwNqmD4o - 101 null null 151939.7467ms
2026-04-08 13:18:09.384 [INF] Microsoft.AspNetCore.Hosting.Diagnostics | Request starting HTTP/1.1 OPTIONS http://localhost:5217/hubs/salaryyears/negotiate?negotiateVersion=1 - null null
2026-04-08 13:18:09.384 [INF] Microsoft.AspNetCore.Cors.Infrastructure.CorsService | CORS policy execution successful.
2026-04-08 13:18:09.384 [INF] Microsoft.AspNetCore.Hosting.Diagnostics | Request finished HTTP/1.1 OPTIONS http://localhost:5217/hubs/salaryyears/negotiate?negotiateVersion=1 - 204 null null 0.2974ms
2026-04-08 13:18:09.386 [INF] Microsoft.AspNetCore.Hosting.Diagnostics | Request starting HTTP/1.1 POST http://localhost:5217/hubs/salaryyears/negotiate?negotiateVersion=1 - text/plain;charset=UTF-8 0
2026-04-08 13:18:09.386 [INF] Microsoft.AspNetCore.Cors.Infrastructure.CorsService | CORS policy execution successful.
2026-04-08 13:18:09.386 [INF] Microsoft.AspNetCore.Routing.EndpointMiddleware | Executing endpoint '/hubs/salaryyears/negotiate'
2026-04-08 13:18:09.386 [INF] Microsoft.AspNetCore.Routing.EndpointMiddleware | Executed endpoint '/hubs/salaryyears/negotiate'
2026-04-08 13:18:09.386 [INF] Serilog.AspNetCore.RequestLoggingMiddleware | HTTP POST /hubs/salaryyears/negotiate → 200 (0.1ms)
2026-04-08 13:18:09.386 [INF] Microsoft.AspNetCore.Hosting.Diagnostics | Request finished HTTP/1.1 POST http://localhost:5217/hubs/salaryyears/negotiate?negotiateVersion=1 - 200 316 application/json 0.45ms
2026-04-08 13:18:09.389 [INF] Microsoft.AspNetCore.Hosting.Diagnostics | Request starting HTTP/1.1 OPTIONS http://localhost:5217/hubs/salarysettings/negotiate?negotiateVersion=1 - null null
2026-04-08 13:18:09.389 [INF] Microsoft.AspNetCore.Cors.Infrastructure.CorsService | CORS policy execution successful.
2026-04-08 13:18:09.389 [INF] Microsoft.AspNetCore.Hosting.Diagnostics | Request finished HTTP/1.1 OPTIONS http://localhost:5217/hubs/salarysettings/negotiate?negotiateVersion=1 - 204 null null 0.1577ms
2026-04-08 13:18:09.390 [INF] Microsoft.AspNetCore.Hosting.Diagnostics | Request starting HTTP/1.1 POST http://localhost:5217/hubs/salarysettings/negotiate?negotiateVersion=1 - text/plain;charset=UTF-8 0
2026-04-08 13:18:09.390 [INF] Microsoft.AspNetCore.Cors.Infrastructure.CorsService | CORS policy execution successful.
2026-04-08 13:18:09.390 [INF] Microsoft.AspNetCore.Routing.EndpointMiddleware | Executing endpoint '/hubs/salarysettings/negotiate'
2026-04-08 13:18:09.391 [INF] Microsoft.AspNetCore.Routing.EndpointMiddleware | Executed endpoint '/hubs/salarysettings/negotiate'
2026-04-08 13:18:09.391 [INF] Serilog.AspNetCore.RequestLoggingMiddleware | HTTP POST /hubs/salarysettings/negotiate → 200 (0.1ms)
2026-04-08 13:18:09.391 [INF] Microsoft.AspNetCore.Hosting.Diagnostics | Request finished HTTP/1.1 POST http://localhost:5217/hubs/salarysettings/negotiate?negotiateVersion=1 - 200 316 application/json 0.4449ms
2026-04-08 13:18:09.391 [INF] Microsoft.AspNetCore.Hosting.Diagnostics | Request starting HTTP/1.1 POST http://localhost:5217/hubs/salaryyears/negotiate?negotiateVersion=1 - text/plain;charset=UTF-8 0
2026-04-08 13:18:09.391 [INF] Microsoft.AspNetCore.Cors.Infrastructure.CorsService | CORS policy execution successful.
2026-04-08 13:18:09.391 [INF] Microsoft.AspNetCore.Routing.EndpointMiddleware | Executing endpoint '/hubs/salaryyears/negotiate'
2026-04-08 13:18:09.391 [INF] Microsoft.AspNetCore.Routing.EndpointMiddleware | Executed endpoint '/hubs/salaryyears/negotiate'
2026-04-08 13:18:09.391 [INF] Serilog.AspNetCore.RequestLoggingMiddleware | HTTP POST /hubs/salaryyears/negotiate → 200 (0.1ms)
2026-04-08 13:18:09.391 [INF] Microsoft.AspNetCore.Hosting.Diagnostics | Request finished HTTP/1.1 POST http://localhost:5217/hubs/salaryyears/negotiate?negotiateVersion=1 - 200 316 application/json 0.2417ms
2026-04-08 13:18:09.394 [INF] Microsoft.AspNetCore.Hosting.Diagnostics | Request starting HTTP/1.1 POST http://localhost:5217/hubs/salarysettings/negotiate?negotiateVersion=1 - text/plain;charset=UTF-8 0
2026-04-08 13:18:09.394 [INF] Microsoft.AspNetCore.Cors.Infrastructure.CorsService | CORS policy execution successful.
2026-04-08 13:18:09.394 [INF] Microsoft.AspNetCore.Routing.EndpointMiddleware | Executing endpoint '/hubs/salarysettings/negotiate'
2026-04-08 13:18:09.394 [INF] Microsoft.AspNetCore.Routing.EndpointMiddleware | Executed endpoint '/hubs/salarysettings/negotiate'
2026-04-08 13:18:09.394 [INF] Serilog.AspNetCore.RequestLoggingMiddleware | HTTP POST /hubs/salarysettings/negotiate → 200 (0.1ms)
2026-04-08 13:18:09.394 [INF] Microsoft.AspNetCore.Hosting.Diagnostics | Request finished HTTP/1.1 POST http://localhost:5217/hubs/salarysettings/negotiate?negotiateVersion=1 - 200 316 application/json 0.4244ms
2026-04-08 13:18:09.397 [INF] Microsoft.AspNetCore.Hosting.Diagnostics | Request starting HTTP/1.1 OPTIONS http://localhost:5217/hubs/employees/negotiate?negotiateVersion=1 - null null
2026-04-08 13:18:09.397 [INF] Microsoft.AspNetCore.Cors.Infrastructure.CorsService | CORS policy execution successful.
2026-04-08 13:18:09.397 [INF] Microsoft.AspNetCore.Hosting.Diagnostics | Request finished HTTP/1.1 OPTIONS http://localhost:5217/hubs/employees/negotiate?negotiateVersion=1 - 204 null null 0.2655ms
2026-04-08 13:18:09.399 [INF] Microsoft.AspNetCore.Hosting.Diagnostics | Request starting HTTP/1.1 POST http://localhost:5217/hubs/employees/negotiate?negotiateVersion=1 - text/plain;charset=UTF-8 0
2026-04-08 13:18:09.399 [INF] Microsoft.AspNetCore.Cors.Infrastructure.CorsService | CORS policy execution successful.
2026-04-08 13:18:09.399 [INF] Microsoft.AspNetCore.Routing.EndpointMiddleware | Executing endpoint '/hubs/employees/negotiate'
2026-04-08 13:18:09.399 [INF] Microsoft.AspNetCore.Routing.EndpointMiddleware | Executed endpoint '/hubs/employees/negotiate'
2026-04-08 13:18:09.399 [INF] Serilog.AspNetCore.RequestLoggingMiddleware | HTTP POST /hubs/employees/negotiate → 200 (0.1ms)
2026-04-08 13:18:09.399 [INF] Microsoft.AspNetCore.Hosting.Diagnostics | Request finished HTTP/1.1 POST http://localhost:5217/hubs/employees/negotiate?negotiateVersion=1 - 200 316 application/json 0.4322ms
2026-04-08 13:18:09.401 [INF] Microsoft.AspNetCore.Hosting.Diagnostics | Request starting HTTP/1.1 POST http://localhost:5217/hubs/employees/negotiate?negotiateVersion=1 - text/plain;charset=UTF-8 0
2026-04-08 13:18:09.401 [INF] Microsoft.AspNetCore.Cors.Infrastructure.CorsService | CORS policy execution successful.
2026-04-08 13:18:09.401 [INF] Microsoft.AspNetCore.Routing.EndpointMiddleware | Executing endpoint '/hubs/employees/negotiate'
2026-04-08 13:18:09.401 [INF] Microsoft.AspNetCore.Routing.EndpointMiddleware | Executed endpoint '/hubs/employees/negotiate'
2026-04-08 13:18:09.401 [INF] Serilog.AspNetCore.RequestLoggingMiddleware | HTTP POST /hubs/employees/negotiate → 200 (0.1ms)
2026-04-08 13:18:09.401 [INF] Microsoft.AspNetCore.Hosting.Diagnostics | Request finished HTTP/1.1 POST http://localhost:5217/hubs/employees/negotiate?negotiateVersion=1 - 200 316 application/json 0.4336ms
2026-04-08 13:18:09.417 [INF] Microsoft.AspNetCore.Hosting.Diagnostics | Request starting HTTP/1.1 GET http://localhost:5217/hubs/salaryyears?id=9-DRKGWhbVQ7ysLoNqQ2NA&access_token=eyJhbGciOiJIUzI1NiIsInR5cCI6IkpXVCJ9.eyJuYW1laWQiOiIxOCIsInVuaXF1ZV9uYW1lIjoidmFzYW50aGFrdW1hciIsImVtYWlsIjoidmFzYW50aDIwMDR2a0BnbWFpbC5jb20iLCJyb2xlIjoiU3VwZXJBZG1pbiIsIk9yZ2FuaXphdGlvbklkIjoiMiIsIk9yZ2FuaXphdGlvbkxvZ28iOiIvdXBsb2Fkcy9vcmctbG9nb3Mvb3JnLWxvZ28tNTg3M2M0NzVkOTFkNGJiZDkwNDZkZWVjNjY3ZDEzNmMuanBnIiwibmJmIjoxNzc1NjI5OTc0LCJleHAiOjE3NzU3MTYzNzQsImlhdCI6MTc3NTYyOTk3NCwiaXNzIjoiUHJvRGVzWC1CYWNrZW5kIiwiYXVkIjoiUHJvRGVzWC1Gcm9udGVuZCJ9.igbT3pLpIiahwfTYCSUnLfgWrpW2xHWNEZnnwNqmD4o - null null
2026-04-08 13:18:09.417 [INF] Microsoft.AspNetCore.Cors.Infrastructure.CorsService | CORS policy execution successful.
2026-04-08 13:18:09.417 [INF] Microsoft.AspNetCore.Routing.EndpointMiddleware | Executing endpoint '/hubs/salaryyears'
2026-04-08 13:18:09.430 [INF] Microsoft.AspNetCore.Hosting.Diagnostics | Request starting HTTP/1.1 GET http://localhost:5217/hubs/salarysettings?id=HuBeQqgLHPUaiUEmAgiNHA&access_token=eyJhbGciOiJIUzI1NiIsInR5cCI6IkpXVCJ9.eyJuYW1laWQiOiIxOCIsInVuaXF1ZV9uYW1lIjoidmFzYW50aGFrdW1hciIsImVtYWlsIjoidmFzYW50aDIwMDR2a0BnbWFpbC5jb20iLCJyb2xlIjoiU3VwZXJBZG1pbiIsIk9yZ2FuaXphdGlvbklkIjoiMiIsIk9yZ2FuaXphdGlvbkxvZ28iOiIvdXBsb2Fkcy9vcmctbG9nb3Mvb3JnLWxvZ28tNTg3M2M0NzVkOTFkNGJiZDkwNDZkZWVjNjY3ZDEzNmMuanBnIiwibmJmIjoxNzc1NjI5OTc0LCJleHAiOjE3NzU3MTYzNzQsImlhdCI6MTc3NTYyOTk3NCwiaXNzIjoiUHJvRGVzWC1CYWNrZW5kIiwiYXVkIjoiUHJvRGVzWC1Gcm9udGVuZCJ9.igbT3pLpIiahwfTYCSUnLfgWrpW2xHWNEZnnwNqmD4o - null null
2026-04-08 13:18:09.430 [INF] Microsoft.AspNetCore.Cors.Infrastructure.CorsService | CORS policy execution successful.
2026-04-08 13:18:09.430 [INF] Microsoft.AspNetCore.Routing.EndpointMiddleware | Executing endpoint '/hubs/salarysettings'
2026-04-08 13:18:09.446 [INF] Microsoft.AspNetCore.Hosting.Diagnostics | Request starting HTTP/1.1 GET http://localhost:5217/hubs/salaryyears?id=Z4moC8tZOOMytjH1EW3Qbg&access_token=eyJhbGciOiJIUzI1NiIsInR5cCI6IkpXVCJ9.eyJuYW1laWQiOiIxOCIsInVuaXF1ZV9uYW1lIjoidmFzYW50aGFrdW1hciIsImVtYWlsIjoidmFzYW50aDIwMDR2a0BnbWFpbC5jb20iLCJyb2xlIjoiU3VwZXJBZG1pbiIsIk9yZ2FuaXphdGlvbklkIjoiMiIsIk9yZ2FuaXphdGlvbkxvZ28iOiIvdXBsb2Fkcy9vcmctbG9nb3Mvb3JnLWxvZ28tNTg3M2M0NzVkOTFkNGJiZDkwNDZkZWVjNjY3ZDEzNmMuanBnIiwibmJmIjoxNzc1NjI5OTc0LCJleHAiOjE3NzU3MTYzNzQsImlhdCI6MTc3NTYyOTk3NCwiaXNzIjoiUHJvRGVzWC1CYWNrZW5kIiwiYXVkIjoiUHJvRGVzWC1Gcm9udGVuZCJ9.igbT3pLpIiahwfTYCSUnLfgWrpW2xHWNEZnnwNqmD4o - null null
2026-04-08 13:18:09.446 [INF] Microsoft.AspNetCore.Cors.Infrastructure.CorsService | CORS policy execution successful.
2026-04-08 13:18:09.446 [INF] Microsoft.AspNetCore.Routing.EndpointMiddleware | Executing endpoint '/hubs/salaryyears'
2026-04-08 13:18:09.467 [INF] Microsoft.AspNetCore.Hosting.Diagnostics | Request starting HTTP/1.1 GET http://localhost:5217/hubs/salarysettings?id=70zEM9wwETxbE44PYX2agA&access_token=eyJhbGciOiJIUzI1NiIsInR5cCI6IkpXVCJ9.eyJuYW1laWQiOiIxOCIsInVuaXF1ZV9uYW1lIjoidmFzYW50aGFrdW1hciIsImVtYWlsIjoidmFzYW50aDIwMDR2a0BnbWFpbC5jb20iLCJyb2xlIjoiU3VwZXJBZG1pbiIsIk9yZ2FuaXphdGlvbklkIjoiMiIsIk9yZ2FuaXphdGlvbkxvZ28iOiIvdXBsb2Fkcy9vcmctbG9nb3Mvb3JnLWxvZ28tNTg3M2M0NzVkOTFkNGJiZDkwNDZkZWVjNjY3ZDEzNmMuanBnIiwibmJmIjoxNzc1NjI5OTc0LCJleHAiOjE3NzU3MTYzNzQsImlhdCI6MTc3NTYyOTk3NCwiaXNzIjoiUHJvRGVzWC1CYWNrZW5kIiwiYXVkIjoiUHJvRGVzWC1Gcm9udGVuZCJ9.igbT3pLpIiahwfTYCSUnLfgWrpW2xHWNEZnnwNqmD4o - null null
2026-04-08 13:18:09.467 [INF] Microsoft.AspNetCore.Cors.Infrastructure.CorsService | CORS policy execution successful.
2026-04-08 13:18:09.468 [INF] Microsoft.AspNetCore.Routing.EndpointMiddleware | Executing endpoint '/hubs/salarysettings'
2026-04-08 13:18:09.483 [INF] Microsoft.AspNetCore.Hosting.Diagnostics | Request starting HTTP/1.1 GET http://localhost:5217/hubs/employees?id=9YTc61s2jo6cbZrhLt2PnQ&access_token=eyJhbGciOiJIUzI1NiIsInR5cCI6IkpXVCJ9.eyJuYW1laWQiOiIxOCIsInVuaXF1ZV9uYW1lIjoidmFzYW50aGFrdW1hciIsImVtYWlsIjoidmFzYW50aDIwMDR2a0BnbWFpbC5jb20iLCJyb2xlIjoiU3VwZXJBZG1pbiIsIk9yZ2FuaXphdGlvbklkIjoiMiIsIk9yZ2FuaXphdGlvbkxvZ28iOiIvdXBsb2Fkcy9vcmctbG9nb3Mvb3JnLWxvZ28tNTg3M2M0NzVkOTFkNGJiZDkwNDZkZWVjNjY3ZDEzNmMuanBnIiwibmJmIjoxNzc1NjI5OTc0LCJleHAiOjE3NzU3MTYzNzQsImlhdCI6MTc3NTYyOTk3NCwiaXNzIjoiUHJvRGVzWC1CYWNrZW5kIiwiYXVkIjoiUHJvRGVzWC1Gcm9udGVuZCJ9.igbT3pLpIiahwfTYCSUnLfgWrpW2xHWNEZnnwNqmD4o - null null
2026-04-08 13:18:09.483 [INF] Microsoft.AspNetCore.Cors.Infrastructure.CorsService | CORS policy execution successful.
2026-04-08 13:18:09.483 [INF] Microsoft.AspNetCore.Routing.EndpointMiddleware | Executing endpoint '/hubs/employees'
2026-04-08 13:18:09.499 [INF] Microsoft.AspNetCore.Hosting.Diagnostics | Request starting HTTP/1.1 GET http://localhost:5217/hubs/employees?id=s1kWE47uY3MPm_ZOsdBYhg&access_token=eyJhbGciOiJIUzI1NiIsInR5cCI6IkpXVCJ9.eyJuYW1laWQiOiIxOCIsInVuaXF1ZV9uYW1lIjoidmFzYW50aGFrdW1hciIsImVtYWlsIjoidmFzYW50aDIwMDR2a0BnbWFpbC5jb20iLCJyb2xlIjoiU3VwZXJBZG1pbiIsIk9yZ2FuaXphdGlvbklkIjoiMiIsIk9yZ2FuaXphdGlvbkxvZ28iOiIvdXBsb2Fkcy9vcmctbG9nb3Mvb3JnLWxvZ28tNTg3M2M0NzVkOTFkNGJiZDkwNDZkZWVjNjY3ZDEzNmMuanBnIiwibmJmIjoxNzc1NjI5OTc0LCJleHAiOjE3NzU3MTYzNzQsImlhdCI6MTc3NTYyOTk3NCwiaXNzIjoiUHJvRGVzWC1CYWNrZW5kIiwiYXVkIjoiUHJvRGVzWC1Gcm9udGVuZCJ9.igbT3pLpIiahwfTYCSUnLfgWrpW2xHWNEZnnwNqmD4o - null null
2026-04-08 13:18:09.499 [INF] Microsoft.AspNetCore.Cors.Infrastructure.CorsService | CORS policy execution successful.
2026-04-08 13:18:09.499 [INF] Microsoft.AspNetCore.Routing.EndpointMiddleware | Executing endpoint '/hubs/employees'
2026-04-08 13:20:15.351 [INF] Microsoft.AspNetCore.Routing.EndpointMiddleware | Executed endpoint '/hubs/employees'
2026-04-08 13:20:15.352 [INF] Serilog.AspNetCore.RequestLoggingMiddleware | HTTP GET /hubs/employees → 101 (125868.2ms)
2026-04-08 13:20:15.352 [INF] Microsoft.AspNetCore.Hosting.Diagnostics | Request finished HTTP/1.1 GET http://localhost:5217/hubs/employees?id=9YTc61s2jo6cbZrhLt2PnQ&access_token=eyJhbGciOiJIUzI1NiIsInR5cCI6IkpXVCJ9.eyJuYW1laWQiOiIxOCIsInVuaXF1ZV9uYW1lIjoidmFzYW50aGFrdW1hciIsImVtYWlsIjoidmFzYW50aDIwMDR2a0BnbWFpbC5jb20iLCJyb2xlIjoiU3VwZXJBZG1pbiIsIk9yZ2FuaXphdGlvbklkIjoiMiIsIk9yZ2FuaXphdGlvbkxvZ28iOiIvdXBsb2Fkcy9vcmctbG9nb3Mvb3JnLWxvZ28tNTg3M2M0NzVkOTFkNGJiZDkwNDZkZWVjNjY3ZDEzNmMuanBnIiwibmJmIjoxNzc1NjI5OTc0LCJleHAiOjE3NzU3MTYzNzQsImlhdCI6MTc3NTYyOTk3NCwiaXNzIjoiUHJvRGVzWC1CYWNrZW5kIiwiYXVkIjoiUHJvRGVzWC1Gcm9udGVuZCJ9.igbT3pLpIiahwfTYCSUnLfgWrpW2xHWNEZnnwNqmD4o - 101 null null 125868.5757ms
2026-04-08 13:20:15.352 [INF] Microsoft.AspNetCore.Routing.EndpointMiddleware | Executed endpoint '/hubs/salarysettings'
2026-04-08 13:20:15.352 [INF] Serilog.AspNetCore.RequestLoggingMiddleware | HTTP GET /hubs/salarysettings → 101 (125921.9ms)
2026-04-08 13:20:15.352 [INF] Microsoft.AspNetCore.Routing.EndpointMiddleware | Executed endpoint '/hubs/salaryyears'
2026-04-08 13:20:15.352 [INF] Microsoft.AspNetCore.Hosting.Diagnostics | Request finished HTTP/1.1 GET http://localhost:5217/hubs/salarysettings?id=HuBeQqgLHPUaiUEmAgiNHA&access_token=eyJhbGciOiJIUzI1NiIsInR5cCI6IkpXVCJ9.eyJuYW1laWQiOiIxOCIsInVuaXF1ZV9uYW1lIjoidmFzYW50aGFrdW1hciIsImVtYWlsIjoidmFzYW50aDIwMDR2a0BnbWFpbC5jb20iLCJyb2xlIjoiU3VwZXJBZG1pbiIsIk9yZ2FuaXphdGlvbklkIjoiMiIsIk9yZ2FuaXphdGlvbkxvZ28iOiIvdXBsb2Fkcy9vcmctbG9nb3Mvb3JnLWxvZ28tNTg3M2M0NzVkOTFkNGJiZDkwNDZkZWVjNjY3ZDEzNmMuanBnIiwibmJmIjoxNzc1NjI5OTc0LCJleHAiOjE3NzU3MTYzNzQsImlhdCI6MTc3NTYyOTk3NCwiaXNzIjoiUHJvRGVzWC1CYWNrZW5kIiwiYXVkIjoiUHJvRGVzWC1Gcm9udGVuZCJ9.igbT3pLpIiahwfTYCSUnLfgWrpW2xHWNEZnnwNqmD4o - 101 null null 125922.24ms
2026-04-08 13:20:15.352 [INF] Microsoft.AspNetCore.Routing.EndpointMiddleware | Executed endpoint '/hubs/employees'
2026-04-08 13:20:15.352 [INF] Serilog.AspNetCore.RequestLoggingMiddleware | HTTP GET /hubs/employees → 101 (125853.1ms)
2026-04-08 13:20:15.352 [INF] Microsoft.AspNetCore.Hosting.Diagnostics | Request finished HTTP/1.1 GET http://localhost:5217/hubs/employees?id=s1kWE47uY3MPm_ZOsdBYhg&access_token=eyJhbGciOiJIUzI1NiIsInR5cCI6IkpXVCJ9.eyJuYW1laWQiOiIxOCIsInVuaXF1ZV9uYW1lIjoidmFzYW50aGFrdW1hciIsImVtYWlsIjoidmFzYW50aDIwMDR2a0BnbWFpbC5jb20iLCJyb2xlIjoiU3VwZXJBZG1pbiIsIk9yZ2FuaXphdGlvbklkIjoiMiIsIk9yZ2FuaXphdGlvbkxvZ28iOiIvdXBsb2Fkcy9vcmctbG9nb3Mvb3JnLWxvZ28tNTg3M2M0NzVkOTFkNGJiZDkwNDZkZWVjNjY3ZDEzNmMuanBnIiwibmJmIjoxNzc1NjI5OTc0LCJleHAiOjE3NzU3MTYzNzQsImlhdCI6MTc3NTYyOTk3NCwiaXNzIjoiUHJvRGVzWC1CYWNrZW5kIiwiYXVkIjoiUHJvRGVzWC1Gcm9udGVuZCJ9.igbT3pLpIiahwfTYCSUnLfgWrpW2xHWNEZnnwNqmD4o - 101 null null 125853.3718ms
2026-04-08 13:20:15.352 [INF] Microsoft.AspNetCore.Routing.EndpointMiddleware | Executed endpoint '/hubs/salarysettings'
2026-04-08 13:20:15.352 [INF] Serilog.AspNetCore.RequestLoggingMiddleware | HTTP GET /hubs/salarysettings → 101 (125884.5ms)
2026-04-08 13:20:15.352 [INF] Microsoft.AspNetCore.Hosting.Diagnostics | Request finished HTTP/1.1 GET http://localhost:5217/hubs/salarysettings?id=70zEM9wwETxbE44PYX2agA&access_token=eyJhbGciOiJIUzI1NiIsInR5cCI6IkpXVCJ9.eyJuYW1laWQiOiIxOCIsInVuaXF1ZV9uYW1lIjoidmFzYW50aGFrdW1hciIsImVtYWlsIjoidmFzYW50aDIwMDR2a0BnbWFpbC5jb20iLCJyb2xlIjoiU3VwZXJBZG1pbiIsIk9yZ2FuaXphdGlvbklkIjoiMiIsIk9yZ2FuaXphdGlvbkxvZ28iOiIvdXBsb2Fkcy9vcmctbG9nb3Mvb3JnLWxvZ28tNTg3M2M0NzVkOTFkNGJiZDkwNDZkZWVjNjY3ZDEzNmMuanBnIiwibmJmIjoxNzc1NjI5OTc0LCJleHAiOjE3NzU3MTYzNzQsImlhdCI6MTc3NTYyOTk3NCwiaXNzIjoiUHJvRGVzWC1CYWNrZW5kIiwiYXVkIjoiUHJvRGVzWC1Gcm9udGVuZCJ9.igbT3pLpIiahwfTYCSUnLfgWrpW2xHWNEZnnwNqmD4o - 101 null null 125884.9646ms
2026-04-08 13:20:15.353 [INF] Serilog.AspNetCore.RequestLoggingMiddleware | HTTP GET /hubs/salaryyears → 101 (125906.4ms)
2026-04-08 13:20:15.353 [INF] Microsoft.AspNetCore.Hosting.Diagnostics | Request finished HTTP/1.1 GET http://localhost:5217/hubs/salaryyears?id=Z4moC8tZOOMytjH1EW3Qbg&access_token=eyJhbGciOiJIUzI1NiIsInR5cCI6IkpXVCJ9.eyJuYW1laWQiOiIxOCIsInVuaXF1ZV9uYW1lIjoidmFzYW50aGFrdW1hciIsImVtYWlsIjoidmFzYW50aDIwMDR2a0BnbWFpbC5jb20iLCJyb2xlIjoiU3VwZXJBZG1pbiIsIk9yZ2FuaXphdGlvbklkIjoiMiIsIk9yZ2FuaXphdGlvbkxvZ28iOiIvdXBsb2Fkcy9vcmctbG9nb3Mvb3JnLWxvZ28tNTg3M2M0NzVkOTFkNGJiZDkwNDZkZWVjNjY3ZDEzNmMuanBnIiwibmJmIjoxNzc1NjI5OTc0LCJleHAiOjE3NzU3MTYzNzQsImlhdCI6MTc3NTYyOTk3NCwiaXNzIjoiUHJvRGVzWC1CYWNrZW5kIiwiYXVkIjoiUHJvRGVzWC1Gcm9udGVuZCJ9.igbT3pLpIiahwfTYCSUnLfgWrpW2xHWNEZnnwNqmD4o - 101 null null 125906.7729ms
2026-04-08 13:20:15.355 [INF] Microsoft.AspNetCore.Routing.EndpointMiddleware | Executed endpoint '/hubs/salaryyears'
2026-04-08 13:20:15.356 [INF] Serilog.AspNetCore.RequestLoggingMiddleware | HTTP GET /hubs/salaryyears → 101 (125938.7ms)
2026-04-08 13:20:15.356 [INF] Microsoft.AspNetCore.Hosting.Diagnostics | Request finished HTTP/1.1 GET http://localhost:5217/hubs/salaryyears?id=9-DRKGWhbVQ7ysLoNqQ2NA&access_token=eyJhbGciOiJIUzI1NiIsInR5cCI6IkpXVCJ9.eyJuYW1laWQiOiIxOCIsInVuaXF1ZV9uYW1lIjoidmFzYW50aGFrdW1hciIsImVtYWlsIjoidmFzYW50aDIwMDR2a0BnbWFpbC5jb20iLCJyb2xlIjoiU3VwZXJBZG1pbiIsIk9yZ2FuaXphdGlvbklkIjoiMiIsIk9yZ2FuaXphdGlvbkxvZ28iOiIvdXBsb2Fkcy9vcmctbG9nb3Mvb3JnLWxvZ28tNTg3M2M0NzVkOTFkNGJiZDkwNDZkZWVjNjY3ZDEzNmMuanBnIiwibmJmIjoxNzc1NjI5OTc0LCJleHAiOjE3NzU3MTYzNzQsImlhdCI6MTc3NTYyOTk3NCwiaXNzIjoiUHJvRGVzWC1CYWNrZW5kIiwiYXVkIjoiUHJvRGVzWC1Gcm9udGVuZCJ9.igbT3pLpIiahwfTYCSUnLfgWrpW2xHWNEZnnwNqmD4o - 101 null null 125939.0485ms
2026-04-08 13:20:15.427 [INF] Microsoft.AspNetCore.Hosting.Diagnostics | Request starting HTTP/1.1 OPTIONS http://localhost:5217/hubs/employees/negotiate?negotiateVersion=1 - null null
2026-04-08 13:20:15.427 [INF] Microsoft.AspNetCore.Cors.Infrastructure.CorsService | CORS policy execution successful.
2026-04-08 13:20:15.427 [INF] Microsoft.AspNetCore.Hosting.Diagnostics | Request finished HTTP/1.1 OPTIONS http://localhost:5217/hubs/employees/negotiate?negotiateVersion=1 - 204 null null 0.195ms
2026-04-08 13:20:15.428 [INF] Microsoft.AspNetCore.Hosting.Diagnostics | Request starting HTTP/1.1 POST http://localhost:5217/hubs/employees/negotiate?negotiateVersion=1 - text/plain;charset=UTF-8 0
2026-04-08 13:20:15.428 [INF] Microsoft.AspNetCore.Cors.Infrastructure.CorsService | CORS policy execution successful.
2026-04-08 13:20:15.429 [INF] Microsoft.AspNetCore.Routing.EndpointMiddleware | Executing endpoint '/hubs/employees/negotiate'
2026-04-08 13:20:15.429 [INF] Microsoft.AspNetCore.Routing.EndpointMiddleware | Executed endpoint '/hubs/employees/negotiate'
2026-04-08 13:20:15.429 [INF] Serilog.AspNetCore.RequestLoggingMiddleware | HTTP POST /hubs/employees/negotiate → 200 (0.1ms)
2026-04-08 13:20:15.429 [INF] Microsoft.AspNetCore.Hosting.Diagnostics | Request finished HTTP/1.1 POST http://localhost:5217/hubs/employees/negotiate?negotiateVersion=1 - 200 316 application/json 0.3732ms
2026-04-08 13:20:15.433 [INF] Microsoft.AspNetCore.Hosting.Diagnostics | Request starting HTTP/1.1 OPTIONS http://localhost:5217/hubs/salarysettings/negotiate?negotiateVersion=1 - null null
2026-04-08 13:20:15.433 [INF] Microsoft.AspNetCore.Cors.Infrastructure.CorsService | CORS policy execution successful.
2026-04-08 13:20:15.433 [INF] Microsoft.AspNetCore.Hosting.Diagnostics | Request finished HTTP/1.1 OPTIONS http://localhost:5217/hubs/salarysettings/negotiate?negotiateVersion=1 - 204 null null 0.1391ms
2026-04-08 13:20:15.434 [INF] Microsoft.AspNetCore.Hosting.Diagnostics | Request starting HTTP/1.1 POST http://localhost:5217/hubs/salarysettings/negotiate?negotiateVersion=1 - text/plain;charset=UTF-8 0
2026-04-08 13:20:15.434 [INF] Microsoft.AspNetCore.Cors.Infrastructure.CorsService | CORS policy execution successful.
2026-04-08 13:20:15.434 [INF] Microsoft.AspNetCore.Routing.EndpointMiddleware | Executing endpoint '/hubs/salarysettings/negotiate'
2026-04-08 13:20:15.434 [INF] Microsoft.AspNetCore.Routing.EndpointMiddleware | Executed endpoint '/hubs/salarysettings/negotiate'
2026-04-08 13:20:15.434 [INF] Serilog.AspNetCore.RequestLoggingMiddleware | HTTP POST /hubs/salarysettings/negotiate → 200 (0.2ms)
2026-04-08 13:20:15.434 [INF] Microsoft.AspNetCore.Hosting.Diagnostics | Request finished HTTP/1.1 POST http://localhost:5217/hubs/salarysettings/negotiate?negotiateVersion=1 - 200 316 application/json 0.4239ms
2026-04-08 13:20:15.436 [INF] Microsoft.AspNetCore.Hosting.Diagnostics | Request starting HTTP/1.1 OPTIONS http://localhost:5217/hubs/salaryyears/negotiate?negotiateVersion=1 - null null
2026-04-08 13:20:15.436 [INF] Microsoft.AspNetCore.Cors.Infrastructure.CorsService | CORS policy execution successful.
2026-04-08 13:20:15.436 [INF] Microsoft.AspNetCore.Hosting.Diagnostics | Request finished HTTP/1.1 OPTIONS http://localhost:5217/hubs/salaryyears/negotiate?negotiateVersion=1 - 204 null null 0.1357ms
2026-04-08 13:20:15.437 [INF] Microsoft.AspNetCore.Hosting.Diagnostics | Request starting HTTP/1.1 POST http://localhost:5217/hubs/salaryyears/negotiate?negotiateVersion=1 - text/plain;charset=UTF-8 0
2026-04-08 13:20:15.437 [INF] Microsoft.AspNetCore.Cors.Infrastructure.CorsService | CORS policy execution successful.
2026-04-08 13:20:15.437 [INF] Microsoft.AspNetCore.Routing.EndpointMiddleware | Executing endpoint '/hubs/salaryyears/negotiate'
2026-04-08 13:20:15.437 [INF] Microsoft.AspNetCore.Routing.EndpointMiddleware | Executed endpoint '/hubs/salaryyears/negotiate'
2026-04-08 13:20:15.437 [INF] Serilog.AspNetCore.RequestLoggingMiddleware | HTTP POST /hubs/salaryyears/negotiate → 200 (0.1ms)
2026-04-08 13:20:15.437 [INF] Microsoft.AspNetCore.Hosting.Diagnostics | Request finished HTTP/1.1 POST http://localhost:5217/hubs/salaryyears/negotiate?negotiateVersion=1 - 200 316 application/json 0.2671ms
2026-04-08 13:20:15.440 [INF] Microsoft.AspNetCore.Hosting.Diagnostics | Request starting HTTP/1.1 POST http://localhost:5217/hubs/salaryyears/negotiate?negotiateVersion=1 - text/plain;charset=UTF-8 0
2026-04-08 13:20:15.440 [INF] Microsoft.AspNetCore.Cors.Infrastructure.CorsService | CORS policy execution successful.
2026-04-08 13:20:15.440 [INF] Microsoft.AspNetCore.Routing.EndpointMiddleware | Executing endpoint '/hubs/salaryyears/negotiate'
2026-04-08 13:20:15.440 [INF] Microsoft.AspNetCore.Routing.EndpointMiddleware | Executed endpoint '/hubs/salaryyears/negotiate'
2026-04-08 13:20:15.441 [INF] Serilog.AspNetCore.RequestLoggingMiddleware | HTTP POST /hubs/salaryyears/negotiate → 200 (0.1ms)
2026-04-08 13:20:15.441 [INF] Microsoft.AspNetCore.Hosting.Diagnostics | Request finished HTTP/1.1 POST http://localhost:5217/hubs/salaryyears/negotiate?negotiateVersion=1 - 200 316 application/json 0.4968ms
2026-04-08 13:20:15.444 [INF] Microsoft.AspNetCore.Hosting.Diagnostics | Request starting HTTP/1.1 POST http://localhost:5217/hubs/employees/negotiate?negotiateVersion=1 - text/plain;charset=UTF-8 0
2026-04-08 13:20:15.444 [INF] Microsoft.AspNetCore.Cors.Infrastructure.CorsService | CORS policy execution successful.
2026-04-08 13:20:15.445 [INF] Microsoft.AspNetCore.Routing.EndpointMiddleware | Executing endpoint '/hubs/employees/negotiate'
2026-04-08 13:20:15.445 [INF] Microsoft.AspNetCore.Routing.EndpointMiddleware | Executed endpoint '/hubs/employees/negotiate'
2026-04-08 13:20:15.445 [INF] Serilog.AspNetCore.RequestLoggingMiddleware | HTTP POST /hubs/employees/negotiate → 200 (0.1ms)
2026-04-08 13:20:15.445 [INF] Microsoft.AspNetCore.Hosting.Diagnostics | Request finished HTTP/1.1 POST http://localhost:5217/hubs/employees/negotiate?negotiateVersion=1 - 200 316 application/json 0.4218ms
2026-04-08 13:20:15.447 [INF] Microsoft.AspNetCore.Hosting.Diagnostics | Request starting HTTP/1.1 POST http://localhost:5217/hubs/salarysettings/negotiate?negotiateVersion=1 - text/plain;charset=UTF-8 0
2026-04-08 13:20:15.447 [INF] Microsoft.AspNetCore.Cors.Infrastructure.CorsService | CORS policy execution successful.
2026-04-08 13:20:15.447 [INF] Microsoft.AspNetCore.Routing.EndpointMiddleware | Executing endpoint '/hubs/salarysettings/negotiate'
2026-04-08 13:20:15.447 [INF] Microsoft.AspNetCore.Routing.EndpointMiddleware | Executed endpoint '/hubs/salarysettings/negotiate'
2026-04-08 13:20:15.447 [INF] Serilog.AspNetCore.RequestLoggingMiddleware | HTTP POST /hubs/salarysettings/negotiate → 200 (0.1ms)
2026-04-08 13:20:15.448 [INF] Microsoft.AspNetCore.Hosting.Diagnostics | Request finished HTTP/1.1 POST http://localhost:5217/hubs/salarysettings/negotiate?negotiateVersion=1 - 200 316 application/json 0.4766ms
2026-04-08 13:20:15.454 [INF] Microsoft.AspNetCore.Hosting.Diagnostics | Request starting HTTP/1.1 GET http://localhost:5217/hubs/employees?id=iVR1VgtMoJf-JNIBs0wi5Q&access_token=eyJhbGciOiJIUzI1NiIsInR5cCI6IkpXVCJ9.eyJuYW1laWQiOiIxOCIsInVuaXF1ZV9uYW1lIjoidmFzYW50aGFrdW1hciIsImVtYWlsIjoidmFzYW50aDIwMDR2a0BnbWFpbC5jb20iLCJyb2xlIjoiU3VwZXJBZG1pbiIsIk9yZ2FuaXphdGlvbklkIjoiMiIsIk9yZ2FuaXphdGlvbkxvZ28iOiIvdXBsb2Fkcy9vcmctbG9nb3Mvb3JnLWxvZ28tNTg3M2M0NzVkOTFkNGJiZDkwNDZkZWVjNjY3ZDEzNmMuanBnIiwibmJmIjoxNzc1NjI5OTc0LCJleHAiOjE3NzU3MTYzNzQsImlhdCI6MTc3NTYyOTk3NCwiaXNzIjoiUHJvRGVzWC1CYWNrZW5kIiwiYXVkIjoiUHJvRGVzWC1Gcm9udGVuZCJ9.igbT3pLpIiahwfTYCSUnLfgWrpW2xHWNEZnnwNqmD4o - null null
2026-04-08 13:20:15.455 [INF] Microsoft.AspNetCore.Cors.Infrastructure.CorsService | CORS policy execution successful.
2026-04-08 13:20:15.455 [INF] Microsoft.AspNetCore.Routing.EndpointMiddleware | Executing endpoint '/hubs/employees'
2026-04-08 13:20:15.468 [INF] Microsoft.AspNetCore.Hosting.Diagnostics | Request starting HTTP/1.1 GET http://localhost:5217/hubs/salarysettings?id=pnks9OdfL37s8Jam6FvDRg&access_token=eyJhbGciOiJIUzI1NiIsInR5cCI6IkpXVCJ9.eyJuYW1laWQiOiIxOCIsInVuaXF1ZV9uYW1lIjoidmFzYW50aGFrdW1hciIsImVtYWlsIjoidmFzYW50aDIwMDR2a0BnbWFpbC5jb20iLCJyb2xlIjoiU3VwZXJBZG1pbiIsIk9yZ2FuaXphdGlvbklkIjoiMiIsIk9yZ2FuaXphdGlvbkxvZ28iOiIvdXBsb2Fkcy9vcmctbG9nb3Mvb3JnLWxvZ28tNTg3M2M0NzVkOTFkNGJiZDkwNDZkZWVjNjY3ZDEzNmMuanBnIiwibmJmIjoxNzc1NjI5OTc0LCJleHAiOjE3NzU3MTYzNzQsImlhdCI6MTc3NTYyOTk3NCwiaXNzIjoiUHJvRGVzWC1CYWNrZW5kIiwiYXVkIjoiUHJvRGVzWC1Gcm9udGVuZCJ9.igbT3pLpIiahwfTYCSUnLfgWrpW2xHWNEZnnwNqmD4o - null null
2026-04-08 13:20:15.468 [INF] Microsoft.AspNetCore.Cors.Infrastructure.CorsService | CORS policy execution successful.
2026-04-08 13:20:15.469 [INF] Microsoft.AspNetCore.Routing.EndpointMiddleware | Executing endpoint '/hubs/salarysettings'
2026-04-08 13:20:15.481 [INF] Microsoft.AspNetCore.Hosting.Diagnostics | Request starting HTTP/1.1 GET http://localhost:5217/hubs/salaryyears?id=ycpWxK3Ko3BWS8n_OG1dSQ&access_token=eyJhbGciOiJIUzI1NiIsInR5cCI6IkpXVCJ9.eyJuYW1laWQiOiIxOCIsInVuaXF1ZV9uYW1lIjoidmFzYW50aGFrdW1hciIsImVtYWlsIjoidmFzYW50aDIwMDR2a0BnbWFpbC5jb20iLCJyb2xlIjoiU3VwZXJBZG1pbiIsIk9yZ2FuaXphdGlvbklkIjoiMiIsIk9yZ2FuaXphdGlvbkxvZ28iOiIvdXBsb2Fkcy9vcmctbG9nb3Mvb3JnLWxvZ28tNTg3M2M0NzVkOTFkNGJiZDkwNDZkZWVjNjY3ZDEzNmMuanBnIiwibmJmIjoxNzc1NjI5OTc0LCJleHAiOjE3NzU3MTYzNzQsImlhdCI6MTc3NTYyOTk3NCwiaXNzIjoiUHJvRGVzWC1CYWNrZW5kIiwiYXVkIjoiUHJvRGVzWC1Gcm9udGVuZCJ9.igbT3pLpIiahwfTYCSUnLfgWrpW2xHWNEZnnwNqmD4o - null null
2026-04-08 13:20:15.481 [INF] Microsoft.AspNetCore.Cors.Infrastructure.CorsService | CORS policy execution successful.
2026-04-08 13:20:15.481 [INF] Microsoft.AspNetCore.Routing.EndpointMiddleware | Executing endpoint '/hubs/salaryyears'
2026-04-08 13:20:15.502 [INF] Microsoft.AspNetCore.Hosting.Diagnostics | Request starting HTTP/1.1 GET http://localhost:5217/hubs/salaryyears?id=wAZ7jzYKbE7R7yRm5mha6g&access_token=eyJhbGciOiJIUzI1NiIsInR5cCI6IkpXVCJ9.eyJuYW1laWQiOiIxOCIsInVuaXF1ZV9uYW1lIjoidmFzYW50aGFrdW1hciIsImVtYWlsIjoidmFzYW50aDIwMDR2a0BnbWFpbC5jb20iLCJyb2xlIjoiU3VwZXJBZG1pbiIsIk9yZ2FuaXphdGlvbklkIjoiMiIsIk9yZ2FuaXphdGlvbkxvZ28iOiIvdXBsb2Fkcy9vcmctbG9nb3Mvb3JnLWxvZ28tNTg3M2M0NzVkOTFkNGJiZDkwNDZkZWVjNjY3ZDEzNmMuanBnIiwibmJmIjoxNzc1NjI5OTc0LCJleHAiOjE3NzU3MTYzNzQsImlhdCI6MTc3NTYyOTk3NCwiaXNzIjoiUHJvRGVzWC1CYWNrZW5kIiwiYXVkIjoiUHJvRGVzWC1Gcm9udGVuZCJ9.igbT3pLpIiahwfTYCSUnLfgWrpW2xHWNEZnnwNqmD4o - null null
2026-04-08 13:20:15.502 [INF] Microsoft.AspNetCore.Cors.Infrastructure.CorsService | CORS policy execution successful.
2026-04-08 13:20:15.502 [INF] Microsoft.AspNetCore.Routing.EndpointMiddleware | Executing endpoint '/hubs/salaryyears'
2026-04-08 13:20:15.517 [INF] Microsoft.AspNetCore.Hosting.Diagnostics | Request starting HTTP/1.1 GET http://localhost:5217/hubs/employees?id=2M6yYcJjBpYmfXIRH1IRnw&access_token=eyJhbGciOiJIUzI1NiIsInR5cCI6IkpXVCJ9.eyJuYW1laWQiOiIxOCIsInVuaXF1ZV9uYW1lIjoidmFzYW50aGFrdW1hciIsImVtYWlsIjoidmFzYW50aDIwMDR2a0BnbWFpbC5jb20iLCJyb2xlIjoiU3VwZXJBZG1pbiIsIk9yZ2FuaXphdGlvbklkIjoiMiIsIk9yZ2FuaXphdGlvbkxvZ28iOiIvdXBsb2Fkcy9vcmctbG9nb3Mvb3JnLWxvZ28tNTg3M2M0NzVkOTFkNGJiZDkwNDZkZWVjNjY3ZDEzNmMuanBnIiwibmJmIjoxNzc1NjI5OTc0LCJleHAiOjE3NzU3MTYzNzQsImlhdCI6MTc3NTYyOTk3NCwiaXNzIjoiUHJvRGVzWC1CYWNrZW5kIiwiYXVkIjoiUHJvRGVzWC1Gcm9udGVuZCJ9.igbT3pLpIiahwfTYCSUnLfgWrpW2xHWNEZnnwNqmD4o - null null
2026-04-08 13:20:15.518 [INF] Microsoft.AspNetCore.Cors.Infrastructure.CorsService | CORS policy execution successful.
2026-04-08 13:20:15.518 [INF] Microsoft.AspNetCore.Routing.EndpointMiddleware | Executing endpoint '/hubs/employees'
2026-04-08 13:20:15.533 [INF] Microsoft.AspNetCore.Hosting.Diagnostics | Request starting HTTP/1.1 GET http://localhost:5217/hubs/salarysettings?id=q_kihbguw5rbujPcWdu2Ig&access_token=eyJhbGciOiJIUzI1NiIsInR5cCI6IkpXVCJ9.eyJuYW1laWQiOiIxOCIsInVuaXF1ZV9uYW1lIjoidmFzYW50aGFrdW1hciIsImVtYWlsIjoidmFzYW50aDIwMDR2a0BnbWFpbC5jb20iLCJyb2xlIjoiU3VwZXJBZG1pbiIsIk9yZ2FuaXphdGlvbklkIjoiMiIsIk9yZ2FuaXphdGlvbkxvZ28iOiIvdXBsb2Fkcy9vcmctbG9nb3Mvb3JnLWxvZ28tNTg3M2M0NzVkOTFkNGJiZDkwNDZkZWVjNjY3ZDEzNmMuanBnIiwibmJmIjoxNzc1NjI5OTc0LCJleHAiOjE3NzU3MTYzNzQsImlhdCI6MTc3NTYyOTk3NCwiaXNzIjoiUHJvRGVzWC1CYWNrZW5kIiwiYXVkIjoiUHJvRGVzWC1Gcm9udGVuZCJ9.igbT3pLpIiahwfTYCSUnLfgWrpW2xHWNEZnnwNqmD4o - null null
2026-04-08 13:20:15.533 [INF] Microsoft.AspNetCore.Cors.Infrastructure.CorsService | CORS policy execution successful.
2026-04-08 13:20:15.533 [INF] Microsoft.AspNetCore.Routing.EndpointMiddleware | Executing endpoint '/hubs/salarysettings'
2026-04-08 13:22:05.351 [INF] Microsoft.AspNetCore.Routing.EndpointMiddleware | Executed endpoint '/hubs/salarysettings'
2026-04-08 13:22:05.351 [INF] Serilog.AspNetCore.RequestLoggingMiddleware | HTTP GET /hubs/salarysettings → 101 (109817.5ms)
2026-04-08 13:22:05.351 [INF] Microsoft.AspNetCore.Routing.EndpointMiddleware | Executed endpoint '/hubs/salarysettings'
2026-04-08 13:22:05.351 [INF] Microsoft.AspNetCore.Hosting.Diagnostics | Request finished HTTP/1.1 GET http://localhost:5217/hubs/salarysettings?id=q_kihbguw5rbujPcWdu2Ig&access_token=eyJhbGciOiJIUzI1NiIsInR5cCI6IkpXVCJ9.eyJuYW1laWQiOiIxOCIsInVuaXF1ZV9uYW1lIjoidmFzYW50aGFrdW1hciIsImVtYWlsIjoidmFzYW50aDIwMDR2a0BnbWFpbC5jb20iLCJyb2xlIjoiU3VwZXJBZG1pbiIsIk9yZ2FuaXphdGlvbklkIjoiMiIsIk9yZ2FuaXphdGlvbkxvZ28iOiIvdXBsb2Fkcy9vcmctbG9nb3Mvb3JnLWxvZ28tNTg3M2M0NzVkOTFkNGJiZDkwNDZkZWVjNjY3ZDEzNmMuanBnIiwibmJmIjoxNzc1NjI5OTc0LCJleHAiOjE3NzU3MTYzNzQsImlhdCI6MTc3NTYyOTk3NCwiaXNzIjoiUHJvRGVzWC1CYWNrZW5kIiwiYXVkIjoiUHJvRGVzWC1Gcm9udGVuZCJ9.igbT3pLpIiahwfTYCSUnLfgWrpW2xHWNEZnnwNqmD4o - 101 null null 109817.7961ms
2026-04-08 13:22:05.351 [INF] Serilog.AspNetCore.RequestLoggingMiddleware | HTTP GET /hubs/salarysettings → 101 (109882.5ms)
2026-04-08 13:22:05.351 [INF] Microsoft.AspNetCore.Hosting.Diagnostics | Request finished HTTP/1.1 GET http://localhost:5217/hubs/salarysettings?id=pnks9OdfL37s8Jam6FvDRg&access_token=eyJhbGciOiJIUzI1NiIsInR5cCI6IkpXVCJ9.eyJuYW1laWQiOiIxOCIsInVuaXF1ZV9uYW1lIjoidmFzYW50aGFrdW1hciIsImVtYWlsIjoidmFzYW50aDIwMDR2a0BnbWFpbC5jb20iLCJyb2xlIjoiU3VwZXJBZG1pbiIsIk9yZ2FuaXphdGlvbklkIjoiMiIsIk9yZ2FuaXphdGlvbkxvZ28iOiIvdXBsb2Fkcy9vcmctbG9nb3Mvb3JnLWxvZ28tNTg3M2M0NzVkOTFkNGJiZDkwNDZkZWVjNjY3ZDEzNmMuanBnIiwibmJmIjoxNzc1NjI5OTc0LCJleHAiOjE3NzU3MTYzNzQsImlhdCI6MTc3NTYyOTk3NCwiaXNzIjoiUHJvRGVzWC1CYWNrZW5kIiwiYXVkIjoiUHJvRGVzWC1Gcm9udGVuZCJ9.igbT3pLpIiahwfTYCSUnLfgWrpW2xHWNEZnnwNqmD4o - 101 null null 109882.9365ms
2026-04-08 13:22:05.351 [INF] Microsoft.AspNetCore.Routing.EndpointMiddleware | Executed endpoint '/hubs/employees'
2026-04-08 13:22:05.351 [INF] Serilog.AspNetCore.RequestLoggingMiddleware | HTTP GET /hubs/employees → 101 (109896.4ms)
2026-04-08 13:22:05.351 [INF] Microsoft.AspNetCore.Hosting.Diagnostics | Request finished HTTP/1.1 GET http://localhost:5217/hubs/employees?id=iVR1VgtMoJf-JNIBs0wi5Q&access_token=eyJhbGciOiJIUzI1NiIsInR5cCI6IkpXVCJ9.eyJuYW1laWQiOiIxOCIsInVuaXF1ZV9uYW1lIjoidmFzYW50aGFrdW1hciIsImVtYWlsIjoidmFzYW50aDIwMDR2a0BnbWFpbC5jb20iLCJyb2xlIjoiU3VwZXJBZG1pbiIsIk9yZ2FuaXphdGlvbklkIjoiMiIsIk9yZ2FuaXphdGlvbkxvZ28iOiIvdXBsb2Fkcy9vcmctbG9nb3Mvb3JnLWxvZ28tNTg3M2M0NzVkOTFkNGJiZDkwNDZkZWVjNjY3ZDEzNmMuanBnIiwibmJmIjoxNzc1NjI5OTc0LCJleHAiOjE3NzU3MTYzNzQsImlhdCI6MTc3NTYyOTk3NCwiaXNzIjoiUHJvRGVzWC1CYWNrZW5kIiwiYXVkIjoiUHJvRGVzWC1Gcm9udGVuZCJ9.igbT3pLpIiahwfTYCSUnLfgWrpW2xHWNEZnnwNqmD4o - 101 null null 109896.9808ms
2026-04-08 13:22:05.351 [INF] Microsoft.AspNetCore.Routing.EndpointMiddleware | Executed endpoint '/hubs/employees'
2026-04-08 13:22:05.351 [INF] Serilog.AspNetCore.RequestLoggingMiddleware | HTTP GET /hubs/employees → 101 (109833.8ms)
2026-04-08 13:22:05.352 [INF] Microsoft.AspNetCore.Hosting.Diagnostics | Request finished HTTP/1.1 GET http://localhost:5217/hubs/employees?id=2M6yYcJjBpYmfXIRH1IRnw&access_token=eyJhbGciOiJIUzI1NiIsInR5cCI6IkpXVCJ9.eyJuYW1laWQiOiIxOCIsInVuaXF1ZV9uYW1lIjoidmFzYW50aGFrdW1hciIsImVtYWlsIjoidmFzYW50aDIwMDR2a0BnbWFpbC5jb20iLCJyb2xlIjoiU3VwZXJBZG1pbiIsIk9yZ2FuaXphdGlvbklkIjoiMiIsIk9yZ2FuaXphdGlvbkxvZ28iOiIvdXBsb2Fkcy9vcmctbG9nb3Mvb3JnLWxvZ28tNTg3M2M0NzVkOTFkNGJiZDkwNDZkZWVjNjY3ZDEzNmMuanBnIiwibmJmIjoxNzc1NjI5OTc0LCJleHAiOjE3NzU3MTYzNzQsImlhdCI6MTc3NTYyOTk3NCwiaXNzIjoiUHJvRGVzWC1CYWNrZW5kIiwiYXVkIjoiUHJvRGVzWC1Gcm9udGVuZCJ9.igbT3pLpIiahwfTYCSUnLfgWrpW2xHWNEZnnwNqmD4o - 101 null null 109834.0432ms
2026-04-08 13:22:05.352 [INF] Microsoft.AspNetCore.Routing.EndpointMiddleware | Executed endpoint '/hubs/salaryyears'
2026-04-08 13:22:05.352 [INF] Serilog.AspNetCore.RequestLoggingMiddleware | HTTP GET /hubs/salaryyears → 101 (109870.3ms)
2026-04-08 13:22:05.352 [INF] Microsoft.AspNetCore.Routing.EndpointMiddleware | Executed endpoint '/hubs/salaryyears'
2026-04-08 13:22:05.352 [INF] Microsoft.AspNetCore.Hosting.Diagnostics | Request finished HTTP/1.1 GET http://localhost:5217/hubs/salaryyears?id=ycpWxK3Ko3BWS8n_OG1dSQ&access_token=eyJhbGciOiJIUzI1NiIsInR5cCI6IkpXVCJ9.eyJuYW1laWQiOiIxOCIsInVuaXF1ZV9uYW1lIjoidmFzYW50aGFrdW1hciIsImVtYWlsIjoidmFzYW50aDIwMDR2a0BnbWFpbC5jb20iLCJyb2xlIjoiU3VwZXJBZG1pbiIsIk9yZ2FuaXphdGlvbklkIjoiMiIsIk9yZ2FuaXphdGlvbkxvZ28iOiIvdXBsb2Fkcy9vcmctbG9nb3Mvb3JnLWxvZ28tNTg3M2M0NzVkOTFkNGJiZDkwNDZkZWVjNjY3ZDEzNmMuanBnIiwibmJmIjoxNzc1NjI5OTc0LCJleHAiOjE3NzU3MTYzNzQsImlhdCI6MTc3NTYyOTk3NCwiaXNzIjoiUHJvRGVzWC1CYWNrZW5kIiwiYXVkIjoiUHJvRGVzWC1Gcm9udGVuZCJ9.igbT3pLpIiahwfTYCSUnLfgWrpW2xHWNEZnnwNqmD4o - 101 null null 109870.6044ms
2026-04-08 13:22:05.352 [INF] Serilog.AspNetCore.RequestLoggingMiddleware | HTTP GET /hubs/salaryyears → 101 (109849.8ms)
2026-04-08 13:22:05.352 [INF] Microsoft.AspNetCore.Hosting.Diagnostics | Request finished HTTP/1.1 GET http://localhost:5217/hubs/salaryyears?id=wAZ7jzYKbE7R7yRm5mha6g&access_token=eyJhbGciOiJIUzI1NiIsInR5cCI6IkpXVCJ9.eyJuYW1laWQiOiIxOCIsInVuaXF1ZV9uYW1lIjoidmFzYW50aGFrdW1hciIsImVtYWlsIjoidmFzYW50aDIwMDR2a0BnbWFpbC5jb20iLCJyb2xlIjoiU3VwZXJBZG1pbiIsIk9yZ2FuaXphdGlvbklkIjoiMiIsIk9yZ2FuaXphdGlvbkxvZ28iOiIvdXBsb2Fkcy9vcmctbG9nb3Mvb3JnLWxvZ28tNTg3M2M0NzVkOTFkNGJiZDkwNDZkZWVjNjY3ZDEzNmMuanBnIiwibmJmIjoxNzc1NjI5OTc0LCJleHAiOjE3NzU3MTYzNzQsImlhdCI6MTc3NTYyOTk3NCwiaXNzIjoiUHJvRGVzWC1CYWNrZW5kIiwiYXVkIjoiUHJvRGVzWC1Gcm9udGVuZCJ9.igbT3pLpIiahwfTYCSUnLfgWrpW2xHWNEZnnwNqmD4o - 101 null null 109850.1076ms
2026-04-08 13:22:14.842 [INF] Microsoft.AspNetCore.Hosting.Diagnostics | Request starting HTTP/1.1 OPTIONS http://localhost:5217/hubs/employees/negotiate?negotiateVersion=1 - null null
2026-04-08 13:22:14.842 [INF] Microsoft.AspNetCore.Cors.Infrastructure.CorsService | CORS policy execution successful.
2026-04-08 13:22:14.842 [INF] Microsoft.AspNetCore.Hosting.Diagnostics | Request finished HTTP/1.1 OPTIONS http://localhost:5217/hubs/employees/negotiate?negotiateVersion=1 - 204 null null 0.1435ms
2026-04-08 13:22:14.843 [INF] Microsoft.AspNetCore.Hosting.Diagnostics | Request starting HTTP/1.1 POST http://localhost:5217/hubs/employees/negotiate?negotiateVersion=1 - text/plain;charset=UTF-8 0
2026-04-08 13:22:14.843 [INF] Microsoft.AspNetCore.Cors.Infrastructure.CorsService | CORS policy execution successful.
2026-04-08 13:22:14.844 [INF] Microsoft.AspNetCore.Routing.EndpointMiddleware | Executing endpoint '/hubs/employees/negotiate'
2026-04-08 13:22:14.844 [INF] Microsoft.AspNetCore.Routing.EndpointMiddleware | Executed endpoint '/hubs/employees/negotiate'
2026-04-08 13:22:14.844 [INF] Serilog.AspNetCore.RequestLoggingMiddleware | HTTP POST /hubs/employees/negotiate → 200 (0.1ms)
2026-04-08 13:22:14.844 [INF] Microsoft.AspNetCore.Hosting.Diagnostics | Request finished HTTP/1.1 POST http://localhost:5217/hubs/employees/negotiate?negotiateVersion=1 - 200 316 application/json 0.4514ms
2026-04-08 13:22:14.846 [INF] Microsoft.AspNetCore.Hosting.Diagnostics | Request starting HTTP/1.1 OPTIONS http://localhost:5217/hubs/salarysettings/negotiate?negotiateVersion=1 - null null
2026-04-08 13:22:14.846 [INF] Microsoft.AspNetCore.Cors.Infrastructure.CorsService | CORS policy execution successful.
2026-04-08 13:22:14.846 [INF] Microsoft.AspNetCore.Hosting.Diagnostics | Request finished HTTP/1.1 OPTIONS http://localhost:5217/hubs/salarysettings/negotiate?negotiateVersion=1 - 204 null null 0.2092ms
2026-04-08 13:22:14.847 [INF] Microsoft.AspNetCore.Hosting.Diagnostics | Request starting HTTP/1.1 POST http://localhost:5217/hubs/salarysettings/negotiate?negotiateVersion=1 - text/plain;charset=UTF-8 0
2026-04-08 13:22:14.847 [INF] Microsoft.AspNetCore.Cors.Infrastructure.CorsService | CORS policy execution successful.
2026-04-08 13:22:14.848 [INF] Microsoft.AspNetCore.Routing.EndpointMiddleware | Executing endpoint '/hubs/salarysettings/negotiate'
2026-04-08 13:22:14.848 [INF] Microsoft.AspNetCore.Routing.EndpointMiddleware | Executed endpoint '/hubs/salarysettings/negotiate'
2026-04-08 13:22:14.848 [INF] Serilog.AspNetCore.RequestLoggingMiddleware | HTTP POST /hubs/salarysettings/negotiate → 200 (0.1ms)
2026-04-08 13:22:14.848 [INF] Microsoft.AspNetCore.Hosting.Diagnostics | Request finished HTTP/1.1 POST http://localhost:5217/hubs/salarysettings/negotiate?negotiateVersion=1 - 200 316 application/json 0.3975ms
2026-04-08 13:22:14.849 [INF] Microsoft.AspNetCore.Hosting.Diagnostics | Request starting HTTP/1.1 OPTIONS http://localhost:5217/hubs/salaryyears/negotiate?negotiateVersion=1 - null null
2026-04-08 13:22:14.849 [INF] Microsoft.AspNetCore.Cors.Infrastructure.CorsService | CORS policy execution successful.
2026-04-08 13:22:14.849 [INF] Microsoft.AspNetCore.Hosting.Diagnostics | Request finished HTTP/1.1 OPTIONS http://localhost:5217/hubs/salaryyears/negotiate?negotiateVersion=1 - 204 null null 0.112ms
2026-04-08 13:22:14.850 [INF] Microsoft.AspNetCore.Hosting.Diagnostics | Request starting HTTP/1.1 POST http://localhost:5217/hubs/salaryyears/negotiate?negotiateVersion=1 - text/plain;charset=UTF-8 0
2026-04-08 13:22:14.850 [INF] Microsoft.AspNetCore.Cors.Infrastructure.CorsService | CORS policy execution successful.
2026-04-08 13:22:14.850 [INF] Microsoft.AspNetCore.Routing.EndpointMiddleware | Executing endpoint '/hubs/salaryyears/negotiate'
2026-04-08 13:22:14.851 [INF] Microsoft.AspNetCore.Routing.EndpointMiddleware | Executed endpoint '/hubs/salaryyears/negotiate'
2026-04-08 13:22:14.851 [INF] Serilog.AspNetCore.RequestLoggingMiddleware | HTTP POST /hubs/salaryyears/negotiate → 200 (0.1ms)
2026-04-08 13:22:14.851 [INF] Microsoft.AspNetCore.Hosting.Diagnostics | Request finished HTTP/1.1 POST http://localhost:5217/hubs/salaryyears/negotiate?negotiateVersion=1 - 200 316 application/json 0.3191ms
2026-04-08 13:22:14.853 [INF] Microsoft.AspNetCore.Hosting.Diagnostics | Request starting HTTP/1.1 POST http://localhost:5217/hubs/salaryyears/negotiate?negotiateVersion=1 - text/plain;charset=UTF-8 0
2026-04-08 13:22:14.853 [INF] Microsoft.AspNetCore.Cors.Infrastructure.CorsService | CORS policy execution successful.
2026-04-08 13:22:14.853 [INF] Microsoft.AspNetCore.Routing.EndpointMiddleware | Executing endpoint '/hubs/salaryyears/negotiate'
2026-04-08 13:22:14.853 [INF] Microsoft.AspNetCore.Routing.EndpointMiddleware | Executed endpoint '/hubs/salaryyears/negotiate'
2026-04-08 13:22:14.853 [INF] Serilog.AspNetCore.RequestLoggingMiddleware | HTTP POST /hubs/salaryyears/negotiate → 200 (0.1ms)
2026-04-08 13:22:14.853 [INF] Microsoft.AspNetCore.Hosting.Diagnostics | Request finished HTTP/1.1 POST http://localhost:5217/hubs/salaryyears/negotiate?negotiateVersion=1 - 200 316 application/json 0.2907ms
2026-04-08 13:22:14.861 [INF] Microsoft.AspNetCore.Hosting.Diagnostics | Request starting HTTP/1.1 POST http://localhost:5217/hubs/salarysettings/negotiate?negotiateVersion=1 - text/plain;charset=UTF-8 0
2026-04-08 13:22:14.861 [INF] Microsoft.AspNetCore.Cors.Infrastructure.CorsService | CORS policy execution successful.
2026-04-08 13:22:14.861 [INF] Microsoft.AspNetCore.Routing.EndpointMiddleware | Executing endpoint '/hubs/salarysettings/negotiate'
2026-04-08 13:22:14.861 [INF] Microsoft.AspNetCore.Routing.EndpointMiddleware | Executed endpoint '/hubs/salarysettings/negotiate'
2026-04-08 13:22:14.861 [INF] Serilog.AspNetCore.RequestLoggingMiddleware | HTTP POST /hubs/salarysettings/negotiate → 200 (0.1ms)
2026-04-08 13:22:14.861 [INF] Microsoft.AspNetCore.Hosting.Diagnostics | Request finished HTTP/1.1 POST http://localhost:5217/hubs/salarysettings/negotiate?negotiateVersion=1 - 200 316 application/json 0.4291ms
2026-04-08 13:22:14.864 [INF] Microsoft.AspNetCore.Hosting.Diagnostics | Request starting HTTP/1.1 POST http://localhost:5217/hubs/employees/negotiate?negotiateVersion=1 - text/plain;charset=UTF-8 0
2026-04-08 13:22:14.864 [INF] Microsoft.AspNetCore.Cors.Infrastructure.CorsService | CORS policy execution successful.
2026-04-08 13:22:14.864 [INF] Microsoft.AspNetCore.Routing.EndpointMiddleware | Executing endpoint '/hubs/employees/negotiate'
2026-04-08 13:22:14.864 [INF] Microsoft.AspNetCore.Routing.EndpointMiddleware | Executed endpoint '/hubs/employees/negotiate'
2026-04-08 13:22:14.864 [INF] Serilog.AspNetCore.RequestLoggingMiddleware | HTTP POST /hubs/employees/negotiate → 200 (0.1ms)
2026-04-08 13:22:14.864 [INF] Microsoft.AspNetCore.Hosting.Diagnostics | Request finished HTTP/1.1 POST http://localhost:5217/hubs/employees/negotiate?negotiateVersion=1 - 200 316 application/json 0.3778ms
2026-04-08 13:22:14.913 [INF] Microsoft.AspNetCore.Hosting.Diagnostics | Request starting HTTP/1.1 GET http://localhost:5217/hubs/employees?id=OHBog28nU1pWMIUQ0mUmKg&access_token=eyJhbGciOiJIUzI1NiIsInR5cCI6IkpXVCJ9.eyJuYW1laWQiOiIxOCIsInVuaXF1ZV9uYW1lIjoidmFzYW50aGFrdW1hciIsImVtYWlsIjoidmFzYW50aDIwMDR2a0BnbWFpbC5jb20iLCJyb2xlIjoiU3VwZXJBZG1pbiIsIk9yZ2FuaXphdGlvbklkIjoiMiIsIk9yZ2FuaXphdGlvbkxvZ28iOiIvdXBsb2Fkcy9vcmctbG9nb3Mvb3JnLWxvZ28tNTg3M2M0NzVkOTFkNGJiZDkwNDZkZWVjNjY3ZDEzNmMuanBnIiwibmJmIjoxNzc1NjI5OTc0LCJleHAiOjE3NzU3MTYzNzQsImlhdCI6MTc3NTYyOTk3NCwiaXNzIjoiUHJvRGVzWC1CYWNrZW5kIiwiYXVkIjoiUHJvRGVzWC1Gcm9udGVuZCJ9.igbT3pLpIiahwfTYCSUnLfgWrpW2xHWNEZnnwNqmD4o - null null
2026-04-08 13:22:14.913 [INF] Microsoft.AspNetCore.Cors.Infrastructure.CorsService | CORS policy execution successful.
2026-04-08 13:22:14.914 [INF] Microsoft.AspNetCore.Routing.EndpointMiddleware | Executing endpoint '/hubs/employees'
2026-04-08 13:22:14.932 [INF] Microsoft.AspNetCore.Hosting.Diagnostics | Request starting HTTP/1.1 GET http://localhost:5217/hubs/salarysettings?id=DN5-vN-DC90mPZuNoG4gBQ&access_token=eyJhbGciOiJIUzI1NiIsInR5cCI6IkpXVCJ9.eyJuYW1laWQiOiIxOCIsInVuaXF1ZV9uYW1lIjoidmFzYW50aGFrdW1hciIsImVtYWlsIjoidmFzYW50aDIwMDR2a0BnbWFpbC5jb20iLCJyb2xlIjoiU3VwZXJBZG1pbiIsIk9yZ2FuaXphdGlvbklkIjoiMiIsIk9yZ2FuaXphdGlvbkxvZ28iOiIvdXBsb2Fkcy9vcmctbG9nb3Mvb3JnLWxvZ28tNTg3M2M0NzVkOTFkNGJiZDkwNDZkZWVjNjY3ZDEzNmMuanBnIiwibmJmIjoxNzc1NjI5OTc0LCJleHAiOjE3NzU3MTYzNzQsImlhdCI6MTc3NTYyOTk3NCwiaXNzIjoiUHJvRGVzWC1CYWNrZW5kIiwiYXVkIjoiUHJvRGVzWC1Gcm9udGVuZCJ9.igbT3pLpIiahwfTYCSUnLfgWrpW2xHWNEZnnwNqmD4o - null null
2026-04-08 13:22:14.932 [INF] Microsoft.AspNetCore.Cors.Infrastructure.CorsService | CORS policy execution successful.
2026-04-08 13:22:14.933 [INF] Microsoft.AspNetCore.Routing.EndpointMiddleware | Executing endpoint '/hubs/salarysettings'
2026-04-08 13:22:14.946 [INF] Microsoft.AspNetCore.Hosting.Diagnostics | Request starting HTTP/1.1 GET http://localhost:5217/hubs/salaryyears?id=R5iHjBe0nr3d8GKNfj9xww&access_token=eyJhbGciOiJIUzI1NiIsInR5cCI6IkpXVCJ9.eyJuYW1laWQiOiIxOCIsInVuaXF1ZV9uYW1lIjoidmFzYW50aGFrdW1hciIsImVtYWlsIjoidmFzYW50aDIwMDR2a0BnbWFpbC5jb20iLCJyb2xlIjoiU3VwZXJBZG1pbiIsIk9yZ2FuaXphdGlvbklkIjoiMiIsIk9yZ2FuaXphdGlvbkxvZ28iOiIvdXBsb2Fkcy9vcmctbG9nb3Mvb3JnLWxvZ28tNTg3M2M0NzVkOTFkNGJiZDkwNDZkZWVjNjY3ZDEzNmMuanBnIiwibmJmIjoxNzc1NjI5OTc0LCJleHAiOjE3NzU3MTYzNzQsImlhdCI6MTc3NTYyOTk3NCwiaXNzIjoiUHJvRGVzWC1CYWNrZW5kIiwiYXVkIjoiUHJvRGVzWC1Gcm9udGVuZCJ9.igbT3pLpIiahwfTYCSUnLfgWrpW2xHWNEZnnwNqmD4o - null null
2026-04-08 13:22:14.946 [INF] Microsoft.AspNetCore.Cors.Infrastructure.CorsService | CORS policy execution successful.
2026-04-08 13:22:14.946 [INF] Microsoft.AspNetCore.Routing.EndpointMiddleware | Executing endpoint '/hubs/salaryyears'
2026-04-08 13:22:14.962 [INF] Microsoft.AspNetCore.Hosting.Diagnostics | Request starting HTTP/1.1 GET http://localhost:5217/hubs/salaryyears?id=KQKgrYx377NfW-9NRj2V6Q&access_token=eyJhbGciOiJIUzI1NiIsInR5cCI6IkpXVCJ9.eyJuYW1laWQiOiIxOCIsInVuaXF1ZV9uYW1lIjoidmFzYW50aGFrdW1hciIsImVtYWlsIjoidmFzYW50aDIwMDR2a0BnbWFpbC5jb20iLCJyb2xlIjoiU3VwZXJBZG1pbiIsIk9yZ2FuaXphdGlvbklkIjoiMiIsIk9yZ2FuaXphdGlvbkxvZ28iOiIvdXBsb2Fkcy9vcmctbG9nb3Mvb3JnLWxvZ28tNTg3M2M0NzVkOTFkNGJiZDkwNDZkZWVjNjY3ZDEzNmMuanBnIiwibmJmIjoxNzc1NjI5OTc0LCJleHAiOjE3NzU3MTYzNzQsImlhdCI6MTc3NTYyOTk3NCwiaXNzIjoiUHJvRGVzWC1CYWNrZW5kIiwiYXVkIjoiUHJvRGVzWC1Gcm9udGVuZCJ9.igbT3pLpIiahwfTYCSUnLfgWrpW2xHWNEZnnwNqmD4o - null null
2026-04-08 13:22:14.962 [INF] Microsoft.AspNetCore.Cors.Infrastructure.CorsService | CORS policy execution successful.
2026-04-08 13:22:14.963 [INF] Microsoft.AspNetCore.Routing.EndpointMiddleware | Executing endpoint '/hubs/salaryyears'
2026-04-08 13:22:14.977 [INF] Microsoft.AspNetCore.Hosting.Diagnostics | Request starting HTTP/1.1 GET http://localhost:5217/hubs/salarysettings?id=LQFI9wEQOZdBSCqlWt9CCg&access_token=eyJhbGciOiJIUzI1NiIsInR5cCI6IkpXVCJ9.eyJuYW1laWQiOiIxOCIsInVuaXF1ZV9uYW1lIjoidmFzYW50aGFrdW1hciIsImVtYWlsIjoidmFzYW50aDIwMDR2a0BnbWFpbC5jb20iLCJyb2xlIjoiU3VwZXJBZG1pbiIsIk9yZ2FuaXphdGlvbklkIjoiMiIsIk9yZ2FuaXphdGlvbkxvZ28iOiIvdXBsb2Fkcy9vcmctbG9nb3Mvb3JnLWxvZ28tNTg3M2M0NzVkOTFkNGJiZDkwNDZkZWVjNjY3ZDEzNmMuanBnIiwibmJmIjoxNzc1NjI5OTc0LCJleHAiOjE3NzU3MTYzNzQsImlhdCI6MTc3NTYyOTk3NCwiaXNzIjoiUHJvRGVzWC1CYWNrZW5kIiwiYXVkIjoiUHJvRGVzWC1Gcm9udGVuZCJ9.igbT3pLpIiahwfTYCSUnLfgWrpW2xHWNEZnnwNqmD4o - null null
2026-04-08 13:22:14.977 [INF] Microsoft.AspNetCore.Cors.Infrastructure.CorsService | CORS policy execution successful.
2026-04-08 13:22:14.978 [INF] Microsoft.AspNetCore.Routing.EndpointMiddleware | Executing endpoint '/hubs/salarysettings'
2026-04-08 13:22:14.994 [INF] Microsoft.AspNetCore.Hosting.Diagnostics | Request starting HTTP/1.1 GET http://localhost:5217/hubs/employees?id=z4sb4gFghNvUpYsWHO1mIA&access_token=eyJhbGciOiJIUzI1NiIsInR5cCI6IkpXVCJ9.eyJuYW1laWQiOiIxOCIsInVuaXF1ZV9uYW1lIjoidmFzYW50aGFrdW1hciIsImVtYWlsIjoidmFzYW50aDIwMDR2a0BnbWFpbC5jb20iLCJyb2xlIjoiU3VwZXJBZG1pbiIsIk9yZ2FuaXphdGlvbklkIjoiMiIsIk9yZ2FuaXphdGlvbkxvZ28iOiIvdXBsb2Fkcy9vcmctbG9nb3Mvb3JnLWxvZ28tNTg3M2M0NzVkOTFkNGJiZDkwNDZkZWVjNjY3ZDEzNmMuanBnIiwibmJmIjoxNzc1NjI5OTc0LCJleHAiOjE3NzU3MTYzNzQsImlhdCI6MTc3NTYyOTk3NCwiaXNzIjoiUHJvRGVzWC1CYWNrZW5kIiwiYXVkIjoiUHJvRGVzWC1Gcm9udGVuZCJ9.igbT3pLpIiahwfTYCSUnLfgWrpW2xHWNEZnnwNqmD4o - null null
2026-04-08 13:22:14.994 [INF] Microsoft.AspNetCore.Cors.Infrastructure.CorsService | CORS policy execution successful.
2026-04-08 13:22:14.994 [INF] Microsoft.AspNetCore.Routing.EndpointMiddleware | Executing endpoint '/hubs/employees'
2026-04-08 13:24:01.932 [INF] Microsoft.Hosting.Lifetime | Application is shutting down...
2026-04-08 13:24:01.946 [INF] Microsoft.AspNetCore.Server.Kestrel.Connections | Connection id "0HNKL72KRQBCT", Request id "0HNKL72KRQBCT:00000001": the application aborted the connection.
2026-04-08 13:24:01.952 [INF] Microsoft.AspNetCore.Server.Kestrel.Connections | Connection id "0HNKL72KRQBCR", Request id "0HNKL72KRQBCR:00000001": the application aborted the connection.
2026-04-08 13:24:01.952 [INF] Microsoft.AspNetCore.Server.Kestrel.Connections | Connection id "0HNKL72KRQBCS", Request id "0HNKL72KRQBCS:00000001": the application aborted the connection.
2026-04-08 13:24:01.953 [INF] Microsoft.AspNetCore.Server.Kestrel.Connections | Connection id "0HNKL72KRQBCQ", Request id "0HNKL72KRQBCQ:00000001": the application aborted the connection.
2026-04-08 13:24:01.953 [INF] Microsoft.AspNetCore.Server.Kestrel.Connections | Connection id "0HNKL72KRQBCP", Request id "0HNKL72KRQBCP:00000001": the application aborted the connection.
2026-04-08 13:24:01.953 [INF] Microsoft.AspNetCore.Server.Kestrel.Connections | Connection id "0HNKL72KRQBCU", Request id "0HNKL72KRQBCU:00000001": the application aborted the connection.
2026-04-08 13:24:01.957 [INF] Microsoft.AspNetCore.Routing.EndpointMiddleware | Executed endpoint '/hubs/employees'
2026-04-08 13:24:01.957 [INF] Serilog.AspNetCore.RequestLoggingMiddleware | HTTP GET /hubs/employees → 101 (107043.6ms)
2026-04-08 13:24:01.957 [INF] Microsoft.AspNetCore.Routing.EndpointMiddleware | Executed endpoint '/hubs/salarysettings'
2026-04-08 13:24:01.957 [INF] Serilog.AspNetCore.RequestLoggingMiddleware | HTTP GET /hubs/salarysettings → 101 (107024.9ms)
2026-04-08 13:24:01.957 [INF] Microsoft.AspNetCore.Hosting.Diagnostics | Request finished HTTP/1.1 GET http://localhost:5217/hubs/salarysettings?id=DN5-vN-DC90mPZuNoG4gBQ&access_token=eyJhbGciOiJIUzI1NiIsInR5cCI6IkpXVCJ9.eyJuYW1laWQiOiIxOCIsInVuaXF1ZV9uYW1lIjoidmFzYW50aGFrdW1hciIsImVtYWlsIjoidmFzYW50aDIwMDR2a0BnbWFpbC5jb20iLCJyb2xlIjoiU3VwZXJBZG1pbiIsIk9yZ2FuaXphdGlvbklkIjoiMiIsIk9yZ2FuaXphdGlvbkxvZ28iOiIvdXBsb2Fkcy9vcmctbG9nb3Mvb3JnLWxvZ28tNTg3M2M0NzVkOTFkNGJiZDkwNDZkZWVjNjY3ZDEzNmMuanBnIiwibmJmIjoxNzc1NjI5OTc0LCJleHAiOjE3NzU3MTYzNzQsImlhdCI6MTc3NTYyOTk3NCwiaXNzIjoiUHJvRGVzWC1CYWNrZW5kIiwiYXVkIjoiUHJvRGVzWC1Gcm9udGVuZCJ9.igbT3pLpIiahwfTYCSUnLfgWrpW2xHWNEZnnwNqmD4o - 101 null null 107025.5838ms
2026-04-08 13:24:01.957 [INF] Microsoft.AspNetCore.Hosting.Diagnostics | Request finished HTTP/1.1 GET http://localhost:5217/hubs/employees?id=OHBog28nU1pWMIUQ0mUmKg&access_token=eyJhbGciOiJIUzI1NiIsInR5cCI6IkpXVCJ9.eyJuYW1laWQiOiIxOCIsInVuaXF1ZV9uYW1lIjoidmFzYW50aGFrdW1hciIsImVtYWlsIjoidmFzYW50aDIwMDR2a0BnbWFpbC5jb20iLCJyb2xlIjoiU3VwZXJBZG1pbiIsIk9yZ2FuaXphdGlvbklkIjoiMiIsIk9yZ2FuaXphdGlvbkxvZ28iOiIvdXBsb2Fkcy9vcmctbG9nb3Mvb3JnLWxvZ28tNTg3M2M0NzVkOTFkNGJiZDkwNDZkZWVjNjY3ZDEzNmMuanBnIiwibmJmIjoxNzc1NjI5OTc0LCJleHAiOjE3NzU3MTYzNzQsImlhdCI6MTc3NTYyOTk3NCwiaXNzIjoiUHJvRGVzWC1CYWNrZW5kIiwiYXVkIjoiUHJvRGVzWC1Gcm9udGVuZCJ9.igbT3pLpIiahwfTYCSUnLfgWrpW2xHWNEZnnwNqmD4o - 101 null null 107044.1482ms
2026-04-08 13:24:01.958 [INF] Microsoft.AspNetCore.Routing.EndpointMiddleware | Executed endpoint '/hubs/employees'
2026-04-08 13:24:01.958 [INF] Serilog.AspNetCore.RequestLoggingMiddleware | HTTP GET /hubs/employees → 101 (106963.8ms)
2026-04-08 13:24:01.958 [INF] Microsoft.AspNetCore.Hosting.Diagnostics | Request finished HTTP/1.1 GET http://localhost:5217/hubs/employees?id=z4sb4gFghNvUpYsWHO1mIA&access_token=eyJhbGciOiJIUzI1NiIsInR5cCI6IkpXVCJ9.eyJuYW1laWQiOiIxOCIsInVuaXF1ZV9uYW1lIjoidmFzYW50aGFrdW1hciIsImVtYWlsIjoidmFzYW50aDIwMDR2a0BnbWFpbC5jb20iLCJyb2xlIjoiU3VwZXJBZG1pbiIsIk9yZ2FuaXphdGlvbklkIjoiMiIsIk9yZ2FuaXphdGlvbkxvZ28iOiIvdXBsb2Fkcy9vcmctbG9nb3Mvb3JnLWxvZ28tNTg3M2M0NzVkOTFkNGJiZDkwNDZkZWVjNjY3ZDEzNmMuanBnIiwibmJmIjoxNzc1NjI5OTc0LCJleHAiOjE3NzU3MTYzNzQsImlhdCI6MTc3NTYyOTk3NCwiaXNzIjoiUHJvRGVzWC1CYWNrZW5kIiwiYXVkIjoiUHJvRGVzWC1Gcm9udGVuZCJ9.igbT3pLpIiahwfTYCSUnLfgWrpW2xHWNEZnnwNqmD4o - 101 null null 106964.2661ms
2026-04-08 13:24:01.960 [INF] Microsoft.AspNetCore.Routing.EndpointMiddleware | Executed endpoint '/hubs/salaryyears'
2026-04-08 13:24:01.960 [INF] Microsoft.AspNetCore.Routing.EndpointMiddleware | Executed endpoint '/hubs/salarysettings'
2026-04-08 13:24:01.960 [INF] Serilog.AspNetCore.RequestLoggingMiddleware | HTTP GET /hubs/salaryyears → 101 (107014.0ms)
2026-04-08 13:24:01.960 [INF] Serilog.AspNetCore.RequestLoggingMiddleware | HTTP GET /hubs/salarysettings → 101 (106982.5ms)
2026-04-08 13:24:01.960 [INF] Microsoft.AspNetCore.Hosting.Diagnostics | Request finished HTTP/1.1 GET http://localhost:5217/hubs/salaryyears?id=R5iHjBe0nr3d8GKNfj9xww&access_token=eyJhbGciOiJIUzI1NiIsInR5cCI6IkpXVCJ9.eyJuYW1laWQiOiIxOCIsInVuaXF1ZV9uYW1lIjoidmFzYW50aGFrdW1hciIsImVtYWlsIjoidmFzYW50aDIwMDR2a0BnbWFpbC5jb20iLCJyb2xlIjoiU3VwZXJBZG1pbiIsIk9yZ2FuaXphdGlvbklkIjoiMiIsIk9yZ2FuaXphdGlvbkxvZ28iOiIvdXBsb2Fkcy9vcmctbG9nb3Mvb3JnLWxvZ28tNTg3M2M0NzVkOTFkNGJiZDkwNDZkZWVjNjY3ZDEzNmMuanBnIiwibmJmIjoxNzc1NjI5OTc0LCJleHAiOjE3NzU3MTYzNzQsImlhdCI6MTc3NTYyOTk3NCwiaXNzIjoiUHJvRGVzWC1CYWNrZW5kIiwiYXVkIjoiUHJvRGVzWC1Gcm9udGVuZCJ9.igbT3pLpIiahwfTYCSUnLfgWrpW2xHWNEZnnwNqmD4o - 101 null null 107014.5622ms
2026-04-08 13:24:01.960 [INF] Microsoft.AspNetCore.Hosting.Diagnostics | Request finished HTTP/1.1 GET http://localhost:5217/hubs/salarysettings?id=LQFI9wEQOZdBSCqlWt9CCg&access_token=eyJhbGciOiJIUzI1NiIsInR5cCI6IkpXVCJ9.eyJuYW1laWQiOiIxOCIsInVuaXF1ZV9uYW1lIjoidmFzYW50aGFrdW1hciIsImVtYWlsIjoidmFzYW50aDIwMDR2a0BnbWFpbC5jb20iLCJyb2xlIjoiU3VwZXJBZG1pbiIsIk9yZ2FuaXphdGlvbklkIjoiMiIsIk9yZ2FuaXphdGlvbkxvZ28iOiIvdXBsb2Fkcy9vcmctbG9nb3Mvb3JnLWxvZ28tNTg3M2M0NzVkOTFkNGJiZDkwNDZkZWVjNjY3ZDEzNmMuanBnIiwibmJmIjoxNzc1NjI5OTc0LCJleHAiOjE3NzU3MTYzNzQsImlhdCI6MTc3NTYyOTk3NCwiaXNzIjoiUHJvRGVzWC1CYWNrZW5kIiwiYXVkIjoiUHJvRGVzWC1Gcm9udGVuZCJ9.igbT3pLpIiahwfTYCSUnLfgWrpW2xHWNEZnnwNqmD4o - 101 null null 106983.2752ms
2026-04-08 13:24:01.960 [INF] Microsoft.AspNetCore.Routing.EndpointMiddleware | Executed endpoint '/hubs/salaryyears'
2026-04-08 13:24:01.960 [INF] Serilog.AspNetCore.RequestLoggingMiddleware | HTTP GET /hubs/salaryyears → 101 (106997.9ms)
2026-04-08 13:24:01.961 [INF] Microsoft.AspNetCore.Hosting.Diagnostics | Request finished HTTP/1.1 GET http://localhost:5217/hubs/salaryyears?id=KQKgrYx377NfW-9NRj2V6Q&access_token=eyJhbGciOiJIUzI1NiIsInR5cCI6IkpXVCJ9.eyJuYW1laWQiOiIxOCIsInVuaXF1ZV9uYW1lIjoidmFzYW50aGFrdW1hciIsImVtYWlsIjoidmFzYW50aDIwMDR2a0BnbWFpbC5jb20iLCJyb2xlIjoiU3VwZXJBZG1pbiIsIk9yZ2FuaXphdGlvbklkIjoiMiIsIk9yZ2FuaXphdGlvbkxvZ28iOiIvdXBsb2Fkcy9vcmctbG9nb3Mvb3JnLWxvZ28tNTg3M2M0NzVkOTFkNGJiZDkwNDZkZWVjNjY3ZDEzNmMuanBnIiwibmJmIjoxNzc1NjI5OTc0LCJleHAiOjE3NzU3MTYzNzQsImlhdCI6MTc3NTYyOTk3NCwiaXNzIjoiUHJvRGVzWC1CYWNrZW5kIiwiYXVkIjoiUHJvRGVzWC1Gcm9udGVuZCJ9.igbT3pLpIiahwfTYCSUnLfgWrpW2xHWNEZnnwNqmD4o - 101 null null 106998.3442ms
2026-04-08 13:54:56.628 [INF]  | === ProDesX-HRM Backend Starting (Migrations Rev 5: Explicit Columns) ===
2026-04-08 13:54:56.981 [INF]  | === ProDesX-HRM Backend Starting (Migrations Rev 4: Clean GOs) ===
2026-04-08 13:54:57.168 [INF]  | [DB] Connected to: 103.235.104.197 | proxPayroll
2026-04-08 13:54:57.282 [INF]  | [DB] Database exists. Running migrations.sql...
2026-04-08 13:54:58.312 [WRN]  | [DB] Batch skipped in migrations.sql: Invalid column name 'EmployeeId'.
2026-04-08 13:54:58.334 [WRN]  | [DB] Batch skipped in migrations.sql: Invalid column name 'EmployeeId'.
2026-04-08 13:54:59.209 [WRN]  | [DB] Batch skipped in migrations.sql: 'CREATE/ALTER PROCEDURE' must be the first statement in a query batch.
2026-04-08 13:55:00.438 [INF]  | [DB] Finished running migrations.sql. 151 batches applied, 3 skipped.
2026-04-08 13:55:00.803 [WRN]  | [DB] Procedure apply skipped: Invalid column name 'EmployeeId'.
2026-04-08 13:55:00.815 [WRN]  | [DB] Procedure apply skipped: Invalid column name 'EmployeeId'.
2026-04-08 13:55:02.564 [INF]  | [DB] Procedures refreshed (CREATE OR ALTER). 132 applied, 2 skipped.
2026-04-08 13:55:02.565 [INF]  | [DB] Migrations complete.
2026-04-08 13:55:02.843 [INF]  | === Backend running at http://localhost:5217 ===
2026-04-08 13:55:02.859 [INF] Microsoft.AspNetCore.DataProtection.KeyManagement.XmlKeyManager | User profile is available. Using 'C:\Users\vasanth\AppData\Local\ASP.NET\DataProtection-Keys' as key repository and Windows DPAPI to encrypt keys at rest.
2026-04-08 13:55:02.867 [INF] backend.Services.ShiftScheduleBackgroundService | Shift Schedule Background Service is starting.
2026-04-08 13:55:02.949 [INF] Microsoft.Hosting.Lifetime | Now listening on: http://localhost:5217
2026-04-08 13:55:02.949 [INF] Microsoft.Hosting.Lifetime | Application started. Press Ctrl+C to shut down.
2026-04-08 13:55:02.949 [INF] Microsoft.Hosting.Lifetime | Hosting environment: Development
2026-04-08 13:55:02.949 [INF] Microsoft.Hosting.Lifetime | Content root path: C:\Repos_Work\Prodesx_HRM_Mobile_Application\backend
2026-04-08 13:55:12.873 [INF] backend.Services.ShiftScheduleBackgroundService | Shift Schedule Background Service is running...
2026-04-08 13:55:14.496 [INF] backend.Services.ShiftScheduleBackgroundService | Shift Schedule Background Service completed. Inserted 0 new schedules for the rolling 30-day window.
2026-04-08 13:59:16.400 [INF] Microsoft.AspNetCore.Hosting.Diagnostics | Request starting HTTP/1.1 OPTIONS http://localhost:5217/api/auth/login - null null
2026-04-08 13:59:16.459 [INF] Microsoft.AspNetCore.Cors.Infrastructure.CorsService | CORS policy execution successful.
2026-04-08 13:59:16.468 [INF] Microsoft.AspNetCore.Hosting.Diagnostics | Request finished HTTP/1.1 OPTIONS http://localhost:5217/api/auth/login - 204 null null 71.4015ms
2026-04-08 13:59:16.472 [INF] Microsoft.AspNetCore.Hosting.Diagnostics | Request starting HTTP/1.1 POST http://localhost:5217/api/auth/login - application/json 62
2026-04-08 13:59:16.480 [INF] Microsoft.AspNetCore.Cors.Infrastructure.CorsService | CORS policy execution successful.
2026-04-08 13:59:16.502 [WRN] Microsoft.AspNetCore.HttpsPolicy.HttpsRedirectionMiddleware | Failed to determine the https port for redirect.
2026-04-08 13:59:16.550 [INF] Microsoft.AspNetCore.Routing.EndpointMiddleware | Executing endpoint 'backend.Controllers.AuthController.Login (backend)'
2026-04-08 13:59:16.583 [INF] Microsoft.AspNetCore.Mvc.Infrastructure.ControllerActionInvoker | Route matched with {action = "Login", controller = "Auth"}. Executing controller action with signature System.Threading.Tasks.Task`1[Microsoft.AspNetCore.Mvc.IActionResult] Login(backend.Models.LoginRequest) on controller backend.Controllers.AuthController (backend).
2026-04-08 13:59:16.639 [INF] backend.Controllers.AuthController | [Auth] Login attempt | Email=vasanth2004vk@gmail.com
2026-04-08 13:59:17.204 [INF] backend.Controllers.AuthController | [Auth] User login session recorded | UserId=18 | TokenExpiry="2026-04-09T08:29:17.1471052Z"
2026-04-08 13:59:17.205 [INF] backend.Controllers.AuthController | [Auth] Login SUCCESS | Email=vasanth2004vk@gmail.com | EffectiveRole=SuperAdmin | OrgId=2
2026-04-08 13:59:17.214 [INF] Microsoft.AspNetCore.Mvc.Infrastructure.ObjectResultExecutor | Executing OkObjectResult, writing value of type '<>f__AnonymousType23`2[[System.String, System.Private.CoreLib, Version=10.0.0.0, Culture=neutral, PublicKeyToken=7cec85d7bea7798e],[<>f__AnonymousType24`6[[System.Int32, System.Private.CoreLib, Version=10.0.0.0, Culture=neutral, PublicKeyToken=7cec85d7bea7798e],[System.String, System.Private.CoreLib, Version=10.0.0.0, Culture=neutral, PublicKeyToken=7cec85d7bea7798e],[System.String, System.Private.CoreLib, Version=10.0.0.0, Culture=neutral, PublicKeyToken=7cec85d7bea7798e],[System.String, System.Private.CoreLib, Version=10.0.0.0, Culture=neutral, PublicKeyToken=7cec85d7bea7798e],[System.Nullable`1[[System.Int32, System.Private.CoreLib, Version=10.0.0.0, Culture=neutral, PublicKeyToken=7cec85d7bea7798e]], System.Private.CoreLib, Version=10.0.0.0, Culture=neutral, PublicKeyToken=7cec85d7bea7798e],[System.String, System.Private.CoreLib, Version=10.0.0.0, Culture=neutral, PublicKeyToken=7cec85d7bea7798e]], backend, Version=1.0.0.0, Culture=neutral, PublicKeyToken=null]]'.
2026-04-08 13:59:17.242 [INF] Microsoft.AspNetCore.Mvc.Infrastructure.ControllerActionInvoker | Executed action backend.Controllers.AuthController.Login (backend) in 655.7396ms
2026-04-08 13:59:17.243 [INF] Microsoft.AspNetCore.Routing.EndpointMiddleware | Executed endpoint 'backend.Controllers.AuthController.Login (backend)'
2026-04-08 13:59:17.246 [INF] Serilog.AspNetCore.RequestLoggingMiddleware | HTTP POST /api/auth/login → 200 (696.5ms)
2026-04-08 13:59:17.248 [INF] Microsoft.AspNetCore.Hosting.Diagnostics | Request finished HTTP/1.1 POST http://localhost:5217/api/auth/login - 200 null application/json; charset=utf-8 776.4634ms
2026-04-08 13:59:17.266 [INF] Microsoft.AspNetCore.Hosting.Diagnostics | Request starting HTTP/1.1 OPTIONS http://localhost:5217/api/users/organizations - null null
2026-04-08 13:59:17.267 [INF] Microsoft.AspNetCore.Cors.Infrastructure.CorsService | CORS policy execution successful.
2026-04-08 13:59:17.267 [INF] Microsoft.AspNetCore.Hosting.Diagnostics | Request finished HTTP/1.1 OPTIONS http://localhost:5217/api/users/organizations - 204 null null 0.9076ms
2026-04-08 13:59:17.268 [INF] Microsoft.AspNetCore.Hosting.Diagnostics | Request starting HTTP/1.1 GET http://localhost:5217/api/users/organizations - null null
2026-04-08 13:59:17.269 [INF] Microsoft.AspNetCore.Cors.Infrastructure.CorsService | CORS policy execution successful.
2026-04-08 13:59:17.319 [INF] Microsoft.AspNetCore.Routing.EndpointMiddleware | Executing endpoint 'backend.Controllers.UsersController.GetOrganizations (backend)'
2026-04-08 13:59:17.328 [INF] Microsoft.AspNetCore.Mvc.Infrastructure.ControllerActionInvoker | Route matched with {action = "GetOrganizations", controller = "Users"}. Executing controller action with signature System.Threading.Tasks.Task`1[Microsoft.AspNetCore.Mvc.IActionResult] GetOrganizations() on controller backend.Controllers.UsersController (backend).
2026-04-08 13:59:17.331 [INF] backend.Controllers.UsersController | [Users] GET organizations | Role=SuperAdmin | UserId=18
2026-04-08 13:59:17.348 [INF] Microsoft.AspNetCore.Mvc.Infrastructure.ObjectResultExecutor | Executing OkObjectResult, writing value of type 'System.Collections.Generic.List`1[[backend.Models.Organization, backend, Version=1.0.0.0, Culture=neutral, PublicKeyToken=null]]'.
2026-04-08 13:59:17.367 [INF] Microsoft.AspNetCore.Mvc.Infrastructure.ControllerActionInvoker | Executed action backend.Controllers.UsersController.GetOrganizations (backend) in 38.5334ms
2026-04-08 13:59:17.367 [INF] Microsoft.AspNetCore.Routing.EndpointMiddleware | Executed endpoint 'backend.Controllers.UsersController.GetOrganizations (backend)'
2026-04-08 13:59:17.367 [INF] Serilog.AspNetCore.RequestLoggingMiddleware | HTTP GET /api/users/organizations → 200 (47.6ms)
2026-04-08 13:59:17.367 [INF] Microsoft.AspNetCore.Hosting.Diagnostics | Request finished HTTP/1.1 GET http://localhost:5217/api/users/organizations - 200 null application/json; charset=utf-8 98.699ms
2026-04-08 13:59:17.704 [INF] Microsoft.AspNetCore.Hosting.Diagnostics | Request starting HTTP/1.1 GET http://localhost:5217/uploads/org-logos/org-logo-5873c475d91d4bbd9046deec667d136c.jpg - null null
2026-04-08 13:59:17.705 [INF] Microsoft.AspNetCore.Cors.Infrastructure.CorsService | CORS policy execution successful.
2026-04-08 13:59:17.717 [INF] Microsoft.AspNetCore.StaticFiles.StaticFileMiddleware | The file /uploads/org-logos/org-logo-5873c475d91d4bbd9046deec667d136c.jpg was not modified
2026-04-08 13:59:17.717 [INF] Microsoft.AspNetCore.Hosting.Diagnostics | Request finished HTTP/1.1 GET http://localhost:5217/uploads/org-logos/org-logo-5873c475d91d4bbd9046deec667d136c.jpg - 304 null image/jpeg 13.8448ms
2026-04-08 13:59:17.768 [INF] Microsoft.AspNetCore.Hosting.Diagnostics | Request starting HTTP/1.1 OPTIONS http://localhost:5217/api/organizations - null null
2026-04-08 13:59:17.768 [INF] Microsoft.AspNetCore.Cors.Infrastructure.CorsService | CORS policy execution successful.
2026-04-08 13:59:17.768 [INF] Microsoft.AspNetCore.Hosting.Diagnostics | Request finished HTTP/1.1 OPTIONS http://localhost:5217/api/organizations - 204 null null 0.2856ms
2026-04-08 13:59:17.769 [INF] Microsoft.AspNetCore.Hosting.Diagnostics | Request starting HTTP/1.1 GET http://localhost:5217/api/organizations - application/json null
2026-04-08 13:59:17.770 [INF] Microsoft.AspNetCore.Cors.Infrastructure.CorsService | CORS policy execution successful.
2026-04-08 13:59:17.776 [INF] Microsoft.AspNetCore.Routing.EndpointMiddleware | Executing endpoint 'backend.Controllers.OrganizationsController.GetOrganizations (backend)'
2026-04-08 13:59:17.784 [INF] Microsoft.AspNetCore.Mvc.Infrastructure.ControllerActionInvoker | Route matched with {action = "GetOrganizations", controller = "Organizations"}. Executing controller action with signature System.Threading.Tasks.Task`1[Microsoft.AspNetCore.Mvc.IActionResult] GetOrganizations() on controller backend.Controllers.OrganizationsController (backend).
2026-04-08 13:59:17.787 [INF] backend.Controllers.OrganizationsController | [Orgs] GET all requested | Role=SuperAdmin | UserId=18
2026-04-08 13:59:17.799 [INF] Microsoft.AspNetCore.Mvc.Infrastructure.ObjectResultExecutor | Executing OkObjectResult, writing value of type 'System.Collections.Generic.List`1[[backend.Models.Organization, backend, Version=1.0.0.0, Culture=neutral, PublicKeyToken=null]]'.
2026-04-08 13:59:17.799 [INF] Microsoft.AspNetCore.Mvc.Infrastructure.ControllerActionInvoker | Executed action backend.Controllers.OrganizationsController.GetOrganizations (backend) in 14.5353ms
2026-04-08 13:59:17.799 [INF] Microsoft.AspNetCore.Routing.EndpointMiddleware | Executed endpoint 'backend.Controllers.OrganizationsController.GetOrganizations (backend)'
2026-04-08 13:59:17.799 [INF] Serilog.AspNetCore.RequestLoggingMiddleware | HTTP GET /api/organizations → 200 (22.8ms)
2026-04-08 13:59:17.799 [INF] Microsoft.AspNetCore.Hosting.Diagnostics | Request finished HTTP/1.1 GET http://localhost:5217/api/organizations - 200 null application/json; charset=utf-8 29.6326ms
2026-04-08 13:59:17.933 [INF] Microsoft.AspNetCore.Hosting.Diagnostics | Request starting HTTP/1.1 OPTIONS http://localhost:5217/api/leads - null null
2026-04-08 13:59:17.934 [INF] Microsoft.AspNetCore.Cors.Infrastructure.CorsService | CORS policy execution successful.
2026-04-08 13:59:17.934 [INF] Microsoft.AspNetCore.Hosting.Diagnostics | Request finished HTTP/1.1 OPTIONS http://localhost:5217/api/leads - 204 null null 0.5501ms
2026-04-08 13:59:17.935 [INF] Microsoft.AspNetCore.Hosting.Diagnostics | Request starting HTTP/1.1 GET http://localhost:5217/api/leads - application/json null
2026-04-08 13:59:17.936 [INF] Microsoft.AspNetCore.Cors.Infrastructure.CorsService | CORS policy execution successful.
2026-04-08 13:59:17.938 [INF] Microsoft.AspNetCore.Routing.EndpointMiddleware | Executing endpoint 'backend.Controllers.LeadsController.GetLeads (backend)'
2026-04-08 13:59:17.946 [INF] Microsoft.AspNetCore.Mvc.Infrastructure.ControllerActionInvoker | Route matched with {action = "GetLeads", controller = "Leads"}. Executing controller action with signature System.Threading.Tasks.Task`1[System.Collections.Generic.IEnumerable`1[backend.Models.Lead]] GetLeads() on controller backend.Controllers.LeadsController (backend).
2026-04-08 13:59:17.964 [INF] Microsoft.AspNetCore.Mvc.Infrastructure.ObjectResultExecutor | Executing ObjectResult, writing value of type 'System.Collections.Generic.List`1[[backend.Models.Lead, backend, Version=1.0.0.0, Culture=neutral, PublicKeyToken=null]]'.
2026-04-08 13:59:17.976 [INF] Microsoft.AspNetCore.Mvc.Infrastructure.ControllerActionInvoker | Executed action backend.Controllers.LeadsController.GetLeads (backend) in 29.5094ms
2026-04-08 13:59:17.976 [INF] Microsoft.AspNetCore.Routing.EndpointMiddleware | Executed endpoint 'backend.Controllers.LeadsController.GetLeads (backend)'
2026-04-08 13:59:17.976 [INF] Serilog.AspNetCore.RequestLoggingMiddleware | HTTP GET /api/leads → 200 (37.8ms)
2026-04-08 13:59:17.976 [INF] Microsoft.AspNetCore.Hosting.Diagnostics | Request finished HTTP/1.1 GET http://localhost:5217/api/leads - 200 null application/json; charset=utf-8 40.5984ms
2026-04-08 13:59:17.994 [INF] Microsoft.AspNetCore.Hosting.Diagnostics | Request starting HTTP/1.1 OPTIONS http://localhost:5217/api/employees?organizationId=2 - null null
2026-04-08 13:59:17.994 [INF] Microsoft.AspNetCore.Cors.Infrastructure.CorsService | CORS policy execution successful.
2026-04-08 13:59:17.994 [INF] Microsoft.AspNetCore.Hosting.Diagnostics | Request finished HTTP/1.1 OPTIONS http://localhost:5217/api/employees?organizationId=2 - 204 null null 0.6071ms
2026-04-08 13:59:17.997 [INF] Microsoft.AspNetCore.Hosting.Diagnostics | Request starting HTTP/1.1 GET http://localhost:5217/api/employees?organizationId=2 - application/json null
2026-04-08 13:59:17.997 [INF] Microsoft.AspNetCore.Cors.Infrastructure.CorsService | CORS policy execution successful.
2026-04-08 13:59:18.002 [INF] Microsoft.AspNetCore.Routing.EndpointMiddleware | Executing endpoint 'backend.Controllers.EmployeesController.GetEmployees (backend)'
2026-04-08 13:59:18.011 [INF] Microsoft.AspNetCore.Mvc.Infrastructure.ControllerActionInvoker | Route matched with {action = "GetEmployees", controller = "Employees"}. Executing controller action with signature System.Threading.Tasks.Task`1[Microsoft.AspNetCore.Mvc.IActionResult] GetEmployees(System.Nullable`1[System.Int32]) on controller backend.Controllers.EmployeesController (backend).
2026-04-08 13:59:18.017 [INF] backend.Controllers.EmployeesController | [Employees] GET all | TargetOrgId=2 | UserOrgId=2
2026-04-08 13:59:18.038 [INF] Microsoft.AspNetCore.Mvc.Infrastructure.ObjectResultExecutor | Executing OkObjectResult, writing value of type 'System.Collections.Generic.List`1[[backend.Models.Employee, backend, Version=1.0.0.0, Culture=neutral, PublicKeyToken=null]]'.
2026-04-08 13:59:18.057 [INF] Microsoft.AspNetCore.Mvc.Infrastructure.ControllerActionInvoker | Executed action backend.Controllers.EmployeesController.GetEmployees (backend) in 45.4912ms
2026-04-08 13:59:18.057 [INF] Microsoft.AspNetCore.Routing.EndpointMiddleware | Executed endpoint 'backend.Controllers.EmployeesController.GetEmployees (backend)'
2026-04-08 13:59:18.057 [INF] Serilog.AspNetCore.RequestLoggingMiddleware | HTTP GET /api/employees → 200 (55.6ms)
2026-04-08 13:59:18.057 [INF] Microsoft.AspNetCore.Hosting.Diagnostics | Request finished HTTP/1.1 GET http://localhost:5217/api/employees?organizationId=2 - 200 null application/json; charset=utf-8 60.7454ms
2026-04-08 13:59:18.065 [INF] Microsoft.AspNetCore.Hosting.Diagnostics | Request starting HTTP/1.1 OPTIONS http://localhost:5217/api/ShiftAssignments/roster?start=2026-04-08&end=2026-04-15&orgId=2 - null null
2026-04-08 13:59:18.065 [INF] Microsoft.AspNetCore.Cors.Infrastructure.CorsService | CORS policy execution successful.
2026-04-08 13:59:18.066 [INF] Microsoft.AspNetCore.Hosting.Diagnostics | Request finished HTTP/1.1 OPTIONS http://localhost:5217/api/ShiftAssignments/roster?start=2026-04-08&end=2026-04-15&orgId=2 - 204 null null 0.3454ms
2026-04-08 13:59:18.067 [INF] Microsoft.AspNetCore.Hosting.Diagnostics | Request starting HTTP/1.1 GET http://localhost:5217/api/ShiftAssignments/roster?start=2026-04-08&end=2026-04-15&orgId=2 - application/json null
2026-04-08 13:59:18.068 [INF] Microsoft.AspNetCore.Cors.Infrastructure.CorsService | CORS policy execution successful.
2026-04-08 13:59:18.068 [INF] Microsoft.AspNetCore.Routing.EndpointMiddleware | Executing endpoint 'backend.Controllers.ShiftAssignmentsController.GetMonthlyRosterFixed (backend)'
2026-04-08 13:59:18.076 [INF] Microsoft.AspNetCore.Hosting.Diagnostics | Request starting HTTP/1.1 GET http://localhost:5217/uploads/employee-photos/emp-31.jpg - null null
2026-04-08 13:59:18.076 [INF] Microsoft.AspNetCore.Cors.Infrastructure.CorsService | CORS policy execution successful.
2026-04-08 13:59:18.076 [INF] Microsoft.AspNetCore.StaticFiles.StaticFileMiddleware | The file /uploads/employee-photos/emp-31.jpg was not modified
2026-04-08 13:59:18.077 [INF] Microsoft.AspNetCore.Mvc.Infrastructure.ControllerActionInvoker | Route matched with {action = "GetMonthlyRosterFixed", controller = "ShiftAssignments"}. Executing controller action with signature System.Threading.Tasks.Task`1[Microsoft.AspNetCore.Mvc.IActionResult] GetMonthlyRosterFixed(System.String, System.String, System.Nullable`1[System.Int32]) on controller backend.Controllers.ShiftAssignmentsController (backend).
2026-04-08 13:59:18.077 [INF] Microsoft.AspNetCore.Hosting.Diagnostics | Request finished HTTP/1.1 GET http://localhost:5217/uploads/employee-photos/emp-31.jpg - 304 null image/jpeg 0.7903ms
2026-04-08 13:59:18.104 [INF] Microsoft.AspNetCore.Mvc.Infrastructure.ObjectResultExecutor | Executing OkObjectResult, writing value of type 'System.Collections.Generic.List`1[[backend.Models.EmployeeSchedule, backend, Version=1.0.0.0, Culture=neutral, PublicKeyToken=null]]'.
2026-04-08 13:59:18.109 [INF] Microsoft.AspNetCore.Mvc.Infrastructure.ControllerActionInvoker | Executed action backend.Controllers.ShiftAssignmentsController.GetMonthlyRosterFixed (backend) in 31.9021ms
2026-04-08 13:59:18.109 [INF] Microsoft.AspNetCore.Routing.EndpointMiddleware | Executed endpoint 'backend.Controllers.ShiftAssignmentsController.GetMonthlyRosterFixed (backend)'
2026-04-08 13:59:18.109 [INF] Serilog.AspNetCore.RequestLoggingMiddleware | HTTP GET /api/ShiftAssignments/roster → 200 (40.6ms)
2026-04-08 13:59:18.109 [INF] Microsoft.AspNetCore.Hosting.Diagnostics | Request finished HTTP/1.1 GET http://localhost:5217/api/ShiftAssignments/roster?start=2026-04-08&end=2026-04-15&orgId=2 - 200 null application/json; charset=utf-8 42.0301ms
2026-04-08 13:59:18.113 [INF] Microsoft.AspNetCore.Hosting.Diagnostics | Request starting HTTP/1.1 OPTIONS http://localhost:5217/api/Attendance/status?employeeId=31&orgId=2 - null null
2026-04-08 13:59:18.113 [INF] Microsoft.AspNetCore.Cors.Infrastructure.CorsService | CORS policy execution successful.
2026-04-08 13:59:18.114 [INF] Microsoft.AspNetCore.Hosting.Diagnostics | Request finished HTTP/1.1 OPTIONS http://localhost:5217/api/Attendance/status?employeeId=31&orgId=2 - 204 null null 0.3046ms
2026-04-08 13:59:18.115 [INF] Microsoft.AspNetCore.Hosting.Diagnostics | Request starting HTTP/1.1 GET http://localhost:5217/api/Attendance/status?employeeId=31&orgId=2 - application/json null
2026-04-08 13:59:18.116 [INF] Microsoft.AspNetCore.Cors.Infrastructure.CorsService | CORS policy execution successful.
2026-04-08 13:59:18.117 [INF] Microsoft.AspNetCore.Routing.EndpointMiddleware | Executing endpoint 'backend.Controllers.AttendanceController.GetStatus (backend)'
2026-04-08 13:59:18.123 [INF] Microsoft.AspNetCore.Mvc.Infrastructure.ControllerActionInvoker | Route matched with {action = "GetStatus", controller = "Attendance"}. Executing controller action with signature System.Threading.Tasks.Task`1[Microsoft.AspNetCore.Mvc.IActionResult] GetStatus(Int32, Int32) on controller backend.Controllers.AttendanceController (backend).
2026-04-08 13:59:18.140 [ERR] backend.Controllers.AttendanceController | Error getting attendance status
Microsoft.Data.SqlClient.SqlException (0x80131904): Invalid column name 'FN'.
Invalid column name 'AN'.
   at System.Threading.Tasks.ContinuationResultTaskFromResultTask`2.InnerInvoke()
   at System.Threading.ExecutionContext.RunInternal(ExecutionContext executionContext, ContextCallback callback, Object state)
--- End of stack trace from previous location ---
   at System.Threading.ExecutionContext.RunInternal(ExecutionContext executionContext, ContextCallback callback, Object state)
   at System.Threading.Tasks.Task.ExecuteWithThreadLocal(Task& currentTaskSlot, Thread threadPoolThread)
--- End of stack trace from previous location ---
   at Dapper.SqlMapper.QueryRowAsync[T](IDbConnection cnn, Row row, Type effectiveType, CommandDefinition command) in /_/Dapper/SqlMapper.Async.cs:line 489
   at backend.Controllers.AttendanceController.GetStatus(Int32 employeeId, Int32 orgId) in C:\Repos_Work\Prodesx_HRM_Mobile_Application\backend\Controllers\AttendanceController.cs:line 235
ClientConnectionId:43a6a44f-8ab2-4367-b48a-2d41be1a89fb
Error Number:207,State:1,Class:16
2026-04-08 13:59:18.164 [INF] Microsoft.AspNetCore.Mvc.Infrastructure.ObjectResultExecutor | Executing ObjectResult, writing value of type 'System.String'.
2026-04-08 13:59:18.164 [INF] Microsoft.AspNetCore.Mvc.Infrastructure.ControllerActionInvoker | Executed action backend.Controllers.AttendanceController.GetStatus (backend) in 40.5381ms
2026-04-08 13:59:18.164 [INF] Microsoft.AspNetCore.Routing.EndpointMiddleware | Executed endpoint 'backend.Controllers.AttendanceController.GetStatus (backend)'
2026-04-08 13:59:18.164 [ERR] Serilog.AspNetCore.RequestLoggingMiddleware | HTTP GET /api/Attendance/status → 500 (47.6ms)
2026-04-08 13:59:18.166 [INF] Microsoft.AspNetCore.Hosting.Diagnostics | Request finished HTTP/1.1 GET http://localhost:5217/api/Attendance/status?employeeId=31&orgId=2 - 500 null text/plain; charset=utf-8 50.7193ms
2026-04-08 13:59:23.378 [INF] Microsoft.AspNetCore.Hosting.Diagnostics | Request starting HTTP/1.1 OPTIONS http://localhost:5217/api/SalaryYear/GetSalaryYearsByOrgId?orgId=2 - null null
2026-04-08 13:59:23.379 [INF] Microsoft.AspNetCore.Cors.Infrastructure.CorsService | CORS policy execution successful.
2026-04-08 13:59:23.379 [INF] Microsoft.AspNetCore.Hosting.Diagnostics | Request finished HTTP/1.1 OPTIONS http://localhost:5217/api/SalaryYear/GetSalaryYearsByOrgId?orgId=2 - 204 null null 0.4488ms
2026-04-08 13:59:23.380 [INF] Microsoft.AspNetCore.Hosting.Diagnostics | Request starting HTTP/1.1 GET http://localhost:5217/api/SalaryYear/GetSalaryYearsByOrgId?orgId=2 - application/json null
2026-04-08 13:59:23.382 [INF] Microsoft.AspNetCore.Cors.Infrastructure.CorsService | CORS policy execution successful.
2026-04-08 13:59:23.383 [INF] Microsoft.AspNetCore.Routing.EndpointMiddleware | Executing endpoint 'backend.Controllers.SalaryYearController.GetSalaryYearsByOrgId (backend)'
2026-04-08 13:59:23.393 [INF] Microsoft.AspNetCore.Mvc.Infrastructure.ControllerActionInvoker | Route matched with {action = "GetSalaryYearsByOrgId", controller = "SalaryYear"}. Executing controller action with signature System.Threading.Tasks.Task`1[Microsoft.AspNetCore.Mvc.IActionResult] GetSalaryYearsByOrgId(System.String) on controller backend.Controllers.SalaryYearController (backend).
2026-04-08 13:59:23.414 [INF] Microsoft.AspNetCore.Mvc.Infrastructure.ObjectResultExecutor | Executing OkObjectResult, writing value of type 'System.Collections.Generic.List`1[[backend.Models.SalaryYear, backend, Version=1.0.0.0, Culture=neutral, PublicKeyToken=null]]'.
2026-04-08 13:59:23.416 [INF] Microsoft.AspNetCore.Mvc.Infrastructure.ControllerActionInvoker | Executed action backend.Controllers.SalaryYearController.GetSalaryYearsByOrgId (backend) in 23.4278ms
2026-04-08 13:59:23.417 [INF] Microsoft.AspNetCore.Routing.EndpointMiddleware | Executed endpoint 'backend.Controllers.SalaryYearController.GetSalaryYearsByOrgId (backend)'
2026-04-08 13:59:23.417 [INF] Serilog.AspNetCore.RequestLoggingMiddleware | HTTP GET /api/SalaryYear/GetSalaryYearsByOrgId → 200 (33.5ms)
2026-04-08 13:59:23.417 [INF] Microsoft.AspNetCore.Hosting.Diagnostics | Request finished HTTP/1.1 GET http://localhost:5217/api/SalaryYear/GetSalaryYearsByOrgId?orgId=2 - 200 null application/json; charset=utf-8 36.3886ms
2026-04-08 14:05:17.416 [INF] Microsoft.AspNetCore.Hosting.Diagnostics | Request starting HTTP/1.1 GET http://localhost:5217/uploads/org-logos/org-logo-f3e5c29a5727487a9d6c2a5527e8919d.png - null null
2026-04-08 14:05:17.416 [INF] Microsoft.AspNetCore.Cors.Infrastructure.CorsService | CORS policy execution successful.
2026-04-08 14:05:17.417 [INF] Microsoft.AspNetCore.StaticFiles.StaticFileMiddleware | The file /uploads/org-logos/org-logo-f3e5c29a5727487a9d6c2a5527e8919d.png was not modified
2026-04-08 14:05:17.418 [INF] Microsoft.AspNetCore.Hosting.Diagnostics | Request finished HTTP/1.1 GET http://localhost:5217/uploads/org-logos/org-logo-f3e5c29a5727487a9d6c2a5527e8919d.png - 304 null image/png 1.8092ms
2026-04-08 14:05:17.439 [INF] Microsoft.AspNetCore.Hosting.Diagnostics | Request starting HTTP/1.1 GET http://localhost:5217/uploads/org-logos/org-logo-6fcb4a5d7f2e442f800ddd9bde90c680.jpg - null null
2026-04-08 14:05:17.439 [INF] Microsoft.AspNetCore.Cors.Infrastructure.CorsService | CORS policy execution successful.
2026-04-08 14:05:17.440 [INF] Microsoft.AspNetCore.StaticFiles.StaticFileMiddleware | The file /uploads/org-logos/org-logo-6fcb4a5d7f2e442f800ddd9bde90c680.jpg was not modified
2026-04-08 14:05:17.440 [INF] Microsoft.AspNetCore.Hosting.Diagnostics | Request finished HTTP/1.1 GET http://localhost:5217/uploads/org-logos/org-logo-6fcb4a5d7f2e442f800ddd9bde90c680.jpg - 304 null image/jpeg 0.4922ms
2026-04-08 14:05:42.028 [INF] Microsoft.AspNetCore.Hosting.Diagnostics | Request starting HTTP/1.1 OPTIONS http://localhost:5217/api/StaffSalary/preview?salaryYearId=3&month=4&year=2026 - null null
2026-04-08 14:05:42.028 [INF] Microsoft.AspNetCore.Cors.Infrastructure.CorsService | CORS policy execution successful.
2026-04-08 14:05:42.028 [INF] Microsoft.AspNetCore.Hosting.Diagnostics | Request finished HTTP/1.1 OPTIONS http://localhost:5217/api/StaffSalary/preview?salaryYearId=3&month=4&year=2026 - 204 null null 0.3189ms
2026-04-08 14:05:42.029 [INF] Microsoft.AspNetCore.Hosting.Diagnostics | Request starting HTTP/1.1 GET http://localhost:5217/api/StaffSalary/preview?salaryYearId=3&month=4&year=2026 - application/json null
2026-04-08 14:05:42.029 [INF] Microsoft.AspNetCore.Cors.Infrastructure.CorsService | CORS policy execution successful.
2026-04-08 14:05:42.031 [INF] Serilog.AspNetCore.RequestLoggingMiddleware | HTTP GET /api/StaffSalary/preview → 404 (0.1ms)
2026-04-08 14:05:42.031 [INF] Microsoft.AspNetCore.Hosting.Diagnostics | Request finished HTTP/1.1 GET http://localhost:5217/api/StaffSalary/preview?salaryYearId=3&month=4&year=2026 - 404 0 null 1.8319ms
2026-04-08 14:05:42.032 [INF] Microsoft.AspNetCore.Hosting.Diagnostics | Request reached the end of the middleware pipeline without being handled by application code. Request path: GET http://localhost:5217/api/StaffSalary/preview, Response status code: 404
2026-04-08 14:05:45.168 [INF] Microsoft.AspNetCore.Hosting.Diagnostics | Request starting HTTP/1.1 GET http://localhost:5217/api/StaffSalary/preview?salaryYearId=3&month=4&year=2026 - application/json null
2026-04-08 14:05:45.168 [INF] Microsoft.AspNetCore.Cors.Infrastructure.CorsService | CORS policy execution successful.
2026-04-08 14:05:45.169 [INF] Serilog.AspNetCore.RequestLoggingMiddleware | HTTP GET /api/StaffSalary/preview → 404 (0.0ms)
2026-04-08 14:05:45.169 [INF] Microsoft.AspNetCore.Hosting.Diagnostics | Request finished HTTP/1.1 GET http://localhost:5217/api/StaffSalary/preview?salaryYearId=3&month=4&year=2026 - 404 0 null 0.6522ms
2026-04-08 14:05:45.169 [INF] Microsoft.AspNetCore.Hosting.Diagnostics | Request reached the end of the middleware pipeline without being handled by application code. Request path: GET http://localhost:5217/api/StaffSalary/preview, Response status code: 404
2026-04-08 14:13:21.416 [INF] Microsoft.AspNetCore.Hosting.Diagnostics | Request starting HTTP/1.1 OPTIONS http://localhost:5217/api/StaffSalary/preview?salaryYearId=3&month=4&year=2026 - null null
2026-04-08 14:13:21.417 [INF] Microsoft.AspNetCore.Cors.Infrastructure.CorsService | CORS policy execution successful.
2026-04-08 14:13:21.417 [INF] Microsoft.AspNetCore.Hosting.Diagnostics | Request finished HTTP/1.1 OPTIONS http://localhost:5217/api/StaffSalary/preview?salaryYearId=3&month=4&year=2026 - 204 null null 0.2587ms
2026-04-08 14:13:21.418 [INF] Microsoft.AspNetCore.Hosting.Diagnostics | Request starting HTTP/1.1 GET http://localhost:5217/api/StaffSalary/preview?salaryYearId=3&month=4&year=2026 - application/json null
2026-04-08 14:13:21.418 [INF] Microsoft.AspNetCore.Cors.Infrastructure.CorsService | CORS policy execution successful.
2026-04-08 14:13:21.418 [INF] Serilog.AspNetCore.RequestLoggingMiddleware | HTTP GET /api/StaffSalary/preview → 404 (0.0ms)
2026-04-08 14:13:21.418 [INF] Microsoft.AspNetCore.Hosting.Diagnostics | Request finished HTTP/1.1 GET http://localhost:5217/api/StaffSalary/preview?salaryYearId=3&month=4&year=2026 - 404 0 null 0.54ms
2026-04-08 14:13:21.418 [INF] Microsoft.AspNetCore.Hosting.Diagnostics | Request reached the end of the middleware pipeline without being handled by application code. Request path: GET http://localhost:5217/api/StaffSalary/preview, Response status code: 404
2026-04-08 14:13:22.264 [INF] Microsoft.AspNetCore.Hosting.Diagnostics | Request starting HTTP/1.1 GET http://localhost:5217/api/StaffSalary/preview?salaryYearId=3&month=4&year=2026 - application/json null
2026-04-08 14:13:22.264 [INF] Microsoft.AspNetCore.Cors.Infrastructure.CorsService | CORS policy execution successful.
2026-04-08 14:13:22.265 [INF] Serilog.AspNetCore.RequestLoggingMiddleware | HTTP GET /api/StaffSalary/preview → 404 (0.0ms)
2026-04-08 14:13:22.265 [INF] Microsoft.AspNetCore.Hosting.Diagnostics | Request finished HTTP/1.1 GET http://localhost:5217/api/StaffSalary/preview?salaryYearId=3&month=4&year=2026 - 404 0 null 0.6529ms
2026-04-08 14:13:22.265 [INF] Microsoft.AspNetCore.Hosting.Diagnostics | Request reached the end of the middleware pipeline without being handled by application code. Request path: GET http://localhost:5217/api/StaffSalary/preview, Response status code: 404
2026-04-08 14:13:22.409 [INF] Microsoft.AspNetCore.Hosting.Diagnostics | Request starting HTTP/1.1 GET http://localhost:5217/api/StaffSalary/preview?salaryYearId=3&month=4&year=2026 - application/json null
2026-04-08 14:13:22.410 [INF] Microsoft.AspNetCore.Cors.Infrastructure.CorsService | CORS policy execution successful.
2026-04-08 14:13:22.410 [INF] Serilog.AspNetCore.RequestLoggingMiddleware | HTTP GET /api/StaffSalary/preview → 404 (0.0ms)
2026-04-08 14:13:22.410 [INF] Microsoft.AspNetCore.Hosting.Diagnostics | Request finished HTTP/1.1 GET http://localhost:5217/api/StaffSalary/preview?salaryYearId=3&month=4&year=2026 - 404 0 null 0.5726ms
2026-04-08 14:13:22.410 [INF] Microsoft.AspNetCore.Hosting.Diagnostics | Request reached the end of the middleware pipeline without being handled by application code. Request path: GET http://localhost:5217/api/StaffSalary/preview, Response status code: 404
2026-04-08 14:13:28.680 [INF] Microsoft.AspNetCore.Hosting.Diagnostics | Request starting HTTP/1.1 OPTIONS http://localhost:5217/api/StaffSalary/preview?salaryYearId=3&month=4&year=2026 - null null
2026-04-08 14:13:28.680 [INF] Microsoft.AspNetCore.Cors.Infrastructure.CorsService | CORS policy execution successful.
2026-04-08 14:13:28.681 [INF] Microsoft.AspNetCore.Hosting.Diagnostics | Request finished HTTP/1.1 OPTIONS http://localhost:5217/api/StaffSalary/preview?salaryYearId=3&month=4&year=2026 - 204 null null 0.3287ms
2026-04-08 14:13:28.682 [INF] Microsoft.AspNetCore.Hosting.Diagnostics | Request starting HTTP/1.1 GET http://localhost:5217/api/StaffSalary/preview?salaryYearId=3&month=4&year=2026 - application/json null
2026-04-08 14:13:28.682 [INF] Microsoft.AspNetCore.Cors.Infrastructure.CorsService | CORS policy execution successful.
2026-04-08 14:13:28.682 [INF] Serilog.AspNetCore.RequestLoggingMiddleware | HTTP GET /api/StaffSalary/preview → 404 (0.0ms)
2026-04-08 14:13:28.682 [INF] Microsoft.AspNetCore.Hosting.Diagnostics | Request finished HTTP/1.1 GET http://localhost:5217/api/StaffSalary/preview?salaryYearId=3&month=4&year=2026 - 404 0 null 0.4901ms
2026-04-08 14:13:28.682 [INF] Microsoft.AspNetCore.Hosting.Diagnostics | Request reached the end of the middleware pipeline without being handled by application code. Request path: GET http://localhost:5217/api/StaffSalary/preview, Response status code: 404
2026-04-08 14:13:38.411 [INF] Microsoft.AspNetCore.Hosting.Diagnostics | Request starting HTTP/1.1 OPTIONS http://localhost:5217/api/StaffSalary/preview?salaryYearId=3&month=4&year=2026 - null null
2026-04-08 14:13:38.411 [INF] Microsoft.AspNetCore.Cors.Infrastructure.CorsService | CORS policy execution successful.
2026-04-08 14:13:38.411 [INF] Microsoft.AspNetCore.Hosting.Diagnostics | Request finished HTTP/1.1 OPTIONS http://localhost:5217/api/StaffSalary/preview?salaryYearId=3&month=4&year=2026 - 204 null null 0.196ms
2026-04-08 14:13:38.412 [INF] Microsoft.AspNetCore.Hosting.Diagnostics | Request starting HTTP/1.1 GET http://localhost:5217/api/StaffSalary/preview?salaryYearId=3&month=4&year=2026 - application/json null
2026-04-08 14:13:38.412 [INF] Microsoft.AspNetCore.Cors.Infrastructure.CorsService | CORS policy execution successful.
2026-04-08 14:13:38.412 [INF] Serilog.AspNetCore.RequestLoggingMiddleware | HTTP GET /api/StaffSalary/preview → 404 (0.0ms)
2026-04-08 14:13:38.413 [INF] Microsoft.AspNetCore.Hosting.Diagnostics | Request finished HTTP/1.1 GET http://localhost:5217/api/StaffSalary/preview?salaryYearId=3&month=4&year=2026 - 404 0 null 0.56ms
2026-04-08 14:13:38.413 [INF] Microsoft.AspNetCore.Hosting.Diagnostics | Request reached the end of the middleware pipeline without being handled by application code. Request path: GET http://localhost:5217/api/StaffSalary/preview, Response status code: 404
2026-04-08 14:13:51.109 [INF] Microsoft.Hosting.Lifetime | Application is shutting down...
2026-04-08 14:13:54.795 [INF]  | === ProDesX-HRM Backend Starting (Migrations Rev 5: Explicit Columns) ===
2026-04-08 14:13:55.049 [INF]  | === ProDesX-HRM Backend Starting (Migrations Rev 4: Clean GOs) ===
2026-04-08 14:13:55.712 [INF]  | [DB] Connected to: 103.235.104.197 | proxPayroll
2026-04-08 14:13:55.781 [INF]  | [DB] Database exists. Running migrations.sql...
2026-04-08 14:13:56.375 [WRN]  | [DB] Batch skipped in migrations.sql: Invalid column name 'EmployeeId'.
2026-04-08 14:13:56.396 [WRN]  | [DB] Batch skipped in migrations.sql: Invalid column name 'EmployeeId'.
2026-04-08 14:13:57.197 [WRN]  | [DB] Batch skipped in migrations.sql: 'CREATE/ALTER PROCEDURE' must be the first statement in a query batch.
2026-04-08 14:13:58.032 [INF]  | [DB] Finished running migrations.sql. 151 batches applied, 3 skipped.
2026-04-08 14:13:58.447 [WRN]  | [DB] Procedure apply skipped: Invalid column name 'EmployeeId'.
2026-04-08 14:13:58.459 [WRN]  | [DB] Procedure apply skipped: Invalid column name 'EmployeeId'.
2026-04-08 14:13:59.816 [INF]  | [DB] Procedures refreshed (CREATE OR ALTER). 132 applied, 2 skipped.
2026-04-08 14:13:59.816 [INF]  | [DB] Migrations complete.
2026-04-08 14:14:00.046 [INF]  | === Backend running at http://localhost:5217 ===
2026-04-08 14:14:00.058 [INF] Microsoft.AspNetCore.DataProtection.KeyManagement.XmlKeyManager | User profile is available. Using 'C:\Users\vasanth\AppData\Local\ASP.NET\DataProtection-Keys' as key repository and Windows DPAPI to encrypt keys at rest.
2026-04-08 14:14:00.066 [INF] backend.Services.ShiftScheduleBackgroundService | Shift Schedule Background Service is starting.
2026-04-08 14:14:00.123 [INF] Microsoft.Hosting.Lifetime | Now listening on: http://localhost:5217
2026-04-08 14:14:00.123 [INF] Microsoft.Hosting.Lifetime | Application started. Press Ctrl+C to shut down.
2026-04-08 14:14:00.123 [INF] Microsoft.Hosting.Lifetime | Hosting environment: Development
2026-04-08 14:14:00.123 [INF] Microsoft.Hosting.Lifetime | Content root path: C:\Repos_Work\Prodesx_HRM_Mobile_Application\backend
2026-04-08 14:14:10.069 [INF] backend.Services.ShiftScheduleBackgroundService | Shift Schedule Background Service is running...
2026-04-08 14:14:11.630 [INF] backend.Services.ShiftScheduleBackgroundService | Shift Schedule Background Service completed. Inserted 0 new schedules for the rolling 30-day window.
2026-04-08 14:14:19.649 [INF] Microsoft.AspNetCore.Hosting.Diagnostics | Request starting HTTP/1.1 OPTIONS http://localhost:5217/api/users/organizations - null null
2026-04-08 14:14:19.696 [INF] Microsoft.AspNetCore.Cors.Infrastructure.CorsService | CORS policy execution successful.
2026-04-08 14:14:19.701 [INF] Microsoft.AspNetCore.Hosting.Diagnostics | Request finished HTTP/1.1 OPTIONS http://localhost:5217/api/users/organizations - 204 null null 54.7646ms
2026-04-08 14:14:19.706 [INF] Microsoft.AspNetCore.Hosting.Diagnostics | Request starting HTTP/1.1 GET http://localhost:5217/api/users/organizations - null null
2026-04-08 14:14:19.713 [INF] Microsoft.AspNetCore.Cors.Infrastructure.CorsService | CORS policy execution successful.
2026-04-08 14:14:19.727 [WRN] Microsoft.AspNetCore.HttpsPolicy.HttpsRedirectionMiddleware | Failed to determine the https port for redirect.
2026-04-08 14:14:19.819 [INF] Microsoft.AspNetCore.Routing.EndpointMiddleware | Executing endpoint 'backend.Controllers.UsersController.GetOrganizations (backend)'
2026-04-08 14:14:19.833 [INF] Microsoft.AspNetCore.Mvc.Infrastructure.ControllerActionInvoker | Route matched with {action = "GetOrganizations", controller = "Users"}. Executing controller action with signature System.Threading.Tasks.Task`1[Microsoft.AspNetCore.Mvc.IActionResult] GetOrganizations() on controller backend.Controllers.UsersController (backend).
2026-04-08 14:14:19.837 [INF] backend.Controllers.UsersController | [Users] GET organizations | Role=SuperAdmin | UserId=18
2026-04-08 14:14:19.871 [INF] Microsoft.AspNetCore.Mvc.Infrastructure.ObjectResultExecutor | Executing OkObjectResult, writing value of type 'System.Collections.Generic.List`1[[backend.Models.Organization, backend, Version=1.0.0.0, Culture=neutral, PublicKeyToken=null]]'.
2026-04-08 14:14:19.917 [INF] Microsoft.AspNetCore.Mvc.Infrastructure.ControllerActionInvoker | Executed action backend.Controllers.UsersController.GetOrganizations (backend) in 80.1236ms
2026-04-08 14:14:19.917 [INF] Microsoft.AspNetCore.Routing.EndpointMiddleware | Executed endpoint 'backend.Controllers.UsersController.GetOrganizations (backend)'
2026-04-08 14:14:19.920 [INF] Serilog.AspNetCore.RequestLoggingMiddleware | HTTP GET /api/users/organizations → 200 (100.9ms)
2026-04-08 14:14:19.923 [INF] Microsoft.AspNetCore.Hosting.Diagnostics | Request finished HTTP/1.1 GET http://localhost:5217/api/users/organizations - 200 null application/json; charset=utf-8 217.9371ms
2026-04-08 14:14:20.853 [INF] Microsoft.AspNetCore.Hosting.Diagnostics | Request starting HTTP/1.1 OPTIONS http://localhost:5217/api/organizations - null null
2026-04-08 14:14:20.854 [INF] Microsoft.AspNetCore.Cors.Infrastructure.CorsService | CORS policy execution successful.
2026-04-08 14:14:20.854 [INF] Microsoft.AspNetCore.Hosting.Diagnostics | Request finished HTTP/1.1 OPTIONS http://localhost:5217/api/organizations - 204 null null 0.7979ms
2026-04-08 14:14:20.855 [INF] Microsoft.AspNetCore.Hosting.Diagnostics | Request starting HTTP/1.1 GET http://localhost:5217/api/organizations - application/json null
2026-04-08 14:14:20.855 [INF] Microsoft.AspNetCore.Cors.Infrastructure.CorsService | CORS policy execution successful.
2026-04-08 14:14:20.859 [INF] Microsoft.AspNetCore.Routing.EndpointMiddleware | Executing endpoint 'backend.Controllers.OrganizationsController.GetOrganizations (backend)'
2026-04-08 14:14:20.867 [INF] Microsoft.AspNetCore.Mvc.Infrastructure.ControllerActionInvoker | Route matched with {action = "GetOrganizations", controller = "Organizations"}. Executing controller action with signature System.Threading.Tasks.Task`1[Microsoft.AspNetCore.Mvc.IActionResult] GetOrganizations() on controller backend.Controllers.OrganizationsController (backend).
2026-04-08 14:14:20.869 [INF] backend.Controllers.OrganizationsController | [Orgs] GET all requested | Role=SuperAdmin | UserId=18
2026-04-08 14:14:20.939 [INF] Microsoft.AspNetCore.Mvc.Infrastructure.ObjectResultExecutor | Executing OkObjectResult, writing value of type 'System.Collections.Generic.List`1[[backend.Models.Organization, backend, Version=1.0.0.0, Culture=neutral, PublicKeyToken=null]]'.
2026-04-08 14:14:20.939 [INF] Microsoft.AspNetCore.Mvc.Infrastructure.ControllerActionInvoker | Executed action backend.Controllers.OrganizationsController.GetOrganizations (backend) in 72.5167ms
2026-04-08 14:14:20.939 [INF] Microsoft.AspNetCore.Routing.EndpointMiddleware | Executed endpoint 'backend.Controllers.OrganizationsController.GetOrganizations (backend)'
2026-04-08 14:14:20.939 [INF] Serilog.AspNetCore.RequestLoggingMiddleware | HTTP GET /api/organizations → 200 (80.1ms)
2026-04-08 14:14:20.940 [INF] Microsoft.AspNetCore.Hosting.Diagnostics | Request finished HTTP/1.1 GET http://localhost:5217/api/organizations - 200 null application/json; charset=utf-8 84.7652ms
2026-04-08 14:14:20.944 [INF] Microsoft.AspNetCore.Hosting.Diagnostics | Request starting HTTP/1.1 OPTIONS http://localhost:5217/api/leads - null null
2026-04-08 14:14:20.945 [INF] Microsoft.AspNetCore.Cors.Infrastructure.CorsService | CORS policy execution successful.
2026-04-08 14:14:20.945 [INF] Microsoft.AspNetCore.Hosting.Diagnostics | Request finished HTTP/1.1 OPTIONS http://localhost:5217/api/leads - 204 null null 0.2835ms
2026-04-08 14:14:20.946 [INF] Microsoft.AspNetCore.Hosting.Diagnostics | Request starting HTTP/1.1 GET http://localhost:5217/api/leads - application/json null
2026-04-08 14:14:20.946 [INF] Microsoft.AspNetCore.Cors.Infrastructure.CorsService | CORS policy execution successful.
2026-04-08 14:14:20.952 [INF] Microsoft.AspNetCore.Routing.EndpointMiddleware | Executing endpoint 'backend.Controllers.LeadsController.GetLeads (backend)'
2026-04-08 14:14:20.959 [INF] Microsoft.AspNetCore.Mvc.Infrastructure.ControllerActionInvoker | Route matched with {action = "GetLeads", controller = "Leads"}. Executing controller action with signature System.Threading.Tasks.Task`1[System.Collections.Generic.IEnumerable`1[backend.Models.Lead]] GetLeads() on controller backend.Controllers.LeadsController (backend).
2026-04-08 14:14:20.974 [INF] Microsoft.AspNetCore.Mvc.Infrastructure.ObjectResultExecutor | Executing ObjectResult, writing value of type 'System.Collections.Generic.List`1[[backend.Models.Lead, backend, Version=1.0.0.0, Culture=neutral, PublicKeyToken=null]]'.
2026-04-08 14:14:20.990 [INF] Microsoft.AspNetCore.Mvc.Infrastructure.ControllerActionInvoker | Executed action backend.Controllers.LeadsController.GetLeads (backend) in 30.622ms
2026-04-08 14:14:20.990 [INF] Microsoft.AspNetCore.Routing.EndpointMiddleware | Executed endpoint 'backend.Controllers.LeadsController.GetLeads (backend)'
2026-04-08 14:14:20.990 [INF] Serilog.AspNetCore.RequestLoggingMiddleware | HTTP GET /api/leads → 200 (37.4ms)
2026-04-08 14:14:20.990 [INF] Microsoft.AspNetCore.Hosting.Diagnostics | Request finished HTTP/1.1 GET http://localhost:5217/api/leads - 200 null application/json; charset=utf-8 43.9347ms
2026-04-08 14:14:20.996 [INF] Microsoft.AspNetCore.Hosting.Diagnostics | Request starting HTTP/1.1 OPTIONS http://localhost:5217/api/employees?organizationId=2 - null null
2026-04-08 14:14:20.996 [INF] Microsoft.AspNetCore.Cors.Infrastructure.CorsService | CORS policy execution successful.
2026-04-08 14:14:20.996 [INF] Microsoft.AspNetCore.Hosting.Diagnostics | Request finished HTTP/1.1 OPTIONS http://localhost:5217/api/employees?organizationId=2 - 204 null null 0.3373ms
2026-04-08 14:14:20.997 [INF] Microsoft.AspNetCore.Hosting.Diagnostics | Request starting HTTP/1.1 GET http://localhost:5217/api/employees?organizationId=2 - application/json null
2026-04-08 14:14:20.997 [INF] Microsoft.AspNetCore.Cors.Infrastructure.CorsService | CORS policy execution successful.
2026-04-08 14:14:21.002 [INF] Microsoft.AspNetCore.Routing.EndpointMiddleware | Executing endpoint 'backend.Controllers.EmployeesController.GetEmployees (backend)'
2026-04-08 14:14:21.015 [INF] Microsoft.AspNetCore.Mvc.Infrastructure.ControllerActionInvoker | Route matched with {action = "GetEmployees", controller = "Employees"}. Executing controller action with signature System.Threading.Tasks.Task`1[Microsoft.AspNetCore.Mvc.IActionResult] GetEmployees(System.Nullable`1[System.Int32]) on controller backend.Controllers.EmployeesController (backend).
2026-04-08 14:14:21.023 [INF] backend.Controllers.EmployeesController | [Employees] GET all | TargetOrgId=2 | UserOrgId=2
2026-04-08 14:14:21.045 [INF] Microsoft.AspNetCore.Mvc.Infrastructure.ObjectResultExecutor | Executing OkObjectResult, writing value of type 'System.Collections.Generic.List`1[[backend.Models.Employee, backend, Version=1.0.0.0, Culture=neutral, PublicKeyToken=null]]'.
2026-04-08 14:14:21.064 [INF] Microsoft.AspNetCore.Mvc.Infrastructure.ControllerActionInvoker | Executed action backend.Controllers.EmployeesController.GetEmployees (backend) in 48.8622ms
2026-04-08 14:14:21.064 [INF] Microsoft.AspNetCore.Routing.EndpointMiddleware | Executed endpoint 'backend.Controllers.EmployeesController.GetEmployees (backend)'
2026-04-08 14:14:21.064 [INF] Serilog.AspNetCore.RequestLoggingMiddleware | HTTP GET /api/employees → 200 (62.5ms)
2026-04-08 14:14:21.065 [INF] Microsoft.AspNetCore.Hosting.Diagnostics | Request finished HTTP/1.1 GET http://localhost:5217/api/employees?organizationId=2 - 200 null application/json; charset=utf-8 67.2055ms
2026-04-08 14:14:21.125 [INF] Microsoft.AspNetCore.Hosting.Diagnostics | Request starting HTTP/1.1 OPTIONS http://localhost:5217/api/ShiftAssignments/roster?start=2026-04-08&end=2026-04-15&orgId=2 - null null
2026-04-08 14:14:21.125 [INF] Microsoft.AspNetCore.Cors.Infrastructure.CorsService | CORS policy execution successful.
2026-04-08 14:14:21.125 [INF] Microsoft.AspNetCore.Hosting.Diagnostics | Request finished HTTP/1.1 OPTIONS http://localhost:5217/api/ShiftAssignments/roster?start=2026-04-08&end=2026-04-15&orgId=2 - 204 null null 0.3541ms
2026-04-08 14:14:21.127 [INF] Microsoft.AspNetCore.Hosting.Diagnostics | Request starting HTTP/1.1 GET http://localhost:5217/api/ShiftAssignments/roster?start=2026-04-08&end=2026-04-15&orgId=2 - application/json null
2026-04-08 14:14:21.128 [INF] Microsoft.AspNetCore.Cors.Infrastructure.CorsService | CORS policy execution successful.
2026-04-08 14:14:21.128 [INF] Microsoft.AspNetCore.Routing.EndpointMiddleware | Executing endpoint 'backend.Controllers.ShiftAssignmentsController.GetMonthlyRosterFixed (backend)'
2026-04-08 14:14:21.137 [INF] Microsoft.AspNetCore.Mvc.Infrastructure.ControllerActionInvoker | Route matched with {action = "GetMonthlyRosterFixed", controller = "ShiftAssignments"}. Executing controller action with signature System.Threading.Tasks.Task`1[Microsoft.AspNetCore.Mvc.IActionResult] GetMonthlyRosterFixed(System.String, System.String, System.Nullable`1[System.Int32]) on controller backend.Controllers.ShiftAssignmentsController (backend).
2026-04-08 14:14:21.170 [INF] Microsoft.AspNetCore.Mvc.Infrastructure.ObjectResultExecutor | Executing OkObjectResult, writing value of type 'System.Collections.Generic.List`1[[backend.Models.EmployeeSchedule, backend, Version=1.0.0.0, Culture=neutral, PublicKeyToken=null]]'.
2026-04-08 14:14:21.174 [INF] Microsoft.AspNetCore.Mvc.Infrastructure.ControllerActionInvoker | Executed action backend.Controllers.ShiftAssignmentsController.GetMonthlyRosterFixed (backend) in 36.8111ms
2026-04-08 14:14:21.174 [INF] Microsoft.AspNetCore.Routing.EndpointMiddleware | Executed endpoint 'backend.Controllers.ShiftAssignmentsController.GetMonthlyRosterFixed (backend)'
2026-04-08 14:14:21.174 [INF] Serilog.AspNetCore.RequestLoggingMiddleware | HTTP GET /api/ShiftAssignments/roster → 200 (46.1ms)
2026-04-08 14:14:21.175 [INF] Microsoft.AspNetCore.Hosting.Diagnostics | Request finished HTTP/1.1 GET http://localhost:5217/api/ShiftAssignments/roster?start=2026-04-08&end=2026-04-15&orgId=2 - 200 null application/json; charset=utf-8 47.9974ms
2026-04-08 14:14:21.183 [INF] Microsoft.AspNetCore.Hosting.Diagnostics | Request starting HTTP/1.1 OPTIONS http://localhost:5217/api/Attendance/status?employeeId=31&orgId=2 - null null
2026-04-08 14:14:21.183 [INF] Microsoft.AspNetCore.Cors.Infrastructure.CorsService | CORS policy execution successful.
2026-04-08 14:14:21.183 [INF] Microsoft.AspNetCore.Hosting.Diagnostics | Request finished HTTP/1.1 OPTIONS http://localhost:5217/api/Attendance/status?employeeId=31&orgId=2 - 204 null null 0.393ms
2026-04-08 14:14:21.185 [INF] Microsoft.AspNetCore.Hosting.Diagnostics | Request starting HTTP/1.1 GET http://localhost:5217/api/Attendance/status?employeeId=31&orgId=2 - application/json null
2026-04-08 14:14:21.186 [INF] Microsoft.AspNetCore.Cors.Infrastructure.CorsService | CORS policy execution successful.
2026-04-08 14:14:21.187 [INF] Microsoft.AspNetCore.Routing.EndpointMiddleware | Executing endpoint 'backend.Controllers.AttendanceController.GetStatus (backend)'
2026-04-08 14:14:21.197 [INF] Microsoft.AspNetCore.Mvc.Infrastructure.ControllerActionInvoker | Route matched with {action = "GetStatus", controller = "Attendance"}. Executing controller action with signature System.Threading.Tasks.Task`1[Microsoft.AspNetCore.Mvc.IActionResult] GetStatus(Int32, Int32) on controller backend.Controllers.AttendanceController (backend).
2026-04-08 14:14:21.221 [ERR] backend.Controllers.AttendanceController | Error getting attendance status
Microsoft.Data.SqlClient.SqlException (0x80131904): Invalid column name 'FN'.
Invalid column name 'AN'.
   at System.Threading.Tasks.ContinuationResultTaskFromResultTask`2.InnerInvoke()
   at System.Threading.ExecutionContext.RunInternal(ExecutionContext executionContext, ContextCallback callback, Object state)
--- End of stack trace from previous location ---
   at System.Threading.ExecutionContext.RunInternal(ExecutionContext executionContext, ContextCallback callback, Object state)
   at System.Threading.Tasks.Task.ExecuteWithThreadLocal(Task& currentTaskSlot, Thread threadPoolThread)
--- End of stack trace from previous location ---
   at Dapper.SqlMapper.QueryRowAsync[T](IDbConnection cnn, Row row, Type effectiveType, CommandDefinition command) in /_/Dapper/SqlMapper.Async.cs:line 489
   at backend.Controllers.AttendanceController.GetStatus(Int32 employeeId, Int32 orgId) in C:\Repos_Work\Prodesx_HRM_Mobile_Application\backend\Controllers\AttendanceController.cs:line 235
ClientConnectionId:16b8c39c-af9a-4eb2-b980-fa039c5af5ad
Error Number:207,State:1,Class:16
2026-04-08 14:14:21.240 [INF] Microsoft.AspNetCore.Mvc.Infrastructure.ObjectResultExecutor | Executing ObjectResult, writing value of type 'System.String'.
2026-04-08 14:14:21.241 [INF] Microsoft.AspNetCore.Mvc.Infrastructure.ControllerActionInvoker | Executed action backend.Controllers.AttendanceController.GetStatus (backend) in 43.4523ms
2026-04-08 14:14:21.241 [INF] Microsoft.AspNetCore.Routing.EndpointMiddleware | Executed endpoint 'backend.Controllers.AttendanceController.GetStatus (backend)'
2026-04-08 14:14:21.241 [ERR] Serilog.AspNetCore.RequestLoggingMiddleware | HTTP GET /api/Attendance/status → 500 (53.9ms)
2026-04-08 14:14:21.242 [INF] Microsoft.AspNetCore.Hosting.Diagnostics | Request finished HTTP/1.1 GET http://localhost:5217/api/Attendance/status?employeeId=31&orgId=2 - 500 null text/plain; charset=utf-8 57.1416ms
2026-04-08 14:15:19.540 [INF] Microsoft.AspNetCore.Hosting.Diagnostics | Request starting HTTP/1.1 OPTIONS http://localhost:5217/api/auth/login - null null
2026-04-08 14:15:19.540 [INF] Microsoft.AspNetCore.Cors.Infrastructure.CorsService | CORS policy execution successful.
2026-04-08 14:15:19.540 [INF] Microsoft.AspNetCore.Hosting.Diagnostics | Request finished HTTP/1.1 OPTIONS http://localhost:5217/api/auth/login - 204 null null 0.5188ms
2026-04-08 14:15:19.542 [INF] Microsoft.AspNetCore.Hosting.Diagnostics | Request starting HTTP/1.1 POST http://localhost:5217/api/auth/login - application/json 62
2026-04-08 14:15:19.543 [INF] Microsoft.AspNetCore.Cors.Infrastructure.CorsService | CORS policy execution successful.
2026-04-08 14:15:19.544 [INF] Microsoft.AspNetCore.Routing.EndpointMiddleware | Executing endpoint 'backend.Controllers.AuthController.Login (backend)'
2026-04-08 14:15:19.551 [INF] Microsoft.AspNetCore.Mvc.Infrastructure.ControllerActionInvoker | Route matched with {action = "Login", controller = "Auth"}. Executing controller action with signature System.Threading.Tasks.Task`1[Microsoft.AspNetCore.Mvc.IActionResult] Login(backend.Models.LoginRequest) on controller backend.Controllers.AuthController (backend).
2026-04-08 14:15:19.570 [INF] backend.Controllers.AuthController | [Auth] Login attempt | Email=vasanth2004vk@gmail.com
2026-04-08 14:15:19.988 [INF] backend.Controllers.AuthController | [Auth] User login session recorded | UserId=18 | TokenExpiry="2026-04-09T08:45:19.9241588Z"
2026-04-08 14:15:19.989 [INF] backend.Controllers.AuthController | [Auth] Login SUCCESS | Email=vasanth2004vk@gmail.com | EffectiveRole=SuperAdmin | OrgId=2
2026-04-08 14:15:19.989 [INF] Microsoft.AspNetCore.Mvc.Infrastructure.ObjectResultExecutor | Executing OkObjectResult, writing value of type '<>f__AnonymousType23`2[[System.String, System.Private.CoreLib, Version=10.0.0.0, Culture=neutral, PublicKeyToken=7cec85d7bea7798e],[<>f__AnonymousType24`6[[System.Int32, System.Private.CoreLib, Version=10.0.0.0, Culture=neutral, PublicKeyToken=7cec85d7bea7798e],[System.String, System.Private.CoreLib, Version=10.0.0.0, Culture=neutral, PublicKeyToken=7cec85d7bea7798e],[System.String, System.Private.CoreLib, Version=10.0.0.0, Culture=neutral, PublicKeyToken=7cec85d7bea7798e],[System.String, System.Private.CoreLib, Version=10.0.0.0, Culture=neutral, PublicKeyToken=7cec85d7bea7798e],[System.Nullable`1[[System.Int32, System.Private.CoreLib, Version=10.0.0.0, Culture=neutral, PublicKeyToken=7cec85d7bea7798e]], System.Private.CoreLib, Version=10.0.0.0, Culture=neutral, PublicKeyToken=7cec85d7bea7798e],[System.String, System.Private.CoreLib, Version=10.0.0.0, Culture=neutral, PublicKeyToken=7cec85d7bea7798e]], backend, Version=1.0.0.0, Culture=neutral, PublicKeyToken=null]]'.
2026-04-08 14:15:19.998 [INF] Microsoft.AspNetCore.Mvc.Infrastructure.ControllerActionInvoker | Executed action backend.Controllers.AuthController.Login (backend) in 446.3922ms
2026-04-08 14:15:19.998 [INF] Microsoft.AspNetCore.Routing.EndpointMiddleware | Executed endpoint 'backend.Controllers.AuthController.Login (backend)'
2026-04-08 14:15:19.998 [INF] Serilog.AspNetCore.RequestLoggingMiddleware | HTTP POST /api/auth/login → 200 (454.2ms)
2026-04-08 14:15:19.998 [INF] Microsoft.AspNetCore.Hosting.Diagnostics | Request finished HTTP/1.1 POST http://localhost:5217/api/auth/login - 200 null application/json; charset=utf-8 455.7721ms
2026-04-08 14:15:20.016 [INF] Microsoft.AspNetCore.Hosting.Diagnostics | Request starting HTTP/1.1 OPTIONS http://localhost:5217/api/users/organizations - null null
2026-04-08 14:15:20.016 [INF] Microsoft.AspNetCore.Cors.Infrastructure.CorsService | CORS policy execution successful.
2026-04-08 14:15:20.016 [INF] Microsoft.AspNetCore.Hosting.Diagnostics | Request finished HTTP/1.1 OPTIONS http://localhost:5217/api/users/organizations - 204 null null 0.2883ms
2026-04-08 14:15:20.017 [INF] Microsoft.AspNetCore.Hosting.Diagnostics | Request starting HTTP/1.1 GET http://localhost:5217/api/users/organizations - null null
2026-04-08 14:15:20.017 [INF] Microsoft.AspNetCore.Cors.Infrastructure.CorsService | CORS policy execution successful.
2026-04-08 14:15:20.018 [INF] Microsoft.AspNetCore.Routing.EndpointMiddleware | Executing endpoint 'backend.Controllers.UsersController.GetOrganizations (backend)'
2026-04-08 14:15:20.018 [INF] Microsoft.AspNetCore.Mvc.Infrastructure.ControllerActionInvoker | Route matched with {action = "GetOrganizations", controller = "Users"}. Executing controller action with signature System.Threading.Tasks.Task`1[Microsoft.AspNetCore.Mvc.IActionResult] GetOrganizations() on controller backend.Controllers.UsersController (backend).
2026-04-08 14:15:20.018 [INF] backend.Controllers.UsersController | [Users] GET organizations | Role=SuperAdmin | UserId=18
2026-04-08 14:15:20.044 [INF] Microsoft.AspNetCore.Mvc.Infrastructure.ObjectResultExecutor | Executing OkObjectResult, writing value of type 'System.Collections.Generic.List`1[[backend.Models.Organization, backend, Version=1.0.0.0, Culture=neutral, PublicKeyToken=null]]'.
2026-04-08 14:15:20.044 [INF] Microsoft.AspNetCore.Mvc.Infrastructure.ControllerActionInvoker | Executed action backend.Controllers.UsersController.GetOrganizations (backend) in 26.5182ms
2026-04-08 14:15:20.044 [INF] Microsoft.AspNetCore.Routing.EndpointMiddleware | Executed endpoint 'backend.Controllers.UsersController.GetOrganizations (backend)'
2026-04-08 14:15:20.044 [INF] Serilog.AspNetCore.RequestLoggingMiddleware | HTTP GET /api/users/organizations → 200 (26.7ms)
2026-04-08 14:15:20.044 [INF] Microsoft.AspNetCore.Hosting.Diagnostics | Request finished HTTP/1.1 GET http://localhost:5217/api/users/organizations - 200 null application/json; charset=utf-8 27.3417ms
2026-04-08 14:15:20.416 [INF] Microsoft.AspNetCore.Hosting.Diagnostics | Request starting HTTP/1.1 GET http://localhost:5217/uploads/org-logos/org-logo-5873c475d91d4bbd9046deec667d136c.jpg - null null
2026-04-08 14:15:20.417 [INF] Microsoft.AspNetCore.Cors.Infrastructure.CorsService | CORS policy execution successful.
2026-04-08 14:15:20.428 [INF] Microsoft.AspNetCore.StaticFiles.StaticFileMiddleware | The file /uploads/org-logos/org-logo-5873c475d91d4bbd9046deec667d136c.jpg was not modified
2026-04-08 14:15:20.429 [INF] Microsoft.AspNetCore.Hosting.Diagnostics | Request finished HTTP/1.1 GET http://localhost:5217/uploads/org-logos/org-logo-5873c475d91d4bbd9046deec667d136c.jpg - 304 null image/jpeg 12.9827ms
2026-04-08 14:15:20.447 [INF] Microsoft.AspNetCore.Hosting.Diagnostics | Request starting HTTP/1.1 OPTIONS http://localhost:5217/api/organizations - null null
2026-04-08 14:15:20.447 [INF] Microsoft.AspNetCore.Cors.Infrastructure.CorsService | CORS policy execution successful.
2026-04-08 14:15:20.447 [INF] Microsoft.AspNetCore.Hosting.Diagnostics | Request finished HTTP/1.1 OPTIONS http://localhost:5217/api/organizations - 204 null null 0.3438ms
2026-04-08 14:15:20.448 [INF] Microsoft.AspNetCore.Hosting.Diagnostics | Request starting HTTP/1.1 GET http://localhost:5217/api/organizations - application/json null
2026-04-08 14:15:20.448 [INF] Microsoft.AspNetCore.Cors.Infrastructure.CorsService | CORS policy execution successful.
2026-04-08 14:15:20.449 [INF] Microsoft.AspNetCore.Routing.EndpointMiddleware | Executing endpoint 'backend.Controllers.OrganizationsController.GetOrganizations (backend)'
2026-04-08 14:15:20.449 [INF] Microsoft.AspNetCore.Mvc.Infrastructure.ControllerActionInvoker | Route matched with {action = "GetOrganizations", controller = "Organizations"}. Executing controller action with signature System.Threading.Tasks.Task`1[Microsoft.AspNetCore.Mvc.IActionResult] GetOrganizations() on controller backend.Controllers.OrganizationsController (backend).
2026-04-08 14:15:20.449 [INF] backend.Controllers.OrganizationsController | [Orgs] GET all requested | Role=SuperAdmin | UserId=18
2026-04-08 14:15:20.461 [INF] Microsoft.AspNetCore.Mvc.Infrastructure.ObjectResultExecutor | Executing OkObjectResult, writing value of type 'System.Collections.Generic.List`1[[backend.Models.Organization, backend, Version=1.0.0.0, Culture=neutral, PublicKeyToken=null]]'.
2026-04-08 14:15:20.461 [INF] Microsoft.AspNetCore.Mvc.Infrastructure.ControllerActionInvoker | Executed action backend.Controllers.OrganizationsController.GetOrganizations (backend) in 12.5417ms
2026-04-08 14:15:20.461 [INF] Microsoft.AspNetCore.Routing.EndpointMiddleware | Executed endpoint 'backend.Controllers.OrganizationsController.GetOrganizations (backend)'
2026-04-08 14:15:20.461 [INF] Serilog.AspNetCore.RequestLoggingMiddleware | HTTP GET /api/organizations → 200 (12.8ms)
2026-04-08 14:15:20.462 [INF] Microsoft.AspNetCore.Hosting.Diagnostics | Request finished HTTP/1.1 GET http://localhost:5217/api/organizations - 200 null application/json; charset=utf-8 13.3774ms
2026-04-08 14:15:20.482 [INF] Microsoft.AspNetCore.Hosting.Diagnostics | Request starting HTTP/1.1 OPTIONS http://localhost:5217/api/leads - null null
2026-04-08 14:15:20.482 [INF] Microsoft.AspNetCore.Cors.Infrastructure.CorsService | CORS policy execution successful.
2026-04-08 14:15:20.482 [INF] Microsoft.AspNetCore.Hosting.Diagnostics | Request finished HTTP/1.1 OPTIONS http://localhost:5217/api/leads - 204 null null 0.2813ms
2026-04-08 14:15:20.483 [INF] Microsoft.AspNetCore.Hosting.Diagnostics | Request starting HTTP/1.1 GET http://localhost:5217/api/leads - application/json null
2026-04-08 14:15:20.483 [INF] Microsoft.AspNetCore.Cors.Infrastructure.CorsService | CORS policy execution successful.
2026-04-08 14:15:20.484 [INF] Microsoft.AspNetCore.Routing.EndpointMiddleware | Executing endpoint 'backend.Controllers.LeadsController.GetLeads (backend)'
2026-04-08 14:15:20.484 [INF] Microsoft.AspNetCore.Mvc.Infrastructure.ControllerActionInvoker | Route matched with {action = "GetLeads", controller = "Leads"}. Executing controller action with signature System.Threading.Tasks.Task`1[System.Collections.Generic.IEnumerable`1[backend.Models.Lead]] GetLeads() on controller backend.Controllers.LeadsController (backend).
2026-04-08 14:15:20.537 [INF] Microsoft.AspNetCore.Mvc.Infrastructure.ObjectResultExecutor | Executing ObjectResult, writing value of type 'System.Collections.Generic.List`1[[backend.Models.Lead, backend, Version=1.0.0.0, Culture=neutral, PublicKeyToken=null]]'.
2026-04-08 14:15:20.538 [INF] Microsoft.AspNetCore.Mvc.Infrastructure.ControllerActionInvoker | Executed action backend.Controllers.LeadsController.GetLeads (backend) in 53.5684ms
2026-04-08 14:15:20.538 [INF] Microsoft.AspNetCore.Routing.EndpointMiddleware | Executed endpoint 'backend.Controllers.LeadsController.GetLeads (backend)'
2026-04-08 14:15:20.538 [INF] Serilog.AspNetCore.RequestLoggingMiddleware | HTTP GET /api/leads → 200 (53.8ms)
2026-04-08 14:15:20.538 [INF] Microsoft.AspNetCore.Hosting.Diagnostics | Request finished HTTP/1.1 GET http://localhost:5217/api/leads - 200 null application/json; charset=utf-8 54.272ms
2026-04-08 14:15:20.603 [INF] Microsoft.AspNetCore.Hosting.Diagnostics | Request starting HTTP/1.1 OPTIONS http://localhost:5217/api/employees?organizationId=2 - null null
2026-04-08 14:15:20.603 [INF] Microsoft.AspNetCore.Cors.Infrastructure.CorsService | CORS policy execution successful.
2026-04-08 14:15:20.604 [INF] Microsoft.AspNetCore.Hosting.Diagnostics | Request finished HTTP/1.1 OPTIONS http://localhost:5217/api/employees?organizationId=2 - 204 null null 0.6027ms
2026-04-08 14:15:20.606 [INF] Microsoft.AspNetCore.Hosting.Diagnostics | Request starting HTTP/1.1 GET http://localhost:5217/api/employees?organizationId=2 - application/json null
2026-04-08 14:15:20.606 [INF] Microsoft.AspNetCore.Cors.Infrastructure.CorsService | CORS policy execution successful.
2026-04-08 14:15:20.607 [INF] Microsoft.AspNetCore.Routing.EndpointMiddleware | Executing endpoint 'backend.Controllers.EmployeesController.GetEmployees (backend)'
2026-04-08 14:15:20.607 [INF] Microsoft.AspNetCore.Mvc.Infrastructure.ControllerActionInvoker | Route matched with {action = "GetEmployees", controller = "Employees"}. Executing controller action with signature System.Threading.Tasks.Task`1[Microsoft.AspNetCore.Mvc.IActionResult] GetEmployees(System.Nullable`1[System.Int32]) on controller backend.Controllers.EmployeesController (backend).
2026-04-08 14:15:20.608 [INF] backend.Controllers.EmployeesController | [Employees] GET all | TargetOrgId=2 | UserOrgId=2
2026-04-08 14:15:20.635 [INF] Microsoft.AspNetCore.Mvc.Infrastructure.ObjectResultExecutor | Executing OkObjectResult, writing value of type 'System.Collections.Generic.List`1[[backend.Models.Employee, backend, Version=1.0.0.0, Culture=neutral, PublicKeyToken=null]]'.
2026-04-08 14:15:20.636 [INF] Microsoft.AspNetCore.Mvc.Infrastructure.ControllerActionInvoker | Executed action backend.Controllers.EmployeesController.GetEmployees (backend) in 28.4808ms
2026-04-08 14:15:20.636 [INF] Microsoft.AspNetCore.Routing.EndpointMiddleware | Executed endpoint 'backend.Controllers.EmployeesController.GetEmployees (backend)'
2026-04-08 14:15:20.636 [INF] Serilog.AspNetCore.RequestLoggingMiddleware | HTTP GET /api/employees → 200 (28.8ms)
2026-04-08 14:15:20.636 [INF] Microsoft.AspNetCore.Hosting.Diagnostics | Request finished HTTP/1.1 GET http://localhost:5217/api/employees?organizationId=2 - 200 null application/json; charset=utf-8 29.5148ms
2026-04-08 14:15:20.665 [INF] Microsoft.AspNetCore.Hosting.Diagnostics | Request starting HTTP/1.1 OPTIONS http://localhost:5217/api/ShiftAssignments/roster?start=2026-04-08&end=2026-04-15&orgId=2 - null null
2026-04-08 14:15:20.665 [INF] Microsoft.AspNetCore.Cors.Infrastructure.CorsService | CORS policy execution successful.
2026-04-08 14:15:20.665 [INF] Microsoft.AspNetCore.Hosting.Diagnostics | Request finished HTTP/1.1 OPTIONS http://localhost:5217/api/ShiftAssignments/roster?start=2026-04-08&end=2026-04-15&orgId=2 - 204 null null 0.2819ms
2026-04-08 14:15:20.666 [INF] Microsoft.AspNetCore.Hosting.Diagnostics | Request starting HTTP/1.1 GET http://localhost:5217/api/ShiftAssignments/roster?start=2026-04-08&end=2026-04-15&orgId=2 - application/json null
2026-04-08 14:15:20.666 [INF] Microsoft.AspNetCore.Cors.Infrastructure.CorsService | CORS policy execution successful.
2026-04-08 14:15:20.667 [INF] Microsoft.AspNetCore.Routing.EndpointMiddleware | Executing endpoint 'backend.Controllers.ShiftAssignmentsController.GetMonthlyRosterFixed (backend)'
2026-04-08 14:15:20.667 [INF] Microsoft.AspNetCore.Mvc.Infrastructure.ControllerActionInvoker | Route matched with {action = "GetMonthlyRosterFixed", controller = "ShiftAssignments"}. Executing controller action with signature System.Threading.Tasks.Task`1[Microsoft.AspNetCore.Mvc.IActionResult] GetMonthlyRosterFixed(System.String, System.String, System.Nullable`1[System.Int32]) on controller backend.Controllers.ShiftAssignmentsController (backend).
2026-04-08 14:15:20.680 [INF] Microsoft.AspNetCore.Mvc.Infrastructure.ObjectResultExecutor | Executing OkObjectResult, writing value of type 'System.Collections.Generic.List`1[[backend.Models.EmployeeSchedule, backend, Version=1.0.0.0, Culture=neutral, PublicKeyToken=null]]'.
2026-04-08 14:15:20.680 [INF] Microsoft.AspNetCore.Mvc.Infrastructure.ControllerActionInvoker | Executed action backend.Controllers.ShiftAssignmentsController.GetMonthlyRosterFixed (backend) in 13.5485ms
2026-04-08 14:15:20.680 [INF] Microsoft.AspNetCore.Routing.EndpointMiddleware | Executed endpoint 'backend.Controllers.ShiftAssignmentsController.GetMonthlyRosterFixed (backend)'
2026-04-08 14:15:20.680 [INF] Serilog.AspNetCore.RequestLoggingMiddleware | HTTP GET /api/ShiftAssignments/roster → 200 (13.8ms)
2026-04-08 14:15:20.680 [INF] Microsoft.AspNetCore.Hosting.Diagnostics | Request finished HTTP/1.1 GET http://localhost:5217/api/ShiftAssignments/roster?start=2026-04-08&end=2026-04-15&orgId=2 - 200 null application/json; charset=utf-8 14.5151ms
2026-04-08 14:15:20.696 [INF] Microsoft.AspNetCore.Hosting.Diagnostics | Request starting HTTP/1.1 GET http://localhost:5217/uploads/employee-photos/emp-31.jpg - null null
2026-04-08 14:15:20.697 [INF] Microsoft.AspNetCore.Cors.Infrastructure.CorsService | CORS policy execution successful.
2026-04-08 14:15:20.697 [INF] Microsoft.AspNetCore.StaticFiles.StaticFileMiddleware | The file /uploads/employee-photos/emp-31.jpg was not modified
2026-04-08 14:15:20.697 [INF] Microsoft.AspNetCore.Hosting.Diagnostics | Request finished HTTP/1.1 GET http://localhost:5217/uploads/employee-photos/emp-31.jpg - 304 null image/jpeg 0.7892ms
2026-04-08 14:15:20.727 [INF] Microsoft.AspNetCore.Hosting.Diagnostics | Request starting HTTP/1.1 OPTIONS http://localhost:5217/api/Attendance/status?employeeId=31&orgId=2 - null null
2026-04-08 14:15:20.727 [INF] Microsoft.AspNetCore.Cors.Infrastructure.CorsService | CORS policy execution successful.
2026-04-08 14:15:20.727 [INF] Microsoft.AspNetCore.Hosting.Diagnostics | Request finished HTTP/1.1 OPTIONS http://localhost:5217/api/Attendance/status?employeeId=31&orgId=2 - 204 null null 0.2555ms
2026-04-08 14:15:20.728 [INF] Microsoft.AspNetCore.Hosting.Diagnostics | Request starting HTTP/1.1 GET http://localhost:5217/api/Attendance/status?employeeId=31&orgId=2 - application/json null
2026-04-08 14:15:20.729 [INF] Microsoft.AspNetCore.Cors.Infrastructure.CorsService | CORS policy execution successful.
2026-04-08 14:15:20.729 [INF] Microsoft.AspNetCore.Routing.EndpointMiddleware | Executing endpoint 'backend.Controllers.AttendanceController.GetStatus (backend)'
2026-04-08 14:15:20.730 [INF] Microsoft.AspNetCore.Mvc.Infrastructure.ControllerActionInvoker | Route matched with {action = "GetStatus", controller = "Attendance"}. Executing controller action with signature System.Threading.Tasks.Task`1[Microsoft.AspNetCore.Mvc.IActionResult] GetStatus(Int32, Int32) on controller backend.Controllers.AttendanceController (backend).
2026-04-08 14:15:20.745 [ERR] backend.Controllers.AttendanceController | Error getting attendance status
Microsoft.Data.SqlClient.SqlException (0x80131904): Invalid column name 'FN'.
Invalid column name 'AN'.
   at System.Threading.Tasks.ContinuationResultTaskFromResultTask`2.InnerInvoke()
   at System.Threading.ExecutionContext.RunInternal(ExecutionContext executionContext, ContextCallback callback, Object state)
--- End of stack trace from previous location ---
   at System.Threading.ExecutionContext.RunInternal(ExecutionContext executionContext, ContextCallback callback, Object state)
   at System.Threading.Tasks.Task.ExecuteWithThreadLocal(Task& currentTaskSlot, Thread threadPoolThread)
--- End of stack trace from previous location ---
   at Dapper.SqlMapper.QueryRowAsync[T](IDbConnection cnn, Row row, Type effectiveType, CommandDefinition command) in /_/Dapper/SqlMapper.Async.cs:line 489
   at backend.Controllers.AttendanceController.GetStatus(Int32 employeeId, Int32 orgId) in C:\Repos_Work\Prodesx_HRM_Mobile_Application\backend\Controllers\AttendanceController.cs:line 235
ClientConnectionId:16b8c39c-af9a-4eb2-b980-fa039c5af5ad
Error Number:207,State:1,Class:16
2026-04-08 14:15:20.746 [INF] Microsoft.AspNetCore.Mvc.Infrastructure.ObjectResultExecutor | Executing ObjectResult, writing value of type 'System.String'.
2026-04-08 14:15:20.746 [INF] Microsoft.AspNetCore.Mvc.Infrastructure.ControllerActionInvoker | Executed action backend.Controllers.AttendanceController.GetStatus (backend) in 16.7143ms
2026-04-08 14:15:20.746 [INF] Microsoft.AspNetCore.Routing.EndpointMiddleware | Executed endpoint 'backend.Controllers.AttendanceController.GetStatus (backend)'
2026-04-08 14:15:20.746 [ERR] Serilog.AspNetCore.RequestLoggingMiddleware | HTTP GET /api/Attendance/status → 500 (17.0ms)
2026-04-08 14:15:20.747 [INF] Microsoft.AspNetCore.Hosting.Diagnostics | Request finished HTTP/1.1 GET http://localhost:5217/api/Attendance/status?employeeId=31&orgId=2 - 500 null text/plain; charset=utf-8 18.0589ms
2026-04-08 14:15:25.773 [INF] Microsoft.AspNetCore.Hosting.Diagnostics | Request starting HTTP/1.1 GET http://localhost:5217/uploads/org-logos/org-logo-f3e5c29a5727487a9d6c2a5527e8919d.png - null null
2026-04-08 14:15:25.773 [INF] Microsoft.AspNetCore.Cors.Infrastructure.CorsService | CORS policy execution successful.
2026-04-08 14:15:25.773 [INF] Microsoft.AspNetCore.StaticFiles.StaticFileMiddleware | The file /uploads/org-logos/org-logo-f3e5c29a5727487a9d6c2a5527e8919d.png was not modified
2026-04-08 14:15:25.773 [INF] Microsoft.AspNetCore.Hosting.Diagnostics | Request finished HTTP/1.1 GET http://localhost:5217/uploads/org-logos/org-logo-f3e5c29a5727487a9d6c2a5527e8919d.png - 304 null image/png 0.5722ms
2026-04-08 14:15:25.777 [INF] Microsoft.AspNetCore.Hosting.Diagnostics | Request starting HTTP/1.1 GET http://localhost:5217/uploads/org-logos/org-logo-6fcb4a5d7f2e442f800ddd9bde90c680.jpg - null null
2026-04-08 14:15:25.777 [INF] Microsoft.AspNetCore.Cors.Infrastructure.CorsService | CORS policy execution successful.
2026-04-08 14:15:25.778 [INF] Microsoft.AspNetCore.StaticFiles.StaticFileMiddleware | The file /uploads/org-logos/org-logo-6fcb4a5d7f2e442f800ddd9bde90c680.jpg was not modified
2026-04-08 14:15:25.778 [INF] Microsoft.AspNetCore.Hosting.Diagnostics | Request finished HTTP/1.1 GET http://localhost:5217/uploads/org-logos/org-logo-6fcb4a5d7f2e442f800ddd9bde90c680.jpg - 304 null image/jpeg 0.7264ms
2026-04-08 14:15:25.846 [INF] Microsoft.AspNetCore.Hosting.Diagnostics | Request starting HTTP/1.1 OPTIONS http://localhost:5217/api/SalaryYear/GetSalaryYearsByOrgId?orgId=2 - null null
2026-04-08 14:15:25.846 [INF] Microsoft.AspNetCore.Cors.Infrastructure.CorsService | CORS policy execution successful.
2026-04-08 14:15:25.846 [INF] Microsoft.AspNetCore.Hosting.Diagnostics | Request finished HTTP/1.1 OPTIONS http://localhost:5217/api/SalaryYear/GetSalaryYearsByOrgId?orgId=2 - 204 null null 0.3144ms
2026-04-08 14:15:25.848 [INF] Microsoft.AspNetCore.Hosting.Diagnostics | Request starting HTTP/1.1 GET http://localhost:5217/api/SalaryYear/GetSalaryYearsByOrgId?orgId=2 - application/json null
2026-04-08 14:15:25.850 [INF] Microsoft.AspNetCore.Cors.Infrastructure.CorsService | CORS policy execution successful.
2026-04-08 14:15:25.850 [INF] Microsoft.AspNetCore.Routing.EndpointMiddleware | Executing endpoint 'backend.Controllers.SalaryYearController.GetSalaryYearsByOrgId (backend)'
2026-04-08 14:15:25.857 [INF] Microsoft.AspNetCore.Mvc.Infrastructure.ControllerActionInvoker | Route matched with {action = "GetSalaryYearsByOrgId", controller = "SalaryYear"}. Executing controller action with signature System.Threading.Tasks.Task`1[Microsoft.AspNetCore.Mvc.IActionResult] GetSalaryYearsByOrgId(System.String) on controller backend.Controllers.SalaryYearController (backend).
2026-04-08 14:15:25.876 [INF] Microsoft.AspNetCore.Mvc.Infrastructure.ObjectResultExecutor | Executing OkObjectResult, writing value of type 'System.Collections.Generic.List`1[[backend.Models.SalaryYear, backend, Version=1.0.0.0, Culture=neutral, PublicKeyToken=null]]'.
2026-04-08 14:15:25.879 [INF] Microsoft.AspNetCore.Mvc.Infrastructure.ControllerActionInvoker | Executed action backend.Controllers.SalaryYearController.GetSalaryYearsByOrgId (backend) in 21.569ms
2026-04-08 14:15:25.879 [INF] Microsoft.AspNetCore.Routing.EndpointMiddleware | Executed endpoint 'backend.Controllers.SalaryYearController.GetSalaryYearsByOrgId (backend)'
2026-04-08 14:15:25.879 [INF] Serilog.AspNetCore.RequestLoggingMiddleware | HTTP GET /api/SalaryYear/GetSalaryYearsByOrgId → 200 (28.8ms)
2026-04-08 14:15:25.879 [INF] Microsoft.AspNetCore.Hosting.Diagnostics | Request finished HTTP/1.1 GET http://localhost:5217/api/SalaryYear/GetSalaryYearsByOrgId?orgId=2 - 200 null application/json; charset=utf-8 30.9924ms
2026-04-08 14:15:25.890 [INF] Microsoft.AspNetCore.Hosting.Diagnostics | Request starting HTTP/1.1 OPTIONS http://localhost:5217/api/StaffSalary/preview?salaryYearId=3&month=4&year=2026 - null null
2026-04-08 14:15:25.890 [INF] Microsoft.AspNetCore.Cors.Infrastructure.CorsService | CORS policy execution successful.
2026-04-08 14:15:25.890 [INF] Microsoft.AspNetCore.Hosting.Diagnostics | Request finished HTTP/1.1 OPTIONS http://localhost:5217/api/StaffSalary/preview?salaryYearId=3&month=4&year=2026 - 204 null null 0.3831ms
2026-04-08 14:15:25.893 [INF] Microsoft.AspNetCore.Hosting.Diagnostics | Request starting HTTP/1.1 GET http://localhost:5217/api/StaffSalary/preview?salaryYearId=3&month=4&year=2026 - application/json null
2026-04-08 14:15:25.893 [INF] Microsoft.AspNetCore.Cors.Infrastructure.CorsService | CORS policy execution successful.
2026-04-08 14:15:25.894 [INF] Serilog.AspNetCore.RequestLoggingMiddleware | HTTP GET /api/StaffSalary/preview → 404 (0.1ms)
2026-04-08 14:15:25.895 [INF] Microsoft.AspNetCore.Hosting.Diagnostics | Request finished HTTP/1.1 GET http://localhost:5217/api/StaffSalary/preview?salaryYearId=3&month=4&year=2026 - 404 0 null 2.0437ms
2026-04-08 14:15:25.896 [INF] Microsoft.AspNetCore.Hosting.Diagnostics | Request reached the end of the middleware pipeline without being handled by application code. Request path: GET http://localhost:5217/api/StaffSalary/preview, Response status code: 404
2026-04-08 14:15:31.452 [INF] Microsoft.AspNetCore.Hosting.Diagnostics | Request starting HTTP/1.1 OPTIONS http://localhost:5217/api/StaffSalary/preview?salaryYearId=4&month=4&year=2025 - null null
2026-04-08 14:15:31.452 [INF] Microsoft.AspNetCore.Cors.Infrastructure.CorsService | CORS policy execution successful.
2026-04-08 14:15:31.452 [INF] Microsoft.AspNetCore.Hosting.Diagnostics | Request finished HTTP/1.1 OPTIONS http://localhost:5217/api/StaffSalary/preview?salaryYearId=4&month=4&year=2025 - 204 null null 0.3053ms
2026-04-08 14:15:31.453 [INF] Microsoft.AspNetCore.Hosting.Diagnostics | Request starting HTTP/1.1 GET http://localhost:5217/api/StaffSalary/preview?salaryYearId=4&month=4&year=2025 - application/json null
2026-04-08 14:15:31.454 [INF] Microsoft.AspNetCore.Cors.Infrastructure.CorsService | CORS policy execution successful.
2026-04-08 14:15:31.454 [INF] Serilog.AspNetCore.RequestLoggingMiddleware | HTTP GET /api/StaffSalary/preview → 404 (0.0ms)
2026-04-08 14:15:31.454 [INF] Microsoft.AspNetCore.Hosting.Diagnostics | Request finished HTTP/1.1 GET http://localhost:5217/api/StaffSalary/preview?salaryYearId=4&month=4&year=2025 - 404 0 null 0.4238ms
2026-04-08 14:15:31.454 [INF] Microsoft.AspNetCore.Hosting.Diagnostics | Request reached the end of the middleware pipeline without being handled by application code. Request path: GET http://localhost:5217/api/StaffSalary/preview, Response status code: 404
2026-04-08 14:16:01.738 [INF] Microsoft.Hosting.Lifetime | Application is shutting down...
