2026-03-15 15:37:11.052 [INF]  | === ProDesX-HRM Backend Starting (Migrations Rev 5: Explicit Columns) ===
2026-03-15 15:37:11.552 [INF]  | === ProDesX-HRM Backend Starting (Migrations Rev 4: Clean GOs) ===
2026-03-15 15:37:14.057 [INF]  | [DB] Connected to: 103.235.104.197 | proxPayroll
2026-03-15 15:37:14.665 [INF]  | [DB] Database exists. Running migrations.sql...
2026-03-15 15:37:14.666 [WRN]  | [DB] SQL file not found: C:\Repos_Work\Prodesx_HRM_Mobile_Application\backend\../migrations.sql
2026-03-15 15:37:14.673 [INF]  | [DB] Migrations complete.
2026-03-15 15:37:14.935 [INF]  | === Backend running at http://localhost:5217 ===
2026-03-15 15:37:14.959 [INF] Microsoft.AspNetCore.DataProtection.KeyManagement.XmlKeyManager | User profile is available. Using 'C:\Users\vasanth\AppData\Local\ASP.NET\DataProtection-Keys' as key repository and Windows DPAPI to encrypt keys at rest.
2026-03-15 15:37:14.972 [INF] backend.Services.ShiftScheduleBackgroundService | Shift Schedule Background Service is starting.
2026-03-15 15:37:15.074 [INF] Microsoft.Hosting.Lifetime | Now listening on: http://localhost:5217
2026-03-15 15:37:15.074 [INF] Microsoft.Hosting.Lifetime | Application started. Press Ctrl+C to shut down.
2026-03-15 15:37:15.074 [INF] Microsoft.Hosting.Lifetime | Hosting environment: Development
2026-03-15 15:37:15.074 [INF] Microsoft.Hosting.Lifetime | Content root path: C:\Repos_Work\Prodesx_HRM_Mobile_Application\backend
2026-03-15 15:37:24.979 [INF] backend.Services.ShiftScheduleBackgroundService | Shift Schedule Background Service is running...
2026-03-15 15:37:53.495 [INF] backend.Services.ShiftScheduleBackgroundService | Shift Schedule Background Service completed. Inserted 4 new schedules for the rolling 30-day window.
2026-03-15 15:48:29.450 [INF] Microsoft.AspNetCore.Hosting.Diagnostics | Request starting HTTP/1.1 OPTIONS http://localhost:5217/api/auth/login - null null
2026-03-15 15:48:29.526 [INF] Microsoft.AspNetCore.Cors.Infrastructure.CorsService | CORS policy execution failed.
2026-03-15 15:48:29.527 [INF] Microsoft.AspNetCore.Cors.Infrastructure.CorsService | Request origin http://localhost:56091 does not have permission to access the resource.
2026-03-15 15:48:29.535 [INF] Microsoft.AspNetCore.Hosting.Diagnostics | Request finished HTTP/1.1 OPTIONS http://localhost:5217/api/auth/login - 204 null null 89.0616ms
2026-03-15 15:50:08.643 [INF] Microsoft.AspNetCore.Hosting.Diagnostics | Request starting HTTP/1.1 OPTIONS http://localhost:5217/api/auth/login - null null
2026-03-15 15:50:08.644 [INF] Microsoft.AspNetCore.Cors.Infrastructure.CorsService | CORS policy execution failed.
2026-03-15 15:50:08.644 [INF] Microsoft.AspNetCore.Cors.Infrastructure.CorsService | Request origin http://localhost:56091 does not have permission to access the resource.
2026-03-15 15:50:08.644 [INF] Microsoft.AspNetCore.Hosting.Diagnostics | Request finished HTTP/1.1 OPTIONS http://localhost:5217/api/auth/login - 204 null null 1.5563ms
2026-03-15 15:50:14.535 [INF] Microsoft.AspNetCore.Hosting.Diagnostics | Request starting HTTP/1.1 OPTIONS http://localhost:5217/api/auth/login - null null
2026-03-15 15:50:14.538 [INF] Microsoft.AspNetCore.Cors.Infrastructure.CorsService | CORS policy execution failed.
2026-03-15 15:50:14.538 [INF] Microsoft.AspNetCore.Cors.Infrastructure.CorsService | Request origin http://localhost:56091 does not have permission to access the resource.
2026-03-15 15:50:14.539 [INF] Microsoft.AspNetCore.Hosting.Diagnostics | Request finished HTTP/1.1 OPTIONS http://localhost:5217/api/auth/login - 204 null null 3.7276ms
2026-03-15 15:51:28.169 [INF] Microsoft.AspNetCore.Hosting.Diagnostics | Request starting HTTP/1.1 OPTIONS http://localhost:5217/api/auth/login - null null
2026-03-15 15:51:28.169 [INF] Microsoft.AspNetCore.Cors.Infrastructure.CorsService | CORS policy execution failed.
2026-03-15 15:51:28.169 [INF] Microsoft.AspNetCore.Cors.Infrastructure.CorsService | Request origin http://localhost:56091 does not have permission to access the resource.
2026-03-15 15:51:28.169 [INF] Microsoft.AspNetCore.Hosting.Diagnostics | Request finished HTTP/1.1 OPTIONS http://localhost:5217/api/auth/login - 204 null null 0.542ms
2026-03-15 15:51:30.526 [INF] Microsoft.Hosting.Lifetime | Application is shutting down...
2026-03-15 15:51:48.926 [INF]  | === ProDesX-HRM Backend Starting (Migrations Rev 5: Explicit Columns) ===
2026-03-15 15:51:49.169 [INF]  | === ProDesX-HRM Backend Starting (Migrations Rev 4: Clean GOs) ===
2026-03-15 15:51:50.800 [INF]  | [DB] Connected to: 103.235.104.197 | proxPayroll
2026-03-15 15:51:51.207 [INF]  | [DB] Database exists. Running migrations.sql...
2026-03-15 15:51:51.208 [WRN]  | [DB] SQL file not found: C:\Repos_Work\Prodesx_HRM_Mobile_Application\backend\../migrations.sql
2026-03-15 15:51:51.214 [INF]  | [DB] Migrations complete.
2026-03-15 15:51:51.404 [INF]  | === Backend running at http://localhost:5217 ===
2026-03-15 15:51:51.417 [INF] Microsoft.AspNetCore.DataProtection.KeyManagement.XmlKeyManager | User profile is available. Using 'C:\Users\vasanth\AppData\Local\ASP.NET\DataProtection-Keys' as key repository and Windows DPAPI to encrypt keys at rest.
2026-03-15 15:51:51.425 [INF] backend.Services.ShiftScheduleBackgroundService | Shift Schedule Background Service is starting.
2026-03-15 15:51:51.477 [INF] Microsoft.Hosting.Lifetime | Now listening on: http://localhost:5217
2026-03-15 15:51:51.477 [INF] Microsoft.Hosting.Lifetime | Application started. Press Ctrl+C to shut down.
2026-03-15 15:51:51.477 [INF] Microsoft.Hosting.Lifetime | Hosting environment: Development
2026-03-15 15:51:51.477 [INF] Microsoft.Hosting.Lifetime | Content root path: C:\Repos_Work\Prodesx_HRM_Mobile_Application\backend
2026-03-15 15:52:01.424 [INF] backend.Services.ShiftScheduleBackgroundService | Shift Schedule Background Service is running...
2026-03-15 15:52:04.676 [INF] Microsoft.AspNetCore.Hosting.Diagnostics | Request starting HTTP/1.1 OPTIONS http://localhost:5217/api/auth/login - null null
2026-03-15 15:52:04.711 [INF] Microsoft.AspNetCore.Cors.Infrastructure.CorsService | CORS policy execution successful.
2026-03-15 15:52:04.717 [INF] Microsoft.AspNetCore.Hosting.Diagnostics | Request finished HTTP/1.1 OPTIONS http://localhost:5217/api/auth/login - 204 null null 41.7993ms
2026-03-15 15:52:04.759 [INF] Microsoft.AspNetCore.Hosting.Diagnostics | Request starting HTTP/1.1 POST http://localhost:5217/api/auth/login - application/json 62
2026-03-15 15:52:04.766 [INF] Microsoft.AspNetCore.Cors.Infrastructure.CorsService | CORS policy execution successful.
2026-03-15 15:52:04.907 [INF] Microsoft.AspNetCore.Routing.EndpointMiddleware | Executing endpoint 'backend.Controllers.AuthController.Login (backend)'
2026-03-15 15:52:04.931 [INF] Microsoft.AspNetCore.Mvc.Infrastructure.ControllerActionInvoker | Route matched with {action = "Login", controller = "Auth"}. Executing controller action with signature System.Threading.Tasks.Task`1[Microsoft.AspNetCore.Mvc.IActionResult] Login(backend.Models.LoginRequest) on controller backend.Controllers.AuthController (backend).
2026-03-15 15:52:05.352 [INF] backend.Controllers.AuthController | [Auth] Login attempt | Email=vasanth2004vk@gmail.com
2026-03-15 15:52:07.078 [INF] backend.Controllers.AuthController | [Auth] User login session recorded | UserId=18 | TokenExpiry="2026-03-16T10:22:06.7811595Z"
2026-03-15 15:52:07.078 [INF] backend.Controllers.AuthController | [Auth] Login SUCCESS | Email=vasanth2004vk@gmail.com | EffectiveRole=SuperAdmin | OrgId=2
2026-03-15 15:52:07.084 [INF] Microsoft.AspNetCore.Mvc.Infrastructure.ObjectResultExecutor | Executing OkObjectResult, writing value of type '<>f__AnonymousType4`2[[System.String, System.Private.CoreLib, Version=10.0.0.0, Culture=neutral, PublicKeyToken=7cec85d7bea7798e],[<>f__AnonymousType5`6[[System.Int32, System.Private.CoreLib, Version=10.0.0.0, Culture=neutral, PublicKeyToken=7cec85d7bea7798e],[System.String, System.Private.CoreLib, Version=10.0.0.0, Culture=neutral, PublicKeyToken=7cec85d7bea7798e],[System.String, System.Private.CoreLib, Version=10.0.0.0, Culture=neutral, PublicKeyToken=7cec85d7bea7798e],[System.String, System.Private.CoreLib, Version=10.0.0.0, Culture=neutral, PublicKeyToken=7cec85d7bea7798e],[System.Nullable`1[[System.Int32, System.Private.CoreLib, Version=10.0.0.0, Culture=neutral, PublicKeyToken=7cec85d7bea7798e]], System.Private.CoreLib, Version=10.0.0.0, Culture=neutral, PublicKeyToken=7cec85d7bea7798e],[System.String, System.Private.CoreLib, Version=10.0.0.0, Culture=neutral, PublicKeyToken=7cec85d7bea7798e]], backend, Version=1.0.0.0, Culture=neutral, PublicKeyToken=null]]'.
2026-03-15 15:52:07.132 [INF] Microsoft.AspNetCore.Mvc.Infrastructure.ControllerActionInvoker | Executed action backend.Controllers.AuthController.Login (backend) in 2195.1946ms
2026-03-15 15:52:07.132 [INF] Microsoft.AspNetCore.Routing.EndpointMiddleware | Executed endpoint 'backend.Controllers.AuthController.Login (backend)'
2026-03-15 15:52:07.135 [INF] Serilog.AspNetCore.RequestLoggingMiddleware | HTTP POST /api/auth/login → 200 (2227.8ms)
2026-03-15 15:52:07.139 [INF] Microsoft.AspNetCore.Hosting.Diagnostics | Request finished HTTP/1.1 POST http://localhost:5217/api/auth/login - 200 null application/json; charset=utf-8 2380.0027ms
2026-03-15 15:52:27.850 [INF] backend.Services.ShiftScheduleBackgroundService | Shift Schedule Background Service completed. Inserted 0 new schedules for the rolling 30-day window.
2026-03-15 16:12:15.798 [INF] Microsoft.Hosting.Lifetime | Application is shutting down...
2026-03-15 20:32:51.752 [INF]  | === ProDesX-HRM Backend Starting (Migrations Rev 5: Explicit Columns) ===
2026-03-15 20:32:52.127 [INF]  | === ProDesX-HRM Backend Starting (Migrations Rev 4: Clean GOs) ===
2026-03-15 20:32:53.444 [INF]  | [DB] Connected to: 103.235.104.197 | proxPayroll
2026-03-15 20:32:53.862 [INF]  | [DB] Database exists. Running migrations.sql...
2026-03-15 20:32:53.863 [WRN]  | [DB] SQL file not found: C:\Repos_Work\Prodesx_HRM_Mobile_Application\backend\../migrations.sql
2026-03-15 20:32:53.872 [INF]  | [DB] Migrations complete.
2026-03-15 20:32:54.110 [INF]  | === Backend running at http://localhost:5217 ===
2026-03-15 20:32:54.132 [INF] Microsoft.AspNetCore.DataProtection.KeyManagement.XmlKeyManager | User profile is available. Using 'C:\Users\vasanth\AppData\Local\ASP.NET\DataProtection-Keys' as key repository and Windows DPAPI to encrypt keys at rest.
2026-03-15 20:32:54.143 [INF] backend.Services.ShiftScheduleBackgroundService | Shift Schedule Background Service is starting.
2026-03-15 20:32:54.398 [INF] Microsoft.Hosting.Lifetime | Now listening on: http://localhost:5217
2026-03-15 20:32:54.398 [INF] Microsoft.Hosting.Lifetime | Application started. Press Ctrl+C to shut down.
2026-03-15 20:32:54.399 [INF] Microsoft.Hosting.Lifetime | Hosting environment: Development
2026-03-15 20:32:54.399 [INF] Microsoft.Hosting.Lifetime | Content root path: C:\Repos_Work\Prodesx_HRM_Mobile_Application\backend
2026-03-15 20:33:04.149 [INF] backend.Services.ShiftScheduleBackgroundService | Shift Schedule Background Service is running...
2026-03-15 20:33:30.013 [INF] backend.Services.ShiftScheduleBackgroundService | Shift Schedule Background Service completed. Inserted 0 new schedules for the rolling 30-day window.
2026-03-15 20:40:38.737 [INF] Microsoft.AspNetCore.Hosting.Diagnostics | Request starting HTTP/1.1 OPTIONS http://localhost:5217/api/auth/login - null null
2026-03-15 20:40:38.811 [INF] Microsoft.AspNetCore.Cors.Infrastructure.CorsService | CORS policy execution successful.
2026-03-15 20:40:38.822 [INF] Microsoft.AspNetCore.Hosting.Diagnostics | Request finished HTTP/1.1 OPTIONS http://localhost:5217/api/auth/login - 204 null null 87.165ms
2026-03-15 20:40:38.829 [INF] Microsoft.AspNetCore.Hosting.Diagnostics | Request starting HTTP/1.1 POST http://localhost:5217/api/auth/login - application/json 62
2026-03-15 20:40:38.837 [INF] Microsoft.AspNetCore.Cors.Infrastructure.CorsService | CORS policy execution successful.
2026-03-15 20:40:38.983 [INF] Microsoft.AspNetCore.Authentication.JwtBearer.JwtBearerHandler | Failed to validate the token.
Microsoft.IdentityModel.Tokens.SecurityTokenExpiredException: IDX10223: Lifetime validation failed. The token is expired. ValidTo (UTC): '15-03-2026 07:51:16 AM', Current time (UTC): '15-03-2026 03:10:38 PM'.
   at Microsoft.IdentityModel.Tokens.ValidatorUtilities.ValidateLifetime(Nullable`1 notBefore, Nullable`1 expires, SecurityToken securityToken, TokenValidationParameters validationParameters)
   at Microsoft.IdentityModel.Tokens.Validators.ValidateLifetime(Nullable`1 notBefore, Nullable`1 expires, SecurityToken securityToken, TokenValidationParameters validationParameters)
   at Microsoft.IdentityModel.JsonWebTokens.JsonWebTokenHandler.ValidateTokenPayloadAsync(JsonWebToken jsonWebToken, TokenValidationParameters validationParameters, BaseConfiguration configuration)
   at Microsoft.IdentityModel.JsonWebTokens.JsonWebTokenHandler.ValidateJWSAsync(JsonWebToken jsonWebToken, TokenValidationParameters validationParameters, BaseConfiguration configuration)
2026-03-15 20:40:39.001 [INF] Microsoft.AspNetCore.Authentication.JwtBearer.JwtBearerHandler | Bearer was not authenticated. Failure message: IDX10223: Lifetime validation failed. The token is expired. ValidTo (UTC): '15-03-2026 07:51:16 AM', Current time (UTC): '15-03-2026 03:10:38 PM'.
2026-03-15 20:40:39.009 [INF] Microsoft.AspNetCore.Routing.EndpointMiddleware | Executing endpoint 'backend.Controllers.AuthController.Login (backend)'
2026-03-15 20:40:39.044 [INF] Microsoft.AspNetCore.Mvc.Infrastructure.ControllerActionInvoker | Route matched with {action = "Login", controller = "Auth"}. Executing controller action with signature System.Threading.Tasks.Task`1[Microsoft.AspNetCore.Mvc.IActionResult] Login(backend.Models.LoginRequest) on controller backend.Controllers.AuthController (backend).
2026-03-15 20:40:39.106 [INF] backend.Controllers.AuthController | [Auth] Login attempt | Email=vasanth2004vk@gmail.com
2026-03-15 20:40:41.441 [INF] backend.Controllers.AuthController | [Auth] User login session recorded | UserId=18 | TokenExpiry="2026-03-16T15:10:41.1518223Z"
2026-03-15 20:40:41.442 [INF] backend.Controllers.AuthController | [Auth] Login SUCCESS | Email=vasanth2004vk@gmail.com | EffectiveRole=SuperAdmin | OrgId=2
2026-03-15 20:40:41.448 [INF] Microsoft.AspNetCore.Mvc.Infrastructure.ObjectResultExecutor | Executing OkObjectResult, writing value of type '<>f__AnonymousType4`2[[System.String, System.Private.CoreLib, Version=10.0.0.0, Culture=neutral, PublicKeyToken=7cec85d7bea7798e],[<>f__AnonymousType5`6[[System.Int32, System.Private.CoreLib, Version=10.0.0.0, Culture=neutral, PublicKeyToken=7cec85d7bea7798e],[System.String, System.Private.CoreLib, Version=10.0.0.0, Culture=neutral, PublicKeyToken=7cec85d7bea7798e],[System.String, System.Private.CoreLib, Version=10.0.0.0, Culture=neutral, PublicKeyToken=7cec85d7bea7798e],[System.String, System.Private.CoreLib, Version=10.0.0.0, Culture=neutral, PublicKeyToken=7cec85d7bea7798e],[System.Nullable`1[[System.Int32, System.Private.CoreLib, Version=10.0.0.0, Culture=neutral, PublicKeyToken=7cec85d7bea7798e]], System.Private.CoreLib, Version=10.0.0.0, Culture=neutral, PublicKeyToken=7cec85d7bea7798e],[System.String, System.Private.CoreLib, Version=10.0.0.0, Culture=neutral, PublicKeyToken=7cec85d7bea7798e]], backend, Version=1.0.0.0, Culture=neutral, PublicKeyToken=null]]'.
2026-03-15 20:40:41.480 [INF] Microsoft.AspNetCore.Mvc.Infrastructure.ControllerActionInvoker | Executed action backend.Controllers.AuthController.Login (backend) in 2430.261ms
2026-03-15 20:40:41.481 [INF] Microsoft.AspNetCore.Routing.EndpointMiddleware | Executed endpoint 'backend.Controllers.AuthController.Login (backend)'
2026-03-15 20:40:41.485 [INF] Serilog.AspNetCore.RequestLoggingMiddleware | HTTP POST /api/auth/login → 200 (2476.5ms)
2026-03-15 20:40:41.490 [INF] Microsoft.AspNetCore.Hosting.Diagnostics | Request finished HTTP/1.1 POST http://localhost:5217/api/auth/login - 200 null application/json; charset=utf-8 2661.6671ms
2026-03-15 20:40:41.575 [INF] Microsoft.AspNetCore.Hosting.Diagnostics | Request starting HTTP/1.1 GET http://localhost:5217/uploads/org-logos/org-logo-5873c475d91d4bbd9046deec667d136c.jpg - null null
2026-03-15 20:40:41.589 [INF] Microsoft.AspNetCore.StaticFiles.StaticFileMiddleware | The file /uploads/org-logos/org-logo-5873c475d91d4bbd9046deec667d136c.jpg was not modified
2026-03-15 20:40:41.590 [INF] Microsoft.AspNetCore.Hosting.Diagnostics | Request finished HTTP/1.1 GET http://localhost:5217/uploads/org-logos/org-logo-5873c475d91d4bbd9046deec667d136c.jpg - 304 null image/jpeg 14.4472ms
2026-03-15 20:40:41.941 [INF] Microsoft.AspNetCore.Hosting.Diagnostics | Request starting HTTP/1.1 OPTIONS http://localhost:5217/api/Modules?organizationId=2 - null null
2026-03-15 20:40:41.942 [INF] Microsoft.AspNetCore.Hosting.Diagnostics | Request starting HTTP/1.1 OPTIONS http://localhost:5217/api/Modules?organizationId=2 - null null
2026-03-15 20:40:41.942 [INF] Microsoft.AspNetCore.Cors.Infrastructure.CorsService | CORS policy execution successful.
2026-03-15 20:40:41.942 [INF] Microsoft.AspNetCore.Cors.Infrastructure.CorsService | CORS policy execution successful.
2026-03-15 20:40:41.942 [INF] Microsoft.AspNetCore.Hosting.Diagnostics | Request finished HTTP/1.1 OPTIONS http://localhost:5217/api/Modules?organizationId=2 - 204 null null 0.9631ms
2026-03-15 20:40:41.942 [INF] Microsoft.AspNetCore.Hosting.Diagnostics | Request finished HTTP/1.1 OPTIONS http://localhost:5217/api/Modules?organizationId=2 - 204 null null 0.3317ms
2026-03-15 20:40:41.944 [INF] Microsoft.AspNetCore.Hosting.Diagnostics | Request starting HTTP/1.1 GET http://localhost:5217/api/Modules?organizationId=2 - null null
2026-03-15 20:40:41.944 [INF] Microsoft.AspNetCore.Cors.Infrastructure.CorsService | CORS policy execution successful.
2026-03-15 20:40:41.966 [INF] Microsoft.AspNetCore.Routing.EndpointMiddleware | Executing endpoint 'backend.Controllers.ModulesController.Get (backend)'
2026-03-15 20:40:41.977 [INF] Microsoft.AspNetCore.Mvc.Infrastructure.ControllerActionInvoker | Route matched with {action = "Get", controller = "Modules"}. Executing controller action with signature System.Threading.Tasks.Task`1[Microsoft.AspNetCore.Mvc.IActionResult] Get(System.Nullable`1[System.Int32]) on controller backend.Controllers.ModulesController (backend).
2026-03-15 20:40:42.379 [INF] Microsoft.AspNetCore.Mvc.Infrastructure.ObjectResultExecutor | Executing OkObjectResult, writing value of type 'System.Collections.Generic.List`1[[backend.Models.ModuleInfo, backend, Version=1.0.0.0, Culture=neutral, PublicKeyToken=null]]'.
2026-03-15 20:40:42.389 [INF] Microsoft.AspNetCore.Mvc.Infrastructure.ControllerActionInvoker | Executed action backend.Controllers.ModulesController.Get (backend) in 411.594ms
2026-03-15 20:40:42.389 [INF] Microsoft.AspNetCore.Routing.EndpointMiddleware | Executed endpoint 'backend.Controllers.ModulesController.Get (backend)'
2026-03-15 20:40:42.389 [INF] Serilog.AspNetCore.RequestLoggingMiddleware | HTTP GET /api/Modules → 200 (423.2ms)
2026-03-15 20:40:42.390 [INF] Microsoft.AspNetCore.Hosting.Diagnostics | Request finished HTTP/1.1 GET http://localhost:5217/api/Modules?organizationId=2 - 200 null application/json; charset=utf-8 445.6778ms
2026-03-15 20:40:42.391 [INF] Microsoft.AspNetCore.Hosting.Diagnostics | Request starting HTTP/1.1 GET http://localhost:5217/api/Modules?organizationId=2 - null null
2026-03-15 20:40:42.391 [INF] Microsoft.AspNetCore.Cors.Infrastructure.CorsService | CORS policy execution successful.
2026-03-15 20:40:42.402 [INF] Microsoft.AspNetCore.Hosting.Diagnostics | Request starting HTTP/1.1 OPTIONS http://localhost:5217/api/organizations - null null
2026-03-15 20:40:42.402 [INF] Microsoft.AspNetCore.Cors.Infrastructure.CorsService | CORS policy execution successful.
2026-03-15 20:40:42.402 [INF] Microsoft.AspNetCore.Hosting.Diagnostics | Request finished HTTP/1.1 OPTIONS http://localhost:5217/api/organizations - 204 null null 0.4103ms
2026-03-15 20:40:42.403 [INF] Microsoft.AspNetCore.Routing.EndpointMiddleware | Executing endpoint 'backend.Controllers.ModulesController.Get (backend)'
2026-03-15 20:40:42.403 [INF] Microsoft.AspNetCore.Mvc.Infrastructure.ControllerActionInvoker | Route matched with {action = "Get", controller = "Modules"}. Executing controller action with signature System.Threading.Tasks.Task`1[Microsoft.AspNetCore.Mvc.IActionResult] Get(System.Nullable`1[System.Int32]) on controller backend.Controllers.ModulesController (backend).
2026-03-15 20:40:42.404 [INF] Microsoft.AspNetCore.Hosting.Diagnostics | Request starting HTTP/1.1 GET http://localhost:5217/api/organizations - null null
2026-03-15 20:40:42.404 [INF] Microsoft.AspNetCore.Cors.Infrastructure.CorsService | CORS policy execution successful.
2026-03-15 20:40:42.406 [INF] Microsoft.AspNetCore.Routing.EndpointMiddleware | Executing endpoint 'backend.Controllers.OrganizationsController.GetOrganizations (backend)'
2026-03-15 20:40:42.415 [INF] Microsoft.AspNetCore.Mvc.Infrastructure.ControllerActionInvoker | Route matched with {action = "GetOrganizations", controller = "Organizations"}. Executing controller action with signature System.Threading.Tasks.Task`1[Microsoft.AspNetCore.Mvc.IActionResult] GetOrganizations() on controller backend.Controllers.OrganizationsController (backend).
2026-03-15 20:40:42.417 [INF] backend.Controllers.OrganizationsController | [Orgs] GET all requested | Role=SuperAdmin | UserId=18
2026-03-15 20:40:42.707 [INF] Microsoft.AspNetCore.Mvc.Infrastructure.ObjectResultExecutor | Executing OkObjectResult, writing value of type 'System.Collections.Generic.List`1[[backend.Models.ModuleInfo, backend, Version=1.0.0.0, Culture=neutral, PublicKeyToken=null]]'.
2026-03-15 20:40:42.707 [INF] Microsoft.AspNetCore.Mvc.Infrastructure.ControllerActionInvoker | Executed action backend.Controllers.ModulesController.Get (backend) in 304.2334ms
2026-03-15 20:40:42.707 [INF] Microsoft.AspNetCore.Routing.EndpointMiddleware | Executed endpoint 'backend.Controllers.ModulesController.Get (backend)'
2026-03-15 20:40:42.707 [INF] Serilog.AspNetCore.RequestLoggingMiddleware | HTTP GET /api/Modules → 200 (304.7ms)
2026-03-15 20:40:42.707 [INF] Microsoft.AspNetCore.Hosting.Diagnostics | Request finished HTTP/1.1 GET http://localhost:5217/api/Modules?organizationId=2 - 200 null application/json; charset=utf-8 316.4107ms
2026-03-15 20:40:43.575 [INF] Microsoft.AspNetCore.Mvc.Infrastructure.ObjectResultExecutor | Executing OkObjectResult, writing value of type 'System.Collections.Generic.List`1[[backend.Models.Organization, backend, Version=1.0.0.0, Culture=neutral, PublicKeyToken=null]]'.
2026-03-15 20:40:43.587 [INF] Microsoft.AspNetCore.Mvc.Infrastructure.ControllerActionInvoker | Executed action backend.Controllers.OrganizationsController.GetOrganizations (backend) in 1170.9792ms
2026-03-15 20:40:43.587 [INF] Microsoft.AspNetCore.Routing.EndpointMiddleware | Executed endpoint 'backend.Controllers.OrganizationsController.GetOrganizations (backend)'
2026-03-15 20:40:43.587 [INF] Serilog.AspNetCore.RequestLoggingMiddleware | HTTP GET /api/organizations → 200 (1180.5ms)
2026-03-15 20:40:43.587 [INF] Microsoft.AspNetCore.Hosting.Diagnostics | Request finished HTTP/1.1 GET http://localhost:5217/api/organizations - 200 null application/json; charset=utf-8 1182.6481ms
2026-03-15 20:40:43.589 [INF] Microsoft.AspNetCore.Hosting.Diagnostics | Request starting HTTP/1.1 GET http://localhost:5217/api/organizations - null null
2026-03-15 20:40:43.589 [INF] Microsoft.AspNetCore.Cors.Infrastructure.CorsService | CORS policy execution successful.
2026-03-15 20:40:43.589 [INF] Microsoft.AspNetCore.Routing.EndpointMiddleware | Executing endpoint 'backend.Controllers.OrganizationsController.GetOrganizations (backend)'
2026-03-15 20:40:43.589 [INF] Microsoft.AspNetCore.Mvc.Infrastructure.ControllerActionInvoker | Route matched with {action = "GetOrganizations", controller = "Organizations"}. Executing controller action with signature System.Threading.Tasks.Task`1[Microsoft.AspNetCore.Mvc.IActionResult] GetOrganizations() on controller backend.Controllers.OrganizationsController (backend).
2026-03-15 20:40:43.590 [INF] backend.Controllers.OrganizationsController | [Orgs] GET all requested | Role=SuperAdmin | UserId=18
2026-03-15 20:40:43.592 [INF] Microsoft.AspNetCore.Hosting.Diagnostics | Request starting HTTP/1.1 OPTIONS http://localhost:5217/api/Modules?organizationId=8 - null null
2026-03-15 20:40:43.592 [INF] Microsoft.AspNetCore.Hosting.Diagnostics | Request starting HTTP/1.1 GET http://localhost:5217/api/Modules?organizationId=2 - null null
2026-03-15 20:40:43.592 [INF] Microsoft.AspNetCore.Cors.Infrastructure.CorsService | CORS policy execution successful.
2026-03-15 20:40:43.593 [INF] Microsoft.AspNetCore.Cors.Infrastructure.CorsService | CORS policy execution successful.
2026-03-15 20:40:43.593 [INF] Microsoft.AspNetCore.Hosting.Diagnostics | Request finished HTTP/1.1 OPTIONS http://localhost:5217/api/Modules?organizationId=8 - 204 null null 0.2842ms
2026-03-15 20:40:43.593 [INF] Microsoft.AspNetCore.Routing.EndpointMiddleware | Executing endpoint 'backend.Controllers.ModulesController.Get (backend)'
2026-03-15 20:40:43.593 [INF] Microsoft.AspNetCore.Mvc.Infrastructure.ControllerActionInvoker | Route matched with {action = "Get", controller = "Modules"}. Executing controller action with signature System.Threading.Tasks.Task`1[Microsoft.AspNetCore.Mvc.IActionResult] Get(System.Nullable`1[System.Int32]) on controller backend.Controllers.ModulesController (backend).
2026-03-15 20:40:43.593 [INF] Microsoft.AspNetCore.Hosting.Diagnostics | Request starting HTTP/1.1 OPTIONS http://localhost:5217/api/Modules?organizationId=1 - null null
2026-03-15 20:40:43.593 [INF] Microsoft.AspNetCore.Cors.Infrastructure.CorsService | CORS policy execution successful.
2026-03-15 20:40:43.593 [INF] Microsoft.AspNetCore.Hosting.Diagnostics | Request finished HTTP/1.1 OPTIONS http://localhost:5217/api/Modules?organizationId=1 - 204 null null 0.1669ms
2026-03-15 20:40:43.594 [INF] Microsoft.AspNetCore.Hosting.Diagnostics | Request starting HTTP/1.1 OPTIONS http://localhost:5217/api/Modules?organizationId=9 - null null
2026-03-15 20:40:43.594 [INF] Microsoft.AspNetCore.Cors.Infrastructure.CorsService | CORS policy execution successful.
2026-03-15 20:40:43.594 [INF] Microsoft.AspNetCore.Hosting.Diagnostics | Request finished HTTP/1.1 OPTIONS http://localhost:5217/api/Modules?organizationId=9 - 204 null null 0.1338ms
2026-03-15 20:40:43.594 [INF] Microsoft.AspNetCore.Hosting.Diagnostics | Request starting HTTP/1.1 OPTIONS http://localhost:5217/api/Modules?organizationId=3 - null null
2026-03-15 20:40:43.594 [INF] Microsoft.AspNetCore.Hosting.Diagnostics | Request starting HTTP/1.1 GET http://localhost:5217/api/Modules?organizationId=8 - null null
2026-03-15 20:40:43.594 [INF] Microsoft.AspNetCore.Cors.Infrastructure.CorsService | CORS policy execution successful.
2026-03-15 20:40:43.594 [INF] Microsoft.AspNetCore.Cors.Infrastructure.CorsService | CORS policy execution successful.
2026-03-15 20:40:43.594 [INF] Microsoft.AspNetCore.Hosting.Diagnostics | Request finished HTTP/1.1 OPTIONS http://localhost:5217/api/Modules?organizationId=3 - 204 null null 0.1575ms
2026-03-15 20:40:43.595 [INF] Microsoft.AspNetCore.Routing.EndpointMiddleware | Executing endpoint 'backend.Controllers.ModulesController.Get (backend)'
2026-03-15 20:40:43.595 [INF] Microsoft.AspNetCore.Mvc.Infrastructure.ControllerActionInvoker | Route matched with {action = "Get", controller = "Modules"}. Executing controller action with signature System.Threading.Tasks.Task`1[Microsoft.AspNetCore.Mvc.IActionResult] Get(System.Nullable`1[System.Int32]) on controller backend.Controllers.ModulesController (backend).
2026-03-15 20:40:43.596 [INF] Microsoft.AspNetCore.Hosting.Diagnostics | Request starting HTTP/1.1 GET http://localhost:5217/api/Modules?organizationId=1 - null null
2026-03-15 20:40:43.596 [INF] Microsoft.AspNetCore.Cors.Infrastructure.CorsService | CORS policy execution successful.
2026-03-15 20:40:43.596 [INF] Microsoft.AspNetCore.Hosting.Diagnostics | Request starting HTTP/1.1 GET http://localhost:5217/api/Modules?organizationId=3 - null null
2026-03-15 20:40:43.596 [INF] Microsoft.AspNetCore.Cors.Infrastructure.CorsService | CORS policy execution successful.
2026-03-15 20:40:43.596 [INF] Microsoft.AspNetCore.Routing.EndpointMiddleware | Executing endpoint 'backend.Controllers.ModulesController.Get (backend)'
2026-03-15 20:40:43.596 [INF] Microsoft.AspNetCore.Mvc.Infrastructure.ControllerActionInvoker | Route matched with {action = "Get", controller = "Modules"}. Executing controller action with signature System.Threading.Tasks.Task`1[Microsoft.AspNetCore.Mvc.IActionResult] Get(System.Nullable`1[System.Int32]) on controller backend.Controllers.ModulesController (backend).
2026-03-15 20:40:43.596 [INF] Microsoft.AspNetCore.Routing.EndpointMiddleware | Executing endpoint 'backend.Controllers.ModulesController.Get (backend)'
2026-03-15 20:40:43.596 [INF] Microsoft.AspNetCore.Mvc.Infrastructure.ControllerActionInvoker | Route matched with {action = "Get", controller = "Modules"}. Executing controller action with signature System.Threading.Tasks.Task`1[Microsoft.AspNetCore.Mvc.IActionResult] Get(System.Nullable`1[System.Int32]) on controller backend.Controllers.ModulesController (backend).
2026-03-15 20:40:43.597 [INF] Microsoft.AspNetCore.Hosting.Diagnostics | Request starting HTTP/1.1 GET http://localhost:5217/api/Modules?organizationId=9 - null null
2026-03-15 20:40:43.597 [INF] Microsoft.AspNetCore.Cors.Infrastructure.CorsService | CORS policy execution successful.
2026-03-15 20:40:43.597 [INF] Microsoft.AspNetCore.Routing.EndpointMiddleware | Executing endpoint 'backend.Controllers.ModulesController.Get (backend)'
2026-03-15 20:40:43.597 [INF] Microsoft.AspNetCore.Mvc.Infrastructure.ControllerActionInvoker | Route matched with {action = "Get", controller = "Modules"}. Executing controller action with signature System.Threading.Tasks.Task`1[Microsoft.AspNetCore.Mvc.IActionResult] Get(System.Nullable`1[System.Int32]) on controller backend.Controllers.ModulesController (backend).
2026-03-15 20:40:43.881 [INF] Microsoft.AspNetCore.Mvc.Infrastructure.ObjectResultExecutor | Executing OkObjectResult, writing value of type 'System.Collections.Generic.List`1[[backend.Models.Organization, backend, Version=1.0.0.0, Culture=neutral, PublicKeyToken=null]]'.
2026-03-15 20:40:43.881 [INF] Microsoft.AspNetCore.Mvc.Infrastructure.ControllerActionInvoker | Executed action backend.Controllers.OrganizationsController.GetOrganizations (backend) in 291.9267ms
2026-03-15 20:40:43.882 [INF] Microsoft.AspNetCore.Routing.EndpointMiddleware | Executed endpoint 'backend.Controllers.OrganizationsController.GetOrganizations (backend)'
2026-03-15 20:40:43.882 [INF] Serilog.AspNetCore.RequestLoggingMiddleware | HTTP GET /api/organizations → 200 (292.2ms)
2026-03-15 20:40:43.882 [INF] Microsoft.AspNetCore.Hosting.Diagnostics | Request finished HTTP/1.1 GET http://localhost:5217/api/organizations - 200 null application/json; charset=utf-8 292.9813ms
2026-03-15 20:40:43.886 [INF] Microsoft.AspNetCore.Mvc.Infrastructure.ObjectResultExecutor | Executing OkObjectResult, writing value of type 'System.Collections.Generic.List`1[[backend.Models.ModuleInfo, backend, Version=1.0.0.0, Culture=neutral, PublicKeyToken=null]]'.
2026-03-15 20:40:43.887 [INF] Microsoft.AspNetCore.Mvc.Infrastructure.ControllerActionInvoker | Executed action backend.Controllers.ModulesController.Get (backend) in 293.596ms
2026-03-15 20:40:43.887 [INF] Microsoft.AspNetCore.Routing.EndpointMiddleware | Executed endpoint 'backend.Controllers.ModulesController.Get (backend)'
2026-03-15 20:40:43.887 [INF] Serilog.AspNetCore.RequestLoggingMiddleware | HTTP GET /api/Modules → 200 (293.8ms)
2026-03-15 20:40:43.887 [INF] Microsoft.AspNetCore.Hosting.Diagnostics | Request finished HTTP/1.1 GET http://localhost:5217/api/Modules?organizationId=2 - 200 null application/json; charset=utf-8 294.4023ms
2026-03-15 20:40:43.889 [INF] Microsoft.AspNetCore.Hosting.Diagnostics | Request starting HTTP/1.1 GET http://localhost:5217/api/Modules?organizationId=2 - null null
2026-03-15 20:40:43.889 [INF] Microsoft.AspNetCore.Cors.Infrastructure.CorsService | CORS policy execution successful.
2026-03-15 20:40:43.890 [INF] Microsoft.AspNetCore.Routing.EndpointMiddleware | Executing endpoint 'backend.Controllers.ModulesController.Get (backend)'
2026-03-15 20:40:43.890 [INF] Microsoft.AspNetCore.Mvc.Infrastructure.ControllerActionInvoker | Route matched with {action = "Get", controller = "Modules"}. Executing controller action with signature System.Threading.Tasks.Task`1[Microsoft.AspNetCore.Mvc.IActionResult] Get(System.Nullable`1[System.Int32]) on controller backend.Controllers.ModulesController (backend).
2026-03-15 20:40:44.173 [INF] Microsoft.AspNetCore.Mvc.Infrastructure.ObjectResultExecutor | Executing OkObjectResult, writing value of type 'System.Collections.Generic.List`1[[backend.Models.ModuleInfo, backend, Version=1.0.0.0, Culture=neutral, PublicKeyToken=null]]'.
2026-03-15 20:40:44.173 [INF] Microsoft.AspNetCore.Mvc.Infrastructure.ObjectResultExecutor | Executing OkObjectResult, writing value of type 'System.Collections.Generic.List`1[[backend.Models.ModuleInfo, backend, Version=1.0.0.0, Culture=neutral, PublicKeyToken=null]]'.
2026-03-15 20:40:44.173 [INF] Microsoft.AspNetCore.Mvc.Infrastructure.ControllerActionInvoker | Executed action backend.Controllers.ModulesController.Get (backend) in 576.838ms
2026-03-15 20:40:44.173 [INF] Microsoft.AspNetCore.Routing.EndpointMiddleware | Executed endpoint 'backend.Controllers.ModulesController.Get (backend)'
2026-03-15 20:40:44.173 [INF] Microsoft.AspNetCore.Mvc.Infrastructure.ControllerActionInvoker | Executed action backend.Controllers.ModulesController.Get (backend) in 576.7764ms
2026-03-15 20:40:44.173 [INF] Serilog.AspNetCore.RequestLoggingMiddleware | HTTP GET /api/Modules → 200 (577.0ms)
2026-03-15 20:40:44.173 [INF] Microsoft.AspNetCore.Routing.EndpointMiddleware | Executed endpoint 'backend.Controllers.ModulesController.Get (backend)'
2026-03-15 20:40:44.173 [INF] Serilog.AspNetCore.RequestLoggingMiddleware | HTTP GET /api/Modules → 200 (577.0ms)
2026-03-15 20:40:44.173 [INF] Microsoft.AspNetCore.Hosting.Diagnostics | Request finished HTTP/1.1 GET http://localhost:5217/api/Modules?organizationId=1 - 200 null application/json; charset=utf-8 577.5216ms
2026-03-15 20:40:44.173 [INF] Microsoft.AspNetCore.Hosting.Diagnostics | Request finished HTTP/1.1 GET http://localhost:5217/api/Modules?organizationId=3 - 200 null application/json; charset=utf-8 577.5135ms
2026-03-15 20:40:44.177 [INF] Microsoft.AspNetCore.Hosting.Diagnostics | Request starting HTTP/1.1 GET http://localhost:5217/api/Modules?organizationId=1 - null null
2026-03-15 20:40:44.177 [INF] Microsoft.AspNetCore.Hosting.Diagnostics | Request starting HTTP/1.1 GET http://localhost:5217/api/Modules?organizationId=3 - null null
2026-03-15 20:40:44.177 [INF] Microsoft.AspNetCore.Cors.Infrastructure.CorsService | CORS policy execution successful.
2026-03-15 20:40:44.177 [INF] Microsoft.AspNetCore.Cors.Infrastructure.CorsService | CORS policy execution successful.
2026-03-15 20:40:44.177 [INF] Microsoft.AspNetCore.Routing.EndpointMiddleware | Executing endpoint 'backend.Controllers.ModulesController.Get (backend)'
2026-03-15 20:40:44.177 [INF] Microsoft.AspNetCore.Routing.EndpointMiddleware | Executing endpoint 'backend.Controllers.ModulesController.Get (backend)'
2026-03-15 20:40:44.177 [INF] Microsoft.AspNetCore.Mvc.Infrastructure.ControllerActionInvoker | Route matched with {action = "Get", controller = "Modules"}. Executing controller action with signature System.Threading.Tasks.Task`1[Microsoft.AspNetCore.Mvc.IActionResult] Get(System.Nullable`1[System.Int32]) on controller backend.Controllers.ModulesController (backend).
2026-03-15 20:40:44.177 [INF] Microsoft.AspNetCore.Mvc.Infrastructure.ControllerActionInvoker | Route matched with {action = "Get", controller = "Modules"}. Executing controller action with signature System.Threading.Tasks.Task`1[Microsoft.AspNetCore.Mvc.IActionResult] Get(System.Nullable`1[System.Int32]) on controller backend.Controllers.ModulesController (backend).
2026-03-15 20:40:44.357 [INF] Microsoft.AspNetCore.Mvc.Infrastructure.ObjectResultExecutor | Executing OkObjectResult, writing value of type 'System.Collections.Generic.List`1[[backend.Models.ModuleInfo, backend, Version=1.0.0.0, Culture=neutral, PublicKeyToken=null]]'.
2026-03-15 20:40:44.357 [INF] Microsoft.AspNetCore.Mvc.Infrastructure.ControllerActionInvoker | Executed action backend.Controllers.ModulesController.Get (backend) in 466.3953ms
2026-03-15 20:40:44.357 [INF] Microsoft.AspNetCore.Routing.EndpointMiddleware | Executed endpoint 'backend.Controllers.ModulesController.Get (backend)'
2026-03-15 20:40:44.357 [INF] Serilog.AspNetCore.RequestLoggingMiddleware | HTTP GET /api/Modules → 200 (466.8ms)
2026-03-15 20:40:44.357 [INF] Microsoft.AspNetCore.Hosting.Diagnostics | Request finished HTTP/1.1 GET http://localhost:5217/api/Modules?organizationId=2 - 200 null application/json; charset=utf-8 467.9401ms
2026-03-15 20:40:44.366 [INF] Microsoft.AspNetCore.Mvc.Infrastructure.ObjectResultExecutor | Executing OkObjectResult, writing value of type 'System.Collections.Generic.List`1[[backend.Models.ModuleInfo, backend, Version=1.0.0.0, Culture=neutral, PublicKeyToken=null]]'.
2026-03-15 20:40:44.367 [INF] Microsoft.AspNetCore.Mvc.Infrastructure.ControllerActionInvoker | Executed action backend.Controllers.ModulesController.Get (backend) in 769.579ms
2026-03-15 20:40:44.367 [INF] Microsoft.AspNetCore.Routing.EndpointMiddleware | Executed endpoint 'backend.Controllers.ModulesController.Get (backend)'
2026-03-15 20:40:44.367 [INF] Serilog.AspNetCore.RequestLoggingMiddleware | HTTP GET /api/Modules → 200 (769.8ms)
2026-03-15 20:40:44.367 [INF] Microsoft.AspNetCore.Hosting.Diagnostics | Request finished HTTP/1.1 GET http://localhost:5217/api/Modules?organizationId=9 - 200 null application/json; charset=utf-8 770.1402ms
2026-03-15 20:40:44.368 [INF] Microsoft.AspNetCore.Hosting.Diagnostics | Request starting HTTP/1.1 GET http://localhost:5217/api/Modules?organizationId=9 - null null
2026-03-15 20:40:44.368 [INF] Microsoft.AspNetCore.Cors.Infrastructure.CorsService | CORS policy execution successful.
2026-03-15 20:40:44.368 [INF] Microsoft.AspNetCore.Routing.EndpointMiddleware | Executing endpoint 'backend.Controllers.ModulesController.Get (backend)'
2026-03-15 20:40:44.368 [INF] Microsoft.AspNetCore.Mvc.Infrastructure.ControllerActionInvoker | Route matched with {action = "Get", controller = "Modules"}. Executing controller action with signature System.Threading.Tasks.Task`1[Microsoft.AspNetCore.Mvc.IActionResult] Get(System.Nullable`1[System.Int32]) on controller backend.Controllers.ModulesController (backend).
2026-03-15 20:40:44.572 [INF] Microsoft.AspNetCore.Mvc.Infrastructure.ObjectResultExecutor | Executing OkObjectResult, writing value of type 'System.Collections.Generic.List`1[[backend.Models.ModuleInfo, backend, Version=1.0.0.0, Culture=neutral, PublicKeyToken=null]]'.
2026-03-15 20:40:44.572 [INF] Microsoft.AspNetCore.Mvc.Infrastructure.ControllerActionInvoker | Executed action backend.Controllers.ModulesController.Get (backend) in 394.9198ms
2026-03-15 20:40:44.572 [INF] Microsoft.AspNetCore.Routing.EndpointMiddleware | Executed endpoint 'backend.Controllers.ModulesController.Get (backend)'
2026-03-15 20:40:44.572 [INF] Serilog.AspNetCore.RequestLoggingMiddleware | HTTP GET /api/Modules → 200 (395.2ms)
2026-03-15 20:40:44.573 [INF] Microsoft.AspNetCore.Hosting.Diagnostics | Request finished HTTP/1.1 GET http://localhost:5217/api/Modules?organizationId=1 - 200 null application/json; charset=utf-8 395.8251ms
2026-03-15 20:40:44.573 [INF] Microsoft.AspNetCore.Mvc.Infrastructure.ObjectResultExecutor | Executing OkObjectResult, writing value of type 'System.Collections.Generic.List`1[[backend.Models.ModuleInfo, backend, Version=1.0.0.0, Culture=neutral, PublicKeyToken=null]]'.
2026-03-15 20:40:44.573 [INF] Microsoft.AspNetCore.Mvc.Infrastructure.ControllerActionInvoker | Executed action backend.Controllers.ModulesController.Get (backend) in 395.3584ms
2026-03-15 20:40:44.573 [INF] Microsoft.AspNetCore.Routing.EndpointMiddleware | Executed endpoint 'backend.Controllers.ModulesController.Get (backend)'
2026-03-15 20:40:44.573 [INF] Serilog.AspNetCore.RequestLoggingMiddleware | HTTP GET /api/Modules → 200 (395.6ms)
2026-03-15 20:40:44.573 [INF] Microsoft.AspNetCore.Hosting.Diagnostics | Request finished HTTP/1.1 GET http://localhost:5217/api/Modules?organizationId=3 - 200 null application/json; charset=utf-8 396.1866ms
2026-03-15 20:40:44.784 [INF] Microsoft.AspNetCore.Mvc.Infrastructure.ObjectResultExecutor | Executing OkObjectResult, writing value of type 'System.Collections.Generic.List`1[[backend.Models.ModuleInfo, backend, Version=1.0.0.0, Culture=neutral, PublicKeyToken=null]]'.
2026-03-15 20:40:44.784 [INF] Microsoft.AspNetCore.Mvc.Infrastructure.ControllerActionInvoker | Executed action backend.Controllers.ModulesController.Get (backend) in 1189.3342ms
2026-03-15 20:40:44.784 [INF] Microsoft.AspNetCore.Routing.EndpointMiddleware | Executed endpoint 'backend.Controllers.ModulesController.Get (backend)'
2026-03-15 20:40:44.784 [INF] Serilog.AspNetCore.RequestLoggingMiddleware | HTTP GET /api/Modules → 200 (1189.5ms)
2026-03-15 20:40:44.784 [INF] Microsoft.AspNetCore.Hosting.Diagnostics | Request finished HTTP/1.1 GET http://localhost:5217/api/Modules?organizationId=8 - 200 null application/json; charset=utf-8 1190.0033ms
2026-03-15 20:40:44.786 [INF] Microsoft.AspNetCore.Hosting.Diagnostics | Request starting HTTP/1.1 GET http://localhost:5217/api/Modules?organizationId=8 - null null
2026-03-15 20:40:44.786 [INF] Microsoft.AspNetCore.Cors.Infrastructure.CorsService | CORS policy execution successful.
2026-03-15 20:40:44.786 [INF] Microsoft.AspNetCore.Routing.EndpointMiddleware | Executing endpoint 'backend.Controllers.ModulesController.Get (backend)'
2026-03-15 20:40:44.787 [INF] Microsoft.AspNetCore.Mvc.Infrastructure.ControllerActionInvoker | Route matched with {action = "Get", controller = "Modules"}. Executing controller action with signature System.Threading.Tasks.Task`1[Microsoft.AspNetCore.Mvc.IActionResult] Get(System.Nullable`1[System.Int32]) on controller backend.Controllers.ModulesController (backend).
2026-03-15 20:40:44.789 [INF] Microsoft.AspNetCore.Hosting.Diagnostics | Request starting HTTP/1.1 GET http://localhost:5217/api/Modules?organizationId=2 - null null
2026-03-15 20:40:44.789 [INF] Microsoft.AspNetCore.Cors.Infrastructure.CorsService | CORS policy execution successful.
2026-03-15 20:40:44.790 [INF] Microsoft.AspNetCore.Hosting.Diagnostics | Request starting HTTP/1.1 GET http://localhost:5217/api/Modules?organizationId=1 - null null
2026-03-15 20:40:44.790 [INF] Microsoft.AspNetCore.Cors.Infrastructure.CorsService | CORS policy execution successful.
2026-03-15 20:40:44.790 [INF] Microsoft.AspNetCore.Routing.EndpointMiddleware | Executing endpoint 'backend.Controllers.ModulesController.Get (backend)'
2026-03-15 20:40:44.790 [INF] Microsoft.AspNetCore.Routing.EndpointMiddleware | Executing endpoint 'backend.Controllers.ModulesController.Get (backend)'
2026-03-15 20:40:44.790 [INF] Microsoft.AspNetCore.Mvc.Infrastructure.ControllerActionInvoker | Route matched with {action = "Get", controller = "Modules"}. Executing controller action with signature System.Threading.Tasks.Task`1[Microsoft.AspNetCore.Mvc.IActionResult] Get(System.Nullable`1[System.Int32]) on controller backend.Controllers.ModulesController (backend).
2026-03-15 20:40:44.790 [INF] Microsoft.AspNetCore.Mvc.Infrastructure.ControllerActionInvoker | Route matched with {action = "Get", controller = "Modules"}. Executing controller action with signature System.Threading.Tasks.Task`1[Microsoft.AspNetCore.Mvc.IActionResult] Get(System.Nullable`1[System.Int32]) on controller backend.Controllers.ModulesController (backend).
2026-03-15 20:40:44.790 [INF] Microsoft.AspNetCore.Hosting.Diagnostics | Request starting HTTP/1.1 GET http://localhost:5217/api/Modules?organizationId=3 - null null
2026-03-15 20:40:44.790 [INF] Microsoft.AspNetCore.Cors.Infrastructure.CorsService | CORS policy execution successful.
2026-03-15 20:40:44.790 [INF] Microsoft.AspNetCore.Routing.EndpointMiddleware | Executing endpoint 'backend.Controllers.ModulesController.Get (backend)'
2026-03-15 20:40:44.791 [INF] Microsoft.AspNetCore.Mvc.Infrastructure.ControllerActionInvoker | Route matched with {action = "Get", controller = "Modules"}. Executing controller action with signature System.Threading.Tasks.Task`1[Microsoft.AspNetCore.Mvc.IActionResult] Get(System.Nullable`1[System.Int32]) on controller backend.Controllers.ModulesController (backend).
2026-03-15 20:40:44.970 [INF] Microsoft.AspNetCore.Mvc.Infrastructure.ObjectResultExecutor | Executing OkObjectResult, writing value of type 'System.Collections.Generic.List`1[[backend.Models.ModuleInfo, backend, Version=1.0.0.0, Culture=neutral, PublicKeyToken=null]]'.
2026-03-15 20:40:44.970 [INF] Microsoft.AspNetCore.Mvc.Infrastructure.ObjectResultExecutor | Executing OkObjectResult, writing value of type 'System.Collections.Generic.List`1[[backend.Models.ModuleInfo, backend, Version=1.0.0.0, Culture=neutral, PublicKeyToken=null]]'.
2026-03-15 20:40:44.970 [INF] Microsoft.AspNetCore.Mvc.Infrastructure.ControllerActionInvoker | Executed action backend.Controllers.ModulesController.Get (backend) in 180.2724ms
2026-03-15 20:40:44.970 [INF] Microsoft.AspNetCore.Mvc.Infrastructure.ControllerActionInvoker | Executed action backend.Controllers.ModulesController.Get (backend) in 180.2607ms
2026-03-15 20:40:44.971 [INF] Microsoft.AspNetCore.Routing.EndpointMiddleware | Executed endpoint 'backend.Controllers.ModulesController.Get (backend)'
2026-03-15 20:40:44.971 [INF] Microsoft.AspNetCore.Routing.EndpointMiddleware | Executed endpoint 'backend.Controllers.ModulesController.Get (backend)'
2026-03-15 20:40:44.971 [INF] Serilog.AspNetCore.RequestLoggingMiddleware | HTTP GET /api/Modules → 200 (180.5ms)
2026-03-15 20:40:44.971 [INF] Serilog.AspNetCore.RequestLoggingMiddleware | HTTP GET /api/Modules → 200 (180.5ms)
2026-03-15 20:40:44.971 [INF] Microsoft.AspNetCore.Hosting.Diagnostics | Request finished HTTP/1.1 GET http://localhost:5217/api/Modules?organizationId=1 - 200 null application/json; charset=utf-8 180.965ms
2026-03-15 20:40:44.971 [INF] Microsoft.AspNetCore.Hosting.Diagnostics | Request finished HTTP/1.1 GET http://localhost:5217/api/Modules?organizationId=2 - 200 null application/json; charset=utf-8 181.3021ms
2026-03-15 20:40:45.031 [INF] Microsoft.AspNetCore.Mvc.Infrastructure.ObjectResultExecutor | Executing OkObjectResult, writing value of type 'System.Collections.Generic.List`1[[backend.Models.ModuleInfo, backend, Version=1.0.0.0, Culture=neutral, PublicKeyToken=null]]'.
2026-03-15 20:40:45.031 [INF] Microsoft.AspNetCore.Mvc.Infrastructure.ControllerActionInvoker | Executed action backend.Controllers.ModulesController.Get (backend) in 244.919ms
2026-03-15 20:40:45.031 [INF] Microsoft.AspNetCore.Routing.EndpointMiddleware | Executed endpoint 'backend.Controllers.ModulesController.Get (backend)'
2026-03-15 20:40:45.032 [INF] Serilog.AspNetCore.RequestLoggingMiddleware | HTTP GET /api/Modules → 200 (245.1ms)
2026-03-15 20:40:45.032 [INF] Microsoft.AspNetCore.Hosting.Diagnostics | Request finished HTTP/1.1 GET http://localhost:5217/api/Modules?organizationId=8 - 200 null application/json; charset=utf-8 245.7414ms
2026-03-15 20:40:45.033 [INF] Microsoft.AspNetCore.Hosting.Diagnostics | Request starting HTTP/1.1 GET http://localhost:5217/api/Modules?organizationId=8 - null null
2026-03-15 20:40:45.033 [INF] Microsoft.AspNetCore.Cors.Infrastructure.CorsService | CORS policy execution successful.
2026-03-15 20:40:45.034 [INF] Microsoft.AspNetCore.Routing.EndpointMiddleware | Executing endpoint 'backend.Controllers.ModulesController.Get (backend)'
2026-03-15 20:40:45.034 [INF] Microsoft.AspNetCore.Mvc.Infrastructure.ControllerActionInvoker | Route matched with {action = "Get", controller = "Modules"}. Executing controller action with signature System.Threading.Tasks.Task`1[Microsoft.AspNetCore.Mvc.IActionResult] Get(System.Nullable`1[System.Int32]) on controller backend.Controllers.ModulesController (backend).
2026-03-15 20:40:45.149 [INF] Microsoft.AspNetCore.Mvc.Infrastructure.ObjectResultExecutor | Executing OkObjectResult, writing value of type 'System.Collections.Generic.List`1[[backend.Models.ModuleInfo, backend, Version=1.0.0.0, Culture=neutral, PublicKeyToken=null]]'.
2026-03-15 20:40:45.149 [INF] Microsoft.AspNetCore.Mvc.Infrastructure.ControllerActionInvoker | Executed action backend.Controllers.ModulesController.Get (backend) in 358.8986ms
2026-03-15 20:40:45.150 [INF] Microsoft.AspNetCore.Routing.EndpointMiddleware | Executed endpoint 'backend.Controllers.ModulesController.Get (backend)'
2026-03-15 20:40:45.150 [INF] Serilog.AspNetCore.RequestLoggingMiddleware | HTTP GET /api/Modules → 200 (359.1ms)
2026-03-15 20:40:45.150 [INF] Microsoft.AspNetCore.Hosting.Diagnostics | Request finished HTTP/1.1 GET http://localhost:5217/api/Modules?organizationId=3 - 200 null application/json; charset=utf-8 359.4063ms
2026-03-15 20:40:45.288 [INF] Microsoft.AspNetCore.Mvc.Infrastructure.ObjectResultExecutor | Executing OkObjectResult, writing value of type 'System.Collections.Generic.List`1[[backend.Models.ModuleInfo, backend, Version=1.0.0.0, Culture=neutral, PublicKeyToken=null]]'.
2026-03-15 20:40:45.288 [INF] Microsoft.AspNetCore.Mvc.Infrastructure.ControllerActionInvoker | Executed action backend.Controllers.ModulesController.Get (backend) in 254.4863ms
2026-03-15 20:40:45.288 [INF] Microsoft.AspNetCore.Routing.EndpointMiddleware | Executed endpoint 'backend.Controllers.ModulesController.Get (backend)'
2026-03-15 20:40:45.288 [INF] Serilog.AspNetCore.RequestLoggingMiddleware | HTTP GET /api/Modules → 200 (254.8ms)
2026-03-15 20:40:45.288 [INF] Microsoft.AspNetCore.Hosting.Diagnostics | Request finished HTTP/1.1 GET http://localhost:5217/api/Modules?organizationId=8 - 200 null application/json; charset=utf-8 255.3725ms
2026-03-15 20:40:45.601 [INF] Microsoft.AspNetCore.Mvc.Infrastructure.ObjectResultExecutor | Executing OkObjectResult, writing value of type 'System.Collections.Generic.List`1[[backend.Models.ModuleInfo, backend, Version=1.0.0.0, Culture=neutral, PublicKeyToken=null]]'.
2026-03-15 20:40:45.601 [INF] Microsoft.AspNetCore.Mvc.Infrastructure.ControllerActionInvoker | Executed action backend.Controllers.ModulesController.Get (backend) in 1232.7092ms
2026-03-15 20:40:45.601 [INF] Microsoft.AspNetCore.Routing.EndpointMiddleware | Executed endpoint 'backend.Controllers.ModulesController.Get (backend)'
2026-03-15 20:40:45.601 [INF] Serilog.AspNetCore.RequestLoggingMiddleware | HTTP GET /api/Modules → 200 (1232.9ms)
2026-03-15 20:40:45.601 [INF] Microsoft.AspNetCore.Hosting.Diagnostics | Request finished HTTP/1.1 GET http://localhost:5217/api/Modules?organizationId=9 - 200 null application/json; charset=utf-8 1233.4684ms
2026-03-15 20:40:45.603 [INF] Microsoft.AspNetCore.Hosting.Diagnostics | Request starting HTTP/1.1 GET http://localhost:5217/api/Modules?organizationId=9 - null null
2026-03-15 20:40:45.603 [INF] Microsoft.AspNetCore.Cors.Infrastructure.CorsService | CORS policy execution successful.
2026-03-15 20:40:45.604 [INF] Microsoft.AspNetCore.Routing.EndpointMiddleware | Executing endpoint 'backend.Controllers.ModulesController.Get (backend)'
2026-03-15 20:40:45.604 [INF] Microsoft.AspNetCore.Mvc.Infrastructure.ControllerActionInvoker | Route matched with {action = "Get", controller = "Modules"}. Executing controller action with signature System.Threading.Tasks.Task`1[Microsoft.AspNetCore.Mvc.IActionResult] Get(System.Nullable`1[System.Int32]) on controller backend.Controllers.ModulesController (backend).
2026-03-15 20:40:45.605 [INF] Microsoft.AspNetCore.Hosting.Diagnostics | Request starting HTTP/1.1 GET http://localhost:5217/api/Modules?organizationId=8 - null null
2026-03-15 20:40:45.605 [INF] Microsoft.AspNetCore.Hosting.Diagnostics | Request starting HTTP/1.1 GET http://localhost:5217/api/Modules?organizationId=2 - null null
2026-03-15 20:40:45.605 [INF] Microsoft.AspNetCore.Cors.Infrastructure.CorsService | CORS policy execution successful.
2026-03-15 20:40:45.605 [INF] Microsoft.AspNetCore.Cors.Infrastructure.CorsService | CORS policy execution successful.
2026-03-15 20:40:45.605 [INF] Microsoft.AspNetCore.Hosting.Diagnostics | Request starting HTTP/1.1 GET http://localhost:5217/api/Modules?organizationId=1 - null null
2026-03-15 20:40:45.605 [INF] Microsoft.AspNetCore.Cors.Infrastructure.CorsService | CORS policy execution successful.
2026-03-15 20:40:45.605 [INF] Microsoft.AspNetCore.Routing.EndpointMiddleware | Executing endpoint 'backend.Controllers.ModulesController.Get (backend)'
2026-03-15 20:40:45.605 [INF] Microsoft.AspNetCore.Routing.EndpointMiddleware | Executing endpoint 'backend.Controllers.ModulesController.Get (backend)'
2026-03-15 20:40:45.605 [INF] Microsoft.AspNetCore.Mvc.Infrastructure.ControllerActionInvoker | Route matched with {action = "Get", controller = "Modules"}. Executing controller action with signature System.Threading.Tasks.Task`1[Microsoft.AspNetCore.Mvc.IActionResult] Get(System.Nullable`1[System.Int32]) on controller backend.Controllers.ModulesController (backend).
2026-03-15 20:40:45.605 [INF] Microsoft.AspNetCore.Mvc.Infrastructure.ControllerActionInvoker | Route matched with {action = "Get", controller = "Modules"}. Executing controller action with signature System.Threading.Tasks.Task`1[Microsoft.AspNetCore.Mvc.IActionResult] Get(System.Nullable`1[System.Int32]) on controller backend.Controllers.ModulesController (backend).
2026-03-15 20:40:45.606 [INF] Microsoft.AspNetCore.Routing.EndpointMiddleware | Executing endpoint 'backend.Controllers.ModulesController.Get (backend)'
2026-03-15 20:40:45.606 [INF] Microsoft.AspNetCore.Mvc.Infrastructure.ControllerActionInvoker | Route matched with {action = "Get", controller = "Modules"}. Executing controller action with signature System.Threading.Tasks.Task`1[Microsoft.AspNetCore.Mvc.IActionResult] Get(System.Nullable`1[System.Int32]) on controller backend.Controllers.ModulesController (backend).
2026-03-15 20:40:45.606 [INF] Microsoft.AspNetCore.Hosting.Diagnostics | Request starting HTTP/1.1 GET http://localhost:5217/api/Modules?organizationId=3 - null null
2026-03-15 20:40:45.606 [INF] Microsoft.AspNetCore.Cors.Infrastructure.CorsService | CORS policy execution successful.
2026-03-15 20:40:45.606 [INF] Microsoft.AspNetCore.Routing.EndpointMiddleware | Executing endpoint 'backend.Controllers.ModulesController.Get (backend)'
2026-03-15 20:40:45.606 [INF] Microsoft.AspNetCore.Mvc.Infrastructure.ControllerActionInvoker | Route matched with {action = "Get", controller = "Modules"}. Executing controller action with signature System.Threading.Tasks.Task`1[Microsoft.AspNetCore.Mvc.IActionResult] Get(System.Nullable`1[System.Int32]) on controller backend.Controllers.ModulesController (backend).
2026-03-15 20:40:45.801 [INF] Microsoft.AspNetCore.Mvc.Infrastructure.ObjectResultExecutor | Executing OkObjectResult, writing value of type 'System.Collections.Generic.List`1[[backend.Models.ModuleInfo, backend, Version=1.0.0.0, Culture=neutral, PublicKeyToken=null]]'.
2026-03-15 20:40:45.802 [INF] Microsoft.AspNetCore.Mvc.Infrastructure.ControllerActionInvoker | Executed action backend.Controllers.ModulesController.Get (backend) in 196.0162ms
2026-03-15 20:40:45.802 [INF] Microsoft.AspNetCore.Routing.EndpointMiddleware | Executed endpoint 'backend.Controllers.ModulesController.Get (backend)'
2026-03-15 20:40:45.802 [INF] Serilog.AspNetCore.RequestLoggingMiddleware | HTTP GET /api/Modules → 200 (196.2ms)
2026-03-15 20:40:45.802 [INF] Microsoft.AspNetCore.Hosting.Diagnostics | Request finished HTTP/1.1 GET http://localhost:5217/api/Modules?organizationId=1 - 200 null application/json; charset=utf-8 196.5198ms
2026-03-15 20:40:45.803 [INF] Microsoft.AspNetCore.Mvc.Infrastructure.ObjectResultExecutor | Executing OkObjectResult, writing value of type 'System.Collections.Generic.List`1[[backend.Models.ModuleInfo, backend, Version=1.0.0.0, Culture=neutral, PublicKeyToken=null]]'.
2026-03-15 20:40:45.804 [INF] Microsoft.AspNetCore.Mvc.Infrastructure.ControllerActionInvoker | Executed action backend.Controllers.ModulesController.Get (backend) in 198.1574ms
2026-03-15 20:40:45.804 [INF] Microsoft.AspNetCore.Routing.EndpointMiddleware | Executed endpoint 'backend.Controllers.ModulesController.Get (backend)'
2026-03-15 20:40:45.804 [INF] Serilog.AspNetCore.RequestLoggingMiddleware | HTTP GET /api/Modules → 200 (198.3ms)
2026-03-15 20:40:45.804 [INF] Microsoft.AspNetCore.Hosting.Diagnostics | Request finished HTTP/1.1 GET http://localhost:5217/api/Modules?organizationId=8 - 200 null application/json; charset=utf-8 198.8305ms
2026-03-15 20:40:45.808 [INF] Microsoft.AspNetCore.Mvc.Infrastructure.ObjectResultExecutor | Executing OkObjectResult, writing value of type 'System.Collections.Generic.List`1[[backend.Models.ModuleInfo, backend, Version=1.0.0.0, Culture=neutral, PublicKeyToken=null]]'.
2026-03-15 20:40:45.808 [INF] Microsoft.AspNetCore.Mvc.Infrastructure.ControllerActionInvoker | Executed action backend.Controllers.ModulesController.Get (backend) in 204.463ms
2026-03-15 20:40:45.808 [INF] Microsoft.AspNetCore.Routing.EndpointMiddleware | Executed endpoint 'backend.Controllers.ModulesController.Get (backend)'
2026-03-15 20:40:45.808 [INF] Serilog.AspNetCore.RequestLoggingMiddleware | HTTP GET /api/Modules → 200 (204.7ms)
2026-03-15 20:40:45.808 [INF] Microsoft.AspNetCore.Hosting.Diagnostics | Request finished HTTP/1.1 GET http://localhost:5217/api/Modules?organizationId=9 - 200 null application/json; charset=utf-8 205.3957ms
2026-03-15 20:40:45.810 [INF] Microsoft.AspNetCore.Hosting.Diagnostics | Request starting HTTP/1.1 GET http://localhost:5217/api/Modules?organizationId=9 - null null
2026-03-15 20:40:45.810 [INF] Microsoft.AspNetCore.Cors.Infrastructure.CorsService | CORS policy execution successful.
2026-03-15 20:40:45.810 [INF] Microsoft.AspNetCore.Mvc.Infrastructure.ObjectResultExecutor | Executing OkObjectResult, writing value of type 'System.Collections.Generic.List`1[[backend.Models.ModuleInfo, backend, Version=1.0.0.0, Culture=neutral, PublicKeyToken=null]]'.
2026-03-15 20:40:45.810 [INF] Microsoft.AspNetCore.Routing.EndpointMiddleware | Executing endpoint 'backend.Controllers.ModulesController.Get (backend)'
2026-03-15 20:40:45.810 [INF] Microsoft.AspNetCore.Mvc.Infrastructure.ControllerActionInvoker | Executed action backend.Controllers.ModulesController.Get (backend) in 204.788ms
2026-03-15 20:40:45.810 [INF] Microsoft.AspNetCore.Routing.EndpointMiddleware | Executed endpoint 'backend.Controllers.ModulesController.Get (backend)'
2026-03-15 20:40:45.810 [INF] Serilog.AspNetCore.RequestLoggingMiddleware | HTTP GET /api/Modules → 200 (205.0ms)
2026-03-15 20:40:45.810 [INF] Microsoft.AspNetCore.Mvc.Infrastructure.ControllerActionInvoker | Route matched with {action = "Get", controller = "Modules"}. Executing controller action with signature System.Threading.Tasks.Task`1[Microsoft.AspNetCore.Mvc.IActionResult] Get(System.Nullable`1[System.Int32]) on controller backend.Controllers.ModulesController (backend).
2026-03-15 20:40:45.811 [INF] Microsoft.AspNetCore.Hosting.Diagnostics | Request finished HTTP/1.1 GET http://localhost:5217/api/Modules?organizationId=2 - 200 null application/json; charset=utf-8 205.5323ms
2026-03-15 20:40:45.815 [INF] Microsoft.AspNetCore.Hosting.Diagnostics | Request starting HTTP/1.1 GET http://localhost:5217/api/Modules?organizationId=2 - null null
2026-03-15 20:40:45.815 [INF] Microsoft.AspNetCore.Hosting.Diagnostics | Request starting HTTP/1.1 GET http://localhost:5217/api/Modules?organizationId=8 - null null
2026-03-15 20:40:45.815 [INF] Microsoft.AspNetCore.Hosting.Diagnostics | Request starting HTTP/1.1 GET http://localhost:5217/api/Modules?organizationId=1 - null null
2026-03-15 20:40:45.815 [INF] Microsoft.AspNetCore.Cors.Infrastructure.CorsService | CORS policy execution successful.
2026-03-15 20:40:45.815 [INF] Microsoft.AspNetCore.Cors.Infrastructure.CorsService | CORS policy execution successful.
2026-03-15 20:40:45.815 [INF] Microsoft.AspNetCore.Cors.Infrastructure.CorsService | CORS policy execution successful.
2026-03-15 20:40:45.816 [INF] Microsoft.AspNetCore.Routing.EndpointMiddleware | Executing endpoint 'backend.Controllers.ModulesController.Get (backend)'
2026-03-15 20:40:45.816 [INF] Microsoft.AspNetCore.Routing.EndpointMiddleware | Executing endpoint 'backend.Controllers.ModulesController.Get (backend)'
2026-03-15 20:40:45.816 [INF] Microsoft.AspNetCore.Routing.EndpointMiddleware | Executing endpoint 'backend.Controllers.ModulesController.Get (backend)'
2026-03-15 20:40:45.816 [INF] Microsoft.AspNetCore.Mvc.Infrastructure.ControllerActionInvoker | Route matched with {action = "Get", controller = "Modules"}. Executing controller action with signature System.Threading.Tasks.Task`1[Microsoft.AspNetCore.Mvc.IActionResult] Get(System.Nullable`1[System.Int32]) on controller backend.Controllers.ModulesController (backend).
2026-03-15 20:40:45.816 [INF] Microsoft.AspNetCore.Mvc.Infrastructure.ControllerActionInvoker | Route matched with {action = "Get", controller = "Modules"}. Executing controller action with signature System.Threading.Tasks.Task`1[Microsoft.AspNetCore.Mvc.IActionResult] Get(System.Nullable`1[System.Int32]) on controller backend.Controllers.ModulesController (backend).
2026-03-15 20:40:45.816 [INF] Microsoft.AspNetCore.Mvc.Infrastructure.ControllerActionInvoker | Route matched with {action = "Get", controller = "Modules"}. Executing controller action with signature System.Threading.Tasks.Task`1[Microsoft.AspNetCore.Mvc.IActionResult] Get(System.Nullable`1[System.Int32]) on controller backend.Controllers.ModulesController (backend).
2026-03-15 20:40:46.099 [INF] Microsoft.AspNetCore.Mvc.Infrastructure.ObjectResultExecutor | Executing OkObjectResult, writing value of type 'System.Collections.Generic.List`1[[backend.Models.ModuleInfo, backend, Version=1.0.0.0, Culture=neutral, PublicKeyToken=null]]'.
2026-03-15 20:40:46.100 [INF] Microsoft.AspNetCore.Mvc.Infrastructure.ControllerActionInvoker | Executed action backend.Controllers.ModulesController.Get (backend) in 289.1277ms
2026-03-15 20:40:46.100 [INF] Microsoft.AspNetCore.Routing.EndpointMiddleware | Executed endpoint 'backend.Controllers.ModulesController.Get (backend)'
2026-03-15 20:40:46.100 [INF] Serilog.AspNetCore.RequestLoggingMiddleware | HTTP GET /api/Modules → 200 (289.4ms)
2026-03-15 20:40:46.100 [INF] Microsoft.AspNetCore.Hosting.Diagnostics | Request finished HTTP/1.1 GET http://localhost:5217/api/Modules?organizationId=9 - 200 null application/json; charset=utf-8 290.0543ms
2026-03-15 20:40:46.100 [INF] Microsoft.AspNetCore.Mvc.Infrastructure.ObjectResultExecutor | Executing OkObjectResult, writing value of type 'System.Collections.Generic.List`1[[backend.Models.ModuleInfo, backend, Version=1.0.0.0, Culture=neutral, PublicKeyToken=null]]'.
2026-03-15 20:40:46.100 [INF] Microsoft.AspNetCore.Mvc.Infrastructure.ObjectResultExecutor | Executing OkObjectResult, writing value of type 'System.Collections.Generic.List`1[[backend.Models.ModuleInfo, backend, Version=1.0.0.0, Culture=neutral, PublicKeyToken=null]]'.
2026-03-15 20:40:46.100 [INF] Microsoft.AspNetCore.Mvc.Infrastructure.ControllerActionInvoker | Executed action backend.Controllers.ModulesController.Get (backend) in 283.8904ms
2026-03-15 20:40:46.100 [INF] Microsoft.AspNetCore.Mvc.Infrastructure.ObjectResultExecutor | Executing OkObjectResult, writing value of type 'System.Collections.Generic.List`1[[backend.Models.ModuleInfo, backend, Version=1.0.0.0, Culture=neutral, PublicKeyToken=null]]'.
2026-03-15 20:40:46.100 [INF] Microsoft.AspNetCore.Routing.EndpointMiddleware | Executed endpoint 'backend.Controllers.ModulesController.Get (backend)'
2026-03-15 20:40:46.100 [INF] Microsoft.AspNetCore.Mvc.Infrastructure.ControllerActionInvoker | Executed action backend.Controllers.ModulesController.Get (backend) in 284.0432ms
2026-03-15 20:40:46.100 [INF] Serilog.AspNetCore.RequestLoggingMiddleware | HTTP GET /api/Modules → 200 (284.2ms)
2026-03-15 20:40:46.100 [INF] Microsoft.AspNetCore.Mvc.Infrastructure.ControllerActionInvoker | Executed action backend.Controllers.ModulesController.Get (backend) in 284.1214ms
2026-03-15 20:40:46.100 [INF] Microsoft.AspNetCore.Routing.EndpointMiddleware | Executed endpoint 'backend.Controllers.ModulesController.Get (backend)'
2026-03-15 20:40:46.100 [INF] Microsoft.AspNetCore.Hosting.Diagnostics | Request finished HTTP/1.1 GET http://localhost:5217/api/Modules?organizationId=8 - 200 null application/json; charset=utf-8 285.1235ms
2026-03-15 20:40:46.100 [INF] Serilog.AspNetCore.RequestLoggingMiddleware | HTTP GET /api/Modules → 200 (284.4ms)
2026-03-15 20:40:46.100 [INF] Microsoft.AspNetCore.Routing.EndpointMiddleware | Executed endpoint 'backend.Controllers.ModulesController.Get (backend)'
2026-03-15 20:40:46.100 [INF] Microsoft.AspNetCore.Hosting.Diagnostics | Request finished HTTP/1.1 GET http://localhost:5217/api/Modules?organizationId=1 - 200 null application/json; charset=utf-8 285.2366ms
2026-03-15 20:40:46.100 [INF] Serilog.AspNetCore.RequestLoggingMiddleware | HTTP GET /api/Modules → 200 (284.4ms)
2026-03-15 20:40:46.100 [INF] Microsoft.AspNetCore.Hosting.Diagnostics | Request finished HTTP/1.1 GET http://localhost:5217/api/Modules?organizationId=2 - 200 null application/json; charset=utf-8 285.2863ms
2026-03-15 20:40:46.102 [INF] Microsoft.AspNetCore.Hosting.Diagnostics | Request starting HTTP/1.1 GET http://localhost:5217/api/Modules?organizationId=9 - null null
2026-03-15 20:40:46.102 [INF] Microsoft.AspNetCore.Cors.Infrastructure.CorsService | CORS policy execution successful.
2026-03-15 20:40:46.102 [INF] Microsoft.AspNetCore.Routing.EndpointMiddleware | Executing endpoint 'backend.Controllers.ModulesController.Get (backend)'
2026-03-15 20:40:46.102 [INF] Microsoft.AspNetCore.Mvc.Infrastructure.ControllerActionInvoker | Route matched with {action = "Get", controller = "Modules"}. Executing controller action with signature System.Threading.Tasks.Task`1[Microsoft.AspNetCore.Mvc.IActionResult] Get(System.Nullable`1[System.Int32]) on controller backend.Controllers.ModulesController (backend).
2026-03-15 20:40:46.407 [INF] Microsoft.AspNetCore.Mvc.Infrastructure.ObjectResultExecutor | Executing OkObjectResult, writing value of type 'System.Collections.Generic.List`1[[backend.Models.ModuleInfo, backend, Version=1.0.0.0, Culture=neutral, PublicKeyToken=null]]'.
2026-03-15 20:40:46.407 [INF] Microsoft.AspNetCore.Mvc.Infrastructure.ControllerActionInvoker | Executed action backend.Controllers.ModulesController.Get (backend) in 305.0097ms
2026-03-15 20:40:46.407 [INF] Microsoft.AspNetCore.Routing.EndpointMiddleware | Executed endpoint 'backend.Controllers.ModulesController.Get (backend)'
2026-03-15 20:40:46.407 [INF] Serilog.AspNetCore.RequestLoggingMiddleware | HTTP GET /api/Modules → 200 (305.2ms)
2026-03-15 20:40:46.407 [INF] Microsoft.AspNetCore.Hosting.Diagnostics | Request finished HTTP/1.1 GET http://localhost:5217/api/Modules?organizationId=9 - 200 null application/json; charset=utf-8 305.8694ms
2026-03-15 20:40:46.919 [INF] Microsoft.AspNetCore.Mvc.Infrastructure.ObjectResultExecutor | Executing OkObjectResult, writing value of type 'System.Collections.Generic.List`1[[backend.Models.ModuleInfo, backend, Version=1.0.0.0, Culture=neutral, PublicKeyToken=null]]'.
2026-03-15 20:40:46.919 [INF] Microsoft.AspNetCore.Mvc.Infrastructure.ControllerActionInvoker | Executed action backend.Controllers.ModulesController.Get (backend) in 1313.1319ms
2026-03-15 20:40:46.919 [INF] Microsoft.AspNetCore.Routing.EndpointMiddleware | Executed endpoint 'backend.Controllers.ModulesController.Get (backend)'
2026-03-15 20:40:46.919 [INF] Serilog.AspNetCore.RequestLoggingMiddleware | HTTP GET /api/Modules → 200 (1313.3ms)
2026-03-15 20:40:46.920 [INF] Microsoft.AspNetCore.Hosting.Diagnostics | Request finished HTTP/1.1 GET http://localhost:5217/api/Modules?organizationId=3 - 200 null application/json; charset=utf-8 1313.7746ms
2026-03-15 20:40:46.922 [INF] Microsoft.AspNetCore.Hosting.Diagnostics | Request starting HTTP/1.1 GET http://localhost:5217/api/Modules?organizationId=3 - null null
2026-03-15 20:40:46.922 [INF] Microsoft.AspNetCore.Cors.Infrastructure.CorsService | CORS policy execution successful.
2026-03-15 20:40:46.922 [INF] Microsoft.AspNetCore.Routing.EndpointMiddleware | Executing endpoint 'backend.Controllers.ModulesController.Get (backend)'
2026-03-15 20:40:46.922 [INF] Microsoft.AspNetCore.Mvc.Infrastructure.ControllerActionInvoker | Route matched with {action = "Get", controller = "Modules"}. Executing controller action with signature System.Threading.Tasks.Task`1[Microsoft.AspNetCore.Mvc.IActionResult] Get(System.Nullable`1[System.Int32]) on controller backend.Controllers.ModulesController (backend).
2026-03-15 20:40:46.925 [INF] Microsoft.AspNetCore.Hosting.Diagnostics | Request starting HTTP/1.1 GET http://localhost:5217/api/Modules?organizationId=2 - null null
2026-03-15 20:40:46.925 [INF] Microsoft.AspNetCore.Hosting.Diagnostics | Request starting HTTP/1.1 GET http://localhost:5217/api/Modules?organizationId=8 - null null
2026-03-15 20:40:46.925 [INF] Microsoft.AspNetCore.Hosting.Diagnostics | Request starting HTTP/1.1 GET http://localhost:5217/api/Modules?organizationId=1 - null null
2026-03-15 20:40:46.925 [INF] Microsoft.AspNetCore.Cors.Infrastructure.CorsService | CORS policy execution successful.
2026-03-15 20:40:46.925 [INF] Microsoft.AspNetCore.Cors.Infrastructure.CorsService | CORS policy execution successful.
2026-03-15 20:40:46.925 [INF] Microsoft.AspNetCore.Cors.Infrastructure.CorsService | CORS policy execution successful.
2026-03-15 20:40:46.926 [INF] Microsoft.AspNetCore.Hosting.Diagnostics | Request starting HTTP/1.1 GET http://localhost:5217/api/Modules?organizationId=9 - null null
2026-03-15 20:40:46.926 [INF] Microsoft.AspNetCore.Cors.Infrastructure.CorsService | CORS policy execution successful.
2026-03-15 20:40:46.926 [INF] Microsoft.AspNetCore.Routing.EndpointMiddleware | Executing endpoint 'backend.Controllers.ModulesController.Get (backend)'
2026-03-15 20:40:46.926 [INF] Microsoft.AspNetCore.Routing.EndpointMiddleware | Executing endpoint 'backend.Controllers.ModulesController.Get (backend)'
2026-03-15 20:40:46.926 [INF] Microsoft.AspNetCore.Routing.EndpointMiddleware | Executing endpoint 'backend.Controllers.ModulesController.Get (backend)'
2026-03-15 20:40:46.926 [INF] Microsoft.AspNetCore.Mvc.Infrastructure.ControllerActionInvoker | Route matched with {action = "Get", controller = "Modules"}. Executing controller action with signature System.Threading.Tasks.Task`1[Microsoft.AspNetCore.Mvc.IActionResult] Get(System.Nullable`1[System.Int32]) on controller backend.Controllers.ModulesController (backend).
2026-03-15 20:40:46.926 [INF] Microsoft.AspNetCore.Mvc.Infrastructure.ControllerActionInvoker | Route matched with {action = "Get", controller = "Modules"}. Executing controller action with signature System.Threading.Tasks.Task`1[Microsoft.AspNetCore.Mvc.IActionResult] Get(System.Nullable`1[System.Int32]) on controller backend.Controllers.ModulesController (backend).
2026-03-15 20:40:46.926 [INF] Microsoft.AspNetCore.Mvc.Infrastructure.ControllerActionInvoker | Route matched with {action = "Get", controller = "Modules"}. Executing controller action with signature System.Threading.Tasks.Task`1[Microsoft.AspNetCore.Mvc.IActionResult] Get(System.Nullable`1[System.Int32]) on controller backend.Controllers.ModulesController (backend).
2026-03-15 20:40:46.926 [INF] Microsoft.AspNetCore.Routing.EndpointMiddleware | Executing endpoint 'backend.Controllers.ModulesController.Get (backend)'
2026-03-15 20:40:46.926 [INF] Microsoft.AspNetCore.Mvc.Infrastructure.ControllerActionInvoker | Route matched with {action = "Get", controller = "Modules"}. Executing controller action with signature System.Threading.Tasks.Task`1[Microsoft.AspNetCore.Mvc.IActionResult] Get(System.Nullable`1[System.Int32]) on controller backend.Controllers.ModulesController (backend).
2026-03-15 20:40:47.131 [INF] Microsoft.AspNetCore.Mvc.Infrastructure.ObjectResultExecutor | Executing OkObjectResult, writing value of type 'System.Collections.Generic.List`1[[backend.Models.ModuleInfo, backend, Version=1.0.0.0, Culture=neutral, PublicKeyToken=null]]'.
2026-03-15 20:40:47.131 [INF] Microsoft.AspNetCore.Mvc.Infrastructure.ObjectResultExecutor | Executing OkObjectResult, writing value of type 'System.Collections.Generic.List`1[[backend.Models.ModuleInfo, backend, Version=1.0.0.0, Culture=neutral, PublicKeyToken=null]]'.
2026-03-15 20:40:47.131 [INF] Microsoft.AspNetCore.Mvc.Infrastructure.ControllerActionInvoker | Executed action backend.Controllers.ModulesController.Get (backend) in 205.4224ms
2026-03-15 20:40:47.131 [INF] Microsoft.AspNetCore.Mvc.Infrastructure.ObjectResultExecutor | Executing OkObjectResult, writing value of type 'System.Collections.Generic.List`1[[backend.Models.ModuleInfo, backend, Version=1.0.0.0, Culture=neutral, PublicKeyToken=null]]'.
2026-03-15 20:40:47.131 [INF] Microsoft.AspNetCore.Mvc.Infrastructure.ControllerActionInvoker | Executed action backend.Controllers.ModulesController.Get (backend) in 205.4934ms
2026-03-15 20:40:47.132 [INF] Microsoft.AspNetCore.Mvc.Infrastructure.ObjectResultExecutor | Executing OkObjectResult, writing value of type 'System.Collections.Generic.List`1[[backend.Models.ModuleInfo, backend, Version=1.0.0.0, Culture=neutral, PublicKeyToken=null]]'.
2026-03-15 20:40:47.132 [INF] Microsoft.AspNetCore.Mvc.Infrastructure.ControllerActionInvoker | Executed action backend.Controllers.ModulesController.Get (backend) in 205.4425ms
2026-03-15 20:40:47.131 [INF] Microsoft.AspNetCore.Mvc.Infrastructure.ObjectResultExecutor | Executing OkObjectResult, writing value of type 'System.Collections.Generic.List`1[[backend.Models.ModuleInfo, backend, Version=1.0.0.0, Culture=neutral, PublicKeyToken=null]]'.
2026-03-15 20:40:47.132 [INF] Microsoft.AspNetCore.Mvc.Infrastructure.ControllerActionInvoker | Executed action backend.Controllers.ModulesController.Get (backend) in 209.1766ms
2026-03-15 20:40:47.132 [INF] Microsoft.AspNetCore.Routing.EndpointMiddleware | Executed endpoint 'backend.Controllers.ModulesController.Get (backend)'
2026-03-15 20:40:47.132 [INF] Microsoft.AspNetCore.Mvc.Infrastructure.ControllerActionInvoker | Executed action backend.Controllers.ModulesController.Get (backend) in 205.7097ms
2026-03-15 20:40:47.132 [INF] Microsoft.AspNetCore.Routing.EndpointMiddleware | Executed endpoint 'backend.Controllers.ModulesController.Get (backend)'
2026-03-15 20:40:47.132 [INF] Microsoft.AspNetCore.Routing.EndpointMiddleware | Executed endpoint 'backend.Controllers.ModulesController.Get (backend)'
2026-03-15 20:40:47.132 [INF] Microsoft.AspNetCore.Routing.EndpointMiddleware | Executed endpoint 'backend.Controllers.ModulesController.Get (backend)'
2026-03-15 20:40:47.132 [INF] Serilog.AspNetCore.RequestLoggingMiddleware | HTTP GET /api/Modules → 200 (205.9ms)
2026-03-15 20:40:47.132 [INF] Serilog.AspNetCore.RequestLoggingMiddleware | HTTP GET /api/Modules → 200 (205.9ms)
2026-03-15 20:40:47.132 [INF] Serilog.AspNetCore.RequestLoggingMiddleware | HTTP GET /api/Modules → 200 (205.9ms)
2026-03-15 20:40:47.132 [INF] Microsoft.AspNetCore.Hosting.Diagnostics | Request finished HTTP/1.1 GET http://localhost:5217/api/Modules?organizationId=1 - 200 null application/json; charset=utf-8 206.4598ms
2026-03-15 20:40:47.132 [INF] Microsoft.AspNetCore.Hosting.Diagnostics | Request finished HTTP/1.1 GET http://localhost:5217/api/Modules?organizationId=2 - 200 null application/json; charset=utf-8 206.597ms
2026-03-15 20:40:47.132 [INF] Serilog.AspNetCore.RequestLoggingMiddleware | HTTP GET /api/Modules → 200 (205.7ms)
2026-03-15 20:40:47.132 [INF] Microsoft.AspNetCore.Hosting.Diagnostics | Request finished HTTP/1.1 GET http://localhost:5217/api/Modules?organizationId=8 - 200 null application/json; charset=utf-8 206.589ms
2026-03-15 20:40:47.132 [INF] Microsoft.AspNetCore.Routing.EndpointMiddleware | Executed endpoint 'backend.Controllers.ModulesController.Get (backend)'
2026-03-15 20:40:47.132 [INF] Microsoft.AspNetCore.Hosting.Diagnostics | Request finished HTTP/1.1 GET http://localhost:5217/api/Modules?organizationId=9 - 200 null application/json; charset=utf-8 206.1768ms
2026-03-15 20:40:47.132 [INF] Serilog.AspNetCore.RequestLoggingMiddleware | HTTP GET /api/Modules → 200 (209.8ms)
2026-03-15 20:40:47.132 [INF] Microsoft.AspNetCore.Hosting.Diagnostics | Request finished HTTP/1.1 GET http://localhost:5217/api/Modules?organizationId=3 - 200 null application/json; charset=utf-8 210.5175ms
2026-03-15 20:40:47.134 [INF] Microsoft.AspNetCore.Hosting.Diagnostics | Request starting HTTP/1.1 GET http://localhost:5217/api/Modules?organizationId=3 - null null
2026-03-15 20:40:47.134 [INF] Microsoft.AspNetCore.Cors.Infrastructure.CorsService | CORS policy execution successful.
2026-03-15 20:40:47.135 [INF] Microsoft.AspNetCore.Routing.EndpointMiddleware | Executing endpoint 'backend.Controllers.ModulesController.Get (backend)'
2026-03-15 20:40:47.136 [INF] Microsoft.AspNetCore.Mvc.Infrastructure.ControllerActionInvoker | Route matched with {action = "Get", controller = "Modules"}. Executing controller action with signature System.Threading.Tasks.Task`1[Microsoft.AspNetCore.Mvc.IActionResult] Get(System.Nullable`1[System.Int32]) on controller backend.Controllers.ModulesController (backend).
2026-03-15 20:40:47.138 [INF] Microsoft.AspNetCore.Hosting.Diagnostics | Request starting HTTP/1.1 OPTIONS http://localhost:5217/api/Modules?organizationId=2 - null null
2026-03-15 20:40:47.138 [INF] Microsoft.AspNetCore.Cors.Infrastructure.CorsService | CORS policy execution successful.
2026-03-15 20:40:47.138 [INF] Microsoft.AspNetCore.Hosting.Diagnostics | Request finished HTTP/1.1 OPTIONS http://localhost:5217/api/Modules?organizationId=2 - 204 null null 0.3263ms
2026-03-15 20:40:47.139 [INF] Microsoft.AspNetCore.Hosting.Diagnostics | Request starting HTTP/1.1 GET http://localhost:5217/api/Modules?organizationId=8 - null null
2026-03-15 20:40:47.139 [INF] Microsoft.AspNetCore.Cors.Infrastructure.CorsService | CORS policy execution successful.
2026-03-15 20:40:47.139 [INF] Microsoft.AspNetCore.Hosting.Diagnostics | Request starting HTTP/1.1 GET http://localhost:5217/api/Modules?organizationId=1 - null null
2026-03-15 20:40:47.139 [INF] Microsoft.AspNetCore.Hosting.Diagnostics | Request starting HTTP/1.1 GET http://localhost:5217/api/Modules?organizationId=9 - null null
2026-03-15 20:40:47.139 [INF] Microsoft.AspNetCore.Cors.Infrastructure.CorsService | CORS policy execution successful.
2026-03-15 20:40:47.139 [INF] Microsoft.AspNetCore.Cors.Infrastructure.CorsService | CORS policy execution successful.
2026-03-15 20:40:47.139 [INF] Microsoft.AspNetCore.Routing.EndpointMiddleware | Executing endpoint 'backend.Controllers.ModulesController.Get (backend)'
2026-03-15 20:40:47.139 [INF] Microsoft.AspNetCore.Mvc.Infrastructure.ControllerActionInvoker | Route matched with {action = "Get", controller = "Modules"}. Executing controller action with signature System.Threading.Tasks.Task`1[Microsoft.AspNetCore.Mvc.IActionResult] Get(System.Nullable`1[System.Int32]) on controller backend.Controllers.ModulesController (backend).
2026-03-15 20:40:47.139 [INF] Microsoft.AspNetCore.Routing.EndpointMiddleware | Executing endpoint 'backend.Controllers.ModulesController.Get (backend)'
2026-03-15 20:40:47.139 [INF] Microsoft.AspNetCore.Routing.EndpointMiddleware | Executing endpoint 'backend.Controllers.ModulesController.Get (backend)'
2026-03-15 20:40:47.139 [INF] Microsoft.AspNetCore.Mvc.Infrastructure.ControllerActionInvoker | Route matched with {action = "Get", controller = "Modules"}. Executing controller action with signature System.Threading.Tasks.Task`1[Microsoft.AspNetCore.Mvc.IActionResult] Get(System.Nullable`1[System.Int32]) on controller backend.Controllers.ModulesController (backend).
2026-03-15 20:40:47.140 [INF] Microsoft.AspNetCore.Mvc.Infrastructure.ControllerActionInvoker | Route matched with {action = "Get", controller = "Modules"}. Executing controller action with signature System.Threading.Tasks.Task`1[Microsoft.AspNetCore.Mvc.IActionResult] Get(System.Nullable`1[System.Int32]) on controller backend.Controllers.ModulesController (backend).
2026-03-15 20:40:47.140 [INF] Microsoft.AspNetCore.Hosting.Diagnostics | Request starting HTTP/1.1 GET http://localhost:5217/api/Modules?organizationId=2 - null null
2026-03-15 20:40:47.140 [INF] Microsoft.AspNetCore.Cors.Infrastructure.CorsService | CORS policy execution successful.
2026-03-15 20:40:47.140 [INF] Microsoft.AspNetCore.Routing.EndpointMiddleware | Executing endpoint 'backend.Controllers.ModulesController.Get (backend)'
2026-03-15 20:40:47.140 [INF] Microsoft.AspNetCore.Mvc.Infrastructure.ControllerActionInvoker | Route matched with {action = "Get", controller = "Modules"}. Executing controller action with signature System.Threading.Tasks.Task`1[Microsoft.AspNetCore.Mvc.IActionResult] Get(System.Nullable`1[System.Int32]) on controller backend.Controllers.ModulesController (backend).
2026-03-15 20:40:47.337 [INF] Microsoft.AspNetCore.Mvc.Infrastructure.ObjectResultExecutor | Executing OkObjectResult, writing value of type 'System.Collections.Generic.List`1[[backend.Models.ModuleInfo, backend, Version=1.0.0.0, Culture=neutral, PublicKeyToken=null]]'.
2026-03-15 20:40:47.337 [INF] Microsoft.AspNetCore.Mvc.Infrastructure.ControllerActionInvoker | Executed action backend.Controllers.ModulesController.Get (backend) in 197.5425ms
2026-03-15 20:40:47.337 [INF] Microsoft.AspNetCore.Routing.EndpointMiddleware | Executed endpoint 'backend.Controllers.ModulesController.Get (backend)'
2026-03-15 20:40:47.337 [INF] Serilog.AspNetCore.RequestLoggingMiddleware | HTTP GET /api/Modules → 200 (197.7ms)
2026-03-15 20:40:47.337 [INF] Microsoft.AspNetCore.Hosting.Diagnostics | Request finished HTTP/1.1 GET http://localhost:5217/api/Modules?organizationId=9 - 200 null application/json; charset=utf-8 198.0785ms
2026-03-15 20:40:47.341 [INF] Microsoft.AspNetCore.Mvc.Infrastructure.ObjectResultExecutor | Executing OkObjectResult, writing value of type 'System.Collections.Generic.List`1[[backend.Models.ModuleInfo, backend, Version=1.0.0.0, Culture=neutral, PublicKeyToken=null]]'.
2026-03-15 20:40:47.341 [INF] Microsoft.AspNetCore.Mvc.Infrastructure.ControllerActionInvoker | Executed action backend.Controllers.ModulesController.Get (backend) in 201.3591ms
2026-03-15 20:40:47.341 [INF] Microsoft.AspNetCore.Routing.EndpointMiddleware | Executed endpoint 'backend.Controllers.ModulesController.Get (backend)'
2026-03-15 20:40:47.341 [INF] Serilog.AspNetCore.RequestLoggingMiddleware | HTTP GET /api/Modules → 200 (201.5ms)
2026-03-15 20:40:47.341 [INF] Microsoft.AspNetCore.Hosting.Diagnostics | Request finished HTTP/1.1 GET http://localhost:5217/api/Modules?organizationId=2 - 200 null application/json; charset=utf-8 201.716ms
2026-03-15 20:40:47.343 [INF] Microsoft.AspNetCore.Mvc.Infrastructure.ObjectResultExecutor | Executing OkObjectResult, writing value of type 'System.Collections.Generic.List`1[[backend.Models.ModuleInfo, backend, Version=1.0.0.0, Culture=neutral, PublicKeyToken=null]]'.
2026-03-15 20:40:47.343 [INF] Microsoft.AspNetCore.Mvc.Infrastructure.ControllerActionInvoker | Executed action backend.Controllers.ModulesController.Get (backend) in 203.8698ms
2026-03-15 20:40:47.343 [INF] Microsoft.AspNetCore.Routing.EndpointMiddleware | Executed endpoint 'backend.Controllers.ModulesController.Get (backend)'
2026-03-15 20:40:47.343 [INF] Serilog.AspNetCore.RequestLoggingMiddleware | HTTP GET /api/Modules → 200 (204.0ms)
2026-03-15 20:40:47.343 [INF] Microsoft.AspNetCore.Hosting.Diagnostics | Request finished HTTP/1.1 GET http://localhost:5217/api/Modules?organizationId=1 - 200 null application/json; charset=utf-8 204.3639ms
2026-03-15 20:40:47.348 [INF] Microsoft.AspNetCore.Mvc.Infrastructure.ObjectResultExecutor | Executing OkObjectResult, writing value of type 'System.Collections.Generic.List`1[[backend.Models.ModuleInfo, backend, Version=1.0.0.0, Culture=neutral, PublicKeyToken=null]]'.
2026-03-15 20:40:47.349 [INF] Microsoft.AspNetCore.Mvc.Infrastructure.ControllerActionInvoker | Executed action backend.Controllers.ModulesController.Get (backend) in 209.0986ms
2026-03-15 20:40:47.349 [INF] Microsoft.AspNetCore.Routing.EndpointMiddleware | Executed endpoint 'backend.Controllers.ModulesController.Get (backend)'
2026-03-15 20:40:47.349 [INF] Serilog.AspNetCore.RequestLoggingMiddleware | HTTP GET /api/Modules → 200 (209.3ms)
2026-03-15 20:40:47.349 [INF] Microsoft.AspNetCore.Hosting.Diagnostics | Request finished HTTP/1.1 GET http://localhost:5217/api/Modules?organizationId=8 - 200 null application/json; charset=utf-8 209.8421ms
2026-03-15 20:40:47.360 [INF] Microsoft.AspNetCore.Mvc.Infrastructure.ObjectResultExecutor | Executing OkObjectResult, writing value of type 'System.Collections.Generic.List`1[[backend.Models.ModuleInfo, backend, Version=1.0.0.0, Culture=neutral, PublicKeyToken=null]]'.
2026-03-15 20:40:47.361 [INF] Microsoft.AspNetCore.Mvc.Infrastructure.ControllerActionInvoker | Executed action backend.Controllers.ModulesController.Get (backend) in 225.0622ms
2026-03-15 20:40:47.361 [INF] Microsoft.AspNetCore.Routing.EndpointMiddleware | Executed endpoint 'backend.Controllers.ModulesController.Get (backend)'
2026-03-15 20:40:47.361 [INF] Serilog.AspNetCore.RequestLoggingMiddleware | HTTP GET /api/Modules → 200 (225.3ms)
2026-03-15 20:40:47.361 [INF] Microsoft.AspNetCore.Hosting.Diagnostics | Request finished HTTP/1.1 GET http://localhost:5217/api/Modules?organizationId=3 - 200 null application/json; charset=utf-8 226.5466ms
2026-03-15 20:40:47.362 [INF] Microsoft.AspNetCore.Hosting.Diagnostics | Request starting HTTP/1.1 GET http://localhost:5217/api/Modules?organizationId=3 - null null
2026-03-15 20:40:47.363 [INF] Microsoft.AspNetCore.Cors.Infrastructure.CorsService | CORS policy execution successful.
2026-03-15 20:40:47.363 [INF] Microsoft.AspNetCore.Routing.EndpointMiddleware | Executing endpoint 'backend.Controllers.ModulesController.Get (backend)'
2026-03-15 20:40:47.363 [INF] Microsoft.AspNetCore.Mvc.Infrastructure.ControllerActionInvoker | Route matched with {action = "Get", controller = "Modules"}. Executing controller action with signature System.Threading.Tasks.Task`1[Microsoft.AspNetCore.Mvc.IActionResult] Get(System.Nullable`1[System.Int32]) on controller backend.Controllers.ModulesController (backend).
2026-03-15 20:40:47.376 [INF] Microsoft.AspNetCore.Hosting.Diagnostics | Request starting HTTP/1.1 GET http://localhost:5217/api/Modules?organizationId=2 - null null
2026-03-15 20:40:47.376 [INF] Microsoft.AspNetCore.Cors.Infrastructure.CorsService | CORS policy execution successful.
2026-03-15 20:40:47.376 [INF] Microsoft.AspNetCore.Hosting.Diagnostics | Request starting HTTP/1.1 GET http://localhost:5217/api/Modules?organizationId=8 - null null
2026-03-15 20:40:47.376 [INF] Microsoft.AspNetCore.Hosting.Diagnostics | Request starting HTTP/1.1 GET http://localhost:5217/api/Modules?organizationId=1 - null null
2026-03-15 20:40:47.376 [INF] Microsoft.AspNetCore.Cors.Infrastructure.CorsService | CORS policy execution successful.
2026-03-15 20:40:47.376 [INF] Microsoft.AspNetCore.Cors.Infrastructure.CorsService | CORS policy execution successful.
2026-03-15 20:40:47.376 [INF] Microsoft.AspNetCore.Routing.EndpointMiddleware | Executing endpoint 'backend.Controllers.ModulesController.Get (backend)'
2026-03-15 20:40:47.376 [INF] Microsoft.AspNetCore.Routing.EndpointMiddleware | Executing endpoint 'backend.Controllers.ModulesController.Get (backend)'
2026-03-15 20:40:47.376 [INF] Microsoft.AspNetCore.Routing.EndpointMiddleware | Executing endpoint 'backend.Controllers.ModulesController.Get (backend)'
2026-03-15 20:40:47.376 [INF] Microsoft.AspNetCore.Mvc.Infrastructure.ControllerActionInvoker | Route matched with {action = "Get", controller = "Modules"}. Executing controller action with signature System.Threading.Tasks.Task`1[Microsoft.AspNetCore.Mvc.IActionResult] Get(System.Nullable`1[System.Int32]) on controller backend.Controllers.ModulesController (backend).
2026-03-15 20:40:47.376 [INF] Microsoft.AspNetCore.Mvc.Infrastructure.ControllerActionInvoker | Route matched with {action = "Get", controller = "Modules"}. Executing controller action with signature System.Threading.Tasks.Task`1[Microsoft.AspNetCore.Mvc.IActionResult] Get(System.Nullable`1[System.Int32]) on controller backend.Controllers.ModulesController (backend).
2026-03-15 20:40:47.376 [INF] Microsoft.AspNetCore.Mvc.Infrastructure.ControllerActionInvoker | Route matched with {action = "Get", controller = "Modules"}. Executing controller action with signature System.Threading.Tasks.Task`1[Microsoft.AspNetCore.Mvc.IActionResult] Get(System.Nullable`1[System.Int32]) on controller backend.Controllers.ModulesController (backend).
2026-03-15 20:40:47.377 [INF] Microsoft.AspNetCore.Hosting.Diagnostics | Request starting HTTP/1.1 GET http://localhost:5217/api/Modules?organizationId=9 - null null
2026-03-15 20:40:47.377 [INF] Microsoft.AspNetCore.Cors.Infrastructure.CorsService | CORS policy execution successful.
2026-03-15 20:40:47.377 [INF] Microsoft.AspNetCore.Routing.EndpointMiddleware | Executing endpoint 'backend.Controllers.ModulesController.Get (backend)'
2026-03-15 20:40:47.377 [INF] Microsoft.AspNetCore.Mvc.Infrastructure.ControllerActionInvoker | Route matched with {action = "Get", controller = "Modules"}. Executing controller action with signature System.Threading.Tasks.Task`1[Microsoft.AspNetCore.Mvc.IActionResult] Get(System.Nullable`1[System.Int32]) on controller backend.Controllers.ModulesController (backend).
2026-03-15 20:40:47.635 [INF] Microsoft.AspNetCore.Mvc.Infrastructure.ObjectResultExecutor | Executing OkObjectResult, writing value of type 'System.Collections.Generic.List`1[[backend.Models.ModuleInfo, backend, Version=1.0.0.0, Culture=neutral, PublicKeyToken=null]]'.
2026-03-15 20:40:47.635 [INF] Microsoft.AspNetCore.Mvc.Infrastructure.ObjectResultExecutor | Executing OkObjectResult, writing value of type 'System.Collections.Generic.List`1[[backend.Models.ModuleInfo, backend, Version=1.0.0.0, Culture=neutral, PublicKeyToken=null]]'.
2026-03-15 20:40:47.635 [INF] Microsoft.AspNetCore.Mvc.Infrastructure.ControllerActionInvoker | Executed action backend.Controllers.ModulesController.Get (backend) in 258.5219ms
2026-03-15 20:40:47.635 [INF] Microsoft.AspNetCore.Mvc.Infrastructure.ControllerActionInvoker | Executed action backend.Controllers.ModulesController.Get (backend) in 259.1261ms
2026-03-15 20:40:47.636 [INF] Microsoft.AspNetCore.Routing.EndpointMiddleware | Executed endpoint 'backend.Controllers.ModulesController.Get (backend)'
2026-03-15 20:40:47.636 [INF] Microsoft.AspNetCore.Routing.EndpointMiddleware | Executed endpoint 'backend.Controllers.ModulesController.Get (backend)'
2026-03-15 20:40:47.636 [INF] Serilog.AspNetCore.RequestLoggingMiddleware | HTTP GET /api/Modules → 200 (258.7ms)
2026-03-15 20:40:47.636 [INF] Serilog.AspNetCore.RequestLoggingMiddleware | HTTP GET /api/Modules → 200 (259.4ms)
2026-03-15 20:40:47.636 [INF] Microsoft.AspNetCore.Hosting.Diagnostics | Request finished HTTP/1.1 GET http://localhost:5217/api/Modules?organizationId=9 - 200 null application/json; charset=utf-8 258.9382ms
2026-03-15 20:40:47.636 [INF] Microsoft.AspNetCore.Hosting.Diagnostics | Request finished HTTP/1.1 GET http://localhost:5217/api/Modules?organizationId=2 - 200 null application/json; charset=utf-8 259.8461ms
2026-03-15 20:40:47.636 [INF] Microsoft.AspNetCore.Mvc.Infrastructure.ObjectResultExecutor | Executing OkObjectResult, writing value of type 'System.Collections.Generic.List`1[[backend.Models.ModuleInfo, backend, Version=1.0.0.0, Culture=neutral, PublicKeyToken=null]]'.
2026-03-15 20:40:47.636 [INF] Microsoft.AspNetCore.Mvc.Infrastructure.ObjectResultExecutor | Executing OkObjectResult, writing value of type 'System.Collections.Generic.List`1[[backend.Models.ModuleInfo, backend, Version=1.0.0.0, Culture=neutral, PublicKeyToken=null]]'.
2026-03-15 20:40:47.636 [INF] Microsoft.AspNetCore.Mvc.Infrastructure.ObjectResultExecutor | Executing OkObjectResult, writing value of type 'System.Collections.Generic.List`1[[backend.Models.ModuleInfo, backend, Version=1.0.0.0, Culture=neutral, PublicKeyToken=null]]'.
2026-03-15 20:40:47.636 [INF] Microsoft.AspNetCore.Mvc.Infrastructure.ControllerActionInvoker | Executed action backend.Controllers.ModulesController.Get (backend) in 259.6253ms
2026-03-15 20:40:47.636 [INF] Microsoft.AspNetCore.Mvc.Infrastructure.ControllerActionInvoker | Executed action backend.Controllers.ModulesController.Get (backend) in 259.6512ms
2026-03-15 20:40:47.636 [INF] Microsoft.AspNetCore.Mvc.Infrastructure.ControllerActionInvoker | Executed action backend.Controllers.ModulesController.Get (backend) in 272.7412ms
2026-03-15 20:40:47.636 [INF] Microsoft.AspNetCore.Routing.EndpointMiddleware | Executed endpoint 'backend.Controllers.ModulesController.Get (backend)'
2026-03-15 20:40:47.636 [INF] Microsoft.AspNetCore.Routing.EndpointMiddleware | Executed endpoint 'backend.Controllers.ModulesController.Get (backend)'
2026-03-15 20:40:47.636 [INF] Serilog.AspNetCore.RequestLoggingMiddleware | HTTP GET /api/Modules → 200 (259.8ms)
2026-03-15 20:40:47.636 [INF] Serilog.AspNetCore.RequestLoggingMiddleware | HTTP GET /api/Modules → 200 (273.0ms)
2026-03-15 20:40:47.636 [INF] Microsoft.AspNetCore.Hosting.Diagnostics | Request finished HTTP/1.1 GET http://localhost:5217/api/Modules?organizationId=8 - 200 null application/json; charset=utf-8 260.1196ms
2026-03-15 20:40:47.636 [INF] Microsoft.AspNetCore.Routing.EndpointMiddleware | Executed endpoint 'backend.Controllers.ModulesController.Get (backend)'
2026-03-15 20:40:47.636 [INF] Microsoft.AspNetCore.Hosting.Diagnostics | Request finished HTTP/1.1 GET http://localhost:5217/api/Modules?organizationId=3 - 200 null application/json; charset=utf-8 273.6283ms
2026-03-15 20:40:47.636 [INF] Serilog.AspNetCore.RequestLoggingMiddleware | HTTP GET /api/Modules → 200 (260.1ms)
2026-03-15 20:40:47.636 [INF] Microsoft.AspNetCore.Hosting.Diagnostics | Request finished HTTP/1.1 GET http://localhost:5217/api/Modules?organizationId=1 - 200 null application/json; charset=utf-8 260.4092ms
2026-03-15 20:40:47.639 [INF] Microsoft.AspNetCore.Hosting.Diagnostics | Request starting HTTP/1.1 GET http://localhost:5217/api/Modules?organizationId=3 - null null
2026-03-15 20:40:47.639 [INF] Microsoft.AspNetCore.Cors.Infrastructure.CorsService | CORS policy execution successful.
2026-03-15 20:40:47.639 [INF] Microsoft.AspNetCore.Routing.EndpointMiddleware | Executing endpoint 'backend.Controllers.ModulesController.Get (backend)'
2026-03-15 20:40:47.639 [INF] Microsoft.AspNetCore.Mvc.Infrastructure.ControllerActionInvoker | Route matched with {action = "Get", controller = "Modules"}. Executing controller action with signature System.Threading.Tasks.Task`1[Microsoft.AspNetCore.Mvc.IActionResult] Get(System.Nullable`1[System.Int32]) on controller backend.Controllers.ModulesController (backend).
2026-03-15 20:40:47.641 [INF] Microsoft.AspNetCore.Hosting.Diagnostics | Request starting HTTP/1.1 GET http://localhost:5217/api/Modules?organizationId=2 - null null
2026-03-15 20:40:47.641 [INF] Microsoft.AspNetCore.Hosting.Diagnostics | Request starting HTTP/1.1 GET http://localhost:5217/api/Modules?organizationId=8 - null null
2026-03-15 20:40:47.641 [INF] Microsoft.AspNetCore.Cors.Infrastructure.CorsService | CORS policy execution successful.
2026-03-15 20:40:47.641 [INF] Microsoft.AspNetCore.Cors.Infrastructure.CorsService | CORS policy execution successful.
2026-03-15 20:40:47.642 [INF] Microsoft.AspNetCore.Routing.EndpointMiddleware | Executing endpoint 'backend.Controllers.ModulesController.Get (backend)'
2026-03-15 20:40:47.642 [INF] Microsoft.AspNetCore.Routing.EndpointMiddleware | Executing endpoint 'backend.Controllers.ModulesController.Get (backend)'
2026-03-15 20:40:47.642 [INF] Microsoft.AspNetCore.Mvc.Infrastructure.ControllerActionInvoker | Route matched with {action = "Get", controller = "Modules"}. Executing controller action with signature System.Threading.Tasks.Task`1[Microsoft.AspNetCore.Mvc.IActionResult] Get(System.Nullable`1[System.Int32]) on controller backend.Controllers.ModulesController (backend).
2026-03-15 20:40:47.642 [INF] Microsoft.AspNetCore.Mvc.Infrastructure.ControllerActionInvoker | Route matched with {action = "Get", controller = "Modules"}. Executing controller action with signature System.Threading.Tasks.Task`1[Microsoft.AspNetCore.Mvc.IActionResult] Get(System.Nullable`1[System.Int32]) on controller backend.Controllers.ModulesController (backend).
2026-03-15 20:40:47.642 [INF] Microsoft.AspNetCore.Hosting.Diagnostics | Request starting HTTP/1.1 GET http://localhost:5217/api/Modules?organizationId=1 - null null
2026-03-15 20:40:47.642 [INF] Microsoft.AspNetCore.Cors.Infrastructure.CorsService | CORS policy execution successful.
2026-03-15 20:40:47.642 [INF] Microsoft.AspNetCore.Hosting.Diagnostics | Request starting HTTP/1.1 GET http://localhost:5217/api/Modules?organizationId=9 - null null
2026-03-15 20:40:47.642 [INF] Microsoft.AspNetCore.Cors.Infrastructure.CorsService | CORS policy execution successful.
2026-03-15 20:40:47.642 [INF] Microsoft.AspNetCore.Routing.EndpointMiddleware | Executing endpoint 'backend.Controllers.ModulesController.Get (backend)'
2026-03-15 20:40:47.642 [INF] Microsoft.AspNetCore.Routing.EndpointMiddleware | Executing endpoint 'backend.Controllers.ModulesController.Get (backend)'
2026-03-15 20:40:47.642 [INF] Microsoft.AspNetCore.Mvc.Infrastructure.ControllerActionInvoker | Route matched with {action = "Get", controller = "Modules"}. Executing controller action with signature System.Threading.Tasks.Task`1[Microsoft.AspNetCore.Mvc.IActionResult] Get(System.Nullable`1[System.Int32]) on controller backend.Controllers.ModulesController (backend).
2026-03-15 20:40:47.642 [INF] Microsoft.AspNetCore.Mvc.Infrastructure.ControllerActionInvoker | Route matched with {action = "Get", controller = "Modules"}. Executing controller action with signature System.Threading.Tasks.Task`1[Microsoft.AspNetCore.Mvc.IActionResult] Get(System.Nullable`1[System.Int32]) on controller backend.Controllers.ModulesController (backend).
2026-03-15 20:40:47.840 [INF] Microsoft.AspNetCore.Mvc.Infrastructure.ObjectResultExecutor | Executing OkObjectResult, writing value of type 'System.Collections.Generic.List`1[[backend.Models.ModuleInfo, backend, Version=1.0.0.0, Culture=neutral, PublicKeyToken=null]]'.
2026-03-15 20:40:47.840 [INF] Microsoft.AspNetCore.Mvc.Infrastructure.ObjectResultExecutor | Executing OkObjectResult, writing value of type 'System.Collections.Generic.List`1[[backend.Models.ModuleInfo, backend, Version=1.0.0.0, Culture=neutral, PublicKeyToken=null]]'.
2026-03-15 20:40:47.840 [INF] Microsoft.AspNetCore.Mvc.Infrastructure.ControllerActionInvoker | Executed action backend.Controllers.ModulesController.Get (backend) in 197.9616ms
2026-03-15 20:40:47.840 [INF] Microsoft.AspNetCore.Mvc.Infrastructure.ControllerActionInvoker | Executed action backend.Controllers.ModulesController.Get (backend) in 197.9732ms
2026-03-15 20:40:47.840 [INF] Microsoft.AspNetCore.Routing.EndpointMiddleware | Executed endpoint 'backend.Controllers.ModulesController.Get (backend)'
2026-03-15 20:40:47.840 [INF] Microsoft.AspNetCore.Routing.EndpointMiddleware | Executed endpoint 'backend.Controllers.ModulesController.Get (backend)'
2026-03-15 20:40:47.840 [INF] Serilog.AspNetCore.RequestLoggingMiddleware | HTTP GET /api/Modules → 200 (198.1ms)
2026-03-15 20:40:47.840 [INF] Serilog.AspNetCore.RequestLoggingMiddleware | HTTP GET /api/Modules → 200 (198.1ms)
2026-03-15 20:40:47.841 [INF] Microsoft.AspNetCore.Hosting.Diagnostics | Request finished HTTP/1.1 GET http://localhost:5217/api/Modules?organizationId=9 - 200 null application/json; charset=utf-8 198.2843ms
2026-03-15 20:40:47.841 [INF] Microsoft.AspNetCore.Hosting.Diagnostics | Request finished HTTP/1.1 GET http://localhost:5217/api/Modules?organizationId=1 - 200 null application/json; charset=utf-8 198.4319ms
2026-03-15 20:40:47.841 [INF] Microsoft.AspNetCore.Mvc.Infrastructure.ObjectResultExecutor | Executing OkObjectResult, writing value of type 'System.Collections.Generic.List`1[[backend.Models.ModuleInfo, backend, Version=1.0.0.0, Culture=neutral, PublicKeyToken=null]]'.
2026-03-15 20:40:47.841 [INF] Microsoft.AspNetCore.Mvc.Infrastructure.ControllerActionInvoker | Executed action backend.Controllers.ModulesController.Get (backend) in 198.9948ms
2026-03-15 20:40:47.841 [INF] Microsoft.AspNetCore.Routing.EndpointMiddleware | Executed endpoint 'backend.Controllers.ModulesController.Get (backend)'
2026-03-15 20:40:47.841 [INF] Serilog.AspNetCore.RequestLoggingMiddleware | HTTP GET /api/Modules → 200 (199.1ms)
2026-03-15 20:40:47.841 [INF] Microsoft.AspNetCore.Mvc.Infrastructure.ObjectResultExecutor | Executing OkObjectResult, writing value of type 'System.Collections.Generic.List`1[[backend.Models.ModuleInfo, backend, Version=1.0.0.0, Culture=neutral, PublicKeyToken=null]]'.
2026-03-15 20:40:47.841 [INF] Microsoft.AspNetCore.Hosting.Diagnostics | Request finished HTTP/1.1 GET http://localhost:5217/api/Modules?organizationId=8 - 200 null application/json; charset=utf-8 199.4841ms
2026-03-15 20:40:47.841 [INF] Microsoft.AspNetCore.Mvc.Infrastructure.ControllerActionInvoker | Executed action backend.Controllers.ModulesController.Get (backend) in 199.1135ms
2026-03-15 20:40:47.841 [INF] Microsoft.AspNetCore.Routing.EndpointMiddleware | Executed endpoint 'backend.Controllers.ModulesController.Get (backend)'
2026-03-15 20:40:47.841 [INF] Serilog.AspNetCore.RequestLoggingMiddleware | HTTP GET /api/Modules → 200 (199.3ms)
2026-03-15 20:40:47.841 [INF] Microsoft.AspNetCore.Hosting.Diagnostics | Request finished HTTP/1.1 GET http://localhost:5217/api/Modules?organizationId=2 - 200 null application/json; charset=utf-8 199.6303ms
2026-03-15 20:40:47.857 [INF] Microsoft.AspNetCore.Mvc.Infrastructure.ObjectResultExecutor | Executing OkObjectResult, writing value of type 'System.Collections.Generic.List`1[[backend.Models.ModuleInfo, backend, Version=1.0.0.0, Culture=neutral, PublicKeyToken=null]]'.
2026-03-15 20:40:47.857 [INF] Microsoft.AspNetCore.Mvc.Infrastructure.ControllerActionInvoker | Executed action backend.Controllers.ModulesController.Get (backend) in 217.6159ms
2026-03-15 20:40:47.857 [INF] Microsoft.AspNetCore.Routing.EndpointMiddleware | Executed endpoint 'backend.Controllers.ModulesController.Get (backend)'
2026-03-15 20:40:47.857 [INF] Serilog.AspNetCore.RequestLoggingMiddleware | HTTP GET /api/Modules → 200 (217.9ms)
2026-03-15 20:40:47.857 [INF] Microsoft.AspNetCore.Hosting.Diagnostics | Request finished HTTP/1.1 GET http://localhost:5217/api/Modules?organizationId=3 - 200 null application/json; charset=utf-8 218.3245ms
2026-03-15 20:40:47.858 [INF] Microsoft.AspNetCore.Hosting.Diagnostics | Request starting HTTP/1.1 GET http://localhost:5217/api/Modules?organizationId=3 - null null
2026-03-15 20:40:47.859 [INF] Microsoft.AspNetCore.Cors.Infrastructure.CorsService | CORS policy execution successful.
2026-03-15 20:40:47.859 [INF] Microsoft.AspNetCore.Routing.EndpointMiddleware | Executing endpoint 'backend.Controllers.ModulesController.Get (backend)'
2026-03-15 20:40:47.859 [INF] Microsoft.AspNetCore.Mvc.Infrastructure.ControllerActionInvoker | Route matched with {action = "Get", controller = "Modules"}. Executing controller action with signature System.Threading.Tasks.Task`1[Microsoft.AspNetCore.Mvc.IActionResult] Get(System.Nullable`1[System.Int32]) on controller backend.Controllers.ModulesController (backend).
2026-03-15 20:40:47.861 [INF] Microsoft.AspNetCore.Hosting.Diagnostics | Request starting HTTP/1.1 GET http://localhost:5217/api/Modules?organizationId=2 - null null
2026-03-15 20:40:47.861 [INF] Microsoft.AspNetCore.Hosting.Diagnostics | Request starting HTTP/1.1 GET http://localhost:5217/api/Modules?organizationId=8 - null null
2026-03-15 20:40:47.861 [INF] Microsoft.AspNetCore.Cors.Infrastructure.CorsService | CORS policy execution successful.
2026-03-15 20:40:47.861 [INF] Microsoft.AspNetCore.Cors.Infrastructure.CorsService | CORS policy execution successful.
2026-03-15 20:40:47.861 [INF] Microsoft.AspNetCore.Hosting.Diagnostics | Request starting HTTP/1.1 GET http://localhost:5217/api/Modules?organizationId=1 - null null
2026-03-15 20:40:47.861 [INF] Microsoft.AspNetCore.Hosting.Diagnostics | Request starting HTTP/1.1 GET http://localhost:5217/api/Modules?organizationId=9 - null null
2026-03-15 20:40:47.861 [INF] Microsoft.AspNetCore.Cors.Infrastructure.CorsService | CORS policy execution successful.
2026-03-15 20:40:47.861 [INF] Microsoft.AspNetCore.Cors.Infrastructure.CorsService | CORS policy execution successful.
2026-03-15 20:40:47.861 [INF] Microsoft.AspNetCore.Routing.EndpointMiddleware | Executing endpoint 'backend.Controllers.ModulesController.Get (backend)'
2026-03-15 20:40:47.861 [INF] Microsoft.AspNetCore.Routing.EndpointMiddleware | Executing endpoint 'backend.Controllers.ModulesController.Get (backend)'
2026-03-15 20:40:47.861 [INF] Microsoft.AspNetCore.Routing.EndpointMiddleware | Executing endpoint 'backend.Controllers.ModulesController.Get (backend)'
2026-03-15 20:40:47.862 [INF] Microsoft.AspNetCore.Mvc.Infrastructure.ControllerActionInvoker | Route matched with {action = "Get", controller = "Modules"}. Executing controller action with signature System.Threading.Tasks.Task`1[Microsoft.AspNetCore.Mvc.IActionResult] Get(System.Nullable`1[System.Int32]) on controller backend.Controllers.ModulesController (backend).
2026-03-15 20:40:47.862 [INF] Microsoft.AspNetCore.Mvc.Infrastructure.ControllerActionInvoker | Route matched with {action = "Get", controller = "Modules"}. Executing controller action with signature System.Threading.Tasks.Task`1[Microsoft.AspNetCore.Mvc.IActionResult] Get(System.Nullable`1[System.Int32]) on controller backend.Controllers.ModulesController (backend).
2026-03-15 20:40:47.862 [INF] Microsoft.AspNetCore.Routing.EndpointMiddleware | Executing endpoint 'backend.Controllers.ModulesController.Get (backend)'
2026-03-15 20:40:47.862 [INF] Microsoft.AspNetCore.Mvc.Infrastructure.ControllerActionInvoker | Route matched with {action = "Get", controller = "Modules"}. Executing controller action with signature System.Threading.Tasks.Task`1[Microsoft.AspNetCore.Mvc.IActionResult] Get(System.Nullable`1[System.Int32]) on controller backend.Controllers.ModulesController (backend).
2026-03-15 20:40:47.862 [INF] Microsoft.AspNetCore.Mvc.Infrastructure.ControllerActionInvoker | Route matched with {action = "Get", controller = "Modules"}. Executing controller action with signature System.Threading.Tasks.Task`1[Microsoft.AspNetCore.Mvc.IActionResult] Get(System.Nullable`1[System.Int32]) on controller backend.Controllers.ModulesController (backend).
2026-03-15 20:40:48.148 [INF] Microsoft.AspNetCore.Mvc.Infrastructure.ObjectResultExecutor | Executing OkObjectResult, writing value of type 'System.Collections.Generic.List`1[[backend.Models.ModuleInfo, backend, Version=1.0.0.0, Culture=neutral, PublicKeyToken=null]]'.
2026-03-15 20:40:48.148 [INF] Microsoft.AspNetCore.Mvc.Infrastructure.ObjectResultExecutor | Executing OkObjectResult, writing value of type 'System.Collections.Generic.List`1[[backend.Models.ModuleInfo, backend, Version=1.0.0.0, Culture=neutral, PublicKeyToken=null]]'.
2026-03-15 20:40:48.148 [INF] Microsoft.AspNetCore.Mvc.Infrastructure.ObjectResultExecutor | Executing OkObjectResult, writing value of type 'System.Collections.Generic.List`1[[backend.Models.ModuleInfo, backend, Version=1.0.0.0, Culture=neutral, PublicKeyToken=null]]'.
2026-03-15 20:40:48.148 [INF] Microsoft.AspNetCore.Mvc.Infrastructure.ObjectResultExecutor | Executing OkObjectResult, writing value of type 'System.Collections.Generic.List`1[[backend.Models.ModuleInfo, backend, Version=1.0.0.0, Culture=neutral, PublicKeyToken=null]]'.
2026-03-15 20:40:48.148 [INF] Microsoft.AspNetCore.Mvc.Infrastructure.ControllerActionInvoker | Executed action backend.Controllers.ModulesController.Get (backend) in 286.2273ms
2026-03-15 20:40:48.148 [INF] Microsoft.AspNetCore.Mvc.Infrastructure.ControllerActionInvoker | Executed action backend.Controllers.ModulesController.Get (backend) in 286.1392ms
2026-03-15 20:40:48.148 [INF] Microsoft.AspNetCore.Routing.EndpointMiddleware | Executed endpoint 'backend.Controllers.ModulesController.Get (backend)'
2026-03-15 20:40:48.148 [INF] Microsoft.AspNetCore.Mvc.Infrastructure.ControllerActionInvoker | Executed action backend.Controllers.ModulesController.Get (backend) in 288.8324ms
2026-03-15 20:40:48.148 [INF] Serilog.AspNetCore.RequestLoggingMiddleware | HTTP GET /api/Modules → 200 (286.5ms)
2026-03-15 20:40:48.148 [INF] Microsoft.AspNetCore.Mvc.Infrastructure.ControllerActionInvoker | Executed action backend.Controllers.ModulesController.Get (backend) in 286.2955ms
2026-03-15 20:40:48.148 [INF] Microsoft.AspNetCore.Routing.EndpointMiddleware | Executed endpoint 'backend.Controllers.ModulesController.Get (backend)'
2026-03-15 20:40:48.148 [INF] Microsoft.AspNetCore.Routing.EndpointMiddleware | Executed endpoint 'backend.Controllers.ModulesController.Get (backend)'
2026-03-15 20:40:48.148 [INF] Serilog.AspNetCore.RequestLoggingMiddleware | HTTP GET /api/Modules → 200 (286.6ms)
2026-03-15 20:40:48.148 [INF] Microsoft.AspNetCore.Routing.EndpointMiddleware | Executed endpoint 'backend.Controllers.ModulesController.Get (backend)'
2026-03-15 20:40:48.148 [INF] Microsoft.AspNetCore.Hosting.Diagnostics | Request finished HTTP/1.1 GET http://localhost:5217/api/Modules?organizationId=9 - 200 null application/json; charset=utf-8 286.882ms
2026-03-15 20:40:48.148 [INF] Serilog.AspNetCore.RequestLoggingMiddleware | HTTP GET /api/Modules → 200 (289.4ms)
2026-03-15 20:40:48.148 [INF] Microsoft.AspNetCore.Mvc.Infrastructure.ObjectResultExecutor | Executing OkObjectResult, writing value of type 'System.Collections.Generic.List`1[[backend.Models.ModuleInfo, backend, Version=1.0.0.0, Culture=neutral, PublicKeyToken=null]]'.
2026-03-15 20:40:48.148 [INF] Microsoft.AspNetCore.Hosting.Diagnostics | Request finished HTTP/1.1 GET http://localhost:5217/api/Modules?organizationId=3 - 200 null application/json; charset=utf-8 289.811ms
2026-03-15 20:40:48.148 [INF] Microsoft.AspNetCore.Hosting.Diagnostics | Request finished HTTP/1.1 GET http://localhost:5217/api/Modules?organizationId=1 - 200 null application/json; charset=utf-8 286.7982ms
2026-03-15 20:40:48.148 [INF] Serilog.AspNetCore.RequestLoggingMiddleware | HTTP GET /api/Modules → 200 (286.7ms)
2026-03-15 20:40:48.148 [INF] Microsoft.AspNetCore.Mvc.Infrastructure.ControllerActionInvoker | Executed action backend.Controllers.ModulesController.Get (backend) in 286.7444ms
2026-03-15 20:40:48.148 [INF] Microsoft.AspNetCore.Routing.EndpointMiddleware | Executed endpoint 'backend.Controllers.ModulesController.Get (backend)'
2026-03-15 20:40:48.148 [INF] Microsoft.AspNetCore.Hosting.Diagnostics | Request finished HTTP/1.1 GET http://localhost:5217/api/Modules?organizationId=2 - 200 null application/json; charset=utf-8 287.3837ms
2026-03-15 20:40:48.148 [INF] Serilog.AspNetCore.RequestLoggingMiddleware | HTTP GET /api/Modules → 200 (287.0ms)
2026-03-15 20:40:48.148 [INF] Microsoft.AspNetCore.Hosting.Diagnostics | Request finished HTTP/1.1 GET http://localhost:5217/api/Modules?organizationId=8 - 200 null application/json; charset=utf-8 287.5082ms
2026-03-15 20:40:48.150 [INF] Microsoft.AspNetCore.Hosting.Diagnostics | Request starting HTTP/1.1 GET http://localhost:5217/api/Modules?organizationId=3 - null null
2026-03-15 20:40:48.150 [INF] Microsoft.AspNetCore.Cors.Infrastructure.CorsService | CORS policy execution successful.
2026-03-15 20:40:48.151 [INF] Microsoft.AspNetCore.Routing.EndpointMiddleware | Executing endpoint 'backend.Controllers.ModulesController.Get (backend)'
2026-03-15 20:40:48.151 [INF] Microsoft.AspNetCore.Mvc.Infrastructure.ControllerActionInvoker | Route matched with {action = "Get", controller = "Modules"}. Executing controller action with signature System.Threading.Tasks.Task`1[Microsoft.AspNetCore.Mvc.IActionResult] Get(System.Nullable`1[System.Int32]) on controller backend.Controllers.ModulesController (backend).
2026-03-15 20:40:48.360 [INF] Microsoft.AspNetCore.Mvc.Infrastructure.ObjectResultExecutor | Executing OkObjectResult, writing value of type 'System.Collections.Generic.List`1[[backend.Models.ModuleInfo, backend, Version=1.0.0.0, Culture=neutral, PublicKeyToken=null]]'.
2026-03-15 20:40:48.360 [INF] Microsoft.AspNetCore.Mvc.Infrastructure.ControllerActionInvoker | Executed action backend.Controllers.ModulesController.Get (backend) in 209.2443ms
2026-03-15 20:40:48.360 [INF] Microsoft.AspNetCore.Routing.EndpointMiddleware | Executed endpoint 'backend.Controllers.ModulesController.Get (backend)'
2026-03-15 20:40:48.360 [INF] Serilog.AspNetCore.RequestLoggingMiddleware | HTTP GET /api/Modules → 200 (209.5ms)
2026-03-15 20:40:48.360 [INF] Microsoft.AspNetCore.Hosting.Diagnostics | Request finished HTTP/1.1 GET http://localhost:5217/api/Modules?organizationId=3 - 200 null application/json; charset=utf-8 209.9378ms
2026-03-15 20:41:11.763 [INF] Microsoft.AspNetCore.Hosting.Diagnostics | Request starting HTTP/1.1 OPTIONS http://localhost:5217/api/auth/login - null null
2026-03-15 20:41:11.764 [INF] Microsoft.AspNetCore.Cors.Infrastructure.CorsService | CORS policy execution successful.
2026-03-15 20:41:11.764 [INF] Microsoft.AspNetCore.Hosting.Diagnostics | Request finished HTTP/1.1 OPTIONS http://localhost:5217/api/auth/login - 204 null null 0.3747ms
2026-03-15 20:41:11.765 [INF] Microsoft.AspNetCore.Hosting.Diagnostics | Request starting HTTP/1.1 POST http://localhost:5217/api/auth/login - application/json 62
2026-03-15 20:41:11.765 [INF] Microsoft.AspNetCore.Cors.Infrastructure.CorsService | CORS policy execution successful.
2026-03-15 20:41:11.765 [INF] Microsoft.AspNetCore.Routing.EndpointMiddleware | Executing endpoint 'backend.Controllers.AuthController.Login (backend)'
2026-03-15 20:41:11.765 [INF] Microsoft.AspNetCore.Mvc.Infrastructure.ControllerActionInvoker | Route matched with {action = "Login", controller = "Auth"}. Executing controller action with signature System.Threading.Tasks.Task`1[Microsoft.AspNetCore.Mvc.IActionResult] Login(backend.Models.LoginRequest) on controller backend.Controllers.AuthController (backend).
2026-03-15 20:41:11.766 [INF] backend.Controllers.AuthController | [Auth] Login attempt | Email=vasanth2004vk@gmail.com
2026-03-15 20:41:12.519 [INF] backend.Controllers.AuthController | [Auth] User login session recorded | UserId=18 | TokenExpiry="2026-03-16T15:11:12.2393072Z"
2026-03-15 20:41:12.519 [INF] backend.Controllers.AuthController | [Auth] Login SUCCESS | Email=vasanth2004vk@gmail.com | EffectiveRole=SuperAdmin | OrgId=2
2026-03-15 20:41:12.519 [INF] Microsoft.AspNetCore.Mvc.Infrastructure.ObjectResultExecutor | Executing OkObjectResult, writing value of type '<>f__AnonymousType4`2[[System.String, System.Private.CoreLib, Version=10.0.0.0, Culture=neutral, PublicKeyToken=7cec85d7bea7798e],[<>f__AnonymousType5`6[[System.Int32, System.Private.CoreLib, Version=10.0.0.0, Culture=neutral, PublicKeyToken=7cec85d7bea7798e],[System.String, System.Private.CoreLib, Version=10.0.0.0, Culture=neutral, PublicKeyToken=7cec85d7bea7798e],[System.String, System.Private.CoreLib, Version=10.0.0.0, Culture=neutral, PublicKeyToken=7cec85d7bea7798e],[System.String, System.Private.CoreLib, Version=10.0.0.0, Culture=neutral, PublicKeyToken=7cec85d7bea7798e],[System.Nullable`1[[System.Int32, System.Private.CoreLib, Version=10.0.0.0, Culture=neutral, PublicKeyToken=7cec85d7bea7798e]], System.Private.CoreLib, Version=10.0.0.0, Culture=neutral, PublicKeyToken=7cec85d7bea7798e],[System.String, System.Private.CoreLib, Version=10.0.0.0, Culture=neutral, PublicKeyToken=7cec85d7bea7798e]], backend, Version=1.0.0.0, Culture=neutral, PublicKeyToken=null]]'.
2026-03-15 20:41:12.520 [INF] Microsoft.AspNetCore.Mvc.Infrastructure.ControllerActionInvoker | Executed action backend.Controllers.AuthController.Login (backend) in 754.3499ms
2026-03-15 20:41:12.520 [INF] Microsoft.AspNetCore.Routing.EndpointMiddleware | Executed endpoint 'backend.Controllers.AuthController.Login (backend)'
2026-03-15 20:41:12.520 [INF] Serilog.AspNetCore.RequestLoggingMiddleware | HTTP POST /api/auth/login → 200 (754.5ms)
2026-03-15 20:41:12.520 [INF] Microsoft.AspNetCore.Hosting.Diagnostics | Request finished HTTP/1.1 POST http://localhost:5217/api/auth/login - 200 null application/json; charset=utf-8 754.9504ms
2026-03-15 20:41:52.881 [INF] Microsoft.AspNetCore.Hosting.Diagnostics | Request starting HTTP/1.1 OPTIONS http://localhost:5217/api/auth/login - null null
2026-03-15 20:41:52.881 [INF] Microsoft.AspNetCore.Cors.Infrastructure.CorsService | CORS policy execution successful.
2026-03-15 20:41:52.881 [INF] Microsoft.AspNetCore.Hosting.Diagnostics | Request finished HTTP/1.1 OPTIONS http://localhost:5217/api/auth/login - 204 null null 0.3192ms
2026-03-15 20:41:52.882 [INF] Microsoft.AspNetCore.Hosting.Diagnostics | Request starting HTTP/1.1 POST http://localhost:5217/api/auth/login - application/json 62
2026-03-15 20:41:52.882 [INF] Microsoft.AspNetCore.Cors.Infrastructure.CorsService | CORS policy execution successful.
2026-03-15 20:41:52.882 [INF] Microsoft.AspNetCore.Routing.EndpointMiddleware | Executing endpoint 'backend.Controllers.AuthController.Login (backend)'
2026-03-15 20:41:52.882 [INF] Microsoft.AspNetCore.Mvc.Infrastructure.ControllerActionInvoker | Route matched with {action = "Login", controller = "Auth"}. Executing controller action with signature System.Threading.Tasks.Task`1[Microsoft.AspNetCore.Mvc.IActionResult] Login(backend.Models.LoginRequest) on controller backend.Controllers.AuthController (backend).
2026-03-15 20:41:52.883 [INF] backend.Controllers.AuthController | [Auth] Login attempt | Email=vasanth2004vk@gmail.com
2026-03-15 20:41:53.556 [INF] backend.Controllers.AuthController | [Auth] User login session recorded | UserId=18 | TokenExpiry="2026-03-16T15:11:53.3452490Z"
2026-03-15 20:41:53.556 [INF] backend.Controllers.AuthController | [Auth] Login SUCCESS | Email=vasanth2004vk@gmail.com | EffectiveRole=SuperAdmin | OrgId=2
2026-03-15 20:41:53.556 [INF] Microsoft.AspNetCore.Mvc.Infrastructure.ObjectResultExecutor | Executing OkObjectResult, writing value of type '<>f__AnonymousType4`2[[System.String, System.Private.CoreLib, Version=10.0.0.0, Culture=neutral, PublicKeyToken=7cec85d7bea7798e],[<>f__AnonymousType5`6[[System.Int32, System.Private.CoreLib, Version=10.0.0.0, Culture=neutral, PublicKeyToken=7cec85d7bea7798e],[System.String, System.Private.CoreLib, Version=10.0.0.0, Culture=neutral, PublicKeyToken=7cec85d7bea7798e],[System.String, System.Private.CoreLib, Version=10.0.0.0, Culture=neutral, PublicKeyToken=7cec85d7bea7798e],[System.String, System.Private.CoreLib, Version=10.0.0.0, Culture=neutral, PublicKeyToken=7cec85d7bea7798e],[System.Nullable`1[[System.Int32, System.Private.CoreLib, Version=10.0.0.0, Culture=neutral, PublicKeyToken=7cec85d7bea7798e]], System.Private.CoreLib, Version=10.0.0.0, Culture=neutral, PublicKeyToken=7cec85d7bea7798e],[System.String, System.Private.CoreLib, Version=10.0.0.0, Culture=neutral, PublicKeyToken=7cec85d7bea7798e]], backend, Version=1.0.0.0, Culture=neutral, PublicKeyToken=null]]'.
2026-03-15 20:41:53.556 [INF] Microsoft.AspNetCore.Mvc.Infrastructure.ControllerActionInvoker | Executed action backend.Controllers.AuthController.Login (backend) in 673.8526ms
2026-03-15 20:41:53.556 [INF] Microsoft.AspNetCore.Routing.EndpointMiddleware | Executed endpoint 'backend.Controllers.AuthController.Login (backend)'
2026-03-15 20:41:53.556 [INF] Serilog.AspNetCore.RequestLoggingMiddleware | HTTP POST /api/auth/login → 200 (674.1ms)
2026-03-15 20:41:53.556 [INF] Microsoft.AspNetCore.Hosting.Diagnostics | Request finished HTTP/1.1 POST http://localhost:5217/api/auth/login - 200 null application/json; charset=utf-8 674.403ms
2026-03-15 20:42:02.202 [INF] Microsoft.AspNetCore.Hosting.Diagnostics | Request starting HTTP/1.1 OPTIONS http://localhost:5217/api/auth/login - null null
2026-03-15 20:42:02.202 [INF] Microsoft.AspNetCore.Cors.Infrastructure.CorsService | CORS policy execution successful.
2026-03-15 20:42:02.202 [INF] Microsoft.AspNetCore.Hosting.Diagnostics | Request finished HTTP/1.1 OPTIONS http://localhost:5217/api/auth/login - 204 null null 0.183ms
2026-03-15 20:42:02.203 [INF] Microsoft.AspNetCore.Hosting.Diagnostics | Request starting HTTP/1.1 POST http://localhost:5217/api/auth/login - application/json 62
2026-03-15 20:42:02.203 [INF] Microsoft.AspNetCore.Cors.Infrastructure.CorsService | CORS policy execution successful.
2026-03-15 20:42:02.203 [INF] Microsoft.AspNetCore.Routing.EndpointMiddleware | Executing endpoint 'backend.Controllers.AuthController.Login (backend)'
2026-03-15 20:42:02.203 [INF] Microsoft.AspNetCore.Mvc.Infrastructure.ControllerActionInvoker | Route matched with {action = "Login", controller = "Auth"}. Executing controller action with signature System.Threading.Tasks.Task`1[Microsoft.AspNetCore.Mvc.IActionResult] Login(backend.Models.LoginRequest) on controller backend.Controllers.AuthController (backend).
2026-03-15 20:42:02.203 [INF] backend.Controllers.AuthController | [Auth] Login attempt | Email=vasanth2004vk@gmail.com
2026-03-15 20:42:02.848 [INF] backend.Controllers.AuthController | [Auth] User login session recorded | UserId=18 | TokenExpiry="2026-03-16T15:12:02.6288730Z"
2026-03-15 20:42:02.849 [INF] backend.Controllers.AuthController | [Auth] Login SUCCESS | Email=vasanth2004vk@gmail.com | EffectiveRole=SuperAdmin | OrgId=2
2026-03-15 20:42:02.849 [INF] Microsoft.AspNetCore.Mvc.Infrastructure.ObjectResultExecutor | Executing OkObjectResult, writing value of type '<>f__AnonymousType4`2[[System.String, System.Private.CoreLib, Version=10.0.0.0, Culture=neutral, PublicKeyToken=7cec85d7bea7798e],[<>f__AnonymousType5`6[[System.Int32, System.Private.CoreLib, Version=10.0.0.0, Culture=neutral, PublicKeyToken=7cec85d7bea7798e],[System.String, System.Private.CoreLib, Version=10.0.0.0, Culture=neutral, PublicKeyToken=7cec85d7bea7798e],[System.String, System.Private.CoreLib, Version=10.0.0.0, Culture=neutral, PublicKeyToken=7cec85d7bea7798e],[System.String, System.Private.CoreLib, Version=10.0.0.0, Culture=neutral, PublicKeyToken=7cec85d7bea7798e],[System.Nullable`1[[System.Int32, System.Private.CoreLib, Version=10.0.0.0, Culture=neutral, PublicKeyToken=7cec85d7bea7798e]], System.Private.CoreLib, Version=10.0.0.0, Culture=neutral, PublicKeyToken=7cec85d7bea7798e],[System.String, System.Private.CoreLib, Version=10.0.0.0, Culture=neutral, PublicKeyToken=7cec85d7bea7798e]], backend, Version=1.0.0.0, Culture=neutral, PublicKeyToken=null]]'.
2026-03-15 20:42:02.849 [INF] Microsoft.AspNetCore.Mvc.Infrastructure.ControllerActionInvoker | Executed action backend.Controllers.AuthController.Login (backend) in 645.7352ms
2026-03-15 20:42:02.849 [INF] Microsoft.AspNetCore.Routing.EndpointMiddleware | Executed endpoint 'backend.Controllers.AuthController.Login (backend)'
2026-03-15 20:42:02.849 [INF] Serilog.AspNetCore.RequestLoggingMiddleware | HTTP POST /api/auth/login → 200 (645.9ms)
2026-03-15 20:42:02.849 [INF] Microsoft.AspNetCore.Hosting.Diagnostics | Request finished HTTP/1.1 POST http://localhost:5217/api/auth/login - 200 null application/json; charset=utf-8 646.1253ms
2026-03-15 20:42:20.861 [INF] Microsoft.AspNetCore.Hosting.Diagnostics | Request starting HTTP/1.1 OPTIONS http://localhost:5217/api/auth/login - null null
2026-03-15 20:42:20.861 [INF] Microsoft.AspNetCore.Cors.Infrastructure.CorsService | CORS policy execution successful.
2026-03-15 20:42:20.861 [INF] Microsoft.AspNetCore.Hosting.Diagnostics | Request finished HTTP/1.1 OPTIONS http://localhost:5217/api/auth/login - 204 null null 0.401ms
2026-03-15 20:42:20.862 [INF] Microsoft.AspNetCore.Hosting.Diagnostics | Request starting HTTP/1.1 POST http://localhost:5217/api/auth/login - application/json 62
2026-03-15 20:42:20.862 [INF] Microsoft.AspNetCore.Cors.Infrastructure.CorsService | CORS policy execution successful.
2026-03-15 20:42:20.863 [INF] Microsoft.AspNetCore.Routing.EndpointMiddleware | Executing endpoint 'backend.Controllers.AuthController.Login (backend)'
2026-03-15 20:42:20.863 [INF] Microsoft.AspNetCore.Mvc.Infrastructure.ControllerActionInvoker | Route matched with {action = "Login", controller = "Auth"}. Executing controller action with signature System.Threading.Tasks.Task`1[Microsoft.AspNetCore.Mvc.IActionResult] Login(backend.Models.LoginRequest) on controller backend.Controllers.AuthController (backend).
2026-03-15 20:42:20.863 [INF] backend.Controllers.AuthController | [Auth] Login attempt | Email=vasanth2004vk@gmail.com
2026-03-15 20:42:21.638 [INF] backend.Controllers.AuthController | [Auth] User login session recorded | UserId=18 | TokenExpiry="2026-03-16T15:12:21.3555087Z"
2026-03-15 20:42:21.638 [INF] backend.Controllers.AuthController | [Auth] Login SUCCESS | Email=vasanth2004vk@gmail.com | EffectiveRole=SuperAdmin | OrgId=2
2026-03-15 20:42:21.638 [INF] Microsoft.AspNetCore.Mvc.Infrastructure.ObjectResultExecutor | Executing OkObjectResult, writing value of type '<>f__AnonymousType4`2[[System.String, System.Private.CoreLib, Version=10.0.0.0, Culture=neutral, PublicKeyToken=7cec85d7bea7798e],[<>f__AnonymousType5`6[[System.Int32, System.Private.CoreLib, Version=10.0.0.0, Culture=neutral, PublicKeyToken=7cec85d7bea7798e],[System.String, System.Private.CoreLib, Version=10.0.0.0, Culture=neutral, PublicKeyToken=7cec85d7bea7798e],[System.String, System.Private.CoreLib, Version=10.0.0.0, Culture=neutral, PublicKeyToken=7cec85d7bea7798e],[System.String, System.Private.CoreLib, Version=10.0.0.0, Culture=neutral, PublicKeyToken=7cec85d7bea7798e],[System.Nullable`1[[System.Int32, System.Private.CoreLib, Version=10.0.0.0, Culture=neutral, PublicKeyToken=7cec85d7bea7798e]], System.Private.CoreLib, Version=10.0.0.0, Culture=neutral, PublicKeyToken=7cec85d7bea7798e],[System.String, System.Private.CoreLib, Version=10.0.0.0, Culture=neutral, PublicKeyToken=7cec85d7bea7798e]], backend, Version=1.0.0.0, Culture=neutral, PublicKeyToken=null]]'.
2026-03-15 20:42:21.638 [INF] Microsoft.AspNetCore.Mvc.Infrastructure.ControllerActionInvoker | Executed action backend.Controllers.AuthController.Login (backend) in 775.6472ms
2026-03-15 20:42:21.638 [INF] Microsoft.AspNetCore.Routing.EndpointMiddleware | Executed endpoint 'backend.Controllers.AuthController.Login (backend)'
2026-03-15 20:42:21.638 [INF] Serilog.AspNetCore.RequestLoggingMiddleware | HTTP POST /api/auth/login → 200 (775.8ms)
2026-03-15 20:42:21.638 [INF] Microsoft.AspNetCore.Hosting.Diagnostics | Request finished HTTP/1.1 POST http://localhost:5217/api/auth/login - 200 null application/json; charset=utf-8 776.0747ms
2026-03-15 20:42:24.427 [INF] Microsoft.AspNetCore.Hosting.Diagnostics | Request starting HTTP/1.1 POST http://localhost:5217/api/auth/login - application/json 62
2026-03-15 20:42:24.427 [INF] Microsoft.AspNetCore.Cors.Infrastructure.CorsService | CORS policy execution successful.
2026-03-15 20:42:24.427 [INF] Microsoft.AspNetCore.Routing.EndpointMiddleware | Executing endpoint 'backend.Controllers.AuthController.Login (backend)'
2026-03-15 20:42:24.428 [INF] Microsoft.AspNetCore.Mvc.Infrastructure.ControllerActionInvoker | Route matched with {action = "Login", controller = "Auth"}. Executing controller action with signature System.Threading.Tasks.Task`1[Microsoft.AspNetCore.Mvc.IActionResult] Login(backend.Models.LoginRequest) on controller backend.Controllers.AuthController (backend).
2026-03-15 20:42:24.428 [INF] backend.Controllers.AuthController | [Auth] Login attempt | Email=vasanth2004vk@gmail.com
2026-03-15 20:42:25.222 [INF] backend.Controllers.AuthController | [Auth] User login session recorded | UserId=18 | TokenExpiry="2026-03-16T15:12:24.9455505Z"
2026-03-15 20:42:25.222 [INF] backend.Controllers.AuthController | [Auth] Login SUCCESS | Email=vasanth2004vk@gmail.com | EffectiveRole=SuperAdmin | OrgId=2
2026-03-15 20:42:25.222 [INF] Microsoft.AspNetCore.Mvc.Infrastructure.ObjectResultExecutor | Executing OkObjectResult, writing value of type '<>f__AnonymousType4`2[[System.String, System.Private.CoreLib, Version=10.0.0.0, Culture=neutral, PublicKeyToken=7cec85d7bea7798e],[<>f__AnonymousType5`6[[System.Int32, System.Private.CoreLib, Version=10.0.0.0, Culture=neutral, PublicKeyToken=7cec85d7bea7798e],[System.String, System.Private.CoreLib, Version=10.0.0.0, Culture=neutral, PublicKeyToken=7cec85d7bea7798e],[System.String, System.Private.CoreLib, Version=10.0.0.0, Culture=neutral, PublicKeyToken=7cec85d7bea7798e],[System.String, System.Private.CoreLib, Version=10.0.0.0, Culture=neutral, PublicKeyToken=7cec85d7bea7798e],[System.Nullable`1[[System.Int32, System.Private.CoreLib, Version=10.0.0.0, Culture=neutral, PublicKeyToken=7cec85d7bea7798e]], System.Private.CoreLib, Version=10.0.0.0, Culture=neutral, PublicKeyToken=7cec85d7bea7798e],[System.String, System.Private.CoreLib, Version=10.0.0.0, Culture=neutral, PublicKeyToken=7cec85d7bea7798e]], backend, Version=1.0.0.0, Culture=neutral, PublicKeyToken=null]]'.
2026-03-15 20:42:25.222 [INF] Microsoft.AspNetCore.Mvc.Infrastructure.ControllerActionInvoker | Executed action backend.Controllers.AuthController.Login (backend) in 794.8021ms
2026-03-15 20:42:25.222 [INF] Microsoft.AspNetCore.Routing.EndpointMiddleware | Executed endpoint 'backend.Controllers.AuthController.Login (backend)'
2026-03-15 20:42:25.222 [INF] Serilog.AspNetCore.RequestLoggingMiddleware | HTTP POST /api/auth/login → 200 (795.0ms)
2026-03-15 20:42:25.223 [INF] Microsoft.AspNetCore.Hosting.Diagnostics | Request finished HTTP/1.1 POST http://localhost:5217/api/auth/login - 200 null application/json; charset=utf-8 795.2782ms
2026-03-15 20:42:31.708 [INF] Microsoft.AspNetCore.Hosting.Diagnostics | Request starting HTTP/1.1 OPTIONS http://localhost:5217/api/auth/login - null null
2026-03-15 20:42:31.708 [INF] Microsoft.AspNetCore.Cors.Infrastructure.CorsService | CORS policy execution successful.
2026-03-15 20:42:31.709 [INF] Microsoft.AspNetCore.Hosting.Diagnostics | Request finished HTTP/1.1 OPTIONS http://localhost:5217/api/auth/login - 204 null null 0.2532ms
2026-03-15 20:42:31.709 [INF] Microsoft.AspNetCore.Hosting.Diagnostics | Request starting HTTP/1.1 POST http://localhost:5217/api/auth/login - application/json 62
2026-03-15 20:42:31.710 [INF] Microsoft.AspNetCore.Cors.Infrastructure.CorsService | CORS policy execution successful.
2026-03-15 20:42:31.710 [INF] Microsoft.AspNetCore.Routing.EndpointMiddleware | Executing endpoint 'backend.Controllers.AuthController.Login (backend)'
2026-03-15 20:42:31.710 [INF] Microsoft.AspNetCore.Mvc.Infrastructure.ControllerActionInvoker | Route matched with {action = "Login", controller = "Auth"}. Executing controller action with signature System.Threading.Tasks.Task`1[Microsoft.AspNetCore.Mvc.IActionResult] Login(backend.Models.LoginRequest) on controller backend.Controllers.AuthController (backend).
2026-03-15 20:42:31.710 [INF] backend.Controllers.AuthController | [Auth] Login attempt | Email=vasanth2004vk@gmail.com
2026-03-15 20:42:32.458 [INF] backend.Controllers.AuthController | [Auth] User login session recorded | UserId=18 | TokenExpiry="2026-03-16T15:12:32.2045131Z"
2026-03-15 20:42:32.458 [INF] backend.Controllers.AuthController | [Auth] Login SUCCESS | Email=vasanth2004vk@gmail.com | EffectiveRole=SuperAdmin | OrgId=2
2026-03-15 20:42:32.458 [INF] Microsoft.AspNetCore.Mvc.Infrastructure.ObjectResultExecutor | Executing OkObjectResult, writing value of type '<>f__AnonymousType4`2[[System.String, System.Private.CoreLib, Version=10.0.0.0, Culture=neutral, PublicKeyToken=7cec85d7bea7798e],[<>f__AnonymousType5`6[[System.Int32, System.Private.CoreLib, Version=10.0.0.0, Culture=neutral, PublicKeyToken=7cec85d7bea7798e],[System.String, System.Private.CoreLib, Version=10.0.0.0, Culture=neutral, PublicKeyToken=7cec85d7bea7798e],[System.String, System.Private.CoreLib, Version=10.0.0.0, Culture=neutral, PublicKeyToken=7cec85d7bea7798e],[System.String, System.Private.CoreLib, Version=10.0.0.0, Culture=neutral, PublicKeyToken=7cec85d7bea7798e],[System.Nullable`1[[System.Int32, System.Private.CoreLib, Version=10.0.0.0, Culture=neutral, PublicKeyToken=7cec85d7bea7798e]], System.Private.CoreLib, Version=10.0.0.0, Culture=neutral, PublicKeyToken=7cec85d7bea7798e],[System.String, System.Private.CoreLib, Version=10.0.0.0, Culture=neutral, PublicKeyToken=7cec85d7bea7798e]], backend, Version=1.0.0.0, Culture=neutral, PublicKeyToken=null]]'.
2026-03-15 20:42:32.458 [INF] Microsoft.AspNetCore.Mvc.Infrastructure.ControllerActionInvoker | Executed action backend.Controllers.AuthController.Login (backend) in 748.1785ms
2026-03-15 20:42:32.458 [INF] Microsoft.AspNetCore.Routing.EndpointMiddleware | Executed endpoint 'backend.Controllers.AuthController.Login (backend)'
2026-03-15 20:42:32.458 [INF] Serilog.AspNetCore.RequestLoggingMiddleware | HTTP POST /api/auth/login → 200 (748.3ms)
2026-03-15 20:42:32.458 [INF] Microsoft.AspNetCore.Hosting.Diagnostics | Request finished HTTP/1.1 POST http://localhost:5217/api/auth/login - 200 null application/json; charset=utf-8 748.6765ms
2026-03-15 20:42:34.980 [INF] Microsoft.AspNetCore.Hosting.Diagnostics | Request starting HTTP/1.1 POST http://localhost:5217/api/auth/login - application/json 62
2026-03-15 20:42:34.980 [INF] Microsoft.AspNetCore.Cors.Infrastructure.CorsService | CORS policy execution successful.
2026-03-15 20:42:34.981 [INF] Microsoft.AspNetCore.Routing.EndpointMiddleware | Executing endpoint 'backend.Controllers.AuthController.Login (backend)'
2026-03-15 20:42:34.981 [INF] Microsoft.AspNetCore.Mvc.Infrastructure.ControllerActionInvoker | Route matched with {action = "Login", controller = "Auth"}. Executing controller action with signature System.Threading.Tasks.Task`1[Microsoft.AspNetCore.Mvc.IActionResult] Login(backend.Models.LoginRequest) on controller backend.Controllers.AuthController (backend).
2026-03-15 20:42:34.981 [INF] backend.Controllers.AuthController | [Auth] Login attempt | Email=vasanth2004vk@gmail.com
2026-03-15 20:42:35.677 [INF] backend.Controllers.AuthController | [Auth] User login session recorded | UserId=18 | TokenExpiry="2026-03-16T15:12:35.4882771Z"
2026-03-15 20:42:35.677 [INF] backend.Controllers.AuthController | [Auth] Login SUCCESS | Email=vasanth2004vk@gmail.com | EffectiveRole=SuperAdmin | OrgId=2
2026-03-15 20:42:35.677 [INF] Microsoft.AspNetCore.Mvc.Infrastructure.ObjectResultExecutor | Executing OkObjectResult, writing value of type '<>f__AnonymousType4`2[[System.String, System.Private.CoreLib, Version=10.0.0.0, Culture=neutral, PublicKeyToken=7cec85d7bea7798e],[<>f__AnonymousType5`6[[System.Int32, System.Private.CoreLib, Version=10.0.0.0, Culture=neutral, PublicKeyToken=7cec85d7bea7798e],[System.String, System.Private.CoreLib, Version=10.0.0.0, Culture=neutral, PublicKeyToken=7cec85d7bea7798e],[System.String, System.Private.CoreLib, Version=10.0.0.0, Culture=neutral, PublicKeyToken=7cec85d7bea7798e],[System.String, System.Private.CoreLib, Version=10.0.0.0, Culture=neutral, PublicKeyToken=7cec85d7bea7798e],[System.Nullable`1[[System.Int32, System.Private.CoreLib, Version=10.0.0.0, Culture=neutral, PublicKeyToken=7cec85d7bea7798e]], System.Private.CoreLib, Version=10.0.0.0, Culture=neutral, PublicKeyToken=7cec85d7bea7798e],[System.String, System.Private.CoreLib, Version=10.0.0.0, Culture=neutral, PublicKeyToken=7cec85d7bea7798e]], backend, Version=1.0.0.0, Culture=neutral, PublicKeyToken=null]]'.
2026-03-15 20:42:35.677 [INF] Microsoft.AspNetCore.Mvc.Infrastructure.ControllerActionInvoker | Executed action backend.Controllers.AuthController.Login (backend) in 696.6236ms
2026-03-15 20:42:35.677 [INF] Microsoft.AspNetCore.Routing.EndpointMiddleware | Executed endpoint 'backend.Controllers.AuthController.Login (backend)'
2026-03-15 20:42:35.677 [INF] Serilog.AspNetCore.RequestLoggingMiddleware | HTTP POST /api/auth/login → 200 (696.9ms)
2026-03-15 20:42:35.677 [INF] Microsoft.AspNetCore.Hosting.Diagnostics | Request finished HTTP/1.1 POST http://localhost:5217/api/auth/login - 200 null application/json; charset=utf-8 697.2531ms
2026-03-15 20:42:42.319 [INF] Microsoft.AspNetCore.Hosting.Diagnostics | Request starting HTTP/1.1 OPTIONS http://localhost:5217/api/auth/login - null null
2026-03-15 20:42:42.319 [INF] Microsoft.AspNetCore.Cors.Infrastructure.CorsService | CORS policy execution successful.
2026-03-15 20:42:42.319 [INF] Microsoft.AspNetCore.Hosting.Diagnostics | Request finished HTTP/1.1 OPTIONS http://localhost:5217/api/auth/login - 204 null null 0.2967ms
2026-03-15 20:42:42.320 [INF] Microsoft.AspNetCore.Hosting.Diagnostics | Request starting HTTP/1.1 POST http://localhost:5217/api/auth/login - application/json 62
2026-03-15 20:42:42.320 [INF] Microsoft.AspNetCore.Cors.Infrastructure.CorsService | CORS policy execution successful.
2026-03-15 20:42:42.320 [INF] Microsoft.AspNetCore.Routing.EndpointMiddleware | Executing endpoint 'backend.Controllers.AuthController.Login (backend)'
2026-03-15 20:42:42.321 [INF] Microsoft.AspNetCore.Mvc.Infrastructure.ControllerActionInvoker | Route matched with {action = "Login", controller = "Auth"}. Executing controller action with signature System.Threading.Tasks.Task`1[Microsoft.AspNetCore.Mvc.IActionResult] Login(backend.Models.LoginRequest) on controller backend.Controllers.AuthController (backend).
2026-03-15 20:42:42.321 [INF] backend.Controllers.AuthController | [Auth] Login attempt | Email=vasanth2004vk@gmail.com
2026-03-15 20:42:43.274 [INF] backend.Controllers.AuthController | [Auth] User login session recorded | UserId=18 | TokenExpiry="2026-03-16T15:12:42.9103845Z"
2026-03-15 20:42:43.274 [INF] backend.Controllers.AuthController | [Auth] Login SUCCESS | Email=vasanth2004vk@gmail.com | EffectiveRole=SuperAdmin | OrgId=2
2026-03-15 20:42:43.274 [INF] Microsoft.AspNetCore.Mvc.Infrastructure.ObjectResultExecutor | Executing OkObjectResult, writing value of type '<>f__AnonymousType4`2[[System.String, System.Private.CoreLib, Version=10.0.0.0, Culture=neutral, PublicKeyToken=7cec85d7bea7798e],[<>f__AnonymousType5`6[[System.Int32, System.Private.CoreLib, Version=10.0.0.0, Culture=neutral, PublicKeyToken=7cec85d7bea7798e],[System.String, System.Private.CoreLib, Version=10.0.0.0, Culture=neutral, PublicKeyToken=7cec85d7bea7798e],[System.String, System.Private.CoreLib, Version=10.0.0.0, Culture=neutral, PublicKeyToken=7cec85d7bea7798e],[System.String, System.Private.CoreLib, Version=10.0.0.0, Culture=neutral, PublicKeyToken=7cec85d7bea7798e],[System.Nullable`1[[System.Int32, System.Private.CoreLib, Version=10.0.0.0, Culture=neutral, PublicKeyToken=7cec85d7bea7798e]], System.Private.CoreLib, Version=10.0.0.0, Culture=neutral, PublicKeyToken=7cec85d7bea7798e],[System.String, System.Private.CoreLib, Version=10.0.0.0, Culture=neutral, PublicKeyToken=7cec85d7bea7798e]], backend, Version=1.0.0.0, Culture=neutral, PublicKeyToken=null]]'.
2026-03-15 20:42:43.274 [INF] Microsoft.AspNetCore.Mvc.Infrastructure.ControllerActionInvoker | Executed action backend.Controllers.AuthController.Login (backend) in 953.7878ms
2026-03-15 20:42:43.274 [INF] Microsoft.AspNetCore.Routing.EndpointMiddleware | Executed endpoint 'backend.Controllers.AuthController.Login (backend)'
2026-03-15 20:42:43.274 [INF] Serilog.AspNetCore.RequestLoggingMiddleware | HTTP POST /api/auth/login → 200 (954.1ms)
2026-03-15 20:42:43.275 [INF] Microsoft.AspNetCore.Hosting.Diagnostics | Request finished HTTP/1.1 POST http://localhost:5217/api/auth/login - 200 null application/json; charset=utf-8 954.4073ms
2026-03-15 20:42:44.024 [INF] Microsoft.AspNetCore.Hosting.Diagnostics | Request starting HTTP/1.1 POST http://localhost:5217/api/auth/login - application/json 62
2026-03-15 20:42:44.024 [INF] Microsoft.AspNetCore.Cors.Infrastructure.CorsService | CORS policy execution successful.
2026-03-15 20:42:44.024 [INF] Microsoft.AspNetCore.Routing.EndpointMiddleware | Executing endpoint 'backend.Controllers.AuthController.Login (backend)'
2026-03-15 20:42:44.024 [INF] Microsoft.AspNetCore.Mvc.Infrastructure.ControllerActionInvoker | Route matched with {action = "Login", controller = "Auth"}. Executing controller action with signature System.Threading.Tasks.Task`1[Microsoft.AspNetCore.Mvc.IActionResult] Login(backend.Models.LoginRequest) on controller backend.Controllers.AuthController (backend).
2026-03-15 20:42:44.025 [INF] backend.Controllers.AuthController | [Auth] Login attempt | Email=vasanth2004vk@gmail.com
2026-03-15 20:42:44.727 [INF] backend.Controllers.AuthController | [Auth] User login session recorded | UserId=18 | TokenExpiry="2026-03-16T15:12:44.5056510Z"
2026-03-15 20:42:44.727 [INF] backend.Controllers.AuthController | [Auth] Login SUCCESS | Email=vasanth2004vk@gmail.com | EffectiveRole=SuperAdmin | OrgId=2
2026-03-15 20:42:44.728 [INF] Microsoft.AspNetCore.Mvc.Infrastructure.ObjectResultExecutor | Executing OkObjectResult, writing value of type '<>f__AnonymousType4`2[[System.String, System.Private.CoreLib, Version=10.0.0.0, Culture=neutral, PublicKeyToken=7cec85d7bea7798e],[<>f__AnonymousType5`6[[System.Int32, System.Private.CoreLib, Version=10.0.0.0, Culture=neutral, PublicKeyToken=7cec85d7bea7798e],[System.String, System.Private.CoreLib, Version=10.0.0.0, Culture=neutral, PublicKeyToken=7cec85d7bea7798e],[System.String, System.Private.CoreLib, Version=10.0.0.0, Culture=neutral, PublicKeyToken=7cec85d7bea7798e],[System.String, System.Private.CoreLib, Version=10.0.0.0, Culture=neutral, PublicKeyToken=7cec85d7bea7798e],[System.Nullable`1[[System.Int32, System.Private.CoreLib, Version=10.0.0.0, Culture=neutral, PublicKeyToken=7cec85d7bea7798e]], System.Private.CoreLib, Version=10.0.0.0, Culture=neutral, PublicKeyToken=7cec85d7bea7798e],[System.String, System.Private.CoreLib, Version=10.0.0.0, Culture=neutral, PublicKeyToken=7cec85d7bea7798e]], backend, Version=1.0.0.0, Culture=neutral, PublicKeyToken=null]]'.
2026-03-15 20:42:44.728 [INF] Microsoft.AspNetCore.Mvc.Infrastructure.ControllerActionInvoker | Executed action backend.Controllers.AuthController.Login (backend) in 703.112ms
2026-03-15 20:42:44.728 [INF] Microsoft.AspNetCore.Routing.EndpointMiddleware | Executed endpoint 'backend.Controllers.AuthController.Login (backend)'
2026-03-15 20:42:44.728 [INF] Serilog.AspNetCore.RequestLoggingMiddleware | HTTP POST /api/auth/login → 200 (703.3ms)
2026-03-15 20:42:44.728 [INF] Microsoft.AspNetCore.Hosting.Diagnostics | Request finished HTTP/1.1 POST http://localhost:5217/api/auth/login - 200 null application/json; charset=utf-8 703.5757ms
2026-03-15 20:42:51.410 [INF] Microsoft.AspNetCore.Hosting.Diagnostics | Request starting HTTP/1.1 OPTIONS http://localhost:5217/api/auth/login - null null
2026-03-15 20:42:51.410 [INF] Microsoft.AspNetCore.Cors.Infrastructure.CorsService | CORS policy execution successful.
2026-03-15 20:42:51.411 [INF] Microsoft.AspNetCore.Hosting.Diagnostics | Request finished HTTP/1.1 OPTIONS http://localhost:5217/api/auth/login - 204 null null 0.3305ms
2026-03-15 20:42:51.412 [INF] Microsoft.AspNetCore.Hosting.Diagnostics | Request starting HTTP/1.1 POST http://localhost:5217/api/auth/login - application/json 62
2026-03-15 20:42:51.412 [INF] Microsoft.AspNetCore.Cors.Infrastructure.CorsService | CORS policy execution successful.
2026-03-15 20:42:51.412 [INF] Microsoft.AspNetCore.Routing.EndpointMiddleware | Executing endpoint 'backend.Controllers.AuthController.Login (backend)'
2026-03-15 20:42:51.412 [INF] Microsoft.AspNetCore.Mvc.Infrastructure.ControllerActionInvoker | Route matched with {action = "Login", controller = "Auth"}. Executing controller action with signature System.Threading.Tasks.Task`1[Microsoft.AspNetCore.Mvc.IActionResult] Login(backend.Models.LoginRequest) on controller backend.Controllers.AuthController (backend).
2026-03-15 20:42:51.412 [INF] backend.Controllers.AuthController | [Auth] Login attempt | Email=vasanth2004vk@gmail.com
2026-03-15 20:42:52.153 [INF] backend.Controllers.AuthController | [Auth] User login session recorded | UserId=18 | TokenExpiry="2026-03-16T15:12:51.8773763Z"
2026-03-15 20:42:52.153 [INF] backend.Controllers.AuthController | [Auth] Login SUCCESS | Email=vasanth2004vk@gmail.com | EffectiveRole=SuperAdmin | OrgId=2
2026-03-15 20:42:52.153 [INF] Microsoft.AspNetCore.Mvc.Infrastructure.ObjectResultExecutor | Executing OkObjectResult, writing value of type '<>f__AnonymousType4`2[[System.String, System.Private.CoreLib, Version=10.0.0.0, Culture=neutral, PublicKeyToken=7cec85d7bea7798e],[<>f__AnonymousType5`6[[System.Int32, System.Private.CoreLib, Version=10.0.0.0, Culture=neutral, PublicKeyToken=7cec85d7bea7798e],[System.String, System.Private.CoreLib, Version=10.0.0.0, Culture=neutral, PublicKeyToken=7cec85d7bea7798e],[System.String, System.Private.CoreLib, Version=10.0.0.0, Culture=neutral, PublicKeyToken=7cec85d7bea7798e],[System.String, System.Private.CoreLib, Version=10.0.0.0, Culture=neutral, PublicKeyToken=7cec85d7bea7798e],[System.Nullable`1[[System.Int32, System.Private.CoreLib, Version=10.0.0.0, Culture=neutral, PublicKeyToken=7cec85d7bea7798e]], System.Private.CoreLib, Version=10.0.0.0, Culture=neutral, PublicKeyToken=7cec85d7bea7798e],[System.String, System.Private.CoreLib, Version=10.0.0.0, Culture=neutral, PublicKeyToken=7cec85d7bea7798e]], backend, Version=1.0.0.0, Culture=neutral, PublicKeyToken=null]]'.
2026-03-15 20:42:52.153 [INF] Microsoft.AspNetCore.Mvc.Infrastructure.ControllerActionInvoker | Executed action backend.Controllers.AuthController.Login (backend) in 741.157ms
2026-03-15 20:42:52.153 [INF] Microsoft.AspNetCore.Routing.EndpointMiddleware | Executed endpoint 'backend.Controllers.AuthController.Login (backend)'
2026-03-15 20:42:52.153 [INF] Serilog.AspNetCore.RequestLoggingMiddleware | HTTP POST /api/auth/login → 200 (741.4ms)
2026-03-15 20:42:52.153 [INF] Microsoft.AspNetCore.Hosting.Diagnostics | Request finished HTTP/1.1 POST http://localhost:5217/api/auth/login - 200 null application/json; charset=utf-8 741.6923ms
2026-03-15 20:42:53.375 [INF] Microsoft.AspNetCore.Hosting.Diagnostics | Request starting HTTP/1.1 POST http://localhost:5217/api/auth/login - application/json 62
2026-03-15 20:42:53.375 [INF] Microsoft.AspNetCore.Cors.Infrastructure.CorsService | CORS policy execution successful.
2026-03-15 20:42:53.376 [INF] Microsoft.AspNetCore.Routing.EndpointMiddleware | Executing endpoint 'backend.Controllers.AuthController.Login (backend)'
2026-03-15 20:42:53.376 [INF] Microsoft.AspNetCore.Mvc.Infrastructure.ControllerActionInvoker | Route matched with {action = "Login", controller = "Auth"}. Executing controller action with signature System.Threading.Tasks.Task`1[Microsoft.AspNetCore.Mvc.IActionResult] Login(backend.Models.LoginRequest) on controller backend.Controllers.AuthController (backend).
2026-03-15 20:42:53.376 [INF] backend.Controllers.AuthController | [Auth] Login attempt | Email=vasanth2004vk@gmail.com
2026-03-15 20:42:54.215 [INF] backend.Controllers.AuthController | [Auth] User login session recorded | UserId=18 | TokenExpiry="2026-03-16T15:12:53.9507377Z"
2026-03-15 20:42:54.215 [INF] backend.Controllers.AuthController | [Auth] Login SUCCESS | Email=vasanth2004vk@gmail.com | EffectiveRole=SuperAdmin | OrgId=2
2026-03-15 20:42:54.216 [INF] Microsoft.AspNetCore.Mvc.Infrastructure.ObjectResultExecutor | Executing OkObjectResult, writing value of type '<>f__AnonymousType4`2[[System.String, System.Private.CoreLib, Version=10.0.0.0, Culture=neutral, PublicKeyToken=7cec85d7bea7798e],[<>f__AnonymousType5`6[[System.Int32, System.Private.CoreLib, Version=10.0.0.0, Culture=neutral, PublicKeyToken=7cec85d7bea7798e],[System.String, System.Private.CoreLib, Version=10.0.0.0, Culture=neutral, PublicKeyToken=7cec85d7bea7798e],[System.String, System.Private.CoreLib, Version=10.0.0.0, Culture=neutral, PublicKeyToken=7cec85d7bea7798e],[System.String, System.Private.CoreLib, Version=10.0.0.0, Culture=neutral, PublicKeyToken=7cec85d7bea7798e],[System.Nullable`1[[System.Int32, System.Private.CoreLib, Version=10.0.0.0, Culture=neutral, PublicKeyToken=7cec85d7bea7798e]], System.Private.CoreLib, Version=10.0.0.0, Culture=neutral, PublicKeyToken=7cec85d7bea7798e],[System.String, System.Private.CoreLib, Version=10.0.0.0, Culture=neutral, PublicKeyToken=7cec85d7bea7798e]], backend, Version=1.0.0.0, Culture=neutral, PublicKeyToken=null]]'.
2026-03-15 20:42:54.216 [INF] Microsoft.AspNetCore.Mvc.Infrastructure.ControllerActionInvoker | Executed action backend.Controllers.AuthController.Login (backend) in 839.9802ms
2026-03-15 20:42:54.216 [INF] Microsoft.AspNetCore.Routing.EndpointMiddleware | Executed endpoint 'backend.Controllers.AuthController.Login (backend)'
2026-03-15 20:42:54.216 [INF] Serilog.AspNetCore.RequestLoggingMiddleware | HTTP POST /api/auth/login → 200 (840.1ms)
2026-03-15 20:42:54.216 [INF] Microsoft.AspNetCore.Hosting.Diagnostics | Request finished HTTP/1.1 POST http://localhost:5217/api/auth/login - 200 null application/json; charset=utf-8 840.4214ms
2026-03-15 20:43:39.490 [INF] Microsoft.AspNetCore.Hosting.Diagnostics | Request starting HTTP/1.1 OPTIONS http://localhost:5217/api/auth/login - null null
2026-03-15 20:43:39.490 [INF] Microsoft.AspNetCore.Cors.Infrastructure.CorsService | CORS policy execution successful.
2026-03-15 20:43:39.490 [INF] Microsoft.AspNetCore.Hosting.Diagnostics | Request finished HTTP/1.1 OPTIONS http://localhost:5217/api/auth/login - 204 null null 0.2211ms
2026-03-15 20:43:39.491 [INF] Microsoft.AspNetCore.Hosting.Diagnostics | Request starting HTTP/1.1 POST http://localhost:5217/api/auth/login - application/json 62
2026-03-15 20:43:39.491 [INF] Microsoft.AspNetCore.Cors.Infrastructure.CorsService | CORS policy execution successful.
2026-03-15 20:43:39.491 [INF] Microsoft.AspNetCore.Routing.EndpointMiddleware | Executing endpoint 'backend.Controllers.AuthController.Login (backend)'
2026-03-15 20:43:39.491 [INF] Microsoft.AspNetCore.Mvc.Infrastructure.ControllerActionInvoker | Route matched with {action = "Login", controller = "Auth"}. Executing controller action with signature System.Threading.Tasks.Task`1[Microsoft.AspNetCore.Mvc.IActionResult] Login(backend.Models.LoginRequest) on controller backend.Controllers.AuthController (backend).
2026-03-15 20:43:39.492 [INF] backend.Controllers.AuthController | [Auth] Login attempt | Email=vasanth2004vk@gmail.com
2026-03-15 20:43:40.178 [INF] backend.Controllers.AuthController | [Auth] User login session recorded | UserId=18 | TokenExpiry="2026-03-16T15:13:39.9096776Z"
2026-03-15 20:43:40.178 [INF] backend.Controllers.AuthController | [Auth] Login SUCCESS | Email=vasanth2004vk@gmail.com | EffectiveRole=SuperAdmin | OrgId=2
2026-03-15 20:43:40.178 [INF] Microsoft.AspNetCore.Mvc.Infrastructure.ObjectResultExecutor | Executing OkObjectResult, writing value of type '<>f__AnonymousType4`2[[System.String, System.Private.CoreLib, Version=10.0.0.0, Culture=neutral, PublicKeyToken=7cec85d7bea7798e],[<>f__AnonymousType5`6[[System.Int32, System.Private.CoreLib, Version=10.0.0.0, Culture=neutral, PublicKeyToken=7cec85d7bea7798e],[System.String, System.Private.CoreLib, Version=10.0.0.0, Culture=neutral, PublicKeyToken=7cec85d7bea7798e],[System.String, System.Private.CoreLib, Version=10.0.0.0, Culture=neutral, PublicKeyToken=7cec85d7bea7798e],[System.String, System.Private.CoreLib, Version=10.0.0.0, Culture=neutral, PublicKeyToken=7cec85d7bea7798e],[System.Nullable`1[[System.Int32, System.Private.CoreLib, Version=10.0.0.0, Culture=neutral, PublicKeyToken=7cec85d7bea7798e]], System.Private.CoreLib, Version=10.0.0.0, Culture=neutral, PublicKeyToken=7cec85d7bea7798e],[System.String, System.Private.CoreLib, Version=10.0.0.0, Culture=neutral, PublicKeyToken=7cec85d7bea7798e]], backend, Version=1.0.0.0, Culture=neutral, PublicKeyToken=null]]'.
2026-03-15 20:43:40.179 [INF] Microsoft.AspNetCore.Mvc.Infrastructure.ControllerActionInvoker | Executed action backend.Controllers.AuthController.Login (backend) in 687.3099ms
2026-03-15 20:43:40.179 [INF] Microsoft.AspNetCore.Routing.EndpointMiddleware | Executed endpoint 'backend.Controllers.AuthController.Login (backend)'
2026-03-15 20:43:40.179 [INF] Serilog.AspNetCore.RequestLoggingMiddleware | HTTP POST /api/auth/login → 200 (687.7ms)
2026-03-15 20:43:40.179 [INF] Microsoft.AspNetCore.Hosting.Diagnostics | Request finished HTTP/1.1 POST http://localhost:5217/api/auth/login - 200 null application/json; charset=utf-8 687.8931ms
2026-03-15 20:43:41.069 [INF] Microsoft.AspNetCore.Hosting.Diagnostics | Request starting HTTP/1.1 POST http://localhost:5217/api/auth/login - application/json 62
2026-03-15 20:43:41.069 [INF] Microsoft.AspNetCore.Cors.Infrastructure.CorsService | CORS policy execution successful.
2026-03-15 20:43:41.069 [INF] Microsoft.AspNetCore.Routing.EndpointMiddleware | Executing endpoint 'backend.Controllers.AuthController.Login (backend)'
2026-03-15 20:43:41.069 [INF] Microsoft.AspNetCore.Mvc.Infrastructure.ControllerActionInvoker | Route matched with {action = "Login", controller = "Auth"}. Executing controller action with signature System.Threading.Tasks.Task`1[Microsoft.AspNetCore.Mvc.IActionResult] Login(backend.Models.LoginRequest) on controller backend.Controllers.AuthController (backend).
2026-03-15 20:43:41.069 [INF] backend.Controllers.AuthController | [Auth] Login attempt | Email=vasanth2004vk@gmail.com
2026-03-15 20:43:41.940 [INF] backend.Controllers.AuthController | [Auth] User login session recorded | UserId=18 | TokenExpiry="2026-03-16T15:13:41.5403410Z"
2026-03-15 20:43:41.940 [INF] backend.Controllers.AuthController | [Auth] Login SUCCESS | Email=vasanth2004vk@gmail.com | EffectiveRole=SuperAdmin | OrgId=2
2026-03-15 20:43:41.940 [INF] Microsoft.AspNetCore.Mvc.Infrastructure.ObjectResultExecutor | Executing OkObjectResult, writing value of type '<>f__AnonymousType4`2[[System.String, System.Private.CoreLib, Version=10.0.0.0, Culture=neutral, PublicKeyToken=7cec85d7bea7798e],[<>f__AnonymousType5`6[[System.Int32, System.Private.CoreLib, Version=10.0.0.0, Culture=neutral, PublicKeyToken=7cec85d7bea7798e],[System.String, System.Private.CoreLib, Version=10.0.0.0, Culture=neutral, PublicKeyToken=7cec85d7bea7798e],[System.String, System.Private.CoreLib, Version=10.0.0.0, Culture=neutral, PublicKeyToken=7cec85d7bea7798e],[System.String, System.Private.CoreLib, Version=10.0.0.0, Culture=neutral, PublicKeyToken=7cec85d7bea7798e],[System.Nullable`1[[System.Int32, System.Private.CoreLib, Version=10.0.0.0, Culture=neutral, PublicKeyToken=7cec85d7bea7798e]], System.Private.CoreLib, Version=10.0.0.0, Culture=neutral, PublicKeyToken=7cec85d7bea7798e],[System.String, System.Private.CoreLib, Version=10.0.0.0, Culture=neutral, PublicKeyToken=7cec85d7bea7798e]], backend, Version=1.0.0.0, Culture=neutral, PublicKeyToken=null]]'.
2026-03-15 20:43:41.940 [INF] Microsoft.AspNetCore.Mvc.Infrastructure.ControllerActionInvoker | Executed action backend.Controllers.AuthController.Login (backend) in 870.8463ms
2026-03-15 20:43:41.940 [INF] Microsoft.AspNetCore.Routing.EndpointMiddleware | Executed endpoint 'backend.Controllers.AuthController.Login (backend)'
2026-03-15 20:43:41.940 [INF] Serilog.AspNetCore.RequestLoggingMiddleware | HTTP POST /api/auth/login → 200 (871.0ms)
2026-03-15 20:43:41.940 [INF] Microsoft.AspNetCore.Hosting.Diagnostics | Request finished HTTP/1.1 POST http://localhost:5217/api/auth/login - 200 null application/json; charset=utf-8 871.2907ms
2026-03-15 20:49:40.450 [INF] Microsoft.AspNetCore.Hosting.Diagnostics | Request starting HTTP/1.1 OPTIONS http://localhost:5217/api/auth/login - null null
2026-03-15 20:49:40.450 [INF] Microsoft.AspNetCore.Cors.Infrastructure.CorsService | CORS policy execution successful.
2026-03-15 20:49:40.450 [INF] Microsoft.AspNetCore.Hosting.Diagnostics | Request finished HTTP/1.1 OPTIONS http://localhost:5217/api/auth/login - 204 null null 0.2435ms
2026-03-15 20:49:40.451 [INF] Microsoft.AspNetCore.Hosting.Diagnostics | Request starting HTTP/1.1 POST http://localhost:5217/api/auth/login - application/json 62
2026-03-15 20:49:40.452 [INF] Microsoft.AspNetCore.Cors.Infrastructure.CorsService | CORS policy execution successful.
2026-03-15 20:49:40.452 [INF] Microsoft.AspNetCore.Routing.EndpointMiddleware | Executing endpoint 'backend.Controllers.AuthController.Login (backend)'
2026-03-15 20:49:40.452 [INF] Microsoft.AspNetCore.Mvc.Infrastructure.ControllerActionInvoker | Route matched with {action = "Login", controller = "Auth"}. Executing controller action with signature System.Threading.Tasks.Task`1[Microsoft.AspNetCore.Mvc.IActionResult] Login(backend.Models.LoginRequest) on controller backend.Controllers.AuthController (backend).
2026-03-15 20:49:40.453 [INF] backend.Controllers.AuthController | [Auth] Login attempt | Email=vasanth2004vk@gmail.com
2026-03-15 20:49:42.265 [INF] backend.Controllers.AuthController | [Auth] User login session recorded | UserId=18 | TokenExpiry="2026-03-16T15:19:41.9801472Z"
2026-03-15 20:49:42.265 [INF] backend.Controllers.AuthController | [Auth] Login SUCCESS | Email=vasanth2004vk@gmail.com | EffectiveRole=SuperAdmin | OrgId=2
2026-03-15 20:49:42.266 [INF] Microsoft.AspNetCore.Mvc.Infrastructure.ObjectResultExecutor | Executing OkObjectResult, writing value of type '<>f__AnonymousType4`2[[System.String, System.Private.CoreLib, Version=10.0.0.0, Culture=neutral, PublicKeyToken=7cec85d7bea7798e],[<>f__AnonymousType5`6[[System.Int32, System.Private.CoreLib, Version=10.0.0.0, Culture=neutral, PublicKeyToken=7cec85d7bea7798e],[System.String, System.Private.CoreLib, Version=10.0.0.0, Culture=neutral, PublicKeyToken=7cec85d7bea7798e],[System.String, System.Private.CoreLib, Version=10.0.0.0, Culture=neutral, PublicKeyToken=7cec85d7bea7798e],[System.String, System.Private.CoreLib, Version=10.0.0.0, Culture=neutral, PublicKeyToken=7cec85d7bea7798e],[System.Nullable`1[[System.Int32, System.Private.CoreLib, Version=10.0.0.0, Culture=neutral, PublicKeyToken=7cec85d7bea7798e]], System.Private.CoreLib, Version=10.0.0.0, Culture=neutral, PublicKeyToken=7cec85d7bea7798e],[System.String, System.Private.CoreLib, Version=10.0.0.0, Culture=neutral, PublicKeyToken=7cec85d7bea7798e]], backend, Version=1.0.0.0, Culture=neutral, PublicKeyToken=null]]'.
2026-03-15 20:49:42.266 [INF] Microsoft.AspNetCore.Mvc.Infrastructure.ControllerActionInvoker | Executed action backend.Controllers.AuthController.Login (backend) in 1813.4304ms
2026-03-15 20:49:42.266 [INF] Microsoft.AspNetCore.Routing.EndpointMiddleware | Executed endpoint 'backend.Controllers.AuthController.Login (backend)'
2026-03-15 20:49:42.266 [INF] Serilog.AspNetCore.RequestLoggingMiddleware | HTTP POST /api/auth/login → 200 (1813.9ms)
2026-03-15 20:49:42.266 [INF] Microsoft.AspNetCore.Hosting.Diagnostics | Request finished HTTP/1.1 POST http://localhost:5217/api/auth/login - 200 null application/json; charset=utf-8 1814.362ms
2026-03-15 20:49:53.102 [INF] Microsoft.AspNetCore.Hosting.Diagnostics | Request starting HTTP/1.1 OPTIONS http://localhost:5217/api/auth/login - null null
2026-03-15 20:49:53.102 [INF] Microsoft.AspNetCore.Cors.Infrastructure.CorsService | CORS policy execution successful.
2026-03-15 20:49:53.102 [INF] Microsoft.AspNetCore.Hosting.Diagnostics | Request finished HTTP/1.1 OPTIONS http://localhost:5217/api/auth/login - 204 null null 0.197ms
2026-03-15 20:49:53.103 [INF] Microsoft.AspNetCore.Hosting.Diagnostics | Request starting HTTP/1.1 POST http://localhost:5217/api/auth/login - application/json 62
2026-03-15 20:49:53.103 [INF] Microsoft.AspNetCore.Cors.Infrastructure.CorsService | CORS policy execution successful.
2026-03-15 20:49:53.103 [INF] Microsoft.AspNetCore.Routing.EndpointMiddleware | Executing endpoint 'backend.Controllers.AuthController.Login (backend)'
2026-03-15 20:49:53.103 [INF] Microsoft.AspNetCore.Mvc.Infrastructure.ControllerActionInvoker | Route matched with {action = "Login", controller = "Auth"}. Executing controller action with signature System.Threading.Tasks.Task`1[Microsoft.AspNetCore.Mvc.IActionResult] Login(backend.Models.LoginRequest) on controller backend.Controllers.AuthController (backend).
2026-03-15 20:49:53.104 [INF] backend.Controllers.AuthController | [Auth] Login attempt | Email=vasanth2004vk@gmail.com
2026-03-15 20:49:53.736 [INF] backend.Controllers.AuthController | [Auth] User login session recorded | UserId=18 | TokenExpiry="2026-03-16T15:19:53.5538376Z"
2026-03-15 20:49:53.736 [INF] backend.Controllers.AuthController | [Auth] Login SUCCESS | Email=vasanth2004vk@gmail.com | EffectiveRole=SuperAdmin | OrgId=2
2026-03-15 20:49:53.736 [INF] Microsoft.AspNetCore.Mvc.Infrastructure.ObjectResultExecutor | Executing OkObjectResult, writing value of type '<>f__AnonymousType4`2[[System.String, System.Private.CoreLib, Version=10.0.0.0, Culture=neutral, PublicKeyToken=7cec85d7bea7798e],[<>f__AnonymousType5`6[[System.Int32, System.Private.CoreLib, Version=10.0.0.0, Culture=neutral, PublicKeyToken=7cec85d7bea7798e],[System.String, System.Private.CoreLib, Version=10.0.0.0, Culture=neutral, PublicKeyToken=7cec85d7bea7798e],[System.String, System.Private.CoreLib, Version=10.0.0.0, Culture=neutral, PublicKeyToken=7cec85d7bea7798e],[System.String, System.Private.CoreLib, Version=10.0.0.0, Culture=neutral, PublicKeyToken=7cec85d7bea7798e],[System.Nullable`1[[System.Int32, System.Private.CoreLib, Version=10.0.0.0, Culture=neutral, PublicKeyToken=7cec85d7bea7798e]], System.Private.CoreLib, Version=10.0.0.0, Culture=neutral, PublicKeyToken=7cec85d7bea7798e],[System.String, System.Private.CoreLib, Version=10.0.0.0, Culture=neutral, PublicKeyToken=7cec85d7bea7798e]], backend, Version=1.0.0.0, Culture=neutral, PublicKeyToken=null]]'.
2026-03-15 20:49:53.736 [INF] Microsoft.AspNetCore.Mvc.Infrastructure.ControllerActionInvoker | Executed action backend.Controllers.AuthController.Login (backend) in 632.5731ms
2026-03-15 20:49:53.736 [INF] Microsoft.AspNetCore.Routing.EndpointMiddleware | Executed endpoint 'backend.Controllers.AuthController.Login (backend)'
2026-03-15 20:49:53.736 [INF] Serilog.AspNetCore.RequestLoggingMiddleware | HTTP POST /api/auth/login → 200 (632.8ms)
2026-03-15 20:49:53.736 [INF] Microsoft.AspNetCore.Hosting.Diagnostics | Request finished HTTP/1.1 POST http://localhost:5217/api/auth/login - 200 null application/json; charset=utf-8 633.0028ms
2026-03-15 20:50:01.439 [INF] Microsoft.Hosting.Lifetime | Application is shutting down...
2026-03-15 20:50:11.679 [INF]  | === ProDesX-HRM Backend Starting (Migrations Rev 5: Explicit Columns) ===
2026-03-15 20:50:11.953 [INF]  | === ProDesX-HRM Backend Starting (Migrations Rev 4: Clean GOs) ===
2026-03-15 20:50:13.292 [INF]  | [DB] Connected to: 103.235.104.197 | proxPayroll
2026-03-15 20:50:13.623 [INF]  | [DB] Database exists. Running migrations.sql...
2026-03-15 20:50:24.472 [WRN]  | [DB] Batch skipped in migrations.sql: Invalid column name 'EmployeeId'.
2026-03-15 20:50:24.728 [WRN]  | [DB] Batch skipped in migrations.sql: Invalid column name 'EmployeeId'.
2026-03-15 20:50:43.696 [INF]  | [DB] Finished running migrations.sql. 116 batches applied, 2 skipped.
2026-03-15 20:50:49.309 [WRN]  | [DB] Procedure apply skipped: Invalid column name 'EmployeeId'.
2026-03-15 20:50:49.490 [WRN]  | [DB] Procedure apply skipped: Invalid column name 'EmployeeId'.
2026-03-15 20:51:07.876 [INF]  | [DB] Procedures refreshed (CREATE OR ALTER). 96 applied, 2 skipped.
2026-03-15 20:51:07.876 [INF]  | [DB] Migrations complete.
2026-03-15 20:51:08.024 [INF]  | === Backend running at http://localhost:5217 ===
2026-03-15 20:51:08.037 [INF] Microsoft.AspNetCore.DataProtection.KeyManagement.XmlKeyManager | User profile is available. Using 'C:\Users\vasanth\AppData\Local\ASP.NET\DataProtection-Keys' as key repository and Windows DPAPI to encrypt keys at rest.
2026-03-15 20:51:08.045 [INF] backend.Services.ShiftScheduleBackgroundService | Shift Schedule Background Service is starting.
2026-03-15 20:51:08.102 [INF] Microsoft.Hosting.Lifetime | Now listening on: http://localhost:5217
2026-03-15 20:51:08.102 [INF] Microsoft.Hosting.Lifetime | Application started. Press Ctrl+C to shut down.
2026-03-15 20:51:08.102 [INF] Microsoft.Hosting.Lifetime | Hosting environment: Development
2026-03-15 20:51:08.102 [INF] Microsoft.Hosting.Lifetime | Content root path: C:\Repos_Work\Prodesx_HRM_Mobile_Application\backend
2026-03-15 20:51:18.048 [INF] backend.Services.ShiftScheduleBackgroundService | Shift Schedule Background Service is running...
2026-03-15 20:51:41.874 [INF] backend.Services.ShiftScheduleBackgroundService | Shift Schedule Background Service completed. Inserted 0 new schedules for the rolling 30-day window.
2026-03-15 21:02:41.233 [INF] Microsoft.AspNetCore.Hosting.Diagnostics | Request starting HTTP/1.1 OPTIONS http://localhost:5217/api/auth/login - null null
2026-03-15 21:02:41.299 [INF] Microsoft.AspNetCore.Cors.Infrastructure.CorsService | CORS policy execution successful.
2026-03-15 21:02:41.307 [INF] Microsoft.AspNetCore.Hosting.Diagnostics | Request finished HTTP/1.1 OPTIONS http://localhost:5217/api/auth/login - 204 null null 76.9523ms
2026-03-15 21:02:41.313 [INF] Microsoft.AspNetCore.Hosting.Diagnostics | Request starting HTTP/1.1 POST http://localhost:5217/api/auth/login - application/json 62
2026-03-15 21:02:41.322 [INF] Microsoft.AspNetCore.Cors.Infrastructure.CorsService | CORS policy execution successful.
2026-03-15 21:02:41.394 [INF] Microsoft.AspNetCore.Routing.EndpointMiddleware | Executing endpoint 'backend.Controllers.AuthController.Login (backend)'
2026-03-15 21:02:41.425 [INF] Microsoft.AspNetCore.Mvc.Infrastructure.ControllerActionInvoker | Route matched with {action = "Login", controller = "Auth"}. Executing controller action with signature System.Threading.Tasks.Task`1[Microsoft.AspNetCore.Mvc.IActionResult] Login(backend.Models.LoginRequest) on controller backend.Controllers.AuthController (backend).
2026-03-15 21:02:41.482 [INF] backend.Controllers.AuthController | [Auth] Login attempt | Email=vasanth2004vk@gmail.com
2026-03-15 21:02:43.486 [INF] backend.Controllers.AuthController | [Auth] User login session recorded | UserId=18 | TokenExpiry="2026-03-16T15:32:43.2362685Z"
2026-03-15 21:02:43.487 [INF] backend.Controllers.AuthController | [Auth] Login SUCCESS | Email=vasanth2004vk@gmail.com | EffectiveRole=SuperAdmin | OrgId=2
2026-03-15 21:02:43.498 [INF] Microsoft.AspNetCore.Mvc.Infrastructure.ObjectResultExecutor | Executing OkObjectResult, writing value of type '<>f__AnonymousType4`2[[System.String, System.Private.CoreLib, Version=10.0.0.0, Culture=neutral, PublicKeyToken=7cec85d7bea7798e],[<>f__AnonymousType5`6[[System.Int32, System.Private.CoreLib, Version=10.0.0.0, Culture=neutral, PublicKeyToken=7cec85d7bea7798e],[System.String, System.Private.CoreLib, Version=10.0.0.0, Culture=neutral, PublicKeyToken=7cec85d7bea7798e],[System.String, System.Private.CoreLib, Version=10.0.0.0, Culture=neutral, PublicKeyToken=7cec85d7bea7798e],[System.String, System.Private.CoreLib, Version=10.0.0.0, Culture=neutral, PublicKeyToken=7cec85d7bea7798e],[System.Nullable`1[[System.Int32, System.Private.CoreLib, Version=10.0.0.0, Culture=neutral, PublicKeyToken=7cec85d7bea7798e]], System.Private.CoreLib, Version=10.0.0.0, Culture=neutral, PublicKeyToken=7cec85d7bea7798e],[System.String, System.Private.CoreLib, Version=10.0.0.0, Culture=neutral, PublicKeyToken=7cec85d7bea7798e]], backend, Version=1.0.0.0, Culture=neutral, PublicKeyToken=null]]'.
2026-03-15 21:02:43.532 [INF] Microsoft.AspNetCore.Mvc.Infrastructure.ControllerActionInvoker | Executed action backend.Controllers.AuthController.Login (backend) in 2100.51ms
2026-03-15 21:02:43.532 [INF] Microsoft.AspNetCore.Routing.EndpointMiddleware | Executed endpoint 'backend.Controllers.AuthController.Login (backend)'
2026-03-15 21:02:43.536 [INF] Serilog.AspNetCore.RequestLoggingMiddleware | HTTP POST /api/auth/login → 200 (2143.5ms)
2026-03-15 21:02:43.543 [INF] Microsoft.AspNetCore.Hosting.Diagnostics | Request finished HTTP/1.1 POST http://localhost:5217/api/auth/login - 200 null application/json; charset=utf-8 2229.6623ms
2026-03-15 21:03:26.621 [INF] Microsoft.AspNetCore.Hosting.Diagnostics | Request starting HTTP/1.1 OPTIONS http://localhost:5217/api/auth/login - null null
2026-03-15 21:03:26.622 [INF] Microsoft.AspNetCore.Cors.Infrastructure.CorsService | CORS policy execution successful.
2026-03-15 21:03:26.622 [INF] Microsoft.AspNetCore.Hosting.Diagnostics | Request finished HTTP/1.1 OPTIONS http://localhost:5217/api/auth/login - 204 null null 1.0958ms
2026-03-15 21:03:26.623 [INF] Microsoft.AspNetCore.Hosting.Diagnostics | Request starting HTTP/1.1 POST http://localhost:5217/api/auth/login - application/json 62
2026-03-15 21:03:26.624 [INF] Microsoft.AspNetCore.Cors.Infrastructure.CorsService | CORS policy execution successful.
2026-03-15 21:03:26.626 [INF] Microsoft.AspNetCore.Routing.EndpointMiddleware | Executing endpoint 'backend.Controllers.AuthController.Login (backend)'
2026-03-15 21:03:26.626 [INF] Microsoft.AspNetCore.Mvc.Infrastructure.ControllerActionInvoker | Route matched with {action = "Login", controller = "Auth"}. Executing controller action with signature System.Threading.Tasks.Task`1[Microsoft.AspNetCore.Mvc.IActionResult] Login(backend.Models.LoginRequest) on controller backend.Controllers.AuthController (backend).
2026-03-15 21:03:26.627 [INF] backend.Controllers.AuthController | [Auth] Login attempt | Email=vasanth2004vk@gmail.com
2026-03-15 21:03:28.026 [INF] backend.Controllers.AuthController | [Auth] User login session recorded | UserId=18 | TokenExpiry="2026-03-16T15:33:27.8394132Z"
2026-03-15 21:03:28.026 [INF] backend.Controllers.AuthController | [Auth] Login SUCCESS | Email=vasanth2004vk@gmail.com | EffectiveRole=SuperAdmin | OrgId=2
2026-03-15 21:03:28.027 [INF] Microsoft.AspNetCore.Mvc.Infrastructure.ObjectResultExecutor | Executing OkObjectResult, writing value of type '<>f__AnonymousType4`2[[System.String, System.Private.CoreLib, Version=10.0.0.0, Culture=neutral, PublicKeyToken=7cec85d7bea7798e],[<>f__AnonymousType5`6[[System.Int32, System.Private.CoreLib, Version=10.0.0.0, Culture=neutral, PublicKeyToken=7cec85d7bea7798e],[System.String, System.Private.CoreLib, Version=10.0.0.0, Culture=neutral, PublicKeyToken=7cec85d7bea7798e],[System.String, System.Private.CoreLib, Version=10.0.0.0, Culture=neutral, PublicKeyToken=7cec85d7bea7798e],[System.String, System.Private.CoreLib, Version=10.0.0.0, Culture=neutral, PublicKeyToken=7cec85d7bea7798e],[System.Nullable`1[[System.Int32, System.Private.CoreLib, Version=10.0.0.0, Culture=neutral, PublicKeyToken=7cec85d7bea7798e]], System.Private.CoreLib, Version=10.0.0.0, Culture=neutral, PublicKeyToken=7cec85d7bea7798e],[System.String, System.Private.CoreLib, Version=10.0.0.0, Culture=neutral, PublicKeyToken=7cec85d7bea7798e]], backend, Version=1.0.0.0, Culture=neutral, PublicKeyToken=null]]'.
2026-03-15 21:03:28.028 [INF] Microsoft.AspNetCore.Mvc.Infrastructure.ControllerActionInvoker | Executed action backend.Controllers.AuthController.Login (backend) in 1401.356ms
2026-03-15 21:03:28.028 [INF] Microsoft.AspNetCore.Routing.EndpointMiddleware | Executed endpoint 'backend.Controllers.AuthController.Login (backend)'
2026-03-15 21:03:28.028 [INF] Serilog.AspNetCore.RequestLoggingMiddleware | HTTP POST /api/auth/login → 200 (1401.7ms)
2026-03-15 21:03:28.028 [INF] Microsoft.AspNetCore.Hosting.Diagnostics | Request finished HTTP/1.1 POST http://localhost:5217/api/auth/login - 200 null application/json; charset=utf-8 1404.3097ms
2026-03-15 21:03:28.166 [INF] Microsoft.AspNetCore.Hosting.Diagnostics | Request starting HTTP/1.1 OPTIONS http://localhost:5217/api/Modules?organizationId=2 - null null
2026-03-15 21:03:28.166 [INF] Microsoft.AspNetCore.Cors.Infrastructure.CorsService | CORS policy execution successful.
2026-03-15 21:03:28.166 [INF] Microsoft.AspNetCore.Hosting.Diagnostics | Request finished HTTP/1.1 OPTIONS http://localhost:5217/api/Modules?organizationId=2 - 204 null null 0.7559ms
2026-03-15 21:03:28.166 [INF] Microsoft.AspNetCore.Hosting.Diagnostics | Request starting HTTP/1.1 OPTIONS http://localhost:5217/api/Modules?organizationId=2 - null null
2026-03-15 21:03:28.167 [INF] Microsoft.AspNetCore.Cors.Infrastructure.CorsService | CORS policy execution successful.
2026-03-15 21:03:28.167 [INF] Microsoft.AspNetCore.Hosting.Diagnostics | Request finished HTTP/1.1 OPTIONS http://localhost:5217/api/Modules?organizationId=2 - 204 null null 0.164ms
2026-03-15 21:03:28.169 [INF] Microsoft.AspNetCore.Hosting.Diagnostics | Request starting HTTP/1.1 GET http://localhost:5217/api/Modules?organizationId=2 - null null
2026-03-15 21:03:28.169 [INF] Microsoft.AspNetCore.Cors.Infrastructure.CorsService | CORS policy execution successful.
2026-03-15 21:03:28.211 [INF] Microsoft.AspNetCore.Routing.EndpointMiddleware | Executing endpoint 'backend.Controllers.ModulesController.Get (backend)'
2026-03-15 21:03:28.217 [INF] Microsoft.AspNetCore.Mvc.Infrastructure.ControllerActionInvoker | Route matched with {action = "Get", controller = "Modules"}. Executing controller action with signature System.Threading.Tasks.Task`1[Microsoft.AspNetCore.Mvc.IActionResult] Get(System.Nullable`1[System.Int32]) on controller backend.Controllers.ModulesController (backend).
2026-03-15 21:03:28.407 [INF] Microsoft.AspNetCore.Mvc.Infrastructure.ObjectResultExecutor | Executing OkObjectResult, writing value of type 'System.Collections.Generic.List`1[[backend.Models.ModuleInfo, backend, Version=1.0.0.0, Culture=neutral, PublicKeyToken=null]]'.
2026-03-15 21:03:28.410 [INF] Microsoft.AspNetCore.Mvc.Infrastructure.ControllerActionInvoker | Executed action backend.Controllers.ModulesController.Get (backend) in 192.2851ms
2026-03-15 21:03:28.410 [INF] Microsoft.AspNetCore.Routing.EndpointMiddleware | Executed endpoint 'backend.Controllers.ModulesController.Get (backend)'
2026-03-15 21:03:28.410 [INF] Serilog.AspNetCore.RequestLoggingMiddleware | HTTP GET /api/Modules → 200 (199.3ms)
2026-03-15 21:03:28.410 [INF] Microsoft.AspNetCore.Hosting.Diagnostics | Request finished HTTP/1.1 GET http://localhost:5217/api/Modules?organizationId=2 - 200 null application/json; charset=utf-8 240.7778ms
2026-03-15 21:03:28.411 [INF] Microsoft.AspNetCore.Hosting.Diagnostics | Request starting HTTP/1.1 GET http://localhost:5217/api/Modules?organizationId=2 - null null
2026-03-15 21:03:28.411 [INF] Microsoft.AspNetCore.Cors.Infrastructure.CorsService | CORS policy execution successful.
2026-03-15 21:03:28.412 [INF] Microsoft.AspNetCore.Hosting.Diagnostics | Request starting HTTP/1.1 OPTIONS http://localhost:5217/api/organizations - null null
2026-03-15 21:03:28.413 [INF] Microsoft.AspNetCore.Cors.Infrastructure.CorsService | CORS policy execution successful.
2026-03-15 21:03:28.413 [INF] Microsoft.AspNetCore.Hosting.Diagnostics | Request finished HTTP/1.1 OPTIONS http://localhost:5217/api/organizations - 204 null null 0.2325ms
2026-03-15 21:03:28.413 [INF] Microsoft.AspNetCore.Routing.EndpointMiddleware | Executing endpoint 'backend.Controllers.ModulesController.Get (backend)'
2026-03-15 21:03:28.414 [INF] Microsoft.AspNetCore.Mvc.Infrastructure.ControllerActionInvoker | Route matched with {action = "Get", controller = "Modules"}. Executing controller action with signature System.Threading.Tasks.Task`1[Microsoft.AspNetCore.Mvc.IActionResult] Get(System.Nullable`1[System.Int32]) on controller backend.Controllers.ModulesController (backend).
2026-03-15 21:03:28.415 [INF] Microsoft.AspNetCore.Hosting.Diagnostics | Request starting HTTP/1.1 GET http://localhost:5217/api/organizations - null null
2026-03-15 21:03:28.415 [INF] Microsoft.AspNetCore.Cors.Infrastructure.CorsService | CORS policy execution successful.
2026-03-15 21:03:28.417 [INF] Microsoft.AspNetCore.Routing.EndpointMiddleware | Executing endpoint 'backend.Controllers.OrganizationsController.GetOrganizations (backend)'
2026-03-15 21:03:28.423 [INF] Microsoft.AspNetCore.Mvc.Infrastructure.ControllerActionInvoker | Route matched with {action = "GetOrganizations", controller = "Organizations"}. Executing controller action with signature System.Threading.Tasks.Task`1[Microsoft.AspNetCore.Mvc.IActionResult] GetOrganizations() on controller backend.Controllers.OrganizationsController (backend).
2026-03-15 21:03:28.424 [INF] backend.Controllers.OrganizationsController | [Orgs] GET all requested | Role=SuperAdmin | UserId=18
2026-03-15 21:03:28.609 [INF] Microsoft.AspNetCore.Mvc.Infrastructure.ObjectResultExecutor | Executing OkObjectResult, writing value of type 'System.Collections.Generic.List`1[[backend.Models.ModuleInfo, backend, Version=1.0.0.0, Culture=neutral, PublicKeyToken=null]]'.
2026-03-15 21:03:28.609 [INF] Microsoft.AspNetCore.Mvc.Infrastructure.ControllerActionInvoker | Executed action backend.Controllers.ModulesController.Get (backend) in 195.2982ms
2026-03-15 21:03:28.609 [INF] Microsoft.AspNetCore.Routing.EndpointMiddleware | Executed endpoint 'backend.Controllers.ModulesController.Get (backend)'
2026-03-15 21:03:28.609 [INF] Serilog.AspNetCore.RequestLoggingMiddleware | HTTP GET /api/Modules → 200 (195.6ms)
2026-03-15 21:03:28.609 [INF] Microsoft.AspNetCore.Hosting.Diagnostics | Request finished HTTP/1.1 GET http://localhost:5217/api/Modules?organizationId=2 - 200 null application/json; charset=utf-8 198.0567ms
2026-03-15 21:03:29.403 [INF] Microsoft.AspNetCore.Mvc.Infrastructure.ObjectResultExecutor | Executing OkObjectResult, writing value of type 'System.Collections.Generic.List`1[[backend.Models.Organization, backend, Version=1.0.0.0, Culture=neutral, PublicKeyToken=null]]'.
2026-03-15 21:03:29.416 [INF] Microsoft.AspNetCore.Mvc.Infrastructure.ControllerActionInvoker | Executed action backend.Controllers.OrganizationsController.GetOrganizations (backend) in 993.4453ms
2026-03-15 21:03:29.417 [INF] Microsoft.AspNetCore.Routing.EndpointMiddleware | Executed endpoint 'backend.Controllers.OrganizationsController.GetOrganizations (backend)'
2026-03-15 21:03:29.417 [INF] Serilog.AspNetCore.RequestLoggingMiddleware | HTTP GET /api/organizations → 200 (999.6ms)
2026-03-15 21:03:29.417 [INF] Microsoft.AspNetCore.Hosting.Diagnostics | Request finished HTTP/1.1 GET http://localhost:5217/api/organizations - 200 null application/json; charset=utf-8 1002.1286ms
2026-03-15 21:03:29.418 [INF] Microsoft.AspNetCore.Hosting.Diagnostics | Request starting HTTP/1.1 GET http://localhost:5217/api/organizations - null null
2026-03-15 21:03:29.418 [INF] Microsoft.AspNetCore.Cors.Infrastructure.CorsService | CORS policy execution successful.
2026-03-15 21:03:29.419 [INF] Microsoft.AspNetCore.Routing.EndpointMiddleware | Executing endpoint 'backend.Controllers.OrganizationsController.GetOrganizations (backend)'
2026-03-15 21:03:29.419 [INF] Microsoft.AspNetCore.Mvc.Infrastructure.ControllerActionInvoker | Route matched with {action = "GetOrganizations", controller = "Organizations"}. Executing controller action with signature System.Threading.Tasks.Task`1[Microsoft.AspNetCore.Mvc.IActionResult] GetOrganizations() on controller backend.Controllers.OrganizationsController (backend).
2026-03-15 21:03:29.419 [INF] backend.Controllers.OrganizationsController | [Orgs] GET all requested | Role=SuperAdmin | UserId=18
2026-03-15 21:03:29.420 [INF] Microsoft.AspNetCore.Hosting.Diagnostics | Request starting HTTP/1.1 OPTIONS http://localhost:5217/api/Modules?organizationId=8 - null null
2026-03-15 21:03:29.420 [INF] Microsoft.AspNetCore.Cors.Infrastructure.CorsService | CORS policy execution successful.
2026-03-15 21:03:29.420 [INF] Microsoft.AspNetCore.Hosting.Diagnostics | Request starting HTTP/1.1 OPTIONS http://localhost:5217/api/Modules?organizationId=1 - null null
2026-03-15 21:03:29.420 [INF] Microsoft.AspNetCore.Hosting.Diagnostics | Request finished HTTP/1.1 OPTIONS http://localhost:5217/api/Modules?organizationId=8 - 204 null null 0.2398ms
2026-03-15 21:03:29.420 [INF] Microsoft.AspNetCore.Cors.Infrastructure.CorsService | CORS policy execution successful.
2026-03-15 21:03:29.420 [INF] Microsoft.AspNetCore.Hosting.Diagnostics | Request finished HTTP/1.1 OPTIONS http://localhost:5217/api/Modules?organizationId=1 - 204 null null 0.1701ms
2026-03-15 21:03:29.421 [INF] Microsoft.AspNetCore.Hosting.Diagnostics | Request starting HTTP/1.1 GET http://localhost:5217/api/Modules?organizationId=2 - null null
2026-03-15 21:03:29.422 [INF] Microsoft.AspNetCore.Cors.Infrastructure.CorsService | CORS policy execution successful.
2026-03-15 21:03:29.422 [INF] Microsoft.AspNetCore.Hosting.Diagnostics | Request starting HTTP/1.1 OPTIONS http://localhost:5217/api/Modules?organizationId=9 - null null
2026-03-15 21:03:29.422 [INF] Microsoft.AspNetCore.Cors.Infrastructure.CorsService | CORS policy execution successful.
2026-03-15 21:03:29.422 [INF] Microsoft.AspNetCore.Routing.EndpointMiddleware | Executing endpoint 'backend.Controllers.ModulesController.Get (backend)'
2026-03-15 21:03:29.422 [INF] Microsoft.AspNetCore.Hosting.Diagnostics | Request finished HTTP/1.1 OPTIONS http://localhost:5217/api/Modules?organizationId=9 - 204 null null 0.1353ms
2026-03-15 21:03:29.422 [INF] Microsoft.AspNetCore.Mvc.Infrastructure.ControllerActionInvoker | Route matched with {action = "Get", controller = "Modules"}. Executing controller action with signature System.Threading.Tasks.Task`1[Microsoft.AspNetCore.Mvc.IActionResult] Get(System.Nullable`1[System.Int32]) on controller backend.Controllers.ModulesController (backend).
2026-03-15 21:03:29.422 [INF] Microsoft.AspNetCore.Hosting.Diagnostics | Request starting HTTP/1.1 OPTIONS http://localhost:5217/api/Modules?organizationId=3 - null null
2026-03-15 21:03:29.422 [INF] Microsoft.AspNetCore.Cors.Infrastructure.CorsService | CORS policy execution successful.
2026-03-15 21:03:29.422 [INF] Microsoft.AspNetCore.Hosting.Diagnostics | Request finished HTTP/1.1 OPTIONS http://localhost:5217/api/Modules?organizationId=3 - 204 null null 0.1861ms
2026-03-15 21:03:29.446 [INF] Microsoft.AspNetCore.Hosting.Diagnostics | Request starting HTTP/1.1 GET http://localhost:5217/api/Modules?organizationId=8 - null null
2026-03-15 21:03:29.446 [INF] Microsoft.AspNetCore.Cors.Infrastructure.CorsService | CORS policy execution successful.
2026-03-15 21:03:29.447 [INF] Microsoft.AspNetCore.Hosting.Diagnostics | Request starting HTTP/1.1 GET http://localhost:5217/api/Modules?organizationId=1 - null null
2026-03-15 21:03:29.447 [INF] Microsoft.AspNetCore.Cors.Infrastructure.CorsService | CORS policy execution successful.
2026-03-15 21:03:29.447 [INF] Microsoft.AspNetCore.Routing.EndpointMiddleware | Executing endpoint 'backend.Controllers.ModulesController.Get (backend)'
2026-03-15 21:03:29.447 [INF] Microsoft.AspNetCore.Mvc.Infrastructure.ControllerActionInvoker | Route matched with {action = "Get", controller = "Modules"}. Executing controller action with signature System.Threading.Tasks.Task`1[Microsoft.AspNetCore.Mvc.IActionResult] Get(System.Nullable`1[System.Int32]) on controller backend.Controllers.ModulesController (backend).
2026-03-15 21:03:29.447 [INF] Microsoft.AspNetCore.Routing.EndpointMiddleware | Executing endpoint 'backend.Controllers.ModulesController.Get (backend)'
2026-03-15 21:03:29.447 [INF] Microsoft.AspNetCore.Hosting.Diagnostics | Request starting HTTP/1.1 GET http://localhost:5217/api/Modules?organizationId=9 - null null
2026-03-15 21:03:29.447 [INF] Microsoft.AspNetCore.Mvc.Infrastructure.ControllerActionInvoker | Route matched with {action = "Get", controller = "Modules"}. Executing controller action with signature System.Threading.Tasks.Task`1[Microsoft.AspNetCore.Mvc.IActionResult] Get(System.Nullable`1[System.Int32]) on controller backend.Controllers.ModulesController (backend).
2026-03-15 21:03:29.447 [INF] Microsoft.AspNetCore.Cors.Infrastructure.CorsService | CORS policy execution successful.
2026-03-15 21:03:29.447 [INF] Microsoft.AspNetCore.Hosting.Diagnostics | Request starting HTTP/1.1 GET http://localhost:5217/api/Modules?organizationId=3 - null null
2026-03-15 21:03:29.447 [INF] Microsoft.AspNetCore.Cors.Infrastructure.CorsService | CORS policy execution successful.
2026-03-15 21:03:29.447 [INF] Microsoft.AspNetCore.Routing.EndpointMiddleware | Executing endpoint 'backend.Controllers.ModulesController.Get (backend)'
2026-03-15 21:03:29.447 [INF] Microsoft.AspNetCore.Mvc.Infrastructure.ControllerActionInvoker | Route matched with {action = "Get", controller = "Modules"}. Executing controller action with signature System.Threading.Tasks.Task`1[Microsoft.AspNetCore.Mvc.IActionResult] Get(System.Nullable`1[System.Int32]) on controller backend.Controllers.ModulesController (backend).
2026-03-15 21:03:29.447 [INF] Microsoft.AspNetCore.Routing.EndpointMiddleware | Executing endpoint 'backend.Controllers.ModulesController.Get (backend)'
2026-03-15 21:03:29.448 [INF] Microsoft.AspNetCore.Mvc.Infrastructure.ControllerActionInvoker | Route matched with {action = "Get", controller = "Modules"}. Executing controller action with signature System.Threading.Tasks.Task`1[Microsoft.AspNetCore.Mvc.IActionResult] Get(System.Nullable`1[System.Int32]) on controller backend.Controllers.ModulesController (backend).
2026-03-15 21:03:29.603 [INF] Microsoft.AspNetCore.Mvc.Infrastructure.ObjectResultExecutor | Executing OkObjectResult, writing value of type 'System.Collections.Generic.List`1[[backend.Models.Organization, backend, Version=1.0.0.0, Culture=neutral, PublicKeyToken=null]]'.
2026-03-15 21:03:29.603 [INF] Microsoft.AspNetCore.Mvc.Infrastructure.ControllerActionInvoker | Executed action backend.Controllers.OrganizationsController.GetOrganizations (backend) in 184.1815ms
2026-03-15 21:03:29.603 [INF] Microsoft.AspNetCore.Routing.EndpointMiddleware | Executed endpoint 'backend.Controllers.OrganizationsController.GetOrganizations (backend)'
2026-03-15 21:03:29.603 [INF] Microsoft.AspNetCore.Mvc.Infrastructure.ObjectResultExecutor | Executing OkObjectResult, writing value of type 'System.Collections.Generic.List`1[[backend.Models.ModuleInfo, backend, Version=1.0.0.0, Culture=neutral, PublicKeyToken=null]]'.
2026-03-15 21:03:29.603 [INF] Serilog.AspNetCore.RequestLoggingMiddleware | HTTP GET /api/organizations → 200 (184.5ms)
2026-03-15 21:03:29.603 [INF] Microsoft.AspNetCore.Mvc.Infrastructure.ControllerActionInvoker | Executed action backend.Controllers.ModulesController.Get (backend) in 181.3123ms
2026-03-15 21:03:29.603 [INF] Microsoft.AspNetCore.Routing.EndpointMiddleware | Executed endpoint 'backend.Controllers.ModulesController.Get (backend)'
2026-03-15 21:03:29.603 [INF] Microsoft.AspNetCore.Hosting.Diagnostics | Request finished HTTP/1.1 GET http://localhost:5217/api/organizations - 200 null application/json; charset=utf-8 185.4429ms
2026-03-15 21:03:29.603 [INF] Serilog.AspNetCore.RequestLoggingMiddleware | HTTP GET /api/Modules → 200 (181.5ms)
2026-03-15 21:03:29.603 [INF] Microsoft.AspNetCore.Hosting.Diagnostics | Request finished HTTP/1.1 GET http://localhost:5217/api/Modules?organizationId=2 - 200 null application/json; charset=utf-8 181.9796ms
2026-03-15 21:03:29.606 [INF] Microsoft.AspNetCore.Hosting.Diagnostics | Request starting HTTP/1.1 GET http://localhost:5217/api/Modules?organizationId=2 - null null
2026-03-15 21:03:29.607 [INF] Microsoft.AspNetCore.Cors.Infrastructure.CorsService | CORS policy execution successful.
2026-03-15 21:03:29.607 [INF] Microsoft.AspNetCore.Routing.EndpointMiddleware | Executing endpoint 'backend.Controllers.ModulesController.Get (backend)'
2026-03-15 21:03:29.607 [INF] Microsoft.AspNetCore.Mvc.Infrastructure.ControllerActionInvoker | Route matched with {action = "Get", controller = "Modules"}. Executing controller action with signature System.Threading.Tasks.Task`1[Microsoft.AspNetCore.Mvc.IActionResult] Get(System.Nullable`1[System.Int32]) on controller backend.Controllers.ModulesController (backend).
2026-03-15 21:03:29.780 [INF] Microsoft.AspNetCore.Mvc.Infrastructure.ObjectResultExecutor | Executing OkObjectResult, writing value of type 'System.Collections.Generic.List`1[[backend.Models.ModuleInfo, backend, Version=1.0.0.0, Culture=neutral, PublicKeyToken=null]]'.
2026-03-15 21:03:29.780 [INF] Microsoft.AspNetCore.Mvc.Infrastructure.ControllerActionInvoker | Executed action backend.Controllers.ModulesController.Get (backend) in 333.1528ms
2026-03-15 21:03:29.780 [INF] Microsoft.AspNetCore.Routing.EndpointMiddleware | Executed endpoint 'backend.Controllers.ModulesController.Get (backend)'
2026-03-15 21:03:29.780 [INF] Serilog.AspNetCore.RequestLoggingMiddleware | HTTP GET /api/Modules → 200 (333.4ms)
2026-03-15 21:03:29.780 [INF] Microsoft.AspNetCore.Hosting.Diagnostics | Request finished HTTP/1.1 GET http://localhost:5217/api/Modules?organizationId=1 - 200 null application/json; charset=utf-8 333.8428ms
2026-03-15 21:03:29.782 [INF] Microsoft.AspNetCore.Hosting.Diagnostics | Request starting HTTP/1.1 GET http://localhost:5217/api/Modules?organizationId=1 - null null
2026-03-15 21:03:29.782 [INF] Microsoft.AspNetCore.Cors.Infrastructure.CorsService | CORS policy execution successful.
2026-03-15 21:03:29.783 [INF] Microsoft.AspNetCore.Routing.EndpointMiddleware | Executing endpoint 'backend.Controllers.ModulesController.Get (backend)'
2026-03-15 21:03:29.783 [INF] Microsoft.AspNetCore.Mvc.Infrastructure.ControllerActionInvoker | Route matched with {action = "Get", controller = "Modules"}. Executing controller action with signature System.Threading.Tasks.Task`1[Microsoft.AspNetCore.Mvc.IActionResult] Get(System.Nullable`1[System.Int32]) on controller backend.Controllers.ModulesController (backend).
2026-03-15 21:03:29.783 [INF] Microsoft.AspNetCore.Mvc.Infrastructure.ObjectResultExecutor | Executing OkObjectResult, writing value of type 'System.Collections.Generic.List`1[[backend.Models.ModuleInfo, backend, Version=1.0.0.0, Culture=neutral, PublicKeyToken=null]]'.
2026-03-15 21:03:29.784 [INF] Microsoft.AspNetCore.Mvc.Infrastructure.ControllerActionInvoker | Executed action backend.Controllers.ModulesController.Get (backend) in 336.1844ms
2026-03-15 21:03:29.784 [INF] Microsoft.AspNetCore.Routing.EndpointMiddleware | Executed endpoint 'backend.Controllers.ModulesController.Get (backend)'
2026-03-15 21:03:29.784 [INF] Serilog.AspNetCore.RequestLoggingMiddleware | HTTP GET /api/Modules → 200 (336.4ms)
2026-03-15 21:03:29.784 [INF] Microsoft.AspNetCore.Hosting.Diagnostics | Request finished HTTP/1.1 GET http://localhost:5217/api/Modules?organizationId=9 - 200 null application/json; charset=utf-8 336.7246ms
2026-03-15 21:03:29.785 [INF] Microsoft.AspNetCore.Hosting.Diagnostics | Request starting HTTP/1.1 GET http://localhost:5217/api/Modules?organizationId=9 - null null
2026-03-15 21:03:29.785 [INF] Microsoft.AspNetCore.Cors.Infrastructure.CorsService | CORS policy execution successful.
2026-03-15 21:03:29.785 [INF] Microsoft.AspNetCore.Routing.EndpointMiddleware | Executing endpoint 'backend.Controllers.ModulesController.Get (backend)'
2026-03-15 21:03:29.785 [INF] Microsoft.AspNetCore.Mvc.Infrastructure.ControllerActionInvoker | Route matched with {action = "Get", controller = "Modules"}. Executing controller action with signature System.Threading.Tasks.Task`1[Microsoft.AspNetCore.Mvc.IActionResult] Get(System.Nullable`1[System.Int32]) on controller backend.Controllers.ModulesController (backend).
2026-03-15 21:03:29.964 [INF] Microsoft.AspNetCore.Mvc.Infrastructure.ObjectResultExecutor | Executing OkObjectResult, writing value of type 'System.Collections.Generic.List`1[[backend.Models.ModuleInfo, backend, Version=1.0.0.0, Culture=neutral, PublicKeyToken=null]]'.
2026-03-15 21:03:29.964 [INF] Microsoft.AspNetCore.Mvc.Infrastructure.ControllerActionInvoker | Executed action backend.Controllers.ModulesController.Get (backend) in 516.5018ms
2026-03-15 21:03:29.964 [INF] Microsoft.AspNetCore.Routing.EndpointMiddleware | Executed endpoint 'backend.Controllers.ModulesController.Get (backend)'
2026-03-15 21:03:29.964 [INF] Serilog.AspNetCore.RequestLoggingMiddleware | HTTP GET /api/Modules → 200 (516.7ms)
2026-03-15 21:03:29.964 [INF] Microsoft.AspNetCore.Hosting.Diagnostics | Request finished HTTP/1.1 GET http://localhost:5217/api/Modules?organizationId=3 - 200 null application/json; charset=utf-8 517.1229ms
2026-03-15 21:03:29.966 [INF] Microsoft.AspNetCore.Mvc.Infrastructure.ObjectResultExecutor | Executing OkObjectResult, writing value of type 'System.Collections.Generic.List`1[[backend.Models.ModuleInfo, backend, Version=1.0.0.0, Culture=neutral, PublicKeyToken=null]]'.
2026-03-15 21:03:29.966 [INF] Microsoft.AspNetCore.Mvc.Infrastructure.ControllerActionInvoker | Executed action backend.Controllers.ModulesController.Get (backend) in 359.186ms
2026-03-15 21:03:29.966 [INF] Microsoft.AspNetCore.Hosting.Diagnostics | Request starting HTTP/1.1 GET http://localhost:5217/api/Modules?organizationId=3 - null null
2026-03-15 21:03:29.966 [INF] Microsoft.AspNetCore.Routing.EndpointMiddleware | Executed endpoint 'backend.Controllers.ModulesController.Get (backend)'
2026-03-15 21:03:29.966 [INF] Serilog.AspNetCore.RequestLoggingMiddleware | HTTP GET /api/Modules → 200 (359.5ms)
2026-03-15 21:03:29.967 [INF] Microsoft.AspNetCore.Cors.Infrastructure.CorsService | CORS policy execution successful.
2026-03-15 21:03:29.967 [INF] Microsoft.AspNetCore.Hosting.Diagnostics | Request finished HTTP/1.1 GET http://localhost:5217/api/Modules?organizationId=2 - 200 null application/json; charset=utf-8 360.0866ms
2026-03-15 21:03:29.967 [INF] Microsoft.AspNetCore.Routing.EndpointMiddleware | Executing endpoint 'backend.Controllers.ModulesController.Get (backend)'
2026-03-15 21:03:29.967 [INF] Microsoft.AspNetCore.Mvc.Infrastructure.ControllerActionInvoker | Route matched with {action = "Get", controller = "Modules"}. Executing controller action with signature System.Threading.Tasks.Task`1[Microsoft.AspNetCore.Mvc.IActionResult] Get(System.Nullable`1[System.Int32]) on controller backend.Controllers.ModulesController (backend).
2026-03-15 21:03:30.141 [INF] Microsoft.AspNetCore.Mvc.Infrastructure.ObjectResultExecutor | Executing OkObjectResult, writing value of type 'System.Collections.Generic.List`1[[backend.Models.ModuleInfo, backend, Version=1.0.0.0, Culture=neutral, PublicKeyToken=null]]'.
2026-03-15 21:03:30.141 [INF] Microsoft.AspNetCore.Mvc.Infrastructure.ObjectResultExecutor | Executing OkObjectResult, writing value of type 'System.Collections.Generic.List`1[[backend.Models.ModuleInfo, backend, Version=1.0.0.0, Culture=neutral, PublicKeyToken=null]]'.
2026-03-15 21:03:30.142 [INF] Microsoft.AspNetCore.Mvc.Infrastructure.ControllerActionInvoker | Executed action backend.Controllers.ModulesController.Get (backend) in 358.8785ms
2026-03-15 21:03:30.142 [INF] Microsoft.AspNetCore.Mvc.Infrastructure.ControllerActionInvoker | Executed action backend.Controllers.ModulesController.Get (backend) in 356.2449ms
2026-03-15 21:03:30.142 [INF] Microsoft.AspNetCore.Routing.EndpointMiddleware | Executed endpoint 'backend.Controllers.ModulesController.Get (backend)'
2026-03-15 21:03:30.142 [INF] Microsoft.AspNetCore.Routing.EndpointMiddleware | Executed endpoint 'backend.Controllers.ModulesController.Get (backend)'
2026-03-15 21:03:30.142 [INF] Serilog.AspNetCore.RequestLoggingMiddleware | HTTP GET /api/Modules → 200 (359.1ms)
2026-03-15 21:03:30.142 [INF] Serilog.AspNetCore.RequestLoggingMiddleware | HTTP GET /api/Modules → 200 (356.5ms)
2026-03-15 21:03:30.142 [INF] Microsoft.AspNetCore.Hosting.Diagnostics | Request finished HTTP/1.1 GET http://localhost:5217/api/Modules?organizationId=9 - 200 null application/json; charset=utf-8 356.9166ms
2026-03-15 21:03:30.142 [INF] Microsoft.AspNetCore.Hosting.Diagnostics | Request finished HTTP/1.1 GET http://localhost:5217/api/Modules?organizationId=1 - 200 null application/json; charset=utf-8 359.8782ms
2026-03-15 21:03:30.310 [INF] Microsoft.AspNetCore.Mvc.Infrastructure.ObjectResultExecutor | Executing OkObjectResult, writing value of type 'System.Collections.Generic.List`1[[backend.Models.ModuleInfo, backend, Version=1.0.0.0, Culture=neutral, PublicKeyToken=null]]'.
2026-03-15 21:03:30.310 [INF] Microsoft.AspNetCore.Mvc.Infrastructure.ControllerActionInvoker | Executed action backend.Controllers.ModulesController.Get (backend) in 342.8691ms
2026-03-15 21:03:30.310 [INF] Microsoft.AspNetCore.Routing.EndpointMiddleware | Executed endpoint 'backend.Controllers.ModulesController.Get (backend)'
2026-03-15 21:03:30.310 [INF] Serilog.AspNetCore.RequestLoggingMiddleware | HTTP GET /api/Modules → 200 (343.1ms)
2026-03-15 21:03:30.310 [INF] Microsoft.AspNetCore.Hosting.Diagnostics | Request finished HTTP/1.1 GET http://localhost:5217/api/Modules?organizationId=3 - 200 null application/json; charset=utf-8 343.7534ms
2026-03-15 21:03:30.413 [INF] Microsoft.AspNetCore.Mvc.Infrastructure.ObjectResultExecutor | Executing OkObjectResult, writing value of type 'System.Collections.Generic.List`1[[backend.Models.ModuleInfo, backend, Version=1.0.0.0, Culture=neutral, PublicKeyToken=null]]'.
2026-03-15 21:03:30.413 [INF] Microsoft.AspNetCore.Mvc.Infrastructure.ControllerActionInvoker | Executed action backend.Controllers.ModulesController.Get (backend) in 965.9817ms
2026-03-15 21:03:30.413 [INF] Microsoft.AspNetCore.Routing.EndpointMiddleware | Executed endpoint 'backend.Controllers.ModulesController.Get (backend)'
2026-03-15 21:03:30.413 [INF] Serilog.AspNetCore.RequestLoggingMiddleware | HTTP GET /api/Modules → 200 (966.2ms)
2026-03-15 21:03:30.413 [INF] Microsoft.AspNetCore.Hosting.Diagnostics | Request finished HTTP/1.1 GET http://localhost:5217/api/Modules?organizationId=8 - 200 null application/json; charset=utf-8 966.9628ms
2026-03-15 21:03:30.414 [INF] Microsoft.AspNetCore.Hosting.Diagnostics | Request starting HTTP/1.1 GET http://localhost:5217/api/Modules?organizationId=8 - null null
2026-03-15 21:03:30.414 [INF] Microsoft.AspNetCore.Cors.Infrastructure.CorsService | CORS policy execution successful.
2026-03-15 21:03:30.415 [INF] Microsoft.AspNetCore.Routing.EndpointMiddleware | Executing endpoint 'backend.Controllers.ModulesController.Get (backend)'
2026-03-15 21:03:30.415 [INF] Microsoft.AspNetCore.Mvc.Infrastructure.ControllerActionInvoker | Route matched with {action = "Get", controller = "Modules"}. Executing controller action with signature System.Threading.Tasks.Task`1[Microsoft.AspNetCore.Mvc.IActionResult] Get(System.Nullable`1[System.Int32]) on controller backend.Controllers.ModulesController (backend).
2026-03-15 21:03:30.417 [INF] Microsoft.AspNetCore.Hosting.Diagnostics | Request starting HTTP/1.1 GET http://localhost:5217/api/Modules?organizationId=2 - null null
2026-03-15 21:03:30.417 [INF] Microsoft.AspNetCore.Cors.Infrastructure.CorsService | CORS policy execution successful.
2026-03-15 21:03:30.417 [INF] Microsoft.AspNetCore.Hosting.Diagnostics | Request starting HTTP/1.1 GET http://localhost:5217/api/Modules?organizationId=1 - null null
2026-03-15 21:03:30.417 [INF] Microsoft.AspNetCore.Cors.Infrastructure.CorsService | CORS policy execution successful.
2026-03-15 21:03:30.417 [INF] Microsoft.AspNetCore.Routing.EndpointMiddleware | Executing endpoint 'backend.Controllers.ModulesController.Get (backend)'
2026-03-15 21:03:30.417 [INF] Microsoft.AspNetCore.Routing.EndpointMiddleware | Executing endpoint 'backend.Controllers.ModulesController.Get (backend)'
2026-03-15 21:03:30.417 [INF] Microsoft.AspNetCore.Hosting.Diagnostics | Request starting HTTP/1.1 GET http://localhost:5217/api/Modules?organizationId=9 - null null
2026-03-15 21:03:30.417 [INF] Microsoft.AspNetCore.Mvc.Infrastructure.ControllerActionInvoker | Route matched with {action = "Get", controller = "Modules"}. Executing controller action with signature System.Threading.Tasks.Task`1[Microsoft.AspNetCore.Mvc.IActionResult] Get(System.Nullable`1[System.Int32]) on controller backend.Controllers.ModulesController (backend).
2026-03-15 21:03:30.417 [INF] Microsoft.AspNetCore.Mvc.Infrastructure.ControllerActionInvoker | Route matched with {action = "Get", controller = "Modules"}. Executing controller action with signature System.Threading.Tasks.Task`1[Microsoft.AspNetCore.Mvc.IActionResult] Get(System.Nullable`1[System.Int32]) on controller backend.Controllers.ModulesController (backend).
2026-03-15 21:03:30.417 [INF] Microsoft.AspNetCore.Hosting.Diagnostics | Request starting HTTP/1.1 GET http://localhost:5217/api/Modules?organizationId=3 - null null
2026-03-15 21:03:30.418 [INF] Microsoft.AspNetCore.Cors.Infrastructure.CorsService | CORS policy execution successful.
2026-03-15 21:03:30.418 [INF] Microsoft.AspNetCore.Cors.Infrastructure.CorsService | CORS policy execution successful.
2026-03-15 21:03:30.418 [INF] Microsoft.AspNetCore.Routing.EndpointMiddleware | Executing endpoint 'backend.Controllers.ModulesController.Get (backend)'
2026-03-15 21:03:30.418 [INF] Microsoft.AspNetCore.Mvc.Infrastructure.ControllerActionInvoker | Route matched with {action = "Get", controller = "Modules"}. Executing controller action with signature System.Threading.Tasks.Task`1[Microsoft.AspNetCore.Mvc.IActionResult] Get(System.Nullable`1[System.Int32]) on controller backend.Controllers.ModulesController (backend).
2026-03-15 21:03:30.418 [INF] Microsoft.AspNetCore.Routing.EndpointMiddleware | Executing endpoint 'backend.Controllers.ModulesController.Get (backend)'
2026-03-15 21:03:30.418 [INF] Microsoft.AspNetCore.Mvc.Infrastructure.ControllerActionInvoker | Route matched with {action = "Get", controller = "Modules"}. Executing controller action with signature System.Threading.Tasks.Task`1[Microsoft.AspNetCore.Mvc.IActionResult] Get(System.Nullable`1[System.Int32]) on controller backend.Controllers.ModulesController (backend).
2026-03-15 21:03:30.633 [INF] Microsoft.AspNetCore.Mvc.Infrastructure.ObjectResultExecutor | Executing OkObjectResult, writing value of type 'System.Collections.Generic.List`1[[backend.Models.ModuleInfo, backend, Version=1.0.0.0, Culture=neutral, PublicKeyToken=null]]'.
2026-03-15 21:03:30.633 [INF] Microsoft.AspNetCore.Mvc.Infrastructure.ObjectResultExecutor | Executing OkObjectResult, writing value of type 'System.Collections.Generic.List`1[[backend.Models.ModuleInfo, backend, Version=1.0.0.0, Culture=neutral, PublicKeyToken=null]]'.
2026-03-15 21:03:30.633 [INF] Microsoft.AspNetCore.Mvc.Infrastructure.ObjectResultExecutor | Executing OkObjectResult, writing value of type 'System.Collections.Generic.List`1[[backend.Models.ModuleInfo, backend, Version=1.0.0.0, Culture=neutral, PublicKeyToken=null]]'.
2026-03-15 21:03:30.633 [INF] Microsoft.AspNetCore.Mvc.Infrastructure.ControllerActionInvoker | Executed action backend.Controllers.ModulesController.Get (backend) in 218.2902ms
2026-03-15 21:03:30.633 [INF] Microsoft.AspNetCore.Mvc.Infrastructure.ControllerActionInvoker | Executed action backend.Controllers.ModulesController.Get (backend) in 215.9343ms
2026-03-15 21:03:30.633 [INF] Microsoft.AspNetCore.Mvc.Infrastructure.ControllerActionInvoker | Executed action backend.Controllers.ModulesController.Get (backend) in 215.946ms
2026-03-15 21:03:30.634 [INF] Microsoft.AspNetCore.Routing.EndpointMiddleware | Executed endpoint 'backend.Controllers.ModulesController.Get (backend)'
2026-03-15 21:03:30.634 [INF] Microsoft.AspNetCore.Routing.EndpointMiddleware | Executed endpoint 'backend.Controllers.ModulesController.Get (backend)'
2026-03-15 21:03:30.634 [INF] Serilog.AspNetCore.RequestLoggingMiddleware | HTTP GET /api/Modules → 200 (218.7ms)
2026-03-15 21:03:30.634 [INF] Serilog.AspNetCore.RequestLoggingMiddleware | HTTP GET /api/Modules → 200 (216.3ms)
2026-03-15 21:03:30.634 [INF] Microsoft.AspNetCore.Routing.EndpointMiddleware | Executed endpoint 'backend.Controllers.ModulesController.Get (backend)'
2026-03-15 21:03:30.634 [INF] Microsoft.AspNetCore.Hosting.Diagnostics | Request finished HTTP/1.1 GET http://localhost:5217/api/Modules?organizationId=1 - 200 null application/json; charset=utf-8 216.6838ms
2026-03-15 21:03:30.634 [INF] Serilog.AspNetCore.RequestLoggingMiddleware | HTTP GET /api/Modules → 200 (216.4ms)
2026-03-15 21:03:30.634 [INF] Microsoft.AspNetCore.Hosting.Diagnostics | Request finished HTTP/1.1 GET http://localhost:5217/api/Modules?organizationId=8 - 200 null application/json; charset=utf-8 219.4108ms
2026-03-15 21:03:30.634 [INF] Microsoft.AspNetCore.Hosting.Diagnostics | Request finished HTTP/1.1 GET http://localhost:5217/api/Modules?organizationId=2 - 200 null application/json; charset=utf-8 216.9687ms
2026-03-15 21:03:30.635 [INF] Microsoft.AspNetCore.Hosting.Diagnostics | Request starting HTTP/1.1 GET http://localhost:5217/api/Modules?organizationId=8 - null null
2026-03-15 21:03:30.635 [INF] Microsoft.AspNetCore.Cors.Infrastructure.CorsService | CORS policy execution successful.
2026-03-15 21:03:30.636 [INF] Microsoft.AspNetCore.Routing.EndpointMiddleware | Executing endpoint 'backend.Controllers.ModulesController.Get (backend)'
2026-03-15 21:03:30.636 [INF] Microsoft.AspNetCore.Mvc.Infrastructure.ControllerActionInvoker | Route matched with {action = "Get", controller = "Modules"}. Executing controller action with signature System.Threading.Tasks.Task`1[Microsoft.AspNetCore.Mvc.IActionResult] Get(System.Nullable`1[System.Int32]) on controller backend.Controllers.ModulesController (backend).
2026-03-15 21:03:30.638 [INF] Microsoft.AspNetCore.Hosting.Diagnostics | Request starting HTTP/1.1 GET http://localhost:5217/api/Modules?organizationId=2 - null null
2026-03-15 21:03:30.638 [INF] Microsoft.AspNetCore.Cors.Infrastructure.CorsService | CORS policy execution successful.
2026-03-15 21:03:30.638 [INF] Microsoft.AspNetCore.Hosting.Diagnostics | Request starting HTTP/1.1 GET http://localhost:5217/api/Modules?organizationId=1 - null null
2026-03-15 21:03:30.638 [INF] Microsoft.AspNetCore.Cors.Infrastructure.CorsService | CORS policy execution successful.
2026-03-15 21:03:30.639 [INF] Microsoft.AspNetCore.Routing.EndpointMiddleware | Executing endpoint 'backend.Controllers.ModulesController.Get (backend)'
2026-03-15 21:03:30.639 [INF] Microsoft.AspNetCore.Routing.EndpointMiddleware | Executing endpoint 'backend.Controllers.ModulesController.Get (backend)'
2026-03-15 21:03:30.639 [INF] Microsoft.AspNetCore.Mvc.Infrastructure.ControllerActionInvoker | Route matched with {action = "Get", controller = "Modules"}. Executing controller action with signature System.Threading.Tasks.Task`1[Microsoft.AspNetCore.Mvc.IActionResult] Get(System.Nullable`1[System.Int32]) on controller backend.Controllers.ModulesController (backend).
2026-03-15 21:03:30.639 [INF] Microsoft.AspNetCore.Mvc.Infrastructure.ControllerActionInvoker | Route matched with {action = "Get", controller = "Modules"}. Executing controller action with signature System.Threading.Tasks.Task`1[Microsoft.AspNetCore.Mvc.IActionResult] Get(System.Nullable`1[System.Int32]) on controller backend.Controllers.ModulesController (backend).
2026-03-15 21:03:30.828 [INF] Microsoft.AspNetCore.Mvc.Infrastructure.ObjectResultExecutor | Executing OkObjectResult, writing value of type 'System.Collections.Generic.List`1[[backend.Models.ModuleInfo, backend, Version=1.0.0.0, Culture=neutral, PublicKeyToken=null]]'.
2026-03-15 21:03:30.828 [INF] Microsoft.AspNetCore.Mvc.Infrastructure.ObjectResultExecutor | Executing OkObjectResult, writing value of type 'System.Collections.Generic.List`1[[backend.Models.ModuleInfo, backend, Version=1.0.0.0, Culture=neutral, PublicKeyToken=null]]'.
2026-03-15 21:03:30.828 [INF] Microsoft.AspNetCore.Mvc.Infrastructure.ObjectResultExecutor | Executing OkObjectResult, writing value of type 'System.Collections.Generic.List`1[[backend.Models.ModuleInfo, backend, Version=1.0.0.0, Culture=neutral, PublicKeyToken=null]]'.
2026-03-15 21:03:30.828 [INF] Microsoft.AspNetCore.Mvc.Infrastructure.ControllerActionInvoker | Executed action backend.Controllers.ModulesController.Get (backend) in 192.0313ms
2026-03-15 21:03:30.828 [INF] Microsoft.AspNetCore.Mvc.Infrastructure.ControllerActionInvoker | Executed action backend.Controllers.ModulesController.Get (backend) in 410.1275ms
2026-03-15 21:03:30.828 [INF] Microsoft.AspNetCore.Mvc.Infrastructure.ControllerActionInvoker | Executed action backend.Controllers.ModulesController.Get (backend) in 189.2373ms
2026-03-15 21:03:30.828 [INF] Microsoft.AspNetCore.Routing.EndpointMiddleware | Executed endpoint 'backend.Controllers.ModulesController.Get (backend)'
2026-03-15 21:03:30.828 [INF] Microsoft.AspNetCore.Routing.EndpointMiddleware | Executed endpoint 'backend.Controllers.ModulesController.Get (backend)'
2026-03-15 21:03:30.828 [INF] Serilog.AspNetCore.RequestLoggingMiddleware | HTTP GET /api/Modules → 200 (192.4ms)
2026-03-15 21:03:30.828 [INF] Serilog.AspNetCore.RequestLoggingMiddleware | HTTP GET /api/Modules → 200 (189.6ms)
2026-03-15 21:03:30.828 [INF] Microsoft.AspNetCore.Routing.EndpointMiddleware | Executed endpoint 'backend.Controllers.ModulesController.Get (backend)'
2026-03-15 21:03:30.828 [INF] Serilog.AspNetCore.RequestLoggingMiddleware | HTTP GET /api/Modules → 200 (410.6ms)
2026-03-15 21:03:30.828 [INF] Microsoft.AspNetCore.Hosting.Diagnostics | Request finished HTTP/1.1 GET http://localhost:5217/api/Modules?organizationId=1 - 200 null application/json; charset=utf-8 190.0006ms
2026-03-15 21:03:30.828 [INF] Microsoft.AspNetCore.Hosting.Diagnostics | Request finished HTTP/1.1 GET http://localhost:5217/api/Modules?organizationId=8 - 200 null application/json; charset=utf-8 192.9885ms
2026-03-15 21:03:30.828 [INF] Microsoft.AspNetCore.Hosting.Diagnostics | Request finished HTTP/1.1 GET http://localhost:5217/api/Modules?organizationId=9 - 200 null application/json; charset=utf-8 410.9811ms
2026-03-15 21:03:30.830 [INF] Microsoft.AspNetCore.Hosting.Diagnostics | Request starting HTTP/1.1 GET http://localhost:5217/api/Modules?organizationId=9 - null null
2026-03-15 21:03:30.830 [INF] Microsoft.AspNetCore.Hosting.Diagnostics | Request starting HTTP/1.1 GET http://localhost:5217/api/Modules?organizationId=8 - null null
2026-03-15 21:03:30.830 [INF] Microsoft.AspNetCore.Cors.Infrastructure.CorsService | CORS policy execution successful.
2026-03-15 21:03:30.830 [INF] Microsoft.AspNetCore.Cors.Infrastructure.CorsService | CORS policy execution successful.
2026-03-15 21:03:30.831 [INF] Microsoft.AspNetCore.Routing.EndpointMiddleware | Executing endpoint 'backend.Controllers.ModulesController.Get (backend)'
2026-03-15 21:03:30.831 [INF] Microsoft.AspNetCore.Routing.EndpointMiddleware | Executing endpoint 'backend.Controllers.ModulesController.Get (backend)'
2026-03-15 21:03:30.831 [INF] Microsoft.AspNetCore.Mvc.Infrastructure.ControllerActionInvoker | Route matched with {action = "Get", controller = "Modules"}. Executing controller action with signature System.Threading.Tasks.Task`1[Microsoft.AspNetCore.Mvc.IActionResult] Get(System.Nullable`1[System.Int32]) on controller backend.Controllers.ModulesController (backend).
2026-03-15 21:03:30.831 [INF] Microsoft.AspNetCore.Mvc.Infrastructure.ControllerActionInvoker | Route matched with {action = "Get", controller = "Modules"}. Executing controller action with signature System.Threading.Tasks.Task`1[Microsoft.AspNetCore.Mvc.IActionResult] Get(System.Nullable`1[System.Int32]) on controller backend.Controllers.ModulesController (backend).
2026-03-15 21:03:31.012 [INF] Microsoft.AspNetCore.Mvc.Infrastructure.ObjectResultExecutor | Executing OkObjectResult, writing value of type 'System.Collections.Generic.List`1[[backend.Models.ModuleInfo, backend, Version=1.0.0.0, Culture=neutral, PublicKeyToken=null]]'.
2026-03-15 21:03:31.012 [INF] Microsoft.AspNetCore.Mvc.Infrastructure.ControllerActionInvoker | Executed action backend.Controllers.ModulesController.Get (backend) in 373.3637ms
2026-03-15 21:03:31.012 [INF] Microsoft.AspNetCore.Routing.EndpointMiddleware | Executed endpoint 'backend.Controllers.ModulesController.Get (backend)'
2026-03-15 21:03:31.012 [INF] Serilog.AspNetCore.RequestLoggingMiddleware | HTTP GET /api/Modules → 200 (373.6ms)
2026-03-15 21:03:31.012 [INF] Microsoft.AspNetCore.Hosting.Diagnostics | Request finished HTTP/1.1 GET http://localhost:5217/api/Modules?organizationId=2 - 200 null application/json; charset=utf-8 374.1554ms
2026-03-15 21:03:31.019 [INF] Microsoft.AspNetCore.Mvc.Infrastructure.ObjectResultExecutor | Executing OkObjectResult, writing value of type 'System.Collections.Generic.List`1[[backend.Models.ModuleInfo, backend, Version=1.0.0.0, Culture=neutral, PublicKeyToken=null]]'.
2026-03-15 21:03:31.019 [INF] Microsoft.AspNetCore.Mvc.Infrastructure.ControllerActionInvoker | Executed action backend.Controllers.ModulesController.Get (backend) in 188.0495ms
2026-03-15 21:03:31.019 [INF] Microsoft.AspNetCore.Routing.EndpointMiddleware | Executed endpoint 'backend.Controllers.ModulesController.Get (backend)'
2026-03-15 21:03:31.019 [INF] Serilog.AspNetCore.RequestLoggingMiddleware | HTTP GET /api/Modules → 200 (188.3ms)
2026-03-15 21:03:31.019 [INF] Microsoft.AspNetCore.Hosting.Diagnostics | Request finished HTTP/1.1 GET http://localhost:5217/api/Modules?organizationId=8 - 200 null application/json; charset=utf-8 189.0214ms
2026-03-15 21:03:31.020 [INF] Microsoft.AspNetCore.Mvc.Infrastructure.ObjectResultExecutor | Executing OkObjectResult, writing value of type 'System.Collections.Generic.List`1[[backend.Models.ModuleInfo, backend, Version=1.0.0.0, Culture=neutral, PublicKeyToken=null]]'.
2026-03-15 21:03:31.020 [INF] Microsoft.AspNetCore.Mvc.Infrastructure.ControllerActionInvoker | Executed action backend.Controllers.ModulesController.Get (backend) in 189.3323ms
2026-03-15 21:03:31.021 [INF] Microsoft.AspNetCore.Routing.EndpointMiddleware | Executed endpoint 'backend.Controllers.ModulesController.Get (backend)'
2026-03-15 21:03:31.021 [INF] Serilog.AspNetCore.RequestLoggingMiddleware | HTTP GET /api/Modules → 200 (189.6ms)
2026-03-15 21:03:31.021 [INF] Microsoft.AspNetCore.Hosting.Diagnostics | Request finished HTTP/1.1 GET http://localhost:5217/api/Modules?organizationId=9 - 200 null application/json; charset=utf-8 190.2754ms
2026-03-15 21:03:31.437 [INF] Microsoft.AspNetCore.Mvc.Infrastructure.ObjectResultExecutor | Executing OkObjectResult, writing value of type 'System.Collections.Generic.List`1[[backend.Models.ModuleInfo, backend, Version=1.0.0.0, Culture=neutral, PublicKeyToken=null]]'.
2026-03-15 21:03:31.437 [INF] Microsoft.AspNetCore.Mvc.Infrastructure.ControllerActionInvoker | Executed action backend.Controllers.ModulesController.Get (backend) in 1019.2629ms
2026-03-15 21:03:31.437 [INF] Microsoft.AspNetCore.Routing.EndpointMiddleware | Executed endpoint 'backend.Controllers.ModulesController.Get (backend)'
2026-03-15 21:03:31.437 [INF] Serilog.AspNetCore.RequestLoggingMiddleware | HTTP GET /api/Modules → 200 (1019.4ms)
2026-03-15 21:03:31.437 [INF] Microsoft.AspNetCore.Hosting.Diagnostics | Request finished HTTP/1.1 GET http://localhost:5217/api/Modules?organizationId=3 - 200 null application/json; charset=utf-8 1019.782ms
2026-03-15 21:03:31.439 [INF] Microsoft.AspNetCore.Hosting.Diagnostics | Request starting HTTP/1.1 GET http://localhost:5217/api/Modules?organizationId=3 - null null
2026-03-15 21:03:31.439 [INF] Microsoft.AspNetCore.Cors.Infrastructure.CorsService | CORS policy execution successful.
2026-03-15 21:03:31.439 [INF] Microsoft.AspNetCore.Routing.EndpointMiddleware | Executing endpoint 'backend.Controllers.ModulesController.Get (backend)'
2026-03-15 21:03:31.439 [INF] Microsoft.AspNetCore.Mvc.Infrastructure.ControllerActionInvoker | Route matched with {action = "Get", controller = "Modules"}. Executing controller action with signature System.Threading.Tasks.Task`1[Microsoft.AspNetCore.Mvc.IActionResult] Get(System.Nullable`1[System.Int32]) on controller backend.Controllers.ModulesController (backend).
2026-03-15 21:03:31.490 [INF] Microsoft.AspNetCore.Hosting.Diagnostics | Request starting HTTP/1.1 GET http://localhost:5217/api/Modules?organizationId=2 - null null
2026-03-15 21:03:31.490 [INF] Microsoft.AspNetCore.Hosting.Diagnostics | Request starting HTTP/1.1 GET http://localhost:5217/api/Modules?organizationId=8 - null null
2026-03-15 21:03:31.490 [INF] Microsoft.AspNetCore.Cors.Infrastructure.CorsService | CORS policy execution successful.
2026-03-15 21:03:31.490 [INF] Microsoft.AspNetCore.Cors.Infrastructure.CorsService | CORS policy execution successful.
2026-03-15 21:03:31.491 [INF] Microsoft.AspNetCore.Routing.EndpointMiddleware | Executing endpoint 'backend.Controllers.ModulesController.Get (backend)'
2026-03-15 21:03:31.491 [INF] Microsoft.AspNetCore.Routing.EndpointMiddleware | Executing endpoint 'backend.Controllers.ModulesController.Get (backend)'
2026-03-15 21:03:31.491 [INF] Microsoft.AspNetCore.Mvc.Infrastructure.ControllerActionInvoker | Route matched with {action = "Get", controller = "Modules"}. Executing controller action with signature System.Threading.Tasks.Task`1[Microsoft.AspNetCore.Mvc.IActionResult] Get(System.Nullable`1[System.Int32]) on controller backend.Controllers.ModulesController (backend).
2026-03-15 21:03:31.491 [INF] Microsoft.AspNetCore.Mvc.Infrastructure.ControllerActionInvoker | Route matched with {action = "Get", controller = "Modules"}. Executing controller action with signature System.Threading.Tasks.Task`1[Microsoft.AspNetCore.Mvc.IActionResult] Get(System.Nullable`1[System.Int32]) on controller backend.Controllers.ModulesController (backend).
2026-03-15 21:03:31.500 [INF] Microsoft.AspNetCore.Hosting.Diagnostics | Request starting HTTP/1.1 GET http://localhost:5217/api/Modules?organizationId=9 - null null
2026-03-15 21:03:31.500 [INF] Microsoft.AspNetCore.Hosting.Diagnostics | Request starting HTTP/1.1 GET http://localhost:5217/api/Modules?organizationId=1 - null null
2026-03-15 21:03:31.500 [INF] Microsoft.AspNetCore.Cors.Infrastructure.CorsService | CORS policy execution successful.
2026-03-15 21:03:31.500 [INF] Microsoft.AspNetCore.Cors.Infrastructure.CorsService | CORS policy execution successful.
2026-03-15 21:03:31.500 [INF] Microsoft.AspNetCore.Routing.EndpointMiddleware | Executing endpoint 'backend.Controllers.ModulesController.Get (backend)'
2026-03-15 21:03:31.500 [INF] Microsoft.AspNetCore.Routing.EndpointMiddleware | Executing endpoint 'backend.Controllers.ModulesController.Get (backend)'
2026-03-15 21:03:31.500 [INF] Microsoft.AspNetCore.Mvc.Infrastructure.ControllerActionInvoker | Route matched with {action = "Get", controller = "Modules"}. Executing controller action with signature System.Threading.Tasks.Task`1[Microsoft.AspNetCore.Mvc.IActionResult] Get(System.Nullable`1[System.Int32]) on controller backend.Controllers.ModulesController (backend).
2026-03-15 21:03:31.500 [INF] Microsoft.AspNetCore.Mvc.Infrastructure.ControllerActionInvoker | Route matched with {action = "Get", controller = "Modules"}. Executing controller action with signature System.Threading.Tasks.Task`1[Microsoft.AspNetCore.Mvc.IActionResult] Get(System.Nullable`1[System.Int32]) on controller backend.Controllers.ModulesController (backend).
2026-03-15 21:03:31.656 [INF] Microsoft.AspNetCore.Mvc.Infrastructure.ObjectResultExecutor | Executing OkObjectResult, writing value of type 'System.Collections.Generic.List`1[[backend.Models.ModuleInfo, backend, Version=1.0.0.0, Culture=neutral, PublicKeyToken=null]]'.
2026-03-15 21:03:31.656 [INF] Microsoft.AspNetCore.Mvc.Infrastructure.ControllerActionInvoker | Executed action backend.Controllers.ModulesController.Get (backend) in 216.5416ms
2026-03-15 21:03:31.656 [INF] Microsoft.AspNetCore.Routing.EndpointMiddleware | Executed endpoint 'backend.Controllers.ModulesController.Get (backend)'
2026-03-15 21:03:31.656 [INF] Serilog.AspNetCore.RequestLoggingMiddleware | HTTP GET /api/Modules → 200 (216.8ms)
2026-03-15 21:03:31.656 [INF] Microsoft.AspNetCore.Hosting.Diagnostics | Request finished HTTP/1.1 GET http://localhost:5217/api/Modules?organizationId=3 - 200 null application/json; charset=utf-8 217.5652ms
2026-03-15 21:03:31.657 [INF] Microsoft.AspNetCore.Hosting.Diagnostics | Request starting HTTP/1.1 GET http://localhost:5217/api/Modules?organizationId=3 - null null
2026-03-15 21:03:31.657 [INF] Microsoft.AspNetCore.Cors.Infrastructure.CorsService | CORS policy execution successful.
2026-03-15 21:03:31.658 [INF] Microsoft.AspNetCore.Routing.EndpointMiddleware | Executing endpoint 'backend.Controllers.ModulesController.Get (backend)'
2026-03-15 21:03:31.658 [INF] Microsoft.AspNetCore.Mvc.Infrastructure.ControllerActionInvoker | Route matched with {action = "Get", controller = "Modules"}. Executing controller action with signature System.Threading.Tasks.Task`1[Microsoft.AspNetCore.Mvc.IActionResult] Get(System.Nullable`1[System.Int32]) on controller backend.Controllers.ModulesController (backend).
2026-03-15 21:03:31.672 [INF] Microsoft.AspNetCore.Mvc.Infrastructure.ObjectResultExecutor | Executing OkObjectResult, writing value of type 'System.Collections.Generic.List`1[[backend.Models.ModuleInfo, backend, Version=1.0.0.0, Culture=neutral, PublicKeyToken=null]]'.
2026-03-15 21:03:31.672 [INF] Microsoft.AspNetCore.Mvc.Infrastructure.ControllerActionInvoker | Executed action backend.Controllers.ModulesController.Get (backend) in 181.3279ms
2026-03-15 21:03:31.672 [INF] Microsoft.AspNetCore.Routing.EndpointMiddleware | Executed endpoint 'backend.Controllers.ModulesController.Get (backend)'
2026-03-15 21:03:31.672 [INF] Serilog.AspNetCore.RequestLoggingMiddleware | HTTP GET /api/Modules → 200 (181.5ms)
2026-03-15 21:03:31.672 [INF] Microsoft.AspNetCore.Hosting.Diagnostics | Request finished HTTP/1.1 GET http://localhost:5217/api/Modules?organizationId=2 - 200 null application/json; charset=utf-8 182.0563ms
2026-03-15 21:03:31.677 [INF] Microsoft.AspNetCore.Mvc.Infrastructure.ObjectResultExecutor | Executing OkObjectResult, writing value of type 'System.Collections.Generic.List`1[[backend.Models.ModuleInfo, backend, Version=1.0.0.0, Culture=neutral, PublicKeyToken=null]]'.
2026-03-15 21:03:31.677 [INF] Microsoft.AspNetCore.Mvc.Infrastructure.ControllerActionInvoker | Executed action backend.Controllers.ModulesController.Get (backend) in 186.4203ms
2026-03-15 21:03:31.677 [INF] Microsoft.AspNetCore.Routing.EndpointMiddleware | Executed endpoint 'backend.Controllers.ModulesController.Get (backend)'
2026-03-15 21:03:31.677 [INF] Serilog.AspNetCore.RequestLoggingMiddleware | HTTP GET /api/Modules → 200 (186.6ms)
2026-03-15 21:03:31.677 [INF] Microsoft.AspNetCore.Hosting.Diagnostics | Request finished HTTP/1.1 GET http://localhost:5217/api/Modules?organizationId=8 - 200 null application/json; charset=utf-8 187.1388ms
2026-03-15 21:03:31.703 [INF] Microsoft.AspNetCore.Hosting.Diagnostics | Request starting HTTP/1.1 GET http://localhost:5217/api/Modules?organizationId=2 - null null
2026-03-15 21:03:31.704 [INF] Microsoft.AspNetCore.Hosting.Diagnostics | Request starting HTTP/1.1 GET http://localhost:5217/api/Modules?organizationId=8 - null null
2026-03-15 21:03:31.704 [INF] Microsoft.AspNetCore.Cors.Infrastructure.CorsService | CORS policy execution successful.
2026-03-15 21:03:31.704 [INF] Microsoft.AspNetCore.Cors.Infrastructure.CorsService | CORS policy execution successful.
2026-03-15 21:03:31.704 [INF] Microsoft.AspNetCore.Routing.EndpointMiddleware | Executing endpoint 'backend.Controllers.ModulesController.Get (backend)'
2026-03-15 21:03:31.704 [INF] Microsoft.AspNetCore.Routing.EndpointMiddleware | Executing endpoint 'backend.Controllers.ModulesController.Get (backend)'
2026-03-15 21:03:31.704 [INF] Microsoft.AspNetCore.Mvc.Infrastructure.ControllerActionInvoker | Route matched with {action = "Get", controller = "Modules"}. Executing controller action with signature System.Threading.Tasks.Task`1[Microsoft.AspNetCore.Mvc.IActionResult] Get(System.Nullable`1[System.Int32]) on controller backend.Controllers.ModulesController (backend).
2026-03-15 21:03:31.704 [INF] Microsoft.AspNetCore.Mvc.Infrastructure.ControllerActionInvoker | Route matched with {action = "Get", controller = "Modules"}. Executing controller action with signature System.Threading.Tasks.Task`1[Microsoft.AspNetCore.Mvc.IActionResult] Get(System.Nullable`1[System.Int32]) on controller backend.Controllers.ModulesController (backend).
2026-03-15 21:03:31.781 [INF] Microsoft.AspNetCore.Mvc.Infrastructure.ObjectResultExecutor | Executing OkObjectResult, writing value of type 'System.Collections.Generic.List`1[[backend.Models.ModuleInfo, backend, Version=1.0.0.0, Culture=neutral, PublicKeyToken=null]]'.
2026-03-15 21:03:31.781 [INF] Microsoft.AspNetCore.Mvc.Infrastructure.ControllerActionInvoker | Executed action backend.Controllers.ModulesController.Get (backend) in 280.5038ms
2026-03-15 21:03:31.781 [INF] Microsoft.AspNetCore.Routing.EndpointMiddleware | Executed endpoint 'backend.Controllers.ModulesController.Get (backend)'
2026-03-15 21:03:31.781 [INF] Serilog.AspNetCore.RequestLoggingMiddleware | HTTP GET /api/Modules → 200 (280.9ms)
2026-03-15 21:03:31.781 [INF] Microsoft.AspNetCore.Hosting.Diagnostics | Request finished HTTP/1.1 GET http://localhost:5217/api/Modules?organizationId=1 - 200 null application/json; charset=utf-8 281.5331ms
2026-03-15 21:03:31.783 [INF] Microsoft.AspNetCore.Hosting.Diagnostics | Request starting HTTP/1.1 GET http://localhost:5217/api/Modules?organizationId=1 - null null
2026-03-15 21:03:31.783 [INF] Microsoft.AspNetCore.Cors.Infrastructure.CorsService | CORS policy execution successful.
2026-03-15 21:03:31.783 [INF] Microsoft.AspNetCore.Routing.EndpointMiddleware | Executing endpoint 'backend.Controllers.ModulesController.Get (backend)'
2026-03-15 21:03:31.783 [INF] Microsoft.AspNetCore.Mvc.Infrastructure.ControllerActionInvoker | Route matched with {action = "Get", controller = "Modules"}. Executing controller action with signature System.Threading.Tasks.Task`1[Microsoft.AspNetCore.Mvc.IActionResult] Get(System.Nullable`1[System.Int32]) on controller backend.Controllers.ModulesController (backend).
2026-03-15 21:03:31.857 [INF] Microsoft.AspNetCore.Mvc.Infrastructure.ObjectResultExecutor | Executing OkObjectResult, writing value of type 'System.Collections.Generic.List`1[[backend.Models.ModuleInfo, backend, Version=1.0.0.0, Culture=neutral, PublicKeyToken=null]]'.
2026-03-15 21:03:31.858 [INF] Microsoft.AspNetCore.Mvc.Infrastructure.ControllerActionInvoker | Executed action backend.Controllers.ModulesController.Get (backend) in 199.5733ms
2026-03-15 21:03:31.858 [INF] Microsoft.AspNetCore.Routing.EndpointMiddleware | Executed endpoint 'backend.Controllers.ModulesController.Get (backend)'
2026-03-15 21:03:31.858 [INF] Serilog.AspNetCore.RequestLoggingMiddleware | HTTP GET /api/Modules → 200 (199.9ms)
2026-03-15 21:03:31.858 [INF] Microsoft.AspNetCore.Hosting.Diagnostics | Request finished HTTP/1.1 GET http://localhost:5217/api/Modules?organizationId=3 - 200 null application/json; charset=utf-8 200.5395ms
2026-03-15 21:03:31.859 [INF] Microsoft.AspNetCore.Hosting.Diagnostics | Request starting HTTP/1.1 GET http://localhost:5217/api/Modules?organizationId=3 - null null
2026-03-15 21:03:31.859 [INF] Microsoft.AspNetCore.Cors.Infrastructure.CorsService | CORS policy execution successful.
2026-03-15 21:03:31.860 [INF] Microsoft.AspNetCore.Routing.EndpointMiddleware | Executing endpoint 'backend.Controllers.ModulesController.Get (backend)'
2026-03-15 21:03:31.860 [INF] Microsoft.AspNetCore.Mvc.Infrastructure.ControllerActionInvoker | Route matched with {action = "Get", controller = "Modules"}. Executing controller action with signature System.Threading.Tasks.Task`1[Microsoft.AspNetCore.Mvc.IActionResult] Get(System.Nullable`1[System.Int32]) on controller backend.Controllers.ModulesController (backend).
2026-03-15 21:03:31.879 [INF] Microsoft.AspNetCore.Mvc.Infrastructure.ObjectResultExecutor | Executing OkObjectResult, writing value of type 'System.Collections.Generic.List`1[[backend.Models.ModuleInfo, backend, Version=1.0.0.0, Culture=neutral, PublicKeyToken=null]]'.
2026-03-15 21:03:31.879 [INF] Microsoft.AspNetCore.Mvc.Infrastructure.ControllerActionInvoker | Executed action backend.Controllers.ModulesController.Get (backend) in 175.1831ms
2026-03-15 21:03:31.879 [INF] Microsoft.AspNetCore.Routing.EndpointMiddleware | Executed endpoint 'backend.Controllers.ModulesController.Get (backend)'
2026-03-15 21:03:31.879 [INF] Serilog.AspNetCore.RequestLoggingMiddleware | HTTP GET /api/Modules → 200 (175.4ms)
2026-03-15 21:03:31.879 [INF] Microsoft.AspNetCore.Hosting.Diagnostics | Request finished HTTP/1.1 GET http://localhost:5217/api/Modules?organizationId=2 - 200 null application/json; charset=utf-8 175.9235ms
2026-03-15 21:03:31.891 [INF] Microsoft.AspNetCore.Mvc.Infrastructure.ObjectResultExecutor | Executing OkObjectResult, writing value of type 'System.Collections.Generic.List`1[[backend.Models.ModuleInfo, backend, Version=1.0.0.0, Culture=neutral, PublicKeyToken=null]]'.
2026-03-15 21:03:31.891 [INF] Microsoft.AspNetCore.Mvc.Infrastructure.ControllerActionInvoker | Executed action backend.Controllers.ModulesController.Get (backend) in 187.1533ms
2026-03-15 21:03:31.891 [INF] Microsoft.AspNetCore.Routing.EndpointMiddleware | Executed endpoint 'backend.Controllers.ModulesController.Get (backend)'
2026-03-15 21:03:31.891 [INF] Serilog.AspNetCore.RequestLoggingMiddleware | HTTP GET /api/Modules → 200 (187.3ms)
2026-03-15 21:03:31.891 [INF] Microsoft.AspNetCore.Hosting.Diagnostics | Request finished HTTP/1.1 GET http://localhost:5217/api/Modules?organizationId=8 - 200 null application/json; charset=utf-8 187.7782ms
2026-03-15 21:03:31.989 [INF] Microsoft.AspNetCore.Mvc.Infrastructure.ObjectResultExecutor | Executing OkObjectResult, writing value of type 'System.Collections.Generic.List`1[[backend.Models.ModuleInfo, backend, Version=1.0.0.0, Culture=neutral, PublicKeyToken=null]]'.
2026-03-15 21:03:31.989 [INF] Microsoft.AspNetCore.Mvc.Infrastructure.ControllerActionInvoker | Executed action backend.Controllers.ModulesController.Get (backend) in 205.7508ms
2026-03-15 21:03:31.989 [INF] Microsoft.AspNetCore.Routing.EndpointMiddleware | Executed endpoint 'backend.Controllers.ModulesController.Get (backend)'
2026-03-15 21:03:31.989 [INF] Serilog.AspNetCore.RequestLoggingMiddleware | HTTP GET /api/Modules → 200 (205.9ms)
2026-03-15 21:03:31.989 [INF] Microsoft.AspNetCore.Hosting.Diagnostics | Request finished HTTP/1.1 GET http://localhost:5217/api/Modules?organizationId=1 - 200 null application/json; charset=utf-8 206.413ms
2026-03-15 21:03:32.054 [INF] Microsoft.AspNetCore.Mvc.Infrastructure.ObjectResultExecutor | Executing OkObjectResult, writing value of type 'System.Collections.Generic.List`1[[backend.Models.ModuleInfo, backend, Version=1.0.0.0, Culture=neutral, PublicKeyToken=null]]'.
2026-03-15 21:03:32.055 [INF] Microsoft.AspNetCore.Mvc.Infrastructure.ControllerActionInvoker | Executed action backend.Controllers.ModulesController.Get (backend) in 194.9363ms
2026-03-15 21:03:32.055 [INF] Microsoft.AspNetCore.Routing.EndpointMiddleware | Executed endpoint 'backend.Controllers.ModulesController.Get (backend)'
2026-03-15 21:03:32.055 [INF] Serilog.AspNetCore.RequestLoggingMiddleware | HTTP GET /api/Modules → 200 (195.1ms)
2026-03-15 21:03:32.055 [INF] Microsoft.AspNetCore.Hosting.Diagnostics | Request finished HTTP/1.1 GET http://localhost:5217/api/Modules?organizationId=3 - 200 null application/json; charset=utf-8 195.6859ms
2026-03-15 21:03:32.536 [INF] Microsoft.AspNetCore.Mvc.Infrastructure.ObjectResultExecutor | Executing OkObjectResult, writing value of type 'System.Collections.Generic.List`1[[backend.Models.ModuleInfo, backend, Version=1.0.0.0, Culture=neutral, PublicKeyToken=null]]'.
2026-03-15 21:03:32.537 [INF] Microsoft.AspNetCore.Mvc.Infrastructure.ControllerActionInvoker | Executed action backend.Controllers.ModulesController.Get (backend) in 1036.089ms
2026-03-15 21:03:32.537 [INF] Microsoft.AspNetCore.Routing.EndpointMiddleware | Executed endpoint 'backend.Controllers.ModulesController.Get (backend)'
2026-03-15 21:03:32.537 [INF] Serilog.AspNetCore.RequestLoggingMiddleware | HTTP GET /api/Modules → 200 (1036.4ms)
2026-03-15 21:03:32.537 [INF] Microsoft.AspNetCore.Hosting.Diagnostics | Request finished HTTP/1.1 GET http://localhost:5217/api/Modules?organizationId=9 - 200 null application/json; charset=utf-8 1037.0932ms
2026-03-15 21:03:32.538 [INF] Microsoft.AspNetCore.Hosting.Diagnostics | Request starting HTTP/1.1 GET http://localhost:5217/api/Modules?organizationId=9 - null null
2026-03-15 21:03:32.538 [INF] Microsoft.AspNetCore.Cors.Infrastructure.CorsService | CORS policy execution successful.
2026-03-15 21:03:32.539 [INF] Microsoft.AspNetCore.Routing.EndpointMiddleware | Executing endpoint 'backend.Controllers.ModulesController.Get (backend)'
2026-03-15 21:03:32.539 [INF] Microsoft.AspNetCore.Mvc.Infrastructure.ControllerActionInvoker | Route matched with {action = "Get", controller = "Modules"}. Executing controller action with signature System.Threading.Tasks.Task`1[Microsoft.AspNetCore.Mvc.IActionResult] Get(System.Nullable`1[System.Int32]) on controller backend.Controllers.ModulesController (backend).
2026-03-15 21:03:32.541 [INF] Microsoft.AspNetCore.Hosting.Diagnostics | Request starting HTTP/1.1 GET http://localhost:5217/api/Modules?organizationId=8 - null null
2026-03-15 21:03:32.541 [INF] Microsoft.AspNetCore.Hosting.Diagnostics | Request starting HTTP/1.1 GET http://localhost:5217/api/Modules?organizationId=2 - null null
2026-03-15 21:03:32.541 [INF] Microsoft.AspNetCore.Cors.Infrastructure.CorsService | CORS policy execution successful.
2026-03-15 21:03:32.541 [INF] Microsoft.AspNetCore.Cors.Infrastructure.CorsService | CORS policy execution successful.
2026-03-15 21:03:32.542 [INF] Microsoft.AspNetCore.Hosting.Diagnostics | Request starting HTTP/1.1 GET http://localhost:5217/api/Modules?organizationId=1 - null null
2026-03-15 21:03:32.542 [INF] Microsoft.AspNetCore.Cors.Infrastructure.CorsService | CORS policy execution successful.
2026-03-15 21:03:32.542 [INF] Microsoft.AspNetCore.Routing.EndpointMiddleware | Executing endpoint 'backend.Controllers.ModulesController.Get (backend)'
2026-03-15 21:03:32.542 [INF] Microsoft.AspNetCore.Routing.EndpointMiddleware | Executing endpoint 'backend.Controllers.ModulesController.Get (backend)'
2026-03-15 21:03:32.542 [INF] Microsoft.AspNetCore.Routing.EndpointMiddleware | Executing endpoint 'backend.Controllers.ModulesController.Get (backend)'
2026-03-15 21:03:32.542 [INF] Microsoft.AspNetCore.Mvc.Infrastructure.ControllerActionInvoker | Route matched with {action = "Get", controller = "Modules"}. Executing controller action with signature System.Threading.Tasks.Task`1[Microsoft.AspNetCore.Mvc.IActionResult] Get(System.Nullable`1[System.Int32]) on controller backend.Controllers.ModulesController (backend).
2026-03-15 21:03:32.542 [INF] Microsoft.AspNetCore.Mvc.Infrastructure.ControllerActionInvoker | Route matched with {action = "Get", controller = "Modules"}. Executing controller action with signature System.Threading.Tasks.Task`1[Microsoft.AspNetCore.Mvc.IActionResult] Get(System.Nullable`1[System.Int32]) on controller backend.Controllers.ModulesController (backend).
2026-03-15 21:03:32.542 [INF] Microsoft.AspNetCore.Mvc.Infrastructure.ControllerActionInvoker | Route matched with {action = "Get", controller = "Modules"}. Executing controller action with signature System.Threading.Tasks.Task`1[Microsoft.AspNetCore.Mvc.IActionResult] Get(System.Nullable`1[System.Int32]) on controller backend.Controllers.ModulesController (backend).
2026-03-15 21:03:32.542 [INF] Microsoft.AspNetCore.Hosting.Diagnostics | Request starting HTTP/1.1 GET http://localhost:5217/api/Modules?organizationId=3 - null null
2026-03-15 21:03:32.542 [INF] Microsoft.AspNetCore.Cors.Infrastructure.CorsService | CORS policy execution successful.
2026-03-15 21:03:32.542 [INF] Microsoft.AspNetCore.Routing.EndpointMiddleware | Executing endpoint 'backend.Controllers.ModulesController.Get (backend)'
2026-03-15 21:03:32.542 [INF] Microsoft.AspNetCore.Mvc.Infrastructure.ControllerActionInvoker | Route matched with {action = "Get", controller = "Modules"}. Executing controller action with signature System.Threading.Tasks.Task`1[Microsoft.AspNetCore.Mvc.IActionResult] Get(System.Nullable`1[System.Int32]) on controller backend.Controllers.ModulesController (backend).
2026-03-15 21:03:32.772 [INF] Microsoft.AspNetCore.Mvc.Infrastructure.ObjectResultExecutor | Executing OkObjectResult, writing value of type 'System.Collections.Generic.List`1[[backend.Models.ModuleInfo, backend, Version=1.0.0.0, Culture=neutral, PublicKeyToken=null]]'.
2026-03-15 21:03:32.772 [INF] Microsoft.AspNetCore.Mvc.Infrastructure.ObjectResultExecutor | Executing OkObjectResult, writing value of type 'System.Collections.Generic.List`1[[backend.Models.ModuleInfo, backend, Version=1.0.0.0, Culture=neutral, PublicKeyToken=null]]'.
2026-03-15 21:03:32.772 [INF] Microsoft.AspNetCore.Mvc.Infrastructure.ObjectResultExecutor | Executing OkObjectResult, writing value of type 'System.Collections.Generic.List`1[[backend.Models.ModuleInfo, backend, Version=1.0.0.0, Culture=neutral, PublicKeyToken=null]]'.
2026-03-15 21:03:32.773 [INF] Microsoft.AspNetCore.Mvc.Infrastructure.ControllerActionInvoker | Executed action backend.Controllers.ModulesController.Get (backend) in 233.4221ms
2026-03-15 21:03:32.773 [INF] Microsoft.AspNetCore.Mvc.Infrastructure.ControllerActionInvoker | Executed action backend.Controllers.ModulesController.Get (backend) in 230.6564ms
2026-03-15 21:03:32.773 [INF] Microsoft.AspNetCore.Routing.EndpointMiddleware | Executed endpoint 'backend.Controllers.ModulesController.Get (backend)'
2026-03-15 21:03:32.773 [INF] Microsoft.AspNetCore.Mvc.Infrastructure.ControllerActionInvoker | Executed action backend.Controllers.ModulesController.Get (backend) in 230.7397ms
2026-03-15 21:03:32.773 [INF] Serilog.AspNetCore.RequestLoggingMiddleware | HTTP GET /api/Modules → 200 (233.7ms)
2026-03-15 21:03:32.773 [INF] Microsoft.AspNetCore.Routing.EndpointMiddleware | Executed endpoint 'backend.Controllers.ModulesController.Get (backend)'
2026-03-15 21:03:32.773 [INF] Microsoft.AspNetCore.Routing.EndpointMiddleware | Executed endpoint 'backend.Controllers.ModulesController.Get (backend)'
2026-03-15 21:03:32.773 [INF] Serilog.AspNetCore.RequestLoggingMiddleware | HTTP GET /api/Modules → 200 (231.0ms)
2026-03-15 21:03:32.773 [INF] Serilog.AspNetCore.RequestLoggingMiddleware | HTTP GET /api/Modules → 200 (231.0ms)
2026-03-15 21:03:32.773 [INF] Microsoft.AspNetCore.Hosting.Diagnostics | Request finished HTTP/1.1 GET http://localhost:5217/api/Modules?organizationId=1 - 200 null application/json; charset=utf-8 231.1669ms
2026-03-15 21:03:32.773 [INF] Microsoft.AspNetCore.Hosting.Diagnostics | Request finished HTTP/1.1 GET http://localhost:5217/api/Modules?organizationId=8 - 200 null application/json; charset=utf-8 231.4583ms
2026-03-15 21:03:32.773 [INF] Microsoft.AspNetCore.Hosting.Diagnostics | Request finished HTTP/1.1 GET http://localhost:5217/api/Modules?organizationId=9 - 200 null application/json; charset=utf-8 234.3267ms
2026-03-15 21:03:32.774 [INF] Microsoft.AspNetCore.Hosting.Diagnostics | Request starting HTTP/1.1 GET http://localhost:5217/api/Modules?organizationId=9 - null null
2026-03-15 21:03:32.775 [INF] Microsoft.AspNetCore.Cors.Infrastructure.CorsService | CORS policy execution successful.
2026-03-15 21:03:32.775 [INF] Microsoft.AspNetCore.Routing.EndpointMiddleware | Executing endpoint 'backend.Controllers.ModulesController.Get (backend)'
2026-03-15 21:03:32.775 [INF] Microsoft.AspNetCore.Mvc.Infrastructure.ControllerActionInvoker | Route matched with {action = "Get", controller = "Modules"}. Executing controller action with signature System.Threading.Tasks.Task`1[Microsoft.AspNetCore.Mvc.IActionResult] Get(System.Nullable`1[System.Int32]) on controller backend.Controllers.ModulesController (backend).
2026-03-15 21:03:32.777 [INF] Microsoft.AspNetCore.Hosting.Diagnostics | Request starting HTTP/1.1 GET http://localhost:5217/api/Modules?organizationId=8 - null null
2026-03-15 21:03:32.777 [INF] Microsoft.AspNetCore.Cors.Infrastructure.CorsService | CORS policy execution successful.
2026-03-15 21:03:32.778 [INF] Microsoft.AspNetCore.Routing.EndpointMiddleware | Executing endpoint 'backend.Controllers.ModulesController.Get (backend)'
2026-03-15 21:03:32.778 [INF] Microsoft.AspNetCore.Mvc.Infrastructure.ObjectResultExecutor | Executing OkObjectResult, writing value of type 'System.Collections.Generic.List`1[[backend.Models.ModuleInfo, backend, Version=1.0.0.0, Culture=neutral, PublicKeyToken=null]]'.
2026-03-15 21:03:32.778 [INF] Microsoft.AspNetCore.Mvc.Infrastructure.ControllerActionInvoker | Route matched with {action = "Get", controller = "Modules"}. Executing controller action with signature System.Threading.Tasks.Task`1[Microsoft.AspNetCore.Mvc.IActionResult] Get(System.Nullable`1[System.Int32]) on controller backend.Controllers.ModulesController (backend).
2026-03-15 21:03:32.778 [INF] Microsoft.AspNetCore.Mvc.Infrastructure.ObjectResultExecutor | Executing OkObjectResult, writing value of type 'System.Collections.Generic.List`1[[backend.Models.ModuleInfo, backend, Version=1.0.0.0, Culture=neutral, PublicKeyToken=null]]'.
2026-03-15 21:03:32.778 [INF] Microsoft.AspNetCore.Mvc.Infrastructure.ControllerActionInvoker | Executed action backend.Controllers.ModulesController.Get (backend) in 236.1167ms
2026-03-15 21:03:32.778 [INF] Microsoft.AspNetCore.Routing.EndpointMiddleware | Executed endpoint 'backend.Controllers.ModulesController.Get (backend)'
2026-03-15 21:03:32.778 [INF] Microsoft.AspNetCore.Mvc.Infrastructure.ControllerActionInvoker | Executed action backend.Controllers.ModulesController.Get (backend) in 235.4879ms
2026-03-15 21:03:32.778 [INF] Serilog.AspNetCore.RequestLoggingMiddleware | HTTP GET /api/Modules → 200 (236.4ms)
2026-03-15 21:03:32.778 [INF] Microsoft.AspNetCore.Routing.EndpointMiddleware | Executed endpoint 'backend.Controllers.ModulesController.Get (backend)'
2026-03-15 21:03:32.778 [INF] Microsoft.AspNetCore.Hosting.Diagnostics | Request starting HTTP/1.1 GET http://localhost:5217/api/Modules?organizationId=1 - null null
2026-03-15 21:03:32.778 [INF] Serilog.AspNetCore.RequestLoggingMiddleware | HTTP GET /api/Modules → 200 (235.7ms)
2026-03-15 21:03:32.778 [INF] Microsoft.AspNetCore.Cors.Infrastructure.CorsService | CORS policy execution successful.
2026-03-15 21:03:32.778 [INF] Microsoft.AspNetCore.Hosting.Diagnostics | Request finished HTTP/1.1 GET http://localhost:5217/api/Modules?organizationId=2 - 200 null application/json; charset=utf-8 236.7854ms
2026-03-15 21:03:32.778 [INF] Microsoft.AspNetCore.Hosting.Diagnostics | Request finished HTTP/1.1 GET http://localhost:5217/api/Modules?organizationId=3 - 200 null application/json; charset=utf-8 236.0561ms
2026-03-15 21:03:32.778 [INF] Microsoft.AspNetCore.Routing.EndpointMiddleware | Executing endpoint 'backend.Controllers.ModulesController.Get (backend)'
2026-03-15 21:03:32.778 [INF] Microsoft.AspNetCore.Mvc.Infrastructure.ControllerActionInvoker | Route matched with {action = "Get", controller = "Modules"}. Executing controller action with signature System.Threading.Tasks.Task`1[Microsoft.AspNetCore.Mvc.IActionResult] Get(System.Nullable`1[System.Int32]) on controller backend.Controllers.ModulesController (backend).
2026-03-15 21:03:32.779 [INF] Microsoft.AspNetCore.Hosting.Diagnostics | Request starting HTTP/1.1 GET http://localhost:5217/api/Modules?organizationId=2 - null null
2026-03-15 21:03:32.780 [INF] Microsoft.AspNetCore.Hosting.Diagnostics | Request starting HTTP/1.1 GET http://localhost:5217/api/Modules?organizationId=3 - null null
2026-03-15 21:03:32.780 [INF] Microsoft.AspNetCore.Cors.Infrastructure.CorsService | CORS policy execution successful.
2026-03-15 21:03:32.780 [INF] Microsoft.AspNetCore.Cors.Infrastructure.CorsService | CORS policy execution successful.
2026-03-15 21:03:32.780 [INF] Microsoft.AspNetCore.Routing.EndpointMiddleware | Executing endpoint 'backend.Controllers.ModulesController.Get (backend)'
2026-03-15 21:03:32.780 [INF] Microsoft.AspNetCore.Routing.EndpointMiddleware | Executing endpoint 'backend.Controllers.ModulesController.Get (backend)'
2026-03-15 21:03:32.780 [INF] Microsoft.AspNetCore.Mvc.Infrastructure.ControllerActionInvoker | Route matched with {action = "Get", controller = "Modules"}. Executing controller action with signature System.Threading.Tasks.Task`1[Microsoft.AspNetCore.Mvc.IActionResult] Get(System.Nullable`1[System.Int32]) on controller backend.Controllers.ModulesController (backend).
2026-03-15 21:03:32.780 [INF] Microsoft.AspNetCore.Mvc.Infrastructure.ControllerActionInvoker | Route matched with {action = "Get", controller = "Modules"}. Executing controller action with signature System.Threading.Tasks.Task`1[Microsoft.AspNetCore.Mvc.IActionResult] Get(System.Nullable`1[System.Int32]) on controller backend.Controllers.ModulesController (backend).
2026-03-15 21:03:32.947 [INF] Microsoft.AspNetCore.Mvc.Infrastructure.ObjectResultExecutor | Executing OkObjectResult, writing value of type 'System.Collections.Generic.List`1[[backend.Models.ModuleInfo, backend, Version=1.0.0.0, Culture=neutral, PublicKeyToken=null]]'.
2026-03-15 21:03:32.947 [INF] Microsoft.AspNetCore.Mvc.Infrastructure.ControllerActionInvoker | Executed action backend.Controllers.ModulesController.Get (backend) in 172.3384ms
2026-03-15 21:03:32.948 [INF] Microsoft.AspNetCore.Routing.EndpointMiddleware | Executed endpoint 'backend.Controllers.ModulesController.Get (backend)'
2026-03-15 21:03:32.948 [INF] Serilog.AspNetCore.RequestLoggingMiddleware | HTTP GET /api/Modules → 200 (172.5ms)
2026-03-15 21:03:32.948 [INF] Microsoft.AspNetCore.Hosting.Diagnostics | Request finished HTTP/1.1 GET http://localhost:5217/api/Modules?organizationId=9 - 200 null application/json; charset=utf-8 173.1557ms
2026-03-15 21:03:32.949 [INF] Microsoft.AspNetCore.Hosting.Diagnostics | Request starting HTTP/1.1 GET http://localhost:5217/api/Modules?organizationId=9 - null null
2026-03-15 21:03:32.949 [INF] Microsoft.AspNetCore.Cors.Infrastructure.CorsService | CORS policy execution successful.
2026-03-15 21:03:32.950 [INF] Microsoft.AspNetCore.Routing.EndpointMiddleware | Executing endpoint 'backend.Controllers.ModulesController.Get (backend)'
2026-03-15 21:03:32.950 [INF] Microsoft.AspNetCore.Mvc.Infrastructure.ControllerActionInvoker | Route matched with {action = "Get", controller = "Modules"}. Executing controller action with signature System.Threading.Tasks.Task`1[Microsoft.AspNetCore.Mvc.IActionResult] Get(System.Nullable`1[System.Int32]) on controller backend.Controllers.ModulesController (backend).
2026-03-15 21:03:32.952 [INF] Microsoft.AspNetCore.Mvc.Infrastructure.ObjectResultExecutor | Executing OkObjectResult, writing value of type 'System.Collections.Generic.List`1[[backend.Models.ModuleInfo, backend, Version=1.0.0.0, Culture=neutral, PublicKeyToken=null]]'.
2026-03-15 21:03:32.952 [INF] Microsoft.AspNetCore.Mvc.Infrastructure.ControllerActionInvoker | Executed action backend.Controllers.ModulesController.Get (backend) in 172.1708ms
2026-03-15 21:03:32.952 [INF] Microsoft.AspNetCore.Routing.EndpointMiddleware | Executed endpoint 'backend.Controllers.ModulesController.Get (backend)'
2026-03-15 21:03:32.952 [INF] Serilog.AspNetCore.RequestLoggingMiddleware | HTTP GET /api/Modules → 200 (172.3ms)
2026-03-15 21:03:32.952 [INF] Microsoft.AspNetCore.Hosting.Diagnostics | Request finished HTTP/1.1 GET http://localhost:5217/api/Modules?organizationId=2 - 200 null application/json; charset=utf-8 172.6411ms
2026-03-15 21:03:32.954 [INF] Microsoft.AspNetCore.Hosting.Diagnostics | Request starting HTTP/1.1 GET http://localhost:5217/api/Modules?organizationId=2 - null null
2026-03-15 21:03:32.954 [INF] Microsoft.AspNetCore.Cors.Infrastructure.CorsService | CORS policy execution successful.
2026-03-15 21:03:32.954 [INF] Microsoft.AspNetCore.Routing.EndpointMiddleware | Executing endpoint 'backend.Controllers.ModulesController.Get (backend)'
2026-03-15 21:03:32.954 [INF] Microsoft.AspNetCore.Mvc.Infrastructure.ControllerActionInvoker | Route matched with {action = "Get", controller = "Modules"}. Executing controller action with signature System.Threading.Tasks.Task`1[Microsoft.AspNetCore.Mvc.IActionResult] Get(System.Nullable`1[System.Int32]) on controller backend.Controllers.ModulesController (backend).
2026-03-15 21:03:33.022 [INF] Microsoft.AspNetCore.Mvc.Infrastructure.ObjectResultExecutor | Executing OkObjectResult, writing value of type 'System.Collections.Generic.List`1[[backend.Models.ModuleInfo, backend, Version=1.0.0.0, Culture=neutral, PublicKeyToken=null]]'.
2026-03-15 21:03:33.022 [INF] Microsoft.AspNetCore.Mvc.Infrastructure.ControllerActionInvoker | Executed action backend.Controllers.ModulesController.Get (backend) in 243.567ms
2026-03-15 21:03:33.022 [INF] Microsoft.AspNetCore.Routing.EndpointMiddleware | Executed endpoint 'backend.Controllers.ModulesController.Get (backend)'
2026-03-15 21:03:33.022 [INF] Serilog.AspNetCore.RequestLoggingMiddleware | HTTP GET /api/Modules → 200 (243.7ms)
2026-03-15 21:03:33.022 [INF] Microsoft.AspNetCore.Hosting.Diagnostics | Request finished HTTP/1.1 GET http://localhost:5217/api/Modules?organizationId=1 - 200 null application/json; charset=utf-8 244.1732ms
2026-03-15 21:03:33.023 [INF] Microsoft.AspNetCore.Hosting.Diagnostics | Request starting HTTP/1.1 GET http://localhost:5217/api/Modules?organizationId=1 - null null
2026-03-15 21:03:33.023 [INF] Microsoft.AspNetCore.Cors.Infrastructure.CorsService | CORS policy execution successful.
2026-03-15 21:03:33.024 [INF] Microsoft.AspNetCore.Routing.EndpointMiddleware | Executing endpoint 'backend.Controllers.ModulesController.Get (backend)'
2026-03-15 21:03:33.024 [INF] Microsoft.AspNetCore.Mvc.Infrastructure.ControllerActionInvoker | Route matched with {action = "Get", controller = "Modules"}. Executing controller action with signature System.Threading.Tasks.Task`1[Microsoft.AspNetCore.Mvc.IActionResult] Get(System.Nullable`1[System.Int32]) on controller backend.Controllers.ModulesController (backend).
2026-03-15 21:03:33.024 [INF] Microsoft.AspNetCore.Mvc.Infrastructure.ObjectResultExecutor | Executing OkObjectResult, writing value of type 'System.Collections.Generic.List`1[[backend.Models.ModuleInfo, backend, Version=1.0.0.0, Culture=neutral, PublicKeyToken=null]]'.
2026-03-15 21:03:33.024 [INF] Microsoft.AspNetCore.Mvc.Infrastructure.ObjectResultExecutor | Executing OkObjectResult, writing value of type 'System.Collections.Generic.List`1[[backend.Models.ModuleInfo, backend, Version=1.0.0.0, Culture=neutral, PublicKeyToken=null]]'.
2026-03-15 21:03:33.024 [INF] Microsoft.AspNetCore.Mvc.Infrastructure.ControllerActionInvoker | Executed action backend.Controllers.ModulesController.Get (backend) in 244.6319ms
2026-03-15 21:03:33.024 [INF] Microsoft.AspNetCore.Routing.EndpointMiddleware | Executed endpoint 'backend.Controllers.ModulesController.Get (backend)'
2026-03-15 21:03:33.025 [INF] Serilog.AspNetCore.RequestLoggingMiddleware | HTTP GET /api/Modules → 200 (244.8ms)
2026-03-15 21:03:33.024 [INF] Microsoft.AspNetCore.Mvc.Infrastructure.ControllerActionInvoker | Executed action backend.Controllers.ModulesController.Get (backend) in 246.5561ms
2026-03-15 21:03:33.025 [INF] Microsoft.AspNetCore.Hosting.Diagnostics | Request finished HTTP/1.1 GET http://localhost:5217/api/Modules?organizationId=3 - 200 null application/json; charset=utf-8 245.041ms
2026-03-15 21:03:33.025 [INF] Microsoft.AspNetCore.Routing.EndpointMiddleware | Executed endpoint 'backend.Controllers.ModulesController.Get (backend)'
2026-03-15 21:03:33.025 [INF] Serilog.AspNetCore.RequestLoggingMiddleware | HTTP GET /api/Modules → 200 (246.8ms)
2026-03-15 21:03:33.025 [INF] Microsoft.AspNetCore.Hosting.Diagnostics | Request finished HTTP/1.1 GET http://localhost:5217/api/Modules?organizationId=8 - 200 null application/json; charset=utf-8 247.2887ms
2026-03-15 21:03:33.026 [INF] Microsoft.AspNetCore.Hosting.Diagnostics | Request starting HTTP/1.1 GET http://localhost:5217/api/Modules?organizationId=8 - null null
2026-03-15 21:03:33.026 [INF] Microsoft.AspNetCore.Hosting.Diagnostics | Request starting HTTP/1.1 GET http://localhost:5217/api/Modules?organizationId=3 - null null
2026-03-15 21:03:33.026 [INF] Microsoft.AspNetCore.Cors.Infrastructure.CorsService | CORS policy execution successful.
2026-03-15 21:03:33.026 [INF] Microsoft.AspNetCore.Cors.Infrastructure.CorsService | CORS policy execution successful.
2026-03-15 21:03:33.026 [INF] Microsoft.AspNetCore.Routing.EndpointMiddleware | Executing endpoint 'backend.Controllers.ModulesController.Get (backend)'
2026-03-15 21:03:33.026 [INF] Microsoft.AspNetCore.Routing.EndpointMiddleware | Executing endpoint 'backend.Controllers.ModulesController.Get (backend)'
2026-03-15 21:03:33.026 [INF] Microsoft.AspNetCore.Mvc.Infrastructure.ControllerActionInvoker | Route matched with {action = "Get", controller = "Modules"}. Executing controller action with signature System.Threading.Tasks.Task`1[Microsoft.AspNetCore.Mvc.IActionResult] Get(System.Nullable`1[System.Int32]) on controller backend.Controllers.ModulesController (backend).
2026-03-15 21:03:33.026 [INF] Microsoft.AspNetCore.Mvc.Infrastructure.ControllerActionInvoker | Route matched with {action = "Get", controller = "Modules"}. Executing controller action with signature System.Threading.Tasks.Task`1[Microsoft.AspNetCore.Mvc.IActionResult] Get(System.Nullable`1[System.Int32]) on controller backend.Controllers.ModulesController (backend).
2026-03-15 21:03:33.181 [INF] Microsoft.AspNetCore.Mvc.Infrastructure.ObjectResultExecutor | Executing OkObjectResult, writing value of type 'System.Collections.Generic.List`1[[backend.Models.ModuleInfo, backend, Version=1.0.0.0, Culture=neutral, PublicKeyToken=null]]'.
2026-03-15 21:03:33.181 [INF] Microsoft.AspNetCore.Mvc.Infrastructure.ObjectResultExecutor | Executing OkObjectResult, writing value of type 'System.Collections.Generic.List`1[[backend.Models.ModuleInfo, backend, Version=1.0.0.0, Culture=neutral, PublicKeyToken=null]]'.
2026-03-15 21:03:33.181 [INF] Microsoft.AspNetCore.Mvc.Infrastructure.ControllerActionInvoker | Executed action backend.Controllers.ModulesController.Get (backend) in 231.1915ms
2026-03-15 21:03:33.181 [INF] Microsoft.AspNetCore.Routing.EndpointMiddleware | Executed endpoint 'backend.Controllers.ModulesController.Get (backend)'
2026-03-15 21:03:33.181 [INF] Microsoft.AspNetCore.Mvc.Infrastructure.ControllerActionInvoker | Executed action backend.Controllers.ModulesController.Get (backend) in 227.0476ms
2026-03-15 21:03:33.181 [INF] Microsoft.AspNetCore.Routing.EndpointMiddleware | Executed endpoint 'backend.Controllers.ModulesController.Get (backend)'
2026-03-15 21:03:33.181 [INF] Serilog.AspNetCore.RequestLoggingMiddleware | HTTP GET /api/Modules → 200 (231.4ms)
2026-03-15 21:03:33.181 [INF] Serilog.AspNetCore.RequestLoggingMiddleware | HTTP GET /api/Modules → 200 (227.3ms)
2026-03-15 21:03:33.182 [INF] Microsoft.AspNetCore.Hosting.Diagnostics | Request finished HTTP/1.1 GET http://localhost:5217/api/Modules?organizationId=9 - 200 null application/json; charset=utf-8 232.345ms
2026-03-15 21:03:33.182 [INF] Microsoft.AspNetCore.Hosting.Diagnostics | Request finished HTTP/1.1 GET http://localhost:5217/api/Modules?organizationId=2 - 200 null application/json; charset=utf-8 228.1874ms
2026-03-15 21:03:33.184 [INF] Microsoft.AspNetCore.Hosting.Diagnostics | Request starting HTTP/1.1 GET http://localhost:5217/api/Modules?organizationId=9 - null null
2026-03-15 21:03:33.184 [INF] Microsoft.AspNetCore.Cors.Infrastructure.CorsService | CORS policy execution successful.
2026-03-15 21:03:33.184 [INF] Microsoft.AspNetCore.Routing.EndpointMiddleware | Executing endpoint 'backend.Controllers.ModulesController.Get (backend)'
2026-03-15 21:03:33.184 [INF] Microsoft.AspNetCore.Mvc.Infrastructure.ControllerActionInvoker | Route matched with {action = "Get", controller = "Modules"}. Executing controller action with signature System.Threading.Tasks.Task`1[Microsoft.AspNetCore.Mvc.IActionResult] Get(System.Nullable`1[System.Int32]) on controller backend.Controllers.ModulesController (backend).
2026-03-15 21:03:33.186 [INF] Microsoft.AspNetCore.Hosting.Diagnostics | Request starting HTTP/1.1 OPTIONS http://localhost:5217/api/Modules?organizationId=2 - null null
2026-03-15 21:03:33.186 [INF] Microsoft.AspNetCore.Cors.Infrastructure.CorsService | CORS policy execution successful.
2026-03-15 21:03:33.186 [INF] Microsoft.AspNetCore.Hosting.Diagnostics | Request finished HTTP/1.1 OPTIONS http://localhost:5217/api/Modules?organizationId=2 - 204 null null 0.2918ms
2026-03-15 21:03:33.187 [INF] Microsoft.AspNetCore.Hosting.Diagnostics | Request starting HTTP/1.1 GET http://localhost:5217/api/Modules?organizationId=2 - null null
2026-03-15 21:03:33.187 [INF] Microsoft.AspNetCore.Cors.Infrastructure.CorsService | CORS policy execution successful.
2026-03-15 21:03:33.188 [INF] Microsoft.AspNetCore.Routing.EndpointMiddleware | Executing endpoint 'backend.Controllers.ModulesController.Get (backend)'
2026-03-15 21:03:33.188 [INF] Microsoft.AspNetCore.Mvc.Infrastructure.ControllerActionInvoker | Route matched with {action = "Get", controller = "Modules"}. Executing controller action with signature System.Threading.Tasks.Task`1[Microsoft.AspNetCore.Mvc.IActionResult] Get(System.Nullable`1[System.Int32]) on controller backend.Controllers.ModulesController (backend).
2026-03-15 21:03:33.199 [INF] Microsoft.AspNetCore.Mvc.Infrastructure.ObjectResultExecutor | Executing OkObjectResult, writing value of type 'System.Collections.Generic.List`1[[backend.Models.ModuleInfo, backend, Version=1.0.0.0, Culture=neutral, PublicKeyToken=null]]'.
2026-03-15 21:03:33.199 [INF] Microsoft.AspNetCore.Mvc.Infrastructure.ControllerActionInvoker | Executed action backend.Controllers.ModulesController.Get (backend) in 175.2552ms
2026-03-15 21:03:33.199 [INF] Microsoft.AspNetCore.Routing.EndpointMiddleware | Executed endpoint 'backend.Controllers.ModulesController.Get (backend)'
2026-03-15 21:03:33.199 [INF] Serilog.AspNetCore.RequestLoggingMiddleware | HTTP GET /api/Modules → 200 (175.4ms)
2026-03-15 21:03:33.199 [INF] Microsoft.AspNetCore.Hosting.Diagnostics | Request finished HTTP/1.1 GET http://localhost:5217/api/Modules?organizationId=1 - 200 null application/json; charset=utf-8 175.8228ms
2026-03-15 21:03:33.200 [INF] Microsoft.AspNetCore.Hosting.Diagnostics | Request starting HTTP/1.1 GET http://localhost:5217/api/Modules?organizationId=1 - null null
2026-03-15 21:03:33.201 [INF] Microsoft.AspNetCore.Cors.Infrastructure.CorsService | CORS policy execution successful.
2026-03-15 21:03:33.201 [INF] Microsoft.AspNetCore.Routing.EndpointMiddleware | Executing endpoint 'backend.Controllers.ModulesController.Get (backend)'
2026-03-15 21:03:33.201 [INF] Microsoft.AspNetCore.Mvc.Infrastructure.ControllerActionInvoker | Route matched with {action = "Get", controller = "Modules"}. Executing controller action with signature System.Threading.Tasks.Task`1[Microsoft.AspNetCore.Mvc.IActionResult] Get(System.Nullable`1[System.Int32]) on controller backend.Controllers.ModulesController (backend).
2026-03-15 21:03:33.211 [INF] Microsoft.AspNetCore.Mvc.Infrastructure.ObjectResultExecutor | Executing OkObjectResult, writing value of type 'System.Collections.Generic.List`1[[backend.Models.ModuleInfo, backend, Version=1.0.0.0, Culture=neutral, PublicKeyToken=null]]'.
2026-03-15 21:03:33.211 [INF] Microsoft.AspNetCore.Mvc.Infrastructure.ControllerActionInvoker | Executed action backend.Controllers.ModulesController.Get (backend) in 185.256ms
2026-03-15 21:03:33.211 [INF] Microsoft.AspNetCore.Routing.EndpointMiddleware | Executed endpoint 'backend.Controllers.ModulesController.Get (backend)'
2026-03-15 21:03:33.211 [INF] Serilog.AspNetCore.RequestLoggingMiddleware | HTTP GET /api/Modules → 200 (185.4ms)
2026-03-15 21:03:33.211 [INF] Microsoft.AspNetCore.Hosting.Diagnostics | Request finished HTTP/1.1 GET http://localhost:5217/api/Modules?organizationId=8 - 200 null application/json; charset=utf-8 185.7604ms
2026-03-15 21:03:33.213 [INF] Microsoft.AspNetCore.Hosting.Diagnostics | Request starting HTTP/1.1 GET http://localhost:5217/api/Modules?organizationId=8 - null null
2026-03-15 21:03:33.213 [INF] Microsoft.AspNetCore.Cors.Infrastructure.CorsService | CORS policy execution successful.
2026-03-15 21:03:33.213 [INF] Microsoft.AspNetCore.Routing.EndpointMiddleware | Executing endpoint 'backend.Controllers.ModulesController.Get (backend)'
2026-03-15 21:03:33.213 [INF] Microsoft.AspNetCore.Mvc.Infrastructure.ControllerActionInvoker | Route matched with {action = "Get", controller = "Modules"}. Executing controller action with signature System.Threading.Tasks.Task`1[Microsoft.AspNetCore.Mvc.IActionResult] Get(System.Nullable`1[System.Int32]) on controller backend.Controllers.ModulesController (backend).
2026-03-15 21:03:33.223 [INF] Microsoft.AspNetCore.Mvc.Infrastructure.ObjectResultExecutor | Executing OkObjectResult, writing value of type 'System.Collections.Generic.List`1[[backend.Models.ModuleInfo, backend, Version=1.0.0.0, Culture=neutral, PublicKeyToken=null]]'.
2026-03-15 21:03:33.224 [INF] Microsoft.AspNetCore.Mvc.Infrastructure.ControllerActionInvoker | Executed action backend.Controllers.ModulesController.Get (backend) in 197.4613ms
2026-03-15 21:03:33.224 [INF] Microsoft.AspNetCore.Routing.EndpointMiddleware | Executed endpoint 'backend.Controllers.ModulesController.Get (backend)'
2026-03-15 21:03:33.224 [INF] Serilog.AspNetCore.RequestLoggingMiddleware | HTTP GET /api/Modules → 200 (197.6ms)
2026-03-15 21:03:33.224 [INF] Microsoft.AspNetCore.Hosting.Diagnostics | Request finished HTTP/1.1 GET http://localhost:5217/api/Modules?organizationId=3 - 200 null application/json; charset=utf-8 197.9238ms
2026-03-15 21:03:33.225 [INF] Microsoft.AspNetCore.Hosting.Diagnostics | Request starting HTTP/1.1 GET http://localhost:5217/api/Modules?organizationId=3 - null null
2026-03-15 21:03:33.225 [INF] Microsoft.AspNetCore.Cors.Infrastructure.CorsService | CORS policy execution successful.
2026-03-15 21:03:33.225 [INF] Microsoft.AspNetCore.Routing.EndpointMiddleware | Executing endpoint 'backend.Controllers.ModulesController.Get (backend)'
2026-03-15 21:03:33.225 [INF] Microsoft.AspNetCore.Mvc.Infrastructure.ControllerActionInvoker | Route matched with {action = "Get", controller = "Modules"}. Executing controller action with signature System.Threading.Tasks.Task`1[Microsoft.AspNetCore.Mvc.IActionResult] Get(System.Nullable`1[System.Int32]) on controller backend.Controllers.ModulesController (backend).
2026-03-15 21:03:33.359 [INF] Microsoft.AspNetCore.Mvc.Infrastructure.ObjectResultExecutor | Executing OkObjectResult, writing value of type 'System.Collections.Generic.List`1[[backend.Models.ModuleInfo, backend, Version=1.0.0.0, Culture=neutral, PublicKeyToken=null]]'.
2026-03-15 21:03:33.359 [INF] Microsoft.AspNetCore.Mvc.Infrastructure.ControllerActionInvoker | Executed action backend.Controllers.ModulesController.Get (backend) in 174.84ms
2026-03-15 21:03:33.359 [INF] Microsoft.AspNetCore.Routing.EndpointMiddleware | Executed endpoint 'backend.Controllers.ModulesController.Get (backend)'
2026-03-15 21:03:33.359 [INF] Serilog.AspNetCore.RequestLoggingMiddleware | HTTP GET /api/Modules → 200 (175.0ms)
2026-03-15 21:03:33.359 [INF] Microsoft.AspNetCore.Hosting.Diagnostics | Request finished HTTP/1.1 GET http://localhost:5217/api/Modules?organizationId=9 - 200 null application/json; charset=utf-8 175.5177ms
2026-03-15 21:03:33.360 [INF] Microsoft.AspNetCore.Hosting.Diagnostics | Request starting HTTP/1.1 GET http://localhost:5217/api/Modules?organizationId=9 - null null
2026-03-15 21:03:33.360 [INF] Microsoft.AspNetCore.Cors.Infrastructure.CorsService | CORS policy execution successful.
2026-03-15 21:03:33.361 [INF] Microsoft.AspNetCore.Routing.EndpointMiddleware | Executing endpoint 'backend.Controllers.ModulesController.Get (backend)'
2026-03-15 21:03:33.361 [INF] Microsoft.AspNetCore.Mvc.Infrastructure.ControllerActionInvoker | Route matched with {action = "Get", controller = "Modules"}. Executing controller action with signature System.Threading.Tasks.Task`1[Microsoft.AspNetCore.Mvc.IActionResult] Get(System.Nullable`1[System.Int32]) on controller backend.Controllers.ModulesController (backend).
2026-03-15 21:03:33.361 [INF] Microsoft.AspNetCore.Mvc.Infrastructure.ObjectResultExecutor | Executing OkObjectResult, writing value of type 'System.Collections.Generic.List`1[[backend.Models.ModuleInfo, backend, Version=1.0.0.0, Culture=neutral, PublicKeyToken=null]]'.
2026-03-15 21:03:33.361 [INF] Microsoft.AspNetCore.Mvc.Infrastructure.ControllerActionInvoker | Executed action backend.Controllers.ModulesController.Get (backend) in 173.4243ms
2026-03-15 21:03:33.361 [INF] Microsoft.AspNetCore.Routing.EndpointMiddleware | Executed endpoint 'backend.Controllers.ModulesController.Get (backend)'
2026-03-15 21:03:33.361 [INF] Serilog.AspNetCore.RequestLoggingMiddleware | HTTP GET /api/Modules → 200 (173.6ms)
2026-03-15 21:03:33.361 [INF] Microsoft.AspNetCore.Hosting.Diagnostics | Request finished HTTP/1.1 GET http://localhost:5217/api/Modules?organizationId=2 - 200 null application/json; charset=utf-8 174.0627ms
2026-03-15 21:03:33.438 [INF] Microsoft.AspNetCore.Mvc.Infrastructure.ObjectResultExecutor | Executing OkObjectResult, writing value of type 'System.Collections.Generic.List`1[[backend.Models.ModuleInfo, backend, Version=1.0.0.0, Culture=neutral, PublicKeyToken=null]]'.
2026-03-15 21:03:33.438 [INF] Microsoft.AspNetCore.Mvc.Infrastructure.ObjectResultExecutor | Executing OkObjectResult, writing value of type 'System.Collections.Generic.List`1[[backend.Models.ModuleInfo, backend, Version=1.0.0.0, Culture=neutral, PublicKeyToken=null]]'.
2026-03-15 21:03:33.438 [INF] Microsoft.AspNetCore.Mvc.Infrastructure.ControllerActionInvoker | Executed action backend.Controllers.ModulesController.Get (backend) in 224.8534ms
2026-03-15 21:03:33.438 [INF] Microsoft.AspNetCore.Mvc.Infrastructure.ControllerActionInvoker | Executed action backend.Controllers.ModulesController.Get (backend) in 237.1924ms
2026-03-15 21:03:33.438 [INF] Microsoft.AspNetCore.Routing.EndpointMiddleware | Executed endpoint 'backend.Controllers.ModulesController.Get (backend)'
2026-03-15 21:03:33.438 [INF] Microsoft.AspNetCore.Routing.EndpointMiddleware | Executed endpoint 'backend.Controllers.ModulesController.Get (backend)'
2026-03-15 21:03:33.438 [INF] Serilog.AspNetCore.RequestLoggingMiddleware | HTTP GET /api/Modules → 200 (237.5ms)
2026-03-15 21:03:33.438 [INF] Serilog.AspNetCore.RequestLoggingMiddleware | HTTP GET /api/Modules → 200 (225.0ms)
2026-03-15 21:03:33.438 [INF] Microsoft.AspNetCore.Hosting.Diagnostics | Request finished HTTP/1.1 GET http://localhost:5217/api/Modules?organizationId=8 - 200 null application/json; charset=utf-8 225.8751ms
2026-03-15 21:03:33.438 [INF] Microsoft.AspNetCore.Hosting.Diagnostics | Request finished HTTP/1.1 GET http://localhost:5217/api/Modules?organizationId=1 - 200 null application/json; charset=utf-8 238.0259ms
2026-03-15 21:03:33.439 [INF] Microsoft.AspNetCore.Mvc.Infrastructure.ObjectResultExecutor | Executing OkObjectResult, writing value of type 'System.Collections.Generic.List`1[[backend.Models.ModuleInfo, backend, Version=1.0.0.0, Culture=neutral, PublicKeyToken=null]]'.
2026-03-15 21:03:33.440 [INF] Microsoft.AspNetCore.Mvc.Infrastructure.ControllerActionInvoker | Executed action backend.Controllers.ModulesController.Get (backend) in 214.1218ms
2026-03-15 21:03:33.440 [INF] Microsoft.AspNetCore.Routing.EndpointMiddleware | Executed endpoint 'backend.Controllers.ModulesController.Get (backend)'
2026-03-15 21:03:33.440 [INF] Serilog.AspNetCore.RequestLoggingMiddleware | HTTP GET /api/Modules → 200 (214.3ms)
2026-03-15 21:03:33.440 [INF] Microsoft.AspNetCore.Hosting.Diagnostics | Request finished HTTP/1.1 GET http://localhost:5217/api/Modules?organizationId=3 - 200 null application/json; charset=utf-8 214.8251ms
2026-03-15 21:03:33.560 [INF] Microsoft.AspNetCore.Mvc.Infrastructure.ObjectResultExecutor | Executing OkObjectResult, writing value of type 'System.Collections.Generic.List`1[[backend.Models.ModuleInfo, backend, Version=1.0.0.0, Culture=neutral, PublicKeyToken=null]]'.
2026-03-15 21:03:33.560 [INF] Microsoft.AspNetCore.Mvc.Infrastructure.ControllerActionInvoker | Executed action backend.Controllers.ModulesController.Get (backend) in 199.5071ms
2026-03-15 21:03:33.560 [INF] Microsoft.AspNetCore.Routing.EndpointMiddleware | Executed endpoint 'backend.Controllers.ModulesController.Get (backend)'
2026-03-15 21:03:33.560 [INF] Serilog.AspNetCore.RequestLoggingMiddleware | HTTP GET /api/Modules → 200 (199.7ms)
2026-03-15 21:03:33.560 [INF] Microsoft.AspNetCore.Hosting.Diagnostics | Request finished HTTP/1.1 GET http://localhost:5217/api/Modules?organizationId=9 - 200 null application/json; charset=utf-8 200.0473ms
2026-03-15 21:05:05.610 [INF] Microsoft.AspNetCore.Hosting.Diagnostics | Request starting HTTP/1.1 OPTIONS http://localhost:5217/api/auth/login - null null
2026-03-15 21:05:05.610 [INF] Microsoft.AspNetCore.Cors.Infrastructure.CorsService | CORS policy execution successful.
2026-03-15 21:05:05.610 [INF] Microsoft.AspNetCore.Hosting.Diagnostics | Request finished HTTP/1.1 OPTIONS http://localhost:5217/api/auth/login - 204 null null 0.3946ms
2026-03-15 21:05:05.611 [INF] Microsoft.AspNetCore.Hosting.Diagnostics | Request starting HTTP/1.1 POST http://localhost:5217/api/auth/login - application/json 62
2026-03-15 21:05:05.611 [INF] Microsoft.AspNetCore.Cors.Infrastructure.CorsService | CORS policy execution successful.
2026-03-15 21:05:05.612 [INF] Microsoft.AspNetCore.Routing.EndpointMiddleware | Executing endpoint 'backend.Controllers.AuthController.Login (backend)'
2026-03-15 21:05:05.612 [INF] Microsoft.AspNetCore.Mvc.Infrastructure.ControllerActionInvoker | Route matched with {action = "Login", controller = "Auth"}. Executing controller action with signature System.Threading.Tasks.Task`1[Microsoft.AspNetCore.Mvc.IActionResult] Login(backend.Models.LoginRequest) on controller backend.Controllers.AuthController (backend).
2026-03-15 21:05:05.612 [INF] backend.Controllers.AuthController | [Auth] Login attempt | Email=vasanth2004vk@gmail.com
2026-03-15 21:05:06.418 [INF] backend.Controllers.AuthController | [Auth] User login session recorded | UserId=18 | TokenExpiry="2026-03-16T15:35:06.1711157Z"
2026-03-15 21:05:06.418 [INF] backend.Controllers.AuthController | [Auth] Login SUCCESS | Email=vasanth2004vk@gmail.com | EffectiveRole=SuperAdmin | OrgId=2
2026-03-15 21:05:06.418 [INF] Microsoft.AspNetCore.Mvc.Infrastructure.ObjectResultExecutor | Executing OkObjectResult, writing value of type '<>f__AnonymousType4`2[[System.String, System.Private.CoreLib, Version=10.0.0.0, Culture=neutral, PublicKeyToken=7cec85d7bea7798e],[<>f__AnonymousType5`6[[System.Int32, System.Private.CoreLib, Version=10.0.0.0, Culture=neutral, PublicKeyToken=7cec85d7bea7798e],[System.String, System.Private.CoreLib, Version=10.0.0.0, Culture=neutral, PublicKeyToken=7cec85d7bea7798e],[System.String, System.Private.CoreLib, Version=10.0.0.0, Culture=neutral, PublicKeyToken=7cec85d7bea7798e],[System.String, System.Private.CoreLib, Version=10.0.0.0, Culture=neutral, PublicKeyToken=7cec85d7bea7798e],[System.Nullable`1[[System.Int32, System.Private.CoreLib, Version=10.0.0.0, Culture=neutral, PublicKeyToken=7cec85d7bea7798e]], System.Private.CoreLib, Version=10.0.0.0, Culture=neutral, PublicKeyToken=7cec85d7bea7798e],[System.String, System.Private.CoreLib, Version=10.0.0.0, Culture=neutral, PublicKeyToken=7cec85d7bea7798e]], backend, Version=1.0.0.0, Culture=neutral, PublicKeyToken=null]]'.
2026-03-15 21:05:06.418 [INF] Microsoft.AspNetCore.Mvc.Infrastructure.ControllerActionInvoker | Executed action backend.Controllers.AuthController.Login (backend) in 806.6848ms
2026-03-15 21:05:06.418 [INF] Microsoft.AspNetCore.Routing.EndpointMiddleware | Executed endpoint 'backend.Controllers.AuthController.Login (backend)'
2026-03-15 21:05:06.419 [INF] Serilog.AspNetCore.RequestLoggingMiddleware | HTTP POST /api/auth/login → 200 (806.9ms)
2026-03-15 21:05:06.419 [INF] Microsoft.AspNetCore.Hosting.Diagnostics | Request finished HTTP/1.1 POST http://localhost:5217/api/auth/login - 200 null application/json; charset=utf-8 807.1307ms
2026-03-15 21:07:46.579 [INF] Microsoft.AspNetCore.Hosting.Diagnostics | Request starting HTTP/1.1 OPTIONS http://localhost:5217/api/auth/login - null null
2026-03-15 21:07:46.579 [INF] Microsoft.AspNetCore.Cors.Infrastructure.CorsService | CORS policy execution successful.
2026-03-15 21:07:46.579 [INF] Microsoft.AspNetCore.Hosting.Diagnostics | Request finished HTTP/1.1 OPTIONS http://localhost:5217/api/auth/login - 204 null null 0.1638ms
2026-03-15 21:07:46.580 [INF] Microsoft.AspNetCore.Hosting.Diagnostics | Request starting HTTP/1.1 POST http://localhost:5217/api/auth/login - application/json 62
2026-03-15 21:07:46.580 [INF] Microsoft.AspNetCore.Cors.Infrastructure.CorsService | CORS policy execution successful.
2026-03-15 21:07:46.580 [INF] Microsoft.AspNetCore.Routing.EndpointMiddleware | Executing endpoint 'backend.Controllers.AuthController.Login (backend)'
2026-03-15 21:07:46.580 [INF] Microsoft.AspNetCore.Mvc.Infrastructure.ControllerActionInvoker | Route matched with {action = "Login", controller = "Auth"}. Executing controller action with signature System.Threading.Tasks.Task`1[Microsoft.AspNetCore.Mvc.IActionResult] Login(backend.Models.LoginRequest) on controller backend.Controllers.AuthController (backend).
2026-03-15 21:07:46.581 [INF] backend.Controllers.AuthController | [Auth] Login attempt | Email=vasanth2004vk@gmail.com
2026-03-15 21:07:47.233 [INF] backend.Controllers.AuthController | [Auth] User login session recorded | UserId=18 | TokenExpiry="2026-03-16T15:37:47.0088147Z"
2026-03-15 21:07:47.233 [INF] backend.Controllers.AuthController | [Auth] Login SUCCESS | Email=vasanth2004vk@gmail.com | EffectiveRole=SuperAdmin | OrgId=2
2026-03-15 21:07:47.233 [INF] Microsoft.AspNetCore.Mvc.Infrastructure.ObjectResultExecutor | Executing OkObjectResult, writing value of type '<>f__AnonymousType4`2[[System.String, System.Private.CoreLib, Version=10.0.0.0, Culture=neutral, PublicKeyToken=7cec85d7bea7798e],[<>f__AnonymousType5`6[[System.Int32, System.Private.CoreLib, Version=10.0.0.0, Culture=neutral, PublicKeyToken=7cec85d7bea7798e],[System.String, System.Private.CoreLib, Version=10.0.0.0, Culture=neutral, PublicKeyToken=7cec85d7bea7798e],[System.String, System.Private.CoreLib, Version=10.0.0.0, Culture=neutral, PublicKeyToken=7cec85d7bea7798e],[System.String, System.Private.CoreLib, Version=10.0.0.0, Culture=neutral, PublicKeyToken=7cec85d7bea7798e],[System.Nullable`1[[System.Int32, System.Private.CoreLib, Version=10.0.0.0, Culture=neutral, PublicKeyToken=7cec85d7bea7798e]], System.Private.CoreLib, Version=10.0.0.0, Culture=neutral, PublicKeyToken=7cec85d7bea7798e],[System.String, System.Private.CoreLib, Version=10.0.0.0, Culture=neutral, PublicKeyToken=7cec85d7bea7798e]], backend, Version=1.0.0.0, Culture=neutral, PublicKeyToken=null]]'.
2026-03-15 21:07:47.233 [INF] Microsoft.AspNetCore.Mvc.Infrastructure.ControllerActionInvoker | Executed action backend.Controllers.AuthController.Login (backend) in 652.3859ms
2026-03-15 21:07:47.233 [INF] Microsoft.AspNetCore.Routing.EndpointMiddleware | Executed endpoint 'backend.Controllers.AuthController.Login (backend)'
2026-03-15 21:07:47.233 [INF] Serilog.AspNetCore.RequestLoggingMiddleware | HTTP POST /api/auth/login → 200 (652.6ms)
2026-03-15 21:07:47.233 [INF] Microsoft.AspNetCore.Hosting.Diagnostics | Request finished HTTP/1.1 POST http://localhost:5217/api/auth/login - 200 null application/json; charset=utf-8 652.856ms
2026-03-15 21:25:14.438 [INF] Microsoft.AspNetCore.Hosting.Diagnostics | Request starting HTTP/1.1 OPTIONS http://localhost:5217/api/auth/login - null null
2026-03-15 21:25:14.439 [INF] Microsoft.AspNetCore.Cors.Infrastructure.CorsService | CORS policy execution successful.
2026-03-15 21:25:14.439 [INF] Microsoft.AspNetCore.Hosting.Diagnostics | Request finished HTTP/1.1 OPTIONS http://localhost:5217/api/auth/login - 204 null null 0.2898ms
2026-03-15 21:25:14.440 [INF] Microsoft.AspNetCore.Hosting.Diagnostics | Request starting HTTP/1.1 POST http://localhost:5217/api/auth/login - application/json 62
2026-03-15 21:25:14.440 [INF] Microsoft.AspNetCore.Cors.Infrastructure.CorsService | CORS policy execution successful.
2026-03-15 21:25:14.440 [INF] Microsoft.AspNetCore.Routing.EndpointMiddleware | Executing endpoint 'backend.Controllers.AuthController.Login (backend)'
2026-03-15 21:25:14.440 [INF] Microsoft.AspNetCore.Mvc.Infrastructure.ControllerActionInvoker | Route matched with {action = "Login", controller = "Auth"}. Executing controller action with signature System.Threading.Tasks.Task`1[Microsoft.AspNetCore.Mvc.IActionResult] Login(backend.Models.LoginRequest) on controller backend.Controllers.AuthController (backend).
2026-03-15 21:25:14.440 [INF] backend.Controllers.AuthController | [Auth] Login attempt | Email=vasanth2004vk@gmail.com
2026-03-15 21:25:16.092 [INF] backend.Controllers.AuthController | [Auth] User login session recorded | UserId=18 | TokenExpiry="2026-03-16T15:55:15.8644295Z"
2026-03-15 21:25:16.092 [INF] backend.Controllers.AuthController | [Auth] Login SUCCESS | Email=vasanth2004vk@gmail.com | EffectiveRole=SuperAdmin | OrgId=2
2026-03-15 21:25:16.092 [INF] Microsoft.AspNetCore.Mvc.Infrastructure.ObjectResultExecutor | Executing OkObjectResult, writing value of type '<>f__AnonymousType4`2[[System.String, System.Private.CoreLib, Version=10.0.0.0, Culture=neutral, PublicKeyToken=7cec85d7bea7798e],[<>f__AnonymousType5`6[[System.Int32, System.Private.CoreLib, Version=10.0.0.0, Culture=neutral, PublicKeyToken=7cec85d7bea7798e],[System.String, System.Private.CoreLib, Version=10.0.0.0, Culture=neutral, PublicKeyToken=7cec85d7bea7798e],[System.String, System.Private.CoreLib, Version=10.0.0.0, Culture=neutral, PublicKeyToken=7cec85d7bea7798e],[System.String, System.Private.CoreLib, Version=10.0.0.0, Culture=neutral, PublicKeyToken=7cec85d7bea7798e],[System.Nullable`1[[System.Int32, System.Private.CoreLib, Version=10.0.0.0, Culture=neutral, PublicKeyToken=7cec85d7bea7798e]], System.Private.CoreLib, Version=10.0.0.0, Culture=neutral, PublicKeyToken=7cec85d7bea7798e],[System.String, System.Private.CoreLib, Version=10.0.0.0, Culture=neutral, PublicKeyToken=7cec85d7bea7798e]], backend, Version=1.0.0.0, Culture=neutral, PublicKeyToken=null]]'.
2026-03-15 21:25:16.092 [INF] Microsoft.AspNetCore.Mvc.Infrastructure.ControllerActionInvoker | Executed action backend.Controllers.AuthController.Login (backend) in 1652.0321ms
2026-03-15 21:25:16.092 [INF] Microsoft.AspNetCore.Routing.EndpointMiddleware | Executed endpoint 'backend.Controllers.AuthController.Login (backend)'
2026-03-15 21:25:16.092 [INF] Serilog.AspNetCore.RequestLoggingMiddleware | HTTP POST /api/auth/login → 200 (1652.2ms)
2026-03-15 21:25:16.092 [INF] Microsoft.AspNetCore.Hosting.Diagnostics | Request finished HTTP/1.1 POST http://localhost:5217/api/auth/login - 200 null application/json; charset=utf-8 1652.3887ms
2026-03-15 21:29:13.575 [INF] Microsoft.AspNetCore.Hosting.Diagnostics | Request starting HTTP/1.1 OPTIONS http://localhost:5217/api/auth/login - null null
2026-03-15 21:29:13.575 [INF] Microsoft.AspNetCore.Cors.Infrastructure.CorsService | CORS policy execution successful.
2026-03-15 21:29:13.576 [INF] Microsoft.AspNetCore.Hosting.Diagnostics | Request finished HTTP/1.1 OPTIONS http://localhost:5217/api/auth/login - 204 null null 0.9302ms
2026-03-15 21:29:13.577 [INF] Microsoft.AspNetCore.Hosting.Diagnostics | Request starting HTTP/1.1 POST http://localhost:5217/api/auth/login - application/json 62
2026-03-15 21:29:13.577 [INF] Microsoft.AspNetCore.Cors.Infrastructure.CorsService | CORS policy execution successful.
2026-03-15 21:29:13.577 [INF] Microsoft.AspNetCore.Routing.EndpointMiddleware | Executing endpoint 'backend.Controllers.AuthController.Login (backend)'
2026-03-15 21:29:13.577 [INF] Microsoft.AspNetCore.Mvc.Infrastructure.ControllerActionInvoker | Route matched with {action = "Login", controller = "Auth"}. Executing controller action with signature System.Threading.Tasks.Task`1[Microsoft.AspNetCore.Mvc.IActionResult] Login(backend.Models.LoginRequest) on controller backend.Controllers.AuthController (backend).
2026-03-15 21:29:13.578 [INF] backend.Controllers.AuthController | [Auth] Login attempt | Email=vasanth2004vk@gmail.com
2026-03-15 21:29:14.388 [INF] backend.Controllers.AuthController | [Auth] User login session recorded | UserId=18 | TokenExpiry="2026-03-16T15:59:14.0501165Z"
2026-03-15 21:29:14.388 [INF] backend.Controllers.AuthController | [Auth] Login SUCCESS | Email=vasanth2004vk@gmail.com | EffectiveRole=SuperAdmin | OrgId=2
2026-03-15 21:29:14.388 [INF] Microsoft.AspNetCore.Mvc.Infrastructure.ObjectResultExecutor | Executing OkObjectResult, writing value of type '<>f__AnonymousType4`2[[System.String, System.Private.CoreLib, Version=10.0.0.0, Culture=neutral, PublicKeyToken=7cec85d7bea7798e],[<>f__AnonymousType5`6[[System.Int32, System.Private.CoreLib, Version=10.0.0.0, Culture=neutral, PublicKeyToken=7cec85d7bea7798e],[System.String, System.Private.CoreLib, Version=10.0.0.0, Culture=neutral, PublicKeyToken=7cec85d7bea7798e],[System.String, System.Private.CoreLib, Version=10.0.0.0, Culture=neutral, PublicKeyToken=7cec85d7bea7798e],[System.String, System.Private.CoreLib, Version=10.0.0.0, Culture=neutral, PublicKeyToken=7cec85d7bea7798e],[System.Nullable`1[[System.Int32, System.Private.CoreLib, Version=10.0.0.0, Culture=neutral, PublicKeyToken=7cec85d7bea7798e]], System.Private.CoreLib, Version=10.0.0.0, Culture=neutral, PublicKeyToken=7cec85d7bea7798e],[System.String, System.Private.CoreLib, Version=10.0.0.0, Culture=neutral, PublicKeyToken=7cec85d7bea7798e]], backend, Version=1.0.0.0, Culture=neutral, PublicKeyToken=null]]'.
2026-03-15 21:29:14.388 [INF] Microsoft.AspNetCore.Mvc.Infrastructure.ControllerActionInvoker | Executed action backend.Controllers.AuthController.Login (backend) in 810.6573ms
2026-03-15 21:29:14.388 [INF] Microsoft.AspNetCore.Routing.EndpointMiddleware | Executed endpoint 'backend.Controllers.AuthController.Login (backend)'
2026-03-15 21:29:14.388 [INF] Serilog.AspNetCore.RequestLoggingMiddleware | HTTP POST /api/auth/login → 200 (810.9ms)
2026-03-15 21:29:14.388 [INF] Microsoft.AspNetCore.Hosting.Diagnostics | Request finished HTTP/1.1 POST http://localhost:5217/api/auth/login - 200 null application/json; charset=utf-8 811.1528ms
2026-03-15 21:29:58.499 [INF] Microsoft.AspNetCore.Hosting.Diagnostics | Request starting HTTP/1.1 OPTIONS http://localhost:5217/api/auth/login - null null
2026-03-15 21:29:58.499 [INF] Microsoft.AspNetCore.Cors.Infrastructure.CorsService | CORS policy execution successful.
2026-03-15 21:29:58.499 [INF] Microsoft.AspNetCore.Hosting.Diagnostics | Request finished HTTP/1.1 OPTIONS http://localhost:5217/api/auth/login - 204 null null 0.1754ms
2026-03-15 21:29:58.500 [INF] Microsoft.AspNetCore.Hosting.Diagnostics | Request starting HTTP/1.1 POST http://localhost:5217/api/auth/login - application/json 62
2026-03-15 21:29:58.500 [INF] Microsoft.AspNetCore.Cors.Infrastructure.CorsService | CORS policy execution successful.
2026-03-15 21:29:58.500 [INF] Microsoft.AspNetCore.Routing.EndpointMiddleware | Executing endpoint 'backend.Controllers.AuthController.Login (backend)'
2026-03-15 21:29:58.500 [INF] Microsoft.AspNetCore.Mvc.Infrastructure.ControllerActionInvoker | Route matched with {action = "Login", controller = "Auth"}. Executing controller action with signature System.Threading.Tasks.Task`1[Microsoft.AspNetCore.Mvc.IActionResult] Login(backend.Models.LoginRequest) on controller backend.Controllers.AuthController (backend).
2026-03-15 21:29:58.501 [INF] backend.Controllers.AuthController | [Auth] Login attempt | Email=vasanth2004vk@gmail.com
2026-03-15 21:29:59.137 [INF] backend.Controllers.AuthController | [Auth] User login session recorded | UserId=18 | TokenExpiry="2026-03-16T15:59:58.9282554Z"
2026-03-15 21:29:59.137 [INF] backend.Controllers.AuthController | [Auth] Login SUCCESS | Email=vasanth2004vk@gmail.com | EffectiveRole=SuperAdmin | OrgId=2
2026-03-15 21:29:59.138 [INF] Microsoft.AspNetCore.Mvc.Infrastructure.ObjectResultExecutor | Executing OkObjectResult, writing value of type '<>f__AnonymousType4`2[[System.String, System.Private.CoreLib, Version=10.0.0.0, Culture=neutral, PublicKeyToken=7cec85d7bea7798e],[<>f__AnonymousType5`6[[System.Int32, System.Private.CoreLib, Version=10.0.0.0, Culture=neutral, PublicKeyToken=7cec85d7bea7798e],[System.String, System.Private.CoreLib, Version=10.0.0.0, Culture=neutral, PublicKeyToken=7cec85d7bea7798e],[System.String, System.Private.CoreLib, Version=10.0.0.0, Culture=neutral, PublicKeyToken=7cec85d7bea7798e],[System.String, System.Private.CoreLib, Version=10.0.0.0, Culture=neutral, PublicKeyToken=7cec85d7bea7798e],[System.Nullable`1[[System.Int32, System.Private.CoreLib, Version=10.0.0.0, Culture=neutral, PublicKeyToken=7cec85d7bea7798e]], System.Private.CoreLib, Version=10.0.0.0, Culture=neutral, PublicKeyToken=7cec85d7bea7798e],[System.String, System.Private.CoreLib, Version=10.0.0.0, Culture=neutral, PublicKeyToken=7cec85d7bea7798e]], backend, Version=1.0.0.0, Culture=neutral, PublicKeyToken=null]]'.
2026-03-15 21:29:59.138 [INF] Microsoft.AspNetCore.Mvc.Infrastructure.ControllerActionInvoker | Executed action backend.Controllers.AuthController.Login (backend) in 637.3145ms
2026-03-15 21:29:59.138 [INF] Microsoft.AspNetCore.Routing.EndpointMiddleware | Executed endpoint 'backend.Controllers.AuthController.Login (backend)'
2026-03-15 21:29:59.138 [INF] Serilog.AspNetCore.RequestLoggingMiddleware | HTTP POST /api/auth/login → 200 (637.5ms)
2026-03-15 21:29:59.138 [INF] Microsoft.AspNetCore.Hosting.Diagnostics | Request finished HTTP/1.1 POST http://localhost:5217/api/auth/login - 200 null application/json; charset=utf-8 637.8245ms
2026-03-15 21:31:06.779 [INF] Microsoft.Hosting.Lifetime | Application is shutting down...
2026-03-15 21:31:20.775 [INF]  | === ProDesX-HRM Backend Starting (Migrations Rev 5: Explicit Columns) ===
2026-03-15 21:31:21.058 [INF]  | === ProDesX-HRM Backend Starting (Migrations Rev 4: Clean GOs) ===
2026-03-15 21:31:22.326 [INF]  | [DB] Connected to: 103.235.104.197 | proxPayroll
2026-03-15 21:31:22.672 [INF]  | [DB] Database exists. Running migrations.sql...
2026-03-15 21:31:32.707 [WRN]  | [DB] Batch skipped in migrations.sql: Invalid column name 'EmployeeId'.
2026-03-15 21:31:32.935 [WRN]  | [DB] Batch skipped in migrations.sql: Invalid column name 'EmployeeId'.
2026-03-15 21:31:48.901 [INF]  | [DB] Finished running migrations.sql. 116 batches applied, 2 skipped.
2026-03-15 21:31:54.175 [WRN]  | [DB] Procedure apply skipped: Invalid column name 'EmployeeId'.
2026-03-15 21:31:54.385 [WRN]  | [DB] Procedure apply skipped: Invalid column name 'EmployeeId'.
2026-03-15 21:32:12.914 [INF]  | [DB] Procedures refreshed (CREATE OR ALTER). 96 applied, 2 skipped.
2026-03-15 21:32:12.914 [INF]  | [DB] Migrations complete.
2026-03-15 21:32:13.123 [INF]  | === Backend running at http://localhost:5217 ===
2026-03-15 21:32:13.137 [INF] Microsoft.AspNetCore.DataProtection.KeyManagement.XmlKeyManager | User profile is available. Using 'C:\Users\vasanth\AppData\Local\ASP.NET\DataProtection-Keys' as key repository and Windows DPAPI to encrypt keys at rest.
2026-03-15 21:32:13.146 [INF] backend.Services.ShiftScheduleBackgroundService | Shift Schedule Background Service is starting.
2026-03-15 21:32:13.219 [INF] Microsoft.Hosting.Lifetime | Now listening on: http://localhost:5217
2026-03-15 21:32:13.219 [INF] Microsoft.Hosting.Lifetime | Application started. Press Ctrl+C to shut down.
2026-03-15 21:32:13.219 [INF] Microsoft.Hosting.Lifetime | Hosting environment: Development
2026-03-15 21:32:13.219 [INF] Microsoft.Hosting.Lifetime | Content root path: C:\Repos_Work\Prodesx_HRM_Mobile_Application\backend
2026-03-15 21:32:23.160 [INF] backend.Services.ShiftScheduleBackgroundService | Shift Schedule Background Service is running...
2026-03-15 21:32:45.522 [INF] backend.Services.ShiftScheduleBackgroundService | Shift Schedule Background Service completed. Inserted 0 new schedules for the rolling 30-day window.
2026-03-15 21:36:05.107 [INF] Microsoft.AspNetCore.Hosting.Diagnostics | Request starting HTTP/1.1 OPTIONS http://localhost:5217/api/auth/login - null null
2026-03-15 21:36:05.172 [INF] Microsoft.AspNetCore.Cors.Infrastructure.CorsService | CORS policy execution successful.
2026-03-15 21:36:05.183 [INF] Microsoft.AspNetCore.Hosting.Diagnostics | Request finished HTTP/1.1 OPTIONS http://localhost:5217/api/auth/login - 204 null null 80.6204ms
2026-03-15 21:36:05.188 [INF] Microsoft.AspNetCore.Hosting.Diagnostics | Request starting HTTP/1.1 POST http://localhost:5217/api/auth/login - application/json 62
2026-03-15 21:36:05.196 [INF] Microsoft.AspNetCore.Cors.Infrastructure.CorsService | CORS policy execution successful.
2026-03-15 21:36:05.266 [INF] Microsoft.AspNetCore.Routing.EndpointMiddleware | Executing endpoint 'backend.Controllers.AuthController.Login (backend)'
2026-03-15 21:36:05.296 [INF] Microsoft.AspNetCore.Mvc.Infrastructure.ControllerActionInvoker | Route matched with {action = "Login", controller = "Auth"}. Executing controller action with signature System.Threading.Tasks.Task`1[Microsoft.AspNetCore.Mvc.IActionResult] Login(backend.Models.LoginRequest) on controller backend.Controllers.AuthController (backend).
2026-03-15 21:36:05.372 [INF] backend.Controllers.AuthController | [Auth] Login attempt | Email=vasanth2004vk@gmail.com
2026-03-15 21:36:06.604 [INF] backend.Controllers.AuthController | [Auth] User login session recorded | UserId=18 | TokenExpiry="2026-03-16T16:06:06.3354512Z"
2026-03-15 21:36:06.606 [INF] backend.Controllers.AuthController | [Auth] Login SUCCESS | Email=vasanth2004vk@gmail.com | EffectiveRole=SuperAdmin | OrgId=2
2026-03-15 21:36:06.618 [INF] Microsoft.AspNetCore.Mvc.Infrastructure.ObjectResultExecutor | Executing OkObjectResult, writing value of type '<>f__AnonymousType4`2[[System.String, System.Private.CoreLib, Version=10.0.0.0, Culture=neutral, PublicKeyToken=7cec85d7bea7798e],[<>f__AnonymousType5`6[[System.Int32, System.Private.CoreLib, Version=10.0.0.0, Culture=neutral, PublicKeyToken=7cec85d7bea7798e],[System.String, System.Private.CoreLib, Version=10.0.0.0, Culture=neutral, PublicKeyToken=7cec85d7bea7798e],[System.String, System.Private.CoreLib, Version=10.0.0.0, Culture=neutral, PublicKeyToken=7cec85d7bea7798e],[System.String, System.Private.CoreLib, Version=10.0.0.0, Culture=neutral, PublicKeyToken=7cec85d7bea7798e],[System.Nullable`1[[System.Int32, System.Private.CoreLib, Version=10.0.0.0, Culture=neutral, PublicKeyToken=7cec85d7bea7798e]], System.Private.CoreLib, Version=10.0.0.0, Culture=neutral, PublicKeyToken=7cec85d7bea7798e],[System.String, System.Private.CoreLib, Version=10.0.0.0, Culture=neutral, PublicKeyToken=7cec85d7bea7798e]], backend, Version=1.0.0.0, Culture=neutral, PublicKeyToken=null]]'.
2026-03-15 21:36:06.669 [INF] Microsoft.AspNetCore.Mvc.Infrastructure.ControllerActionInvoker | Executed action backend.Controllers.AuthController.Login (backend) in 1367.3069ms
2026-03-15 21:36:06.671 [INF] Microsoft.AspNetCore.Routing.EndpointMiddleware | Executed endpoint 'backend.Controllers.AuthController.Login (backend)'
2026-03-15 21:36:06.675 [INF] Serilog.AspNetCore.RequestLoggingMiddleware | HTTP POST /api/auth/login → 200 (1409.1ms)
2026-03-15 21:36:06.681 [INF] Microsoft.AspNetCore.Hosting.Diagnostics | Request finished HTTP/1.1 POST http://localhost:5217/api/auth/login - 200 null application/json; charset=utf-8 1494.367ms
2026-03-15 21:36:28.356 [INF] Microsoft.AspNetCore.Hosting.Diagnostics | Request starting HTTP/1.1 OPTIONS http://localhost:5217/api/auth/login - null null
2026-03-15 21:36:28.356 [INF] Microsoft.AspNetCore.Cors.Infrastructure.CorsService | CORS policy execution successful.
2026-03-15 21:36:28.356 [INF] Microsoft.AspNetCore.Hosting.Diagnostics | Request finished HTTP/1.1 OPTIONS http://localhost:5217/api/auth/login - 204 null null 0.8073ms
2026-03-15 21:36:28.358 [INF] Microsoft.AspNetCore.Hosting.Diagnostics | Request starting HTTP/1.1 POST http://localhost:5217/api/auth/login - application/json 62
2026-03-15 21:36:28.358 [INF] Microsoft.AspNetCore.Cors.Infrastructure.CorsService | CORS policy execution successful.
2026-03-15 21:36:28.360 [INF] Microsoft.AspNetCore.Routing.EndpointMiddleware | Executing endpoint 'backend.Controllers.AuthController.Login (backend)'
2026-03-15 21:36:28.361 [INF] Microsoft.AspNetCore.Mvc.Infrastructure.ControllerActionInvoker | Route matched with {action = "Login", controller = "Auth"}. Executing controller action with signature System.Threading.Tasks.Task`1[Microsoft.AspNetCore.Mvc.IActionResult] Login(backend.Models.LoginRequest) on controller backend.Controllers.AuthController (backend).
2026-03-15 21:36:28.362 [INF] backend.Controllers.AuthController | [Auth] Login attempt | Email=vasanth2004vk@gmail.com
2026-03-15 21:36:29.063 [INF] backend.Controllers.AuthController | [Auth] User login session recorded | UserId=18 | TokenExpiry="2026-03-16T16:06:28.8607064Z"
2026-03-15 21:36:29.063 [INF] backend.Controllers.AuthController | [Auth] Login SUCCESS | Email=vasanth2004vk@gmail.com | EffectiveRole=SuperAdmin | OrgId=2
2026-03-15 21:36:29.064 [INF] Microsoft.AspNetCore.Mvc.Infrastructure.ObjectResultExecutor | Executing OkObjectResult, writing value of type '<>f__AnonymousType4`2[[System.String, System.Private.CoreLib, Version=10.0.0.0, Culture=neutral, PublicKeyToken=7cec85d7bea7798e],[<>f__AnonymousType5`6[[System.Int32, System.Private.CoreLib, Version=10.0.0.0, Culture=neutral, PublicKeyToken=7cec85d7bea7798e],[System.String, System.Private.CoreLib, Version=10.0.0.0, Culture=neutral, PublicKeyToken=7cec85d7bea7798e],[System.String, System.Private.CoreLib, Version=10.0.0.0, Culture=neutral, PublicKeyToken=7cec85d7bea7798e],[System.String, System.Private.CoreLib, Version=10.0.0.0, Culture=neutral, PublicKeyToken=7cec85d7bea7798e],[System.Nullable`1[[System.Int32, System.Private.CoreLib, Version=10.0.0.0, Culture=neutral, PublicKeyToken=7cec85d7bea7798e]], System.Private.CoreLib, Version=10.0.0.0, Culture=neutral, PublicKeyToken=7cec85d7bea7798e],[System.String, System.Private.CoreLib, Version=10.0.0.0, Culture=neutral, PublicKeyToken=7cec85d7bea7798e]], backend, Version=1.0.0.0, Culture=neutral, PublicKeyToken=null]]'.
2026-03-15 21:36:29.065 [INF] Microsoft.AspNetCore.Mvc.Infrastructure.ControllerActionInvoker | Executed action backend.Controllers.AuthController.Login (backend) in 703.6935ms
2026-03-15 21:36:29.065 [INF] Microsoft.AspNetCore.Routing.EndpointMiddleware | Executed endpoint 'backend.Controllers.AuthController.Login (backend)'
2026-03-15 21:36:29.065 [INF] Serilog.AspNetCore.RequestLoggingMiddleware | HTTP POST /api/auth/login → 200 (704.3ms)
2026-03-15 21:36:29.065 [INF] Microsoft.AspNetCore.Hosting.Diagnostics | Request finished HTTP/1.1 POST http://localhost:5217/api/auth/login - 200 null application/json; charset=utf-8 706.9329ms
2026-03-15 21:42:17.275 [INF] Microsoft.AspNetCore.Hosting.Diagnostics | Request starting HTTP/1.1 OPTIONS http://localhost:5217/api/auth/login - null null
2026-03-15 21:42:17.276 [INF] Microsoft.AspNetCore.Cors.Infrastructure.CorsService | CORS policy execution successful.
2026-03-15 21:42:17.276 [INF] Microsoft.AspNetCore.Hosting.Diagnostics | Request finished HTTP/1.1 OPTIONS http://localhost:5217/api/auth/login - 204 null null 0.679ms
2026-03-15 21:42:17.278 [INF] Microsoft.AspNetCore.Hosting.Diagnostics | Request starting HTTP/1.1 POST http://localhost:5217/api/auth/login - application/json 62
2026-03-15 21:42:17.278 [INF] Microsoft.AspNetCore.Cors.Infrastructure.CorsService | CORS policy execution successful.
2026-03-15 21:42:17.287 [INF] Microsoft.AspNetCore.Routing.EndpointMiddleware | Executing endpoint 'backend.Controllers.AuthController.Login (backend)'
2026-03-15 21:42:17.287 [INF] Microsoft.AspNetCore.Mvc.Infrastructure.ControllerActionInvoker | Route matched with {action = "Login", controller = "Auth"}. Executing controller action with signature System.Threading.Tasks.Task`1[Microsoft.AspNetCore.Mvc.IActionResult] Login(backend.Models.LoginRequest) on controller backend.Controllers.AuthController (backend).
2026-03-15 21:42:17.288 [INF] backend.Controllers.AuthController | [Auth] Login attempt | Email=vasanth2004vk@gmail.com
2026-03-15 21:42:18.861 [INF] backend.Controllers.AuthController | [Auth] User login session recorded | UserId=18 | TokenExpiry="2026-03-16T16:12:18.6620137Z"
2026-03-15 21:42:18.861 [INF] backend.Controllers.AuthController | [Auth] Login SUCCESS | Email=vasanth2004vk@gmail.com | EffectiveRole=SuperAdmin | OrgId=2
2026-03-15 21:42:18.861 [INF] Microsoft.AspNetCore.Mvc.Infrastructure.ObjectResultExecutor | Executing OkObjectResult, writing value of type '<>f__AnonymousType4`2[[System.String, System.Private.CoreLib, Version=10.0.0.0, Culture=neutral, PublicKeyToken=7cec85d7bea7798e],[<>f__AnonymousType5`6[[System.Int32, System.Private.CoreLib, Version=10.0.0.0, Culture=neutral, PublicKeyToken=7cec85d7bea7798e],[System.String, System.Private.CoreLib, Version=10.0.0.0, Culture=neutral, PublicKeyToken=7cec85d7bea7798e],[System.String, System.Private.CoreLib, Version=10.0.0.0, Culture=neutral, PublicKeyToken=7cec85d7bea7798e],[System.String, System.Private.CoreLib, Version=10.0.0.0, Culture=neutral, PublicKeyToken=7cec85d7bea7798e],[System.Nullable`1[[System.Int32, System.Private.CoreLib, Version=10.0.0.0, Culture=neutral, PublicKeyToken=7cec85d7bea7798e]], System.Private.CoreLib, Version=10.0.0.0, Culture=neutral, PublicKeyToken=7cec85d7bea7798e],[System.String, System.Private.CoreLib, Version=10.0.0.0, Culture=neutral, PublicKeyToken=7cec85d7bea7798e]], backend, Version=1.0.0.0, Culture=neutral, PublicKeyToken=null]]'.
2026-03-15 21:42:18.861 [INF] Microsoft.AspNetCore.Mvc.Infrastructure.ControllerActionInvoker | Executed action backend.Controllers.AuthController.Login (backend) in 1574.0365ms
2026-03-15 21:42:18.861 [INF] Microsoft.AspNetCore.Routing.EndpointMiddleware | Executed endpoint 'backend.Controllers.AuthController.Login (backend)'
2026-03-15 21:42:18.861 [INF] Serilog.AspNetCore.RequestLoggingMiddleware | HTTP POST /api/auth/login → 200 (1574.5ms)
2026-03-15 21:42:18.862 [INF] Microsoft.AspNetCore.Hosting.Diagnostics | Request finished HTTP/1.1 POST http://localhost:5217/api/auth/login - 200 null application/json; charset=utf-8 1583.8468ms
2026-03-15 21:44:02.462 [INF] Microsoft.AspNetCore.Hosting.Diagnostics | Request starting HTTP/1.1 OPTIONS http://localhost:5217/api/auth/login - null null
2026-03-15 21:44:02.462 [INF] Microsoft.AspNetCore.Cors.Infrastructure.CorsService | CORS policy execution successful.
2026-03-15 21:44:02.462 [INF] Microsoft.AspNetCore.Hosting.Diagnostics | Request finished HTTP/1.1 OPTIONS http://localhost:5217/api/auth/login - 204 null null 0.3393ms
2026-03-15 21:44:02.463 [INF] Microsoft.AspNetCore.Hosting.Diagnostics | Request starting HTTP/1.1 POST http://localhost:5217/api/auth/login - application/json 62
2026-03-15 21:44:02.463 [INF] Microsoft.AspNetCore.Cors.Infrastructure.CorsService | CORS policy execution successful.
2026-03-15 21:44:02.464 [INF] Microsoft.AspNetCore.Routing.EndpointMiddleware | Executing endpoint 'backend.Controllers.AuthController.Login (backend)'
2026-03-15 21:44:02.464 [INF] Microsoft.AspNetCore.Mvc.Infrastructure.ControllerActionInvoker | Route matched with {action = "Login", controller = "Auth"}. Executing controller action with signature System.Threading.Tasks.Task`1[Microsoft.AspNetCore.Mvc.IActionResult] Login(backend.Models.LoginRequest) on controller backend.Controllers.AuthController (backend).
2026-03-15 21:44:02.464 [INF] backend.Controllers.AuthController | [Auth] Login attempt | Email=vasanth2004vk@gmail.com
2026-03-15 21:44:02.994 [INF] backend.Controllers.AuthController | [Auth] User login session recorded | UserId=18 | TokenExpiry="2026-03-16T16:14:02.8013388Z"
2026-03-15 21:44:02.994 [INF] backend.Controllers.AuthController | [Auth] Login SUCCESS | Email=vasanth2004vk@gmail.com | EffectiveRole=SuperAdmin | OrgId=2
2026-03-15 21:44:02.994 [INF] Microsoft.AspNetCore.Mvc.Infrastructure.ObjectResultExecutor | Executing OkObjectResult, writing value of type '<>f__AnonymousType4`2[[System.String, System.Private.CoreLib, Version=10.0.0.0, Culture=neutral, PublicKeyToken=7cec85d7bea7798e],[<>f__AnonymousType5`6[[System.Int32, System.Private.CoreLib, Version=10.0.0.0, Culture=neutral, PublicKeyToken=7cec85d7bea7798e],[System.String, System.Private.CoreLib, Version=10.0.0.0, Culture=neutral, PublicKeyToken=7cec85d7bea7798e],[System.String, System.Private.CoreLib, Version=10.0.0.0, Culture=neutral, PublicKeyToken=7cec85d7bea7798e],[System.String, System.Private.CoreLib, Version=10.0.0.0, Culture=neutral, PublicKeyToken=7cec85d7bea7798e],[System.Nullable`1[[System.Int32, System.Private.CoreLib, Version=10.0.0.0, Culture=neutral, PublicKeyToken=7cec85d7bea7798e]], System.Private.CoreLib, Version=10.0.0.0, Culture=neutral, PublicKeyToken=7cec85d7bea7798e],[System.String, System.Private.CoreLib, Version=10.0.0.0, Culture=neutral, PublicKeyToken=7cec85d7bea7798e]], backend, Version=1.0.0.0, Culture=neutral, PublicKeyToken=null]]'.
2026-03-15 21:44:02.994 [INF] Microsoft.AspNetCore.Mvc.Infrastructure.ControllerActionInvoker | Executed action backend.Controllers.AuthController.Login (backend) in 530.5584ms
2026-03-15 21:44:02.995 [INF] Microsoft.AspNetCore.Routing.EndpointMiddleware | Executed endpoint 'backend.Controllers.AuthController.Login (backend)'
2026-03-15 21:44:02.995 [INF] Serilog.AspNetCore.RequestLoggingMiddleware | HTTP POST /api/auth/login → 200 (530.9ms)
2026-03-15 21:44:02.995 [INF] Microsoft.AspNetCore.Hosting.Diagnostics | Request finished HTTP/1.1 POST http://localhost:5217/api/auth/login - 200 null application/json; charset=utf-8 531.2445ms
2026-03-15 21:44:32.754 [INF] Microsoft.AspNetCore.Hosting.Diagnostics | Request starting HTTP/1.1 OPTIONS http://localhost:5217/api/auth/login - null null
2026-03-15 21:44:32.754 [INF] Microsoft.AspNetCore.Cors.Infrastructure.CorsService | CORS policy execution successful.
2026-03-15 21:44:32.754 [INF] Microsoft.AspNetCore.Hosting.Diagnostics | Request finished HTTP/1.1 OPTIONS http://localhost:5217/api/auth/login - 204 null null 0.6163ms
2026-03-15 21:44:32.756 [INF] Microsoft.AspNetCore.Hosting.Diagnostics | Request starting HTTP/1.1 POST http://localhost:5217/api/auth/login - application/json 62
2026-03-15 21:44:32.756 [INF] Microsoft.AspNetCore.Cors.Infrastructure.CorsService | CORS policy execution successful.
2026-03-15 21:44:32.756 [INF] Microsoft.AspNetCore.Routing.EndpointMiddleware | Executing endpoint 'backend.Controllers.AuthController.Login (backend)'
2026-03-15 21:44:32.757 [INF] Microsoft.AspNetCore.Mvc.Infrastructure.ControllerActionInvoker | Route matched with {action = "Login", controller = "Auth"}. Executing controller action with signature System.Threading.Tasks.Task`1[Microsoft.AspNetCore.Mvc.IActionResult] Login(backend.Models.LoginRequest) on controller backend.Controllers.AuthController (backend).
2026-03-15 21:44:32.757 [INF] backend.Controllers.AuthController | [Auth] Login attempt | Email=vasanth2004vk@gmail.com
2026-03-15 21:44:33.384 [INF] backend.Controllers.AuthController | [Auth] User login session recorded | UserId=18 | TokenExpiry="2026-03-16T16:14:33.1779651Z"
2026-03-15 21:44:33.384 [INF] backend.Controllers.AuthController | [Auth] Login SUCCESS | Email=vasanth2004vk@gmail.com | EffectiveRole=SuperAdmin | OrgId=2
2026-03-15 21:44:33.384 [INF] Microsoft.AspNetCore.Mvc.Infrastructure.ObjectResultExecutor | Executing OkObjectResult, writing value of type '<>f__AnonymousType4`2[[System.String, System.Private.CoreLib, Version=10.0.0.0, Culture=neutral, PublicKeyToken=7cec85d7bea7798e],[<>f__AnonymousType5`6[[System.Int32, System.Private.CoreLib, Version=10.0.0.0, Culture=neutral, PublicKeyToken=7cec85d7bea7798e],[System.String, System.Private.CoreLib, Version=10.0.0.0, Culture=neutral, PublicKeyToken=7cec85d7bea7798e],[System.String, System.Private.CoreLib, Version=10.0.0.0, Culture=neutral, PublicKeyToken=7cec85d7bea7798e],[System.String, System.Private.CoreLib, Version=10.0.0.0, Culture=neutral, PublicKeyToken=7cec85d7bea7798e],[System.Nullable`1[[System.Int32, System.Private.CoreLib, Version=10.0.0.0, Culture=neutral, PublicKeyToken=7cec85d7bea7798e]], System.Private.CoreLib, Version=10.0.0.0, Culture=neutral, PublicKeyToken=7cec85d7bea7798e],[System.String, System.Private.CoreLib, Version=10.0.0.0, Culture=neutral, PublicKeyToken=7cec85d7bea7798e]], backend, Version=1.0.0.0, Culture=neutral, PublicKeyToken=null]]'.
2026-03-15 21:44:33.384 [INF] Microsoft.AspNetCore.Mvc.Infrastructure.ControllerActionInvoker | Executed action backend.Controllers.AuthController.Login (backend) in 627.8457ms
2026-03-15 21:44:33.384 [INF] Microsoft.AspNetCore.Routing.EndpointMiddleware | Executed endpoint 'backend.Controllers.AuthController.Login (backend)'
2026-03-15 21:44:33.385 [INF] Serilog.AspNetCore.RequestLoggingMiddleware | HTTP POST /api/auth/login → 200 (628.1ms)
2026-03-15 21:44:33.385 [INF] Microsoft.AspNetCore.Hosting.Diagnostics | Request finished HTTP/1.1 POST http://localhost:5217/api/auth/login - 200 null application/json; charset=utf-8 628.7132ms
2026-03-15 21:54:55.042 [INF] Microsoft.Hosting.Lifetime | Application is shutting down...
